TimeQuest Timing Analyzer report for MIPS
Sun Jan 04 19:46:36 2026
Quartus II 64-Bit Version 13.0.1 Build 232 06/12/2013 Service Pack 1 SJ Web Edition


---------------------
; Table of Contents ;
---------------------
  1. Legal Notice
  2. TimeQuest Timing Analyzer Summary
  3. Parallel Compilation
  4. Clocks
  5. Slow Model Fmax Summary
  6. Slow Model Setup Summary
  7. Slow Model Hold Summary
  8. Slow Model Recovery Summary
  9. Slow Model Removal Summary
 10. Slow Model Minimum Pulse Width Summary
 11. Slow Model Setup: 'CLK'
 12. Slow Model Setup: 'Instr[0]'
 13. Slow Model Hold: 'Instr[0]'
 14. Slow Model Hold: 'CLK'
 15. Slow Model Minimum Pulse Width: 'Instr[0]'
 16. Slow Model Minimum Pulse Width: 'CLK'
 17. Setup Times
 18. Hold Times
 19. Clock to Output Times
 20. Minimum Clock to Output Times
 21. Propagation Delay
 22. Minimum Propagation Delay
 23. Fast Model Setup Summary
 24. Fast Model Hold Summary
 25. Fast Model Recovery Summary
 26. Fast Model Removal Summary
 27. Fast Model Minimum Pulse Width Summary
 28. Fast Model Setup: 'CLK'
 29. Fast Model Setup: 'Instr[0]'
 30. Fast Model Hold: 'Instr[0]'
 31. Fast Model Hold: 'CLK'
 32. Fast Model Minimum Pulse Width: 'Instr[0]'
 33. Fast Model Minimum Pulse Width: 'CLK'
 34. Setup Times
 35. Hold Times
 36. Clock to Output Times
 37. Minimum Clock to Output Times
 38. Propagation Delay
 39. Minimum Propagation Delay
 40. Multicorner Timing Analysis Summary
 41. Setup Times
 42. Hold Times
 43. Clock to Output Times
 44. Minimum Clock to Output Times
 45. Progagation Delay
 46. Minimum Progagation Delay
 47. Setup Transfers
 48. Hold Transfers
 49. Report TCCS
 50. Report RSKM
 51. Unconstrained Paths
 52. TimeQuest Timing Analyzer Messages



----------------
; Legal Notice ;
----------------
Copyright (C) 1991-2013 Altera Corporation
Your use of Altera Corporation's design tools, logic functions 
and other software and tools, and its AMPP partner logic 
functions, and any output files from any of the foregoing 
(including device programming or simulation files), and any 
associated documentation or information are expressly subject 
to the terms and conditions of the Altera Program License 
Subscription Agreement, Altera MegaCore Function License 
Agreement, or other applicable license agreement, including, 
without limitation, that your use is for the sole purpose of 
programming logic devices manufactured by Altera and sold by 
Altera or its authorized distributors.  Please refer to the 
applicable agreement for further details.



+----------------------------------------------------------------------------------------+
; TimeQuest Timing Analyzer Summary                                                      ;
+--------------------+-------------------------------------------------------------------+
; Quartus II Version ; Version 13.0.1 Build 232 06/12/2013 Service Pack 1 SJ Web Edition ;
; Revision Name      ; MIPS                                                              ;
; Device Family      ; Cyclone II                                                        ;
; Device Name        ; EP2C35F672C6                                                      ;
; Timing Models      ; Final                                                             ;
; Delay Model        ; Combined                                                          ;
; Rise/Fall Delays   ; Unavailable                                                       ;
+--------------------+-------------------------------------------------------------------+


Parallel compilation was disabled, but you have multiple processors available. Enable parallel compilation to reduce compilation time.
+-------------------------------------+
; Parallel Compilation                ;
+----------------------------+--------+
; Processors                 ; Number ;
+----------------------------+--------+
; Number detected on machine ; 8      ;
; Maximum allowed            ; 1      ;
+----------------------------+--------+


+--------------------------------------------------------------------------------------------------------------------------------------------------------------------------------------+
; Clocks                                                                                                                                                                               ;
+------------+------+--------+------------+-------+-------+------------+-----------+-------------+-------+--------+-----------+------------+----------+--------+--------+--------------+
; Clock Name ; Type ; Period ; Frequency  ; Rise  ; Fall  ; Duty Cycle ; Divide by ; Multiply by ; Phase ; Offset ; Edge List ; Edge Shift ; Inverted ; Master ; Source ; Targets      ;
+------------+------+--------+------------+-------+-------+------------+-----------+-------------+-------+--------+-----------+------------+----------+--------+--------+--------------+
; CLK        ; Base ; 1.000  ; 1000.0 MHz ; 0.000 ; 0.500 ;            ;           ;             ;       ;        ;           ;            ;          ;        ;        ; { CLK }      ;
; Instr[0]   ; Base ; 1.000  ; 1000.0 MHz ; 0.000 ; 0.500 ;            ;           ;             ;       ;        ;           ;            ;          ;        ;        ; { Instr[0] } ;
+------------+------+--------+------------+-------+-------+------------+-----------+-------------+-------+--------+-----------+------------+----------+--------+--------+--------------+


+------------------------------------------------+
; Slow Model Fmax Summary                        ;
+----------+-----------------+------------+------+
; Fmax     ; Restricted Fmax ; Clock Name ; Note ;
+----------+-----------------+------------+------+
; 43.5 MHz ; 43.5 MHz        ; CLK        ;      ;
+----------+-----------------+------------+------+
This panel reports FMAX for every clock in the design, regardless of the user-specified clock periods.  FMAX is only computed for paths where the source and destination registers or ports are driven by the same clock.  Paths of different clocks, including generated clocks, are ignored.  For paths between a clock and its inversion, FMAX is computed as if the rising and falling edges are scaled along with FMAX, such that the duty cycle (in terms of a percentage) is maintained. Altera recommends that you always use clock constraints and other slack reports for sign-off analysis.


+------------------------------------+
; Slow Model Setup Summary           ;
+----------+---------+---------------+
; Clock    ; Slack   ; End Point TNS ;
+----------+---------+---------------+
; CLK      ; -21.988 ; -19652.120    ;
; Instr[0] ; -4.413  ; -519.323      ;
+----------+---------+---------------+


+-----------------------------------+
; Slow Model Hold Summary           ;
+----------+--------+---------------+
; Clock    ; Slack  ; End Point TNS ;
+----------+--------+---------------+
; Instr[0] ; -7.695 ; -5739.441     ;
; CLK      ; 1.990  ; 0.000         ;
+----------+--------+---------------+


-------------------------------
; Slow Model Recovery Summary ;
-------------------------------
No paths to report.


------------------------------
; Slow Model Removal Summary ;
------------------------------
No paths to report.


+----------------------------------------+
; Slow Model Minimum Pulse Width Summary ;
+----------+--------+--------------------+
; Clock    ; Slack  ; End Point TNS      ;
+----------+--------+--------------------+
; Instr[0] ; -6.839 ; -20711.936         ;
; CLK      ; -1.222 ; -1025.222          ;
+----------+--------+--------------------+


+---------------------------------------------------------------------------------------------------------------------------------------------------------------------------------------------------------------------------+
; Slow Model Setup: 'CLK'                                                                                                                                                                                                   ;
+---------+---------------------------------------------------------------------+---------------------------------------------------------------------+--------------+-------------+--------------+------------+------------+
; Slack   ; From Node                                                           ; To Node                                                             ; Launch Clock ; Latch Clock ; Relationship ; Clock Skew ; Data Delay ;
+---------+---------------------------------------------------------------------+---------------------------------------------------------------------+--------------+-------------+--------------+------------+------------+
; -21.988 ; RF32x32:inst|RFC32x32:inst1|RFC32:inst5|RFC8:inst1|RFC:inst12|inst  ; RF32x32:inst|RFC32x32:inst1|RFC32:inst|RFC8:inst3|RFC:inst8|inst    ; CLK          ; CLK         ; 1.000        ; -0.262     ; 22.762     ;
; -21.984 ; RF32x32:inst|RFC32x32:inst1|RFC32:inst5|RFC8:inst1|RFC:inst12|inst  ; RF32x32:inst|RFC32x32:inst1|RFC32:inst5|RFC8:inst3|RFC:inst8|inst   ; CLK          ; CLK         ; 1.000        ; -0.261     ; 22.759     ;
; -21.865 ; RF32x32:inst|RFC32x32:inst1|RFC32:inst5|RFC8:inst1|RFC:inst12|inst  ; RF32x32:inst|RFC32x32:inst1|RFC32:inst12|RFC8:inst3|RFC:inst18|inst ; CLK          ; CLK         ; 1.000        ; 0.017      ; 22.918     ;
; -21.863 ; RF32x32:inst|RFC32x32:inst1|RFC32:inst5|RFC8:inst1|RFC:inst12|inst  ; RF32x32:inst|RFC32x32:inst1|RFC32:inst38|RFC8:inst3|RFC:inst18|inst ; CLK          ; CLK         ; 1.000        ; 0.018      ; 22.917     ;
; -21.859 ; RF32x32:inst|RFC32x32:inst1|RFC32:inst|RFC8:inst1|RFC:inst12|inst   ; RF32x32:inst|RFC32x32:inst1|RFC32:inst|RFC8:inst3|RFC:inst8|inst    ; CLK          ; CLK         ; 1.000        ; -0.261     ; 22.634     ;
; -21.855 ; RF32x32:inst|RFC32x32:inst1|RFC32:inst|RFC8:inst1|RFC:inst12|inst   ; RF32x32:inst|RFC32x32:inst1|RFC32:inst5|RFC8:inst3|RFC:inst8|inst   ; CLK          ; CLK         ; 1.000        ; -0.260     ; 22.631     ;
; -21.840 ; RF32x32:inst|RFC32x32:inst1|RFC32:inst5|RFC8:inst1|RFC:inst12|inst  ; RF32x32:inst|RFC32x32:inst1|RFC32:inst17|RFC8:inst3|RFC:inst18|inst ; CLK          ; CLK         ; 1.000        ; 0.035      ; 22.911     ;
; -21.807 ; RF32x32:inst|RFC32x32:inst1|RFC32:inst5|RFC8:inst1|RFC:inst12|inst  ; RF32x32:inst|RFC32x32:inst1|RFC32:inst39|RFC8:inst3|RFC:inst18|inst ; CLK          ; CLK         ; 1.000        ; 0.043      ; 22.886     ;
; -21.786 ; RF32x32:inst|RFC32x32:inst1|RFC32:inst5|RFC8:inst1|RFC:inst12|inst  ; RF32x32:inst|RFC32x32:inst1|RFC32:inst6|RFC8:inst3|RFC:inst8|inst   ; CLK          ; CLK         ; 1.000        ; -0.051     ; 22.771     ;
; -21.785 ; RF32x32:inst|RFC32x32:inst1|RFC32:inst5|RFC8:inst1|RFC:inst12|inst  ; RF32x32:inst|RFC32x32:inst1|RFC32:inst7|RFC8:inst3|RFC:inst8|inst   ; CLK          ; CLK         ; 1.000        ; -0.054     ; 22.767     ;
; -21.736 ; RF32x32:inst|RFC32x32:inst1|RFC32:inst|RFC8:inst1|RFC:inst12|inst   ; RF32x32:inst|RFC32x32:inst1|RFC32:inst12|RFC8:inst3|RFC:inst18|inst ; CLK          ; CLK         ; 1.000        ; 0.018      ; 22.790     ;
; -21.734 ; RF32x32:inst|RFC32x32:inst1|RFC32:inst|RFC8:inst1|RFC:inst12|inst   ; RF32x32:inst|RFC32x32:inst1|RFC32:inst38|RFC8:inst3|RFC:inst18|inst ; CLK          ; CLK         ; 1.000        ; 0.019      ; 22.789     ;
; -21.711 ; RF32x32:inst|RFC32x32:inst1|RFC32:inst|RFC8:inst1|RFC:inst12|inst   ; RF32x32:inst|RFC32x32:inst1|RFC32:inst17|RFC8:inst3|RFC:inst18|inst ; CLK          ; CLK         ; 1.000        ; 0.036      ; 22.783     ;
; -21.709 ; RF32x32:inst|RFC32x32:inst1|RFC32:inst5|RFC8:inst1|RFC:inst12|inst  ; RF32x32:inst|RFC32x32:inst1|RFC32:inst19|RFC8:inst3|RFC:inst8|inst  ; CLK          ; CLK         ; 1.000        ; -0.017     ; 22.728     ;
; -21.705 ; RF32x32:inst|RFC32x32:inst1|RFC32:inst5|RFC8:inst1|RFC:inst12|inst  ; RF32x32:inst|RFC32x32:inst1|RFC32:inst39|RFC8:inst3|RFC:inst8|inst  ; CLK          ; CLK         ; 1.000        ; -0.016     ; 22.725     ;
; -21.701 ; RF32x32:inst|RFC32x32:inst1|RFC32:inst5|RFC8:inst1|RFC:inst12|inst  ; RF32x32:inst|RFC32x32:inst1|RFC32:inst15|RFC8:inst3|RFC:inst18|inst ; CLK          ; CLK         ; 1.000        ; 0.130      ; 22.867     ;
; -21.699 ; RF32x32:inst|RFC32x32:inst1|RFC32:inst5|RFC8:inst1|RFC:inst12|inst  ; RF32x32:inst|RFC32x32:inst1|RFC32:inst16|RFC8:inst3|RFC:inst18|inst ; CLK          ; CLK         ; 1.000        ; 0.132      ; 22.867     ;
; -21.678 ; RF32x32:inst|RFC32x32:inst1|RFC32:inst|RFC8:inst1|RFC:inst12|inst   ; RF32x32:inst|RFC32x32:inst1|RFC32:inst39|RFC8:inst3|RFC:inst18|inst ; CLK          ; CLK         ; 1.000        ; 0.044      ; 22.758     ;
; -21.666 ; RF32x32:inst|RFC32x32:inst1|RFC32:inst5|RFC8:inst1|RFC:inst12|inst  ; RF32x32:inst|RFC32x32:inst1|RFC32:inst19|RFC8:inst3|RFC:inst18|inst ; CLK          ; CLK         ; 1.000        ; 0.045      ; 22.747     ;
; -21.657 ; RF32x32:inst|RFC32x32:inst1|RFC32:inst|RFC8:inst1|RFC:inst12|inst   ; RF32x32:inst|RFC32x32:inst1|RFC32:inst6|RFC8:inst3|RFC:inst8|inst   ; CLK          ; CLK         ; 1.000        ; -0.050     ; 22.643     ;
; -21.656 ; RF32x32:inst|RFC32x32:inst1|RFC32:inst|RFC8:inst1|RFC:inst12|inst   ; RF32x32:inst|RFC32x32:inst1|RFC32:inst7|RFC8:inst3|RFC:inst8|inst   ; CLK          ; CLK         ; 1.000        ; -0.053     ; 22.639     ;
; -21.643 ; RF32x32:inst|RFC32x32:inst1|RFC32:inst5|RFC8:inst1|RFC:inst12|inst  ; RF32x32:inst|RFC32x32:inst1|RFC32:inst10|RFC8:inst3|RFC:inst8|inst  ; CLK          ; CLK         ; 1.000        ; 0.039      ; 22.718     ;
; -21.641 ; RF32x32:inst|RFC32x32:inst1|RFC32:inst5|RFC8:inst1|RFC:inst12|inst  ; RF32x32:inst|RFC32x32:inst1|RFC32:inst7|RFC8:inst3|RFC:inst18|inst  ; CLK          ; CLK         ; 1.000        ; -0.003     ; 22.674     ;
; -21.637 ; RF32x32:inst|RFC32x32:inst1|RFC32:inst5|RFC8:inst1|RFC:inst12|inst  ; RF32x32:inst|RFC32x32:inst1|RFC32:inst11|RFC8:inst3|RFC:inst8|inst  ; CLK          ; CLK         ; 1.000        ; 0.041      ; 22.714     ;
; -21.635 ; RF32x32:inst|RFC32x32:inst1|RFC32:inst5|RFC8:inst1|RFC:inst12|inst  ; RF32x32:inst|RFC32x32:inst1|RFC32:inst6|RFC8:inst3|RFC:inst18|inst  ; CLK          ; CLK         ; 1.000        ; -0.003     ; 22.668     ;
; -21.611 ; RF32x32:inst|RFC32x32:inst1|RFC32:inst9|RFC8:inst1|RFC:inst12|inst  ; RF32x32:inst|RFC32x32:inst1|RFC32:inst|RFC8:inst3|RFC:inst8|inst    ; CLK          ; CLK         ; 1.000        ; -0.120     ; 22.527     ;
; -21.607 ; RF32x32:inst|RFC32x32:inst1|RFC32:inst9|RFC8:inst1|RFC:inst12|inst  ; RF32x32:inst|RFC32x32:inst1|RFC32:inst5|RFC8:inst3|RFC:inst8|inst   ; CLK          ; CLK         ; 1.000        ; -0.119     ; 22.524     ;
; -21.591 ; RF32x32:inst|RFC32x32:inst1|RFC32:inst5|RFC8:inst1|RFC:inst12|inst  ; RF32x32:inst|RFC32x32:inst1|RFC32:inst10|RFC8:inst3|RFC:inst18|inst ; CLK          ; CLK         ; 1.000        ; 0.039      ; 22.666     ;
; -21.591 ; RF32x32:inst|RFC32x32:inst1|RFC32:inst5|RFC8:inst1|RFC:inst12|inst  ; RF32x32:inst|RFC32x32:inst1|RFC32:inst11|RFC8:inst3|RFC:inst18|inst ; CLK          ; CLK         ; 1.000        ; 0.041      ; 22.668     ;
; -21.583 ; RF32x32:inst|RFC32x32:inst1|RFC32:inst5|RFC8:inst1|RFC:inst12|inst  ; RF32x32:inst|RFC32x32:inst1|RFC32:inst38|RFC8:inst3|RFC:inst8|inst  ; CLK          ; CLK         ; 1.000        ; 0.095      ; 22.714     ;
; -21.582 ; RF32x32:inst|RFC32x32:inst1|RFC32:inst5|RFC8:inst1|RFC:inst12|inst  ; RF32x32:inst|RFC32x32:inst1|RFC32:inst18|RFC8:inst3|RFC:inst18|inst ; CLK          ; CLK         ; 1.000        ; 0.294      ; 22.912     ;
; -21.581 ; RF32x32:inst|RFC32x32:inst1|RFC32:inst5|RFC8:inst1|RFC:inst12|inst  ; RF32x32:inst|RFC32x32:inst1|RFC32:inst12|RFC8:inst3|RFC:inst8|inst  ; CLK          ; CLK         ; 1.000        ; 0.093      ; 22.710     ;
; -21.580 ; RF32x32:inst|RFC32x32:inst1|RFC32:inst|RFC8:inst1|RFC:inst12|inst   ; RF32x32:inst|RFC32x32:inst1|RFC32:inst19|RFC8:inst3|RFC:inst8|inst  ; CLK          ; CLK         ; 1.000        ; -0.016     ; 22.600     ;
; -21.576 ; RF32x32:inst|RFC32x32:inst1|RFC32:inst|RFC8:inst1|RFC:inst12|inst   ; RF32x32:inst|RFC32x32:inst1|RFC32:inst39|RFC8:inst3|RFC:inst8|inst  ; CLK          ; CLK         ; 1.000        ; -0.015     ; 22.597     ;
; -21.572 ; RF32x32:inst|RFC32x32:inst1|RFC32:inst|RFC8:inst1|RFC:inst12|inst   ; RF32x32:inst|RFC32x32:inst1|RFC32:inst15|RFC8:inst3|RFC:inst18|inst ; CLK          ; CLK         ; 1.000        ; 0.131      ; 22.739     ;
; -21.570 ; RF32x32:inst|RFC32x32:inst1|RFC32:inst|RFC8:inst1|RFC:inst12|inst   ; RF32x32:inst|RFC32x32:inst1|RFC32:inst16|RFC8:inst3|RFC:inst18|inst ; CLK          ; CLK         ; 1.000        ; 0.133      ; 22.739     ;
; -21.557 ; RF32x32:inst|RFC32x32:inst1|RFC32:inst5|RFC8:inst1|RFC:inst12|inst  ; RF32x32:inst|RFC32x32:inst1|RFC32:inst22|RFC8:inst3|RFC:inst18|inst ; CLK          ; CLK         ; 1.000        ; 0.161      ; 22.754     ;
; -21.552 ; RF32x32:inst|RFC32x32:inst1|RFC32:inst5|RFC8:inst1|RFC:inst12|inst  ; RF32x32:inst|RFC32x32:inst1|RFC32:inst23|RFC8:inst3|RFC:inst18|inst ; CLK          ; CLK         ; 1.000        ; 0.162      ; 22.750     ;
; -21.537 ; RF32x32:inst|RFC32x32:inst1|RFC32:inst|RFC8:inst1|RFC:inst12|inst   ; RF32x32:inst|RFC32x32:inst1|RFC32:inst19|RFC8:inst3|RFC:inst18|inst ; CLK          ; CLK         ; 1.000        ; 0.046      ; 22.619     ;
; -21.514 ; RF32x32:inst|RFC32x32:inst1|RFC32:inst|RFC8:inst1|RFC:inst12|inst   ; RF32x32:inst|RFC32x32:inst1|RFC32:inst10|RFC8:inst3|RFC:inst8|inst  ; CLK          ; CLK         ; 1.000        ; 0.040      ; 22.590     ;
; -21.512 ; RF32x32:inst|RFC32x32:inst1|RFC32:inst|RFC8:inst1|RFC:inst12|inst   ; RF32x32:inst|RFC32x32:inst1|RFC32:inst7|RFC8:inst3|RFC:inst18|inst  ; CLK          ; CLK         ; 1.000        ; -0.002     ; 22.546     ;
; -21.508 ; RF32x32:inst|RFC32x32:inst1|RFC32:inst|RFC8:inst1|RFC:inst12|inst   ; RF32x32:inst|RFC32x32:inst1|RFC32:inst11|RFC8:inst3|RFC:inst8|inst  ; CLK          ; CLK         ; 1.000        ; 0.042      ; 22.586     ;
; -21.506 ; RF32x32:inst|RFC32x32:inst1|RFC32:inst|RFC8:inst1|RFC:inst12|inst   ; RF32x32:inst|RFC32x32:inst1|RFC32:inst6|RFC8:inst3|RFC:inst18|inst  ; CLK          ; CLK         ; 1.000        ; -0.002     ; 22.540     ;
; -21.491 ; RF32x32:inst|RFC32x32:inst1|RFC32:inst5|RFC8:inst1|RFC:inst12|inst  ; RF32x32:inst|RFC32x32:inst1|RFC32:inst21|RFC8:inst3|RFC:inst8|inst  ; CLK          ; CLK         ; 1.000        ; 0.139      ; 22.666     ;
; -21.488 ; RF32x32:inst|RFC32x32:inst1|RFC32:inst23|RFC8:inst1|RFC:inst12|inst ; RF32x32:inst|RFC32x32:inst1|RFC32:inst|RFC8:inst3|RFC:inst8|inst    ; CLK          ; CLK         ; 1.000        ; 0.046      ; 22.570     ;
; -21.488 ; RF32x32:inst|RFC32x32:inst1|RFC32:inst9|RFC8:inst1|RFC:inst12|inst  ; RF32x32:inst|RFC32x32:inst1|RFC32:inst12|RFC8:inst3|RFC:inst18|inst ; CLK          ; CLK         ; 1.000        ; 0.159      ; 22.683     ;
; -21.486 ; RF32x32:inst|RFC32x32:inst1|RFC32:inst9|RFC8:inst1|RFC:inst12|inst  ; RF32x32:inst|RFC32x32:inst1|RFC32:inst38|RFC8:inst3|RFC:inst18|inst ; CLK          ; CLK         ; 1.000        ; 0.160      ; 22.682     ;
; -21.484 ; RF32x32:inst|RFC32x32:inst1|RFC32:inst23|RFC8:inst1|RFC:inst12|inst ; RF32x32:inst|RFC32x32:inst1|RFC32:inst5|RFC8:inst3|RFC:inst8|inst   ; CLK          ; CLK         ; 1.000        ; 0.047      ; 22.567     ;
; -21.463 ; RF32x32:inst|RFC32x32:inst1|RFC32:inst9|RFC8:inst1|RFC:inst12|inst  ; RF32x32:inst|RFC32x32:inst1|RFC32:inst17|RFC8:inst3|RFC:inst18|inst ; CLK          ; CLK         ; 1.000        ; 0.177      ; 22.676     ;
; -21.462 ; RF32x32:inst|RFC32x32:inst1|RFC32:inst|RFC8:inst1|RFC:inst12|inst   ; RF32x32:inst|RFC32x32:inst1|RFC32:inst10|RFC8:inst3|RFC:inst18|inst ; CLK          ; CLK         ; 1.000        ; 0.040      ; 22.538     ;
; -21.462 ; RF32x32:inst|RFC32x32:inst1|RFC32:inst|RFC8:inst1|RFC:inst12|inst   ; RF32x32:inst|RFC32x32:inst1|RFC32:inst11|RFC8:inst3|RFC:inst18|inst ; CLK          ; CLK         ; 1.000        ; 0.042      ; 22.540     ;
; -21.454 ; RF32x32:inst|RFC32x32:inst1|RFC32:inst|RFC8:inst1|RFC:inst12|inst   ; RF32x32:inst|RFC32x32:inst1|RFC32:inst38|RFC8:inst3|RFC:inst8|inst  ; CLK          ; CLK         ; 1.000        ; 0.096      ; 22.586     ;
; -21.453 ; RF32x32:inst|RFC32x32:inst1|RFC32:inst|RFC8:inst1|RFC:inst12|inst   ; RF32x32:inst|RFC32x32:inst1|RFC32:inst18|RFC8:inst3|RFC:inst18|inst ; CLK          ; CLK         ; 1.000        ; 0.295      ; 22.784     ;
; -21.452 ; RF32x32:inst|RFC32x32:inst1|RFC32:inst|RFC8:inst1|RFC:inst12|inst   ; RF32x32:inst|RFC32x32:inst1|RFC32:inst12|RFC8:inst3|RFC:inst8|inst  ; CLK          ; CLK         ; 1.000        ; 0.094      ; 22.582     ;
; -21.430 ; RF32x32:inst|RFC32x32:inst1|RFC32:inst9|RFC8:inst1|RFC:inst12|inst  ; RF32x32:inst|RFC32x32:inst1|RFC32:inst39|RFC8:inst3|RFC:inst18|inst ; CLK          ; CLK         ; 1.000        ; 0.185      ; 22.651     ;
; -21.428 ; RF32x32:inst|RFC32x32:inst1|RFC32:inst|RFC8:inst1|RFC:inst12|inst   ; RF32x32:inst|RFC32x32:inst1|RFC32:inst22|RFC8:inst3|RFC:inst18|inst ; CLK          ; CLK         ; 1.000        ; 0.162      ; 22.626     ;
; -21.423 ; RF32x32:inst|RFC32x32:inst1|RFC32:inst|RFC8:inst1|RFC:inst12|inst   ; RF32x32:inst|RFC32x32:inst1|RFC32:inst23|RFC8:inst3|RFC:inst18|inst ; CLK          ; CLK         ; 1.000        ; 0.163      ; 22.622     ;
; -21.420 ; RF32x32:inst|RFC32x32:inst1|RFC32:inst5|RFC8:inst1|RFC:inst12|inst  ; RF32x32:inst|RFC32x32:inst1|RFC32:inst20|RFC8:inst3|RFC:inst8|inst  ; CLK          ; CLK         ; 1.000        ; 0.213      ; 22.669     ;
; -21.409 ; RF32x32:inst|RFC32x32:inst1|RFC32:inst9|RFC8:inst1|RFC:inst12|inst  ; RF32x32:inst|RFC32x32:inst1|RFC32:inst6|RFC8:inst3|RFC:inst8|inst   ; CLK          ; CLK         ; 1.000        ; 0.091      ; 22.536     ;
; -21.408 ; RF32x32:inst|RFC32x32:inst1|RFC32:inst9|RFC8:inst1|RFC:inst12|inst  ; RF32x32:inst|RFC32x32:inst1|RFC32:inst7|RFC8:inst3|RFC:inst8|inst   ; CLK          ; CLK         ; 1.000        ; 0.088      ; 22.532     ;
; -21.402 ; RF32x32:inst|RFC32x32:inst1|RFC32:inst5|RFC8:inst1|RFC:inst12|inst  ; RF32x32:inst|RFC32x32:inst1|RFC32:inst17|RFC8:inst3|RFC:inst8|inst  ; CLK          ; CLK         ; 1.000        ; 0.035      ; 22.473     ;
; -21.387 ; RF32x32:inst|RFC32x32:inst1|RFC32:inst38|RFC8:inst1|RFC:inst14|inst ; RF32x32:inst|RFC32x32:inst1|RFC32:inst|RFC8:inst3|RFC:inst8|inst    ; CLK          ; CLK         ; 1.000        ; -0.174     ; 22.249     ;
; -21.383 ; RF32x32:inst|RFC32x32:inst1|RFC32:inst38|RFC8:inst1|RFC:inst14|inst ; RF32x32:inst|RFC32x32:inst1|RFC32:inst5|RFC8:inst3|RFC:inst8|inst   ; CLK          ; CLK         ; 1.000        ; -0.173     ; 22.246     ;
; -21.369 ; RF32x32:inst|RFC32x32:inst1|RFC32:inst5|RFC8:inst1|RFC:inst12|inst  ; RF32x32:inst|RFC32x32:inst1|RFC32:inst24|RFC8:inst3|RFC:inst18|inst ; CLK          ; CLK         ; 1.000        ; 0.227      ; 22.632     ;
; -21.368 ; RF32x32:inst|RFC32x32:inst1|RFC32:inst40|RFC8:inst1|RFC:inst14|inst ; RF32x32:inst|RFC32x32:inst1|RFC32:inst|RFC8:inst3|RFC:inst8|inst    ; CLK          ; CLK         ; 1.000        ; -0.151     ; 22.253     ;
; -21.365 ; RF32x32:inst|RFC32x32:inst1|RFC32:inst5|RFC8:inst1|RFC:inst12|inst  ; RF32x32:inst|RFC32x32:inst1|RFC32:inst25|RFC8:inst3|RFC:inst18|inst ; CLK          ; CLK         ; 1.000        ; 0.228      ; 22.629     ;
; -21.365 ; RF32x32:inst|RFC32x32:inst1|RFC32:inst23|RFC8:inst1|RFC:inst12|inst ; RF32x32:inst|RFC32x32:inst1|RFC32:inst12|RFC8:inst3|RFC:inst18|inst ; CLK          ; CLK         ; 1.000        ; 0.325      ; 22.726     ;
; -21.364 ; RF32x32:inst|RFC32x32:inst1|RFC32:inst40|RFC8:inst1|RFC:inst14|inst ; RF32x32:inst|RFC32x32:inst1|RFC32:inst5|RFC8:inst3|RFC:inst8|inst   ; CLK          ; CLK         ; 1.000        ; -0.150     ; 22.250     ;
; -21.363 ; RF32x32:inst|RFC32x32:inst1|RFC32:inst23|RFC8:inst1|RFC:inst12|inst ; RF32x32:inst|RFC32x32:inst1|RFC32:inst38|RFC8:inst3|RFC:inst18|inst ; CLK          ; CLK         ; 1.000        ; 0.326      ; 22.725     ;
; -21.362 ; RF32x32:inst|RFC32x32:inst1|RFC32:inst|RFC8:inst1|RFC:inst12|inst   ; RF32x32:inst|RFC32x32:inst1|RFC32:inst21|RFC8:inst3|RFC:inst8|inst  ; CLK          ; CLK         ; 1.000        ; 0.140      ; 22.538     ;
; -21.361 ; RF32x32:inst|RFC32x32:inst1|RFC32:inst16|RFC8:inst1|RFC:inst12|inst ; RF32x32:inst|RFC32x32:inst1|RFC32:inst|RFC8:inst3|RFC:inst8|inst    ; CLK          ; CLK         ; 1.000        ; 0.094      ; 22.491     ;
; -21.357 ; RF32x32:inst|RFC32x32:inst1|RFC32:inst16|RFC8:inst1|RFC:inst12|inst ; RF32x32:inst|RFC32x32:inst1|RFC32:inst5|RFC8:inst3|RFC:inst8|inst   ; CLK          ; CLK         ; 1.000        ; 0.095      ; 22.488     ;
; -21.354 ; RF32x32:inst|RFC32x32:inst1|RFC32:inst5|RFC8:inst1|RFC:inst12|inst  ; RF32x32:inst|RFC32x32:inst1|RFC32:inst26|RFC8:inst3|RFC:inst18|inst ; CLK          ; CLK         ; 1.000        ; 0.243      ; 22.633     ;
; -21.350 ; RF32x32:inst|RFC32x32:inst1|RFC32:inst5|RFC8:inst1|RFC:inst12|inst  ; RF32x32:inst|RFC32x32:inst1|RFC32:inst40|RFC8:inst3|RFC:inst18|inst ; CLK          ; CLK         ; 1.000        ; 0.244      ; 22.630     ;
; -21.340 ; RF32x32:inst|RFC32x32:inst1|RFC32:inst23|RFC8:inst1|RFC:inst12|inst ; RF32x32:inst|RFC32x32:inst1|RFC32:inst17|RFC8:inst3|RFC:inst18|inst ; CLK          ; CLK         ; 1.000        ; 0.343      ; 22.719     ;
; -21.332 ; RF32x32:inst|RFC32x32:inst1|RFC32:inst9|RFC8:inst1|RFC:inst12|inst  ; RF32x32:inst|RFC32x32:inst1|RFC32:inst19|RFC8:inst3|RFC:inst8|inst  ; CLK          ; CLK         ; 1.000        ; 0.125      ; 22.493     ;
; -21.328 ; RF32x32:inst|RFC32x32:inst1|RFC32:inst9|RFC8:inst1|RFC:inst12|inst  ; RF32x32:inst|RFC32x32:inst1|RFC32:inst39|RFC8:inst3|RFC:inst8|inst  ; CLK          ; CLK         ; 1.000        ; 0.126      ; 22.490     ;
; -21.324 ; RF32x32:inst|RFC32x32:inst1|RFC32:inst9|RFC8:inst1|RFC:inst12|inst  ; RF32x32:inst|RFC32x32:inst1|RFC32:inst15|RFC8:inst3|RFC:inst18|inst ; CLK          ; CLK         ; 1.000        ; 0.272      ; 22.632     ;
; -21.322 ; RF32x32:inst|RFC32x32:inst1|RFC32:inst9|RFC8:inst1|RFC:inst12|inst  ; RF32x32:inst|RFC32x32:inst1|RFC32:inst16|RFC8:inst3|RFC:inst18|inst ; CLK          ; CLK         ; 1.000        ; 0.274      ; 22.632     ;
; -21.320 ; RF32x32:inst|RFC32x32:inst1|RFC32:inst5|RFC8:inst1|RFC:inst12|inst  ; RF32x32:inst|RFC32x32:inst1|RFC32:inst14|RFC8:inst3|RFC:inst18|inst ; CLK          ; CLK         ; 1.000        ; 0.233      ; 22.589     ;
; -21.319 ; RF32x32:inst|RFC32x32:inst1|RFC32:inst5|RFC8:inst1|RFC:inst12|inst  ; RF32x32:inst|RFC32x32:inst1|RFC32:inst13|RFC8:inst3|RFC:inst18|inst ; CLK          ; CLK         ; 1.000        ; 0.233      ; 22.588     ;
; -21.316 ; RF32x32:inst|RFC32x32:inst1|RFC32:inst5|RFC8:inst1|RFC:inst14|inst  ; RF32x32:inst|RFC32x32:inst1|RFC32:inst|RFC8:inst3|RFC:inst8|inst    ; CLK          ; CLK         ; 1.000        ; 0.016      ; 22.368     ;
; -21.312 ; RF32x32:inst|RFC32x32:inst1|RFC32:inst5|RFC8:inst1|RFC:inst14|inst  ; RF32x32:inst|RFC32x32:inst1|RFC32:inst5|RFC8:inst3|RFC:inst8|inst   ; CLK          ; CLK         ; 1.000        ; 0.017      ; 22.365     ;
; -21.307 ; RF32x32:inst|RFC32x32:inst1|RFC32:inst23|RFC8:inst1|RFC:inst12|inst ; RF32x32:inst|RFC32x32:inst1|RFC32:inst39|RFC8:inst3|RFC:inst18|inst ; CLK          ; CLK         ; 1.000        ; 0.351      ; 22.694     ;
; -21.291 ; RF32x32:inst|RFC32x32:inst1|RFC32:inst|RFC8:inst1|RFC:inst12|inst   ; RF32x32:inst|RFC32x32:inst1|RFC32:inst20|RFC8:inst3|RFC:inst8|inst  ; CLK          ; CLK         ; 1.000        ; 0.214      ; 22.541     ;
; -21.289 ; RF32x32:inst|RFC32x32:inst1|RFC32:inst9|RFC8:inst1|RFC:inst12|inst  ; RF32x32:inst|RFC32x32:inst1|RFC32:inst19|RFC8:inst3|RFC:inst18|inst ; CLK          ; CLK         ; 1.000        ; 0.187      ; 22.512     ;
; -21.286 ; RF32x32:inst|RFC32x32:inst1|RFC32:inst23|RFC8:inst1|RFC:inst12|inst ; RF32x32:inst|RFC32x32:inst1|RFC32:inst6|RFC8:inst3|RFC:inst8|inst   ; CLK          ; CLK         ; 1.000        ; 0.257      ; 22.579     ;
; -21.285 ; RF32x32:inst|RFC32x32:inst1|RFC32:inst23|RFC8:inst1|RFC:inst12|inst ; RF32x32:inst|RFC32x32:inst1|RFC32:inst7|RFC8:inst3|RFC:inst8|inst   ; CLK          ; CLK         ; 1.000        ; 0.254      ; 22.575     ;
; -21.276 ; RF32x32:inst|RFC32x32:inst1|RFC32:inst5|RFC8:inst1|RFC:inst12|inst  ; RF32x32:inst|RFC32x32:inst1|RFC32:inst15|RFC8:inst3|RFC:inst8|inst  ; CLK          ; CLK         ; 1.000        ; 0.130      ; 22.442     ;
; -21.274 ; RF32x32:inst|RFC32x32:inst1|RFC32:inst5|RFC8:inst1|RFC:inst12|inst  ; RF32x32:inst|RFC32x32:inst1|RFC32:inst16|RFC8:inst3|RFC:inst8|inst  ; CLK          ; CLK         ; 1.000        ; 0.132      ; 22.442     ;
; -21.273 ; RF32x32:inst|RFC32x32:inst1|RFC32:inst|RFC8:inst1|RFC:inst12|inst   ; RF32x32:inst|RFC32x32:inst1|RFC32:inst17|RFC8:inst3|RFC:inst8|inst  ; CLK          ; CLK         ; 1.000        ; 0.036      ; 22.345     ;
; -21.272 ; RF32x32:inst|RFC32x32:inst1|RFC32:inst5|RFC8:inst1|RFC:inst12|inst  ; RF32x32:inst|RFC32x32:inst1|RFC32:inst27|RFC8:inst3|RFC:inst8|inst  ; CLK          ; CLK         ; 1.000        ; 0.387      ; 22.695     ;
; -21.268 ; RF32x32:inst|RFC32x32:inst1|RFC32:inst5|RFC8:inst1|RFC:inst12|inst  ; RF32x32:inst|RFC32x32:inst1|RFC32:inst28|RFC8:inst3|RFC:inst8|inst  ; CLK          ; CLK         ; 1.000        ; 0.386      ; 22.690     ;
; -21.266 ; RF32x32:inst|RFC32x32:inst1|RFC32:inst39|RFC8:inst1|RFC:inst12|inst ; RF32x32:inst|RFC32x32:inst1|RFC32:inst|RFC8:inst3|RFC:inst8|inst    ; CLK          ; CLK         ; 1.000        ; 0.074      ; 22.376     ;
; -21.266 ; RF32x32:inst|RFC32x32:inst1|RFC32:inst9|RFC8:inst1|RFC:inst12|inst  ; RF32x32:inst|RFC32x32:inst1|RFC32:inst10|RFC8:inst3|RFC:inst8|inst  ; CLK          ; CLK         ; 1.000        ; 0.181      ; 22.483     ;
; -21.264 ; RF32x32:inst|RFC32x32:inst1|RFC32:inst38|RFC8:inst1|RFC:inst14|inst ; RF32x32:inst|RFC32x32:inst1|RFC32:inst12|RFC8:inst3|RFC:inst18|inst ; CLK          ; CLK         ; 1.000        ; 0.105      ; 22.405     ;
; -21.264 ; RF32x32:inst|RFC32x32:inst1|RFC32:inst9|RFC8:inst1|RFC:inst12|inst  ; RF32x32:inst|RFC32x32:inst1|RFC32:inst7|RFC8:inst3|RFC:inst18|inst  ; CLK          ; CLK         ; 1.000        ; 0.139      ; 22.439     ;
; -21.262 ; RF32x32:inst|RFC32x32:inst1|RFC32:inst39|RFC8:inst1|RFC:inst12|inst ; RF32x32:inst|RFC32x32:inst1|RFC32:inst5|RFC8:inst3|RFC:inst8|inst   ; CLK          ; CLK         ; 1.000        ; 0.075      ; 22.373     ;
; -21.262 ; RF32x32:inst|RFC32x32:inst1|RFC32:inst38|RFC8:inst1|RFC:inst14|inst ; RF32x32:inst|RFC32x32:inst1|RFC32:inst38|RFC8:inst3|RFC:inst18|inst ; CLK          ; CLK         ; 1.000        ; 0.106      ; 22.404     ;
; -21.260 ; RF32x32:inst|RFC32x32:inst1|RFC32:inst9|RFC8:inst1|RFC:inst12|inst  ; RF32x32:inst|RFC32x32:inst1|RFC32:inst11|RFC8:inst3|RFC:inst8|inst  ; CLK          ; CLK         ; 1.000        ; 0.183      ; 22.479     ;
+---------+---------------------------------------------------------------------+---------------------------------------------------------------------+--------------+-------------+--------------+------------+------------+


+--------------------------------------------------------------------------------------------------------------------------------------------------------------------------------------------+
; Slow Model Setup: 'Instr[0]'                                                                                                                                                               ;
+--------+---------------------------------------------------------------------+---------------------------------------+--------------+-------------+--------------+------------+------------+
; Slack  ; From Node                                                           ; To Node                               ; Launch Clock ; Latch Clock ; Relationship ; Clock Skew ; Data Delay ;
+--------+---------------------------------------------------------------------+---------------------------------------+--------------+-------------+--------------+------------+------------+
; -4.413 ; RF32x32:inst|RFC32x32:inst1|RFC32:inst5|RFC8:inst1|RFC:inst12|inst  ; RAM32x32:inst1|MC1x32:inst55|inst[1]  ; CLK          ; Instr[0]    ; 0.500        ; 3.187      ; 7.158      ;
; -4.288 ; RF32x32:inst|RFC32x32:inst1|RFC32:inst|RFC8:inst1|RFC:inst12|inst   ; RAM32x32:inst1|MC1x32:inst55|inst[1]  ; CLK          ; Instr[0]    ; 0.500        ; 3.188      ; 7.034      ;
; -4.216 ; RF32x32:inst|RFC32x32:inst1|RFC32:inst18|RFC8:inst3|RFC:inst18|inst ; RAM32x32:inst1|MC1x32:inst55|inst[31] ; CLK          ; Instr[0]    ; 0.500        ; 1.367      ; 4.533      ;
; -4.095 ; RF32x32:inst|RFC32x32:inst1|RFC32:inst16|RFC8:inst3|RFC:inst18|inst ; RAM32x32:inst1|MC1x32:inst55|inst[31] ; CLK          ; Instr[0]    ; 0.500        ; 1.529      ; 4.574      ;
; -4.072 ; RF32x32:inst|RFC32x32:inst1|RFC32:inst32|RFC8:inst3|RFC:inst18|inst ; RAM32x32:inst1|MC1x32:inst55|inst[31] ; CLK          ; Instr[0]    ; 0.500        ; 1.224      ; 4.246      ;
; -4.043 ; RF32x32:inst|RFC32x32:inst1|RFC32:inst39|RFC8:inst3|RFC:inst18|inst ; RAM32x32:inst1|MC1x32:inst55|inst[31] ; CLK          ; Instr[0]    ; 0.500        ; 1.618      ; 4.611      ;
; -4.008 ; RF32x32:inst|RFC32x32:inst1|RFC32:inst23|RFC8:inst1|RFC:inst12|inst ; RAM32x32:inst1|MC1x32:inst55|inst[1]  ; CLK          ; Instr[0]    ; 0.500        ; 3.495      ; 7.061      ;
; -3.973 ; RF32x32:inst|RFC32x32:inst1|RFC32:inst38|RFC8:inst3|RFC:inst18|inst ; RAM32x32:inst1|MC1x32:inst55|inst[31] ; CLK          ; Instr[0]    ; 0.500        ; 1.643      ; 4.566      ;
; -3.973 ; RF32x32:inst|RFC32x32:inst1|RFC32:inst28|RFC8:inst3|RFC:inst18|inst ; RAM32x32:inst1|MC1x32:inst55|inst[31] ; CLK          ; Instr[0]    ; 0.500        ; 1.275      ; 4.198      ;
; -3.966 ; RF32x32:inst|RFC32x32:inst1|RFC32:inst21|RFC8:inst3|RFC:inst18|inst ; RAM32x32:inst1|MC1x32:inst55|inst[31] ; CLK          ; Instr[0]    ; 0.500        ; 1.399      ; 4.315      ;
; -3.965 ; RF32x32:inst|RFC32x32:inst1|RFC32:inst15|RFC8:inst3|RFC:inst18|inst ; RAM32x32:inst1|MC1x32:inst55|inst[31] ; CLK          ; Instr[0]    ; 0.500        ; 1.531      ; 4.446      ;
; -3.961 ; RF32x32:inst|RFC32x32:inst1|RFC32:inst13|RFC8:inst3|RFC:inst18|inst ; RAM32x32:inst1|MC1x32:inst55|inst[31] ; CLK          ; Instr[0]    ; 0.500        ; 1.428      ; 4.339      ;
; -3.921 ; RF32x32:inst|RFC32x32:inst1|RFC32:inst19|RFC8:inst3|RFC:inst18|inst ; RAM32x32:inst1|MC1x32:inst55|inst[31] ; CLK          ; Instr[0]    ; 0.500        ; 1.616      ; 4.487      ;
; -3.881 ; RF32x32:inst|RFC32x32:inst1|RFC32:inst16|RFC8:inst1|RFC:inst12|inst ; RAM32x32:inst1|MC1x32:inst55|inst[1]  ; CLK          ; Instr[0]    ; 0.500        ; 3.543      ; 6.982      ;
; -3.866 ; RF32x32:inst|RFC32x32:inst1|RFC32:inst23|RFC8:inst3|RFC:inst18|inst ; RAM32x32:inst1|MC1x32:inst55|inst[31] ; CLK          ; Instr[0]    ; 0.500        ; 1.499      ; 4.315      ;
; -3.843 ; RF32x32:inst|RFC32x32:inst1|RFC32:inst12|RFC8:inst3|RFC:inst18|inst ; RAM32x32:inst1|MC1x32:inst55|inst[31] ; CLK          ; Instr[0]    ; 0.500        ; 1.644      ; 4.437      ;
; -3.841 ; RF32x32:inst|RFC32x32:inst1|RFC32:inst27|RFC8:inst3|RFC:inst18|inst ; RAM32x32:inst1|MC1x32:inst55|inst[31] ; CLK          ; Instr[0]    ; 0.500        ; 1.274      ; 4.065      ;
; -3.837 ; RF32x32:inst|RFC32x32:inst1|RFC32:inst26|RFC8:inst3|RFC:inst18|inst ; RAM32x32:inst1|MC1x32:inst55|inst[31] ; CLK          ; Instr[0]    ; 0.500        ; 1.418      ; 4.205      ;
; -3.818 ; RF32x32:inst|RFC32x32:inst1|RFC32:inst14|RFC8:inst3|RFC:inst18|inst ; RAM32x32:inst1|MC1x32:inst55|inst[31] ; CLK          ; Instr[0]    ; 0.500        ; 1.428      ; 4.196      ;
; -3.775 ; RF32x32:inst|RFC32x32:inst1|RFC32:inst12|RFC8:inst3|RFC:inst13|inst ; RAM32x32:inst1|MC1x32:inst49|inst[26] ; CLK          ; Instr[0]    ; 0.500        ; 3.058      ; 4.969      ;
; -3.733 ; RF32x32:inst|RFC32x32:inst1|RFC32:inst9|RFC8:inst3|RFC:inst18|inst  ; RAM32x32:inst1|MC1x32:inst55|inst[31] ; CLK          ; Instr[0]    ; 0.500        ; 1.431      ; 4.114      ;
; -3.731 ; RF32x32:inst|RFC32x32:inst1|RFC32:inst22|RFC8:inst3|RFC:inst18|inst ; RAM32x32:inst1|MC1x32:inst55|inst[31] ; CLK          ; Instr[0]    ; 0.500        ; 1.500      ; 4.181      ;
; -3.714 ; RF32x32:inst|RFC32x32:inst1|RFC32:inst31|RFC8:inst3|RFC:inst18|inst ; RAM32x32:inst1|MC1x32:inst55|inst[31] ; CLK          ; Instr[0]    ; 0.500        ; 1.224      ; 3.888      ;
; -3.703 ; RF32x32:inst|RFC32x32:inst1|RFC32:inst39|RFC8:inst1|RFC:inst12|inst ; RAM32x32:inst1|MC1x32:inst55|inst[1]  ; CLK          ; Instr[0]    ; 0.500        ; 3.523      ; 6.784      ;
; -3.692 ; RF32x32:inst|RFC32x32:inst1|RFC32:inst20|RFC8:inst3|RFC:inst18|inst ; RAM32x32:inst1|MC1x32:inst55|inst[31] ; CLK          ; Instr[0]    ; 0.500        ; 1.399      ; 4.041      ;
; -3.676 ; RF32x32:inst|RFC32x32:inst1|RFC32:inst17|RFC8:inst3|RFC:inst18|inst ; RAM32x32:inst1|MC1x32:inst55|inst[31] ; CLK          ; Instr[0]    ; 0.500        ; 1.626      ; 4.252      ;
; -3.675 ; RF32x32:inst|RFC32x32:inst1|RFC32:inst30|RFC8:inst3|RFC:inst18|inst ; RAM32x32:inst1|MC1x32:inst55|inst[31] ; CLK          ; Instr[0]    ; 0.500        ; 1.424      ; 4.049      ;
; -3.648 ; RF32x32:inst|RFC32x32:inst1|RFC32:inst22|RFC8:inst1|RFC:inst12|inst ; RAM32x32:inst1|MC1x32:inst55|inst[1]  ; CLK          ; Instr[0]    ; 0.500        ; 3.513      ; 6.719      ;
; -3.607 ; RF32x32:inst|RFC32x32:inst1|RFC32:inst29|RFC8:inst3|RFC:inst18|inst ; RAM32x32:inst1|MC1x32:inst55|inst[31] ; CLK          ; Instr[0]    ; 0.500        ; 1.424      ; 3.981      ;
; -3.604 ; RF32x32:inst|RFC32x32:inst1|RFC32:inst8|RFC8:inst3|RFC:inst18|inst  ; RAM32x32:inst1|MC1x32:inst55|inst[31] ; CLK          ; Instr[0]    ; 0.500        ; 1.431      ; 3.985      ;
; -3.596 ; RF32x32:inst|RFC32x32:inst1|RFC32:inst6|RFC8:inst3|RFC:inst18|inst  ; RAM32x32:inst1|MC1x32:inst55|inst[31] ; CLK          ; Instr[0]    ; 0.500        ; 1.664      ; 4.210      ;
; -3.569 ; RF32x32:inst|RFC32x32:inst1|RFC32:inst10|RFC8:inst3|RFC:inst18|inst ; RAM32x32:inst1|MC1x32:inst55|inst[31] ; CLK          ; Instr[0]    ; 0.500        ; 1.622      ; 4.141      ;
; -3.561 ; RF32x32:inst|RFC32x32:inst1|RFC32:inst19|RFC8:inst1|RFC:inst12|inst ; RAM32x32:inst1|MC1x32:inst55|inst[1]  ; CLK          ; Instr[0]    ; 0.500        ; 3.522      ; 6.641      ;
; -3.524 ; RF32x32:inst|RFC32x32:inst1|RFC32:inst25|RFC8:inst3|RFC:inst18|inst ; RAM32x32:inst1|MC1x32:inst55|inst[31] ; CLK          ; Instr[0]    ; 0.500        ; 1.433      ; 3.907      ;
; -3.521 ; RF32x32:inst|RFC32x32:inst1|RFC32:inst12|RFC8:inst1|RFC:inst12|inst ; RAM32x32:inst1|MC1x32:inst55|inst[1]  ; CLK          ; Instr[0]    ; 0.500        ; 3.543      ; 6.622      ;
; -3.498 ; RF32x32:inst|RFC32x32:inst1|RFC32:inst40|RFC8:inst3|RFC:inst18|inst ; RAM32x32:inst1|MC1x32:inst55|inst[31] ; CLK          ; Instr[0]    ; 0.500        ; 1.417      ; 3.865      ;
; -3.482 ; RF32x32:inst|RFC32x32:inst1|RFC32:inst8|RFC8:inst1|RFC:inst12|inst  ; RAM32x32:inst1|MC1x32:inst55|inst[1]  ; CLK          ; Instr[0]    ; 0.500        ; 3.327      ; 6.367      ;
; -3.476 ; RF32x32:inst|RFC32x32:inst1|RFC32:inst12|RFC8:inst3|RFC:inst13|inst ; RAM32x32:inst1|MC1x32:inst55|inst[26] ; CLK          ; Instr[0]    ; 0.500        ; 1.651      ; 4.614      ;
; -3.476 ; RF32x32:inst|RFC32x32:inst1|RFC32:inst7|RFC8:inst3|RFC:inst18|inst  ; RAM32x32:inst1|MC1x32:inst55|inst[31] ; CLK          ; Instr[0]    ; 0.500        ; 1.664      ; 4.090      ;
; -3.462 ; RF32x32:inst|RFC32x32:inst1|RFC32:inst38|RFC8:inst3|RFC:inst13|inst ; RAM32x32:inst1|MC1x32:inst49|inst[26] ; CLK          ; Instr[0]    ; 0.500        ; 3.058      ; 4.656      ;
; -3.437 ; RF32x32:inst|RFC32x32:inst1|RFC32:inst11|RFC8:inst3|RFC:inst18|inst ; RAM32x32:inst1|MC1x32:inst55|inst[31] ; CLK          ; Instr[0]    ; 0.500        ; 1.620      ; 4.007      ;
; -3.434 ; RF32x32:inst|RFC32x32:inst1|RFC32:inst5|RFC8:inst3|RFC:inst18|inst  ; RAM32x32:inst1|MC1x32:inst55|inst[31] ; CLK          ; Instr[0]    ; 0.500        ; 1.423      ; 3.807      ;
; -3.389 ; RF32x32:inst|RFC32x32:inst1|RFC32:inst24|RFC8:inst3|RFC:inst18|inst ; RAM32x32:inst1|MC1x32:inst55|inst[31] ; CLK          ; Instr[0]    ; 0.500        ; 1.434      ; 3.773      ;
; -3.363 ; RF32x32:inst|RFC32x32:inst1|RFC32:inst|RFC8:inst3|RFC:inst18|inst   ; RAM32x32:inst1|MC1x32:inst55|inst[31] ; CLK          ; Instr[0]    ; 0.500        ; 1.425      ; 3.738      ;
; -3.347 ; RF32x32:inst|RFC32x32:inst1|RFC32:inst9|RFC8:inst1|RFC:inst12|inst  ; RAM32x32:inst1|MC1x32:inst55|inst[1]  ; CLK          ; Instr[0]    ; 0.500        ; 3.329      ; 6.234      ;
; -3.337 ; RF32x32:inst|RFC32x32:inst1|RFC32:inst17|RFC8:inst3|RFC:inst13|inst ; RAM32x32:inst1|MC1x32:inst49|inst[26] ; CLK          ; Instr[0]    ; 0.500        ; 3.193      ; 4.666      ;
; -3.269 ; RF32x32:inst|RFC32x32:inst1|RFC32:inst5|RFC8:inst3|RFC:inst10|inst  ; RAM32x32:inst1|MC1x32:inst55|inst[28] ; CLK          ; Instr[0]    ; 0.500        ; 1.682      ; 4.519      ;
; -3.252 ; RF32x32:inst|RFC32x32:inst1|RFC32:inst31|RFC8:inst3|RFC:inst10|inst ; RAM32x32:inst1|MC1x32:inst55|inst[28] ; CLK          ; Instr[0]    ; 0.500        ; 1.442      ; 4.262      ;
; -3.248 ; RF32x32:inst|RFC32x32:inst1|RFC32:inst15|RFC8:inst1|RFC:inst12|inst ; RAM32x32:inst1|MC1x32:inst55|inst[1]  ; CLK          ; Instr[0]    ; 0.500        ; 3.513      ; 6.319      ;
; -3.236 ; RF32x32:inst|RFC32x32:inst1|RFC32:inst19|RFC8:inst3|RFC:inst14|inst ; RAM32x32:inst1|MC1x32:inst55|inst[24] ; CLK          ; Instr[0]    ; 0.500        ; 1.485      ; 3.666      ;
; -3.236 ; RF32x32:inst|RFC32x32:inst1|RFC32:inst18|RFC8:inst3|RFC:inst13|inst ; RAM32x32:inst1|MC1x32:inst49|inst[26] ; CLK          ; Instr[0]    ; 0.500        ; 2.934      ; 4.306      ;
; -3.232 ; RF32x32:inst|RFC32x32:inst1|RFC32:inst8|RFC8:inst1|RFC:inst14|inst  ; RAM32x32:inst1|MC1x32:inst55|inst[0]  ; CLK          ; Instr[0]    ; 0.500        ; 2.566      ; 5.144      ;
; -3.229 ; RF32x32:inst|RFC32x32:inst1|RFC32:inst27|RFC8:inst3|RFC:inst10|inst ; RAM32x32:inst1|MC1x32:inst55|inst[28] ; CLK          ; Instr[0]    ; 0.500        ; 1.492      ; 4.289      ;
; -3.212 ; RF32x32:inst|RFC32x32:inst1|RFC32:inst26|RFC8:inst1|RFC:inst14|inst ; RAM32x32:inst1|MC1x32:inst55|inst[0]  ; CLK          ; Instr[0]    ; 0.500        ; 2.621      ; 5.179      ;
; -3.192 ; RF32x32:inst|RFC32x32:inst1|RFC32:inst38|RFC8:inst1|RFC:inst12|inst ; RAM32x32:inst1|MC1x32:inst55|inst[1]  ; CLK          ; Instr[0]    ; 0.500        ; 3.494      ; 6.244      ;
; -3.164 ; RF32x32:inst|RFC32x32:inst1|RFC32:inst|RFC8:inst3|RFC:inst14|inst   ; RAM32x32:inst1|MC1x32:inst55|inst[24] ; CLK          ; Instr[0]    ; 0.500        ; 1.425      ; 3.534      ;
; -3.163 ; RF32x32:inst|RFC32x32:inst1|RFC32:inst38|RFC8:inst3|RFC:inst13|inst ; RAM32x32:inst1|MC1x32:inst55|inst[26] ; CLK          ; Instr[0]    ; 0.500        ; 1.651      ; 4.301      ;
; -3.163 ; RF32x32:inst|RFC32x32:inst1|RFC32:inst13|RFC8:inst3|RFC:inst10|inst ; RAM32x32:inst1|MC1x32:inst55|inst[28] ; CLK          ; Instr[0]    ; 0.500        ; 1.451      ; 4.182      ;
; -3.163 ; RF32x32:inst|RFC32x32:inst1|RFC32:inst30|RFC8:inst3|RFC:inst14|inst ; RAM32x32:inst1|MC1x32:inst55|inst[24] ; CLK          ; Instr[0]    ; 0.500        ; 1.173      ; 3.281      ;
; -3.163 ; RF32x32:inst|RFC32x32:inst1|RFC32:inst22|RFC8:inst1|RFC:inst14|inst ; RAM32x32:inst1|MC1x32:inst55|inst[0]  ; CLK          ; Instr[0]    ; 0.500        ; 2.838      ; 5.347      ;
; -3.154 ; RF32x32:inst|RFC32x32:inst1|RFC32:inst29|RFC8:inst1|RFC:inst12|inst ; RAM32x32:inst1|MC1x32:inst55|inst[1]  ; CLK          ; Instr[0]    ; 0.500        ; 3.834      ; 6.546      ;
; -3.132 ; RF32x32:inst|RFC32x32:inst1|RFC32:inst17|RFC8:inst3|RFC:inst14|inst ; RAM32x32:inst1|MC1x32:inst55|inst[24] ; CLK          ; Instr[0]    ; 0.500        ; 1.441      ; 3.518      ;
; -3.121 ; RF32x32:inst|RFC32x32:inst1|RFC32:inst32|RFC8:inst3|RFC:inst10|inst ; RAM32x32:inst1|MC1x32:inst55|inst[28] ; CLK          ; Instr[0]    ; 0.500        ; 1.442      ; 4.131      ;
; -3.115 ; RF32x32:inst|RFC32x32:inst1|RFC32:inst|RFC8:inst1|RFC:inst14|inst   ; RAM32x32:inst1|MC1x32:inst55|inst[0]  ; CLK          ; Instr[0]    ; 0.500        ; 2.567      ; 5.028      ;
; -3.115 ; RF32x32:inst|RFC32x32:inst1|RFC32:inst29|RFC8:inst1|RFC:inst14|inst ; RAM32x32:inst1|MC1x32:inst55|inst[0]  ; CLK          ; Instr[0]    ; 0.500        ; 2.795      ; 5.256      ;
; -3.094 ; RF32x32:inst|RFC32x32:inst1|RFC32:inst28|RFC8:inst3|RFC:inst10|inst ; RAM32x32:inst1|MC1x32:inst55|inst[28] ; CLK          ; Instr[0]    ; 0.500        ; 1.493      ; 4.155      ;
; -3.076 ; RF32x32:inst|RFC32x32:inst1|RFC32:inst9|RFC8:inst3|RFC:inst10|inst  ; RAM32x32:inst1|MC1x32:inst55|inst[28] ; CLK          ; Instr[0]    ; 0.500        ; 1.342      ; 3.986      ;
; -3.071 ; RF32x32:inst|RFC32x32:inst1|RFC32:inst40|RFC8:inst1|RFC:inst14|inst ; RAM32x32:inst1|MC1x32:inst55|inst[0]  ; CLK          ; Instr[0]    ; 0.500        ; 2.622      ; 5.039      ;
; -3.057 ; RF32x32:inst|RFC32x32:inst1|RFC32:inst11|RFC8:inst|RFC:inst14|inst  ; RAM32x32:inst1|MC1x32:inst55|inst[8]  ; CLK          ; Instr[0]    ; 0.500        ; 2.167      ; 4.438      ;
; -3.047 ; RF32x32:inst|RFC32x32:inst1|RFC32:inst7|RFC8:inst3|RFC:inst14|inst  ; RAM32x32:inst1|MC1x32:inst55|inst[24] ; CLK          ; Instr[0]    ; 0.500        ; 1.384      ; 3.376      ;
; -3.047 ; RF32x32:inst|RFC32x32:inst1|RFC32:inst5|RFC8:inst3|RFC:inst14|inst  ; RAM32x32:inst1|MC1x32:inst55|inst[24] ; CLK          ; Instr[0]    ; 0.500        ; 1.415      ; 3.407      ;
; -3.038 ; RF32x32:inst|RFC32x32:inst1|RFC32:inst17|RFC8:inst3|RFC:inst13|inst ; RAM32x32:inst1|MC1x32:inst55|inst[26] ; CLK          ; Instr[0]    ; 0.500        ; 1.786      ; 4.311      ;
; -3.031 ; RF32x32:inst|RFC32x32:inst1|RFC32:inst8|RFC8:inst3|RFC:inst14|inst  ; RAM32x32:inst1|MC1x32:inst55|inst[24] ; CLK          ; Instr[0]    ; 0.500        ; 1.106      ; 3.082      ;
; -3.030 ; RF32x32:inst|RFC32x32:inst1|RFC32:inst29|RFC8:inst3|RFC:inst14|inst ; RAM32x32:inst1|MC1x32:inst55|inst[24] ; CLK          ; Instr[0]    ; 0.500        ; 1.174      ; 3.149      ;
; -3.029 ; RF32x32:inst|RFC32x32:inst1|RFC32:inst14|RFC8:inst3|RFC:inst10|inst ; RAM32x32:inst1|MC1x32:inst55|inst[28] ; CLK          ; Instr[0]    ; 0.500        ; 1.451      ; 4.048      ;
; -3.026 ; RF32x32:inst|RFC32x32:inst1|RFC32:inst23|RFC8:inst1|RFC:inst14|inst ; RAM32x32:inst1|MC1x32:inst55|inst[0]  ; CLK          ; Instr[0]    ; 0.500        ; 2.838      ; 5.210      ;
; -3.021 ; RF32x32:inst|RFC32x32:inst1|RFC32:inst30|RFC8:inst1|RFC:inst12|inst ; RAM32x32:inst1|MC1x32:inst55|inst[1]  ; CLK          ; Instr[0]    ; 0.500        ; 3.834      ; 6.413      ;
; -3.000 ; RF32x32:inst|RFC32x32:inst1|RFC32:inst15|RFC8:inst3|RFC:inst13|inst ; RAM32x32:inst1|MC1x32:inst49|inst[26] ; CLK          ; Instr[0]    ; 0.500        ; 3.496      ; 4.632      ;
; -2.997 ; RF32x32:inst|RFC32x32:inst1|RFC32:inst13|RFC8:inst3|RFC:inst13|inst ; RAM32x32:inst1|MC1x32:inst49|inst[26] ; CLK          ; Instr[0]    ; 0.500        ; 2.800      ; 3.933      ;
; -2.989 ; RF32x32:inst|RFC32x32:inst1|RFC32:inst18|RFC8:inst|RFC:inst14|inst  ; RAM32x32:inst1|MC1x32:inst55|inst[8]  ; CLK          ; Instr[0]    ; 0.500        ; 2.049      ; 4.252      ;
; -2.988 ; RF32x32:inst|RFC32x32:inst1|RFC32:inst8|RFC8:inst3|RFC:inst13|inst  ; RAM32x32:inst1|MC1x32:inst49|inst[26] ; CLK          ; Instr[0]    ; 0.500        ; 2.644      ; 3.768      ;
; -2.987 ; RF32x32:inst|RFC32x32:inst1|RFC32:inst30|RFC8:inst1|RFC:inst14|inst ; RAM32x32:inst1|MC1x32:inst55|inst[0]  ; CLK          ; Instr[0]    ; 0.500        ; 2.794      ; 5.127      ;
; -2.985 ; RF32x32:inst|RFC32x32:inst1|RFC32:inst24|RFC8:inst3|RFC:inst10|inst ; RAM32x32:inst1|MC1x32:inst55|inst[28] ; CLK          ; Instr[0]    ; 0.500        ; 1.652      ; 4.205      ;
; -2.970 ; RF32x32:inst|RFC32x32:inst1|RFC32:inst12|RFC8:inst3|RFC:inst10|inst ; RAM32x32:inst1|MC1x32:inst55|inst[28] ; CLK          ; Instr[0]    ; 0.500        ; 1.786      ; 4.324      ;
; -2.965 ; RF32x32:inst|RFC32x32:inst1|RFC32:inst27|RFC8:inst3|RFC:inst12|inst ; RAM32x32:inst1|MC1x32:inst55|inst[25] ; CLK          ; Instr[0]    ; 0.500        ; 1.405      ; 3.925      ;
; -2.959 ; RF32x32:inst|RFC32x32:inst1|RFC32:inst5|RFC8:inst1|RFC:inst12|inst  ; RAM32x32:inst1|MC1x32:inst51|inst[1]  ; CLK          ; Instr[0]    ; 0.500        ; 4.680      ; 7.158      ;
; -2.955 ; RF32x32:inst|RFC32x32:inst1|RFC32:inst6|RFC8:inst|RFC:inst14|inst   ; RAM32x32:inst1|MC1x32:inst55|inst[8]  ; CLK          ; Instr[0]    ; 0.500        ; 1.969      ; 4.138      ;
; -2.948 ; RF32x32:inst|RFC32x32:inst1|RFC32:inst8|RFC8:inst3|RFC:inst10|inst  ; RAM32x32:inst1|MC1x32:inst55|inst[28] ; CLK          ; Instr[0]    ; 0.500        ; 1.342      ; 3.858      ;
; -2.944 ; RF32x32:inst|RFC32x32:inst1|RFC32:inst40|RFC8:inst1|RFC:inst12|inst ; RAM32x32:inst1|MC1x32:inst55|inst[1]  ; CLK          ; Instr[0]    ; 0.500        ; 3.537      ; 6.039      ;
; -2.937 ; RF32x32:inst|RFC32x32:inst1|RFC32:inst18|RFC8:inst3|RFC:inst13|inst ; RAM32x32:inst1|MC1x32:inst55|inst[26] ; CLK          ; Instr[0]    ; 0.500        ; 1.527      ; 3.951      ;
; -2.929 ; RF32x32:inst|RFC32x32:inst1|RFC32:inst10|RFC8:inst|RFC:inst14|inst  ; RAM32x32:inst1|MC1x32:inst55|inst[8]  ; CLK          ; Instr[0]    ; 0.500        ; 2.166      ; 4.309      ;
; -2.926 ; RF32x32:inst|RFC32x32:inst1|RFC32:inst6|RFC8:inst1|RFC:inst13|inst  ; RAM32x32:inst1|MC1x32:inst55|inst[2]  ; CLK          ; Instr[0]    ; 0.500        ; 1.531      ; 3.848      ;
; -2.925 ; RF32x32:inst|RFC32x32:inst1|RFC32:inst9|RFC8:inst3|RFC:inst14|inst  ; RAM32x32:inst1|MC1x32:inst55|inst[24] ; CLK          ; Instr[0]    ; 0.500        ; 1.106      ; 2.976      ;
; -2.922 ; RF32x32:inst|RFC32x32:inst1|RFC32:inst6|RFC8:inst3|RFC:inst14|inst  ; RAM32x32:inst1|MC1x32:inst55|inst[24] ; CLK          ; Instr[0]    ; 0.500        ; 1.385      ; 3.252      ;
; -2.907 ; RF32x32:inst|RFC32x32:inst1|RFC32:inst10|RFC8:inst3|RFC:inst14|inst ; RAM32x32:inst1|MC1x32:inst55|inst[24] ; CLK          ; Instr[0]    ; 0.500        ; 1.599      ; 3.451      ;
; -2.899 ; RF32x32:inst|RFC32x32:inst1|RFC32:inst39|RFC8:inst3|RFC:inst14|inst ; RAM32x32:inst1|MC1x32:inst55|inst[24] ; CLK          ; Instr[0]    ; 0.500        ; 1.485      ; 3.329      ;
; -2.897 ; RF32x32:inst|RFC32x32:inst1|RFC32:inst15|RFC8:inst3|RFC:inst10|inst ; RAM32x32:inst1|MC1x32:inst55|inst[28] ; CLK          ; Instr[0]    ; 0.500        ; 1.749      ; 4.214      ;
; -2.895 ; RF32x32:inst|RFC32x32:inst1|RFC32:inst12|RFC8:inst2|RFC:inst10|inst ; RAM32x32:inst1|MC1x32:inst55|inst[20] ; CLK          ; Instr[0]    ; 0.500        ; 1.930      ; 4.400      ;
; -2.892 ; RF32x32:inst|RFC32x32:inst1|RFC32:inst23|RFC8:inst3|RFC:inst14|inst ; RAM32x32:inst1|MC1x32:inst55|inst[24] ; CLK          ; Instr[0]    ; 0.500        ; 1.381      ; 3.218      ;
; -2.888 ; RF32x32:inst|RFC32x32:inst1|RFC32:inst29|RFC8:inst3|RFC:inst10|inst ; RAM32x32:inst1|MC1x32:inst55|inst[28] ; CLK          ; Instr[0]    ; 0.500        ; 1.410      ; 3.866      ;
+--------+---------------------------------------------------------------------+---------------------------------------+--------------+-------------+--------------+------------+------------+


+--------------------------------------------------------------------------------------------------------------------------------------------------------------------------------------------+
; Slow Model Hold: 'Instr[0]'                                                                                                                                                                ;
+--------+---------------------------------------------------------------------+---------------------------------------+--------------+-------------+--------------+------------+------------+
; Slack  ; From Node                                                           ; To Node                               ; Launch Clock ; Latch Clock ; Relationship ; Clock Skew ; Data Delay ;
+--------+---------------------------------------------------------------------+---------------------------------------+--------------+-------------+--------------+------------+------------+
; -7.695 ; RF32x32:inst|RFC32x32:inst1|RFC32:inst23|RFC8:inst2|RFC:inst9|inst  ; RAM32x32:inst1|MC1x32:inst35|inst[21] ; CLK          ; Instr[0]    ; 0.000        ; 10.492     ; 2.797      ;
; -7.654 ; RF32x32:inst|RFC32x32:inst1|RFC32:inst9|RFC8:inst2|RFC:inst10|inst  ; RAM32x32:inst1|MC1x32:inst35|inst[20] ; CLK          ; Instr[0]    ; 0.000        ; 10.743     ; 3.089      ;
; -7.576 ; RF32x32:inst|RFC32x32:inst1|RFC32:inst16|RFC8:inst2|RFC:inst10|inst ; RAM32x32:inst1|MC1x32:inst35|inst[20] ; CLK          ; Instr[0]    ; 0.000        ; 10.742     ; 3.166      ;
; -7.487 ; RF32x32:inst|RFC32x32:inst1|RFC32:inst15|RFC8:inst|RFC:inst13|inst  ; RAM32x32:inst1|MC1x32:inst35|inst[10] ; CLK          ; Instr[0]    ; 0.000        ; 10.830     ; 3.343      ;
; -7.445 ; RF32x32:inst|RFC32x32:inst1|RFC32:inst13|RFC8:inst1|RFC:inst14|inst ; RAM32x32:inst1|MC1x32:inst55|inst[0]  ; CLK          ; Instr[0]    ; -0.500       ; 10.042     ; 2.097      ;
; -7.444 ; RF32x32:inst|RFC32x32:inst1|RFC32:inst|RFC8:inst2|RFC:inst9|inst    ; RAM32x32:inst1|MC1x32:inst35|inst[21] ; CLK          ; Instr[0]    ; 0.000        ; 10.491     ; 3.047      ;
; -7.438 ; RF32x32:inst|RFC32x32:inst1|RFC32:inst13|RFC8:inst1|RFC:inst14|inst ; RAM32x32:inst1|MC1x32:inst43|inst[0]  ; CLK          ; Instr[0]    ; 0.000        ; 9.539      ; 2.101      ;
; -7.416 ; RF32x32:inst|RFC32x32:inst1|RFC32:inst11|RFC8:inst|RFC:inst13|inst  ; RAM32x32:inst1|MC1x32:inst35|inst[10] ; CLK          ; Instr[0]    ; 0.000        ; 10.634     ; 3.218      ;
; -7.408 ; RF32x32:inst|RFC32x32:inst1|RFC32:inst27|RFC8:inst|RFC:inst12|inst  ; RAM32x32:inst1|MC1x32:inst35|inst[9]  ; CLK          ; Instr[0]    ; 0.000        ; 10.483     ; 3.075      ;
; -7.405 ; RF32x32:inst|RFC32x32:inst1|RFC32:inst7|RFC8:inst1|RFC:inst12|inst  ; RAM32x32:inst1|MC1x32:inst35|inst[1]  ; CLK          ; Instr[0]    ; 0.000        ; 10.555     ; 3.150      ;
; -7.400 ; RF32x32:inst|RFC32x32:inst1|RFC32:inst13|RFC8:inst1|RFC:inst14|inst ; RAM32x32:inst1|MC1x32:inst51|inst[0]  ; CLK          ; Instr[0]    ; 0.000        ; 9.490      ; 2.090      ;
; -7.386 ; RF32x32:inst|RFC32x32:inst1|RFC32:inst5|RFC8:inst2|RFC:inst9|inst   ; RAM32x32:inst1|MC1x32:inst35|inst[21] ; CLK          ; Instr[0]    ; 0.000        ; 10.516     ; 3.130      ;
; -7.371 ; RF32x32:inst|RFC32x32:inst1|RFC32:inst12|RFC8:inst2|RFC:inst9|inst  ; RAM32x32:inst1|MC1x32:inst35|inst[21] ; CLK          ; Instr[0]    ; 0.000        ; 10.299     ; 2.928      ;
; -7.339 ; RF32x32:inst|RFC32x32:inst1|RFC32:inst8|RFC8:inst2|RFC:inst10|inst  ; RAM32x32:inst1|MC1x32:inst35|inst[20] ; CLK          ; Instr[0]    ; 0.000        ; 10.741     ; 3.402      ;
; -7.328 ; RF32x32:inst|RFC32x32:inst1|RFC32:inst10|RFC8:inst2|RFC:inst10|inst ; RAM32x32:inst1|MC1x32:inst35|inst[20] ; CLK          ; Instr[0]    ; 0.000        ; 10.751     ; 3.423      ;
; -7.325 ; RF32x32:inst|RFC32x32:inst1|RFC32:inst20|RFC8:inst1|RFC:inst14|inst ; RAM32x32:inst1|MC1x32:inst55|inst[0]  ; CLK          ; Instr[0]    ; -0.500       ; 10.043     ; 2.218      ;
; -7.318 ; RF32x32:inst|RFC32x32:inst1|RFC32:inst20|RFC8:inst1|RFC:inst14|inst ; RAM32x32:inst1|MC1x32:inst43|inst[0]  ; CLK          ; Instr[0]    ; 0.000        ; 9.540      ; 2.222      ;
; -7.317 ; RF32x32:inst|RFC32x32:inst1|RFC32:inst5|RFC8:inst|RFC:inst12|inst   ; RAM32x32:inst1|MC1x32:inst35|inst[9]  ; CLK          ; Instr[0]    ; 0.000        ; 10.776     ; 3.459      ;
; -7.284 ; RF32x32:inst|RFC32x32:inst1|RFC32:inst13|RFC8:inst1|RFC:inst14|inst ; RAM32x32:inst1|MC1x32:inst45|inst[0]  ; CLK          ; Instr[0]    ; -0.500       ; 9.889      ; 2.105      ;
; -7.282 ; RF32x32:inst|RFC32x32:inst1|RFC32:inst10|RFC8:inst|RFC:inst13|inst  ; RAM32x32:inst1|MC1x32:inst35|inst[10] ; CLK          ; Instr[0]    ; 0.000        ; 10.633     ; 3.351      ;
; -7.280 ; RF32x32:inst|RFC32x32:inst1|RFC32:inst20|RFC8:inst1|RFC:inst14|inst ; RAM32x32:inst1|MC1x32:inst51|inst[0]  ; CLK          ; Instr[0]    ; 0.000        ; 9.491      ; 2.211      ;
; -7.274 ; RF32x32:inst|RFC32x32:inst1|RFC32:inst25|RFC8:inst2|RFC:inst9|inst  ; RAM32x32:inst1|MC1x32:inst35|inst[21] ; CLK          ; Instr[0]    ; 0.000        ; 10.661     ; 3.387      ;
; -7.246 ; RF32x32:inst|RFC32x32:inst1|RFC32:inst27|RFC8:inst1|RFC:inst12|inst ; RAM32x32:inst1|MC1x32:inst35|inst[1]  ; CLK          ; Instr[0]    ; 0.000        ; 10.781     ; 3.535      ;
; -7.242 ; RF32x32:inst|RFC32x32:inst1|RFC32:inst16|RFC8:inst2|RFC:inst9|inst  ; RAM32x32:inst1|MC1x32:inst35|inst[21] ; CLK          ; Instr[0]    ; 0.000        ; 10.741     ; 3.499      ;
; -7.240 ; RF32x32:inst|RFC32x32:inst1|RFC32:inst15|RFC8:inst2|RFC:inst10|inst ; RAM32x32:inst1|MC1x32:inst35|inst[20] ; CLK          ; Instr[0]    ; 0.000        ; 10.738     ; 3.498      ;
; -7.235 ; RF32x32:inst|RFC32x32:inst1|RFC32:inst19|RFC8:inst2|RFC:inst11|inst ; RAM32x32:inst1|MC1x32:inst35|inst[19] ; CLK          ; Instr[0]    ; 0.000        ; 10.566     ; 3.331      ;
; -7.215 ; RF32x32:inst|RFC32x32:inst1|RFC32:inst5|RFC8:inst|RFC:inst11|inst   ; RAM32x32:inst1|MC1x32:inst35|inst[11] ; CLK          ; Instr[0]    ; 0.000        ; 10.762     ; 3.547      ;
; -7.185 ; RF32x32:inst|RFC32x32:inst1|RFC32:inst32|RFC8:inst2|RFC:inst9|inst  ; RAM32x32:inst1|MC1x32:inst35|inst[21] ; CLK          ; Instr[0]    ; 0.000        ; 10.663     ; 3.478      ;
; -7.183 ; RF32x32:inst|RFC32x32:inst1|RFC32:inst|RFC8:inst|RFC:inst12|inst    ; RAM32x32:inst1|MC1x32:inst35|inst[9]  ; CLK          ; Instr[0]    ; 0.000        ; 10.777     ; 3.594      ;
; -7.179 ; RF32x32:inst|RFC32x32:inst1|RFC32:inst32|RFC8:inst|RFC:inst12|inst  ; RAM32x32:inst1|MC1x32:inst35|inst[9]  ; CLK          ; Instr[0]    ; 0.000        ; 10.635     ; 3.456      ;
; -7.178 ; RF32x32:inst|RFC32x32:inst1|RFC32:inst7|RFC8:inst2|RFC:inst9|inst   ; RAM32x32:inst1|MC1x32:inst35|inst[21] ; CLK          ; Instr[0]    ; 0.000        ; 10.730     ; 3.552      ;
; -7.171 ; RF32x32:inst|RFC32x32:inst1|RFC32:inst30|RFC8:inst2|RFC:inst9|inst  ; RAM32x32:inst1|MC1x32:inst35|inst[21] ; CLK          ; Instr[0]    ; 0.000        ; 10.673     ; 3.502      ;
; -7.166 ; RF32x32:inst|RFC32x32:inst1|RFC32:inst16|RFC8:inst|RFC:inst13|inst  ; RAM32x32:inst1|MC1x32:inst35|inst[10] ; CLK          ; Instr[0]    ; 0.000        ; 10.831     ; 3.665      ;
; -7.164 ; RF32x32:inst|RFC32x32:inst1|RFC32:inst20|RFC8:inst1|RFC:inst14|inst ; RAM32x32:inst1|MC1x32:inst45|inst[0]  ; CLK          ; Instr[0]    ; -0.500       ; 9.890      ; 2.226      ;
; -7.163 ; RF32x32:inst|RFC32x32:inst1|RFC32:inst8|RFC8:inst|RFC:inst12|inst   ; RAM32x32:inst1|MC1x32:inst35|inst[9]  ; CLK          ; Instr[0]    ; 0.000        ; 10.570     ; 3.407      ;
; -7.163 ; RF32x32:inst|RFC32x32:inst1|RFC32:inst28|RFC8:inst2|RFC:inst9|inst  ; RAM32x32:inst1|MC1x32:inst35|inst[21] ; CLK          ; Instr[0]    ; 0.000        ; 10.684     ; 3.521      ;
; -7.148 ; RF32x32:inst|RFC32x32:inst1|RFC32:inst10|RFC8:inst3|RFC:inst10|inst ; RAM32x32:inst1|MC1x32:inst35|inst[28] ; CLK          ; Instr[0]    ; 0.000        ; 10.461     ; 3.313      ;
; -7.134 ; RF32x32:inst|RFC32x32:inst1|RFC32:inst7|RFC8:inst1|RFC:inst12|inst  ; RAM32x32:inst1|MC1x32:inst49|inst[1]  ; CLK          ; Instr[0]    ; 0.000        ; 9.534      ; 2.400      ;
; -7.133 ; RF32x32:inst|RFC32x32:inst1|RFC32:inst30|RFC8:inst2|RFC:inst10|inst ; RAM32x32:inst1|MC1x32:inst35|inst[20] ; CLK          ; Instr[0]    ; 0.000        ; 10.674     ; 3.541      ;
; -7.127 ; RF32x32:inst|RFC32x32:inst1|RFC32:inst|RFC8:inst3|RFC:inst18|inst   ; RAM32x32:inst1|MC1x32:inst35|inst[31] ; CLK          ; Instr[0]    ; 0.000        ; 10.265     ; 3.138      ;
; -7.118 ; RF32x32:inst|RFC32x32:inst1|RFC32:inst8|RFC8:inst2|RFC:inst18|inst  ; RAM32x32:inst1|MC1x32:inst35|inst[23] ; CLK          ; Instr[0]    ; 0.000        ; 10.741     ; 3.623      ;
; -7.107 ; RF32x32:inst|RFC32x32:inst1|RFC32:inst39|RFC8:inst2|RFC:inst11|inst ; RAM32x32:inst1|MC1x32:inst35|inst[19] ; CLK          ; Instr[0]    ; 0.000        ; 10.568     ; 3.461      ;
; -7.106 ; RF32x32:inst|RFC32x32:inst1|RFC32:inst29|RFC8:inst|RFC:inst13|inst  ; RAM32x32:inst1|MC1x32:inst35|inst[10] ; CLK          ; Instr[0]    ; 0.000        ; 10.526     ; 3.420      ;
; -7.105 ; RF32x32:inst|RFC32x32:inst1|RFC32:inst15|RFC8:inst2|RFC:inst9|inst  ; RAM32x32:inst1|MC1x32:inst35|inst[21] ; CLK          ; Instr[0]    ; 0.000        ; 10.737     ; 3.632      ;
; -7.105 ; RF32x32:inst|RFC32x32:inst1|RFC32:inst27|RFC8:inst|RFC:inst11|inst  ; RAM32x32:inst1|MC1x32:inst35|inst[11] ; CLK          ; Instr[0]    ; 0.000        ; 10.469     ; 3.364      ;
; -7.104 ; RF32x32:inst|RFC32x32:inst1|RFC32:inst8|RFC8:inst2|RFC:inst18|inst  ; RAM32x32:inst1|MC1x32:inst28|inst[23] ; CLK          ; Instr[0]    ; 0.000        ; 10.229     ; 3.125      ;
; -7.101 ; RF32x32:inst|RFC32x32:inst1|RFC32:inst24|RFC8:inst3|RFC:inst18|inst ; RAM32x32:inst1|MC1x32:inst35|inst[31] ; CLK          ; Instr[0]    ; 0.000        ; 10.274     ; 3.173      ;
; -7.099 ; RF32x32:inst|RFC32x32:inst1|RFC32:inst24|RFC8:inst2|RFC:inst13|inst ; RAM32x32:inst1|MC1x32:inst33|inst[18] ; CLK          ; Instr[0]    ; 0.000        ; 9.947      ; 2.848      ;
; -7.090 ; RF32x32:inst|RFC32x32:inst1|RFC32:inst38|RFC8:inst|RFC:inst13|inst  ; RAM32x32:inst1|MC1x32:inst35|inst[10] ; CLK          ; Instr[0]    ; 0.000        ; 10.751     ; 3.661      ;
; -7.087 ; RF32x32:inst|RFC32x32:inst1|RFC32:inst13|RFC8:inst1|RFC:inst14|inst ; RAM32x32:inst1|MC1x32:inst35|inst[0]  ; CLK          ; Instr[0]    ; 0.000        ; 10.672     ; 3.585      ;
; -7.086 ; RF32x32:inst|RFC32x32:inst1|RFC32:inst6|RFC8:inst|RFC:inst11|inst   ; RAM32x32:inst1|MC1x32:inst35|inst[11] ; CLK          ; Instr[0]    ; 0.000        ; 10.420     ; 3.334      ;
; -7.079 ; RF32x32:inst|RFC32x32:inst1|RFC32:inst24|RFC8:inst2|RFC:inst13|inst ; RAM32x32:inst1|MC1x32:inst35|inst[18] ; CLK          ; Instr[0]    ; 0.000        ; 10.483     ; 3.404      ;
; -7.073 ; RF32x32:inst|RFC32x32:inst1|RFC32:inst11|RFC8:inst|RFC:inst11|inst  ; RAM32x32:inst1|MC1x32:inst35|inst[11] ; CLK          ; Instr[0]    ; 0.000        ; 10.618     ; 3.545      ;
; -7.069 ; RF32x32:inst|RFC32x32:inst1|RFC32:inst9|RFC8:inst2|RFC:inst9|inst   ; RAM32x32:inst1|MC1x32:inst35|inst[21] ; CLK          ; Instr[0]    ; 0.000        ; 10.742     ; 3.673      ;
; -7.066 ; RF32x32:inst|RFC32x32:inst1|RFC32:inst8|RFC8:inst2|RFC:inst18|inst  ; RAM32x32:inst1|MC1x32:inst36|inst[23] ; CLK          ; Instr[0]    ; 0.000        ; 10.063     ; 2.997      ;
; -7.064 ; RF32x32:inst|RFC32x32:inst1|RFC32:inst23|RFC8:inst3|RFC:inst10|inst ; RAM32x32:inst1|MC1x32:inst35|inst[28] ; CLK          ; Instr[0]    ; 0.000        ; 10.238     ; 3.174      ;
; -7.056 ; RF32x32:inst|RFC32x32:inst1|RFC32:inst5|RFC8:inst3|RFC:inst18|inst  ; RAM32x32:inst1|MC1x32:inst35|inst[31] ; CLK          ; Instr[0]    ; 0.000        ; 10.263     ; 3.207      ;
; -7.053 ; RF32x32:inst|RFC32x32:inst1|RFC32:inst11|RFC8:inst3|RFC:inst18|inst ; RAM32x32:inst1|MC1x32:inst35|inst[31] ; CLK          ; Instr[0]    ; 0.000        ; 10.460     ; 3.407      ;
; -7.051 ; RF32x32:inst|RFC32x32:inst1|RFC32:inst38|RFC8:inst2|RFC:inst9|inst  ; RAM32x32:inst1|MC1x32:inst35|inst[21] ; CLK          ; Instr[0]    ; 0.000        ; 10.299     ; 3.248      ;
; -7.048 ; RF32x32:inst|RFC32x32:inst1|RFC32:inst23|RFC8:inst2|RFC:inst9|inst  ; RAM32x32:inst1|MC1x32:inst28|inst[21] ; CLK          ; Instr[0]    ; 0.000        ; 10.114     ; 3.066      ;
; -7.048 ; RF32x32:inst|RFC32x32:inst1|RFC32:inst|RFC8:inst2|RFC:inst11|inst   ; RAM32x32:inst1|MC1x32:inst35|inst[19] ; CLK          ; Instr[0]    ; 0.000        ; 10.540     ; 3.492      ;
; -7.040 ; RF32x32:inst|RFC32x32:inst1|RFC32:inst13|RFC8:inst1|RFC:inst14|inst ; RAM32x32:inst1|MC1x32:inst50|inst[0]  ; CLK          ; Instr[0]    ; 0.000        ; 9.140      ; 2.100      ;
; -7.037 ; RF32x32:inst|RFC32x32:inst1|RFC32:inst29|RFC8:inst2|RFC:inst9|inst  ; RAM32x32:inst1|MC1x32:inst35|inst[21] ; CLK          ; Instr[0]    ; 0.000        ; 10.674     ; 3.637      ;
; -7.031 ; RF32x32:inst|RFC32x32:inst1|RFC32:inst31|RFC8:inst2|RFC:inst9|inst  ; RAM32x32:inst1|MC1x32:inst35|inst[21] ; CLK          ; Instr[0]    ; 0.000        ; 10.664     ; 3.633      ;
; -7.030 ; RF32x32:inst|RFC32x32:inst1|RFC32:inst27|RFC8:inst2|RFC:inst9|inst  ; RAM32x32:inst1|MC1x32:inst35|inst[21] ; CLK          ; Instr[0]    ; 0.000        ; 10.685     ; 3.655      ;
; -7.029 ; RF32x32:inst|RFC32x32:inst1|RFC32:inst16|RFC8:inst2|RFC:inst18|inst ; RAM32x32:inst1|MC1x32:inst35|inst[23] ; CLK          ; Instr[0]    ; 0.000        ; 10.742     ; 3.713      ;
; -7.027 ; RF32x32:inst|RFC32x32:inst1|RFC32:inst9|RFC8:inst|RFC:inst12|inst   ; RAM32x32:inst1|MC1x32:inst35|inst[9]  ; CLK          ; Instr[0]    ; 0.000        ; 10.570     ; 3.543      ;
; -7.023 ; RF32x32:inst|RFC32x32:inst1|RFC32:inst14|RFC8:inst|RFC:inst8|inst   ; RAM32x32:inst1|MC1x32:inst35|inst[14] ; CLK          ; Instr[0]    ; 0.000        ; 10.585     ; 3.562      ;
; -7.023 ; RF32x32:inst|RFC32x32:inst1|RFC32:inst6|RFC8:inst2|RFC:inst9|inst   ; RAM32x32:inst1|MC1x32:inst35|inst[21] ; CLK          ; Instr[0]    ; 0.000        ; 10.441     ; 3.418      ;
; -7.020 ; RF32x32:inst|RFC32x32:inst1|RFC32:inst14|RFC8:inst|RFC:inst8|inst   ; RAM32x32:inst1|MC1x32:inst33|inst[14] ; CLK          ; Instr[0]    ; 0.000        ; 9.991      ; 2.971      ;
; -7.019 ; RF32x32:inst|RFC32x32:inst1|RFC32:inst13|RFC8:inst|RFC:inst9|inst   ; RAM32x32:inst1|MC1x32:inst28|inst[13] ; CLK          ; Instr[0]    ; 0.000        ; 9.691      ; 2.672      ;
; -7.018 ; RF32x32:inst|RFC32x32:inst1|RFC32:inst6|RFC8:inst1|RFC:inst14|inst  ; RAM32x32:inst1|MC1x32:inst55|inst[0]  ; CLK          ; Instr[0]    ; -0.500       ; 9.901      ; 2.383      ;
; -7.015 ; RF32x32:inst|RFC32x32:inst1|RFC32:inst16|RFC8:inst2|RFC:inst18|inst ; RAM32x32:inst1|MC1x32:inst28|inst[23] ; CLK          ; Instr[0]    ; 0.000        ; 10.230     ; 3.215      ;
; -7.014 ; RF32x32:inst|RFC32x32:inst1|RFC32:inst13|RFC8:inst|RFC:inst13|inst  ; RAM32x32:inst1|MC1x32:inst35|inst[10] ; CLK          ; Instr[0]    ; 0.000        ; 10.817     ; 3.803      ;
; -7.014 ; RF32x32:inst|RFC32x32:inst1|RFC32:inst7|RFC8:inst3|RFC:inst18|inst  ; RAM32x32:inst1|MC1x32:inst35|inst[31] ; CLK          ; Instr[0]    ; 0.000        ; 10.504     ; 3.490      ;
; -7.012 ; RF32x32:inst|RFC32x32:inst1|RFC32:inst11|RFC8:inst3|RFC:inst10|inst ; RAM32x32:inst1|MC1x32:inst35|inst[28] ; CLK          ; Instr[0]    ; 0.000        ; 10.459     ; 3.447      ;
; -7.011 ; RF32x32:inst|RFC32x32:inst1|RFC32:inst6|RFC8:inst1|RFC:inst14|inst  ; RAM32x32:inst1|MC1x32:inst43|inst[0]  ; CLK          ; Instr[0]    ; 0.000        ; 9.398      ; 2.387      ;
; -7.009 ; RF32x32:inst|RFC32x32:inst1|RFC32:inst10|RFC8:inst2|RFC:inst9|inst  ; RAM32x32:inst1|MC1x32:inst35|inst[21] ; CLK          ; Instr[0]    ; 0.000        ; 10.425     ; 3.416      ;
; -7.002 ; RF32x32:inst|RFC32x32:inst1|RFC32:inst15|RFC8:inst|RFC:inst13|inst  ; RAM32x32:inst1|MC1x32:inst28|inst[10] ; CLK          ; Instr[0]    ; 0.000        ; 10.355     ; 3.353      ;
; -7.002 ; RF32x32:inst|RFC32x32:inst1|RFC32:inst29|RFC8:inst2|RFC:inst10|inst ; RAM32x32:inst1|MC1x32:inst35|inst[20] ; CLK          ; Instr[0]    ; 0.000        ; 10.675     ; 3.673      ;
; -7.000 ; RF32x32:inst|RFC32x32:inst1|RFC32:inst16|RFC8:inst1|RFC:inst13|inst ; RAM32x32:inst1|MC1x32:inst33|inst[2]  ; CLK          ; Instr[0]    ; 0.000        ; 10.298     ; 3.298      ;
; -6.999 ; RF32x32:inst|RFC32x32:inst1|RFC32:inst6|RFC8:inst1|RFC:inst12|inst  ; RAM32x32:inst1|MC1x32:inst35|inst[1]  ; CLK          ; Instr[0]    ; 0.000        ; 10.552     ; 3.553      ;
; -6.996 ; RF32x32:inst|RFC32x32:inst1|RFC32:inst30|RFC8:inst2|RFC:inst8|inst  ; RAM32x32:inst1|MC1x32:inst33|inst[22] ; CLK          ; Instr[0]    ; 0.000        ; 10.138     ; 3.142      ;
; -6.993 ; RF32x32:inst|RFC32x32:inst1|RFC32:inst27|RFC8:inst|RFC:inst12|inst  ; RAM32x32:inst1|MC1x32:inst28|inst[9]  ; CLK          ; Instr[0]    ; 0.000        ; 9.964      ; 2.971      ;
; -6.992 ; RF32x32:inst|RFC32x32:inst1|RFC32:inst40|RFC8:inst3|RFC:inst18|inst ; RAM32x32:inst1|MC1x32:inst35|inst[31] ; CLK          ; Instr[0]    ; 0.000        ; 10.257     ; 3.265      ;
; -6.988 ; RF32x32:inst|RFC32x32:inst1|RFC32:inst18|RFC8:inst2|RFC:inst9|inst  ; RAM32x32:inst1|MC1x32:inst35|inst[21] ; CLK          ; Instr[0]    ; 0.000        ; 10.268     ; 3.280      ;
; -6.987 ; RF32x32:inst|RFC32x32:inst1|RFC32:inst30|RFC8:inst2|RFC:inst8|inst  ; RAM32x32:inst1|MC1x32:inst35|inst[22] ; CLK          ; Instr[0]    ; 0.000        ; 10.672     ; 3.685      ;
; -6.986 ; RF32x32:inst|RFC32x32:inst1|RFC32:inst9|RFC8:inst2|RFC:inst18|inst  ; RAM32x32:inst1|MC1x32:inst35|inst[23] ; CLK          ; Instr[0]    ; 0.000        ; 10.743     ; 3.757      ;
; -6.982 ; RF32x32:inst|RFC32x32:inst1|RFC32:inst5|RFC8:inst|RFC:inst11|inst   ; RAM32x32:inst1|MC1x32:inst28|inst[11] ; CLK          ; Instr[0]    ; 0.000        ; 10.301     ; 3.319      ;
; -6.982 ; RF32x32:inst|RFC32x32:inst1|RFC32:inst15|RFC8:inst2|RFC:inst8|inst  ; RAM32x32:inst1|MC1x32:inst33|inst[22] ; CLK          ; Instr[0]    ; 0.000        ; 10.202     ; 3.220      ;
; -6.978 ; RF32x32:inst|RFC32x32:inst1|RFC32:inst7|RFC8:inst1|RFC:inst12|inst  ; RAM32x32:inst1|MC1x32:inst45|inst[1]  ; CLK          ; Instr[0]    ; -0.500       ; 9.875      ; 2.397      ;
; -6.977 ; RF32x32:inst|RFC32x32:inst1|RFC32:inst21|RFC8:inst1|RFC:inst12|inst ; RAM32x32:inst1|MC1x32:inst35|inst[1]  ; CLK          ; Instr[0]    ; 0.000        ; 10.789     ; 3.812      ;
; -6.977 ; RF32x32:inst|RFC32x32:inst1|RFC32:inst16|RFC8:inst2|RFC:inst18|inst ; RAM32x32:inst1|MC1x32:inst36|inst[23] ; CLK          ; Instr[0]    ; 0.000        ; 10.064     ; 3.087      ;
; -6.976 ; RF32x32:inst|RFC32x32:inst1|RFC32:inst23|RFC8:inst2|RFC:inst9|inst  ; RAM32x32:inst1|MC1x32:inst32|inst[21] ; CLK          ; Instr[0]    ; -0.500       ; 10.285     ; 2.809      ;
; -6.975 ; RF32x32:inst|RFC32x32:inst1|RFC32:inst27|RFC8:inst1|RFC:inst12|inst ; RAM32x32:inst1|MC1x32:inst49|inst[1]  ; CLK          ; Instr[0]    ; 0.000        ; 9.760      ; 2.785      ;
; -6.973 ; RF32x32:inst|RFC32x32:inst1|RFC32:inst6|RFC8:inst1|RFC:inst14|inst  ; RAM32x32:inst1|MC1x32:inst51|inst[0]  ; CLK          ; Instr[0]    ; 0.000        ; 9.349      ; 2.376      ;
; -6.973 ; RF32x32:inst|RFC32x32:inst1|RFC32:inst15|RFC8:inst2|RFC:inst8|inst  ; RAM32x32:inst1|MC1x32:inst35|inst[22] ; CLK          ; Instr[0]    ; 0.000        ; 10.736     ; 3.763      ;
; -6.972 ; RF32x32:inst|RFC32x32:inst1|RFC32:inst9|RFC8:inst2|RFC:inst18|inst  ; RAM32x32:inst1|MC1x32:inst28|inst[23] ; CLK          ; Instr[0]    ; 0.000        ; 10.231     ; 3.259      ;
; -6.971 ; RF32x32:inst|RFC32x32:inst1|RFC32:inst28|RFC8:inst|RFC:inst11|inst  ; RAM32x32:inst1|MC1x32:inst35|inst[11] ; CLK          ; Instr[0]    ; 0.000        ; 10.470     ; 3.499      ;
; -6.967 ; RF32x32:inst|RFC32x32:inst1|RFC32:inst28|RFC8:inst|RFC:inst12|inst  ; RAM32x32:inst1|MC1x32:inst35|inst[9]  ; CLK          ; Instr[0]    ; 0.000        ; 10.484     ; 3.517      ;
+--------+---------------------------------------------------------------------+---------------------------------------+--------------+-------------+--------------+------------+------------+


+---------------------------------------------------------------------------------------------------------------------------------------------------------------+
; Slow Model Hold: 'CLK'                                                                                                                                        ;
+-------+-----------+---------------------------------------------------------------------+--------------+-------------+--------------+------------+------------+
; Slack ; From Node ; To Node                                                             ; Launch Clock ; Latch Clock ; Relationship ; Clock Skew ; Data Delay ;
+-------+-----------+---------------------------------------------------------------------+--------------+-------------+--------------+------------+------------+
; 1.990 ; Instr[0]  ; RF32x32:inst|RFC32x32:inst1|RFC32:inst5|RFC8:inst2|RFC:inst12|inst  ; Instr[0]     ; CLK         ; 0.000        ; 3.374      ; 5.630      ;
; 2.198 ; Instr[0]  ; RF32x32:inst|RFC32x32:inst1|RFC32:inst5|RFC8:inst2|RFC:inst18|inst  ; Instr[0]     ; CLK         ; 0.000        ; 3.221      ; 5.685      ;
; 2.218 ; Instr[0]  ; RF32x32:inst|RFC32x32:inst1|RFC32:inst30|RFC8:inst3|RFC:inst18|inst ; Instr[0]     ; CLK         ; 0.000        ; 3.461      ; 5.945      ;
; 2.220 ; Instr[0]  ; RF32x32:inst|RFC32x32:inst1|RFC32:inst5|RFC8:inst3|RFC:inst18|inst  ; Instr[0]     ; CLK         ; 0.000        ; 3.462      ; 5.948      ;
; 2.297 ; Instr[0]  ; RF32x32:inst|RFC32x32:inst1|RFC32:inst20|RFC8:inst2|RFC:inst18|inst ; Instr[0]     ; CLK         ; 0.000        ; 3.473      ; 6.036      ;
; 2.299 ; Instr[0]  ; RF32x32:inst|RFC32x32:inst1|RFC32:inst21|RFC8:inst2|RFC:inst18|inst ; Instr[0]     ; CLK         ; 0.000        ; 3.473      ; 6.038      ;
; 2.315 ; Instr[0]  ; RF32x32:inst|RFC32x32:inst1|RFC32:inst18|RFC8:inst2|RFC:inst18|inst ; Instr[0]     ; CLK         ; 0.000        ; 3.195      ; 5.776      ;
; 2.316 ; Instr[0]  ; RF32x32:inst|RFC32x32:inst1|RFC32:inst17|RFC8:inst2|RFC:inst18|inst ; Instr[0]     ; CLK         ; 0.000        ; 3.195      ; 5.777      ;
; 2.356 ; Instr[0]  ; RF32x32:inst|RFC32x32:inst1|RFC32:inst13|RFC8:inst3|RFC:inst13|inst ; Instr[0]     ; CLK         ; 0.000        ; 3.652      ; 6.274      ;
; 2.362 ; Instr[0]  ; RF32x32:inst|RFC32x32:inst1|RFC32:inst14|RFC8:inst3|RFC:inst13|inst ; Instr[0]     ; CLK         ; 0.000        ; 3.652      ; 6.280      ;
; 2.402 ; Instr[0]  ; RF32x32:inst|RFC32x32:inst1|RFC32:inst28|RFC8:inst2|RFC:inst18|inst ; Instr[0]     ; CLK         ; 0.000        ; 3.583      ; 6.251      ;
; 2.404 ; Instr[0]  ; RF32x32:inst|RFC32x32:inst1|RFC32:inst27|RFC8:inst2|RFC:inst18|inst ; Instr[0]     ; CLK         ; 0.000        ; 3.586      ; 6.256      ;
; 2.433 ; Instr[0]  ; RF32x32:inst|RFC32x32:inst1|RFC32:inst5|RFC8:inst3|RFC:inst12|inst  ; Instr[0]     ; CLK         ; 0.000        ; 3.544      ; 6.243      ;
; 2.490 ; Instr[0]  ; RF32x32:inst|RFC32x32:inst1|RFC32:inst5|RFC8:inst2|RFC:inst12|inst  ; Instr[0]     ; CLK         ; -0.500       ; 3.374      ; 5.630      ;
; 2.492 ; Instr[0]  ; RF32x32:inst|RFC32x32:inst1|RFC32:inst32|RFC8:inst3|RFC:inst18|inst ; Instr[0]     ; CLK         ; 0.000        ; 3.661      ; 6.419      ;
; 2.493 ; Instr[0]  ; RF32x32:inst|RFC32x32:inst1|RFC32:inst31|RFC8:inst3|RFC:inst18|inst ; Instr[0]     ; CLK         ; 0.000        ; 3.661      ; 6.420      ;
; 2.501 ; Instr[0]  ; RF32x32:inst|RFC32x32:inst1|RFC32:inst23|RFC8:inst2|RFC:inst18|inst ; Instr[0]     ; CLK         ; 0.000        ; 3.486      ; 6.253      ;
; 2.505 ; Instr[0]  ; RF32x32:inst|RFC32x32:inst1|RFC32:inst22|RFC8:inst2|RFC:inst18|inst ; Instr[0]     ; CLK         ; 0.000        ; 3.485      ; 6.256      ;
; 2.511 ; Instr[0]  ; RF32x32:inst|RFC32x32:inst1|RFC32:inst10|RFC8:inst2|RFC:inst18|inst ; Instr[0]     ; CLK         ; 0.000        ; 3.268      ; 6.045      ;
; 2.515 ; Instr[0]  ; RF32x32:inst|RFC32x32:inst1|RFC32:inst11|RFC8:inst2|RFC:inst18|inst ; Instr[0]     ; CLK         ; 0.000        ; 3.267      ; 6.048      ;
; 2.516 ; Instr[0]  ; RF32x32:inst|RFC32x32:inst1|RFC32:inst8|RFC8:inst3|RFC:inst13|inst  ; Instr[0]     ; CLK         ; 0.000        ; 3.808      ; 6.590      ;
; 2.519 ; Instr[0]  ; RF32x32:inst|RFC32x32:inst1|RFC32:inst9|RFC8:inst3|RFC:inst13|inst  ; Instr[0]     ; CLK         ; 0.000        ; 3.807      ; 6.592      ;
; 2.523 ; Instr[0]  ; RF32x32:inst|RFC32x32:inst1|RFC32:inst8|RFC8:inst3|RFC:inst18|inst  ; Instr[0]     ; CLK         ; 0.000        ; 3.454      ; 6.243      ;
; 2.526 ; Instr[0]  ; RF32x32:inst|RFC32x32:inst1|RFC32:inst9|RFC8:inst3|RFC:inst18|inst  ; Instr[0]     ; CLK         ; 0.000        ; 3.454      ; 6.246      ;
; 2.531 ; Instr[0]  ; RF32x32:inst|RFC32x32:inst1|RFC32:inst18|RFC8:inst2|RFC:inst12|inst ; Instr[0]     ; CLK         ; 0.000        ; 3.492      ; 6.289      ;
; 2.531 ; Instr[0]  ; RF32x32:inst|RFC32x32:inst1|RFC32:inst17|RFC8:inst2|RFC:inst12|inst ; Instr[0]     ; CLK         ; 0.000        ; 3.492      ; 6.289      ;
; 2.541 ; Instr[0]  ; RF32x32:inst|RFC32x32:inst1|RFC32:inst12|RFC8:inst2|RFC:inst12|inst ; Instr[0]     ; CLK         ; 0.000        ; 3.562      ; 6.369      ;
; 2.541 ; Instr[0]  ; RF32x32:inst|RFC32x32:inst1|RFC32:inst38|RFC8:inst2|RFC:inst12|inst ; Instr[0]     ; CLK         ; 0.000        ; 3.563      ; 6.370      ;
; 2.549 ; Instr[0]  ; RF32x32:inst|RFC32x32:inst1|RFC32:inst20|RFC8:inst3|RFC:inst18|inst ; Instr[0]     ; CLK         ; 0.000        ; 3.486      ; 6.301      ;
; 2.550 ; Instr[0]  ; RF32x32:inst|RFC32x32:inst1|RFC32:inst21|RFC8:inst3|RFC:inst18|inst ; Instr[0]     ; CLK         ; 0.000        ; 3.486      ; 6.302      ;
; 2.551 ; Instr[0]  ; RF32x32:inst|RFC32x32:inst1|RFC32:inst|RFC8:inst3|RFC:inst18|inst   ; Instr[0]     ; CLK         ; 0.000        ; 3.460      ; 6.277      ;
; 2.553 ; Instr[0]  ; RF32x32:inst|RFC32x32:inst1|RFC32:inst5|RFC8:inst2|RFC:inst9|inst   ; Instr[0]     ; CLK         ; 0.000        ; 3.177      ; 5.996      ;
; 2.554 ; Instr[0]  ; RF32x32:inst|RFC32x32:inst1|RFC32:inst29|RFC8:inst3|RFC:inst18|inst ; Instr[0]     ; CLK         ; 0.000        ; 3.461      ; 6.281      ;
; 2.574 ; Instr[0]  ; RF32x32:inst|RFC32x32:inst1|RFC32:inst11|RFC8:inst2|RFC:inst12|inst ; Instr[0]     ; CLK         ; 0.000        ; 3.497      ; 6.337      ;
; 2.575 ; Instr[0]  ; RF32x32:inst|RFC32x32:inst1|RFC32:inst10|RFC8:inst2|RFC:inst12|inst ; Instr[0]     ; CLK         ; 0.000        ; 3.496      ; 6.337      ;
; 2.576 ; Instr[0]  ; RF32x32:inst|RFC32x32:inst1|RFC32:inst31|RFC8:inst2|RFC:inst18|inst ; Instr[0]     ; CLK         ; 0.000        ; 3.202      ; 6.044      ;
; 2.578 ; Instr[0]  ; RF32x32:inst|RFC32x32:inst1|RFC32:inst27|RFC8:inst3|RFC:inst18|inst ; Instr[0]     ; CLK         ; 0.000        ; 3.611      ; 6.455      ;
; 2.579 ; Instr[0]  ; RF32x32:inst|RFC32x32:inst1|RFC32:inst21|RFC8:inst2|RFC:inst12|inst ; Instr[0]     ; CLK         ; 0.000        ; 3.740      ; 6.585      ;
; 2.579 ; Instr[0]  ; RF32x32:inst|RFC32x32:inst1|RFC32:inst28|RFC8:inst3|RFC:inst18|inst ; Instr[0]     ; CLK         ; 0.000        ; 3.610      ; 6.455      ;
; 2.582 ; Instr[0]  ; RF32x32:inst|RFC32x32:inst1|RFC32:inst20|RFC8:inst2|RFC:inst12|inst ; Instr[0]     ; CLK         ; 0.000        ; 3.741      ; 6.589      ;
; 2.587 ; Instr[0]  ; RF32x32:inst|RFC32x32:inst1|RFC32:inst|RFC8:inst2|RFC:inst12|inst   ; Instr[0]     ; CLK         ; 0.000        ; 3.695      ; 6.548      ;
; 2.588 ; Instr[0]  ; RF32x32:inst|RFC32x32:inst1|RFC32:inst16|RFC8:inst2|RFC:inst12|inst ; Instr[0]     ; CLK         ; 0.000        ; 3.495      ; 6.349      ;
; 2.589 ; Instr[0]  ; RF32x32:inst|RFC32x32:inst1|RFC32:inst15|RFC8:inst2|RFC:inst12|inst ; Instr[0]     ; CLK         ; 0.000        ; 3.495      ; 6.350      ;
; 2.616 ; Instr[0]  ; RF32x32:inst|RFC32x32:inst1|RFC32:inst26|RFC8:inst2|RFC:inst18|inst ; Instr[0]     ; CLK         ; 0.000        ; 3.292      ; 6.174      ;
; 2.618 ; Instr[0]  ; RF32x32:inst|RFC32x32:inst1|RFC32:inst40|RFC8:inst2|RFC:inst18|inst ; Instr[0]     ; CLK         ; 0.000        ; 3.292      ; 6.176      ;
; 2.625 ; Instr[0]  ; RF32x32:inst|RFC32x32:inst1|RFC32:inst29|RFC8:inst2|RFC:inst12|inst ; Instr[0]     ; CLK         ; 0.000        ; 3.407      ; 6.298      ;
; 2.628 ; Instr[0]  ; RF32x32:inst|RFC32x32:inst1|RFC32:inst30|RFC8:inst2|RFC:inst12|inst ; Instr[0]     ; CLK         ; 0.000        ; 3.406      ; 6.300      ;
; 2.629 ; Instr[0]  ; RF32x32:inst|RFC32x32:inst1|RFC32:inst7|RFC8:inst2|RFC:inst18|inst  ; Instr[0]     ; CLK         ; 0.000        ; 3.442      ; 6.337      ;
; 2.630 ; Instr[0]  ; RF32x32:inst|RFC32x32:inst1|RFC32:inst6|RFC8:inst2|RFC:inst18|inst  ; Instr[0]     ; CLK         ; 0.000        ; 3.442      ; 6.338      ;
; 2.634 ; Instr[0]  ; RF32x32:inst|RFC32x32:inst1|RFC32:inst19|RFC8:inst2|RFC:inst18|inst ; Instr[0]     ; CLK         ; 0.000        ; 3.362      ; 6.262      ;
; 2.636 ; Instr[0]  ; RF32x32:inst|RFC32x32:inst1|RFC32:inst39|RFC8:inst2|RFC:inst18|inst ; Instr[0]     ; CLK         ; 0.000        ; 3.361      ; 6.263      ;
; 2.665 ; Instr[0]  ; RF32x32:inst|RFC32x32:inst1|RFC32:inst29|RFC8:inst2|RFC:inst18|inst ; Instr[0]     ; CLK         ; 0.000        ; 3.019      ; 5.950      ;
; 2.667 ; Instr[0]  ; RF32x32:inst|RFC32x32:inst1|RFC32:inst30|RFC8:inst2|RFC:inst18|inst ; Instr[0]     ; CLK         ; 0.000        ; 3.020      ; 5.953      ;
; 2.677 ; Instr[0]  ; RF32x32:inst|RFC32x32:inst1|RFC32:inst13|RFC8:inst3|RFC:inst18|inst ; Instr[0]     ; CLK         ; 0.000        ; 3.457      ; 6.400      ;
; 2.678 ; Instr[0]  ; RF32x32:inst|RFC32x32:inst1|RFC32:inst14|RFC8:inst3|RFC:inst18|inst ; Instr[0]     ; CLK         ; 0.000        ; 3.457      ; 6.401      ;
; 2.698 ; Instr[0]  ; RF32x32:inst|RFC32x32:inst1|RFC32:inst5|RFC8:inst2|RFC:inst18|inst  ; Instr[0]     ; CLK         ; -0.500       ; 3.221      ; 5.685      ;
; 2.708 ; Instr[0]  ; RF32x32:inst|RFC32x32:inst1|RFC32:inst40|RFC8:inst3|RFC:inst18|inst ; Instr[0]     ; CLK         ; 0.000        ; 3.468      ; 6.442      ;
; 2.710 ; Instr[0]  ; RF32x32:inst|RFC32x32:inst1|RFC32:inst32|RFC8:inst2|RFC:inst18|inst ; Instr[0]     ; CLK         ; 0.000        ; 3.203      ; 6.179      ;
; 2.712 ; Instr[0]  ; RF32x32:inst|RFC32x32:inst1|RFC32:inst26|RFC8:inst3|RFC:inst18|inst ; Instr[0]     ; CLK         ; 0.000        ; 3.467      ; 6.445      ;
; 2.718 ; Instr[0]  ; RF32x32:inst|RFC32x32:inst1|RFC32:inst30|RFC8:inst3|RFC:inst18|inst ; Instr[0]     ; CLK         ; -0.500       ; 3.461      ; 5.945      ;
; 2.720 ; Instr[0]  ; RF32x32:inst|RFC32x32:inst1|RFC32:inst5|RFC8:inst3|RFC:inst18|inst  ; Instr[0]     ; CLK         ; -0.500       ; 3.462      ; 5.948      ;
; 2.723 ; Instr[0]  ; RF32x32:inst|RFC32x32:inst1|RFC32:inst25|RFC8:inst3|RFC:inst18|inst ; Instr[0]     ; CLK         ; 0.000        ; 3.452      ; 6.441      ;
; 2.727 ; Instr[0]  ; RF32x32:inst|RFC32x32:inst1|RFC32:inst24|RFC8:inst3|RFC:inst18|inst ; Instr[0]     ; CLK         ; 0.000        ; 3.451      ; 6.444      ;
; 2.730 ; Instr[0]  ; RF32x32:inst|RFC32x32:inst1|RFC32:inst18|RFC8:inst3|RFC:inst13|inst ; Instr[0]     ; CLK         ; 0.000        ; 3.518      ; 6.514      ;
; 2.737 ; Instr[0]  ; RF32x32:inst|RFC32x32:inst1|RFC32:inst14|RFC8:inst3|RFC:inst8|inst  ; Instr[0]     ; CLK         ; 0.000        ; 3.457      ; 6.460      ;
; 2.737 ; Instr[0]  ; RF32x32:inst|RFC32x32:inst1|RFC32:inst13|RFC8:inst3|RFC:inst8|inst  ; Instr[0]     ; CLK         ; 0.000        ; 3.457      ; 6.460      ;
; 2.748 ; Instr[0]  ; RF32x32:inst|RFC32x32:inst1|RFC32:inst32|RFC8:inst1|RFC:inst9|inst  ; Instr[0]     ; CLK         ; 0.000        ; 3.203      ; 6.217      ;
; 2.749 ; Instr[0]  ; RF32x32:inst|RFC32x32:inst1|RFC32:inst31|RFC8:inst1|RFC:inst9|inst  ; Instr[0]     ; CLK         ; 0.000        ; 3.202      ; 6.217      ;
; 2.759 ; Instr[0]  ; RF32x32:inst|RFC32x32:inst1|RFC32:inst23|RFC8:inst3|RFC:inst8|inst  ; Instr[0]     ; CLK         ; 0.000        ; 3.347      ; 6.372      ;
; 2.761 ; Instr[0]  ; RF32x32:inst|RFC32x32:inst1|RFC32:inst9|RFC8:inst3|RFC:inst8|inst   ; Instr[0]     ; CLK         ; 0.000        ; 3.454      ; 6.481      ;
; 2.761 ; Instr[0]  ; RF32x32:inst|RFC32x32:inst1|RFC32:inst22|RFC8:inst3|RFC:inst8|inst  ; Instr[0]     ; CLK         ; 0.000        ; 3.346      ; 6.373      ;
; 2.762 ; Instr[0]  ; RF32x32:inst|RFC32x32:inst1|RFC32:inst8|RFC8:inst3|RFC:inst8|inst   ; Instr[0]     ; CLK         ; 0.000        ; 3.454      ; 6.482      ;
; 2.797 ; Instr[0]  ; RF32x32:inst|RFC32x32:inst1|RFC32:inst20|RFC8:inst2|RFC:inst18|inst ; Instr[0]     ; CLK         ; -0.500       ; 3.473      ; 6.036      ;
; 2.799 ; Instr[0]  ; RF32x32:inst|RFC32x32:inst1|RFC32:inst21|RFC8:inst2|RFC:inst18|inst ; Instr[0]     ; CLK         ; -0.500       ; 3.473      ; 6.038      ;
; 2.803 ; Instr[0]  ; RF32x32:inst|RFC32x32:inst1|RFC32:inst5|RFC8:inst|RFC:inst18|inst   ; Instr[0]     ; CLK         ; 0.000        ; 3.165      ; 6.234      ;
; 2.810 ; Instr[0]  ; RF32x32:inst|RFC32x32:inst1|RFC32:inst30|RFC8:inst3|RFC:inst13|inst ; Instr[0]     ; CLK         ; 0.000        ; 3.694      ; 6.770      ;
; 2.811 ; Instr[0]  ; RF32x32:inst|RFC32x32:inst1|RFC32:inst|RFC8:inst2|RFC:inst18|inst   ; Instr[0]     ; CLK         ; 0.000        ; 3.202      ; 6.279      ;
; 2.811 ; Instr[0]  ; RF32x32:inst|RFC32x32:inst1|RFC32:inst29|RFC8:inst3|RFC:inst13|inst ; Instr[0]     ; CLK         ; 0.000        ; 3.693      ; 6.770      ;
; 2.815 ; Instr[0]  ; RF32x32:inst|RFC32x32:inst1|RFC32:inst38|RFC8:inst2|RFC:inst18|inst ; Instr[0]     ; CLK         ; 0.000        ; 3.394      ; 6.475      ;
; 2.815 ; Instr[0]  ; RF32x32:inst|RFC32x32:inst1|RFC32:inst18|RFC8:inst2|RFC:inst18|inst ; Instr[0]     ; CLK         ; -0.500       ; 3.195      ; 5.776      ;
; 2.816 ; Instr[0]  ; RF32x32:inst|RFC32x32:inst1|RFC32:inst17|RFC8:inst2|RFC:inst18|inst ; Instr[0]     ; CLK         ; -0.500       ; 3.195      ; 5.777      ;
; 2.821 ; Instr[0]  ; RF32x32:inst|RFC32x32:inst1|RFC32:inst12|RFC8:inst2|RFC:inst18|inst ; Instr[0]     ; CLK         ; 0.000        ; 3.394      ; 6.481      ;
; 2.834 ; Instr[0]  ; RF32x32:inst|RFC32x32:inst1|RFC32:inst6|RFC8:inst2|RFC:inst12|inst  ; Instr[0]     ; CLK         ; 0.000        ; 3.482      ; 6.582      ;
; 2.835 ; Instr[0]  ; RF32x32:inst|RFC32x32:inst1|RFC32:inst7|RFC8:inst2|RFC:inst12|inst  ; Instr[0]     ; CLK         ; 0.000        ; 3.483      ; 6.584      ;
; 2.844 ; Instr[0]  ; RF32x32:inst|RFC32x32:inst1|RFC32:inst9|RFC8:inst2|RFC:inst12|inst  ; Instr[0]     ; CLK         ; 0.000        ; 3.496      ; 6.606      ;
; 2.844 ; Instr[0]  ; RF32x32:inst|RFC32x32:inst1|RFC32:inst8|RFC8:inst2|RFC:inst12|inst  ; Instr[0]     ; CLK         ; 0.000        ; 3.495      ; 6.605      ;
; 2.856 ; Instr[0]  ; RF32x32:inst|RFC32x32:inst1|RFC32:inst13|RFC8:inst3|RFC:inst13|inst ; Instr[0]     ; CLK         ; -0.500       ; 3.652      ; 6.274      ;
; 2.860 ; Instr[0]  ; RF32x32:inst|RFC32x32:inst1|RFC32:inst5|RFC8:inst3|RFC:inst10|inst  ; Instr[0]     ; CLK         ; 0.000        ; 3.421      ; 6.547      ;
; 2.861 ; Instr[0]  ; RF32x32:inst|RFC32x32:inst1|RFC32:inst13|RFC8:inst2|RFC:inst12|inst ; Instr[0]     ; CLK         ; 0.000        ; 3.161      ; 6.288      ;
; 2.861 ; Instr[0]  ; RF32x32:inst|RFC32x32:inst1|RFC32:inst40|RFC8:inst3|RFC:inst8|inst  ; Instr[0]     ; CLK         ; 0.000        ; 3.468      ; 6.595      ;
; 2.862 ; Instr[0]  ; RF32x32:inst|RFC32x32:inst1|RFC32:inst26|RFC8:inst3|RFC:inst8|inst  ; Instr[0]     ; CLK         ; 0.000        ; 3.467      ; 6.595      ;
; 2.862 ; Instr[0]  ; RF32x32:inst|RFC32x32:inst1|RFC32:inst14|RFC8:inst3|RFC:inst13|inst ; Instr[0]     ; CLK         ; -0.500       ; 3.652      ; 6.280      ;
; 2.864 ; Instr[0]  ; RF32x32:inst|RFC32x32:inst1|RFC32:inst14|RFC8:inst2|RFC:inst12|inst ; Instr[0]     ; CLK         ; 0.000        ; 3.158      ; 6.288      ;
; 2.866 ; Instr[0]  ; RF32x32:inst|RFC32x32:inst1|RFC32:inst23|RFC8:inst3|RFC:inst13|inst ; Instr[0]     ; CLK         ; 0.000        ; 3.572      ; 6.704      ;
; 2.869 ; Instr[0]  ; RF32x32:inst|RFC32x32:inst1|RFC32:inst15|RFC8:inst2|RFC:inst18|inst ; Instr[0]     ; CLK         ; 0.000        ; 2.956      ; 6.091      ;
; 2.870 ; Instr[0]  ; RF32x32:inst|RFC32x32:inst1|RFC32:inst22|RFC8:inst3|RFC:inst13|inst ; Instr[0]     ; CLK         ; 0.000        ; 3.571      ; 6.707      ;
; 2.873 ; Instr[0]  ; RF32x32:inst|RFC32x32:inst1|RFC32:inst26|RFC8:inst3|RFC:inst13|inst ; Instr[0]     ; CLK         ; 0.000        ; 3.467      ; 6.606      ;
; 2.874 ; Instr[0]  ; RF32x32:inst|RFC32x32:inst1|RFC32:inst16|RFC8:inst2|RFC:inst18|inst ; Instr[0]     ; CLK         ; 0.000        ; 2.952      ; 6.092      ;
; 2.877 ; Instr[0]  ; RF32x32:inst|RFC32x32:inst1|RFC32:inst40|RFC8:inst3|RFC:inst13|inst ; Instr[0]     ; CLK         ; 0.000        ; 3.468      ; 6.611      ;
; 2.885 ; Instr[0]  ; RF32x32:inst|RFC32x32:inst1|RFC32:inst31|RFC8:inst3|RFC:inst8|inst  ; Instr[0]     ; CLK         ; 0.000        ; 3.661      ; 6.812      ;
+-------+-----------+---------------------------------------------------------------------+--------------+-------------+--------------+------------+------------+


+---------------------------------------------------------------------------------------------------------------------------+
; Slow Model Minimum Pulse Width: 'Instr[0]'                                                                                ;
+--------+--------------+----------------+------------------+----------+------------+---------------------------------------+
; Slack  ; Actual Width ; Required Width ; Type             ; Clock    ; Clock Edge ; Target                                ;
+--------+--------------+----------------+------------------+----------+------------+---------------------------------------+
; -6.839 ; -6.839       ; 0.000          ; High Pulse Width ; Instr[0] ; Fall       ; RAM32x32:inst1|MC1x32:inst55|inst[0]  ;
; -6.839 ; -6.839       ; 0.000          ; Low Pulse Width  ; Instr[0] ; Fall       ; RAM32x32:inst1|MC1x32:inst55|inst[0]  ;
; -6.839 ; -6.839       ; 0.000          ; High Pulse Width ; Instr[0] ; Fall       ; RAM32x32:inst1|MC1x32:inst55|inst[10] ;
; -6.839 ; -6.839       ; 0.000          ; Low Pulse Width  ; Instr[0] ; Fall       ; RAM32x32:inst1|MC1x32:inst55|inst[10] ;
; -6.839 ; -6.839       ; 0.000          ; High Pulse Width ; Instr[0] ; Fall       ; RAM32x32:inst1|MC1x32:inst55|inst[11] ;
; -6.839 ; -6.839       ; 0.000          ; Low Pulse Width  ; Instr[0] ; Fall       ; RAM32x32:inst1|MC1x32:inst55|inst[11] ;
; -6.839 ; -6.839       ; 0.000          ; High Pulse Width ; Instr[0] ; Fall       ; RAM32x32:inst1|MC1x32:inst55|inst[12] ;
; -6.839 ; -6.839       ; 0.000          ; Low Pulse Width  ; Instr[0] ; Fall       ; RAM32x32:inst1|MC1x32:inst55|inst[12] ;
; -6.839 ; -6.839       ; 0.000          ; High Pulse Width ; Instr[0] ; Fall       ; RAM32x32:inst1|MC1x32:inst55|inst[13] ;
; -6.839 ; -6.839       ; 0.000          ; Low Pulse Width  ; Instr[0] ; Fall       ; RAM32x32:inst1|MC1x32:inst55|inst[13] ;
; -6.839 ; -6.839       ; 0.000          ; High Pulse Width ; Instr[0] ; Fall       ; RAM32x32:inst1|MC1x32:inst55|inst[14] ;
; -6.839 ; -6.839       ; 0.000          ; Low Pulse Width  ; Instr[0] ; Fall       ; RAM32x32:inst1|MC1x32:inst55|inst[14] ;
; -6.839 ; -6.839       ; 0.000          ; High Pulse Width ; Instr[0] ; Fall       ; RAM32x32:inst1|MC1x32:inst55|inst[15] ;
; -6.839 ; -6.839       ; 0.000          ; Low Pulse Width  ; Instr[0] ; Fall       ; RAM32x32:inst1|MC1x32:inst55|inst[15] ;
; -6.839 ; -6.839       ; 0.000          ; High Pulse Width ; Instr[0] ; Fall       ; RAM32x32:inst1|MC1x32:inst55|inst[16] ;
; -6.839 ; -6.839       ; 0.000          ; Low Pulse Width  ; Instr[0] ; Fall       ; RAM32x32:inst1|MC1x32:inst55|inst[16] ;
; -6.839 ; -6.839       ; 0.000          ; High Pulse Width ; Instr[0] ; Fall       ; RAM32x32:inst1|MC1x32:inst55|inst[17] ;
; -6.839 ; -6.839       ; 0.000          ; Low Pulse Width  ; Instr[0] ; Fall       ; RAM32x32:inst1|MC1x32:inst55|inst[17] ;
; -6.839 ; -6.839       ; 0.000          ; High Pulse Width ; Instr[0] ; Fall       ; RAM32x32:inst1|MC1x32:inst55|inst[18] ;
; -6.839 ; -6.839       ; 0.000          ; Low Pulse Width  ; Instr[0] ; Fall       ; RAM32x32:inst1|MC1x32:inst55|inst[18] ;
; -6.839 ; -6.839       ; 0.000          ; High Pulse Width ; Instr[0] ; Fall       ; RAM32x32:inst1|MC1x32:inst55|inst[19] ;
; -6.839 ; -6.839       ; 0.000          ; Low Pulse Width  ; Instr[0] ; Fall       ; RAM32x32:inst1|MC1x32:inst55|inst[19] ;
; -6.839 ; -6.839       ; 0.000          ; High Pulse Width ; Instr[0] ; Fall       ; RAM32x32:inst1|MC1x32:inst55|inst[1]  ;
; -6.839 ; -6.839       ; 0.000          ; Low Pulse Width  ; Instr[0] ; Fall       ; RAM32x32:inst1|MC1x32:inst55|inst[1]  ;
; -6.839 ; -6.839       ; 0.000          ; High Pulse Width ; Instr[0] ; Fall       ; RAM32x32:inst1|MC1x32:inst55|inst[20] ;
; -6.839 ; -6.839       ; 0.000          ; Low Pulse Width  ; Instr[0] ; Fall       ; RAM32x32:inst1|MC1x32:inst55|inst[20] ;
; -6.839 ; -6.839       ; 0.000          ; High Pulse Width ; Instr[0] ; Fall       ; RAM32x32:inst1|MC1x32:inst55|inst[21] ;
; -6.839 ; -6.839       ; 0.000          ; Low Pulse Width  ; Instr[0] ; Fall       ; RAM32x32:inst1|MC1x32:inst55|inst[21] ;
; -6.839 ; -6.839       ; 0.000          ; High Pulse Width ; Instr[0] ; Fall       ; RAM32x32:inst1|MC1x32:inst55|inst[22] ;
; -6.839 ; -6.839       ; 0.000          ; Low Pulse Width  ; Instr[0] ; Fall       ; RAM32x32:inst1|MC1x32:inst55|inst[22] ;
; -6.839 ; -6.839       ; 0.000          ; High Pulse Width ; Instr[0] ; Fall       ; RAM32x32:inst1|MC1x32:inst55|inst[23] ;
; -6.839 ; -6.839       ; 0.000          ; Low Pulse Width  ; Instr[0] ; Fall       ; RAM32x32:inst1|MC1x32:inst55|inst[23] ;
; -6.839 ; -6.839       ; 0.000          ; High Pulse Width ; Instr[0] ; Fall       ; RAM32x32:inst1|MC1x32:inst55|inst[24] ;
; -6.839 ; -6.839       ; 0.000          ; Low Pulse Width  ; Instr[0] ; Fall       ; RAM32x32:inst1|MC1x32:inst55|inst[24] ;
; -6.839 ; -6.839       ; 0.000          ; High Pulse Width ; Instr[0] ; Fall       ; RAM32x32:inst1|MC1x32:inst55|inst[25] ;
; -6.839 ; -6.839       ; 0.000          ; Low Pulse Width  ; Instr[0] ; Fall       ; RAM32x32:inst1|MC1x32:inst55|inst[25] ;
; -6.839 ; -6.839       ; 0.000          ; High Pulse Width ; Instr[0] ; Fall       ; RAM32x32:inst1|MC1x32:inst55|inst[26] ;
; -6.839 ; -6.839       ; 0.000          ; Low Pulse Width  ; Instr[0] ; Fall       ; RAM32x32:inst1|MC1x32:inst55|inst[26] ;
; -6.839 ; -6.839       ; 0.000          ; High Pulse Width ; Instr[0] ; Fall       ; RAM32x32:inst1|MC1x32:inst55|inst[27] ;
; -6.839 ; -6.839       ; 0.000          ; Low Pulse Width  ; Instr[0] ; Fall       ; RAM32x32:inst1|MC1x32:inst55|inst[27] ;
; -6.839 ; -6.839       ; 0.000          ; High Pulse Width ; Instr[0] ; Fall       ; RAM32x32:inst1|MC1x32:inst55|inst[28] ;
; -6.839 ; -6.839       ; 0.000          ; Low Pulse Width  ; Instr[0] ; Fall       ; RAM32x32:inst1|MC1x32:inst55|inst[28] ;
; -6.839 ; -6.839       ; 0.000          ; High Pulse Width ; Instr[0] ; Fall       ; RAM32x32:inst1|MC1x32:inst55|inst[29] ;
; -6.839 ; -6.839       ; 0.000          ; Low Pulse Width  ; Instr[0] ; Fall       ; RAM32x32:inst1|MC1x32:inst55|inst[29] ;
; -6.839 ; -6.839       ; 0.000          ; High Pulse Width ; Instr[0] ; Fall       ; RAM32x32:inst1|MC1x32:inst55|inst[2]  ;
; -6.839 ; -6.839       ; 0.000          ; Low Pulse Width  ; Instr[0] ; Fall       ; RAM32x32:inst1|MC1x32:inst55|inst[2]  ;
; -6.839 ; -6.839       ; 0.000          ; High Pulse Width ; Instr[0] ; Fall       ; RAM32x32:inst1|MC1x32:inst55|inst[30] ;
; -6.839 ; -6.839       ; 0.000          ; Low Pulse Width  ; Instr[0] ; Fall       ; RAM32x32:inst1|MC1x32:inst55|inst[30] ;
; -6.839 ; -6.839       ; 0.000          ; High Pulse Width ; Instr[0] ; Fall       ; RAM32x32:inst1|MC1x32:inst55|inst[31] ;
; -6.839 ; -6.839       ; 0.000          ; Low Pulse Width  ; Instr[0] ; Fall       ; RAM32x32:inst1|MC1x32:inst55|inst[31] ;
; -6.839 ; -6.839       ; 0.000          ; High Pulse Width ; Instr[0] ; Fall       ; RAM32x32:inst1|MC1x32:inst55|inst[3]  ;
; -6.839 ; -6.839       ; 0.000          ; Low Pulse Width  ; Instr[0] ; Fall       ; RAM32x32:inst1|MC1x32:inst55|inst[3]  ;
; -6.839 ; -6.839       ; 0.000          ; High Pulse Width ; Instr[0] ; Fall       ; RAM32x32:inst1|MC1x32:inst55|inst[4]  ;
; -6.839 ; -6.839       ; 0.000          ; Low Pulse Width  ; Instr[0] ; Fall       ; RAM32x32:inst1|MC1x32:inst55|inst[4]  ;
; -6.839 ; -6.839       ; 0.000          ; High Pulse Width ; Instr[0] ; Fall       ; RAM32x32:inst1|MC1x32:inst55|inst[5]  ;
; -6.839 ; -6.839       ; 0.000          ; Low Pulse Width  ; Instr[0] ; Fall       ; RAM32x32:inst1|MC1x32:inst55|inst[5]  ;
; -6.839 ; -6.839       ; 0.000          ; High Pulse Width ; Instr[0] ; Fall       ; RAM32x32:inst1|MC1x32:inst55|inst[6]  ;
; -6.839 ; -6.839       ; 0.000          ; Low Pulse Width  ; Instr[0] ; Fall       ; RAM32x32:inst1|MC1x32:inst55|inst[6]  ;
; -6.839 ; -6.839       ; 0.000          ; High Pulse Width ; Instr[0] ; Fall       ; RAM32x32:inst1|MC1x32:inst55|inst[7]  ;
; -6.839 ; -6.839       ; 0.000          ; Low Pulse Width  ; Instr[0] ; Fall       ; RAM32x32:inst1|MC1x32:inst55|inst[7]  ;
; -6.839 ; -6.839       ; 0.000          ; High Pulse Width ; Instr[0] ; Fall       ; RAM32x32:inst1|MC1x32:inst55|inst[8]  ;
; -6.839 ; -6.839       ; 0.000          ; Low Pulse Width  ; Instr[0] ; Fall       ; RAM32x32:inst1|MC1x32:inst55|inst[8]  ;
; -6.839 ; -6.839       ; 0.000          ; High Pulse Width ; Instr[0] ; Fall       ; RAM32x32:inst1|MC1x32:inst55|inst[9]  ;
; -6.839 ; -6.839       ; 0.000          ; Low Pulse Width  ; Instr[0] ; Fall       ; RAM32x32:inst1|MC1x32:inst55|inst[9]  ;
; -6.839 ; -6.839       ; 0.000          ; High Pulse Width ; Instr[0] ; Rise       ; inst1|inst55|inst2|combout            ;
; -6.839 ; -6.839       ; 0.000          ; Low Pulse Width  ; Instr[0] ; Rise       ; inst1|inst55|inst2|combout            ;
; -6.839 ; -6.839       ; 0.000          ; High Pulse Width ; Instr[0] ; Rise       ; inst1|inst55|inst[0]|datab            ;
; -6.839 ; -6.839       ; 0.000          ; Low Pulse Width  ; Instr[0] ; Rise       ; inst1|inst55|inst[0]|datab            ;
; -6.839 ; -6.839       ; 0.000          ; High Pulse Width ; Instr[0] ; Rise       ; inst1|inst55|inst[10]|datac           ;
; -6.839 ; -6.839       ; 0.000          ; Low Pulse Width  ; Instr[0] ; Rise       ; inst1|inst55|inst[10]|datac           ;
; -6.839 ; -6.839       ; 0.000          ; High Pulse Width ; Instr[0] ; Rise       ; inst1|inst55|inst[11]|datad           ;
; -6.839 ; -6.839       ; 0.000          ; Low Pulse Width  ; Instr[0] ; Rise       ; inst1|inst55|inst[11]|datad           ;
; -6.839 ; -6.839       ; 0.000          ; High Pulse Width ; Instr[0] ; Rise       ; inst1|inst55|inst[12]|datac           ;
; -6.839 ; -6.839       ; 0.000          ; Low Pulse Width  ; Instr[0] ; Rise       ; inst1|inst55|inst[12]|datac           ;
; -6.839 ; -6.839       ; 0.000          ; High Pulse Width ; Instr[0] ; Rise       ; inst1|inst55|inst[13]|datad           ;
; -6.839 ; -6.839       ; 0.000          ; Low Pulse Width  ; Instr[0] ; Rise       ; inst1|inst55|inst[13]|datad           ;
; -6.839 ; -6.839       ; 0.000          ; High Pulse Width ; Instr[0] ; Rise       ; inst1|inst55|inst[14]|datac           ;
; -6.839 ; -6.839       ; 0.000          ; Low Pulse Width  ; Instr[0] ; Rise       ; inst1|inst55|inst[14]|datac           ;
; -6.839 ; -6.839       ; 0.000          ; High Pulse Width ; Instr[0] ; Rise       ; inst1|inst55|inst[15]|datad           ;
; -6.839 ; -6.839       ; 0.000          ; Low Pulse Width  ; Instr[0] ; Rise       ; inst1|inst55|inst[15]|datad           ;
; -6.839 ; -6.839       ; 0.000          ; High Pulse Width ; Instr[0] ; Rise       ; inst1|inst55|inst[16]|datad           ;
; -6.839 ; -6.839       ; 0.000          ; Low Pulse Width  ; Instr[0] ; Rise       ; inst1|inst55|inst[16]|datad           ;
; -6.839 ; -6.839       ; 0.000          ; High Pulse Width ; Instr[0] ; Rise       ; inst1|inst55|inst[17]|datac           ;
; -6.839 ; -6.839       ; 0.000          ; Low Pulse Width  ; Instr[0] ; Rise       ; inst1|inst55|inst[17]|datac           ;
; -6.839 ; -6.839       ; 0.000          ; High Pulse Width ; Instr[0] ; Rise       ; inst1|inst55|inst[18]|datac           ;
; -6.839 ; -6.839       ; 0.000          ; Low Pulse Width  ; Instr[0] ; Rise       ; inst1|inst55|inst[18]|datac           ;
; -6.839 ; -6.839       ; 0.000          ; High Pulse Width ; Instr[0] ; Rise       ; inst1|inst55|inst[19]|datab           ;
; -6.839 ; -6.839       ; 0.000          ; Low Pulse Width  ; Instr[0] ; Rise       ; inst1|inst55|inst[19]|datab           ;
; -6.839 ; -6.839       ; 0.000          ; High Pulse Width ; Instr[0] ; Rise       ; inst1|inst55|inst[1]|datac            ;
; -6.839 ; -6.839       ; 0.000          ; Low Pulse Width  ; Instr[0] ; Rise       ; inst1|inst55|inst[1]|datac            ;
; -6.839 ; -6.839       ; 0.000          ; High Pulse Width ; Instr[0] ; Rise       ; inst1|inst55|inst[20]|datab           ;
; -6.839 ; -6.839       ; 0.000          ; Low Pulse Width  ; Instr[0] ; Rise       ; inst1|inst55|inst[20]|datab           ;
; -6.839 ; -6.839       ; 0.000          ; High Pulse Width ; Instr[0] ; Rise       ; inst1|inst55|inst[21]|dataa           ;
; -6.839 ; -6.839       ; 0.000          ; Low Pulse Width  ; Instr[0] ; Rise       ; inst1|inst55|inst[21]|dataa           ;
; -6.839 ; -6.839       ; 0.000          ; High Pulse Width ; Instr[0] ; Rise       ; inst1|inst55|inst[22]|datac           ;
; -6.839 ; -6.839       ; 0.000          ; Low Pulse Width  ; Instr[0] ; Rise       ; inst1|inst55|inst[22]|datac           ;
; -6.839 ; -6.839       ; 0.000          ; High Pulse Width ; Instr[0] ; Rise       ; inst1|inst55|inst[23]|dataa           ;
; -6.839 ; -6.839       ; 0.000          ; Low Pulse Width  ; Instr[0] ; Rise       ; inst1|inst55|inst[23]|dataa           ;
; -6.839 ; -6.839       ; 0.000          ; High Pulse Width ; Instr[0] ; Rise       ; inst1|inst55|inst[24]|datab           ;
; -6.839 ; -6.839       ; 0.000          ; Low Pulse Width  ; Instr[0] ; Rise       ; inst1|inst55|inst[24]|datab           ;
+--------+--------------+----------------+------------------+----------+------------+---------------------------------------+


+------------------------------------------------------------------------------------------------------------------------------------------------------+
; Slow Model Minimum Pulse Width: 'CLK'                                                                                                                ;
+--------+--------------+----------------+------------------+-------+------------+---------------------------------------------------------------------+
; Slack  ; Actual Width ; Required Width ; Type             ; Clock ; Clock Edge ; Target                                                              ;
+--------+--------------+----------------+------------------+-------+------------+---------------------------------------------------------------------+
; -1.222 ; 1.000        ; 2.222          ; Port Rate        ; CLK   ; Rise       ; CLK                                                                 ;
; -0.500 ; 0.500        ; 1.000          ; High Pulse Width ; CLK   ; Rise       ; RF32x32:inst|RFC32x32:inst1|RFC32:inst10|RFC8:inst1|RFC:inst10|inst ;
; -0.500 ; 0.500        ; 1.000          ; Low Pulse Width  ; CLK   ; Rise       ; RF32x32:inst|RFC32x32:inst1|RFC32:inst10|RFC8:inst1|RFC:inst10|inst ;
; -0.500 ; 0.500        ; 1.000          ; High Pulse Width ; CLK   ; Rise       ; RF32x32:inst|RFC32x32:inst1|RFC32:inst10|RFC8:inst1|RFC:inst11|inst ;
; -0.500 ; 0.500        ; 1.000          ; Low Pulse Width  ; CLK   ; Rise       ; RF32x32:inst|RFC32x32:inst1|RFC32:inst10|RFC8:inst1|RFC:inst11|inst ;
; -0.500 ; 0.500        ; 1.000          ; High Pulse Width ; CLK   ; Rise       ; RF32x32:inst|RFC32x32:inst1|RFC32:inst10|RFC8:inst1|RFC:inst12|inst ;
; -0.500 ; 0.500        ; 1.000          ; Low Pulse Width  ; CLK   ; Rise       ; RF32x32:inst|RFC32x32:inst1|RFC32:inst10|RFC8:inst1|RFC:inst12|inst ;
; -0.500 ; 0.500        ; 1.000          ; High Pulse Width ; CLK   ; Rise       ; RF32x32:inst|RFC32x32:inst1|RFC32:inst10|RFC8:inst1|RFC:inst13|inst ;
; -0.500 ; 0.500        ; 1.000          ; Low Pulse Width  ; CLK   ; Rise       ; RF32x32:inst|RFC32x32:inst1|RFC32:inst10|RFC8:inst1|RFC:inst13|inst ;
; -0.500 ; 0.500        ; 1.000          ; High Pulse Width ; CLK   ; Rise       ; RF32x32:inst|RFC32x32:inst1|RFC32:inst10|RFC8:inst1|RFC:inst14|inst ;
; -0.500 ; 0.500        ; 1.000          ; Low Pulse Width  ; CLK   ; Rise       ; RF32x32:inst|RFC32x32:inst1|RFC32:inst10|RFC8:inst1|RFC:inst14|inst ;
; -0.500 ; 0.500        ; 1.000          ; High Pulse Width ; CLK   ; Rise       ; RF32x32:inst|RFC32x32:inst1|RFC32:inst10|RFC8:inst1|RFC:inst18|inst ;
; -0.500 ; 0.500        ; 1.000          ; Low Pulse Width  ; CLK   ; Rise       ; RF32x32:inst|RFC32x32:inst1|RFC32:inst10|RFC8:inst1|RFC:inst18|inst ;
; -0.500 ; 0.500        ; 1.000          ; High Pulse Width ; CLK   ; Rise       ; RF32x32:inst|RFC32x32:inst1|RFC32:inst10|RFC8:inst1|RFC:inst8|inst  ;
; -0.500 ; 0.500        ; 1.000          ; Low Pulse Width  ; CLK   ; Rise       ; RF32x32:inst|RFC32x32:inst1|RFC32:inst10|RFC8:inst1|RFC:inst8|inst  ;
; -0.500 ; 0.500        ; 1.000          ; High Pulse Width ; CLK   ; Rise       ; RF32x32:inst|RFC32x32:inst1|RFC32:inst10|RFC8:inst1|RFC:inst9|inst  ;
; -0.500 ; 0.500        ; 1.000          ; Low Pulse Width  ; CLK   ; Rise       ; RF32x32:inst|RFC32x32:inst1|RFC32:inst10|RFC8:inst1|RFC:inst9|inst  ;
; -0.500 ; 0.500        ; 1.000          ; High Pulse Width ; CLK   ; Rise       ; RF32x32:inst|RFC32x32:inst1|RFC32:inst10|RFC8:inst2|RFC:inst10|inst ;
; -0.500 ; 0.500        ; 1.000          ; Low Pulse Width  ; CLK   ; Rise       ; RF32x32:inst|RFC32x32:inst1|RFC32:inst10|RFC8:inst2|RFC:inst10|inst ;
; -0.500 ; 0.500        ; 1.000          ; High Pulse Width ; CLK   ; Rise       ; RF32x32:inst|RFC32x32:inst1|RFC32:inst10|RFC8:inst2|RFC:inst11|inst ;
; -0.500 ; 0.500        ; 1.000          ; Low Pulse Width  ; CLK   ; Rise       ; RF32x32:inst|RFC32x32:inst1|RFC32:inst10|RFC8:inst2|RFC:inst11|inst ;
; -0.500 ; 0.500        ; 1.000          ; High Pulse Width ; CLK   ; Rise       ; RF32x32:inst|RFC32x32:inst1|RFC32:inst10|RFC8:inst2|RFC:inst12|inst ;
; -0.500 ; 0.500        ; 1.000          ; Low Pulse Width  ; CLK   ; Rise       ; RF32x32:inst|RFC32x32:inst1|RFC32:inst10|RFC8:inst2|RFC:inst12|inst ;
; -0.500 ; 0.500        ; 1.000          ; High Pulse Width ; CLK   ; Rise       ; RF32x32:inst|RFC32x32:inst1|RFC32:inst10|RFC8:inst2|RFC:inst13|inst ;
; -0.500 ; 0.500        ; 1.000          ; Low Pulse Width  ; CLK   ; Rise       ; RF32x32:inst|RFC32x32:inst1|RFC32:inst10|RFC8:inst2|RFC:inst13|inst ;
; -0.500 ; 0.500        ; 1.000          ; High Pulse Width ; CLK   ; Rise       ; RF32x32:inst|RFC32x32:inst1|RFC32:inst10|RFC8:inst2|RFC:inst14|inst ;
; -0.500 ; 0.500        ; 1.000          ; Low Pulse Width  ; CLK   ; Rise       ; RF32x32:inst|RFC32x32:inst1|RFC32:inst10|RFC8:inst2|RFC:inst14|inst ;
; -0.500 ; 0.500        ; 1.000          ; High Pulse Width ; CLK   ; Rise       ; RF32x32:inst|RFC32x32:inst1|RFC32:inst10|RFC8:inst2|RFC:inst18|inst ;
; -0.500 ; 0.500        ; 1.000          ; Low Pulse Width  ; CLK   ; Rise       ; RF32x32:inst|RFC32x32:inst1|RFC32:inst10|RFC8:inst2|RFC:inst18|inst ;
; -0.500 ; 0.500        ; 1.000          ; High Pulse Width ; CLK   ; Rise       ; RF32x32:inst|RFC32x32:inst1|RFC32:inst10|RFC8:inst2|RFC:inst8|inst  ;
; -0.500 ; 0.500        ; 1.000          ; Low Pulse Width  ; CLK   ; Rise       ; RF32x32:inst|RFC32x32:inst1|RFC32:inst10|RFC8:inst2|RFC:inst8|inst  ;
; -0.500 ; 0.500        ; 1.000          ; High Pulse Width ; CLK   ; Rise       ; RF32x32:inst|RFC32x32:inst1|RFC32:inst10|RFC8:inst2|RFC:inst9|inst  ;
; -0.500 ; 0.500        ; 1.000          ; Low Pulse Width  ; CLK   ; Rise       ; RF32x32:inst|RFC32x32:inst1|RFC32:inst10|RFC8:inst2|RFC:inst9|inst  ;
; -0.500 ; 0.500        ; 1.000          ; High Pulse Width ; CLK   ; Rise       ; RF32x32:inst|RFC32x32:inst1|RFC32:inst10|RFC8:inst3|RFC:inst10|inst ;
; -0.500 ; 0.500        ; 1.000          ; Low Pulse Width  ; CLK   ; Rise       ; RF32x32:inst|RFC32x32:inst1|RFC32:inst10|RFC8:inst3|RFC:inst10|inst ;
; -0.500 ; 0.500        ; 1.000          ; High Pulse Width ; CLK   ; Rise       ; RF32x32:inst|RFC32x32:inst1|RFC32:inst10|RFC8:inst3|RFC:inst11|inst ;
; -0.500 ; 0.500        ; 1.000          ; Low Pulse Width  ; CLK   ; Rise       ; RF32x32:inst|RFC32x32:inst1|RFC32:inst10|RFC8:inst3|RFC:inst11|inst ;
; -0.500 ; 0.500        ; 1.000          ; High Pulse Width ; CLK   ; Rise       ; RF32x32:inst|RFC32x32:inst1|RFC32:inst10|RFC8:inst3|RFC:inst12|inst ;
; -0.500 ; 0.500        ; 1.000          ; Low Pulse Width  ; CLK   ; Rise       ; RF32x32:inst|RFC32x32:inst1|RFC32:inst10|RFC8:inst3|RFC:inst12|inst ;
; -0.500 ; 0.500        ; 1.000          ; High Pulse Width ; CLK   ; Rise       ; RF32x32:inst|RFC32x32:inst1|RFC32:inst10|RFC8:inst3|RFC:inst13|inst ;
; -0.500 ; 0.500        ; 1.000          ; Low Pulse Width  ; CLK   ; Rise       ; RF32x32:inst|RFC32x32:inst1|RFC32:inst10|RFC8:inst3|RFC:inst13|inst ;
; -0.500 ; 0.500        ; 1.000          ; High Pulse Width ; CLK   ; Rise       ; RF32x32:inst|RFC32x32:inst1|RFC32:inst10|RFC8:inst3|RFC:inst14|inst ;
; -0.500 ; 0.500        ; 1.000          ; Low Pulse Width  ; CLK   ; Rise       ; RF32x32:inst|RFC32x32:inst1|RFC32:inst10|RFC8:inst3|RFC:inst14|inst ;
; -0.500 ; 0.500        ; 1.000          ; High Pulse Width ; CLK   ; Rise       ; RF32x32:inst|RFC32x32:inst1|RFC32:inst10|RFC8:inst3|RFC:inst18|inst ;
; -0.500 ; 0.500        ; 1.000          ; Low Pulse Width  ; CLK   ; Rise       ; RF32x32:inst|RFC32x32:inst1|RFC32:inst10|RFC8:inst3|RFC:inst18|inst ;
; -0.500 ; 0.500        ; 1.000          ; High Pulse Width ; CLK   ; Rise       ; RF32x32:inst|RFC32x32:inst1|RFC32:inst10|RFC8:inst3|RFC:inst8|inst  ;
; -0.500 ; 0.500        ; 1.000          ; Low Pulse Width  ; CLK   ; Rise       ; RF32x32:inst|RFC32x32:inst1|RFC32:inst10|RFC8:inst3|RFC:inst8|inst  ;
; -0.500 ; 0.500        ; 1.000          ; High Pulse Width ; CLK   ; Rise       ; RF32x32:inst|RFC32x32:inst1|RFC32:inst10|RFC8:inst3|RFC:inst9|inst  ;
; -0.500 ; 0.500        ; 1.000          ; Low Pulse Width  ; CLK   ; Rise       ; RF32x32:inst|RFC32x32:inst1|RFC32:inst10|RFC8:inst3|RFC:inst9|inst  ;
; -0.500 ; 0.500        ; 1.000          ; High Pulse Width ; CLK   ; Rise       ; RF32x32:inst|RFC32x32:inst1|RFC32:inst10|RFC8:inst|RFC:inst10|inst  ;
; -0.500 ; 0.500        ; 1.000          ; Low Pulse Width  ; CLK   ; Rise       ; RF32x32:inst|RFC32x32:inst1|RFC32:inst10|RFC8:inst|RFC:inst10|inst  ;
; -0.500 ; 0.500        ; 1.000          ; High Pulse Width ; CLK   ; Rise       ; RF32x32:inst|RFC32x32:inst1|RFC32:inst10|RFC8:inst|RFC:inst11|inst  ;
; -0.500 ; 0.500        ; 1.000          ; Low Pulse Width  ; CLK   ; Rise       ; RF32x32:inst|RFC32x32:inst1|RFC32:inst10|RFC8:inst|RFC:inst11|inst  ;
; -0.500 ; 0.500        ; 1.000          ; High Pulse Width ; CLK   ; Rise       ; RF32x32:inst|RFC32x32:inst1|RFC32:inst10|RFC8:inst|RFC:inst12|inst  ;
; -0.500 ; 0.500        ; 1.000          ; Low Pulse Width  ; CLK   ; Rise       ; RF32x32:inst|RFC32x32:inst1|RFC32:inst10|RFC8:inst|RFC:inst12|inst  ;
; -0.500 ; 0.500        ; 1.000          ; High Pulse Width ; CLK   ; Rise       ; RF32x32:inst|RFC32x32:inst1|RFC32:inst10|RFC8:inst|RFC:inst13|inst  ;
; -0.500 ; 0.500        ; 1.000          ; Low Pulse Width  ; CLK   ; Rise       ; RF32x32:inst|RFC32x32:inst1|RFC32:inst10|RFC8:inst|RFC:inst13|inst  ;
; -0.500 ; 0.500        ; 1.000          ; High Pulse Width ; CLK   ; Rise       ; RF32x32:inst|RFC32x32:inst1|RFC32:inst10|RFC8:inst|RFC:inst14|inst  ;
; -0.500 ; 0.500        ; 1.000          ; Low Pulse Width  ; CLK   ; Rise       ; RF32x32:inst|RFC32x32:inst1|RFC32:inst10|RFC8:inst|RFC:inst14|inst  ;
; -0.500 ; 0.500        ; 1.000          ; High Pulse Width ; CLK   ; Rise       ; RF32x32:inst|RFC32x32:inst1|RFC32:inst10|RFC8:inst|RFC:inst18|inst  ;
; -0.500 ; 0.500        ; 1.000          ; Low Pulse Width  ; CLK   ; Rise       ; RF32x32:inst|RFC32x32:inst1|RFC32:inst10|RFC8:inst|RFC:inst18|inst  ;
; -0.500 ; 0.500        ; 1.000          ; High Pulse Width ; CLK   ; Rise       ; RF32x32:inst|RFC32x32:inst1|RFC32:inst10|RFC8:inst|RFC:inst8|inst   ;
; -0.500 ; 0.500        ; 1.000          ; Low Pulse Width  ; CLK   ; Rise       ; RF32x32:inst|RFC32x32:inst1|RFC32:inst10|RFC8:inst|RFC:inst8|inst   ;
; -0.500 ; 0.500        ; 1.000          ; High Pulse Width ; CLK   ; Rise       ; RF32x32:inst|RFC32x32:inst1|RFC32:inst10|RFC8:inst|RFC:inst9|inst   ;
; -0.500 ; 0.500        ; 1.000          ; Low Pulse Width  ; CLK   ; Rise       ; RF32x32:inst|RFC32x32:inst1|RFC32:inst10|RFC8:inst|RFC:inst9|inst   ;
; -0.500 ; 0.500        ; 1.000          ; High Pulse Width ; CLK   ; Rise       ; RF32x32:inst|RFC32x32:inst1|RFC32:inst11|RFC8:inst1|RFC:inst10|inst ;
; -0.500 ; 0.500        ; 1.000          ; Low Pulse Width  ; CLK   ; Rise       ; RF32x32:inst|RFC32x32:inst1|RFC32:inst11|RFC8:inst1|RFC:inst10|inst ;
; -0.500 ; 0.500        ; 1.000          ; High Pulse Width ; CLK   ; Rise       ; RF32x32:inst|RFC32x32:inst1|RFC32:inst11|RFC8:inst1|RFC:inst11|inst ;
; -0.500 ; 0.500        ; 1.000          ; Low Pulse Width  ; CLK   ; Rise       ; RF32x32:inst|RFC32x32:inst1|RFC32:inst11|RFC8:inst1|RFC:inst11|inst ;
; -0.500 ; 0.500        ; 1.000          ; High Pulse Width ; CLK   ; Rise       ; RF32x32:inst|RFC32x32:inst1|RFC32:inst11|RFC8:inst1|RFC:inst12|inst ;
; -0.500 ; 0.500        ; 1.000          ; Low Pulse Width  ; CLK   ; Rise       ; RF32x32:inst|RFC32x32:inst1|RFC32:inst11|RFC8:inst1|RFC:inst12|inst ;
; -0.500 ; 0.500        ; 1.000          ; High Pulse Width ; CLK   ; Rise       ; RF32x32:inst|RFC32x32:inst1|RFC32:inst11|RFC8:inst1|RFC:inst13|inst ;
; -0.500 ; 0.500        ; 1.000          ; Low Pulse Width  ; CLK   ; Rise       ; RF32x32:inst|RFC32x32:inst1|RFC32:inst11|RFC8:inst1|RFC:inst13|inst ;
; -0.500 ; 0.500        ; 1.000          ; High Pulse Width ; CLK   ; Rise       ; RF32x32:inst|RFC32x32:inst1|RFC32:inst11|RFC8:inst1|RFC:inst14|inst ;
; -0.500 ; 0.500        ; 1.000          ; Low Pulse Width  ; CLK   ; Rise       ; RF32x32:inst|RFC32x32:inst1|RFC32:inst11|RFC8:inst1|RFC:inst14|inst ;
; -0.500 ; 0.500        ; 1.000          ; High Pulse Width ; CLK   ; Rise       ; RF32x32:inst|RFC32x32:inst1|RFC32:inst11|RFC8:inst1|RFC:inst18|inst ;
; -0.500 ; 0.500        ; 1.000          ; Low Pulse Width  ; CLK   ; Rise       ; RF32x32:inst|RFC32x32:inst1|RFC32:inst11|RFC8:inst1|RFC:inst18|inst ;
; -0.500 ; 0.500        ; 1.000          ; High Pulse Width ; CLK   ; Rise       ; RF32x32:inst|RFC32x32:inst1|RFC32:inst11|RFC8:inst1|RFC:inst8|inst  ;
; -0.500 ; 0.500        ; 1.000          ; Low Pulse Width  ; CLK   ; Rise       ; RF32x32:inst|RFC32x32:inst1|RFC32:inst11|RFC8:inst1|RFC:inst8|inst  ;
; -0.500 ; 0.500        ; 1.000          ; High Pulse Width ; CLK   ; Rise       ; RF32x32:inst|RFC32x32:inst1|RFC32:inst11|RFC8:inst1|RFC:inst9|inst  ;
; -0.500 ; 0.500        ; 1.000          ; Low Pulse Width  ; CLK   ; Rise       ; RF32x32:inst|RFC32x32:inst1|RFC32:inst11|RFC8:inst1|RFC:inst9|inst  ;
; -0.500 ; 0.500        ; 1.000          ; High Pulse Width ; CLK   ; Rise       ; RF32x32:inst|RFC32x32:inst1|RFC32:inst11|RFC8:inst2|RFC:inst10|inst ;
; -0.500 ; 0.500        ; 1.000          ; Low Pulse Width  ; CLK   ; Rise       ; RF32x32:inst|RFC32x32:inst1|RFC32:inst11|RFC8:inst2|RFC:inst10|inst ;
; -0.500 ; 0.500        ; 1.000          ; High Pulse Width ; CLK   ; Rise       ; RF32x32:inst|RFC32x32:inst1|RFC32:inst11|RFC8:inst2|RFC:inst11|inst ;
; -0.500 ; 0.500        ; 1.000          ; Low Pulse Width  ; CLK   ; Rise       ; RF32x32:inst|RFC32x32:inst1|RFC32:inst11|RFC8:inst2|RFC:inst11|inst ;
; -0.500 ; 0.500        ; 1.000          ; High Pulse Width ; CLK   ; Rise       ; RF32x32:inst|RFC32x32:inst1|RFC32:inst11|RFC8:inst2|RFC:inst12|inst ;
; -0.500 ; 0.500        ; 1.000          ; Low Pulse Width  ; CLK   ; Rise       ; RF32x32:inst|RFC32x32:inst1|RFC32:inst11|RFC8:inst2|RFC:inst12|inst ;
; -0.500 ; 0.500        ; 1.000          ; High Pulse Width ; CLK   ; Rise       ; RF32x32:inst|RFC32x32:inst1|RFC32:inst11|RFC8:inst2|RFC:inst13|inst ;
; -0.500 ; 0.500        ; 1.000          ; Low Pulse Width  ; CLK   ; Rise       ; RF32x32:inst|RFC32x32:inst1|RFC32:inst11|RFC8:inst2|RFC:inst13|inst ;
; -0.500 ; 0.500        ; 1.000          ; High Pulse Width ; CLK   ; Rise       ; RF32x32:inst|RFC32x32:inst1|RFC32:inst11|RFC8:inst2|RFC:inst14|inst ;
; -0.500 ; 0.500        ; 1.000          ; Low Pulse Width  ; CLK   ; Rise       ; RF32x32:inst|RFC32x32:inst1|RFC32:inst11|RFC8:inst2|RFC:inst14|inst ;
; -0.500 ; 0.500        ; 1.000          ; High Pulse Width ; CLK   ; Rise       ; RF32x32:inst|RFC32x32:inst1|RFC32:inst11|RFC8:inst2|RFC:inst18|inst ;
; -0.500 ; 0.500        ; 1.000          ; Low Pulse Width  ; CLK   ; Rise       ; RF32x32:inst|RFC32x32:inst1|RFC32:inst11|RFC8:inst2|RFC:inst18|inst ;
; -0.500 ; 0.500        ; 1.000          ; High Pulse Width ; CLK   ; Rise       ; RF32x32:inst|RFC32x32:inst1|RFC32:inst11|RFC8:inst2|RFC:inst8|inst  ;
; -0.500 ; 0.500        ; 1.000          ; Low Pulse Width  ; CLK   ; Rise       ; RF32x32:inst|RFC32x32:inst1|RFC32:inst11|RFC8:inst2|RFC:inst8|inst  ;
; -0.500 ; 0.500        ; 1.000          ; High Pulse Width ; CLK   ; Rise       ; RF32x32:inst|RFC32x32:inst1|RFC32:inst11|RFC8:inst2|RFC:inst9|inst  ;
; -0.500 ; 0.500        ; 1.000          ; Low Pulse Width  ; CLK   ; Rise       ; RF32x32:inst|RFC32x32:inst1|RFC32:inst11|RFC8:inst2|RFC:inst9|inst  ;
; -0.500 ; 0.500        ; 1.000          ; High Pulse Width ; CLK   ; Rise       ; RF32x32:inst|RFC32x32:inst1|RFC32:inst11|RFC8:inst3|RFC:inst10|inst ;
; -0.500 ; 0.500        ; 1.000          ; Low Pulse Width  ; CLK   ; Rise       ; RF32x32:inst|RFC32x32:inst1|RFC32:inst11|RFC8:inst3|RFC:inst10|inst ;
; -0.500 ; 0.500        ; 1.000          ; High Pulse Width ; CLK   ; Rise       ; RF32x32:inst|RFC32x32:inst1|RFC32:inst11|RFC8:inst3|RFC:inst11|inst ;
+--------+--------------+----------------+------------------+-------+------------+---------------------------------------------------------------------+


+--------------------------------------------------------------------------+
; Setup Times                                                              ;
+------------+------------+--------+--------+------------+-----------------+
; Data Port  ; Clock Port ; Rise   ; Fall   ; Clock Edge ; Clock Reference ;
+------------+------------+--------+--------+------------+-----------------+
; Instr[*]   ; CLK        ; 30.039 ; 30.039 ; Rise       ; CLK             ;
;  Instr[0]  ; CLK        ; 15.490 ; 15.490 ; Rise       ; CLK             ;
;  Instr[1]  ; CLK        ; 20.977 ; 20.977 ; Rise       ; CLK             ;
;  Instr[2]  ; CLK        ; 20.997 ; 20.997 ; Rise       ; CLK             ;
;  Instr[3]  ; CLK        ; 20.638 ; 20.638 ; Rise       ; CLK             ;
;  Instr[4]  ; CLK        ; 20.782 ; 20.782 ; Rise       ; CLK             ;
;  Instr[5]  ; CLK        ; 20.660 ; 20.660 ; Rise       ; CLK             ;
;  Instr[6]  ; CLK        ; 19.411 ; 19.411 ; Rise       ; CLK             ;
;  Instr[7]  ; CLK        ; 19.988 ; 19.988 ; Rise       ; CLK             ;
;  Instr[8]  ; CLK        ; 17.844 ; 17.844 ; Rise       ; CLK             ;
;  Instr[9]  ; CLK        ; 17.455 ; 17.455 ; Rise       ; CLK             ;
;  Instr[10] ; CLK        ; 18.581 ; 18.581 ; Rise       ; CLK             ;
;  Instr[11] ; CLK        ; 17.808 ; 17.808 ; Rise       ; CLK             ;
;  Instr[12] ; CLK        ; 18.762 ; 18.762 ; Rise       ; CLK             ;
;  Instr[13] ; CLK        ; 19.066 ; 19.066 ; Rise       ; CLK             ;
;  Instr[14] ; CLK        ; 17.581 ; 17.581 ; Rise       ; CLK             ;
;  Instr[15] ; CLK        ; 18.625 ; 18.625 ; Rise       ; CLK             ;
;  Instr[16] ; CLK        ; 28.674 ; 28.674 ; Rise       ; CLK             ;
;  Instr[17] ; CLK        ; 27.436 ; 27.436 ; Rise       ; CLK             ;
;  Instr[18] ; CLK        ; 27.824 ; 27.824 ; Rise       ; CLK             ;
;  Instr[19] ; CLK        ; 30.039 ; 30.039 ; Rise       ; CLK             ;
;  Instr[20] ; CLK        ; 29.618 ; 29.618 ; Rise       ; CLK             ;
;  Instr[21] ; CLK        ; 26.768 ; 26.768 ; Rise       ; CLK             ;
;  Instr[22] ; CLK        ; 26.918 ; 26.918 ; Rise       ; CLK             ;
;  Instr[23] ; CLK        ; 26.640 ; 26.640 ; Rise       ; CLK             ;
;  Instr[24] ; CLK        ; 29.277 ; 29.277 ; Rise       ; CLK             ;
;  Instr[25] ; CLK        ; 28.695 ; 28.695 ; Rise       ; CLK             ;
;  Instr[26] ; CLK        ; 25.632 ; 25.632 ; Rise       ; CLK             ;
;  Instr[27] ; CLK        ; 26.277 ; 26.277 ; Rise       ; CLK             ;
;  Instr[28] ; CLK        ; 26.173 ; 26.173 ; Rise       ; CLK             ;
;  Instr[29] ; CLK        ; 25.274 ; 25.274 ; Rise       ; CLK             ;
;  Instr[30] ; CLK        ; 26.178 ; 26.178 ; Rise       ; CLK             ;
;  Instr[31] ; CLK        ; 27.117 ; 27.117 ; Rise       ; CLK             ;
; Instr[*]   ; Instr[0]   ; 12.814 ; 12.814 ; Rise       ; Instr[0]        ;
;  Instr[16] ; Instr[0]   ; 11.319 ; 11.319 ; Rise       ; Instr[0]        ;
;  Instr[17] ; Instr[0]   ; 10.733 ; 10.733 ; Rise       ; Instr[0]        ;
;  Instr[18] ; Instr[0]   ; 10.272 ; 10.272 ; Rise       ; Instr[0]        ;
;  Instr[19] ; Instr[0]   ; 12.814 ; 12.814 ; Rise       ; Instr[0]        ;
;  Instr[20] ; Instr[0]   ; 12.392 ; 12.392 ; Rise       ; Instr[0]        ;
; Instr[*]   ; Instr[0]   ; 14.610 ; 14.610 ; Fall       ; Instr[0]        ;
;  Instr[16] ; Instr[0]   ; 12.592 ; 12.592 ; Fall       ; Instr[0]        ;
;  Instr[17] ; Instr[0]   ; 11.919 ; 11.919 ; Fall       ; Instr[0]        ;
;  Instr[18] ; Instr[0]   ; 11.742 ; 11.742 ; Fall       ; Instr[0]        ;
;  Instr[19] ; Instr[0]   ; 14.610 ; 14.610 ; Fall       ; Instr[0]        ;
;  Instr[20] ; Instr[0]   ; 14.188 ; 14.188 ; Fall       ; Instr[0]        ;
+------------+------------+--------+--------+------------+-----------------+


+----------------------------------------------------------------------------+
; Hold Times                                                                 ;
+------------+------------+---------+---------+------------+-----------------+
; Data Port  ; Clock Port ; Rise    ; Fall    ; Clock Edge ; Clock Reference ;
+------------+------------+---------+---------+------------+-----------------+
; Instr[*]   ; CLK        ; -1.990  ; -1.990  ; Rise       ; CLK             ;
;  Instr[0]  ; CLK        ; -1.990  ; -1.990  ; Rise       ; CLK             ;
;  Instr[1]  ; CLK        ; -6.825  ; -6.825  ; Rise       ; CLK             ;
;  Instr[2]  ; CLK        ; -7.541  ; -7.541  ; Rise       ; CLK             ;
;  Instr[3]  ; CLK        ; -7.499  ; -7.499  ; Rise       ; CLK             ;
;  Instr[4]  ; CLK        ; -7.435  ; -7.435  ; Rise       ; CLK             ;
;  Instr[5]  ; CLK        ; -7.325  ; -7.325  ; Rise       ; CLK             ;
;  Instr[6]  ; CLK        ; -9.885  ; -9.885  ; Rise       ; CLK             ;
;  Instr[7]  ; CLK        ; -10.584 ; -10.584 ; Rise       ; CLK             ;
;  Instr[8]  ; CLK        ; -8.130  ; -8.130  ; Rise       ; CLK             ;
;  Instr[9]  ; CLK        ; -7.024  ; -7.024  ; Rise       ; CLK             ;
;  Instr[10] ; CLK        ; -8.907  ; -8.907  ; Rise       ; CLK             ;
;  Instr[11] ; CLK        ; -6.798  ; -6.798  ; Rise       ; CLK             ;
;  Instr[12] ; CLK        ; -6.079  ; -6.079  ; Rise       ; CLK             ;
;  Instr[13] ; CLK        ; -6.123  ; -6.123  ; Rise       ; CLK             ;
;  Instr[14] ; CLK        ; -6.707  ; -6.707  ; Rise       ; CLK             ;
;  Instr[15] ; CLK        ; -7.360  ; -7.360  ; Rise       ; CLK             ;
;  Instr[16] ; CLK        ; -6.227  ; -6.227  ; Rise       ; CLK             ;
;  Instr[17] ; CLK        ; -5.556  ; -5.556  ; Rise       ; CLK             ;
;  Instr[18] ; CLK        ; -6.269  ; -6.269  ; Rise       ; CLK             ;
;  Instr[19] ; CLK        ; -7.540  ; -7.540  ; Rise       ; CLK             ;
;  Instr[20] ; CLK        ; -6.137  ; -6.137  ; Rise       ; CLK             ;
;  Instr[21] ; CLK        ; -8.852  ; -8.852  ; Rise       ; CLK             ;
;  Instr[22] ; CLK        ; -8.681  ; -8.681  ; Rise       ; CLK             ;
;  Instr[23] ; CLK        ; -8.913  ; -8.913  ; Rise       ; CLK             ;
;  Instr[24] ; CLK        ; -10.313 ; -10.313 ; Rise       ; CLK             ;
;  Instr[25] ; CLK        ; -9.731  ; -9.731  ; Rise       ; CLK             ;
;  Instr[26] ; CLK        ; -4.811  ; -4.811  ; Rise       ; CLK             ;
;  Instr[27] ; CLK        ; -4.463  ; -4.463  ; Rise       ; CLK             ;
;  Instr[28] ; CLK        ; -4.832  ; -4.832  ; Rise       ; CLK             ;
;  Instr[29] ; CLK        ; -5.717  ; -5.717  ; Rise       ; CLK             ;
;  Instr[30] ; CLK        ; -4.739  ; -4.739  ; Rise       ; CLK             ;
;  Instr[31] ; CLK        ; -5.293  ; -5.293  ; Rise       ; CLK             ;
; Instr[*]   ; Instr[0]   ; 4.758   ; 4.758   ; Rise       ; Instr[0]        ;
;  Instr[16] ; Instr[0]   ; 3.374   ; 3.374   ; Rise       ; Instr[0]        ;
;  Instr[17] ; Instr[0]   ; 4.758   ; 4.758   ; Rise       ; Instr[0]        ;
;  Instr[18] ; Instr[0]   ; 4.272   ; 4.272   ; Rise       ; Instr[0]        ;
;  Instr[19] ; Instr[0]   ; 3.030   ; 3.030   ; Rise       ; Instr[0]        ;
;  Instr[20] ; Instr[0]   ; 3.307   ; 3.307   ; Rise       ; Instr[0]        ;
; Instr[*]   ; Instr[0]   ; 4.831   ; 4.831   ; Fall       ; Instr[0]        ;
;  Instr[16] ; Instr[0]   ; 3.529   ; 3.529   ; Fall       ; Instr[0]        ;
;  Instr[17] ; Instr[0]   ; 4.831   ; 4.831   ; Fall       ; Instr[0]        ;
;  Instr[18] ; Instr[0]   ; 4.345   ; 4.345   ; Fall       ; Instr[0]        ;
;  Instr[19] ; Instr[0]   ; 3.103   ; 3.103   ; Fall       ; Instr[0]        ;
;  Instr[20] ; Instr[0]   ; 3.380   ; 3.380   ; Fall       ; Instr[0]        ;
+------------+------------+---------+---------+------------+-----------------+


+------------------------------------------------------------------------------+
; Clock to Output Times                                                        ;
+----------------+------------+--------+--------+------------+-----------------+
; Data Port      ; Clock Port ; Rise   ; Fall   ; Clock Edge ; Clock Reference ;
+----------------+------------+--------+--------+------------+-----------------+
; ALUresu[*]     ; CLK        ; 30.036 ; 30.036 ; Rise       ; CLK             ;
;  ALUresu[0]    ; CLK        ; 20.922 ; 20.922 ; Rise       ; CLK             ;
;  ALUresu[1]    ; CLK        ; 16.970 ; 16.970 ; Rise       ; CLK             ;
;  ALUresu[2]    ; CLK        ; 17.402 ; 17.402 ; Rise       ; CLK             ;
;  ALUresu[3]    ; CLK        ; 17.543 ; 17.543 ; Rise       ; CLK             ;
;  ALUresu[4]    ; CLK        ; 17.879 ; 17.879 ; Rise       ; CLK             ;
;  ALUresu[5]    ; CLK        ; 17.482 ; 17.482 ; Rise       ; CLK             ;
;  ALUresu[6]    ; CLK        ; 18.377 ; 18.377 ; Rise       ; CLK             ;
;  ALUresu[7]    ; CLK        ; 19.526 ; 19.526 ; Rise       ; CLK             ;
;  ALUresu[8]    ; CLK        ; 19.938 ; 19.938 ; Rise       ; CLK             ;
;  ALUresu[9]    ; CLK        ; 20.457 ; 20.457 ; Rise       ; CLK             ;
;  ALUresu[10]   ; CLK        ; 21.006 ; 21.006 ; Rise       ; CLK             ;
;  ALUresu[11]   ; CLK        ; 20.409 ; 20.409 ; Rise       ; CLK             ;
;  ALUresu[12]   ; CLK        ; 21.991 ; 21.991 ; Rise       ; CLK             ;
;  ALUresu[13]   ; CLK        ; 21.372 ; 21.372 ; Rise       ; CLK             ;
;  ALUresu[14]   ; CLK        ; 21.832 ; 21.832 ; Rise       ; CLK             ;
;  ALUresu[15]   ; CLK        ; 22.494 ; 22.494 ; Rise       ; CLK             ;
;  ALUresu[16]   ; CLK        ; 24.408 ; 24.408 ; Rise       ; CLK             ;
;  ALUresu[17]   ; CLK        ; 23.622 ; 23.622 ; Rise       ; CLK             ;
;  ALUresu[18]   ; CLK        ; 24.292 ; 24.292 ; Rise       ; CLK             ;
;  ALUresu[19]   ; CLK        ; 24.107 ; 24.107 ; Rise       ; CLK             ;
;  ALUresu[20]   ; CLK        ; 24.366 ; 24.366 ; Rise       ; CLK             ;
;  ALUresu[21]   ; CLK        ; 25.090 ; 25.090 ; Rise       ; CLK             ;
;  ALUresu[22]   ; CLK        ; 25.578 ; 25.578 ; Rise       ; CLK             ;
;  ALUresu[23]   ; CLK        ; 27.205 ; 27.205 ; Rise       ; CLK             ;
;  ALUresu[24]   ; CLK        ; 27.643 ; 27.643 ; Rise       ; CLK             ;
;  ALUresu[25]   ; CLK        ; 27.164 ; 27.164 ; Rise       ; CLK             ;
;  ALUresu[26]   ; CLK        ; 27.236 ; 27.236 ; Rise       ; CLK             ;
;  ALUresu[27]   ; CLK        ; 27.476 ; 27.476 ; Rise       ; CLK             ;
;  ALUresu[28]   ; CLK        ; 27.552 ; 27.552 ; Rise       ; CLK             ;
;  ALUresu[29]   ; CLK        ; 28.403 ; 28.403 ; Rise       ; CLK             ;
;  ALUresu[30]   ; CLK        ; 28.339 ; 28.339 ; Rise       ; CLK             ;
;  ALUresu[31]   ; CLK        ; 30.036 ; 30.036 ; Rise       ; CLK             ;
; Reg1[*]        ; CLK        ; 13.800 ; 13.800 ; Rise       ; CLK             ;
;  Reg1[0]       ; CLK        ; 11.749 ; 11.749 ; Rise       ; CLK             ;
;  Reg1[1]       ; CLK        ; 13.800 ; 13.800 ; Rise       ; CLK             ;
;  Reg1[2]       ; CLK        ; 10.216 ; 10.216 ; Rise       ; CLK             ;
;  Reg1[3]       ; CLK        ; 11.036 ; 11.036 ; Rise       ; CLK             ;
;  Reg1[4]       ; CLK        ; 11.407 ; 11.407 ; Rise       ; CLK             ;
;  Reg1[5]       ; CLK        ; 12.156 ; 12.156 ; Rise       ; CLK             ;
;  Reg1[6]       ; CLK        ; 11.832 ; 11.832 ; Rise       ; CLK             ;
;  Reg1[7]       ; CLK        ; 10.941 ; 10.941 ; Rise       ; CLK             ;
;  Reg1[8]       ; CLK        ; 11.834 ; 11.834 ; Rise       ; CLK             ;
;  Reg1[9]       ; CLK        ; 11.230 ; 11.230 ; Rise       ; CLK             ;
;  Reg1[10]      ; CLK        ; 12.144 ; 12.144 ; Rise       ; CLK             ;
;  Reg1[11]      ; CLK        ; 11.380 ; 11.380 ; Rise       ; CLK             ;
;  Reg1[12]      ; CLK        ; 11.672 ; 11.672 ; Rise       ; CLK             ;
;  Reg1[13]      ; CLK        ; 12.015 ; 12.015 ; Rise       ; CLK             ;
;  Reg1[14]      ; CLK        ; 11.804 ; 11.804 ; Rise       ; CLK             ;
;  Reg1[15]      ; CLK        ; 11.847 ; 11.847 ; Rise       ; CLK             ;
;  Reg1[16]      ; CLK        ; 11.517 ; 11.517 ; Rise       ; CLK             ;
;  Reg1[17]      ; CLK        ; 12.266 ; 12.266 ; Rise       ; CLK             ;
;  Reg1[18]      ; CLK        ; 12.151 ; 12.151 ; Rise       ; CLK             ;
;  Reg1[19]      ; CLK        ; 12.051 ; 12.051 ; Rise       ; CLK             ;
;  Reg1[20]      ; CLK        ; 11.602 ; 11.602 ; Rise       ; CLK             ;
;  Reg1[21]      ; CLK        ; 13.167 ; 13.167 ; Rise       ; CLK             ;
;  Reg1[22]      ; CLK        ; 11.256 ; 11.256 ; Rise       ; CLK             ;
;  Reg1[23]      ; CLK        ; 11.856 ; 11.856 ; Rise       ; CLK             ;
;  Reg1[24]      ; CLK        ; 11.936 ; 11.936 ; Rise       ; CLK             ;
;  Reg1[25]      ; CLK        ; 13.181 ; 13.181 ; Rise       ; CLK             ;
;  Reg1[26]      ; CLK        ; 11.777 ; 11.777 ; Rise       ; CLK             ;
;  Reg1[27]      ; CLK        ; 12.100 ; 12.100 ; Rise       ; CLK             ;
;  Reg1[28]      ; CLK        ; 11.808 ; 11.808 ; Rise       ; CLK             ;
;  Reg1[29]      ; CLK        ; 11.305 ; 11.305 ; Rise       ; CLK             ;
;  Reg1[30]      ; CLK        ; 11.061 ; 11.061 ; Rise       ; CLK             ;
;  Reg1[31]      ; CLK        ; 11.600 ; 11.600 ; Rise       ; CLK             ;
; Reg2[*]        ; CLK        ; 13.289 ; 13.289 ; Rise       ; CLK             ;
;  Reg2[0]       ; CLK        ; 12.503 ; 12.503 ; Rise       ; CLK             ;
;  Reg2[1]       ; CLK        ; 13.289 ; 13.289 ; Rise       ; CLK             ;
;  Reg2[2]       ; CLK        ; 10.452 ; 10.452 ; Rise       ; CLK             ;
;  Reg2[3]       ; CLK        ; 11.256 ; 11.256 ; Rise       ; CLK             ;
;  Reg2[4]       ; CLK        ; 11.577 ; 11.577 ; Rise       ; CLK             ;
;  Reg2[5]       ; CLK        ; 11.410 ; 11.410 ; Rise       ; CLK             ;
;  Reg2[6]       ; CLK        ; 11.502 ; 11.502 ; Rise       ; CLK             ;
;  Reg2[7]       ; CLK        ; 10.731 ; 10.731 ; Rise       ; CLK             ;
;  Reg2[8]       ; CLK        ; 11.207 ; 11.207 ; Rise       ; CLK             ;
;  Reg2[9]       ; CLK        ; 11.327 ; 11.327 ; Rise       ; CLK             ;
;  Reg2[10]      ; CLK        ; 11.325 ; 11.325 ; Rise       ; CLK             ;
;  Reg2[11]      ; CLK        ; 10.327 ; 10.327 ; Rise       ; CLK             ;
;  Reg2[12]      ; CLK        ; 11.221 ; 11.221 ; Rise       ; CLK             ;
;  Reg2[13]      ; CLK        ; 12.184 ; 12.184 ; Rise       ; CLK             ;
;  Reg2[14]      ; CLK        ; 11.752 ; 11.752 ; Rise       ; CLK             ;
;  Reg2[15]      ; CLK        ; 10.952 ; 10.952 ; Rise       ; CLK             ;
;  Reg2[16]      ; CLK        ; 11.729 ; 11.729 ; Rise       ; CLK             ;
;  Reg2[17]      ; CLK        ; 11.663 ; 11.663 ; Rise       ; CLK             ;
;  Reg2[18]      ; CLK        ; 11.394 ; 11.394 ; Rise       ; CLK             ;
;  Reg2[19]      ; CLK        ; 11.555 ; 11.555 ; Rise       ; CLK             ;
;  Reg2[20]      ; CLK        ; 12.279 ; 12.279 ; Rise       ; CLK             ;
;  Reg2[21]      ; CLK        ; 11.404 ; 11.404 ; Rise       ; CLK             ;
;  Reg2[22]      ; CLK        ; 11.088 ; 11.088 ; Rise       ; CLK             ;
;  Reg2[23]      ; CLK        ; 10.621 ; 10.621 ; Rise       ; CLK             ;
;  Reg2[24]      ; CLK        ; 11.724 ; 11.724 ; Rise       ; CLK             ;
;  Reg2[25]      ; CLK        ; 11.690 ; 11.690 ; Rise       ; CLK             ;
;  Reg2[26]      ; CLK        ; 11.956 ; 11.956 ; Rise       ; CLK             ;
;  Reg2[27]      ; CLK        ; 11.750 ; 11.750 ; Rise       ; CLK             ;
;  Reg2[28]      ; CLK        ; 11.490 ; 11.490 ; Rise       ; CLK             ;
;  Reg2[29]      ; CLK        ; 11.827 ; 11.827 ; Rise       ; CLK             ;
;  Reg2[30]      ; CLK        ; 12.387 ; 12.387 ; Rise       ; CLK             ;
;  Reg2[31]      ; CLK        ; 11.975 ; 11.975 ; Rise       ; CLK             ;
; ALUControl[*]  ; Instr[0]   ; 9.105  ; 9.105  ; Rise       ; Instr[0]        ;
;  ALUControl[0] ; Instr[0]   ; 9.105  ; 9.105  ; Rise       ; Instr[0]        ;
;  ALUControl[2] ; Instr[0]   ; 9.105  ; 9.105  ; Rise       ; Instr[0]        ;
; ALUresu[*]     ; Instr[0]   ; 22.538 ; 22.538 ; Rise       ; Instr[0]        ;
;  ALUresu[0]    ; Instr[0]   ; 13.834 ; 13.834 ; Rise       ; Instr[0]        ;
;  ALUresu[1]    ; Instr[0]   ; 9.872  ; 9.872  ; Rise       ; Instr[0]        ;
;  ALUresu[2]    ; Instr[0]   ; 10.087 ; 10.087 ; Rise       ; Instr[0]        ;
;  ALUresu[3]    ; Instr[0]   ; 10.045 ; 10.045 ; Rise       ; Instr[0]        ;
;  ALUresu[4]    ; Instr[0]   ; 10.381 ; 10.381 ; Rise       ; Instr[0]        ;
;  ALUresu[5]    ; Instr[0]   ; 9.984  ; 9.984  ; Rise       ; Instr[0]        ;
;  ALUresu[6]    ; Instr[0]   ; 10.879 ; 10.879 ; Rise       ; Instr[0]        ;
;  ALUresu[7]    ; Instr[0]   ; 12.028 ; 12.028 ; Rise       ; Instr[0]        ;
;  ALUresu[8]    ; Instr[0]   ; 12.440 ; 12.440 ; Rise       ; Instr[0]        ;
;  ALUresu[9]    ; Instr[0]   ; 12.959 ; 12.959 ; Rise       ; Instr[0]        ;
;  ALUresu[10]   ; Instr[0]   ; 13.508 ; 13.508 ; Rise       ; Instr[0]        ;
;  ALUresu[11]   ; Instr[0]   ; 12.911 ; 12.911 ; Rise       ; Instr[0]        ;
;  ALUresu[12]   ; Instr[0]   ; 14.493 ; 14.493 ; Rise       ; Instr[0]        ;
;  ALUresu[13]   ; Instr[0]   ; 13.874 ; 13.874 ; Rise       ; Instr[0]        ;
;  ALUresu[14]   ; Instr[0]   ; 14.334 ; 14.334 ; Rise       ; Instr[0]        ;
;  ALUresu[15]   ; Instr[0]   ; 14.996 ; 14.996 ; Rise       ; Instr[0]        ;
;  ALUresu[16]   ; Instr[0]   ; 16.910 ; 16.910 ; Rise       ; Instr[0]        ;
;  ALUresu[17]   ; Instr[0]   ; 16.124 ; 16.124 ; Rise       ; Instr[0]        ;
;  ALUresu[18]   ; Instr[0]   ; 16.794 ; 16.794 ; Rise       ; Instr[0]        ;
;  ALUresu[19]   ; Instr[0]   ; 16.609 ; 16.609 ; Rise       ; Instr[0]        ;
;  ALUresu[20]   ; Instr[0]   ; 16.868 ; 16.868 ; Rise       ; Instr[0]        ;
;  ALUresu[21]   ; Instr[0]   ; 17.592 ; 17.592 ; Rise       ; Instr[0]        ;
;  ALUresu[22]   ; Instr[0]   ; 18.080 ; 18.080 ; Rise       ; Instr[0]        ;
;  ALUresu[23]   ; Instr[0]   ; 19.707 ; 19.707 ; Rise       ; Instr[0]        ;
;  ALUresu[24]   ; Instr[0]   ; 20.145 ; 20.145 ; Rise       ; Instr[0]        ;
;  ALUresu[25]   ; Instr[0]   ; 19.666 ; 19.666 ; Rise       ; Instr[0]        ;
;  ALUresu[26]   ; Instr[0]   ; 19.738 ; 19.738 ; Rise       ; Instr[0]        ;
;  ALUresu[27]   ; Instr[0]   ; 19.978 ; 19.978 ; Rise       ; Instr[0]        ;
;  ALUresu[28]   ; Instr[0]   ; 20.054 ; 20.054 ; Rise       ; Instr[0]        ;
;  ALUresu[29]   ; Instr[0]   ; 20.905 ; 20.905 ; Rise       ; Instr[0]        ;
;  ALUresu[30]   ; Instr[0]   ; 20.841 ; 20.841 ; Rise       ; Instr[0]        ;
;  ALUresu[31]   ; Instr[0]   ; 22.538 ; 22.538 ; Rise       ; Instr[0]        ;
; ALUControl[*]  ; Instr[0]   ; 9.105  ; 9.105  ; Fall       ; Instr[0]        ;
;  ALUControl[0] ; Instr[0]   ; 9.105  ; 9.105  ; Fall       ; Instr[0]        ;
;  ALUControl[2] ; Instr[0]   ; 9.105  ; 9.105  ; Fall       ; Instr[0]        ;
; ALUresu[*]     ; Instr[0]   ; 22.538 ; 22.538 ; Fall       ; Instr[0]        ;
;  ALUresu[0]    ; Instr[0]   ; 13.834 ; 13.834 ; Fall       ; Instr[0]        ;
;  ALUresu[1]    ; Instr[0]   ; 9.872  ; 9.872  ; Fall       ; Instr[0]        ;
;  ALUresu[2]    ; Instr[0]   ; 10.087 ; 10.087 ; Fall       ; Instr[0]        ;
;  ALUresu[3]    ; Instr[0]   ; 10.045 ; 10.045 ; Fall       ; Instr[0]        ;
;  ALUresu[4]    ; Instr[0]   ; 10.381 ; 10.381 ; Fall       ; Instr[0]        ;
;  ALUresu[5]    ; Instr[0]   ; 9.984  ; 9.984  ; Fall       ; Instr[0]        ;
;  ALUresu[6]    ; Instr[0]   ; 10.879 ; 10.879 ; Fall       ; Instr[0]        ;
;  ALUresu[7]    ; Instr[0]   ; 12.028 ; 12.028 ; Fall       ; Instr[0]        ;
;  ALUresu[8]    ; Instr[0]   ; 12.440 ; 12.440 ; Fall       ; Instr[0]        ;
;  ALUresu[9]    ; Instr[0]   ; 12.959 ; 12.959 ; Fall       ; Instr[0]        ;
;  ALUresu[10]   ; Instr[0]   ; 13.508 ; 13.508 ; Fall       ; Instr[0]        ;
;  ALUresu[11]   ; Instr[0]   ; 12.911 ; 12.911 ; Fall       ; Instr[0]        ;
;  ALUresu[12]   ; Instr[0]   ; 14.493 ; 14.493 ; Fall       ; Instr[0]        ;
;  ALUresu[13]   ; Instr[0]   ; 13.874 ; 13.874 ; Fall       ; Instr[0]        ;
;  ALUresu[14]   ; Instr[0]   ; 14.334 ; 14.334 ; Fall       ; Instr[0]        ;
;  ALUresu[15]   ; Instr[0]   ; 14.996 ; 14.996 ; Fall       ; Instr[0]        ;
;  ALUresu[16]   ; Instr[0]   ; 16.910 ; 16.910 ; Fall       ; Instr[0]        ;
;  ALUresu[17]   ; Instr[0]   ; 16.124 ; 16.124 ; Fall       ; Instr[0]        ;
;  ALUresu[18]   ; Instr[0]   ; 16.794 ; 16.794 ; Fall       ; Instr[0]        ;
;  ALUresu[19]   ; Instr[0]   ; 16.609 ; 16.609 ; Fall       ; Instr[0]        ;
;  ALUresu[20]   ; Instr[0]   ; 16.868 ; 16.868 ; Fall       ; Instr[0]        ;
;  ALUresu[21]   ; Instr[0]   ; 17.592 ; 17.592 ; Fall       ; Instr[0]        ;
;  ALUresu[22]   ; Instr[0]   ; 18.080 ; 18.080 ; Fall       ; Instr[0]        ;
;  ALUresu[23]   ; Instr[0]   ; 19.707 ; 19.707 ; Fall       ; Instr[0]        ;
;  ALUresu[24]   ; Instr[0]   ; 20.145 ; 20.145 ; Fall       ; Instr[0]        ;
;  ALUresu[25]   ; Instr[0]   ; 19.666 ; 19.666 ; Fall       ; Instr[0]        ;
;  ALUresu[26]   ; Instr[0]   ; 19.738 ; 19.738 ; Fall       ; Instr[0]        ;
;  ALUresu[27]   ; Instr[0]   ; 19.978 ; 19.978 ; Fall       ; Instr[0]        ;
;  ALUresu[28]   ; Instr[0]   ; 20.054 ; 20.054 ; Fall       ; Instr[0]        ;
;  ALUresu[29]   ; Instr[0]   ; 20.905 ; 20.905 ; Fall       ; Instr[0]        ;
;  ALUresu[30]   ; Instr[0]   ; 20.841 ; 20.841 ; Fall       ; Instr[0]        ;
;  ALUresu[31]   ; Instr[0]   ; 22.538 ; 22.538 ; Fall       ; Instr[0]        ;
+----------------+------------+--------+--------+------------+-----------------+


+------------------------------------------------------------------------------+
; Minimum Clock to Output Times                                                ;
+----------------+------------+--------+--------+------------+-----------------+
; Data Port      ; Clock Port ; Rise   ; Fall   ; Clock Edge ; Clock Reference ;
+----------------+------------+--------+--------+------------+-----------------+
; ALUresu[*]     ; CLK        ; 10.849 ; 10.849 ; Rise       ; CLK             ;
;  ALUresu[0]    ; CLK        ; 12.417 ; 12.417 ; Rise       ; CLK             ;
;  ALUresu[1]    ; CLK        ; 12.551 ; 12.551 ; Rise       ; CLK             ;
;  ALUresu[2]    ; CLK        ; 12.134 ; 12.134 ; Rise       ; CLK             ;
;  ALUresu[3]    ; CLK        ; 12.521 ; 12.521 ; Rise       ; CLK             ;
;  ALUresu[4]    ; CLK        ; 11.993 ; 11.993 ; Rise       ; CLK             ;
;  ALUresu[5]    ; CLK        ; 11.119 ; 11.119 ; Rise       ; CLK             ;
;  ALUresu[6]    ; CLK        ; 11.688 ; 11.688 ; Rise       ; CLK             ;
;  ALUresu[7]    ; CLK        ; 12.309 ; 12.309 ; Rise       ; CLK             ;
;  ALUresu[8]    ; CLK        ; 13.027 ; 13.027 ; Rise       ; CLK             ;
;  ALUresu[9]    ; CLK        ; 12.176 ; 12.176 ; Rise       ; CLK             ;
;  ALUresu[10]   ; CLK        ; 11.835 ; 11.835 ; Rise       ; CLK             ;
;  ALUresu[11]   ; CLK        ; 12.188 ; 12.188 ; Rise       ; CLK             ;
;  ALUresu[12]   ; CLK        ; 12.953 ; 12.953 ; Rise       ; CLK             ;
;  ALUresu[13]   ; CLK        ; 11.720 ; 11.720 ; Rise       ; CLK             ;
;  ALUresu[14]   ; CLK        ; 11.581 ; 11.581 ; Rise       ; CLK             ;
;  ALUresu[15]   ; CLK        ; 11.938 ; 11.938 ; Rise       ; CLK             ;
;  ALUresu[16]   ; CLK        ; 11.961 ; 11.961 ; Rise       ; CLK             ;
;  ALUresu[17]   ; CLK        ; 11.070 ; 11.070 ; Rise       ; CLK             ;
;  ALUresu[18]   ; CLK        ; 12.861 ; 12.861 ; Rise       ; CLK             ;
;  ALUresu[19]   ; CLK        ; 12.210 ; 12.210 ; Rise       ; CLK             ;
;  ALUresu[20]   ; CLK        ; 12.182 ; 12.182 ; Rise       ; CLK             ;
;  ALUresu[21]   ; CLK        ; 12.115 ; 12.115 ; Rise       ; CLK             ;
;  ALUresu[22]   ; CLK        ; 12.073 ; 12.073 ; Rise       ; CLK             ;
;  ALUresu[23]   ; CLK        ; 12.539 ; 12.539 ; Rise       ; CLK             ;
;  ALUresu[24]   ; CLK        ; 12.691 ; 12.691 ; Rise       ; CLK             ;
;  ALUresu[25]   ; CLK        ; 13.144 ; 13.144 ; Rise       ; CLK             ;
;  ALUresu[26]   ; CLK        ; 12.206 ; 12.206 ; Rise       ; CLK             ;
;  ALUresu[27]   ; CLK        ; 12.446 ; 12.446 ; Rise       ; CLK             ;
;  ALUresu[28]   ; CLK        ; 12.056 ; 12.056 ; Rise       ; CLK             ;
;  ALUresu[29]   ; CLK        ; 11.267 ; 11.267 ; Rise       ; CLK             ;
;  ALUresu[30]   ; CLK        ; 11.394 ; 11.394 ; Rise       ; CLK             ;
;  ALUresu[31]   ; CLK        ; 10.849 ; 10.849 ; Rise       ; CLK             ;
; Reg1[*]        ; CLK        ; 8.714  ; 8.714  ; Rise       ; CLK             ;
;  Reg1[0]       ; CLK        ; 9.030  ; 9.030  ; Rise       ; CLK             ;
;  Reg1[1]       ; CLK        ; 9.437  ; 9.437  ; Rise       ; CLK             ;
;  Reg1[2]       ; CLK        ; 8.714  ; 8.714  ; Rise       ; CLK             ;
;  Reg1[3]       ; CLK        ; 10.023 ; 10.023 ; Rise       ; CLK             ;
;  Reg1[4]       ; CLK        ; 9.390  ; 9.390  ; Rise       ; CLK             ;
;  Reg1[5]       ; CLK        ; 10.097 ; 10.097 ; Rise       ; CLK             ;
;  Reg1[6]       ; CLK        ; 9.501  ; 9.501  ; Rise       ; CLK             ;
;  Reg1[7]       ; CLK        ; 9.694  ; 9.694  ; Rise       ; CLK             ;
;  Reg1[8]       ; CLK        ; 10.353 ; 10.353 ; Rise       ; CLK             ;
;  Reg1[9]       ; CLK        ; 10.206 ; 10.206 ; Rise       ; CLK             ;
;  Reg1[10]      ; CLK        ; 10.255 ; 10.255 ; Rise       ; CLK             ;
;  Reg1[11]      ; CLK        ; 10.308 ; 10.308 ; Rise       ; CLK             ;
;  Reg1[12]      ; CLK        ; 10.540 ; 10.540 ; Rise       ; CLK             ;
;  Reg1[13]      ; CLK        ; 10.311 ; 10.311 ; Rise       ; CLK             ;
;  Reg1[14]      ; CLK        ; 10.102 ; 10.102 ; Rise       ; CLK             ;
;  Reg1[15]      ; CLK        ; 10.274 ; 10.274 ; Rise       ; CLK             ;
;  Reg1[16]      ; CLK        ; 9.843  ; 9.843  ; Rise       ; CLK             ;
;  Reg1[17]      ; CLK        ; 10.227 ; 10.227 ; Rise       ; CLK             ;
;  Reg1[18]      ; CLK        ; 10.455 ; 10.455 ; Rise       ; CLK             ;
;  Reg1[19]      ; CLK        ; 10.009 ; 10.009 ; Rise       ; CLK             ;
;  Reg1[20]      ; CLK        ; 9.745  ; 9.745  ; Rise       ; CLK             ;
;  Reg1[21]      ; CLK        ; 10.700 ; 10.700 ; Rise       ; CLK             ;
;  Reg1[22]      ; CLK        ; 10.149 ; 10.149 ; Rise       ; CLK             ;
;  Reg1[23]      ; CLK        ; 10.403 ; 10.403 ; Rise       ; CLK             ;
;  Reg1[24]      ; CLK        ; 10.618 ; 10.618 ; Rise       ; CLK             ;
;  Reg1[25]      ; CLK        ; 11.079 ; 11.079 ; Rise       ; CLK             ;
;  Reg1[26]      ; CLK        ; 9.737  ; 9.737  ; Rise       ; CLK             ;
;  Reg1[27]      ; CLK        ; 10.367 ; 10.367 ; Rise       ; CLK             ;
;  Reg1[28]      ; CLK        ; 10.476 ; 10.476 ; Rise       ; CLK             ;
;  Reg1[29]      ; CLK        ; 9.600  ; 9.600  ; Rise       ; CLK             ;
;  Reg1[30]      ; CLK        ; 9.191  ; 9.191  ; Rise       ; CLK             ;
;  Reg1[31]      ; CLK        ; 10.245 ; 10.245 ; Rise       ; CLK             ;
; Reg2[*]        ; CLK        ; 9.319  ; 9.319  ; Rise       ; CLK             ;
;  Reg2[0]       ; CLK        ; 9.319  ; 9.319  ; Rise       ; CLK             ;
;  Reg2[1]       ; CLK        ; 9.652  ; 9.652  ; Rise       ; CLK             ;
;  Reg2[2]       ; CLK        ; 9.365  ; 9.365  ; Rise       ; CLK             ;
;  Reg2[3]       ; CLK        ; 10.200 ; 10.200 ; Rise       ; CLK             ;
;  Reg2[4]       ; CLK        ; 10.369 ; 10.369 ; Rise       ; CLK             ;
;  Reg2[5]       ; CLK        ; 10.184 ; 10.184 ; Rise       ; CLK             ;
;  Reg2[6]       ; CLK        ; 10.183 ; 10.183 ; Rise       ; CLK             ;
;  Reg2[7]       ; CLK        ; 9.618  ; 9.618  ; Rise       ; CLK             ;
;  Reg2[8]       ; CLK        ; 10.140 ; 10.140 ; Rise       ; CLK             ;
;  Reg2[9]       ; CLK        ; 9.875  ; 9.875  ; Rise       ; CLK             ;
;  Reg2[10]      ; CLK        ; 9.996  ; 9.996  ; Rise       ; CLK             ;
;  Reg2[11]      ; CLK        ; 9.349  ; 9.349  ; Rise       ; CLK             ;
;  Reg2[12]      ; CLK        ; 9.946  ; 9.946  ; Rise       ; CLK             ;
;  Reg2[13]      ; CLK        ; 11.050 ; 11.050 ; Rise       ; CLK             ;
;  Reg2[14]      ; CLK        ; 10.017 ; 10.017 ; Rise       ; CLK             ;
;  Reg2[15]      ; CLK        ; 9.773  ; 9.773  ; Rise       ; CLK             ;
;  Reg2[16]      ; CLK        ; 10.317 ; 10.317 ; Rise       ; CLK             ;
;  Reg2[17]      ; CLK        ; 10.279 ; 10.279 ; Rise       ; CLK             ;
;  Reg2[18]      ; CLK        ; 9.972  ; 9.972  ; Rise       ; CLK             ;
;  Reg2[19]      ; CLK        ; 10.496 ; 10.496 ; Rise       ; CLK             ;
;  Reg2[20]      ; CLK        ; 10.325 ; 10.325 ; Rise       ; CLK             ;
;  Reg2[21]      ; CLK        ; 9.782  ; 9.782  ; Rise       ; CLK             ;
;  Reg2[22]      ; CLK        ; 9.987  ; 9.987  ; Rise       ; CLK             ;
;  Reg2[23]      ; CLK        ; 9.556  ; 9.556  ; Rise       ; CLK             ;
;  Reg2[24]      ; CLK        ; 10.737 ; 10.737 ; Rise       ; CLK             ;
;  Reg2[25]      ; CLK        ; 10.320 ; 10.320 ; Rise       ; CLK             ;
;  Reg2[26]      ; CLK        ; 10.402 ; 10.402 ; Rise       ; CLK             ;
;  Reg2[27]      ; CLK        ; 11.139 ; 11.139 ; Rise       ; CLK             ;
;  Reg2[28]      ; CLK        ; 10.251 ; 10.251 ; Rise       ; CLK             ;
;  Reg2[29]      ; CLK        ; 10.663 ; 10.663 ; Rise       ; CLK             ;
;  Reg2[30]      ; CLK        ; 11.141 ; 11.141 ; Rise       ; CLK             ;
;  Reg2[31]      ; CLK        ; 11.122 ; 11.122 ; Rise       ; CLK             ;
; ALUControl[*]  ; Instr[0]   ; 9.105  ; 9.105  ; Rise       ; Instr[0]        ;
;  ALUControl[0] ; Instr[0]   ; 9.105  ; 9.105  ; Rise       ; Instr[0]        ;
;  ALUControl[2] ; Instr[0]   ; 9.105  ; 9.105  ; Rise       ; Instr[0]        ;
; ALUresu[*]     ; Instr[0]   ; 8.576  ; 8.576  ; Rise       ; Instr[0]        ;
;  ALUresu[0]    ; Instr[0]   ; 9.764  ; 9.764  ; Rise       ; Instr[0]        ;
;  ALUresu[1]    ; Instr[0]   ; 9.370  ; 9.370  ; Rise       ; Instr[0]        ;
;  ALUresu[2]    ; Instr[0]   ; 9.904  ; 9.904  ; Rise       ; Instr[0]        ;
;  ALUresu[3]    ; Instr[0]   ; 9.849  ; 9.849  ; Rise       ; Instr[0]        ;
;  ALUresu[4]    ; Instr[0]   ; 9.763  ; 9.763  ; Rise       ; Instr[0]        ;
;  ALUresu[5]    ; Instr[0]   ; 8.616  ; 8.616  ; Rise       ; Instr[0]        ;
;  ALUresu[6]    ; Instr[0]   ; 9.546  ; 9.546  ; Rise       ; Instr[0]        ;
;  ALUresu[7]    ; Instr[0]   ; 9.379  ; 9.379  ; Rise       ; Instr[0]        ;
;  ALUresu[8]    ; Instr[0]   ; 9.015  ; 9.015  ; Rise       ; Instr[0]        ;
;  ALUresu[9]    ; Instr[0]   ; 9.890  ; 9.890  ; Rise       ; Instr[0]        ;
;  ALUresu[10]   ; Instr[0]   ; 11.440 ; 11.440 ; Rise       ; Instr[0]        ;
;  ALUresu[11]   ; Instr[0]   ; 8.786  ; 8.786  ; Rise       ; Instr[0]        ;
;  ALUresu[12]   ; Instr[0]   ; 10.457 ; 10.457 ; Rise       ; Instr[0]        ;
;  ALUresu[13]   ; Instr[0]   ; 8.576  ; 8.576  ; Rise       ; Instr[0]        ;
;  ALUresu[14]   ; Instr[0]   ; 9.505  ; 9.505  ; Rise       ; Instr[0]        ;
;  ALUresu[15]   ; Instr[0]   ; 9.480  ; 9.480  ; Rise       ; Instr[0]        ;
;  ALUresu[16]   ; Instr[0]   ; 11.818 ; 11.818 ; Rise       ; Instr[0]        ;
;  ALUresu[17]   ; Instr[0]   ; 9.119  ; 9.119  ; Rise       ; Instr[0]        ;
;  ALUresu[18]   ; Instr[0]   ; 10.369 ; 10.369 ; Rise       ; Instr[0]        ;
;  ALUresu[19]   ; Instr[0]   ; 9.792  ; 9.792  ; Rise       ; Instr[0]        ;
;  ALUresu[20]   ; Instr[0]   ; 10.015 ; 10.015 ; Rise       ; Instr[0]        ;
;  ALUresu[21]   ; Instr[0]   ; 10.337 ; 10.337 ; Rise       ; Instr[0]        ;
;  ALUresu[22]   ; Instr[0]   ; 10.426 ; 10.426 ; Rise       ; Instr[0]        ;
;  ALUresu[23]   ; Instr[0]   ; 9.248  ; 9.248  ; Rise       ; Instr[0]        ;
;  ALUresu[24]   ; Instr[0]   ; 11.949 ; 11.949 ; Rise       ; Instr[0]        ;
;  ALUresu[25]   ; Instr[0]   ; 10.530 ; 10.530 ; Rise       ; Instr[0]        ;
;  ALUresu[26]   ; Instr[0]   ; 10.142 ; 10.142 ; Rise       ; Instr[0]        ;
;  ALUresu[27]   ; Instr[0]   ; 10.869 ; 10.869 ; Rise       ; Instr[0]        ;
;  ALUresu[28]   ; Instr[0]   ; 9.988  ; 9.988  ; Rise       ; Instr[0]        ;
;  ALUresu[29]   ; Instr[0]   ; 10.643 ; 10.643 ; Rise       ; Instr[0]        ;
;  ALUresu[30]   ; Instr[0]   ; 9.333  ; 9.333  ; Rise       ; Instr[0]        ;
;  ALUresu[31]   ; Instr[0]   ; 9.344  ; 9.344  ; Rise       ; Instr[0]        ;
; ALUControl[*]  ; Instr[0]   ; 9.105  ; 9.105  ; Fall       ; Instr[0]        ;
;  ALUControl[0] ; Instr[0]   ; 9.105  ; 9.105  ; Fall       ; Instr[0]        ;
;  ALUControl[2] ; Instr[0]   ; 9.105  ; 9.105  ; Fall       ; Instr[0]        ;
; ALUresu[*]     ; Instr[0]   ; 8.576  ; 8.576  ; Fall       ; Instr[0]        ;
;  ALUresu[0]    ; Instr[0]   ; 9.764  ; 9.764  ; Fall       ; Instr[0]        ;
;  ALUresu[1]    ; Instr[0]   ; 9.370  ; 9.370  ; Fall       ; Instr[0]        ;
;  ALUresu[2]    ; Instr[0]   ; 9.904  ; 9.904  ; Fall       ; Instr[0]        ;
;  ALUresu[3]    ; Instr[0]   ; 9.849  ; 9.849  ; Fall       ; Instr[0]        ;
;  ALUresu[4]    ; Instr[0]   ; 9.763  ; 9.763  ; Fall       ; Instr[0]        ;
;  ALUresu[5]    ; Instr[0]   ; 8.616  ; 8.616  ; Fall       ; Instr[0]        ;
;  ALUresu[6]    ; Instr[0]   ; 9.546  ; 9.546  ; Fall       ; Instr[0]        ;
;  ALUresu[7]    ; Instr[0]   ; 9.379  ; 9.379  ; Fall       ; Instr[0]        ;
;  ALUresu[8]    ; Instr[0]   ; 9.015  ; 9.015  ; Fall       ; Instr[0]        ;
;  ALUresu[9]    ; Instr[0]   ; 9.890  ; 9.890  ; Fall       ; Instr[0]        ;
;  ALUresu[10]   ; Instr[0]   ; 11.440 ; 11.440 ; Fall       ; Instr[0]        ;
;  ALUresu[11]   ; Instr[0]   ; 8.786  ; 8.786  ; Fall       ; Instr[0]        ;
;  ALUresu[12]   ; Instr[0]   ; 10.457 ; 10.457 ; Fall       ; Instr[0]        ;
;  ALUresu[13]   ; Instr[0]   ; 8.576  ; 8.576  ; Fall       ; Instr[0]        ;
;  ALUresu[14]   ; Instr[0]   ; 9.505  ; 9.505  ; Fall       ; Instr[0]        ;
;  ALUresu[15]   ; Instr[0]   ; 9.480  ; 9.480  ; Fall       ; Instr[0]        ;
;  ALUresu[16]   ; Instr[0]   ; 11.818 ; 11.818 ; Fall       ; Instr[0]        ;
;  ALUresu[17]   ; Instr[0]   ; 9.119  ; 9.119  ; Fall       ; Instr[0]        ;
;  ALUresu[18]   ; Instr[0]   ; 10.369 ; 10.369 ; Fall       ; Instr[0]        ;
;  ALUresu[19]   ; Instr[0]   ; 9.792  ; 9.792  ; Fall       ; Instr[0]        ;
;  ALUresu[20]   ; Instr[0]   ; 10.015 ; 10.015 ; Fall       ; Instr[0]        ;
;  ALUresu[21]   ; Instr[0]   ; 10.337 ; 10.337 ; Fall       ; Instr[0]        ;
;  ALUresu[22]   ; Instr[0]   ; 10.426 ; 10.426 ; Fall       ; Instr[0]        ;
;  ALUresu[23]   ; Instr[0]   ; 9.248  ; 9.248  ; Fall       ; Instr[0]        ;
;  ALUresu[24]   ; Instr[0]   ; 11.949 ; 11.949 ; Fall       ; Instr[0]        ;
;  ALUresu[25]   ; Instr[0]   ; 10.530 ; 10.530 ; Fall       ; Instr[0]        ;
;  ALUresu[26]   ; Instr[0]   ; 10.142 ; 10.142 ; Fall       ; Instr[0]        ;
;  ALUresu[27]   ; Instr[0]   ; 10.869 ; 10.869 ; Fall       ; Instr[0]        ;
;  ALUresu[28]   ; Instr[0]   ; 9.988  ; 9.988  ; Fall       ; Instr[0]        ;
;  ALUresu[29]   ; Instr[0]   ; 10.643 ; 10.643 ; Fall       ; Instr[0]        ;
;  ALUresu[30]   ; Instr[0]   ; 9.333  ; 9.333  ; Fall       ; Instr[0]        ;
;  ALUresu[31]   ; Instr[0]   ; 9.344  ; 9.344  ; Fall       ; Instr[0]        ;
+----------------+------------+--------+--------+------------+-----------------+


+----------------------------------------------------------------+
; Propagation Delay                                              ;
+------------+---------------+--------+--------+--------+--------+
; Input Port ; Output Port   ; RR     ; RF     ; FR     ; FF     ;
+------------+---------------+--------+--------+--------+--------+
; Instr[1]   ; ALUControl[0] ; 13.940 ;        ;        ; 13.940 ;
; Instr[1]   ; ALUControl[2] ; 13.940 ;        ;        ; 13.940 ;
; Instr[1]   ; ALUresu[0]    ; 19.006 ; 14.703 ; 14.703 ; 19.006 ;
; Instr[1]   ; ALUresu[1]    ; 14.910 ; 14.910 ; 14.910 ; 14.910 ;
; Instr[1]   ; ALUresu[2]    ; 15.391 ; 15.391 ; 15.391 ; 15.391 ;
; Instr[1]   ; ALUresu[3]    ; 15.532 ; 15.532 ; 15.532 ; 15.532 ;
; Instr[1]   ; ALUresu[4]    ; 15.868 ; 15.868 ; 15.868 ; 15.868 ;
; Instr[1]   ; ALUresu[5]    ; 15.471 ; 15.471 ; 15.471 ; 15.471 ;
; Instr[1]   ; ALUresu[6]    ; 16.366 ; 16.366 ; 16.366 ; 16.366 ;
; Instr[1]   ; ALUresu[7]    ; 17.515 ; 17.515 ; 17.515 ; 17.515 ;
; Instr[1]   ; ALUresu[8]    ; 17.927 ; 17.927 ; 17.927 ; 17.927 ;
; Instr[1]   ; ALUresu[9]    ; 18.446 ; 18.446 ; 18.446 ; 18.446 ;
; Instr[1]   ; ALUresu[10]   ; 18.995 ; 18.995 ; 18.995 ; 18.995 ;
; Instr[1]   ; ALUresu[11]   ; 18.398 ; 18.398 ; 18.398 ; 18.398 ;
; Instr[1]   ; ALUresu[12]   ; 19.980 ; 19.980 ; 19.980 ; 19.980 ;
; Instr[1]   ; ALUresu[13]   ; 19.361 ; 19.361 ; 19.361 ; 19.361 ;
; Instr[1]   ; ALUresu[14]   ; 19.821 ; 19.821 ; 19.821 ; 19.821 ;
; Instr[1]   ; ALUresu[15]   ; 20.483 ; 20.483 ; 20.483 ; 20.483 ;
; Instr[1]   ; ALUresu[16]   ; 22.397 ; 22.397 ; 22.397 ; 22.397 ;
; Instr[1]   ; ALUresu[17]   ; 21.611 ; 21.611 ; 21.611 ; 21.611 ;
; Instr[1]   ; ALUresu[18]   ; 22.281 ; 22.281 ; 22.281 ; 22.281 ;
; Instr[1]   ; ALUresu[19]   ; 22.096 ; 22.096 ; 22.096 ; 22.096 ;
; Instr[1]   ; ALUresu[20]   ; 22.355 ; 22.355 ; 22.355 ; 22.355 ;
; Instr[1]   ; ALUresu[21]   ; 23.079 ; 23.079 ; 23.079 ; 23.079 ;
; Instr[1]   ; ALUresu[22]   ; 23.567 ; 23.567 ; 23.567 ; 23.567 ;
; Instr[1]   ; ALUresu[23]   ; 25.194 ; 25.194 ; 25.194 ; 25.194 ;
; Instr[1]   ; ALUresu[24]   ; 25.632 ; 25.632 ; 25.632 ; 25.632 ;
; Instr[1]   ; ALUresu[25]   ; 25.153 ; 25.153 ; 25.153 ; 25.153 ;
; Instr[1]   ; ALUresu[26]   ; 25.225 ; 25.225 ; 25.225 ; 25.225 ;
; Instr[1]   ; ALUresu[27]   ; 25.465 ; 25.465 ; 25.465 ; 25.465 ;
; Instr[1]   ; ALUresu[28]   ; 25.541 ; 25.541 ; 25.541 ; 25.541 ;
; Instr[1]   ; ALUresu[29]   ; 26.392 ; 26.392 ; 26.392 ; 26.392 ;
; Instr[1]   ; ALUresu[30]   ; 26.328 ; 26.328 ; 26.328 ; 26.328 ;
; Instr[1]   ; ALUresu[31]   ; 28.025 ; 28.025 ; 28.025 ; 28.025 ;
; Instr[2]   ; ALUControl[0] ;        ; 14.656 ; 14.656 ;        ;
; Instr[2]   ; ALUControl[2] ;        ; 14.656 ; 14.656 ;        ;
; Instr[2]   ; ALUresu[0]    ; 20.664 ; 15.419 ; 15.419 ; 20.664 ;
; Instr[2]   ; ALUresu[1]    ; 14.921 ;        ;        ; 14.921 ;
; Instr[2]   ; ALUresu[2]    ; 16.624 ; 16.624 ; 16.624 ; 16.624 ;
; Instr[2]   ; ALUresu[3]    ; 15.552 ; 15.552 ; 15.552 ; 15.552 ;
; Instr[2]   ; ALUresu[4]    ; 15.888 ; 15.888 ; 15.888 ; 15.888 ;
; Instr[2]   ; ALUresu[5]    ; 15.491 ; 15.491 ; 15.491 ; 15.491 ;
; Instr[2]   ; ALUresu[6]    ; 16.386 ; 16.386 ; 16.386 ; 16.386 ;
; Instr[2]   ; ALUresu[7]    ; 17.535 ; 17.535 ; 17.535 ; 17.535 ;
; Instr[2]   ; ALUresu[8]    ; 17.947 ; 17.947 ; 17.947 ; 17.947 ;
; Instr[2]   ; ALUresu[9]    ; 18.466 ; 18.466 ; 18.466 ; 18.466 ;
; Instr[2]   ; ALUresu[10]   ; 19.015 ; 19.015 ; 19.015 ; 19.015 ;
; Instr[2]   ; ALUresu[11]   ; 18.418 ; 18.418 ; 18.418 ; 18.418 ;
; Instr[2]   ; ALUresu[12]   ; 20.000 ; 20.000 ; 20.000 ; 20.000 ;
; Instr[2]   ; ALUresu[13]   ; 19.381 ; 19.381 ; 19.381 ; 19.381 ;
; Instr[2]   ; ALUresu[14]   ; 19.841 ; 19.841 ; 19.841 ; 19.841 ;
; Instr[2]   ; ALUresu[15]   ; 20.503 ; 20.503 ; 20.503 ; 20.503 ;
; Instr[2]   ; ALUresu[16]   ; 22.417 ; 22.417 ; 22.417 ; 22.417 ;
; Instr[2]   ; ALUresu[17]   ; 21.631 ; 21.631 ; 21.631 ; 21.631 ;
; Instr[2]   ; ALUresu[18]   ; 22.301 ; 22.301 ; 22.301 ; 22.301 ;
; Instr[2]   ; ALUresu[19]   ; 22.116 ; 22.116 ; 22.116 ; 22.116 ;
; Instr[2]   ; ALUresu[20]   ; 22.375 ; 22.375 ; 22.375 ; 22.375 ;
; Instr[2]   ; ALUresu[21]   ; 23.099 ; 23.099 ; 23.099 ; 23.099 ;
; Instr[2]   ; ALUresu[22]   ; 23.587 ; 23.587 ; 23.587 ; 23.587 ;
; Instr[2]   ; ALUresu[23]   ; 25.214 ; 25.214 ; 25.214 ; 25.214 ;
; Instr[2]   ; ALUresu[24]   ; 25.652 ; 25.652 ; 25.652 ; 25.652 ;
; Instr[2]   ; ALUresu[25]   ; 25.173 ; 25.173 ; 25.173 ; 25.173 ;
; Instr[2]   ; ALUresu[26]   ; 25.245 ; 25.245 ; 25.245 ; 25.245 ;
; Instr[2]   ; ALUresu[27]   ; 25.485 ; 25.485 ; 25.485 ; 25.485 ;
; Instr[2]   ; ALUresu[28]   ; 25.561 ; 25.561 ; 25.561 ; 25.561 ;
; Instr[2]   ; ALUresu[29]   ; 26.412 ; 26.412 ; 26.412 ; 26.412 ;
; Instr[2]   ; ALUresu[30]   ; 26.348 ; 26.348 ; 26.348 ; 26.348 ;
; Instr[2]   ; ALUresu[31]   ; 28.045 ; 28.045 ; 28.045 ; 28.045 ;
; Instr[3]   ; ALUControl[0] ; 14.614 ;        ;        ; 14.614 ;
; Instr[3]   ; ALUControl[2] ; 14.614 ;        ;        ; 14.614 ;
; Instr[3]   ; ALUresu[0]    ; 19.229 ; 15.377 ; 15.377 ; 19.229 ;
; Instr[3]   ; ALUresu[1]    ;        ; 14.879 ; 14.879 ;        ;
; Instr[3]   ; ALUresu[2]    ;        ; 15.596 ; 15.596 ;        ;
; Instr[3]   ; ALUresu[3]    ; 16.078 ; 16.078 ; 16.078 ; 16.078 ;
; Instr[3]   ; ALUresu[4]    ; 15.529 ; 15.529 ; 15.529 ; 15.529 ;
; Instr[3]   ; ALUresu[5]    ; 15.132 ; 15.132 ; 15.132 ; 15.132 ;
; Instr[3]   ; ALUresu[6]    ; 16.027 ; 16.027 ; 16.027 ; 16.027 ;
; Instr[3]   ; ALUresu[7]    ; 17.176 ; 17.176 ; 17.176 ; 17.176 ;
; Instr[3]   ; ALUresu[8]    ; 17.588 ; 17.588 ; 17.588 ; 17.588 ;
; Instr[3]   ; ALUresu[9]    ; 18.107 ; 18.107 ; 18.107 ; 18.107 ;
; Instr[3]   ; ALUresu[10]   ; 18.656 ; 18.656 ; 18.656 ; 18.656 ;
; Instr[3]   ; ALUresu[11]   ; 18.059 ; 18.059 ; 18.059 ; 18.059 ;
; Instr[3]   ; ALUresu[12]   ; 19.641 ; 19.641 ; 19.641 ; 19.641 ;
; Instr[3]   ; ALUresu[13]   ; 19.022 ; 19.022 ; 19.022 ; 19.022 ;
; Instr[3]   ; ALUresu[14]   ; 19.482 ; 19.482 ; 19.482 ; 19.482 ;
; Instr[3]   ; ALUresu[15]   ; 20.144 ; 20.144 ; 20.144 ; 20.144 ;
; Instr[3]   ; ALUresu[16]   ; 22.058 ; 22.058 ; 22.058 ; 22.058 ;
; Instr[3]   ; ALUresu[17]   ; 21.272 ; 21.272 ; 21.272 ; 21.272 ;
; Instr[3]   ; ALUresu[18]   ; 21.942 ; 21.942 ; 21.942 ; 21.942 ;
; Instr[3]   ; ALUresu[19]   ; 21.757 ; 21.757 ; 21.757 ; 21.757 ;
; Instr[3]   ; ALUresu[20]   ; 22.016 ; 22.016 ; 22.016 ; 22.016 ;
; Instr[3]   ; ALUresu[21]   ; 22.740 ; 22.740 ; 22.740 ; 22.740 ;
; Instr[3]   ; ALUresu[22]   ; 23.228 ; 23.228 ; 23.228 ; 23.228 ;
; Instr[3]   ; ALUresu[23]   ; 24.855 ; 24.855 ; 24.855 ; 24.855 ;
; Instr[3]   ; ALUresu[24]   ; 25.293 ; 25.293 ; 25.293 ; 25.293 ;
; Instr[3]   ; ALUresu[25]   ; 24.814 ; 24.814 ; 24.814 ; 24.814 ;
; Instr[3]   ; ALUresu[26]   ; 24.886 ; 24.886 ; 24.886 ; 24.886 ;
; Instr[3]   ; ALUresu[27]   ; 25.126 ; 25.126 ; 25.126 ; 25.126 ;
; Instr[3]   ; ALUresu[28]   ; 25.202 ; 25.202 ; 25.202 ; 25.202 ;
; Instr[3]   ; ALUresu[29]   ; 26.053 ; 26.053 ; 26.053 ; 26.053 ;
; Instr[3]   ; ALUresu[30]   ; 25.989 ; 25.989 ; 25.989 ; 25.989 ;
; Instr[3]   ; ALUresu[31]   ; 27.686 ; 27.686 ; 27.686 ; 27.686 ;
; Instr[4]   ; ALUControl[0] ;        ; 14.550 ; 14.550 ;        ;
; Instr[4]   ; ALUControl[2] ;        ; 14.550 ; 14.550 ;        ;
; Instr[4]   ; ALUresu[0]    ; 19.941 ; 15.313 ; 15.313 ; 19.941 ;
; Instr[4]   ; ALUresu[1]    ; 14.815 ;        ;        ; 14.815 ;
; Instr[4]   ; ALUresu[2]    ; 15.532 ;        ;        ; 15.532 ;
; Instr[4]   ; ALUresu[3]    ; 15.294 ;        ;        ; 15.294 ;
; Instr[4]   ; ALUresu[4]    ; 16.741 ; 16.741 ; 16.741 ; 16.741 ;
; Instr[4]   ; ALUresu[5]    ; 15.276 ; 15.276 ; 15.276 ; 15.276 ;
; Instr[4]   ; ALUresu[6]    ; 16.171 ; 16.171 ; 16.171 ; 16.171 ;
; Instr[4]   ; ALUresu[7]    ; 17.320 ; 17.320 ; 17.320 ; 17.320 ;
; Instr[4]   ; ALUresu[8]    ; 17.732 ; 17.732 ; 17.732 ; 17.732 ;
; Instr[4]   ; ALUresu[9]    ; 18.251 ; 18.251 ; 18.251 ; 18.251 ;
; Instr[4]   ; ALUresu[10]   ; 18.800 ; 18.800 ; 18.800 ; 18.800 ;
; Instr[4]   ; ALUresu[11]   ; 18.203 ; 18.203 ; 18.203 ; 18.203 ;
; Instr[4]   ; ALUresu[12]   ; 19.785 ; 19.785 ; 19.785 ; 19.785 ;
; Instr[4]   ; ALUresu[13]   ; 19.166 ; 19.166 ; 19.166 ; 19.166 ;
; Instr[4]   ; ALUresu[14]   ; 19.626 ; 19.626 ; 19.626 ; 19.626 ;
; Instr[4]   ; ALUresu[15]   ; 20.288 ; 20.288 ; 20.288 ; 20.288 ;
; Instr[4]   ; ALUresu[16]   ; 22.202 ; 22.202 ; 22.202 ; 22.202 ;
; Instr[4]   ; ALUresu[17]   ; 21.416 ; 21.416 ; 21.416 ; 21.416 ;
; Instr[4]   ; ALUresu[18]   ; 22.086 ; 22.086 ; 22.086 ; 22.086 ;
; Instr[4]   ; ALUresu[19]   ; 21.901 ; 21.901 ; 21.901 ; 21.901 ;
; Instr[4]   ; ALUresu[20]   ; 22.160 ; 22.160 ; 22.160 ; 22.160 ;
; Instr[4]   ; ALUresu[21]   ; 22.884 ; 22.884 ; 22.884 ; 22.884 ;
; Instr[4]   ; ALUresu[22]   ; 23.372 ; 23.372 ; 23.372 ; 23.372 ;
; Instr[4]   ; ALUresu[23]   ; 24.999 ; 24.999 ; 24.999 ; 24.999 ;
; Instr[4]   ; ALUresu[24]   ; 25.437 ; 25.437 ; 25.437 ; 25.437 ;
; Instr[4]   ; ALUresu[25]   ; 24.958 ; 24.958 ; 24.958 ; 24.958 ;
; Instr[4]   ; ALUresu[26]   ; 25.030 ; 25.030 ; 25.030 ; 25.030 ;
; Instr[4]   ; ALUresu[27]   ; 25.270 ; 25.270 ; 25.270 ; 25.270 ;
; Instr[4]   ; ALUresu[28]   ; 25.346 ; 25.346 ; 25.346 ; 25.346 ;
; Instr[4]   ; ALUresu[29]   ; 26.197 ; 26.197 ; 26.197 ; 26.197 ;
; Instr[4]   ; ALUresu[30]   ; 26.133 ; 26.133 ; 26.133 ; 26.133 ;
; Instr[4]   ; ALUresu[31]   ; 27.830 ; 27.830 ; 27.830 ; 27.830 ;
; Instr[5]   ; ALUControl[0] ; 14.440 ;        ;        ; 14.440 ;
; Instr[5]   ; ALUControl[2] ; 14.440 ;        ;        ; 14.440 ;
; Instr[5]   ; ALUresu[0]    ; 19.296 ; 15.203 ; 15.203 ; 19.296 ;
; Instr[5]   ; ALUresu[1]    ;        ; 14.705 ; 14.705 ;        ;
; Instr[5]   ; ALUresu[2]    ;        ; 15.422 ; 15.422 ;        ;
; Instr[5]   ; ALUresu[3]    ;        ; 15.184 ; 15.184 ;        ;
; Instr[5]   ; ALUresu[4]    ;        ; 15.098 ; 15.098 ;        ;
; Instr[5]   ; ALUresu[5]    ; 14.960 ; 14.960 ; 14.960 ; 14.960 ;
; Instr[5]   ; ALUresu[6]    ; 16.049 ; 16.049 ; 16.049 ; 16.049 ;
; Instr[5]   ; ALUresu[7]    ; 17.198 ; 17.198 ; 17.198 ; 17.198 ;
; Instr[5]   ; ALUresu[8]    ; 17.610 ; 17.610 ; 17.610 ; 17.610 ;
; Instr[5]   ; ALUresu[9]    ; 18.129 ; 18.129 ; 18.129 ; 18.129 ;
; Instr[5]   ; ALUresu[10]   ; 18.678 ; 18.678 ; 18.678 ; 18.678 ;
; Instr[5]   ; ALUresu[11]   ; 18.081 ; 18.081 ; 18.081 ; 18.081 ;
; Instr[5]   ; ALUresu[12]   ; 19.663 ; 19.663 ; 19.663 ; 19.663 ;
; Instr[5]   ; ALUresu[13]   ; 19.044 ; 19.044 ; 19.044 ; 19.044 ;
; Instr[5]   ; ALUresu[14]   ; 19.504 ; 19.504 ; 19.504 ; 19.504 ;
; Instr[5]   ; ALUresu[15]   ; 20.166 ; 20.166 ; 20.166 ; 20.166 ;
; Instr[5]   ; ALUresu[16]   ; 22.080 ; 22.080 ; 22.080 ; 22.080 ;
; Instr[5]   ; ALUresu[17]   ; 21.294 ; 21.294 ; 21.294 ; 21.294 ;
; Instr[5]   ; ALUresu[18]   ; 21.964 ; 21.964 ; 21.964 ; 21.964 ;
; Instr[5]   ; ALUresu[19]   ; 21.779 ; 21.779 ; 21.779 ; 21.779 ;
; Instr[5]   ; ALUresu[20]   ; 22.038 ; 22.038 ; 22.038 ; 22.038 ;
; Instr[5]   ; ALUresu[21]   ; 22.762 ; 22.762 ; 22.762 ; 22.762 ;
; Instr[5]   ; ALUresu[22]   ; 23.250 ; 23.250 ; 23.250 ; 23.250 ;
; Instr[5]   ; ALUresu[23]   ; 24.877 ; 24.877 ; 24.877 ; 24.877 ;
; Instr[5]   ; ALUresu[24]   ; 25.315 ; 25.315 ; 25.315 ; 25.315 ;
; Instr[5]   ; ALUresu[25]   ; 24.836 ; 24.836 ; 24.836 ; 24.836 ;
; Instr[5]   ; ALUresu[26]   ; 24.908 ; 24.908 ; 24.908 ; 24.908 ;
; Instr[5]   ; ALUresu[27]   ; 25.148 ; 25.148 ; 25.148 ; 25.148 ;
; Instr[5]   ; ALUresu[28]   ; 25.224 ; 25.224 ; 25.224 ; 25.224 ;
; Instr[5]   ; ALUresu[29]   ; 26.075 ; 26.075 ; 26.075 ; 26.075 ;
; Instr[5]   ; ALUresu[30]   ; 26.011 ; 26.011 ; 26.011 ; 26.011 ;
; Instr[5]   ; ALUresu[31]   ; 27.708 ; 27.708 ; 27.708 ; 27.708 ;
; Instr[6]   ; ALUresu[0]    ; 18.897 ;        ;        ; 18.897 ;
; Instr[6]   ; ALUresu[6]    ; 15.879 ; 15.879 ; 15.879 ; 15.879 ;
; Instr[6]   ; ALUresu[7]    ; 15.949 ; 15.949 ; 15.949 ; 15.949 ;
; Instr[6]   ; ALUresu[8]    ; 16.361 ; 16.361 ; 16.361 ; 16.361 ;
; Instr[6]   ; ALUresu[9]    ; 16.880 ; 16.880 ; 16.880 ; 16.880 ;
; Instr[6]   ; ALUresu[10]   ; 17.429 ; 17.429 ; 17.429 ; 17.429 ;
; Instr[6]   ; ALUresu[11]   ; 16.832 ; 16.832 ; 16.832 ; 16.832 ;
; Instr[6]   ; ALUresu[12]   ; 18.414 ; 18.414 ; 18.414 ; 18.414 ;
; Instr[6]   ; ALUresu[13]   ; 17.795 ; 17.795 ; 17.795 ; 17.795 ;
; Instr[6]   ; ALUresu[14]   ; 18.255 ; 18.255 ; 18.255 ; 18.255 ;
; Instr[6]   ; ALUresu[15]   ; 18.917 ; 18.917 ; 18.917 ; 18.917 ;
; Instr[6]   ; ALUresu[16]   ; 20.831 ; 20.831 ; 20.831 ; 20.831 ;
; Instr[6]   ; ALUresu[17]   ; 20.045 ; 20.045 ; 20.045 ; 20.045 ;
; Instr[6]   ; ALUresu[18]   ; 20.715 ; 20.715 ; 20.715 ; 20.715 ;
; Instr[6]   ; ALUresu[19]   ; 20.530 ; 20.530 ; 20.530 ; 20.530 ;
; Instr[6]   ; ALUresu[20]   ; 20.789 ; 20.789 ; 20.789 ; 20.789 ;
; Instr[6]   ; ALUresu[21]   ; 21.513 ; 21.513 ; 21.513 ; 21.513 ;
; Instr[6]   ; ALUresu[22]   ; 22.001 ; 22.001 ; 22.001 ; 22.001 ;
; Instr[6]   ; ALUresu[23]   ; 23.628 ; 23.628 ; 23.628 ; 23.628 ;
; Instr[6]   ; ALUresu[24]   ; 24.066 ; 24.066 ; 24.066 ; 24.066 ;
; Instr[6]   ; ALUresu[25]   ; 23.587 ; 23.587 ; 23.587 ; 23.587 ;
; Instr[6]   ; ALUresu[26]   ; 23.659 ; 23.659 ; 23.659 ; 23.659 ;
; Instr[6]   ; ALUresu[27]   ; 23.899 ; 23.899 ; 23.899 ; 23.899 ;
; Instr[6]   ; ALUresu[28]   ; 23.975 ; 23.975 ; 23.975 ; 23.975 ;
; Instr[6]   ; ALUresu[29]   ; 24.826 ; 24.826 ; 24.826 ; 24.826 ;
; Instr[6]   ; ALUresu[30]   ; 24.762 ; 24.762 ; 24.762 ; 24.762 ;
; Instr[6]   ; ALUresu[31]   ; 26.459 ; 26.459 ; 26.459 ; 26.459 ;
; Instr[7]   ; ALUresu[0]    ; 19.815 ;        ;        ; 19.815 ;
; Instr[7]   ; ALUresu[7]    ; 15.523 ; 15.523 ; 15.523 ; 15.523 ;
; Instr[7]   ; ALUresu[8]    ; 16.938 ; 16.938 ; 16.938 ; 16.938 ;
; Instr[7]   ; ALUresu[9]    ; 17.457 ; 17.457 ; 17.457 ; 17.457 ;
; Instr[7]   ; ALUresu[10]   ; 18.006 ; 18.006 ; 18.006 ; 18.006 ;
; Instr[7]   ; ALUresu[11]   ; 17.409 ; 17.409 ; 17.409 ; 17.409 ;
; Instr[7]   ; ALUresu[12]   ; 18.991 ; 18.991 ; 18.991 ; 18.991 ;
; Instr[7]   ; ALUresu[13]   ; 18.372 ; 18.372 ; 18.372 ; 18.372 ;
; Instr[7]   ; ALUresu[14]   ; 18.832 ; 18.832 ; 18.832 ; 18.832 ;
; Instr[7]   ; ALUresu[15]   ; 19.494 ; 19.494 ; 19.494 ; 19.494 ;
; Instr[7]   ; ALUresu[16]   ; 21.408 ; 21.408 ; 21.408 ; 21.408 ;
; Instr[7]   ; ALUresu[17]   ; 20.622 ; 20.622 ; 20.622 ; 20.622 ;
; Instr[7]   ; ALUresu[18]   ; 21.292 ; 21.292 ; 21.292 ; 21.292 ;
; Instr[7]   ; ALUresu[19]   ; 21.107 ; 21.107 ; 21.107 ; 21.107 ;
; Instr[7]   ; ALUresu[20]   ; 21.366 ; 21.366 ; 21.366 ; 21.366 ;
; Instr[7]   ; ALUresu[21]   ; 22.090 ; 22.090 ; 22.090 ; 22.090 ;
; Instr[7]   ; ALUresu[22]   ; 22.578 ; 22.578 ; 22.578 ; 22.578 ;
; Instr[7]   ; ALUresu[23]   ; 24.205 ; 24.205 ; 24.205 ; 24.205 ;
; Instr[7]   ; ALUresu[24]   ; 24.643 ; 24.643 ; 24.643 ; 24.643 ;
; Instr[7]   ; ALUresu[25]   ; 24.164 ; 24.164 ; 24.164 ; 24.164 ;
; Instr[7]   ; ALUresu[26]   ; 24.236 ; 24.236 ; 24.236 ; 24.236 ;
; Instr[7]   ; ALUresu[27]   ; 24.476 ; 24.476 ; 24.476 ; 24.476 ;
; Instr[7]   ; ALUresu[28]   ; 24.552 ; 24.552 ; 24.552 ; 24.552 ;
; Instr[7]   ; ALUresu[29]   ; 25.403 ; 25.403 ; 25.403 ; 25.403 ;
; Instr[7]   ; ALUresu[30]   ; 25.339 ; 25.339 ; 25.339 ; 25.339 ;
; Instr[7]   ; ALUresu[31]   ; 27.036 ; 27.036 ; 27.036 ; 27.036 ;
; Instr[8]   ; ALUresu[0]    ; 17.443 ;        ;        ; 17.443 ;
; Instr[8]   ; ALUresu[8]    ; 14.084 ; 14.084 ; 14.084 ; 14.084 ;
; Instr[8]   ; ALUresu[9]    ; 15.313 ; 15.313 ; 15.313 ; 15.313 ;
; Instr[8]   ; ALUresu[10]   ; 15.862 ; 15.862 ; 15.862 ; 15.862 ;
; Instr[8]   ; ALUresu[11]   ; 15.265 ; 15.265 ; 15.265 ; 15.265 ;
; Instr[8]   ; ALUresu[12]   ; 16.847 ; 16.847 ; 16.847 ; 16.847 ;
; Instr[8]   ; ALUresu[13]   ; 16.228 ; 16.228 ; 16.228 ; 16.228 ;
; Instr[8]   ; ALUresu[14]   ; 16.688 ; 16.688 ; 16.688 ; 16.688 ;
; Instr[8]   ; ALUresu[15]   ; 17.350 ; 17.350 ; 17.350 ; 17.350 ;
; Instr[8]   ; ALUresu[16]   ; 19.264 ; 19.264 ; 19.264 ; 19.264 ;
; Instr[8]   ; ALUresu[17]   ; 18.478 ; 18.478 ; 18.478 ; 18.478 ;
; Instr[8]   ; ALUresu[18]   ; 19.148 ; 19.148 ; 19.148 ; 19.148 ;
; Instr[8]   ; ALUresu[19]   ; 18.963 ; 18.963 ; 18.963 ; 18.963 ;
; Instr[8]   ; ALUresu[20]   ; 19.222 ; 19.222 ; 19.222 ; 19.222 ;
; Instr[8]   ; ALUresu[21]   ; 19.946 ; 19.946 ; 19.946 ; 19.946 ;
; Instr[8]   ; ALUresu[22]   ; 20.434 ; 20.434 ; 20.434 ; 20.434 ;
; Instr[8]   ; ALUresu[23]   ; 22.061 ; 22.061 ; 22.061 ; 22.061 ;
; Instr[8]   ; ALUresu[24]   ; 22.499 ; 22.499 ; 22.499 ; 22.499 ;
; Instr[8]   ; ALUresu[25]   ; 22.020 ; 22.020 ; 22.020 ; 22.020 ;
; Instr[8]   ; ALUresu[26]   ; 22.092 ; 22.092 ; 22.092 ; 22.092 ;
; Instr[8]   ; ALUresu[27]   ; 22.332 ; 22.332 ; 22.332 ; 22.332 ;
; Instr[8]   ; ALUresu[28]   ; 22.408 ; 22.408 ; 22.408 ; 22.408 ;
; Instr[8]   ; ALUresu[29]   ; 23.259 ; 23.259 ; 23.259 ; 23.259 ;
; Instr[8]   ; ALUresu[30]   ; 23.195 ; 23.195 ; 23.195 ; 23.195 ;
; Instr[8]   ; ALUresu[31]   ; 24.892 ; 24.892 ; 24.892 ; 24.892 ;
; Instr[9]   ; ALUresu[0]    ; 16.899 ;        ;        ; 16.899 ;
; Instr[9]   ; ALUresu[9]    ; 12.752 ; 12.752 ; 12.752 ; 12.752 ;
; Instr[9]   ; ALUresu[10]   ; 15.473 ; 15.473 ; 15.473 ; 15.473 ;
; Instr[9]   ; ALUresu[11]   ; 14.876 ; 14.876 ; 14.876 ; 14.876 ;
; Instr[9]   ; ALUresu[12]   ; 16.458 ; 16.458 ; 16.458 ; 16.458 ;
; Instr[9]   ; ALUresu[13]   ; 15.839 ; 15.839 ; 15.839 ; 15.839 ;
; Instr[9]   ; ALUresu[14]   ; 16.299 ; 16.299 ; 16.299 ; 16.299 ;
; Instr[9]   ; ALUresu[15]   ; 16.961 ; 16.961 ; 16.961 ; 16.961 ;
; Instr[9]   ; ALUresu[16]   ; 18.875 ; 18.875 ; 18.875 ; 18.875 ;
; Instr[9]   ; ALUresu[17]   ; 18.089 ; 18.089 ; 18.089 ; 18.089 ;
; Instr[9]   ; ALUresu[18]   ; 18.759 ; 18.759 ; 18.759 ; 18.759 ;
; Instr[9]   ; ALUresu[19]   ; 18.574 ; 18.574 ; 18.574 ; 18.574 ;
; Instr[9]   ; ALUresu[20]   ; 18.833 ; 18.833 ; 18.833 ; 18.833 ;
; Instr[9]   ; ALUresu[21]   ; 19.557 ; 19.557 ; 19.557 ; 19.557 ;
; Instr[9]   ; ALUresu[22]   ; 20.045 ; 20.045 ; 20.045 ; 20.045 ;
; Instr[9]   ; ALUresu[23]   ; 21.672 ; 21.672 ; 21.672 ; 21.672 ;
; Instr[9]   ; ALUresu[24]   ; 22.110 ; 22.110 ; 22.110 ; 22.110 ;
; Instr[9]   ; ALUresu[25]   ; 21.631 ; 21.631 ; 21.631 ; 21.631 ;
; Instr[9]   ; ALUresu[26]   ; 21.703 ; 21.703 ; 21.703 ; 21.703 ;
; Instr[9]   ; ALUresu[27]   ; 21.943 ; 21.943 ; 21.943 ; 21.943 ;
; Instr[9]   ; ALUresu[28]   ; 22.019 ; 22.019 ; 22.019 ; 22.019 ;
; Instr[9]   ; ALUresu[29]   ; 22.870 ; 22.870 ; 22.870 ; 22.870 ;
; Instr[9]   ; ALUresu[30]   ; 22.806 ; 22.806 ; 22.806 ; 22.806 ;
; Instr[9]   ; ALUresu[31]   ; 24.503 ; 24.503 ; 24.503 ; 24.503 ;
; Instr[10]  ; ALUresu[0]    ; 17.544 ;        ;        ; 17.544 ;
; Instr[10]  ; ALUresu[10]   ; 15.146 ; 15.146 ; 15.146 ; 15.146 ;
; Instr[10]  ; ALUresu[11]   ; 16.002 ; 16.002 ; 16.002 ; 16.002 ;
; Instr[10]  ; ALUresu[12]   ; 17.584 ; 17.584 ; 17.584 ; 17.584 ;
; Instr[10]  ; ALUresu[13]   ; 16.965 ; 16.965 ; 16.965 ; 16.965 ;
; Instr[10]  ; ALUresu[14]   ; 17.425 ; 17.425 ; 17.425 ; 17.425 ;
; Instr[10]  ; ALUresu[15]   ; 18.087 ; 18.087 ; 18.087 ; 18.087 ;
; Instr[10]  ; ALUresu[16]   ; 20.001 ; 20.001 ; 20.001 ; 20.001 ;
; Instr[10]  ; ALUresu[17]   ; 19.215 ; 19.215 ; 19.215 ; 19.215 ;
; Instr[10]  ; ALUresu[18]   ; 19.885 ; 19.885 ; 19.885 ; 19.885 ;
; Instr[10]  ; ALUresu[19]   ; 19.700 ; 19.700 ; 19.700 ; 19.700 ;
; Instr[10]  ; ALUresu[20]   ; 19.959 ; 19.959 ; 19.959 ; 19.959 ;
; Instr[10]  ; ALUresu[21]   ; 20.683 ; 20.683 ; 20.683 ; 20.683 ;
; Instr[10]  ; ALUresu[22]   ; 21.171 ; 21.171 ; 21.171 ; 21.171 ;
; Instr[10]  ; ALUresu[23]   ; 22.798 ; 22.798 ; 22.798 ; 22.798 ;
; Instr[10]  ; ALUresu[24]   ; 23.236 ; 23.236 ; 23.236 ; 23.236 ;
; Instr[10]  ; ALUresu[25]   ; 22.757 ; 22.757 ; 22.757 ; 22.757 ;
; Instr[10]  ; ALUresu[26]   ; 22.829 ; 22.829 ; 22.829 ; 22.829 ;
; Instr[10]  ; ALUresu[27]   ; 23.069 ; 23.069 ; 23.069 ; 23.069 ;
; Instr[10]  ; ALUresu[28]   ; 23.145 ; 23.145 ; 23.145 ; 23.145 ;
; Instr[10]  ; ALUresu[29]   ; 23.996 ; 23.996 ; 23.996 ; 23.996 ;
; Instr[10]  ; ALUresu[30]   ; 23.932 ; 23.932 ; 23.932 ; 23.932 ;
; Instr[10]  ; ALUresu[31]   ; 25.629 ; 25.629 ; 25.629 ; 25.629 ;
; Instr[11]  ; ALUresu[0]    ; 17.728 ;        ;        ; 17.728 ;
; Instr[11]  ; ALUresu[11]   ; 13.748 ; 13.748 ; 13.748 ; 13.748 ;
; Instr[11]  ; ALUresu[12]   ; 14.946 ; 14.946 ; 14.946 ; 14.946 ;
; Instr[11]  ; ALUresu[13]   ; 14.327 ; 14.327 ; 14.327 ; 14.327 ;
; Instr[11]  ; ALUresu[14]   ; 14.787 ; 14.787 ; 14.787 ; 14.787 ;
; Instr[11]  ; ALUresu[15]   ; 15.449 ; 15.449 ; 15.449 ; 15.449 ;
; Instr[11]  ; ALUresu[16]   ; 17.363 ; 17.363 ; 17.363 ; 17.363 ;
; Instr[11]  ; ALUresu[17]   ; 16.577 ; 16.577 ; 16.577 ; 16.577 ;
; Instr[11]  ; ALUresu[18]   ; 17.247 ; 17.247 ; 17.247 ; 17.247 ;
; Instr[11]  ; ALUresu[19]   ; 17.062 ; 17.062 ; 17.062 ; 17.062 ;
; Instr[11]  ; ALUresu[20]   ; 17.321 ; 17.321 ; 17.321 ; 17.321 ;
; Instr[11]  ; ALUresu[21]   ; 18.045 ; 18.045 ; 18.045 ; 18.045 ;
; Instr[11]  ; ALUresu[22]   ; 18.533 ; 18.533 ; 18.533 ; 18.533 ;
; Instr[11]  ; ALUresu[23]   ; 20.160 ; 20.160 ; 20.160 ; 20.160 ;
; Instr[11]  ; ALUresu[24]   ; 20.598 ; 20.598 ; 20.598 ; 20.598 ;
; Instr[11]  ; ALUresu[25]   ; 20.119 ; 20.119 ; 20.119 ; 20.119 ;
; Instr[11]  ; ALUresu[26]   ; 20.191 ; 20.191 ; 20.191 ; 20.191 ;
; Instr[11]  ; ALUresu[27]   ; 20.431 ; 20.431 ; 20.431 ; 20.431 ;
; Instr[11]  ; ALUresu[28]   ; 20.507 ; 20.507 ; 20.507 ; 20.507 ;
; Instr[11]  ; ALUresu[29]   ; 21.358 ; 21.358 ; 21.358 ; 21.358 ;
; Instr[11]  ; ALUresu[30]   ; 21.294 ; 21.294 ; 21.294 ; 21.294 ;
; Instr[11]  ; ALUresu[31]   ; 22.991 ; 22.991 ; 22.991 ; 22.991 ;
; Instr[12]  ; ALUresu[0]    ; 18.682 ;        ;        ; 18.682 ;
; Instr[12]  ; ALUresu[12]   ; 15.280 ; 15.280 ; 15.280 ; 15.280 ;
; Instr[12]  ; ALUresu[13]   ; 16.043 ; 16.043 ; 16.043 ; 16.043 ;
; Instr[12]  ; ALUresu[14]   ; 16.503 ; 16.503 ; 16.503 ; 16.503 ;
; Instr[12]  ; ALUresu[15]   ; 17.165 ; 17.165 ; 17.165 ; 17.165 ;
; Instr[12]  ; ALUresu[16]   ; 19.079 ; 19.079 ; 19.079 ; 19.079 ;
; Instr[12]  ; ALUresu[17]   ; 18.293 ; 18.293 ; 18.293 ; 18.293 ;
; Instr[12]  ; ALUresu[18]   ; 18.963 ; 18.963 ; 18.963 ; 18.963 ;
; Instr[12]  ; ALUresu[19]   ; 18.778 ; 18.778 ; 18.778 ; 18.778 ;
; Instr[12]  ; ALUresu[20]   ; 19.037 ; 19.037 ; 19.037 ; 19.037 ;
; Instr[12]  ; ALUresu[21]   ; 19.761 ; 19.761 ; 19.761 ; 19.761 ;
; Instr[12]  ; ALUresu[22]   ; 20.249 ; 20.249 ; 20.249 ; 20.249 ;
; Instr[12]  ; ALUresu[23]   ; 21.876 ; 21.876 ; 21.876 ; 21.876 ;
; Instr[12]  ; ALUresu[24]   ; 22.314 ; 22.314 ; 22.314 ; 22.314 ;
; Instr[12]  ; ALUresu[25]   ; 21.835 ; 21.835 ; 21.835 ; 21.835 ;
; Instr[12]  ; ALUresu[26]   ; 21.907 ; 21.907 ; 21.907 ; 21.907 ;
; Instr[12]  ; ALUresu[27]   ; 22.147 ; 22.147 ; 22.147 ; 22.147 ;
; Instr[12]  ; ALUresu[28]   ; 22.223 ; 22.223 ; 22.223 ; 22.223 ;
; Instr[12]  ; ALUresu[29]   ; 23.074 ; 23.074 ; 23.074 ; 23.074 ;
; Instr[12]  ; ALUresu[30]   ; 23.010 ; 23.010 ; 23.010 ; 23.010 ;
; Instr[12]  ; ALUresu[31]   ; 24.707 ; 24.707 ; 24.707 ; 24.707 ;
; Instr[13]  ; ALUresu[0]    ; 18.986 ;        ;        ; 18.986 ;
; Instr[13]  ; ALUresu[13]   ; 15.404 ; 15.404 ; 15.404 ; 15.404 ;
; Instr[13]  ; ALUresu[14]   ; 15.330 ; 15.330 ; 15.330 ; 15.330 ;
; Instr[13]  ; ALUresu[15]   ; 15.992 ; 15.992 ; 15.992 ; 15.992 ;
; Instr[13]  ; ALUresu[16]   ; 17.906 ; 17.906 ; 17.906 ; 17.906 ;
; Instr[13]  ; ALUresu[17]   ; 17.120 ; 17.120 ; 17.120 ; 17.120 ;
; Instr[13]  ; ALUresu[18]   ; 17.790 ; 17.790 ; 17.790 ; 17.790 ;
; Instr[13]  ; ALUresu[19]   ; 17.605 ; 17.605 ; 17.605 ; 17.605 ;
; Instr[13]  ; ALUresu[20]   ; 17.864 ; 17.864 ; 17.864 ; 17.864 ;
; Instr[13]  ; ALUresu[21]   ; 18.588 ; 18.588 ; 18.588 ; 18.588 ;
; Instr[13]  ; ALUresu[22]   ; 19.076 ; 19.076 ; 19.076 ; 19.076 ;
; Instr[13]  ; ALUresu[23]   ; 20.703 ; 20.703 ; 20.703 ; 20.703 ;
; Instr[13]  ; ALUresu[24]   ; 21.141 ; 21.141 ; 21.141 ; 21.141 ;
; Instr[13]  ; ALUresu[25]   ; 20.662 ; 20.662 ; 20.662 ; 20.662 ;
; Instr[13]  ; ALUresu[26]   ; 20.734 ; 20.734 ; 20.734 ; 20.734 ;
; Instr[13]  ; ALUresu[27]   ; 20.974 ; 20.974 ; 20.974 ; 20.974 ;
; Instr[13]  ; ALUresu[28]   ; 21.050 ; 21.050 ; 21.050 ; 21.050 ;
; Instr[13]  ; ALUresu[29]   ; 21.901 ; 21.901 ; 21.901 ; 21.901 ;
; Instr[13]  ; ALUresu[30]   ; 21.837 ; 21.837 ; 21.837 ; 21.837 ;
; Instr[13]  ; ALUresu[31]   ; 23.534 ; 23.534 ; 23.534 ; 23.534 ;
; Instr[14]  ; ALUresu[0]    ; 17.501 ;        ;        ; 17.501 ;
; Instr[14]  ; ALUresu[14]   ; 13.490 ; 13.490 ; 13.490 ; 13.490 ;
; Instr[14]  ; ALUresu[15]   ; 14.221 ; 14.221 ; 14.221 ; 14.221 ;
; Instr[14]  ; ALUresu[16]   ; 16.135 ; 16.135 ; 16.135 ; 16.135 ;
; Instr[14]  ; ALUresu[17]   ; 15.349 ; 15.349 ; 15.349 ; 15.349 ;
; Instr[14]  ; ALUresu[18]   ; 16.019 ; 16.019 ; 16.019 ; 16.019 ;
; Instr[14]  ; ALUresu[19]   ; 15.834 ; 15.834 ; 15.834 ; 15.834 ;
; Instr[14]  ; ALUresu[20]   ; 16.093 ; 16.093 ; 16.093 ; 16.093 ;
; Instr[14]  ; ALUresu[21]   ; 16.817 ; 16.817 ; 16.817 ; 16.817 ;
; Instr[14]  ; ALUresu[22]   ; 17.305 ; 17.305 ; 17.305 ; 17.305 ;
; Instr[14]  ; ALUresu[23]   ; 18.932 ; 18.932 ; 18.932 ; 18.932 ;
; Instr[14]  ; ALUresu[24]   ; 19.370 ; 19.370 ; 19.370 ; 19.370 ;
; Instr[14]  ; ALUresu[25]   ; 18.891 ; 18.891 ; 18.891 ; 18.891 ;
; Instr[14]  ; ALUresu[26]   ; 18.963 ; 18.963 ; 18.963 ; 18.963 ;
; Instr[14]  ; ALUresu[27]   ; 19.203 ; 19.203 ; 19.203 ; 19.203 ;
; Instr[14]  ; ALUresu[28]   ; 19.279 ; 19.279 ; 19.279 ; 19.279 ;
; Instr[14]  ; ALUresu[29]   ; 20.130 ; 20.130 ; 20.130 ; 20.130 ;
; Instr[14]  ; ALUresu[30]   ; 20.066 ; 20.066 ; 20.066 ; 20.066 ;
; Instr[14]  ; ALUresu[31]   ; 21.763 ; 21.763 ; 21.763 ; 21.763 ;
; Instr[15]  ; ALUresu[0]    ; 18.545 ;        ;        ; 18.545 ;
; Instr[15]  ; ALUresu[15]   ; 15.260 ; 15.260 ; 15.260 ; 15.260 ;
; Instr[15]  ; ALUresu[16]   ; 15.578 ; 15.578 ; 15.578 ; 15.578 ;
; Instr[15]  ; ALUresu[17]   ; 14.792 ; 14.792 ; 14.792 ; 14.792 ;
; Instr[15]  ; ALUresu[18]   ; 15.462 ; 15.462 ; 15.462 ; 15.462 ;
; Instr[15]  ; ALUresu[19]   ; 15.277 ; 15.277 ; 15.277 ; 15.277 ;
; Instr[15]  ; ALUresu[20]   ; 15.536 ; 15.536 ; 15.536 ; 15.536 ;
; Instr[15]  ; ALUresu[21]   ; 16.260 ; 16.260 ; 16.260 ; 16.260 ;
; Instr[15]  ; ALUresu[22]   ; 16.748 ; 16.748 ; 16.748 ; 16.748 ;
; Instr[15]  ; ALUresu[23]   ; 18.375 ; 18.375 ; 18.375 ; 18.375 ;
; Instr[15]  ; ALUresu[24]   ; 18.813 ; 18.813 ; 18.813 ; 18.813 ;
; Instr[15]  ; ALUresu[25]   ; 18.334 ; 18.334 ; 18.334 ; 18.334 ;
; Instr[15]  ; ALUresu[26]   ; 18.406 ; 18.406 ; 18.406 ; 18.406 ;
; Instr[15]  ; ALUresu[27]   ; 18.646 ; 18.646 ; 18.646 ; 18.646 ;
; Instr[15]  ; ALUresu[28]   ; 18.722 ; 18.722 ; 18.722 ; 18.722 ;
; Instr[15]  ; ALUresu[29]   ; 19.573 ; 19.573 ; 19.573 ; 19.573 ;
; Instr[15]  ; ALUresu[30]   ; 19.509 ; 19.509 ; 19.509 ; 19.509 ;
; Instr[15]  ; ALUresu[31]   ; 21.206 ; 21.206 ; 21.206 ; 21.206 ;
; Instr[16]  ; ALUresu[0]    ; 26.543 ; 27.195 ; 27.195 ; 26.543 ;
; Instr[16]  ; ALUresu[1]    ; 20.161 ; 20.161 ; 20.161 ; 20.161 ;
; Instr[16]  ; ALUresu[2]    ; 20.752 ; 20.752 ; 20.752 ; 20.752 ;
; Instr[16]  ; ALUresu[3]    ; 22.694 ; 22.694 ; 22.694 ; 22.694 ;
; Instr[16]  ; ALUresu[4]    ; 22.568 ; 22.568 ; 22.568 ; 22.568 ;
; Instr[16]  ; ALUresu[5]    ; 21.741 ; 21.741 ; 21.741 ; 21.741 ;
; Instr[16]  ; ALUresu[6]    ; 24.177 ; 24.177 ; 24.177 ; 24.177 ;
; Instr[16]  ; ALUresu[7]    ; 25.212 ; 25.212 ; 25.212 ; 25.212 ;
; Instr[16]  ; ALUresu[8]    ; 25.624 ; 25.624 ; 25.624 ; 25.624 ;
; Instr[16]  ; ALUresu[9]    ; 26.143 ; 26.143 ; 26.143 ; 26.143 ;
; Instr[16]  ; ALUresu[10]   ; 26.692 ; 26.692 ; 26.692 ; 26.692 ;
; Instr[16]  ; ALUresu[11]   ; 26.095 ; 26.095 ; 26.095 ; 26.095 ;
; Instr[16]  ; ALUresu[12]   ; 27.677 ; 27.677 ; 27.677 ; 27.677 ;
; Instr[16]  ; ALUresu[13]   ; 27.058 ; 27.058 ; 27.058 ; 27.058 ;
; Instr[16]  ; ALUresu[14]   ; 27.518 ; 27.518 ; 27.518 ; 27.518 ;
; Instr[16]  ; ALUresu[15]   ; 28.180 ; 28.180 ; 28.180 ; 28.180 ;
; Instr[16]  ; ALUresu[16]   ; 30.094 ; 30.094 ; 30.094 ; 30.094 ;
; Instr[16]  ; ALUresu[17]   ; 29.308 ; 29.308 ; 29.308 ; 29.308 ;
; Instr[16]  ; ALUresu[18]   ; 29.978 ; 29.978 ; 29.978 ; 29.978 ;
; Instr[16]  ; ALUresu[19]   ; 29.793 ; 29.793 ; 29.793 ; 29.793 ;
; Instr[16]  ; ALUresu[20]   ; 30.052 ; 30.052 ; 30.052 ; 30.052 ;
; Instr[16]  ; ALUresu[21]   ; 30.776 ; 30.776 ; 30.776 ; 30.776 ;
; Instr[16]  ; ALUresu[22]   ; 31.264 ; 31.264 ; 31.264 ; 31.264 ;
; Instr[16]  ; ALUresu[23]   ; 32.891 ; 32.891 ; 32.891 ; 32.891 ;
; Instr[16]  ; ALUresu[24]   ; 33.329 ; 33.329 ; 33.329 ; 33.329 ;
; Instr[16]  ; ALUresu[25]   ; 32.850 ; 32.850 ; 32.850 ; 32.850 ;
; Instr[16]  ; ALUresu[26]   ; 32.922 ; 32.922 ; 32.922 ; 32.922 ;
; Instr[16]  ; ALUresu[27]   ; 33.162 ; 33.162 ; 33.162 ; 33.162 ;
; Instr[16]  ; ALUresu[28]   ; 33.238 ; 33.238 ; 33.238 ; 33.238 ;
; Instr[16]  ; ALUresu[29]   ; 34.089 ; 34.089 ; 34.089 ; 34.089 ;
; Instr[16]  ; ALUresu[30]   ; 34.025 ; 34.025 ; 34.025 ; 34.025 ;
; Instr[16]  ; ALUresu[31]   ; 35.722 ; 35.722 ; 35.722 ; 35.722 ;
; Instr[16]  ; Reg2[0]       ; 16.037 ; 16.037 ; 16.037 ; 16.037 ;
; Instr[16]  ; Reg2[1]       ; 16.624 ; 16.624 ; 16.624 ; 16.624 ;
; Instr[16]  ; Reg2[2]       ; 17.282 ; 17.074 ; 17.074 ; 17.282 ;
; Instr[16]  ; Reg2[3]       ; 18.518 ; 17.881 ; 17.881 ; 18.518 ;
; Instr[16]  ; Reg2[4]       ; 19.006 ; 19.420 ; 19.420 ; 19.006 ;
; Instr[16]  ; Reg2[5]       ; 19.648 ; 18.547 ; 18.547 ; 19.648 ;
; Instr[16]  ; Reg2[6]       ; 19.790 ; 20.442 ; 20.442 ; 19.790 ;
; Instr[16]  ; Reg2[7]       ; 17.710 ; 19.695 ; 19.695 ; 17.710 ;
; Instr[16]  ; Reg2[8]       ; 18.170 ; 19.994 ; 19.994 ; 18.170 ;
; Instr[16]  ; Reg2[9]       ; 18.627 ; 20.043 ; 20.043 ; 18.627 ;
; Instr[16]  ; Reg2[10]      ; 18.136 ; 20.154 ; 20.154 ; 18.136 ;
; Instr[16]  ; Reg2[11]      ; 17.176 ; 17.603 ; 17.603 ; 17.176 ;
; Instr[16]  ; Reg2[12]      ; 17.817 ; 18.291 ; 18.291 ; 17.817 ;
; Instr[16]  ; Reg2[13]      ; 18.831 ; 18.649 ; 18.649 ; 18.831 ;
; Instr[16]  ; Reg2[14]      ; 18.460 ; 18.308 ; 18.308 ; 18.460 ;
; Instr[16]  ; Reg2[15]      ; 18.445 ; 17.955 ; 17.955 ; 18.445 ;
; Instr[16]  ; Reg2[16]      ; 18.580 ; 18.730 ; 18.730 ; 18.580 ;
; Instr[16]  ; Reg2[17]      ; 19.054 ; 18.471 ; 18.471 ; 19.054 ;
; Instr[16]  ; Reg2[18]      ; 19.606 ; 17.994 ; 17.994 ; 19.606 ;
; Instr[16]  ; Reg2[19]      ; 19.442 ; 18.794 ; 18.794 ; 19.442 ;
; Instr[16]  ; Reg2[20]      ; 20.627 ; 19.985 ; 19.985 ; 20.627 ;
; Instr[16]  ; Reg2[21]      ; 19.543 ; 18.811 ; 18.811 ; 19.543 ;
; Instr[16]  ; Reg2[22]      ; 18.720 ; 19.000 ; 19.000 ; 18.720 ;
; Instr[16]  ; Reg2[23]      ; 19.171 ; 18.151 ; 18.151 ; 19.171 ;
; Instr[16]  ; Reg2[24]      ; 20.053 ; 19.400 ; 19.400 ; 20.053 ;
; Instr[16]  ; Reg2[25]      ; 19.684 ; 19.443 ; 19.443 ; 19.684 ;
; Instr[16]  ; Reg2[26]      ; 19.457 ; 18.935 ; 18.935 ; 19.457 ;
; Instr[16]  ; Reg2[27]      ; 20.142 ; 19.074 ; 19.074 ; 20.142 ;
; Instr[16]  ; Reg2[28]      ; 19.522 ; 18.619 ; 18.619 ; 19.522 ;
; Instr[16]  ; Reg2[29]      ; 19.575 ; 18.770 ; 18.770 ; 19.575 ;
; Instr[16]  ; Reg2[30]      ; 19.092 ; 19.714 ; 19.714 ; 19.092 ;
; Instr[16]  ; Reg2[31]      ; 19.764 ; 19.851 ; 19.851 ; 19.764 ;
; Instr[17]  ; ALUresu[0]    ; 25.957 ; 24.868 ; 24.868 ; 25.957 ;
; Instr[17]  ; ALUresu[1]    ; 18.664 ; 18.664 ; 18.664 ; 18.664 ;
; Instr[17]  ; ALUresu[2]    ; 20.598 ; 20.598 ; 20.598 ; 20.598 ;
; Instr[17]  ; ALUresu[3]    ; 22.108 ; 22.108 ; 22.108 ; 22.108 ;
; Instr[17]  ; ALUresu[4]    ; 21.924 ; 21.924 ; 21.924 ; 21.924 ;
; Instr[17]  ; ALUresu[5]    ; 21.527 ; 21.527 ; 21.527 ; 21.527 ;
; Instr[17]  ; ALUresu[6]    ; 22.939 ; 22.939 ; 22.939 ; 22.939 ;
; Instr[17]  ; ALUresu[7]    ; 23.974 ; 23.974 ; 23.974 ; 23.974 ;
; Instr[17]  ; ALUresu[8]    ; 24.386 ; 24.386 ; 24.386 ; 24.386 ;
; Instr[17]  ; ALUresu[9]    ; 24.905 ; 24.905 ; 24.905 ; 24.905 ;
; Instr[17]  ; ALUresu[10]   ; 25.454 ; 25.454 ; 25.454 ; 25.454 ;
; Instr[17]  ; ALUresu[11]   ; 24.857 ; 24.857 ; 24.857 ; 24.857 ;
; Instr[17]  ; ALUresu[12]   ; 26.439 ; 26.439 ; 26.439 ; 26.439 ;
; Instr[17]  ; ALUresu[13]   ; 25.820 ; 25.820 ; 25.820 ; 25.820 ;
; Instr[17]  ; ALUresu[14]   ; 26.280 ; 26.280 ; 26.280 ; 26.280 ;
; Instr[17]  ; ALUresu[15]   ; 26.942 ; 26.942 ; 26.942 ; 26.942 ;
; Instr[17]  ; ALUresu[16]   ; 28.856 ; 28.856 ; 28.856 ; 28.856 ;
; Instr[17]  ; ALUresu[17]   ; 28.070 ; 28.070 ; 28.070 ; 28.070 ;
; Instr[17]  ; ALUresu[18]   ; 28.740 ; 28.740 ; 28.740 ; 28.740 ;
; Instr[17]  ; ALUresu[19]   ; 28.555 ; 28.555 ; 28.555 ; 28.555 ;
; Instr[17]  ; ALUresu[20]   ; 28.814 ; 28.814 ; 28.814 ; 28.814 ;
; Instr[17]  ; ALUresu[21]   ; 29.538 ; 29.538 ; 29.538 ; 29.538 ;
; Instr[17]  ; ALUresu[22]   ; 30.026 ; 30.026 ; 30.026 ; 30.026 ;
; Instr[17]  ; ALUresu[23]   ; 31.653 ; 31.653 ; 31.653 ; 31.653 ;
; Instr[17]  ; ALUresu[24]   ; 32.091 ; 32.091 ; 32.091 ; 32.091 ;
; Instr[17]  ; ALUresu[25]   ; 31.612 ; 31.612 ; 31.612 ; 31.612 ;
; Instr[17]  ; ALUresu[26]   ; 31.684 ; 31.684 ; 31.684 ; 31.684 ;
; Instr[17]  ; ALUresu[27]   ; 31.924 ; 31.924 ; 31.924 ; 31.924 ;
; Instr[17]  ; ALUresu[28]   ; 32.000 ; 32.000 ; 32.000 ; 32.000 ;
; Instr[17]  ; ALUresu[29]   ; 32.851 ; 32.851 ; 32.851 ; 32.851 ;
; Instr[17]  ; ALUresu[30]   ; 32.787 ; 32.787 ; 32.787 ; 32.787 ;
; Instr[17]  ; ALUresu[31]   ; 34.484 ; 34.484 ; 34.484 ; 34.484 ;
; Instr[17]  ; Reg2[0]       ; 15.165 ; 15.165 ; 15.165 ; 15.165 ;
; Instr[17]  ; Reg2[1]       ; 15.127 ; 15.127 ; 15.127 ; 15.127 ;
; Instr[17]  ; Reg2[2]       ; 17.128 ; 17.064 ; 17.064 ; 17.128 ;
; Instr[17]  ; Reg2[3]       ; 17.932 ; 16.963 ; 16.963 ; 17.932 ;
; Instr[17]  ; Reg2[4]       ; 18.000 ; 18.520 ; 18.520 ; 18.000 ;
; Instr[17]  ; Reg2[5]       ; 19.062 ; 18.149 ; 18.149 ; 19.062 ;
; Instr[17]  ; Reg2[6]       ; 19.204 ; 17.536 ; 17.536 ; 19.204 ;
; Instr[17]  ; Reg2[7]       ; 18.275 ; 17.523 ; 17.523 ; 18.275 ;
; Instr[17]  ; Reg2[8]       ; 18.574 ; 17.540 ; 17.540 ; 18.574 ;
; Instr[17]  ; Reg2[9]       ; 18.623 ; 17.431 ; 17.431 ; 18.623 ;
; Instr[17]  ; Reg2[10]      ; 18.734 ; 18.029 ; 18.029 ; 18.734 ;
; Instr[17]  ; Reg2[11]      ; 16.183 ; 16.988 ; 16.988 ; 16.183 ;
; Instr[17]  ; Reg2[12]      ; 17.041 ; 17.025 ; 17.025 ; 17.041 ;
; Instr[17]  ; Reg2[13]      ; 18.640 ; 17.925 ; 17.925 ; 18.640 ;
; Instr[17]  ; Reg2[14]      ; 18.100 ; 17.908 ; 17.908 ; 18.100 ;
; Instr[17]  ; Reg2[15]      ; 17.643 ; 17.845 ; 17.845 ; 17.643 ;
; Instr[17]  ; Reg2[16]      ; 18.444 ; 17.553 ; 17.553 ; 18.444 ;
; Instr[17]  ; Reg2[17]      ; 18.049 ; 18.456 ; 18.456 ; 18.049 ;
; Instr[17]  ; Reg2[18]      ; 19.020 ; 18.287 ; 18.287 ; 19.020 ;
; Instr[17]  ; Reg2[19]      ; 18.856 ; 18.684 ; 18.684 ; 18.856 ;
; Instr[17]  ; Reg2[20]      ; 20.041 ; 18.980 ; 18.980 ; 20.041 ;
; Instr[17]  ; Reg2[21]      ; 18.957 ; 18.014 ; 18.014 ; 18.957 ;
; Instr[17]  ; Reg2[22]      ; 17.734 ; 18.234 ; 18.234 ; 17.734 ;
; Instr[17]  ; Reg2[23]      ; 18.585 ; 17.532 ; 17.532 ; 18.585 ;
; Instr[17]  ; Reg2[24]      ; 19.467 ; 18.814 ; 18.814 ; 19.467 ;
; Instr[17]  ; Reg2[25]      ; 19.098 ; 16.996 ; 16.996 ; 19.098 ;
; Instr[17]  ; Reg2[26]      ; 18.871 ; 17.752 ; 17.752 ; 18.871 ;
; Instr[17]  ; Reg2[27]      ; 19.556 ; 18.620 ; 18.620 ; 19.556 ;
; Instr[17]  ; Reg2[28]      ; 18.936 ; 18.151 ; 18.151 ; 18.936 ;
; Instr[17]  ; Reg2[29]      ; 18.989 ; 18.416 ; 18.416 ; 18.989 ;
; Instr[17]  ; Reg2[30]      ; 18.506 ; 18.602 ; 18.602 ; 18.506 ;
; Instr[17]  ; Reg2[31]      ; 19.178 ; 18.758 ; 18.758 ; 19.178 ;
; Instr[18]  ; ALUresu[0]    ; 25.277 ; 26.345 ; 26.345 ; 25.277 ;
; Instr[18]  ; ALUresu[1]    ; 18.802 ; 18.802 ; 18.802 ; 18.802 ;
; Instr[18]  ; ALUresu[2]    ; 20.890 ; 20.890 ; 20.890 ; 20.890 ;
; Instr[18]  ; ALUresu[3]    ; 21.880 ; 21.880 ; 21.880 ; 21.880 ;
; Instr[18]  ; ALUresu[4]    ; 22.260 ; 22.260 ; 22.260 ; 22.260 ;
; Instr[18]  ; ALUresu[5]    ; 21.819 ; 21.819 ; 21.819 ; 21.819 ;
; Instr[18]  ; ALUresu[6]    ; 23.327 ; 23.327 ; 23.327 ; 23.327 ;
; Instr[18]  ; ALUresu[7]    ; 24.362 ; 24.362 ; 24.362 ; 24.362 ;
; Instr[18]  ; ALUresu[8]    ; 24.774 ; 24.774 ; 24.774 ; 24.774 ;
; Instr[18]  ; ALUresu[9]    ; 25.293 ; 25.293 ; 25.293 ; 25.293 ;
; Instr[18]  ; ALUresu[10]   ; 25.842 ; 25.842 ; 25.842 ; 25.842 ;
; Instr[18]  ; ALUresu[11]   ; 25.245 ; 25.245 ; 25.245 ; 25.245 ;
; Instr[18]  ; ALUresu[12]   ; 26.827 ; 26.827 ; 26.827 ; 26.827 ;
; Instr[18]  ; ALUresu[13]   ; 26.208 ; 26.208 ; 26.208 ; 26.208 ;
; Instr[18]  ; ALUresu[14]   ; 26.668 ; 26.668 ; 26.668 ; 26.668 ;
; Instr[18]  ; ALUresu[15]   ; 27.330 ; 27.330 ; 27.330 ; 27.330 ;
; Instr[18]  ; ALUresu[16]   ; 29.244 ; 29.244 ; 29.244 ; 29.244 ;
; Instr[18]  ; ALUresu[17]   ; 28.458 ; 28.458 ; 28.458 ; 28.458 ;
; Instr[18]  ; ALUresu[18]   ; 29.128 ; 29.128 ; 29.128 ; 29.128 ;
; Instr[18]  ; ALUresu[19]   ; 28.943 ; 28.943 ; 28.943 ; 28.943 ;
; Instr[18]  ; ALUresu[20]   ; 29.202 ; 29.202 ; 29.202 ; 29.202 ;
; Instr[18]  ; ALUresu[21]   ; 29.926 ; 29.926 ; 29.926 ; 29.926 ;
; Instr[18]  ; ALUresu[22]   ; 30.414 ; 30.414 ; 30.414 ; 30.414 ;
; Instr[18]  ; ALUresu[23]   ; 32.041 ; 32.041 ; 32.041 ; 32.041 ;
; Instr[18]  ; ALUresu[24]   ; 32.479 ; 32.479 ; 32.479 ; 32.479 ;
; Instr[18]  ; ALUresu[25]   ; 32.000 ; 32.000 ; 32.000 ; 32.000 ;
; Instr[18]  ; ALUresu[26]   ; 32.072 ; 32.072 ; 32.072 ; 32.072 ;
; Instr[18]  ; ALUresu[27]   ; 32.312 ; 32.312 ; 32.312 ; 32.312 ;
; Instr[18]  ; ALUresu[28]   ; 32.388 ; 32.388 ; 32.388 ; 32.388 ;
; Instr[18]  ; ALUresu[29]   ; 33.239 ; 33.239 ; 33.239 ; 33.239 ;
; Instr[18]  ; ALUresu[30]   ; 33.175 ; 33.175 ; 33.175 ; 33.175 ;
; Instr[18]  ; ALUresu[31]   ; 34.872 ; 34.872 ; 34.872 ; 34.872 ;
; Instr[18]  ; Reg2[0]       ; 14.907 ; 14.907 ; 14.907 ; 14.907 ;
; Instr[18]  ; Reg2[1]       ; 15.265 ; 15.265 ; 15.265 ; 15.265 ;
; Instr[18]  ; Reg2[2]       ; 17.420 ; 16.491 ; 16.491 ; 17.420 ;
; Instr[18]  ; Reg2[3]       ; 16.706 ; 17.353 ; 17.353 ; 16.706 ;
; Instr[18]  ; Reg2[4]       ; 18.529 ; 19.112 ; 19.112 ; 18.529 ;
; Instr[18]  ; Reg2[5]       ; 17.656 ; 18.483 ; 18.483 ; 17.656 ;
; Instr[18]  ; Reg2[6]       ; 18.256 ; 19.592 ; 19.592 ; 18.256 ;
; Instr[18]  ; Reg2[7]       ; 18.076 ; 18.845 ; 18.845 ; 18.076 ;
; Instr[18]  ; Reg2[8]       ; 18.031 ; 19.144 ; 19.144 ; 18.031 ;
; Instr[18]  ; Reg2[9]       ; 18.566 ; 19.193 ; 19.193 ; 18.566 ;
; Instr[18]  ; Reg2[10]      ; 17.728 ; 19.304 ; 19.304 ; 17.728 ;
; Instr[18]  ; Reg2[11]      ; 16.687 ; 17.243 ; 17.243 ; 16.687 ;
; Instr[18]  ; Reg2[12]      ; 16.935 ; 17.617 ; 17.617 ; 16.935 ;
; Instr[18]  ; Reg2[13]      ; 18.153 ; 18.387 ; 18.387 ; 18.153 ;
; Instr[18]  ; Reg2[14]      ; 17.578 ; 17.847 ; 17.847 ; 17.578 ;
; Instr[18]  ; Reg2[15]      ; 17.439 ; 17.390 ; 17.390 ; 17.439 ;
; Instr[18]  ; Reg2[16]      ; 17.864 ; 17.724 ; 17.724 ; 17.864 ;
; Instr[18]  ; Reg2[17]      ; 18.155 ; 17.882 ; 17.882 ; 18.155 ;
; Instr[18]  ; Reg2[18]      ; 17.673 ; 18.879 ; 18.879 ; 17.673 ;
; Instr[18]  ; Reg2[19]      ; 18.278 ; 18.277 ; 18.277 ; 18.278 ;
; Instr[18]  ; Reg2[20]      ; 19.094 ; 19.572 ; 19.572 ; 19.094 ;
; Instr[18]  ; Reg2[21]      ; 17.920 ; 18.606 ; 18.606 ; 17.920 ;
; Instr[18]  ; Reg2[22]      ; 18.109 ; 18.826 ; 18.826 ; 18.109 ;
; Instr[18]  ; Reg2[23]      ; 16.861 ; 18.124 ; 18.124 ; 16.861 ;
; Instr[18]  ; Reg2[24]      ; 18.509 ; 19.406 ; 19.406 ; 18.509 ;
; Instr[18]  ; Reg2[25]      ; 18.552 ; 18.519 ; 18.519 ; 18.552 ;
; Instr[18]  ; Reg2[26]      ; 18.044 ; 18.344 ; 18.344 ; 18.044 ;
; Instr[18]  ; Reg2[27]      ; 18.183 ; 18.977 ; 18.977 ; 18.183 ;
; Instr[18]  ; Reg2[28]      ; 17.728 ; 18.357 ; 18.357 ; 17.728 ;
; Instr[18]  ; Reg2[29]      ; 18.010 ; 18.410 ; 18.410 ; 18.010 ;
; Instr[18]  ; Reg2[30]      ; 18.422 ; 18.864 ; 18.864 ; 18.422 ;
; Instr[18]  ; Reg2[31]      ; 18.349 ; 19.001 ; 19.001 ; 18.349 ;
; Instr[19]  ; ALUresu[0]    ; 27.972 ; 28.560 ; 28.560 ; 27.972 ;
; Instr[19]  ; ALUresu[1]    ; 19.378 ; 19.378 ; 19.378 ; 19.378 ;
; Instr[19]  ; ALUresu[2]    ; 23.648 ; 23.648 ; 23.648 ; 23.648 ;
; Instr[19]  ; ALUresu[3]    ; 24.821 ; 24.821 ; 24.821 ; 24.821 ;
; Instr[19]  ; ALUresu[4]    ; 24.615 ; 24.615 ; 24.615 ; 24.615 ;
; Instr[19]  ; ALUresu[5]    ; 24.089 ; 24.089 ; 24.089 ; 24.089 ;
; Instr[19]  ; ALUresu[6]    ; 25.542 ; 25.542 ; 25.542 ; 25.542 ;
; Instr[19]  ; ALUresu[7]    ; 26.577 ; 26.577 ; 26.577 ; 26.577 ;
; Instr[19]  ; ALUresu[8]    ; 26.989 ; 26.989 ; 26.989 ; 26.989 ;
; Instr[19]  ; ALUresu[9]    ; 27.508 ; 27.508 ; 27.508 ; 27.508 ;
; Instr[19]  ; ALUresu[10]   ; 28.057 ; 28.057 ; 28.057 ; 28.057 ;
; Instr[19]  ; ALUresu[11]   ; 27.460 ; 27.460 ; 27.460 ; 27.460 ;
; Instr[19]  ; ALUresu[12]   ; 29.042 ; 29.042 ; 29.042 ; 29.042 ;
; Instr[19]  ; ALUresu[13]   ; 28.423 ; 28.423 ; 28.423 ; 28.423 ;
; Instr[19]  ; ALUresu[14]   ; 28.883 ; 28.883 ; 28.883 ; 28.883 ;
; Instr[19]  ; ALUresu[15]   ; 29.545 ; 29.545 ; 29.545 ; 29.545 ;
; Instr[19]  ; ALUresu[16]   ; 31.459 ; 31.459 ; 31.459 ; 31.459 ;
; Instr[19]  ; ALUresu[17]   ; 30.673 ; 30.673 ; 30.673 ; 30.673 ;
; Instr[19]  ; ALUresu[18]   ; 31.343 ; 31.343 ; 31.343 ; 31.343 ;
; Instr[19]  ; ALUresu[19]   ; 31.158 ; 31.158 ; 31.158 ; 31.158 ;
; Instr[19]  ; ALUresu[20]   ; 31.417 ; 31.417 ; 31.417 ; 31.417 ;
; Instr[19]  ; ALUresu[21]   ; 32.141 ; 32.141 ; 32.141 ; 32.141 ;
; Instr[19]  ; ALUresu[22]   ; 32.629 ; 32.629 ; 32.629 ; 32.629 ;
; Instr[19]  ; ALUresu[23]   ; 34.256 ; 34.256 ; 34.256 ; 34.256 ;
; Instr[19]  ; ALUresu[24]   ; 34.694 ; 34.694 ; 34.694 ; 34.694 ;
; Instr[19]  ; ALUresu[25]   ; 34.215 ; 34.215 ; 34.215 ; 34.215 ;
; Instr[19]  ; ALUresu[26]   ; 34.287 ; 34.287 ; 34.287 ; 34.287 ;
; Instr[19]  ; ALUresu[27]   ; 34.527 ; 34.527 ; 34.527 ; 34.527 ;
; Instr[19]  ; ALUresu[28]   ; 34.603 ; 34.603 ; 34.603 ; 34.603 ;
; Instr[19]  ; ALUresu[29]   ; 35.454 ; 35.454 ; 35.454 ; 35.454 ;
; Instr[19]  ; ALUresu[30]   ; 35.390 ; 35.390 ; 35.390 ; 35.390 ;
; Instr[19]  ; ALUresu[31]   ; 37.087 ; 37.087 ; 37.087 ; 37.087 ;
; Instr[19]  ; Reg2[0]       ; 16.146 ; 15.251 ; 15.251 ; 16.146 ;
; Instr[19]  ; Reg2[1]       ; 15.730 ; 15.279 ; 15.279 ; 15.730 ;
; Instr[19]  ; Reg2[2]       ; 20.178 ; 19.381 ; 19.381 ; 20.178 ;
; Instr[19]  ; Reg2[3]       ; 20.645 ; 19.892 ; 19.892 ; 20.645 ;
; Instr[19]  ; Reg2[4]       ; 21.467 ; 20.786 ; 20.786 ; 21.467 ;
; Instr[19]  ; Reg2[5]       ; 20.958 ; 19.913 ; 19.913 ; 20.958 ;
; Instr[19]  ; Reg2[6]       ; 20.517 ; 21.807 ; 21.807 ; 20.517 ;
; Instr[19]  ; Reg2[7]       ; 20.764 ; 21.060 ; 21.060 ; 20.764 ;
; Instr[19]  ; Reg2[8]       ; 21.375 ; 21.359 ; 21.359 ; 21.375 ;
; Instr[19]  ; Reg2[9]       ; 20.816 ; 21.408 ; 21.408 ; 20.816 ;
; Instr[19]  ; Reg2[10]      ; 21.126 ; 21.519 ; 21.519 ; 21.126 ;
; Instr[19]  ; Reg2[11]      ; 19.766 ; 19.342 ; 19.342 ; 19.766 ;
; Instr[19]  ; Reg2[12]      ; 20.510 ; 19.656 ; 19.656 ; 20.510 ;
; Instr[19]  ; Reg2[13]      ; 22.092 ; 20.753 ; 20.753 ; 22.092 ;
; Instr[19]  ; Reg2[14]      ; 21.490 ; 20.467 ; 20.467 ; 21.490 ;
; Instr[19]  ; Reg2[15]      ; 21.281 ; 20.366 ; 20.366 ; 21.281 ;
; Instr[19]  ; Reg2[16]      ; 21.229 ; 20.746 ; 20.746 ; 21.229 ;
; Instr[19]  ; Reg2[17]      ; 21.518 ; 21.150 ; 21.150 ; 21.518 ;
; Instr[19]  ; Reg2[18]      ; 21.050 ; 19.705 ; 19.705 ; 21.050 ;
; Instr[19]  ; Reg2[19]      ; 22.120 ; 21.066 ; 21.066 ; 22.120 ;
; Instr[19]  ; Reg2[20]      ; 21.672 ; 21.478 ; 21.478 ; 21.672 ;
; Instr[19]  ; Reg2[21]      ; 21.109 ; 20.177 ; 20.177 ; 21.109 ;
; Instr[19]  ; Reg2[22]      ; 20.959 ; 20.366 ; 20.366 ; 20.959 ;
; Instr[19]  ; Reg2[23]      ; 20.666 ; 19.109 ; 19.109 ; 20.666 ;
; Instr[19]  ; Reg2[24]      ; 21.927 ; 20.766 ; 20.766 ; 21.927 ;
; Instr[19]  ; Reg2[25]      ; 21.222 ; 20.809 ; 20.809 ; 21.222 ;
; Instr[19]  ; Reg2[26]      ; 20.977 ; 20.301 ; 20.301 ; 20.977 ;
; Instr[19]  ; Reg2[27]      ; 21.907 ; 20.440 ; 20.440 ; 21.907 ;
; Instr[19]  ; Reg2[28]      ; 21.619 ; 20.259 ; 20.259 ; 21.619 ;
; Instr[19]  ; Reg2[29]      ; 21.852 ; 20.135 ; 20.135 ; 21.852 ;
; Instr[19]  ; Reg2[30]      ; 22.315 ; 21.079 ; 21.079 ; 22.315 ;
; Instr[19]  ; Reg2[31]      ; 21.869 ; 21.216 ; 21.216 ; 21.869 ;
; Instr[20]  ; ALUresu[0]    ; 28.139 ; 27.444 ; 27.444 ; 28.139 ;
; Instr[20]  ; ALUresu[1]    ; 18.985 ; 18.985 ; 18.985 ; 18.985 ;
; Instr[20]  ; ALUresu[2]    ; 23.226 ; 23.226 ; 23.226 ; 23.226 ;
; Instr[20]  ; ALUresu[3]    ; 24.399 ; 24.399 ; 24.399 ; 24.399 ;
; Instr[20]  ; ALUresu[4]    ; 24.204 ; 24.204 ; 24.204 ; 24.204 ;
; Instr[20]  ; ALUresu[5]    ; 23.807 ; 23.807 ; 23.807 ; 23.807 ;
; Instr[20]  ; ALUresu[6]    ; 25.121 ; 25.121 ; 25.121 ; 25.121 ;
; Instr[20]  ; ALUresu[7]    ; 26.156 ; 26.156 ; 26.156 ; 26.156 ;
; Instr[20]  ; ALUresu[8]    ; 26.568 ; 26.568 ; 26.568 ; 26.568 ;
; Instr[20]  ; ALUresu[9]    ; 27.087 ; 27.087 ; 27.087 ; 27.087 ;
; Instr[20]  ; ALUresu[10]   ; 27.636 ; 27.636 ; 27.636 ; 27.636 ;
; Instr[20]  ; ALUresu[11]   ; 27.039 ; 27.039 ; 27.039 ; 27.039 ;
; Instr[20]  ; ALUresu[12]   ; 28.621 ; 28.621 ; 28.621 ; 28.621 ;
; Instr[20]  ; ALUresu[13]   ; 28.002 ; 28.002 ; 28.002 ; 28.002 ;
; Instr[20]  ; ALUresu[14]   ; 28.462 ; 28.462 ; 28.462 ; 28.462 ;
; Instr[20]  ; ALUresu[15]   ; 29.124 ; 29.124 ; 29.124 ; 29.124 ;
; Instr[20]  ; ALUresu[16]   ; 31.038 ; 31.038 ; 31.038 ; 31.038 ;
; Instr[20]  ; ALUresu[17]   ; 30.252 ; 30.252 ; 30.252 ; 30.252 ;
; Instr[20]  ; ALUresu[18]   ; 30.922 ; 30.922 ; 30.922 ; 30.922 ;
; Instr[20]  ; ALUresu[19]   ; 30.737 ; 30.737 ; 30.737 ; 30.737 ;
; Instr[20]  ; ALUresu[20]   ; 30.996 ; 30.996 ; 30.996 ; 30.996 ;
; Instr[20]  ; ALUresu[21]   ; 31.720 ; 31.720 ; 31.720 ; 31.720 ;
; Instr[20]  ; ALUresu[22]   ; 32.208 ; 32.208 ; 32.208 ; 32.208 ;
; Instr[20]  ; ALUresu[23]   ; 33.835 ; 33.835 ; 33.835 ; 33.835 ;
; Instr[20]  ; ALUresu[24]   ; 34.273 ; 34.273 ; 34.273 ; 34.273 ;
; Instr[20]  ; ALUresu[25]   ; 33.794 ; 33.794 ; 33.794 ; 33.794 ;
; Instr[20]  ; ALUresu[26]   ; 33.866 ; 33.866 ; 33.866 ; 33.866 ;
; Instr[20]  ; ALUresu[27]   ; 34.106 ; 34.106 ; 34.106 ; 34.106 ;
; Instr[20]  ; ALUresu[28]   ; 34.182 ; 34.182 ; 34.182 ; 34.182 ;
; Instr[20]  ; ALUresu[29]   ; 35.033 ; 35.033 ; 35.033 ; 35.033 ;
; Instr[20]  ; ALUresu[30]   ; 34.969 ; 34.969 ; 34.969 ; 34.969 ;
; Instr[20]  ; ALUresu[31]   ; 36.666 ; 36.666 ; 36.666 ; 36.666 ;
; Instr[20]  ; Reg2[0]       ; 15.724 ; 14.481 ; 14.481 ; 15.724 ;
; Instr[20]  ; Reg2[1]       ; 14.858 ; 15.448 ; 15.448 ; 14.858 ;
; Instr[20]  ; Reg2[2]       ; 19.756 ; 19.082 ; 19.082 ; 19.756 ;
; Instr[20]  ; Reg2[3]       ; 20.223 ; 20.117 ; 20.117 ; 20.223 ;
; Instr[20]  ; Reg2[4]       ; 21.045 ; 20.311 ; 20.311 ; 21.045 ;
; Instr[20]  ; Reg2[5]       ; 20.536 ; 20.093 ; 20.093 ; 20.536 ;
; Instr[20]  ; Reg2[6]       ; 21.386 ; 20.235 ; 20.235 ; 21.386 ;
; Instr[20]  ; Reg2[7]       ; 20.639 ; 19.738 ; 19.738 ; 20.639 ;
; Instr[20]  ; Reg2[8]       ; 20.953 ; 19.780 ; 19.780 ; 20.953 ;
; Instr[20]  ; Reg2[9]       ; 20.987 ; 20.228 ; 20.228 ; 20.987 ;
; Instr[20]  ; Reg2[10]      ; 21.098 ; 20.844 ; 20.844 ; 21.098 ;
; Instr[20]  ; Reg2[11]      ; 19.344 ; 19.367 ; 19.367 ; 19.344 ;
; Instr[20]  ; Reg2[12]      ; 19.877 ; 20.228 ; 20.228 ; 19.877 ;
; Instr[20]  ; Reg2[13]      ; 21.670 ; 21.391 ; 21.391 ; 21.670 ;
; Instr[20]  ; Reg2[14]      ; 21.068 ; 20.908 ; 20.908 ; 21.068 ;
; Instr[20]  ; Reg2[15]      ; 20.473 ; 20.999 ; 20.999 ; 20.473 ;
; Instr[20]  ; Reg2[16]      ; 20.807 ; 20.348 ; 20.348 ; 20.807 ;
; Instr[20]  ; Reg2[17]      ; 21.020 ; 21.236 ; 21.236 ; 21.020 ;
; Instr[20]  ; Reg2[18]      ; 20.628 ; 20.078 ; 20.078 ; 20.628 ;
; Instr[20]  ; Reg2[19]      ; 21.031 ; 21.838 ; 21.838 ; 21.031 ;
; Instr[20]  ; Reg2[20]      ; 21.057 ; 21.390 ; 21.390 ; 21.057 ;
; Instr[20]  ; Reg2[21]      ; 20.687 ; 20.307 ; 20.307 ; 20.687 ;
; Instr[20]  ; Reg2[22]      ; 20.537 ; 20.025 ; 20.025 ; 20.537 ;
; Instr[20]  ; Reg2[23]      ; 20.244 ; 19.972 ; 19.972 ; 20.244 ;
; Instr[20]  ; Reg2[24]      ; 21.505 ; 20.803 ; 20.803 ; 21.505 ;
; Instr[20]  ; Reg2[25]      ; 20.800 ; 20.439 ; 20.439 ; 20.800 ;
; Instr[20]  ; Reg2[26]      ; 20.555 ; 20.589 ; 20.589 ; 20.555 ;
; Instr[20]  ; Reg2[27]      ; 21.485 ; 21.262 ; 21.262 ; 21.485 ;
; Instr[20]  ; Reg2[28]      ; 21.197 ; 20.168 ; 20.168 ; 21.197 ;
; Instr[20]  ; Reg2[29]      ; 21.358 ; 21.570 ; 21.570 ; 21.358 ;
; Instr[20]  ; Reg2[30]      ; 21.893 ; 21.756 ; 21.756 ; 21.893 ;
; Instr[20]  ; Reg2[31]      ; 21.447 ; 21.270 ; 21.270 ; 21.447 ;
; Instr[21]  ; ALUresu[0]    ; 24.954 ; 24.971 ; 24.971 ; 24.954 ;
; Instr[21]  ; ALUresu[1]    ; 20.145 ; 20.145 ; 20.145 ; 20.145 ;
; Instr[21]  ; ALUresu[2]    ; 20.709 ; 20.709 ; 20.709 ; 20.709 ;
; Instr[21]  ; ALUresu[3]    ; 21.323 ; 21.323 ; 21.323 ; 21.323 ;
; Instr[21]  ; ALUresu[4]    ; 21.659 ; 21.659 ; 21.659 ; 21.659 ;
; Instr[21]  ; ALUresu[5]    ; 21.262 ; 21.262 ; 21.262 ; 21.262 ;
; Instr[21]  ; ALUresu[6]    ; 22.157 ; 22.157 ; 22.157 ; 22.157 ;
; Instr[21]  ; ALUresu[7]    ; 23.306 ; 23.306 ; 23.306 ; 23.306 ;
; Instr[21]  ; ALUresu[8]    ; 23.718 ; 23.718 ; 23.718 ; 23.718 ;
; Instr[21]  ; ALUresu[9]    ; 24.237 ; 24.237 ; 24.237 ; 24.237 ;
; Instr[21]  ; ALUresu[10]   ; 24.786 ; 24.786 ; 24.786 ; 24.786 ;
; Instr[21]  ; ALUresu[11]   ; 24.189 ; 24.189 ; 24.189 ; 24.189 ;
; Instr[21]  ; ALUresu[12]   ; 25.771 ; 25.771 ; 25.771 ; 25.771 ;
; Instr[21]  ; ALUresu[13]   ; 25.152 ; 25.152 ; 25.152 ; 25.152 ;
; Instr[21]  ; ALUresu[14]   ; 25.612 ; 25.612 ; 25.612 ; 25.612 ;
; Instr[21]  ; ALUresu[15]   ; 26.274 ; 26.274 ; 26.274 ; 26.274 ;
; Instr[21]  ; ALUresu[16]   ; 28.188 ; 28.188 ; 28.188 ; 28.188 ;
; Instr[21]  ; ALUresu[17]   ; 27.402 ; 27.402 ; 27.402 ; 27.402 ;
; Instr[21]  ; ALUresu[18]   ; 28.072 ; 28.072 ; 28.072 ; 28.072 ;
; Instr[21]  ; ALUresu[19]   ; 27.887 ; 27.887 ; 27.887 ; 27.887 ;
; Instr[21]  ; ALUresu[20]   ; 28.146 ; 28.146 ; 28.146 ; 28.146 ;
; Instr[21]  ; ALUresu[21]   ; 28.870 ; 28.870 ; 28.870 ; 28.870 ;
; Instr[21]  ; ALUresu[22]   ; 29.358 ; 29.358 ; 29.358 ; 29.358 ;
; Instr[21]  ; ALUresu[23]   ; 30.985 ; 30.985 ; 30.985 ; 30.985 ;
; Instr[21]  ; ALUresu[24]   ; 31.423 ; 31.423 ; 31.423 ; 31.423 ;
; Instr[21]  ; ALUresu[25]   ; 30.944 ; 30.944 ; 30.944 ; 30.944 ;
; Instr[21]  ; ALUresu[26]   ; 31.016 ; 31.016 ; 31.016 ; 31.016 ;
; Instr[21]  ; ALUresu[27]   ; 31.256 ; 31.256 ; 31.256 ; 31.256 ;
; Instr[21]  ; ALUresu[28]   ; 31.332 ; 31.332 ; 31.332 ; 31.332 ;
; Instr[21]  ; ALUresu[29]   ; 32.183 ; 32.183 ; 32.183 ; 32.183 ;
; Instr[21]  ; ALUresu[30]   ; 32.119 ; 32.119 ; 32.119 ; 32.119 ;
; Instr[21]  ; ALUresu[31]   ; 33.816 ; 33.816 ; 33.816 ; 33.816 ;
; Instr[21]  ; Reg1[0]       ; 15.165 ; 15.165 ; 15.165 ; 15.165 ;
; Instr[21]  ; Reg1[1]       ; 16.975 ; 16.975 ; 16.975 ; 16.975 ;
; Instr[21]  ; Reg1[2]       ; 15.915 ; 17.289 ; 17.289 ; 15.915 ;
; Instr[21]  ; Reg1[3]       ; 17.147 ; 17.499 ; 17.499 ; 17.147 ;
; Instr[21]  ; Reg1[4]       ; 18.159 ; 18.142 ; 18.142 ; 18.159 ;
; Instr[21]  ; Reg1[5]       ; 18.612 ; 18.274 ; 18.274 ; 18.612 ;
; Instr[21]  ; Reg1[6]       ; 18.588 ; 17.992 ; 17.992 ; 18.588 ;
; Instr[21]  ; Reg1[7]       ; 18.312 ; 18.334 ; 18.334 ; 18.312 ;
; Instr[21]  ; Reg1[8]       ; 18.722 ; 18.974 ; 18.974 ; 18.722 ;
; Instr[21]  ; Reg1[9]       ; 18.533 ; 17.816 ; 17.816 ; 18.533 ;
; Instr[21]  ; Reg1[10]      ; 18.122 ; 18.064 ; 18.064 ; 18.122 ;
; Instr[21]  ; Reg1[11]      ; 18.780 ; 17.867 ; 17.867 ; 18.780 ;
; Instr[21]  ; Reg1[12]      ; 18.603 ; 18.906 ; 18.906 ; 18.603 ;
; Instr[21]  ; Reg1[13]      ; 18.491 ; 17.799 ; 17.799 ; 18.491 ;
; Instr[21]  ; Reg1[14]      ; 17.747 ; 18.348 ; 18.348 ; 17.747 ;
; Instr[21]  ; Reg1[15]      ; 18.535 ; 19.907 ; 19.907 ; 18.535 ;
; Instr[21]  ; Reg1[16]      ; 17.762 ; 18.730 ; 18.730 ; 17.762 ;
; Instr[21]  ; Reg1[17]      ; 19.129 ; 19.962 ; 19.962 ; 19.129 ;
; Instr[21]  ; Reg1[18]      ; 18.649 ; 20.068 ; 20.068 ; 18.649 ;
; Instr[21]  ; Reg1[19]      ; 18.117 ; 19.090 ; 19.090 ; 18.117 ;
; Instr[21]  ; Reg1[20]      ; 17.410 ; 18.747 ; 18.747 ; 17.410 ;
; Instr[21]  ; Reg1[21]      ; 18.687 ; 19.615 ; 19.615 ; 18.687 ;
; Instr[21]  ; Reg1[22]      ; 18.023 ; 19.431 ; 19.431 ; 18.023 ;
; Instr[21]  ; Reg1[23]      ; 18.251 ; 18.465 ; 18.465 ; 18.251 ;
; Instr[21]  ; Reg1[24]      ; 17.665 ; 19.627 ; 19.627 ; 17.665 ;
; Instr[21]  ; Reg1[25]      ; 18.910 ; 20.381 ; 20.381 ; 18.910 ;
; Instr[21]  ; Reg1[26]      ; 18.441 ; 18.226 ; 18.226 ; 18.441 ;
; Instr[21]  ; Reg1[27]      ; 18.325 ; 19.784 ; 19.784 ; 18.325 ;
; Instr[21]  ; Reg1[28]      ; 18.825 ; 18.960 ; 18.960 ; 18.825 ;
; Instr[21]  ; Reg1[29]      ; 17.995 ; 17.976 ; 17.976 ; 17.995 ;
; Instr[21]  ; Reg1[30]      ; 17.441 ; 18.159 ; 18.159 ; 17.441 ;
; Instr[21]  ; Reg1[31]      ; 18.813 ; 19.033 ; 19.033 ; 18.813 ;
; Instr[22]  ; ALUresu[0]    ; 24.479 ; 24.697 ; 24.697 ; 24.479 ;
; Instr[22]  ; ALUresu[1]    ; 18.475 ; 18.475 ; 18.475 ; 18.475 ;
; Instr[22]  ; ALUresu[2]    ; 20.859 ; 20.859 ; 20.859 ; 20.859 ;
; Instr[22]  ; ALUresu[3]    ; 21.473 ; 21.473 ; 21.473 ; 21.473 ;
; Instr[22]  ; ALUresu[4]    ; 21.809 ; 21.809 ; 21.809 ; 21.809 ;
; Instr[22]  ; ALUresu[5]    ; 21.412 ; 21.412 ; 21.412 ; 21.412 ;
; Instr[22]  ; ALUresu[6]    ; 22.307 ; 22.307 ; 22.307 ; 22.307 ;
; Instr[22]  ; ALUresu[7]    ; 23.456 ; 23.456 ; 23.456 ; 23.456 ;
; Instr[22]  ; ALUresu[8]    ; 23.868 ; 23.868 ; 23.868 ; 23.868 ;
; Instr[22]  ; ALUresu[9]    ; 24.387 ; 24.387 ; 24.387 ; 24.387 ;
; Instr[22]  ; ALUresu[10]   ; 24.936 ; 24.936 ; 24.936 ; 24.936 ;
; Instr[22]  ; ALUresu[11]   ; 24.339 ; 24.339 ; 24.339 ; 24.339 ;
; Instr[22]  ; ALUresu[12]   ; 25.921 ; 25.921 ; 25.921 ; 25.921 ;
; Instr[22]  ; ALUresu[13]   ; 25.302 ; 25.302 ; 25.302 ; 25.302 ;
; Instr[22]  ; ALUresu[14]   ; 25.762 ; 25.762 ; 25.762 ; 25.762 ;
; Instr[22]  ; ALUresu[15]   ; 26.424 ; 26.424 ; 26.424 ; 26.424 ;
; Instr[22]  ; ALUresu[16]   ; 28.338 ; 28.338 ; 28.338 ; 28.338 ;
; Instr[22]  ; ALUresu[17]   ; 27.552 ; 27.552 ; 27.552 ; 27.552 ;
; Instr[22]  ; ALUresu[18]   ; 28.222 ; 28.222 ; 28.222 ; 28.222 ;
; Instr[22]  ; ALUresu[19]   ; 28.037 ; 28.037 ; 28.037 ; 28.037 ;
; Instr[22]  ; ALUresu[20]   ; 28.296 ; 28.296 ; 28.296 ; 28.296 ;
; Instr[22]  ; ALUresu[21]   ; 29.020 ; 29.020 ; 29.020 ; 29.020 ;
; Instr[22]  ; ALUresu[22]   ; 29.508 ; 29.508 ; 29.508 ; 29.508 ;
; Instr[22]  ; ALUresu[23]   ; 31.135 ; 31.135 ; 31.135 ; 31.135 ;
; Instr[22]  ; ALUresu[24]   ; 31.573 ; 31.573 ; 31.573 ; 31.573 ;
; Instr[22]  ; ALUresu[25]   ; 31.094 ; 31.094 ; 31.094 ; 31.094 ;
; Instr[22]  ; ALUresu[26]   ; 31.166 ; 31.166 ; 31.166 ; 31.166 ;
; Instr[22]  ; ALUresu[27]   ; 31.406 ; 31.406 ; 31.406 ; 31.406 ;
; Instr[22]  ; ALUresu[28]   ; 31.482 ; 31.482 ; 31.482 ; 31.482 ;
; Instr[22]  ; ALUresu[29]   ; 32.333 ; 32.333 ; 32.333 ; 32.333 ;
; Instr[22]  ; ALUresu[30]   ; 32.269 ; 32.269 ; 32.269 ; 32.269 ;
; Instr[22]  ; ALUresu[31]   ; 33.966 ; 33.966 ; 33.966 ; 33.966 ;
; Instr[22]  ; Reg1[0]       ; 14.283 ; 14.283 ; 14.283 ; 14.283 ;
; Instr[22]  ; Reg1[1]       ; 15.305 ; 15.305 ; 15.305 ; 15.305 ;
; Instr[22]  ; Reg1[2]       ; 17.439 ; 16.236 ; 16.236 ; 17.439 ;
; Instr[22]  ; Reg1[3]       ; 16.544 ; 17.065 ; 17.065 ; 16.544 ;
; Instr[22]  ; Reg1[4]       ; 17.811 ; 17.667 ; 17.667 ; 17.811 ;
; Instr[22]  ; Reg1[5]       ; 17.929 ; 18.799 ; 18.799 ; 17.929 ;
; Instr[22]  ; Reg1[6]       ; 17.936 ; 17.154 ; 17.154 ; 17.936 ;
; Instr[22]  ; Reg1[7]       ; 17.379 ; 17.982 ; 17.982 ; 17.379 ;
; Instr[22]  ; Reg1[8]       ; 18.465 ; 18.392 ; 18.392 ; 18.465 ;
; Instr[22]  ; Reg1[9]       ; 17.635 ; 18.203 ; 18.203 ; 17.635 ;
; Instr[22]  ; Reg1[10]      ; 17.520 ; 17.792 ; 17.792 ; 17.520 ;
; Instr[22]  ; Reg1[11]      ; 17.687 ; 18.450 ; 18.450 ; 17.687 ;
; Instr[22]  ; Reg1[12]      ; 17.259 ; 18.790 ; 18.790 ; 17.259 ;
; Instr[22]  ; Reg1[13]      ; 17.054 ; 18.192 ; 18.192 ; 17.054 ;
; Instr[22]  ; Reg1[14]      ; 17.399 ; 18.028 ; 18.028 ; 17.399 ;
; Instr[22]  ; Reg1[15]      ; 19.774 ; 18.559 ; 18.559 ; 19.774 ;
; Instr[22]  ; Reg1[16]      ; 18.597 ; 17.917 ; 17.917 ; 18.597 ;
; Instr[22]  ; Reg1[17]      ; 19.829 ; 18.767 ; 18.767 ; 19.829 ;
; Instr[22]  ; Reg1[18]      ; 19.935 ; 18.083 ; 18.083 ; 19.935 ;
; Instr[22]  ; Reg1[19]      ; 19.085 ; 18.869 ; 18.869 ; 19.085 ;
; Instr[22]  ; Reg1[20]      ; 18.614 ; 17.998 ; 17.998 ; 18.614 ;
; Instr[22]  ; Reg1[21]      ; 19.482 ; 18.808 ; 18.808 ; 19.482 ;
; Instr[22]  ; Reg1[22]      ; 19.298 ; 17.693 ; 17.693 ; 19.298 ;
; Instr[22]  ; Reg1[23]      ; 18.116 ; 17.609 ; 17.609 ; 18.116 ;
; Instr[22]  ; Reg1[24]      ; 19.534 ; 17.544 ; 17.544 ; 19.534 ;
; Instr[22]  ; Reg1[25]      ; 20.248 ; 18.480 ; 18.480 ; 20.248 ;
; Instr[22]  ; Reg1[26]      ; 18.093 ; 18.111 ; 18.111 ; 18.093 ;
; Instr[22]  ; Reg1[27]      ; 19.651 ; 18.512 ; 18.512 ; 19.651 ;
; Instr[22]  ; Reg1[28]      ; 18.827 ; 18.800 ; 18.800 ; 18.827 ;
; Instr[22]  ; Reg1[29]      ; 17.804 ; 17.839 ; 17.839 ; 17.804 ;
; Instr[22]  ; Reg1[30]      ; 18.026 ; 17.566 ; 17.566 ; 18.026 ;
; Instr[22]  ; Reg1[31]      ; 18.900 ; 19.000 ; 19.000 ; 18.900 ;
; Instr[23]  ; ALUresu[0]    ; 24.472 ; 24.782 ; 24.782 ; 24.472 ;
; Instr[23]  ; ALUresu[1]    ; 19.061 ; 19.061 ; 19.061 ; 19.061 ;
; Instr[23]  ; ALUresu[2]    ; 20.581 ; 20.581 ; 20.581 ; 20.581 ;
; Instr[23]  ; ALUresu[3]    ; 21.195 ; 21.195 ; 21.195 ; 21.195 ;
; Instr[23]  ; ALUresu[4]    ; 21.531 ; 21.531 ; 21.531 ; 21.531 ;
; Instr[23]  ; ALUresu[5]    ; 21.134 ; 21.134 ; 21.134 ; 21.134 ;
; Instr[23]  ; ALUresu[6]    ; 22.029 ; 22.029 ; 22.029 ; 22.029 ;
; Instr[23]  ; ALUresu[7]    ; 23.178 ; 23.178 ; 23.178 ; 23.178 ;
; Instr[23]  ; ALUresu[8]    ; 23.590 ; 23.590 ; 23.590 ; 23.590 ;
; Instr[23]  ; ALUresu[9]    ; 24.109 ; 24.109 ; 24.109 ; 24.109 ;
; Instr[23]  ; ALUresu[10]   ; 24.658 ; 24.658 ; 24.658 ; 24.658 ;
; Instr[23]  ; ALUresu[11]   ; 24.061 ; 24.061 ; 24.061 ; 24.061 ;
; Instr[23]  ; ALUresu[12]   ; 25.643 ; 25.643 ; 25.643 ; 25.643 ;
; Instr[23]  ; ALUresu[13]   ; 25.024 ; 25.024 ; 25.024 ; 25.024 ;
; Instr[23]  ; ALUresu[14]   ; 25.484 ; 25.484 ; 25.484 ; 25.484 ;
; Instr[23]  ; ALUresu[15]   ; 26.146 ; 26.146 ; 26.146 ; 26.146 ;
; Instr[23]  ; ALUresu[16]   ; 28.060 ; 28.060 ; 28.060 ; 28.060 ;
; Instr[23]  ; ALUresu[17]   ; 27.274 ; 27.274 ; 27.274 ; 27.274 ;
; Instr[23]  ; ALUresu[18]   ; 27.944 ; 27.944 ; 27.944 ; 27.944 ;
; Instr[23]  ; ALUresu[19]   ; 27.759 ; 27.759 ; 27.759 ; 27.759 ;
; Instr[23]  ; ALUresu[20]   ; 28.018 ; 28.018 ; 28.018 ; 28.018 ;
; Instr[23]  ; ALUresu[21]   ; 28.742 ; 28.742 ; 28.742 ; 28.742 ;
; Instr[23]  ; ALUresu[22]   ; 29.230 ; 29.230 ; 29.230 ; 29.230 ;
; Instr[23]  ; ALUresu[23]   ; 30.857 ; 30.857 ; 30.857 ; 30.857 ;
; Instr[23]  ; ALUresu[24]   ; 31.295 ; 31.295 ; 31.295 ; 31.295 ;
; Instr[23]  ; ALUresu[25]   ; 30.816 ; 30.816 ; 30.816 ; 30.816 ;
; Instr[23]  ; ALUresu[26]   ; 30.888 ; 30.888 ; 30.888 ; 30.888 ;
; Instr[23]  ; ALUresu[27]   ; 31.128 ; 31.128 ; 31.128 ; 31.128 ;
; Instr[23]  ; ALUresu[28]   ; 31.204 ; 31.204 ; 31.204 ; 31.204 ;
; Instr[23]  ; ALUresu[29]   ; 32.055 ; 32.055 ; 32.055 ; 32.055 ;
; Instr[23]  ; ALUresu[30]   ; 31.991 ; 31.991 ; 31.991 ; 31.991 ;
; Instr[23]  ; ALUresu[31]   ; 33.688 ; 33.688 ; 33.688 ; 33.688 ;
; Instr[23]  ; Reg1[0]       ; 14.232 ; 14.232 ; 14.232 ; 14.232 ;
; Instr[23]  ; Reg1[1]       ; 15.891 ; 15.891 ; 15.891 ; 15.891 ;
; Instr[23]  ; Reg1[2]       ; 17.161 ; 15.852 ; 15.852 ; 17.161 ;
; Instr[23]  ; Reg1[3]       ; 17.977 ; 17.035 ; 17.035 ; 17.977 ;
; Instr[23]  ; Reg1[4]       ; 17.970 ; 17.660 ; 17.660 ; 17.970 ;
; Instr[23]  ; Reg1[5]       ; 18.670 ; 18.469 ; 18.469 ; 18.670 ;
; Instr[23]  ; Reg1[6]       ; 17.475 ; 17.783 ; 17.783 ; 17.475 ;
; Instr[23]  ; Reg1[7]       ; 17.296 ; 18.124 ; 18.124 ; 17.296 ;
; Instr[23]  ; Reg1[8]       ; 18.287 ; 18.534 ; 18.534 ; 18.287 ;
; Instr[23]  ; Reg1[9]       ; 18.054 ; 18.345 ; 18.345 ; 18.054 ;
; Instr[23]  ; Reg1[10]      ; 17.830 ; 17.934 ; 17.934 ; 17.830 ;
; Instr[23]  ; Reg1[11]      ; 17.846 ; 18.592 ; 18.592 ; 17.846 ;
; Instr[23]  ; Reg1[12]      ; 18.773 ; 18.491 ; 18.491 ; 18.773 ;
; Instr[23]  ; Reg1[13]      ; 18.697 ; 17.535 ; 17.535 ; 18.697 ;
; Instr[23]  ; Reg1[14]      ; 18.940 ; 17.329 ; 17.329 ; 18.940 ;
; Instr[23]  ; Reg1[15]      ; 19.515 ; 18.142 ; 18.142 ; 19.515 ;
; Instr[23]  ; Reg1[16]      ; 18.829 ; 17.825 ; 17.825 ; 18.829 ;
; Instr[23]  ; Reg1[17]      ; 19.570 ; 19.017 ; 19.017 ; 19.570 ;
; Instr[23]  ; Reg1[18]      ; 19.676 ; 18.225 ; 18.225 ; 19.676 ;
; Instr[23]  ; Reg1[19]      ; 18.807 ; 18.892 ; 18.892 ; 18.807 ;
; Instr[23]  ; Reg1[20]      ; 18.355 ; 18.242 ; 18.242 ; 18.355 ;
; Instr[23]  ; Reg1[21]      ; 19.223 ; 18.085 ; 18.085 ; 19.223 ;
; Instr[23]  ; Reg1[22]      ; 19.039 ; 17.835 ; 17.835 ; 19.039 ;
; Instr[23]  ; Reg1[23]      ; 17.958 ; 18.228 ; 18.228 ; 17.958 ;
; Instr[23]  ; Reg1[24]      ; 19.256 ; 18.078 ; 18.078 ; 19.256 ;
; Instr[23]  ; Reg1[25]      ; 19.989 ; 19.235 ; 19.235 ; 19.989 ;
; Instr[23]  ; Reg1[26]      ; 18.028 ; 18.253 ; 18.253 ; 18.028 ;
; Instr[23]  ; Reg1[27]      ; 19.392 ; 18.221 ; 18.221 ; 19.392 ;
; Instr[23]  ; Reg1[28]      ; 18.568 ; 18.713 ; 18.713 ; 18.568 ;
; Instr[23]  ; Reg1[29]      ; 17.806 ; 17.096 ; 17.096 ; 17.806 ;
; Instr[23]  ; Reg1[30]      ; 17.767 ; 17.260 ; 17.260 ; 17.767 ;
; Instr[23]  ; Reg1[31]      ; 18.684 ; 18.445 ; 18.445 ; 18.684 ;
; Instr[24]  ; ALUresu[0]    ; 27.274 ; 27.930 ; 27.930 ; 27.274 ;
; Instr[24]  ; ALUresu[1]    ; 18.041 ; 18.041 ; 18.041 ; 18.041 ;
; Instr[24]  ; ALUresu[2]    ; 22.672 ; 22.672 ; 22.672 ; 22.672 ;
; Instr[24]  ; ALUresu[3]    ; 23.286 ; 23.286 ; 23.286 ; 23.286 ;
; Instr[24]  ; ALUresu[4]    ; 23.721 ; 23.721 ; 23.721 ; 23.721 ;
; Instr[24]  ; ALUresu[5]    ; 23.771 ; 23.771 ; 23.771 ; 23.771 ;
; Instr[24]  ; ALUresu[6]    ; 24.666 ; 24.666 ; 24.666 ; 24.666 ;
; Instr[24]  ; ALUresu[7]    ; 25.815 ; 25.815 ; 25.815 ; 25.815 ;
; Instr[24]  ; ALUresu[8]    ; 26.227 ; 26.227 ; 26.227 ; 26.227 ;
; Instr[24]  ; ALUresu[9]    ; 26.746 ; 26.746 ; 26.746 ; 26.746 ;
; Instr[24]  ; ALUresu[10]   ; 27.295 ; 27.295 ; 27.295 ; 27.295 ;
; Instr[24]  ; ALUresu[11]   ; 26.698 ; 26.698 ; 26.698 ; 26.698 ;
; Instr[24]  ; ALUresu[12]   ; 28.280 ; 28.280 ; 28.280 ; 28.280 ;
; Instr[24]  ; ALUresu[13]   ; 27.661 ; 27.661 ; 27.661 ; 27.661 ;
; Instr[24]  ; ALUresu[14]   ; 28.121 ; 28.121 ; 28.121 ; 28.121 ;
; Instr[24]  ; ALUresu[15]   ; 28.783 ; 28.783 ; 28.783 ; 28.783 ;
; Instr[24]  ; ALUresu[16]   ; 30.697 ; 30.697 ; 30.697 ; 30.697 ;
; Instr[24]  ; ALUresu[17]   ; 29.911 ; 29.911 ; 29.911 ; 29.911 ;
; Instr[24]  ; ALUresu[18]   ; 30.581 ; 30.581 ; 30.581 ; 30.581 ;
; Instr[24]  ; ALUresu[19]   ; 30.396 ; 30.396 ; 30.396 ; 30.396 ;
; Instr[24]  ; ALUresu[20]   ; 30.655 ; 30.655 ; 30.655 ; 30.655 ;
; Instr[24]  ; ALUresu[21]   ; 31.379 ; 31.379 ; 31.379 ; 31.379 ;
; Instr[24]  ; ALUresu[22]   ; 31.867 ; 31.867 ; 31.867 ; 31.867 ;
; Instr[24]  ; ALUresu[23]   ; 33.494 ; 33.494 ; 33.494 ; 33.494 ;
; Instr[24]  ; ALUresu[24]   ; 33.932 ; 33.932 ; 33.932 ; 33.932 ;
; Instr[24]  ; ALUresu[25]   ; 33.453 ; 33.453 ; 33.453 ; 33.453 ;
; Instr[24]  ; ALUresu[26]   ; 33.525 ; 33.525 ; 33.525 ; 33.525 ;
; Instr[24]  ; ALUresu[27]   ; 33.765 ; 33.765 ; 33.765 ; 33.765 ;
; Instr[24]  ; ALUresu[28]   ; 33.841 ; 33.841 ; 33.841 ; 33.841 ;
; Instr[24]  ; ALUresu[29]   ; 34.692 ; 34.692 ; 34.692 ; 34.692 ;
; Instr[24]  ; ALUresu[30]   ; 34.628 ; 34.628 ; 34.628 ; 34.628 ;
; Instr[24]  ; ALUresu[31]   ; 36.325 ; 36.325 ; 36.325 ; 36.325 ;
; Instr[24]  ; Reg1[0]       ; 14.244 ; 13.992 ; 13.992 ; 14.244 ;
; Instr[24]  ; Reg1[1]       ; 14.732 ; 14.871 ; 14.871 ; 14.732 ;
; Instr[24]  ; Reg1[2]       ; 19.252 ; 18.486 ; 18.486 ; 19.252 ;
; Instr[24]  ; Reg1[3]       ; 19.838 ; 19.699 ; 19.699 ; 19.838 ;
; Instr[24]  ; Reg1[4]       ; 21.118 ; 20.124 ; 20.124 ; 21.118 ;
; Instr[24]  ; Reg1[5]       ; 21.189 ; 21.776 ; 21.776 ; 21.189 ;
; Instr[24]  ; Reg1[6]       ; 20.444 ; 19.110 ; 19.110 ; 20.444 ;
; Instr[24]  ; Reg1[7]       ; 21.272 ; 19.078 ; 19.078 ; 21.272 ;
; Instr[24]  ; Reg1[8]       ; 21.682 ; 20.103 ; 20.103 ; 21.682 ;
; Instr[24]  ; Reg1[9]       ; 21.493 ; 20.119 ; 20.119 ; 21.493 ;
; Instr[24]  ; Reg1[10]      ; 21.082 ; 20.367 ; 20.367 ; 21.082 ;
; Instr[24]  ; Reg1[11]      ; 21.740 ; 20.170 ; 20.170 ; 21.740 ;
; Instr[24]  ; Reg1[12]      ; 20.353 ; 21.040 ; 21.040 ; 20.353 ;
; Instr[24]  ; Reg1[13]      ; 21.451 ; 20.102 ; 20.102 ; 21.451 ;
; Instr[24]  ; Reg1[14]      ; 20.706 ; 19.764 ; 19.764 ; 20.706 ;
; Instr[24]  ; Reg1[15]      ; 21.150 ; 21.386 ; 21.386 ; 21.150 ;
; Instr[24]  ; Reg1[16]      ; 20.229 ; 20.524 ; 20.524 ; 20.229 ;
; Instr[24]  ; Reg1[17]      ; 21.226 ; 21.441 ; 21.441 ; 21.226 ;
; Instr[24]  ; Reg1[18]      ; 21.373 ; 21.547 ; 21.547 ; 21.373 ;
; Instr[24]  ; Reg1[19]      ; 22.025 ; 21.281 ; 21.281 ; 22.025 ;
; Instr[24]  ; Reg1[20]      ; 21.059 ; 20.248 ; 20.248 ; 21.059 ;
; Instr[24]  ; Reg1[21]      ; 21.646 ; 21.785 ; 21.785 ; 21.646 ;
; Instr[24]  ; Reg1[22]      ; 20.983 ; 20.910 ; 20.910 ; 20.983 ;
; Instr[24]  ; Reg1[23]      ; 20.899 ; 20.524 ; 20.524 ; 20.899 ;
; Instr[24]  ; Reg1[24]      ; 21.347 ; 21.106 ; 21.106 ; 21.347 ;
; Instr[24]  ; Reg1[25]      ; 22.011 ; 21.860 ; 21.860 ; 22.011 ;
; Instr[24]  ; Reg1[26]      ; 21.401 ; 19.795 ; 19.795 ; 21.401 ;
; Instr[24]  ; Reg1[27]      ; 20.706 ; 21.489 ; 21.489 ; 20.706 ;
; Instr[24]  ; Reg1[28]      ; 21.219 ; 21.777 ; 21.777 ; 21.219 ;
; Instr[24]  ; Reg1[29]      ; 20.954 ; 20.816 ; 20.816 ; 20.954 ;
; Instr[24]  ; Reg1[30]      ; 20.401 ; 20.543 ; 20.543 ; 20.401 ;
; Instr[24]  ; Reg1[31]      ; 21.276 ; 21.977 ; 21.977 ; 21.276 ;
; Instr[25]  ; ALUresu[0]    ; 26.693 ; 27.348 ; 27.348 ; 26.693 ;
; Instr[25]  ; ALUresu[1]    ; 17.819 ; 17.819 ; 17.819 ; 17.819 ;
; Instr[25]  ; ALUresu[2]    ; 22.504 ; 22.504 ; 22.504 ; 22.504 ;
; Instr[25]  ; ALUresu[3]    ; 23.118 ; 23.118 ; 23.118 ; 23.118 ;
; Instr[25]  ; ALUresu[4]    ; 23.454 ; 23.454 ; 23.454 ; 23.454 ;
; Instr[25]  ; ALUresu[5]    ; 23.189 ; 23.189 ; 23.189 ; 23.189 ;
; Instr[25]  ; ALUresu[6]    ; 24.084 ; 24.084 ; 24.084 ; 24.084 ;
; Instr[25]  ; ALUresu[7]    ; 25.233 ; 25.233 ; 25.233 ; 25.233 ;
; Instr[25]  ; ALUresu[8]    ; 25.645 ; 25.645 ; 25.645 ; 25.645 ;
; Instr[25]  ; ALUresu[9]    ; 26.164 ; 26.164 ; 26.164 ; 26.164 ;
; Instr[25]  ; ALUresu[10]   ; 26.713 ; 26.713 ; 26.713 ; 26.713 ;
; Instr[25]  ; ALUresu[11]   ; 26.116 ; 26.116 ; 26.116 ; 26.116 ;
; Instr[25]  ; ALUresu[12]   ; 27.698 ; 27.698 ; 27.698 ; 27.698 ;
; Instr[25]  ; ALUresu[13]   ; 27.079 ; 27.079 ; 27.079 ; 27.079 ;
; Instr[25]  ; ALUresu[14]   ; 27.539 ; 27.539 ; 27.539 ; 27.539 ;
; Instr[25]  ; ALUresu[15]   ; 28.201 ; 28.201 ; 28.201 ; 28.201 ;
; Instr[25]  ; ALUresu[16]   ; 30.115 ; 30.115 ; 30.115 ; 30.115 ;
; Instr[25]  ; ALUresu[17]   ; 29.329 ; 29.329 ; 29.329 ; 29.329 ;
; Instr[25]  ; ALUresu[18]   ; 29.999 ; 29.999 ; 29.999 ; 29.999 ;
; Instr[25]  ; ALUresu[19]   ; 29.814 ; 29.814 ; 29.814 ; 29.814 ;
; Instr[25]  ; ALUresu[20]   ; 30.073 ; 30.073 ; 30.073 ; 30.073 ;
; Instr[25]  ; ALUresu[21]   ; 30.797 ; 30.797 ; 30.797 ; 30.797 ;
; Instr[25]  ; ALUresu[22]   ; 31.285 ; 31.285 ; 31.285 ; 31.285 ;
; Instr[25]  ; ALUresu[23]   ; 32.912 ; 32.912 ; 32.912 ; 32.912 ;
; Instr[25]  ; ALUresu[24]   ; 33.350 ; 33.350 ; 33.350 ; 33.350 ;
; Instr[25]  ; ALUresu[25]   ; 32.871 ; 32.871 ; 32.871 ; 32.871 ;
; Instr[25]  ; ALUresu[26]   ; 32.943 ; 32.943 ; 32.943 ; 32.943 ;
; Instr[25]  ; ALUresu[27]   ; 33.183 ; 33.183 ; 33.183 ; 33.183 ;
; Instr[25]  ; ALUresu[28]   ; 33.259 ; 33.259 ; 33.259 ; 33.259 ;
; Instr[25]  ; ALUresu[29]   ; 34.110 ; 34.110 ; 34.110 ; 34.110 ;
; Instr[25]  ; ALUresu[30]   ; 34.046 ; 34.046 ; 34.046 ; 34.046 ;
; Instr[25]  ; ALUresu[31]   ; 35.743 ; 35.743 ; 35.743 ; 35.743 ;
; Instr[25]  ; Reg1[0]       ; 13.417 ; 14.076 ; 14.076 ; 13.417 ;
; Instr[25]  ; Reg1[1]       ; 14.289 ; 14.313 ; 14.313 ; 14.289 ;
; Instr[25]  ; Reg1[2]       ; 18.293 ; 19.084 ; 19.084 ; 18.293 ;
; Instr[25]  ; Reg1[3]       ; 19.256 ; 18.587 ; 18.587 ; 19.256 ;
; Instr[25]  ; Reg1[4]       ; 20.536 ; 19.881 ; 19.881 ; 20.536 ;
; Instr[25]  ; Reg1[5]       ; 21.201 ; 20.021 ; 20.021 ; 21.201 ;
; Instr[25]  ; Reg1[6]       ; 19.862 ; 19.645 ; 19.645 ; 19.862 ;
; Instr[25]  ; Reg1[7]       ; 20.690 ; 19.635 ; 19.635 ; 20.690 ;
; Instr[25]  ; Reg1[8]       ; 21.100 ; 19.521 ; 19.521 ; 21.100 ;
; Instr[25]  ; Reg1[9]       ; 20.911 ; 19.280 ; 19.280 ; 20.911 ;
; Instr[25]  ; Reg1[10]      ; 20.500 ; 18.531 ; 18.531 ; 20.500 ;
; Instr[25]  ; Reg1[11]      ; 21.158 ; 19.551 ; 19.551 ; 21.158 ;
; Instr[25]  ; Reg1[12]      ; 20.001 ; 20.482 ; 20.482 ; 20.001 ;
; Instr[25]  ; Reg1[13]      ; 20.869 ; 19.195 ; 19.195 ; 20.869 ;
; Instr[25]  ; Reg1[14]      ; 20.124 ; 19.421 ; 19.421 ; 20.124 ;
; Instr[25]  ; Reg1[15]      ; 20.568 ; 20.828 ; 20.828 ; 20.568 ;
; Instr[25]  ; Reg1[16]      ; 19.949 ; 19.780 ; 19.780 ; 19.949 ;
; Instr[25]  ; Reg1[17]      ; 20.644 ; 20.883 ; 20.883 ; 20.644 ;
; Instr[25]  ; Reg1[18]      ; 20.791 ; 20.989 ; 20.989 ; 20.791 ;
; Instr[25]  ; Reg1[19]      ; 21.443 ; 20.730 ; 20.730 ; 21.443 ;
; Instr[25]  ; Reg1[20]      ; 20.477 ; 19.690 ; 19.690 ; 20.477 ;
; Instr[25]  ; Reg1[21]      ; 21.210 ; 20.536 ; 20.536 ; 21.210 ;
; Instr[25]  ; Reg1[22]      ; 20.401 ; 20.352 ; 20.352 ; 20.401 ;
; Instr[25]  ; Reg1[23]      ; 20.317 ; 19.182 ; 19.182 ; 20.317 ;
; Instr[25]  ; Reg1[24]      ; 20.042 ; 21.179 ; 21.179 ; 20.042 ;
; Instr[25]  ; Reg1[25]      ; 21.287 ; 21.843 ; 21.843 ; 21.287 ;
; Instr[25]  ; Reg1[26]      ; 20.819 ; 19.727 ; 19.727 ; 20.819 ;
; Instr[25]  ; Reg1[27]      ; 20.914 ; 20.705 ; 20.705 ; 20.914 ;
; Instr[25]  ; Reg1[28]      ; 21.202 ; 20.407 ; 20.407 ; 21.202 ;
; Instr[25]  ; Reg1[29]      ; 20.372 ; 18.910 ; 18.910 ; 20.372 ;
; Instr[25]  ; Reg1[30]      ; 19.968 ; 19.080 ; 19.080 ; 19.968 ;
; Instr[25]  ; Reg1[31]      ; 21.402 ; 19.997 ; 19.997 ; 21.402 ;
; Instr[26]  ; ALUControl[0] ;        ; 14.051 ; 14.051 ;        ;
; Instr[26]  ; ALUControl[2] ;        ; 14.051 ; 14.051 ;        ;
; Instr[26]  ; ALUresu[0]    ; 23.661 ; 23.661 ; 23.661 ; 23.661 ;
; Instr[26]  ; ALUresu[1]    ; 19.565 ; 19.565 ; 19.565 ; 19.565 ;
; Instr[26]  ; ALUresu[2]    ; 20.046 ; 20.046 ; 20.046 ; 20.046 ;
; Instr[26]  ; ALUresu[3]    ; 20.187 ; 20.187 ; 20.187 ; 20.187 ;
; Instr[26]  ; ALUresu[4]    ; 20.523 ; 20.523 ; 20.523 ; 20.523 ;
; Instr[26]  ; ALUresu[5]    ; 20.126 ; 20.126 ; 20.126 ; 20.126 ;
; Instr[26]  ; ALUresu[6]    ; 21.021 ; 21.021 ; 21.021 ; 21.021 ;
; Instr[26]  ; ALUresu[7]    ; 22.170 ; 22.170 ; 22.170 ; 22.170 ;
; Instr[26]  ; ALUresu[8]    ; 22.582 ; 22.582 ; 22.582 ; 22.582 ;
; Instr[26]  ; ALUresu[9]    ; 23.101 ; 23.101 ; 23.101 ; 23.101 ;
; Instr[26]  ; ALUresu[10]   ; 23.650 ; 23.650 ; 23.650 ; 23.650 ;
; Instr[26]  ; ALUresu[11]   ; 23.053 ; 23.053 ; 23.053 ; 23.053 ;
; Instr[26]  ; ALUresu[12]   ; 24.635 ; 24.635 ; 24.635 ; 24.635 ;
; Instr[26]  ; ALUresu[13]   ; 24.016 ; 24.016 ; 24.016 ; 24.016 ;
; Instr[26]  ; ALUresu[14]   ; 24.476 ; 24.476 ; 24.476 ; 24.476 ;
; Instr[26]  ; ALUresu[15]   ; 25.138 ; 25.138 ; 25.138 ; 25.138 ;
; Instr[26]  ; ALUresu[16]   ; 27.052 ; 27.052 ; 27.052 ; 27.052 ;
; Instr[26]  ; ALUresu[17]   ; 26.266 ; 26.266 ; 26.266 ; 26.266 ;
; Instr[26]  ; ALUresu[18]   ; 26.936 ; 26.936 ; 26.936 ; 26.936 ;
; Instr[26]  ; ALUresu[19]   ; 26.751 ; 26.751 ; 26.751 ; 26.751 ;
; Instr[26]  ; ALUresu[20]   ; 27.010 ; 27.010 ; 27.010 ; 27.010 ;
; Instr[26]  ; ALUresu[21]   ; 27.734 ; 27.734 ; 27.734 ; 27.734 ;
; Instr[26]  ; ALUresu[22]   ; 28.222 ; 28.222 ; 28.222 ; 28.222 ;
; Instr[26]  ; ALUresu[23]   ; 29.849 ; 29.849 ; 29.849 ; 29.849 ;
; Instr[26]  ; ALUresu[24]   ; 30.287 ; 30.287 ; 30.287 ; 30.287 ;
; Instr[26]  ; ALUresu[25]   ; 29.808 ; 29.808 ; 29.808 ; 29.808 ;
; Instr[26]  ; ALUresu[26]   ; 29.880 ; 29.880 ; 29.880 ; 29.880 ;
; Instr[26]  ; ALUresu[27]   ; 30.120 ; 30.120 ; 30.120 ; 30.120 ;
; Instr[26]  ; ALUresu[28]   ; 30.196 ; 30.196 ; 30.196 ; 30.196 ;
; Instr[26]  ; ALUresu[29]   ; 31.047 ; 31.047 ; 31.047 ; 31.047 ;
; Instr[26]  ; ALUresu[30]   ; 30.983 ; 30.983 ; 30.983 ; 30.983 ;
; Instr[26]  ; ALUresu[31]   ; 32.680 ; 32.680 ; 32.680 ; 32.680 ;
; Instr[27]  ; ALUControl[0] ;        ; 16.602 ; 16.602 ;        ;
; Instr[27]  ; ALUControl[2] ;        ; 16.602 ; 16.602 ;        ;
; Instr[27]  ; ALUresu[0]    ; 24.306 ; 24.306 ; 24.306 ; 24.306 ;
; Instr[27]  ; ALUresu[1]    ; 20.210 ; 20.210 ; 20.210 ; 20.210 ;
; Instr[27]  ; ALUresu[2]    ; 20.691 ; 20.691 ; 20.691 ; 20.691 ;
; Instr[27]  ; ALUresu[3]    ; 20.832 ; 20.832 ; 20.832 ; 20.832 ;
; Instr[27]  ; ALUresu[4]    ; 21.168 ; 21.168 ; 21.168 ; 21.168 ;
; Instr[27]  ; ALUresu[5]    ; 20.771 ; 20.771 ; 20.771 ; 20.771 ;
; Instr[27]  ; ALUresu[6]    ; 21.666 ; 21.666 ; 21.666 ; 21.666 ;
; Instr[27]  ; ALUresu[7]    ; 22.815 ; 22.815 ; 22.815 ; 22.815 ;
; Instr[27]  ; ALUresu[8]    ; 23.227 ; 23.227 ; 23.227 ; 23.227 ;
; Instr[27]  ; ALUresu[9]    ; 23.746 ; 23.746 ; 23.746 ; 23.746 ;
; Instr[27]  ; ALUresu[10]   ; 24.295 ; 24.295 ; 24.295 ; 24.295 ;
; Instr[27]  ; ALUresu[11]   ; 23.698 ; 23.698 ; 23.698 ; 23.698 ;
; Instr[27]  ; ALUresu[12]   ; 25.280 ; 25.280 ; 25.280 ; 25.280 ;
; Instr[27]  ; ALUresu[13]   ; 24.661 ; 24.661 ; 24.661 ; 24.661 ;
; Instr[27]  ; ALUresu[14]   ; 25.121 ; 25.121 ; 25.121 ; 25.121 ;
; Instr[27]  ; ALUresu[15]   ; 25.783 ; 25.783 ; 25.783 ; 25.783 ;
; Instr[27]  ; ALUresu[16]   ; 27.697 ; 27.697 ; 27.697 ; 27.697 ;
; Instr[27]  ; ALUresu[17]   ; 26.911 ; 26.911 ; 26.911 ; 26.911 ;
; Instr[27]  ; ALUresu[18]   ; 27.581 ; 27.581 ; 27.581 ; 27.581 ;
; Instr[27]  ; ALUresu[19]   ; 27.396 ; 27.396 ; 27.396 ; 27.396 ;
; Instr[27]  ; ALUresu[20]   ; 27.655 ; 27.655 ; 27.655 ; 27.655 ;
; Instr[27]  ; ALUresu[21]   ; 28.379 ; 28.379 ; 28.379 ; 28.379 ;
; Instr[27]  ; ALUresu[22]   ; 28.867 ; 28.867 ; 28.867 ; 28.867 ;
; Instr[27]  ; ALUresu[23]   ; 30.494 ; 30.494 ; 30.494 ; 30.494 ;
; Instr[27]  ; ALUresu[24]   ; 30.932 ; 30.932 ; 30.932 ; 30.932 ;
; Instr[27]  ; ALUresu[25]   ; 30.453 ; 30.453 ; 30.453 ; 30.453 ;
; Instr[27]  ; ALUresu[26]   ; 30.525 ; 30.525 ; 30.525 ; 30.525 ;
; Instr[27]  ; ALUresu[27]   ; 30.765 ; 30.765 ; 30.765 ; 30.765 ;
; Instr[27]  ; ALUresu[28]   ; 30.841 ; 30.841 ; 30.841 ; 30.841 ;
; Instr[27]  ; ALUresu[29]   ; 31.692 ; 31.692 ; 31.692 ; 31.692 ;
; Instr[27]  ; ALUresu[30]   ; 31.628 ; 31.628 ; 31.628 ; 31.628 ;
; Instr[27]  ; ALUresu[31]   ; 33.325 ; 33.325 ; 33.325 ; 33.325 ;
; Instr[28]  ; ALUControl[0] ;        ; 16.498 ; 16.498 ;        ;
; Instr[28]  ; ALUControl[2] ;        ; 16.498 ; 16.498 ;        ;
; Instr[28]  ; ALUresu[0]    ; 24.202 ; 24.202 ; 24.202 ; 24.202 ;
; Instr[28]  ; ALUresu[1]    ; 20.106 ; 20.106 ; 20.106 ; 20.106 ;
; Instr[28]  ; ALUresu[2]    ; 20.587 ; 20.587 ; 20.587 ; 20.587 ;
; Instr[28]  ; ALUresu[3]    ; 20.728 ; 20.728 ; 20.728 ; 20.728 ;
; Instr[28]  ; ALUresu[4]    ; 21.064 ; 21.064 ; 21.064 ; 21.064 ;
; Instr[28]  ; ALUresu[5]    ; 20.667 ; 20.667 ; 20.667 ; 20.667 ;
; Instr[28]  ; ALUresu[6]    ; 21.562 ; 21.562 ; 21.562 ; 21.562 ;
; Instr[28]  ; ALUresu[7]    ; 22.711 ; 22.711 ; 22.711 ; 22.711 ;
; Instr[28]  ; ALUresu[8]    ; 23.123 ; 23.123 ; 23.123 ; 23.123 ;
; Instr[28]  ; ALUresu[9]    ; 23.642 ; 23.642 ; 23.642 ; 23.642 ;
; Instr[28]  ; ALUresu[10]   ; 24.191 ; 24.191 ; 24.191 ; 24.191 ;
; Instr[28]  ; ALUresu[11]   ; 23.594 ; 23.594 ; 23.594 ; 23.594 ;
; Instr[28]  ; ALUresu[12]   ; 25.176 ; 25.176 ; 25.176 ; 25.176 ;
; Instr[28]  ; ALUresu[13]   ; 24.557 ; 24.557 ; 24.557 ; 24.557 ;
; Instr[28]  ; ALUresu[14]   ; 25.017 ; 25.017 ; 25.017 ; 25.017 ;
; Instr[28]  ; ALUresu[15]   ; 25.679 ; 25.679 ; 25.679 ; 25.679 ;
; Instr[28]  ; ALUresu[16]   ; 27.593 ; 27.593 ; 27.593 ; 27.593 ;
; Instr[28]  ; ALUresu[17]   ; 26.807 ; 26.807 ; 26.807 ; 26.807 ;
; Instr[28]  ; ALUresu[18]   ; 27.477 ; 27.477 ; 27.477 ; 27.477 ;
; Instr[28]  ; ALUresu[19]   ; 27.292 ; 27.292 ; 27.292 ; 27.292 ;
; Instr[28]  ; ALUresu[20]   ; 27.551 ; 27.551 ; 27.551 ; 27.551 ;
; Instr[28]  ; ALUresu[21]   ; 28.275 ; 28.275 ; 28.275 ; 28.275 ;
; Instr[28]  ; ALUresu[22]   ; 28.763 ; 28.763 ; 28.763 ; 28.763 ;
; Instr[28]  ; ALUresu[23]   ; 30.390 ; 30.390 ; 30.390 ; 30.390 ;
; Instr[28]  ; ALUresu[24]   ; 30.828 ; 30.828 ; 30.828 ; 30.828 ;
; Instr[28]  ; ALUresu[25]   ; 30.349 ; 30.349 ; 30.349 ; 30.349 ;
; Instr[28]  ; ALUresu[26]   ; 30.421 ; 30.421 ; 30.421 ; 30.421 ;
; Instr[28]  ; ALUresu[27]   ; 30.661 ; 30.661 ; 30.661 ; 30.661 ;
; Instr[28]  ; ALUresu[28]   ; 30.737 ; 30.737 ; 30.737 ; 30.737 ;
; Instr[28]  ; ALUresu[29]   ; 31.588 ; 31.588 ; 31.588 ; 31.588 ;
; Instr[28]  ; ALUresu[30]   ; 31.524 ; 31.524 ; 31.524 ; 31.524 ;
; Instr[28]  ; ALUresu[31]   ; 33.221 ; 33.221 ; 33.221 ; 33.221 ;
; Instr[29]  ; ALUresu[0]    ; 23.303 ; 23.303 ; 23.303 ; 23.303 ;
; Instr[29]  ; ALUresu[1]    ; 19.207 ; 19.207 ; 19.207 ; 19.207 ;
; Instr[29]  ; ALUresu[2]    ; 19.688 ; 19.688 ; 19.688 ; 19.688 ;
; Instr[29]  ; ALUresu[3]    ; 19.829 ; 19.829 ; 19.829 ; 19.829 ;
; Instr[29]  ; ALUresu[4]    ; 20.165 ; 20.165 ; 20.165 ; 20.165 ;
; Instr[29]  ; ALUresu[5]    ; 19.768 ; 19.768 ; 19.768 ; 19.768 ;
; Instr[29]  ; ALUresu[6]    ; 20.663 ; 20.663 ; 20.663 ; 20.663 ;
; Instr[29]  ; ALUresu[7]    ; 21.812 ; 21.812 ; 21.812 ; 21.812 ;
; Instr[29]  ; ALUresu[8]    ; 22.224 ; 22.224 ; 22.224 ; 22.224 ;
; Instr[29]  ; ALUresu[9]    ; 22.743 ; 22.743 ; 22.743 ; 22.743 ;
; Instr[29]  ; ALUresu[10]   ; 23.292 ; 23.292 ; 23.292 ; 23.292 ;
; Instr[29]  ; ALUresu[11]   ; 22.695 ; 22.695 ; 22.695 ; 22.695 ;
; Instr[29]  ; ALUresu[12]   ; 24.277 ; 24.277 ; 24.277 ; 24.277 ;
; Instr[29]  ; ALUresu[13]   ; 23.658 ; 23.658 ; 23.658 ; 23.658 ;
; Instr[29]  ; ALUresu[14]   ; 24.118 ; 24.118 ; 24.118 ; 24.118 ;
; Instr[29]  ; ALUresu[15]   ; 24.780 ; 24.780 ; 24.780 ; 24.780 ;
; Instr[29]  ; ALUresu[16]   ; 26.694 ; 26.694 ; 26.694 ; 26.694 ;
; Instr[29]  ; ALUresu[17]   ; 25.908 ; 25.908 ; 25.908 ; 25.908 ;
; Instr[29]  ; ALUresu[18]   ; 26.578 ; 26.578 ; 26.578 ; 26.578 ;
; Instr[29]  ; ALUresu[19]   ; 26.393 ; 26.393 ; 26.393 ; 26.393 ;
; Instr[29]  ; ALUresu[20]   ; 26.652 ; 26.652 ; 26.652 ; 26.652 ;
; Instr[29]  ; ALUresu[21]   ; 27.376 ; 27.376 ; 27.376 ; 27.376 ;
; Instr[29]  ; ALUresu[22]   ; 27.864 ; 27.864 ; 27.864 ; 27.864 ;
; Instr[29]  ; ALUresu[23]   ; 29.491 ; 29.491 ; 29.491 ; 29.491 ;
; Instr[29]  ; ALUresu[24]   ; 29.929 ; 29.929 ; 29.929 ; 29.929 ;
; Instr[29]  ; ALUresu[25]   ; 29.450 ; 29.450 ; 29.450 ; 29.450 ;
; Instr[29]  ; ALUresu[26]   ; 29.522 ; 29.522 ; 29.522 ; 29.522 ;
; Instr[29]  ; ALUresu[27]   ; 29.762 ; 29.762 ; 29.762 ; 29.762 ;
; Instr[29]  ; ALUresu[28]   ; 29.838 ; 29.838 ; 29.838 ; 29.838 ;
; Instr[29]  ; ALUresu[29]   ; 30.689 ; 30.689 ; 30.689 ; 30.689 ;
; Instr[29]  ; ALUresu[30]   ; 30.625 ; 30.625 ; 30.625 ; 30.625 ;
; Instr[29]  ; ALUresu[31]   ; 32.322 ; 32.322 ; 32.322 ; 32.322 ;
; Instr[30]  ; ALUControl[0] ;        ; 16.503 ; 16.503 ;        ;
; Instr[30]  ; ALUControl[2] ;        ; 16.503 ; 16.503 ;        ;
; Instr[30]  ; ALUresu[0]    ; 24.207 ; 24.207 ; 24.207 ; 24.207 ;
; Instr[30]  ; ALUresu[1]    ; 20.111 ; 20.111 ; 20.111 ; 20.111 ;
; Instr[30]  ; ALUresu[2]    ; 20.592 ; 20.592 ; 20.592 ; 20.592 ;
; Instr[30]  ; ALUresu[3]    ; 20.733 ; 20.733 ; 20.733 ; 20.733 ;
; Instr[30]  ; ALUresu[4]    ; 21.069 ; 21.069 ; 21.069 ; 21.069 ;
; Instr[30]  ; ALUresu[5]    ; 20.672 ; 20.672 ; 20.672 ; 20.672 ;
; Instr[30]  ; ALUresu[6]    ; 21.567 ; 21.567 ; 21.567 ; 21.567 ;
; Instr[30]  ; ALUresu[7]    ; 22.716 ; 22.716 ; 22.716 ; 22.716 ;
; Instr[30]  ; ALUresu[8]    ; 23.128 ; 23.128 ; 23.128 ; 23.128 ;
; Instr[30]  ; ALUresu[9]    ; 23.647 ; 23.647 ; 23.647 ; 23.647 ;
; Instr[30]  ; ALUresu[10]   ; 24.196 ; 24.196 ; 24.196 ; 24.196 ;
; Instr[30]  ; ALUresu[11]   ; 23.599 ; 23.599 ; 23.599 ; 23.599 ;
; Instr[30]  ; ALUresu[12]   ; 25.181 ; 25.181 ; 25.181 ; 25.181 ;
; Instr[30]  ; ALUresu[13]   ; 24.562 ; 24.562 ; 24.562 ; 24.562 ;
; Instr[30]  ; ALUresu[14]   ; 25.022 ; 25.022 ; 25.022 ; 25.022 ;
; Instr[30]  ; ALUresu[15]   ; 25.684 ; 25.684 ; 25.684 ; 25.684 ;
; Instr[30]  ; ALUresu[16]   ; 27.598 ; 27.598 ; 27.598 ; 27.598 ;
; Instr[30]  ; ALUresu[17]   ; 26.812 ; 26.812 ; 26.812 ; 26.812 ;
; Instr[30]  ; ALUresu[18]   ; 27.482 ; 27.482 ; 27.482 ; 27.482 ;
; Instr[30]  ; ALUresu[19]   ; 27.297 ; 27.297 ; 27.297 ; 27.297 ;
; Instr[30]  ; ALUresu[20]   ; 27.556 ; 27.556 ; 27.556 ; 27.556 ;
; Instr[30]  ; ALUresu[21]   ; 28.280 ; 28.280 ; 28.280 ; 28.280 ;
; Instr[30]  ; ALUresu[22]   ; 28.768 ; 28.768 ; 28.768 ; 28.768 ;
; Instr[30]  ; ALUresu[23]   ; 30.395 ; 30.395 ; 30.395 ; 30.395 ;
; Instr[30]  ; ALUresu[24]   ; 30.833 ; 30.833 ; 30.833 ; 30.833 ;
; Instr[30]  ; ALUresu[25]   ; 30.354 ; 30.354 ; 30.354 ; 30.354 ;
; Instr[30]  ; ALUresu[26]   ; 30.426 ; 30.426 ; 30.426 ; 30.426 ;
; Instr[30]  ; ALUresu[27]   ; 30.666 ; 30.666 ; 30.666 ; 30.666 ;
; Instr[30]  ; ALUresu[28]   ; 30.742 ; 30.742 ; 30.742 ; 30.742 ;
; Instr[30]  ; ALUresu[29]   ; 31.593 ; 31.593 ; 31.593 ; 31.593 ;
; Instr[30]  ; ALUresu[30]   ; 31.529 ; 31.529 ; 31.529 ; 31.529 ;
; Instr[30]  ; ALUresu[31]   ; 33.226 ; 33.226 ; 33.226 ; 33.226 ;
; Instr[31]  ; ALUControl[0] ;        ; 17.442 ; 17.442 ;        ;
; Instr[31]  ; ALUControl[2] ;        ; 17.442 ; 17.442 ;        ;
; Instr[31]  ; ALUresu[0]    ; 25.146 ; 25.146 ; 25.146 ; 25.146 ;
; Instr[31]  ; ALUresu[1]    ; 21.050 ; 21.050 ; 21.050 ; 21.050 ;
; Instr[31]  ; ALUresu[2]    ; 21.531 ; 21.531 ; 21.531 ; 21.531 ;
; Instr[31]  ; ALUresu[3]    ; 21.672 ; 21.672 ; 21.672 ; 21.672 ;
; Instr[31]  ; ALUresu[4]    ; 22.008 ; 22.008 ; 22.008 ; 22.008 ;
; Instr[31]  ; ALUresu[5]    ; 21.611 ; 21.611 ; 21.611 ; 21.611 ;
; Instr[31]  ; ALUresu[6]    ; 22.506 ; 22.506 ; 22.506 ; 22.506 ;
; Instr[31]  ; ALUresu[7]    ; 23.655 ; 23.655 ; 23.655 ; 23.655 ;
; Instr[31]  ; ALUresu[8]    ; 24.067 ; 24.067 ; 24.067 ; 24.067 ;
; Instr[31]  ; ALUresu[9]    ; 24.586 ; 24.586 ; 24.586 ; 24.586 ;
; Instr[31]  ; ALUresu[10]   ; 25.135 ; 25.135 ; 25.135 ; 25.135 ;
; Instr[31]  ; ALUresu[11]   ; 24.538 ; 24.538 ; 24.538 ; 24.538 ;
; Instr[31]  ; ALUresu[12]   ; 26.120 ; 26.120 ; 26.120 ; 26.120 ;
; Instr[31]  ; ALUresu[13]   ; 25.501 ; 25.501 ; 25.501 ; 25.501 ;
; Instr[31]  ; ALUresu[14]   ; 25.961 ; 25.961 ; 25.961 ; 25.961 ;
; Instr[31]  ; ALUresu[15]   ; 26.623 ; 26.623 ; 26.623 ; 26.623 ;
; Instr[31]  ; ALUresu[16]   ; 28.537 ; 28.537 ; 28.537 ; 28.537 ;
; Instr[31]  ; ALUresu[17]   ; 27.751 ; 27.751 ; 27.751 ; 27.751 ;
; Instr[31]  ; ALUresu[18]   ; 28.421 ; 28.421 ; 28.421 ; 28.421 ;
; Instr[31]  ; ALUresu[19]   ; 28.236 ; 28.236 ; 28.236 ; 28.236 ;
; Instr[31]  ; ALUresu[20]   ; 28.495 ; 28.495 ; 28.495 ; 28.495 ;
; Instr[31]  ; ALUresu[21]   ; 29.219 ; 29.219 ; 29.219 ; 29.219 ;
; Instr[31]  ; ALUresu[22]   ; 29.707 ; 29.707 ; 29.707 ; 29.707 ;
; Instr[31]  ; ALUresu[23]   ; 31.334 ; 31.334 ; 31.334 ; 31.334 ;
; Instr[31]  ; ALUresu[24]   ; 31.772 ; 31.772 ; 31.772 ; 31.772 ;
; Instr[31]  ; ALUresu[25]   ; 31.293 ; 31.293 ; 31.293 ; 31.293 ;
; Instr[31]  ; ALUresu[26]   ; 31.365 ; 31.365 ; 31.365 ; 31.365 ;
; Instr[31]  ; ALUresu[27]   ; 31.605 ; 31.605 ; 31.605 ; 31.605 ;
; Instr[31]  ; ALUresu[28]   ; 31.681 ; 31.681 ; 31.681 ; 31.681 ;
; Instr[31]  ; ALUresu[29]   ; 32.532 ; 32.532 ; 32.532 ; 32.532 ;
; Instr[31]  ; ALUresu[30]   ; 32.468 ; 32.468 ; 32.468 ; 32.468 ;
; Instr[31]  ; ALUresu[31]   ; 34.165 ; 34.165 ; 34.165 ; 34.165 ;
+------------+---------------+--------+--------+--------+--------+


+----------------------------------------------------------------+
; Minimum Propagation Delay                                      ;
+------------+---------------+--------+--------+--------+--------+
; Input Port ; Output Port   ; RR     ; RF     ; FR     ; FF     ;
+------------+---------------+--------+--------+--------+--------+
; Instr[1]   ; ALUControl[0] ; 13.940 ;        ;        ; 13.940 ;
; Instr[1]   ; ALUControl[2] ; 13.940 ;        ;        ; 13.940 ;
; Instr[1]   ; ALUresu[0]    ; 14.703 ; 14.703 ; 14.703 ; 14.703 ;
; Instr[1]   ; ALUresu[1]    ; 14.910 ; 14.205 ; 14.205 ; 14.910 ;
; Instr[1]   ; ALUresu[2]    ; 15.391 ; 14.922 ; 14.922 ; 15.391 ;
; Instr[1]   ; ALUresu[3]    ; 15.532 ; 14.684 ; 14.684 ; 15.532 ;
; Instr[1]   ; ALUresu[4]    ; 15.868 ; 14.598 ; 14.598 ; 15.868 ;
; Instr[1]   ; ALUresu[5]    ; 15.471 ; 13.451 ; 13.451 ; 15.471 ;
; Instr[1]   ; ALUresu[6]    ; 16.366 ; 14.381 ; 14.381 ; 16.366 ;
; Instr[1]   ; ALUresu[7]    ; 17.515 ; 14.214 ; 14.214 ; 17.515 ;
; Instr[1]   ; ALUresu[8]    ; 17.927 ; 13.850 ; 13.850 ; 17.927 ;
; Instr[1]   ; ALUresu[9]    ; 18.446 ; 14.725 ; 14.725 ; 18.446 ;
; Instr[1]   ; ALUresu[10]   ; 18.995 ; 16.275 ; 16.275 ; 18.995 ;
; Instr[1]   ; ALUresu[11]   ; 18.398 ; 13.621 ; 13.621 ; 18.398 ;
; Instr[1]   ; ALUresu[12]   ; 19.980 ; 15.292 ; 15.292 ; 19.980 ;
; Instr[1]   ; ALUresu[13]   ; 19.361 ; 13.411 ; 13.411 ; 19.361 ;
; Instr[1]   ; ALUresu[14]   ; 19.821 ; 14.340 ; 14.340 ; 19.821 ;
; Instr[1]   ; ALUresu[15]   ; 20.483 ; 14.315 ; 14.315 ; 20.483 ;
; Instr[1]   ; ALUresu[16]   ; 22.397 ; 16.653 ; 16.653 ; 22.397 ;
; Instr[1]   ; ALUresu[17]   ; 21.611 ; 13.954 ; 13.954 ; 21.611 ;
; Instr[1]   ; ALUresu[18]   ; 22.281 ; 15.204 ; 15.204 ; 22.281 ;
; Instr[1]   ; ALUresu[19]   ; 22.096 ; 14.627 ; 14.627 ; 22.096 ;
; Instr[1]   ; ALUresu[20]   ; 22.355 ; 14.850 ; 14.850 ; 22.355 ;
; Instr[1]   ; ALUresu[21]   ; 23.079 ; 15.172 ; 15.172 ; 23.079 ;
; Instr[1]   ; ALUresu[22]   ; 23.567 ; 15.261 ; 15.261 ; 23.567 ;
; Instr[1]   ; ALUresu[23]   ; 25.194 ; 14.083 ; 14.083 ; 25.194 ;
; Instr[1]   ; ALUresu[24]   ; 25.632 ; 16.784 ; 16.784 ; 25.632 ;
; Instr[1]   ; ALUresu[25]   ; 25.153 ; 15.365 ; 15.365 ; 25.153 ;
; Instr[1]   ; ALUresu[26]   ; 25.225 ; 14.977 ; 14.977 ; 25.225 ;
; Instr[1]   ; ALUresu[27]   ; 25.465 ; 15.704 ; 15.704 ; 25.465 ;
; Instr[1]   ; ALUresu[28]   ; 25.541 ; 14.823 ; 14.823 ; 25.541 ;
; Instr[1]   ; ALUresu[29]   ; 26.392 ; 15.478 ; 15.478 ; 26.392 ;
; Instr[1]   ; ALUresu[30]   ; 26.328 ; 14.168 ; 14.168 ; 26.328 ;
; Instr[1]   ; ALUresu[31]   ; 28.025 ; 14.179 ; 14.179 ; 28.025 ;
; Instr[2]   ; ALUControl[0] ;        ; 14.656 ; 14.656 ;        ;
; Instr[2]   ; ALUControl[2] ;        ; 14.656 ; 14.656 ;        ;
; Instr[2]   ; ALUresu[0]    ; 15.419 ; 15.419 ; 15.419 ; 15.419 ;
; Instr[2]   ; ALUresu[1]    ; 14.921 ;        ;        ; 14.921 ;
; Instr[2]   ; ALUresu[2]    ; 15.638 ; 16.624 ; 16.624 ; 15.638 ;
; Instr[2]   ; ALUresu[3]    ; 15.400 ; 15.552 ; 15.552 ; 15.400 ;
; Instr[2]   ; ALUresu[4]    ; 15.314 ; 15.888 ; 15.888 ; 15.314 ;
; Instr[2]   ; ALUresu[5]    ; 14.167 ; 15.491 ; 15.491 ; 14.167 ;
; Instr[2]   ; ALUresu[6]    ; 15.097 ; 16.386 ; 16.386 ; 15.097 ;
; Instr[2]   ; ALUresu[7]    ; 14.930 ; 17.535 ; 17.535 ; 14.930 ;
; Instr[2]   ; ALUresu[8]    ; 14.566 ; 17.947 ; 17.947 ; 14.566 ;
; Instr[2]   ; ALUresu[9]    ; 15.441 ; 18.466 ; 18.466 ; 15.441 ;
; Instr[2]   ; ALUresu[10]   ; 16.991 ; 19.015 ; 19.015 ; 16.991 ;
; Instr[2]   ; ALUresu[11]   ; 14.337 ; 18.418 ; 18.418 ; 14.337 ;
; Instr[2]   ; ALUresu[12]   ; 16.008 ; 20.000 ; 20.000 ; 16.008 ;
; Instr[2]   ; ALUresu[13]   ; 14.127 ; 19.381 ; 19.381 ; 14.127 ;
; Instr[2]   ; ALUresu[14]   ; 15.056 ; 19.841 ; 19.841 ; 15.056 ;
; Instr[2]   ; ALUresu[15]   ; 15.031 ; 20.503 ; 20.503 ; 15.031 ;
; Instr[2]   ; ALUresu[16]   ; 17.369 ; 22.417 ; 22.417 ; 17.369 ;
; Instr[2]   ; ALUresu[17]   ; 14.670 ; 21.631 ; 21.631 ; 14.670 ;
; Instr[2]   ; ALUresu[18]   ; 15.920 ; 22.301 ; 22.301 ; 15.920 ;
; Instr[2]   ; ALUresu[19]   ; 15.343 ; 22.116 ; 22.116 ; 15.343 ;
; Instr[2]   ; ALUresu[20]   ; 15.566 ; 22.375 ; 22.375 ; 15.566 ;
; Instr[2]   ; ALUresu[21]   ; 15.888 ; 23.099 ; 23.099 ; 15.888 ;
; Instr[2]   ; ALUresu[22]   ; 15.977 ; 23.587 ; 23.587 ; 15.977 ;
; Instr[2]   ; ALUresu[23]   ; 14.799 ; 25.214 ; 25.214 ; 14.799 ;
; Instr[2]   ; ALUresu[24]   ; 17.500 ; 25.652 ; 25.652 ; 17.500 ;
; Instr[2]   ; ALUresu[25]   ; 16.081 ; 25.173 ; 25.173 ; 16.081 ;
; Instr[2]   ; ALUresu[26]   ; 15.693 ; 25.245 ; 25.245 ; 15.693 ;
; Instr[2]   ; ALUresu[27]   ; 16.420 ; 25.485 ; 25.485 ; 16.420 ;
; Instr[2]   ; ALUresu[28]   ; 15.539 ; 25.561 ; 25.561 ; 15.539 ;
; Instr[2]   ; ALUresu[29]   ; 16.194 ; 26.412 ; 26.412 ; 16.194 ;
; Instr[2]   ; ALUresu[30]   ; 14.884 ; 26.348 ; 26.348 ; 14.884 ;
; Instr[2]   ; ALUresu[31]   ; 14.895 ; 28.045 ; 28.045 ; 14.895 ;
; Instr[3]   ; ALUControl[0] ; 14.614 ;        ;        ; 14.614 ;
; Instr[3]   ; ALUControl[2] ; 14.614 ;        ;        ; 14.614 ;
; Instr[3]   ; ALUresu[0]    ; 15.377 ; 15.377 ; 15.377 ; 15.377 ;
; Instr[3]   ; ALUresu[1]    ;        ; 14.879 ; 14.879 ;        ;
; Instr[3]   ; ALUresu[2]    ;        ; 15.596 ; 15.596 ;        ;
; Instr[3]   ; ALUresu[3]    ; 16.078 ; 15.358 ; 15.358 ; 16.078 ;
; Instr[3]   ; ALUresu[4]    ; 15.529 ; 15.272 ; 15.272 ; 15.529 ;
; Instr[3]   ; ALUresu[5]    ; 15.132 ; 14.125 ; 14.125 ; 15.132 ;
; Instr[3]   ; ALUresu[6]    ; 16.027 ; 15.055 ; 15.055 ; 16.027 ;
; Instr[3]   ; ALUresu[7]    ; 17.176 ; 14.888 ; 14.888 ; 17.176 ;
; Instr[3]   ; ALUresu[8]    ; 17.588 ; 14.524 ; 14.524 ; 17.588 ;
; Instr[3]   ; ALUresu[9]    ; 18.107 ; 15.399 ; 15.399 ; 18.107 ;
; Instr[3]   ; ALUresu[10]   ; 18.656 ; 16.949 ; 16.949 ; 18.656 ;
; Instr[3]   ; ALUresu[11]   ; 18.059 ; 14.295 ; 14.295 ; 18.059 ;
; Instr[3]   ; ALUresu[12]   ; 19.641 ; 15.966 ; 15.966 ; 19.641 ;
; Instr[3]   ; ALUresu[13]   ; 19.022 ; 14.085 ; 14.085 ; 19.022 ;
; Instr[3]   ; ALUresu[14]   ; 19.482 ; 15.014 ; 15.014 ; 19.482 ;
; Instr[3]   ; ALUresu[15]   ; 20.144 ; 14.989 ; 14.989 ; 20.144 ;
; Instr[3]   ; ALUresu[16]   ; 22.058 ; 17.327 ; 17.327 ; 22.058 ;
; Instr[3]   ; ALUresu[17]   ; 21.272 ; 14.628 ; 14.628 ; 21.272 ;
; Instr[3]   ; ALUresu[18]   ; 21.942 ; 15.878 ; 15.878 ; 21.942 ;
; Instr[3]   ; ALUresu[19]   ; 21.757 ; 15.301 ; 15.301 ; 21.757 ;
; Instr[3]   ; ALUresu[20]   ; 22.016 ; 15.524 ; 15.524 ; 22.016 ;
; Instr[3]   ; ALUresu[21]   ; 22.740 ; 15.846 ; 15.846 ; 22.740 ;
; Instr[3]   ; ALUresu[22]   ; 23.228 ; 15.935 ; 15.935 ; 23.228 ;
; Instr[3]   ; ALUresu[23]   ; 24.855 ; 14.757 ; 14.757 ; 24.855 ;
; Instr[3]   ; ALUresu[24]   ; 25.293 ; 17.458 ; 17.458 ; 25.293 ;
; Instr[3]   ; ALUresu[25]   ; 24.814 ; 16.039 ; 16.039 ; 24.814 ;
; Instr[3]   ; ALUresu[26]   ; 24.886 ; 15.651 ; 15.651 ; 24.886 ;
; Instr[3]   ; ALUresu[27]   ; 25.126 ; 16.378 ; 16.378 ; 25.126 ;
; Instr[3]   ; ALUresu[28]   ; 25.202 ; 15.497 ; 15.497 ; 25.202 ;
; Instr[3]   ; ALUresu[29]   ; 26.053 ; 16.152 ; 16.152 ; 26.053 ;
; Instr[3]   ; ALUresu[30]   ; 25.989 ; 14.842 ; 14.842 ; 25.989 ;
; Instr[3]   ; ALUresu[31]   ; 27.686 ; 14.853 ; 14.853 ; 27.686 ;
; Instr[4]   ; ALUControl[0] ;        ; 14.550 ; 14.550 ;        ;
; Instr[4]   ; ALUControl[2] ;        ; 14.550 ; 14.550 ;        ;
; Instr[4]   ; ALUresu[0]    ; 15.313 ; 15.313 ; 15.313 ; 15.313 ;
; Instr[4]   ; ALUresu[1]    ; 14.815 ;        ;        ; 14.815 ;
; Instr[4]   ; ALUresu[2]    ; 15.532 ;        ;        ; 15.532 ;
; Instr[4]   ; ALUresu[3]    ; 15.294 ;        ;        ; 15.294 ;
; Instr[4]   ; ALUresu[4]    ; 15.208 ; 16.741 ; 16.741 ; 15.208 ;
; Instr[4]   ; ALUresu[5]    ; 14.061 ; 15.276 ; 15.276 ; 14.061 ;
; Instr[4]   ; ALUresu[6]    ; 14.991 ; 16.171 ; 16.171 ; 14.991 ;
; Instr[4]   ; ALUresu[7]    ; 14.824 ; 17.320 ; 17.320 ; 14.824 ;
; Instr[4]   ; ALUresu[8]    ; 14.460 ; 17.732 ; 17.732 ; 14.460 ;
; Instr[4]   ; ALUresu[9]    ; 15.335 ; 18.251 ; 18.251 ; 15.335 ;
; Instr[4]   ; ALUresu[10]   ; 16.885 ; 18.800 ; 18.800 ; 16.885 ;
; Instr[4]   ; ALUresu[11]   ; 14.231 ; 18.203 ; 18.203 ; 14.231 ;
; Instr[4]   ; ALUresu[12]   ; 15.902 ; 19.785 ; 19.785 ; 15.902 ;
; Instr[4]   ; ALUresu[13]   ; 14.021 ; 19.166 ; 19.166 ; 14.021 ;
; Instr[4]   ; ALUresu[14]   ; 14.950 ; 19.626 ; 19.626 ; 14.950 ;
; Instr[4]   ; ALUresu[15]   ; 14.925 ; 20.288 ; 20.288 ; 14.925 ;
; Instr[4]   ; ALUresu[16]   ; 17.263 ; 22.202 ; 22.202 ; 17.263 ;
; Instr[4]   ; ALUresu[17]   ; 14.564 ; 21.416 ; 21.416 ; 14.564 ;
; Instr[4]   ; ALUresu[18]   ; 15.814 ; 22.086 ; 22.086 ; 15.814 ;
; Instr[4]   ; ALUresu[19]   ; 15.237 ; 21.901 ; 21.901 ; 15.237 ;
; Instr[4]   ; ALUresu[20]   ; 15.460 ; 22.160 ; 22.160 ; 15.460 ;
; Instr[4]   ; ALUresu[21]   ; 15.782 ; 22.884 ; 22.884 ; 15.782 ;
; Instr[4]   ; ALUresu[22]   ; 15.871 ; 23.372 ; 23.372 ; 15.871 ;
; Instr[4]   ; ALUresu[23]   ; 14.693 ; 24.999 ; 24.999 ; 14.693 ;
; Instr[4]   ; ALUresu[24]   ; 17.394 ; 25.437 ; 25.437 ; 17.394 ;
; Instr[4]   ; ALUresu[25]   ; 15.975 ; 24.958 ; 24.958 ; 15.975 ;
; Instr[4]   ; ALUresu[26]   ; 15.587 ; 25.030 ; 25.030 ; 15.587 ;
; Instr[4]   ; ALUresu[27]   ; 16.314 ; 25.270 ; 25.270 ; 16.314 ;
; Instr[4]   ; ALUresu[28]   ; 15.433 ; 25.346 ; 25.346 ; 15.433 ;
; Instr[4]   ; ALUresu[29]   ; 16.088 ; 26.197 ; 26.197 ; 16.088 ;
; Instr[4]   ; ALUresu[30]   ; 14.778 ; 26.133 ; 26.133 ; 14.778 ;
; Instr[4]   ; ALUresu[31]   ; 14.789 ; 27.830 ; 27.830 ; 14.789 ;
; Instr[5]   ; ALUControl[0] ; 14.440 ;        ;        ; 14.440 ;
; Instr[5]   ; ALUControl[2] ; 14.440 ;        ;        ; 14.440 ;
; Instr[5]   ; ALUresu[0]    ; 15.203 ; 15.203 ; 15.203 ; 15.203 ;
; Instr[5]   ; ALUresu[1]    ;        ; 14.705 ; 14.705 ;        ;
; Instr[5]   ; ALUresu[2]    ;        ; 15.422 ; 15.422 ;        ;
; Instr[5]   ; ALUresu[3]    ;        ; 15.184 ; 15.184 ;        ;
; Instr[5]   ; ALUresu[4]    ;        ; 15.098 ; 15.098 ;        ;
; Instr[5]   ; ALUresu[5]    ; 14.960 ; 13.951 ; 13.951 ; 14.960 ;
; Instr[5]   ; ALUresu[6]    ; 16.049 ; 14.881 ; 14.881 ; 16.049 ;
; Instr[5]   ; ALUresu[7]    ; 17.198 ; 14.714 ; 14.714 ; 17.198 ;
; Instr[5]   ; ALUresu[8]    ; 17.610 ; 14.350 ; 14.350 ; 17.610 ;
; Instr[5]   ; ALUresu[9]    ; 18.129 ; 15.225 ; 15.225 ; 18.129 ;
; Instr[5]   ; ALUresu[10]   ; 18.678 ; 16.775 ; 16.775 ; 18.678 ;
; Instr[5]   ; ALUresu[11]   ; 18.081 ; 14.121 ; 14.121 ; 18.081 ;
; Instr[5]   ; ALUresu[12]   ; 19.663 ; 15.792 ; 15.792 ; 19.663 ;
; Instr[5]   ; ALUresu[13]   ; 19.044 ; 13.911 ; 13.911 ; 19.044 ;
; Instr[5]   ; ALUresu[14]   ; 19.504 ; 14.840 ; 14.840 ; 19.504 ;
; Instr[5]   ; ALUresu[15]   ; 20.166 ; 14.815 ; 14.815 ; 20.166 ;
; Instr[5]   ; ALUresu[16]   ; 22.080 ; 17.153 ; 17.153 ; 22.080 ;
; Instr[5]   ; ALUresu[17]   ; 21.294 ; 14.454 ; 14.454 ; 21.294 ;
; Instr[5]   ; ALUresu[18]   ; 21.964 ; 15.704 ; 15.704 ; 21.964 ;
; Instr[5]   ; ALUresu[19]   ; 21.779 ; 15.127 ; 15.127 ; 21.779 ;
; Instr[5]   ; ALUresu[20]   ; 22.038 ; 15.350 ; 15.350 ; 22.038 ;
; Instr[5]   ; ALUresu[21]   ; 22.762 ; 15.672 ; 15.672 ; 22.762 ;
; Instr[5]   ; ALUresu[22]   ; 23.250 ; 15.761 ; 15.761 ; 23.250 ;
; Instr[5]   ; ALUresu[23]   ; 24.877 ; 14.583 ; 14.583 ; 24.877 ;
; Instr[5]   ; ALUresu[24]   ; 25.315 ; 17.284 ; 17.284 ; 25.315 ;
; Instr[5]   ; ALUresu[25]   ; 24.836 ; 15.865 ; 15.865 ; 24.836 ;
; Instr[5]   ; ALUresu[26]   ; 24.908 ; 15.477 ; 15.477 ; 24.908 ;
; Instr[5]   ; ALUresu[27]   ; 25.148 ; 16.204 ; 16.204 ; 25.148 ;
; Instr[5]   ; ALUresu[28]   ; 25.224 ; 15.323 ; 15.323 ; 25.224 ;
; Instr[5]   ; ALUresu[29]   ; 26.075 ; 15.978 ; 15.978 ; 26.075 ;
; Instr[5]   ; ALUresu[30]   ; 26.011 ; 14.668 ; 14.668 ; 26.011 ;
; Instr[5]   ; ALUresu[31]   ; 27.708 ; 14.679 ; 14.679 ; 27.708 ;
; Instr[6]   ; ALUresu[0]    ; 18.897 ;        ;        ; 18.897 ;
; Instr[6]   ; ALUresu[6]    ; 15.879 ; 15.879 ; 15.879 ; 15.879 ;
; Instr[6]   ; ALUresu[7]    ; 15.949 ; 15.949 ; 15.949 ; 15.949 ;
; Instr[6]   ; ALUresu[8]    ; 16.361 ; 16.361 ; 16.361 ; 16.361 ;
; Instr[6]   ; ALUresu[9]    ; 16.880 ; 16.880 ; 16.880 ; 16.880 ;
; Instr[6]   ; ALUresu[10]   ; 17.429 ; 17.429 ; 17.429 ; 17.429 ;
; Instr[6]   ; ALUresu[11]   ; 16.832 ; 16.832 ; 16.832 ; 16.832 ;
; Instr[6]   ; ALUresu[12]   ; 18.414 ; 18.414 ; 18.414 ; 18.414 ;
; Instr[6]   ; ALUresu[13]   ; 17.795 ; 17.795 ; 17.795 ; 17.795 ;
; Instr[6]   ; ALUresu[14]   ; 18.255 ; 18.255 ; 18.255 ; 18.255 ;
; Instr[6]   ; ALUresu[15]   ; 18.917 ; 18.917 ; 18.917 ; 18.917 ;
; Instr[6]   ; ALUresu[16]   ; 20.831 ; 20.831 ; 20.831 ; 20.831 ;
; Instr[6]   ; ALUresu[17]   ; 20.045 ; 20.045 ; 20.045 ; 20.045 ;
; Instr[6]   ; ALUresu[18]   ; 20.715 ; 20.715 ; 20.715 ; 20.715 ;
; Instr[6]   ; ALUresu[19]   ; 20.530 ; 20.530 ; 20.530 ; 20.530 ;
; Instr[6]   ; ALUresu[20]   ; 20.789 ; 20.789 ; 20.789 ; 20.789 ;
; Instr[6]   ; ALUresu[21]   ; 21.513 ; 21.513 ; 21.513 ; 21.513 ;
; Instr[6]   ; ALUresu[22]   ; 22.001 ; 22.001 ; 22.001 ; 22.001 ;
; Instr[6]   ; ALUresu[23]   ; 23.628 ; 23.628 ; 23.628 ; 23.628 ;
; Instr[6]   ; ALUresu[24]   ; 24.066 ; 24.066 ; 24.066 ; 24.066 ;
; Instr[6]   ; ALUresu[25]   ; 23.587 ; 23.587 ; 23.587 ; 23.587 ;
; Instr[6]   ; ALUresu[26]   ; 23.659 ; 23.659 ; 23.659 ; 23.659 ;
; Instr[6]   ; ALUresu[27]   ; 23.899 ; 23.899 ; 23.899 ; 23.899 ;
; Instr[6]   ; ALUresu[28]   ; 23.975 ; 23.975 ; 23.975 ; 23.975 ;
; Instr[6]   ; ALUresu[29]   ; 24.826 ; 24.826 ; 24.826 ; 24.826 ;
; Instr[6]   ; ALUresu[30]   ; 24.762 ; 24.762 ; 24.762 ; 24.762 ;
; Instr[6]   ; ALUresu[31]   ; 26.459 ; 26.459 ; 26.459 ; 26.459 ;
; Instr[7]   ; ALUresu[0]    ; 19.815 ;        ;        ; 19.815 ;
; Instr[7]   ; ALUresu[7]    ; 15.523 ; 15.523 ; 15.523 ; 15.523 ;
; Instr[7]   ; ALUresu[8]    ; 16.938 ; 16.938 ; 16.938 ; 16.938 ;
; Instr[7]   ; ALUresu[9]    ; 17.457 ; 17.457 ; 17.457 ; 17.457 ;
; Instr[7]   ; ALUresu[10]   ; 18.006 ; 18.006 ; 18.006 ; 18.006 ;
; Instr[7]   ; ALUresu[11]   ; 17.409 ; 17.409 ; 17.409 ; 17.409 ;
; Instr[7]   ; ALUresu[12]   ; 18.991 ; 18.991 ; 18.991 ; 18.991 ;
; Instr[7]   ; ALUresu[13]   ; 18.372 ; 18.372 ; 18.372 ; 18.372 ;
; Instr[7]   ; ALUresu[14]   ; 18.832 ; 18.832 ; 18.832 ; 18.832 ;
; Instr[7]   ; ALUresu[15]   ; 19.494 ; 19.494 ; 19.494 ; 19.494 ;
; Instr[7]   ; ALUresu[16]   ; 21.408 ; 21.408 ; 21.408 ; 21.408 ;
; Instr[7]   ; ALUresu[17]   ; 20.622 ; 20.622 ; 20.622 ; 20.622 ;
; Instr[7]   ; ALUresu[18]   ; 21.292 ; 21.292 ; 21.292 ; 21.292 ;
; Instr[7]   ; ALUresu[19]   ; 21.107 ; 21.107 ; 21.107 ; 21.107 ;
; Instr[7]   ; ALUresu[20]   ; 21.366 ; 21.366 ; 21.366 ; 21.366 ;
; Instr[7]   ; ALUresu[21]   ; 22.090 ; 22.090 ; 22.090 ; 22.090 ;
; Instr[7]   ; ALUresu[22]   ; 22.578 ; 22.578 ; 22.578 ; 22.578 ;
; Instr[7]   ; ALUresu[23]   ; 24.205 ; 24.205 ; 24.205 ; 24.205 ;
; Instr[7]   ; ALUresu[24]   ; 24.643 ; 24.643 ; 24.643 ; 24.643 ;
; Instr[7]   ; ALUresu[25]   ; 24.164 ; 24.164 ; 24.164 ; 24.164 ;
; Instr[7]   ; ALUresu[26]   ; 24.236 ; 24.236 ; 24.236 ; 24.236 ;
; Instr[7]   ; ALUresu[27]   ; 24.476 ; 24.476 ; 24.476 ; 24.476 ;
; Instr[7]   ; ALUresu[28]   ; 24.552 ; 24.552 ; 24.552 ; 24.552 ;
; Instr[7]   ; ALUresu[29]   ; 25.403 ; 25.403 ; 25.403 ; 25.403 ;
; Instr[7]   ; ALUresu[30]   ; 25.339 ; 25.339 ; 25.339 ; 25.339 ;
; Instr[7]   ; ALUresu[31]   ; 27.036 ; 27.036 ; 27.036 ; 27.036 ;
; Instr[8]   ; ALUresu[0]    ; 17.443 ;        ;        ; 17.443 ;
; Instr[8]   ; ALUresu[8]    ; 14.084 ; 14.084 ; 14.084 ; 14.084 ;
; Instr[8]   ; ALUresu[9]    ; 15.313 ; 15.313 ; 15.313 ; 15.313 ;
; Instr[8]   ; ALUresu[10]   ; 15.862 ; 15.862 ; 15.862 ; 15.862 ;
; Instr[8]   ; ALUresu[11]   ; 15.265 ; 15.265 ; 15.265 ; 15.265 ;
; Instr[8]   ; ALUresu[12]   ; 16.847 ; 16.847 ; 16.847 ; 16.847 ;
; Instr[8]   ; ALUresu[13]   ; 16.228 ; 16.228 ; 16.228 ; 16.228 ;
; Instr[8]   ; ALUresu[14]   ; 16.688 ; 16.688 ; 16.688 ; 16.688 ;
; Instr[8]   ; ALUresu[15]   ; 17.350 ; 17.350 ; 17.350 ; 17.350 ;
; Instr[8]   ; ALUresu[16]   ; 19.264 ; 19.264 ; 19.264 ; 19.264 ;
; Instr[8]   ; ALUresu[17]   ; 18.478 ; 18.478 ; 18.478 ; 18.478 ;
; Instr[8]   ; ALUresu[18]   ; 19.148 ; 19.148 ; 19.148 ; 19.148 ;
; Instr[8]   ; ALUresu[19]   ; 18.963 ; 18.963 ; 18.963 ; 18.963 ;
; Instr[8]   ; ALUresu[20]   ; 19.222 ; 19.222 ; 19.222 ; 19.222 ;
; Instr[8]   ; ALUresu[21]   ; 19.946 ; 19.946 ; 19.946 ; 19.946 ;
; Instr[8]   ; ALUresu[22]   ; 20.434 ; 20.434 ; 20.434 ; 20.434 ;
; Instr[8]   ; ALUresu[23]   ; 22.061 ; 22.061 ; 22.061 ; 22.061 ;
; Instr[8]   ; ALUresu[24]   ; 22.499 ; 22.499 ; 22.499 ; 22.499 ;
; Instr[8]   ; ALUresu[25]   ; 22.020 ; 22.020 ; 22.020 ; 22.020 ;
; Instr[8]   ; ALUresu[26]   ; 22.092 ; 22.092 ; 22.092 ; 22.092 ;
; Instr[8]   ; ALUresu[27]   ; 22.332 ; 22.332 ; 22.332 ; 22.332 ;
; Instr[8]   ; ALUresu[28]   ; 22.408 ; 22.408 ; 22.408 ; 22.408 ;
; Instr[8]   ; ALUresu[29]   ; 23.259 ; 23.259 ; 23.259 ; 23.259 ;
; Instr[8]   ; ALUresu[30]   ; 23.195 ; 23.195 ; 23.195 ; 23.195 ;
; Instr[8]   ; ALUresu[31]   ; 24.892 ; 24.892 ; 24.892 ; 24.892 ;
; Instr[9]   ; ALUresu[0]    ; 16.899 ;        ;        ; 16.899 ;
; Instr[9]   ; ALUresu[9]    ; 12.752 ; 12.752 ; 12.752 ; 12.752 ;
; Instr[9]   ; ALUresu[10]   ; 15.473 ; 15.473 ; 15.473 ; 15.473 ;
; Instr[9]   ; ALUresu[11]   ; 14.876 ; 14.876 ; 14.876 ; 14.876 ;
; Instr[9]   ; ALUresu[12]   ; 16.458 ; 16.458 ; 16.458 ; 16.458 ;
; Instr[9]   ; ALUresu[13]   ; 15.839 ; 15.839 ; 15.839 ; 15.839 ;
; Instr[9]   ; ALUresu[14]   ; 16.299 ; 16.299 ; 16.299 ; 16.299 ;
; Instr[9]   ; ALUresu[15]   ; 16.961 ; 16.961 ; 16.961 ; 16.961 ;
; Instr[9]   ; ALUresu[16]   ; 18.875 ; 18.875 ; 18.875 ; 18.875 ;
; Instr[9]   ; ALUresu[17]   ; 18.089 ; 18.089 ; 18.089 ; 18.089 ;
; Instr[9]   ; ALUresu[18]   ; 18.759 ; 18.759 ; 18.759 ; 18.759 ;
; Instr[9]   ; ALUresu[19]   ; 18.574 ; 18.574 ; 18.574 ; 18.574 ;
; Instr[9]   ; ALUresu[20]   ; 18.833 ; 18.833 ; 18.833 ; 18.833 ;
; Instr[9]   ; ALUresu[21]   ; 19.557 ; 19.557 ; 19.557 ; 19.557 ;
; Instr[9]   ; ALUresu[22]   ; 20.045 ; 20.045 ; 20.045 ; 20.045 ;
; Instr[9]   ; ALUresu[23]   ; 21.672 ; 21.672 ; 21.672 ; 21.672 ;
; Instr[9]   ; ALUresu[24]   ; 22.110 ; 22.110 ; 22.110 ; 22.110 ;
; Instr[9]   ; ALUresu[25]   ; 21.631 ; 21.631 ; 21.631 ; 21.631 ;
; Instr[9]   ; ALUresu[26]   ; 21.703 ; 21.703 ; 21.703 ; 21.703 ;
; Instr[9]   ; ALUresu[27]   ; 21.943 ; 21.943 ; 21.943 ; 21.943 ;
; Instr[9]   ; ALUresu[28]   ; 22.019 ; 22.019 ; 22.019 ; 22.019 ;
; Instr[9]   ; ALUresu[29]   ; 22.870 ; 22.870 ; 22.870 ; 22.870 ;
; Instr[9]   ; ALUresu[30]   ; 22.806 ; 22.806 ; 22.806 ; 22.806 ;
; Instr[9]   ; ALUresu[31]   ; 24.503 ; 24.503 ; 24.503 ; 24.503 ;
; Instr[10]  ; ALUresu[0]    ; 17.544 ;        ;        ; 17.544 ;
; Instr[10]  ; ALUresu[10]   ; 15.146 ; 15.146 ; 15.146 ; 15.146 ;
; Instr[10]  ; ALUresu[11]   ; 16.002 ; 16.002 ; 16.002 ; 16.002 ;
; Instr[10]  ; ALUresu[12]   ; 17.584 ; 17.584 ; 17.584 ; 17.584 ;
; Instr[10]  ; ALUresu[13]   ; 16.965 ; 16.965 ; 16.965 ; 16.965 ;
; Instr[10]  ; ALUresu[14]   ; 17.425 ; 17.425 ; 17.425 ; 17.425 ;
; Instr[10]  ; ALUresu[15]   ; 18.087 ; 18.087 ; 18.087 ; 18.087 ;
; Instr[10]  ; ALUresu[16]   ; 20.001 ; 20.001 ; 20.001 ; 20.001 ;
; Instr[10]  ; ALUresu[17]   ; 19.215 ; 19.215 ; 19.215 ; 19.215 ;
; Instr[10]  ; ALUresu[18]   ; 19.885 ; 19.885 ; 19.885 ; 19.885 ;
; Instr[10]  ; ALUresu[19]   ; 19.700 ; 19.700 ; 19.700 ; 19.700 ;
; Instr[10]  ; ALUresu[20]   ; 19.959 ; 19.959 ; 19.959 ; 19.959 ;
; Instr[10]  ; ALUresu[21]   ; 20.683 ; 20.683 ; 20.683 ; 20.683 ;
; Instr[10]  ; ALUresu[22]   ; 21.171 ; 21.171 ; 21.171 ; 21.171 ;
; Instr[10]  ; ALUresu[23]   ; 22.798 ; 22.798 ; 22.798 ; 22.798 ;
; Instr[10]  ; ALUresu[24]   ; 23.236 ; 23.236 ; 23.236 ; 23.236 ;
; Instr[10]  ; ALUresu[25]   ; 22.757 ; 22.757 ; 22.757 ; 22.757 ;
; Instr[10]  ; ALUresu[26]   ; 22.829 ; 22.829 ; 22.829 ; 22.829 ;
; Instr[10]  ; ALUresu[27]   ; 23.069 ; 23.069 ; 23.069 ; 23.069 ;
; Instr[10]  ; ALUresu[28]   ; 23.145 ; 23.145 ; 23.145 ; 23.145 ;
; Instr[10]  ; ALUresu[29]   ; 23.996 ; 23.996 ; 23.996 ; 23.996 ;
; Instr[10]  ; ALUresu[30]   ; 23.932 ; 23.932 ; 23.932 ; 23.932 ;
; Instr[10]  ; ALUresu[31]   ; 25.629 ; 25.629 ; 25.629 ; 25.629 ;
; Instr[11]  ; ALUresu[0]    ; 17.728 ;        ;        ; 17.728 ;
; Instr[11]  ; ALUresu[11]   ; 13.748 ; 13.748 ; 13.748 ; 13.748 ;
; Instr[11]  ; ALUresu[12]   ; 14.946 ; 14.946 ; 14.946 ; 14.946 ;
; Instr[11]  ; ALUresu[13]   ; 14.327 ; 14.327 ; 14.327 ; 14.327 ;
; Instr[11]  ; ALUresu[14]   ; 14.787 ; 14.787 ; 14.787 ; 14.787 ;
; Instr[11]  ; ALUresu[15]   ; 15.449 ; 15.449 ; 15.449 ; 15.449 ;
; Instr[11]  ; ALUresu[16]   ; 17.363 ; 17.363 ; 17.363 ; 17.363 ;
; Instr[11]  ; ALUresu[17]   ; 16.577 ; 16.577 ; 16.577 ; 16.577 ;
; Instr[11]  ; ALUresu[18]   ; 17.247 ; 17.247 ; 17.247 ; 17.247 ;
; Instr[11]  ; ALUresu[19]   ; 17.062 ; 17.062 ; 17.062 ; 17.062 ;
; Instr[11]  ; ALUresu[20]   ; 17.321 ; 17.321 ; 17.321 ; 17.321 ;
; Instr[11]  ; ALUresu[21]   ; 18.045 ; 18.045 ; 18.045 ; 18.045 ;
; Instr[11]  ; ALUresu[22]   ; 18.533 ; 18.533 ; 18.533 ; 18.533 ;
; Instr[11]  ; ALUresu[23]   ; 20.160 ; 20.160 ; 20.160 ; 20.160 ;
; Instr[11]  ; ALUresu[24]   ; 20.598 ; 20.598 ; 20.598 ; 20.598 ;
; Instr[11]  ; ALUresu[25]   ; 20.119 ; 20.119 ; 20.119 ; 20.119 ;
; Instr[11]  ; ALUresu[26]   ; 20.191 ; 20.191 ; 20.191 ; 20.191 ;
; Instr[11]  ; ALUresu[27]   ; 20.431 ; 20.431 ; 20.431 ; 20.431 ;
; Instr[11]  ; ALUresu[28]   ; 20.507 ; 20.507 ; 20.507 ; 20.507 ;
; Instr[11]  ; ALUresu[29]   ; 21.358 ; 21.358 ; 21.358 ; 21.358 ;
; Instr[11]  ; ALUresu[30]   ; 21.294 ; 21.294 ; 21.294 ; 21.294 ;
; Instr[11]  ; ALUresu[31]   ; 22.991 ; 22.991 ; 22.991 ; 22.991 ;
; Instr[12]  ; ALUresu[0]    ; 18.682 ;        ;        ; 18.682 ;
; Instr[12]  ; ALUresu[12]   ; 15.280 ; 15.280 ; 15.280 ; 15.280 ;
; Instr[12]  ; ALUresu[13]   ; 16.043 ; 16.043 ; 16.043 ; 16.043 ;
; Instr[12]  ; ALUresu[14]   ; 16.503 ; 16.503 ; 16.503 ; 16.503 ;
; Instr[12]  ; ALUresu[15]   ; 17.165 ; 17.165 ; 17.165 ; 17.165 ;
; Instr[12]  ; ALUresu[16]   ; 19.079 ; 19.079 ; 19.079 ; 19.079 ;
; Instr[12]  ; ALUresu[17]   ; 18.293 ; 18.293 ; 18.293 ; 18.293 ;
; Instr[12]  ; ALUresu[18]   ; 18.963 ; 18.963 ; 18.963 ; 18.963 ;
; Instr[12]  ; ALUresu[19]   ; 18.778 ; 18.778 ; 18.778 ; 18.778 ;
; Instr[12]  ; ALUresu[20]   ; 19.037 ; 19.037 ; 19.037 ; 19.037 ;
; Instr[12]  ; ALUresu[21]   ; 19.761 ; 19.761 ; 19.761 ; 19.761 ;
; Instr[12]  ; ALUresu[22]   ; 20.249 ; 20.249 ; 20.249 ; 20.249 ;
; Instr[12]  ; ALUresu[23]   ; 21.876 ; 21.876 ; 21.876 ; 21.876 ;
; Instr[12]  ; ALUresu[24]   ; 22.314 ; 22.314 ; 22.314 ; 22.314 ;
; Instr[12]  ; ALUresu[25]   ; 21.835 ; 21.835 ; 21.835 ; 21.835 ;
; Instr[12]  ; ALUresu[26]   ; 21.907 ; 21.907 ; 21.907 ; 21.907 ;
; Instr[12]  ; ALUresu[27]   ; 22.147 ; 22.147 ; 22.147 ; 22.147 ;
; Instr[12]  ; ALUresu[28]   ; 22.223 ; 22.223 ; 22.223 ; 22.223 ;
; Instr[12]  ; ALUresu[29]   ; 23.074 ; 23.074 ; 23.074 ; 23.074 ;
; Instr[12]  ; ALUresu[30]   ; 23.010 ; 23.010 ; 23.010 ; 23.010 ;
; Instr[12]  ; ALUresu[31]   ; 24.707 ; 24.707 ; 24.707 ; 24.707 ;
; Instr[13]  ; ALUresu[0]    ; 18.986 ;        ;        ; 18.986 ;
; Instr[13]  ; ALUresu[13]   ; 15.404 ; 15.404 ; 15.404 ; 15.404 ;
; Instr[13]  ; ALUresu[14]   ; 15.330 ; 15.330 ; 15.330 ; 15.330 ;
; Instr[13]  ; ALUresu[15]   ; 15.992 ; 15.992 ; 15.992 ; 15.992 ;
; Instr[13]  ; ALUresu[16]   ; 17.906 ; 17.906 ; 17.906 ; 17.906 ;
; Instr[13]  ; ALUresu[17]   ; 17.120 ; 17.120 ; 17.120 ; 17.120 ;
; Instr[13]  ; ALUresu[18]   ; 17.790 ; 17.790 ; 17.790 ; 17.790 ;
; Instr[13]  ; ALUresu[19]   ; 17.605 ; 17.605 ; 17.605 ; 17.605 ;
; Instr[13]  ; ALUresu[20]   ; 17.864 ; 17.864 ; 17.864 ; 17.864 ;
; Instr[13]  ; ALUresu[21]   ; 18.588 ; 18.588 ; 18.588 ; 18.588 ;
; Instr[13]  ; ALUresu[22]   ; 19.076 ; 19.076 ; 19.076 ; 19.076 ;
; Instr[13]  ; ALUresu[23]   ; 20.703 ; 20.703 ; 20.703 ; 20.703 ;
; Instr[13]  ; ALUresu[24]   ; 21.141 ; 21.141 ; 21.141 ; 21.141 ;
; Instr[13]  ; ALUresu[25]   ; 20.662 ; 20.662 ; 20.662 ; 20.662 ;
; Instr[13]  ; ALUresu[26]   ; 20.734 ; 20.734 ; 20.734 ; 20.734 ;
; Instr[13]  ; ALUresu[27]   ; 20.974 ; 20.974 ; 20.974 ; 20.974 ;
; Instr[13]  ; ALUresu[28]   ; 21.050 ; 21.050 ; 21.050 ; 21.050 ;
; Instr[13]  ; ALUresu[29]   ; 21.901 ; 21.901 ; 21.901 ; 21.901 ;
; Instr[13]  ; ALUresu[30]   ; 21.837 ; 21.837 ; 21.837 ; 21.837 ;
; Instr[13]  ; ALUresu[31]   ; 23.534 ; 23.534 ; 23.534 ; 23.534 ;
; Instr[14]  ; ALUresu[0]    ; 17.501 ;        ;        ; 17.501 ;
; Instr[14]  ; ALUresu[14]   ; 13.490 ; 13.490 ; 13.490 ; 13.490 ;
; Instr[14]  ; ALUresu[15]   ; 14.221 ; 14.221 ; 14.221 ; 14.221 ;
; Instr[14]  ; ALUresu[16]   ; 16.135 ; 16.135 ; 16.135 ; 16.135 ;
; Instr[14]  ; ALUresu[17]   ; 15.349 ; 15.349 ; 15.349 ; 15.349 ;
; Instr[14]  ; ALUresu[18]   ; 16.019 ; 16.019 ; 16.019 ; 16.019 ;
; Instr[14]  ; ALUresu[19]   ; 15.834 ; 15.834 ; 15.834 ; 15.834 ;
; Instr[14]  ; ALUresu[20]   ; 16.093 ; 16.093 ; 16.093 ; 16.093 ;
; Instr[14]  ; ALUresu[21]   ; 16.817 ; 16.817 ; 16.817 ; 16.817 ;
; Instr[14]  ; ALUresu[22]   ; 17.305 ; 17.305 ; 17.305 ; 17.305 ;
; Instr[14]  ; ALUresu[23]   ; 18.932 ; 18.932 ; 18.932 ; 18.932 ;
; Instr[14]  ; ALUresu[24]   ; 19.370 ; 19.370 ; 19.370 ; 19.370 ;
; Instr[14]  ; ALUresu[25]   ; 18.891 ; 18.891 ; 18.891 ; 18.891 ;
; Instr[14]  ; ALUresu[26]   ; 18.963 ; 18.963 ; 18.963 ; 18.963 ;
; Instr[14]  ; ALUresu[27]   ; 19.203 ; 19.203 ; 19.203 ; 19.203 ;
; Instr[14]  ; ALUresu[28]   ; 19.279 ; 19.279 ; 19.279 ; 19.279 ;
; Instr[14]  ; ALUresu[29]   ; 20.130 ; 20.130 ; 20.130 ; 20.130 ;
; Instr[14]  ; ALUresu[30]   ; 20.066 ; 20.066 ; 20.066 ; 20.066 ;
; Instr[14]  ; ALUresu[31]   ; 21.763 ; 21.763 ; 21.763 ; 21.763 ;
; Instr[15]  ; ALUresu[0]    ; 18.545 ;        ;        ; 18.545 ;
; Instr[15]  ; ALUresu[15]   ; 15.260 ; 15.260 ; 15.260 ; 15.260 ;
; Instr[15]  ; ALUresu[16]   ; 15.578 ; 15.578 ; 15.578 ; 15.578 ;
; Instr[15]  ; ALUresu[17]   ; 14.792 ; 14.792 ; 14.792 ; 14.792 ;
; Instr[15]  ; ALUresu[18]   ; 15.462 ; 15.462 ; 15.462 ; 15.462 ;
; Instr[15]  ; ALUresu[19]   ; 15.277 ; 15.277 ; 15.277 ; 15.277 ;
; Instr[15]  ; ALUresu[20]   ; 15.536 ; 15.536 ; 15.536 ; 15.536 ;
; Instr[15]  ; ALUresu[21]   ; 16.260 ; 16.260 ; 16.260 ; 16.260 ;
; Instr[15]  ; ALUresu[22]   ; 16.748 ; 16.748 ; 16.748 ; 16.748 ;
; Instr[15]  ; ALUresu[23]   ; 18.375 ; 18.375 ; 18.375 ; 18.375 ;
; Instr[15]  ; ALUresu[24]   ; 18.813 ; 18.813 ; 18.813 ; 18.813 ;
; Instr[15]  ; ALUresu[25]   ; 18.334 ; 18.334 ; 18.334 ; 18.334 ;
; Instr[15]  ; ALUresu[26]   ; 18.406 ; 18.406 ; 18.406 ; 18.406 ;
; Instr[15]  ; ALUresu[27]   ; 18.646 ; 18.646 ; 18.646 ; 18.646 ;
; Instr[15]  ; ALUresu[28]   ; 18.722 ; 18.722 ; 18.722 ; 18.722 ;
; Instr[15]  ; ALUresu[29]   ; 19.573 ; 19.573 ; 19.573 ; 19.573 ;
; Instr[15]  ; ALUresu[30]   ; 19.509 ; 19.509 ; 19.509 ; 19.509 ;
; Instr[15]  ; ALUresu[31]   ; 21.206 ; 21.206 ; 21.206 ; 21.206 ;
; Instr[16]  ; ALUresu[0]    ; 16.859 ; 16.859 ; 16.859 ; 16.859 ;
; Instr[16]  ; ALUresu[1]    ; 16.967 ; 16.967 ; 16.967 ; 16.967 ;
; Instr[16]  ; ALUresu[2]    ; 16.999 ; 16.999 ; 16.999 ; 16.999 ;
; Instr[16]  ; ALUresu[3]    ; 17.140 ; 17.140 ; 17.140 ; 17.140 ;
; Instr[16]  ; ALUresu[4]    ; 17.476 ; 17.476 ; 17.476 ; 17.476 ;
; Instr[16]  ; ALUresu[5]    ; 16.968 ; 16.968 ; 16.968 ; 16.968 ;
; Instr[16]  ; ALUresu[6]    ; 17.343 ; 17.343 ; 17.343 ; 17.343 ;
; Instr[16]  ; ALUresu[7]    ; 17.651 ; 17.651 ; 17.651 ; 17.651 ;
; Instr[16]  ; ALUresu[8]    ; 18.139 ; 18.139 ; 18.139 ; 18.139 ;
; Instr[16]  ; ALUresu[9]    ; 17.296 ; 17.296 ; 17.296 ; 17.296 ;
; Instr[16]  ; ALUresu[10]   ; 19.311 ; 19.311 ; 19.311 ; 19.311 ;
; Instr[16]  ; ALUresu[11]   ; 17.152 ; 17.152 ; 17.152 ; 17.152 ;
; Instr[16]  ; ALUresu[12]   ; 18.003 ; 18.003 ; 18.003 ; 18.003 ;
; Instr[16]  ; ALUresu[13]   ; 17.360 ; 17.360 ; 17.360 ; 17.360 ;
; Instr[16]  ; ALUresu[14]   ; 16.257 ; 16.257 ; 16.257 ; 16.257 ;
; Instr[16]  ; ALUresu[15]   ; 17.478 ; 17.478 ; 17.478 ; 17.478 ;
; Instr[16]  ; ALUresu[16]   ; 19.352 ; 19.352 ; 19.352 ; 19.352 ;
; Instr[16]  ; ALUresu[17]   ; 17.792 ; 17.792 ; 17.792 ; 17.792 ;
; Instr[16]  ; ALUresu[18]   ; 18.462 ; 18.462 ; 18.462 ; 18.462 ;
; Instr[16]  ; ALUresu[19]   ; 17.140 ; 17.140 ; 17.140 ; 17.140 ;
; Instr[16]  ; ALUresu[20]   ; 17.399 ; 17.399 ; 17.399 ; 17.399 ;
; Instr[16]  ; ALUresu[21]   ; 16.414 ; 16.414 ; 16.414 ; 16.414 ;
; Instr[16]  ; ALUresu[22]   ; 16.902 ; 16.902 ; 16.902 ; 16.902 ;
; Instr[16]  ; ALUresu[23]   ; 17.279 ; 17.279 ; 17.279 ; 17.279 ;
; Instr[16]  ; ALUresu[24]   ; 18.701 ; 18.701 ; 18.701 ; 18.701 ;
; Instr[16]  ; ALUresu[25]   ; 18.222 ; 18.222 ; 18.222 ; 18.222 ;
; Instr[16]  ; ALUresu[26]   ; 16.897 ; 16.897 ; 16.897 ; 16.897 ;
; Instr[16]  ; ALUresu[27]   ; 17.137 ; 17.137 ; 17.137 ; 17.137 ;
; Instr[16]  ; ALUresu[28]   ; 17.213 ; 17.213 ; 17.213 ; 17.213 ;
; Instr[16]  ; ALUresu[29]   ; 18.039 ; 18.039 ; 18.039 ; 18.039 ;
; Instr[16]  ; ALUresu[30]   ; 17.340 ; 17.340 ; 17.340 ; 17.340 ;
; Instr[16]  ; ALUresu[31]   ; 15.939 ; 15.939 ; 15.939 ; 15.939 ;
; Instr[16]  ; Reg2[0]       ; 13.735 ; 13.735 ; 13.735 ; 13.735 ;
; Instr[16]  ; Reg2[1]       ; 13.683 ; 13.683 ; 13.683 ; 13.683 ;
; Instr[16]  ; Reg2[2]       ; 14.144 ; 14.779 ; 14.779 ; 14.144 ;
; Instr[16]  ; Reg2[3]       ; 15.884 ; 14.921 ; 14.921 ; 15.884 ;
; Instr[16]  ; Reg2[4]       ; 15.380 ; 15.191 ; 15.191 ; 15.380 ;
; Instr[16]  ; Reg2[5]       ; 15.139 ; 15.750 ; 15.750 ; 15.139 ;
; Instr[16]  ; Reg2[6]       ; 14.787 ; 15.587 ; 15.587 ; 14.787 ;
; Instr[16]  ; Reg2[7]       ; 14.960 ; 15.367 ; 15.367 ; 14.960 ;
; Instr[16]  ; Reg2[8]       ; 14.967 ; 15.440 ; 15.440 ; 14.967 ;
; Instr[16]  ; Reg2[9]       ; 14.732 ; 15.243 ; 15.243 ; 14.732 ;
; Instr[16]  ; Reg2[10]      ; 15.287 ; 15.417 ; 15.417 ; 15.287 ;
; Instr[16]  ; Reg2[11]      ; 13.808 ; 14.309 ; 14.309 ; 13.808 ;
; Instr[16]  ; Reg2[12]      ; 14.996 ; 15.009 ; 15.009 ; 14.996 ;
; Instr[16]  ; Reg2[13]      ; 15.742 ; 16.394 ; 16.394 ; 15.742 ;
; Instr[16]  ; Reg2[14]      ; 14.818 ; 14.693 ; 14.693 ; 14.818 ;
; Instr[16]  ; Reg2[15]      ; 14.851 ; 15.217 ; 15.217 ; 14.851 ;
; Instr[16]  ; Reg2[16]      ; 15.537 ; 15.214 ; 15.214 ; 15.537 ;
; Instr[16]  ; Reg2[17]      ; 16.209 ; 15.989 ; 15.989 ; 16.209 ;
; Instr[16]  ; Reg2[18]      ; 14.902 ; 15.231 ; 15.231 ; 14.902 ;
; Instr[16]  ; Reg2[19]      ; 16.219 ; 15.965 ; 15.965 ; 16.219 ;
; Instr[16]  ; Reg2[20]      ; 14.624 ; 14.729 ; 14.729 ; 14.624 ;
; Instr[16]  ; Reg2[21]      ; 15.053 ; 14.528 ; 14.528 ; 15.053 ;
; Instr[16]  ; Reg2[22]      ; 14.480 ; 14.606 ; 14.606 ; 14.480 ;
; Instr[16]  ; Reg2[23]      ; 15.065 ; 13.975 ; 13.975 ; 15.065 ;
; Instr[16]  ; Reg2[24]      ; 15.906 ; 16.227 ; 16.227 ; 15.906 ;
; Instr[16]  ; Reg2[25]      ; 15.424 ; 15.011 ; 15.011 ; 15.424 ;
; Instr[16]  ; Reg2[26]      ; 15.315 ; 15.516 ; 15.516 ; 15.315 ;
; Instr[16]  ; Reg2[27]      ; 16.027 ; 15.956 ; 15.956 ; 16.027 ;
; Instr[16]  ; Reg2[28]      ; 16.074 ; 15.913 ; 15.913 ; 16.074 ;
; Instr[16]  ; Reg2[29]      ; 16.481 ; 16.012 ; 16.012 ; 16.481 ;
; Instr[16]  ; Reg2[30]      ; 16.058 ; 16.290 ; 16.290 ; 16.058 ;
; Instr[16]  ; Reg2[31]      ; 16.480 ; 16.212 ; 16.212 ; 16.480 ;
; Instr[17]  ; ALUresu[0]    ; 15.619 ; 15.619 ; 15.619 ; 15.619 ;
; Instr[17]  ; ALUresu[1]    ; 15.727 ; 15.727 ; 15.727 ; 15.727 ;
; Instr[17]  ; ALUresu[2]    ; 15.759 ; 15.759 ; 15.759 ; 15.759 ;
; Instr[17]  ; ALUresu[3]    ; 15.900 ; 15.900 ; 15.900 ; 15.900 ;
; Instr[17]  ; ALUresu[4]    ; 16.236 ; 16.236 ; 16.236 ; 16.236 ;
; Instr[17]  ; ALUresu[5]    ; 15.839 ; 15.839 ; 15.839 ; 15.839 ;
; Instr[17]  ; ALUresu[6]    ; 16.734 ; 16.734 ; 16.734 ; 16.734 ;
; Instr[17]  ; ALUresu[7]    ; 17.076 ; 17.076 ; 17.076 ; 17.076 ;
; Instr[17]  ; ALUresu[8]    ; 17.797 ; 17.797 ; 17.797 ; 17.797 ;
; Instr[17]  ; ALUresu[9]    ; 17.286 ; 17.286 ; 17.286 ; 17.286 ;
; Instr[17]  ; ALUresu[10]   ; 19.187 ; 19.187 ; 19.187 ; 19.187 ;
; Instr[17]  ; ALUresu[11]   ; 17.312 ; 17.312 ; 17.312 ; 17.312 ;
; Instr[17]  ; ALUresu[12]   ; 18.007 ; 18.007 ; 18.007 ; 18.007 ;
; Instr[17]  ; ALUresu[13]   ; 17.515 ; 17.515 ; 17.515 ; 17.515 ;
; Instr[17]  ; ALUresu[14]   ; 16.418 ; 16.418 ; 16.418 ; 16.418 ;
; Instr[17]  ; ALUresu[15]   ; 17.633 ; 17.633 ; 17.633 ; 17.633 ;
; Instr[17]  ; ALUresu[16]   ; 19.510 ; 19.510 ; 19.510 ; 19.510 ;
; Instr[17]  ; ALUresu[17]   ; 17.950 ; 17.950 ; 17.950 ; 17.950 ;
; Instr[17]  ; ALUresu[18]   ; 18.620 ; 18.620 ; 18.620 ; 18.620 ;
; Instr[17]  ; ALUresu[19]   ; 17.300 ; 17.300 ; 17.300 ; 17.300 ;
; Instr[17]  ; ALUresu[20]   ; 17.559 ; 17.559 ; 17.559 ; 17.559 ;
; Instr[17]  ; ALUresu[21]   ; 16.569 ; 16.569 ; 16.569 ; 16.569 ;
; Instr[17]  ; ALUresu[22]   ; 17.057 ; 17.057 ; 17.057 ; 17.057 ;
; Instr[17]  ; ALUresu[23]   ; 17.437 ; 17.437 ; 17.437 ; 17.437 ;
; Instr[17]  ; ALUresu[24]   ; 18.861 ; 18.861 ; 18.861 ; 18.861 ;
; Instr[17]  ; ALUresu[25]   ; 17.940 ; 17.940 ; 17.940 ; 17.940 ;
; Instr[17]  ; ALUresu[26]   ; 17.058 ; 17.058 ; 17.058 ; 17.058 ;
; Instr[17]  ; ALUresu[27]   ; 17.298 ; 17.298 ; 17.298 ; 17.298 ;
; Instr[17]  ; ALUresu[28]   ; 17.374 ; 17.374 ; 17.374 ; 17.374 ;
; Instr[17]  ; ALUresu[29]   ; 17.475 ; 17.475 ; 17.475 ; 17.475 ;
; Instr[17]  ; ALUresu[30]   ; 16.796 ; 16.796 ; 16.796 ; 16.796 ;
; Instr[17]  ; ALUresu[31]   ; 15.475 ; 15.475 ; 15.475 ; 15.475 ;
; Instr[17]  ; Reg2[0]       ; 12.495 ; 12.495 ; 12.495 ; 12.495 ;
; Instr[17]  ; Reg2[1]       ; 12.299 ; 12.299 ; 12.299 ; 12.299 ;
; Instr[17]  ; Reg2[2]       ; 14.117 ; 13.871 ; 13.871 ; 14.117 ;
; Instr[17]  ; Reg2[3]       ; 15.267 ; 15.082 ; 15.082 ; 15.267 ;
; Instr[17]  ; Reg2[4]       ; 15.346 ; 15.349 ; 15.349 ; 15.346 ;
; Instr[17]  ; Reg2[5]       ; 15.430 ; 15.299 ; 15.299 ; 15.430 ;
; Instr[17]  ; Reg2[6]       ; 14.913 ; 14.645 ; 14.645 ; 14.913 ;
; Instr[17]  ; Reg2[7]       ; 14.587 ; 14.385 ; 14.385 ; 14.587 ;
; Instr[17]  ; Reg2[8]       ; 15.055 ; 14.625 ; 14.625 ; 15.055 ;
; Instr[17]  ; Reg2[9]       ; 14.875 ; 14.722 ; 14.722 ; 14.875 ;
; Instr[17]  ; Reg2[10]      ; 15.297 ; 15.578 ; 15.578 ; 15.297 ;
; Instr[17]  ; Reg2[11]      ; 14.300 ; 13.968 ; 13.968 ; 14.300 ;
; Instr[17]  ; Reg2[12]      ; 15.000 ; 15.410 ; 15.410 ; 15.000 ;
; Instr[17]  ; Reg2[13]      ; 15.897 ; 16.304 ; 16.304 ; 15.897 ;
; Instr[17]  ; Reg2[14]      ; 14.973 ; 14.854 ; 14.854 ; 14.973 ;
; Instr[17]  ; Reg2[15]      ; 15.006 ; 15.375 ; 15.375 ; 15.006 ;
; Instr[17]  ; Reg2[16]      ; 15.689 ; 15.372 ; 15.372 ; 15.689 ;
; Instr[17]  ; Reg2[17]      ; 15.744 ; 15.956 ; 15.956 ; 15.744 ;
; Instr[17]  ; Reg2[18]      ; 15.222 ; 15.062 ; 15.062 ; 15.222 ;
; Instr[17]  ; Reg2[19]      ; 15.395 ; 15.810 ; 15.810 ; 15.395 ;
; Instr[17]  ; Reg2[20]      ; 14.779 ; 14.887 ; 14.887 ; 14.779 ;
; Instr[17]  ; Reg2[21]      ; 14.316 ; 14.418 ; 14.418 ; 14.316 ;
; Instr[17]  ; Reg2[22]      ; 15.022 ; 14.640 ; 14.640 ; 15.022 ;
; Instr[17]  ; Reg2[23]      ; 14.324 ; 14.133 ; 14.133 ; 14.324 ;
; Instr[17]  ; Reg2[24]      ; 15.533 ; 15.560 ; 15.560 ; 15.533 ;
; Instr[17]  ; Reg2[25]      ; 15.529 ; 15.172 ; 15.172 ; 15.529 ;
; Instr[17]  ; Reg2[26]      ; 15.026 ; 15.337 ; 15.337 ; 15.026 ;
; Instr[17]  ; Reg2[27]      ; 15.724 ; 15.847 ; 15.847 ; 15.724 ;
; Instr[17]  ; Reg2[28]      ; 15.228 ; 15.435 ; 15.435 ; 15.228 ;
; Instr[17]  ; Reg2[29]      ; 15.448 ; 16.121 ; 16.121 ; 15.448 ;
; Instr[17]  ; Reg2[30]      ; 16.199 ; 16.218 ; 16.218 ; 16.199 ;
; Instr[17]  ; Reg2[31]      ; 15.748 ; 15.904 ; 15.904 ; 15.748 ;
; Instr[18]  ; ALUresu[0]    ; 16.577 ; 16.577 ; 16.577 ; 16.577 ;
; Instr[18]  ; ALUresu[1]    ; 16.322 ; 16.322 ; 16.322 ; 16.322 ;
; Instr[18]  ; ALUresu[2]    ; 16.717 ; 16.717 ; 16.717 ; 16.717 ;
; Instr[18]  ; ALUresu[3]    ; 16.858 ; 16.858 ; 16.858 ; 16.858 ;
; Instr[18]  ; ALUresu[4]    ; 17.194 ; 17.194 ; 17.194 ; 17.194 ;
; Instr[18]  ; ALUresu[5]    ; 16.797 ; 16.797 ; 16.797 ; 16.797 ;
; Instr[18]  ; ALUresu[6]    ; 17.569 ; 17.569 ; 17.569 ; 17.569 ;
; Instr[18]  ; ALUresu[7]    ; 16.936 ; 16.936 ; 16.936 ; 16.936 ;
; Instr[18]  ; ALUresu[8]    ; 17.721 ; 17.721 ; 17.721 ; 17.721 ;
; Instr[18]  ; ALUresu[9]    ; 17.522 ; 17.522 ; 17.522 ; 17.522 ;
; Instr[18]  ; ALUresu[10]   ; 19.111 ; 19.111 ; 19.111 ; 19.111 ;
; Instr[18]  ; ALUresu[11]   ; 17.378 ; 17.378 ; 17.378 ; 17.378 ;
; Instr[18]  ; ALUresu[12]   ; 17.754 ; 17.754 ; 17.754 ; 17.754 ;
; Instr[18]  ; ALUresu[13]   ; 17.572 ; 17.572 ; 17.572 ; 17.572 ;
; Instr[18]  ; ALUresu[14]   ; 16.476 ; 16.476 ; 16.476 ; 16.476 ;
; Instr[18]  ; ALUresu[15]   ; 17.690 ; 17.690 ; 17.690 ; 17.690 ;
; Instr[18]  ; ALUresu[16]   ; 19.564 ; 19.564 ; 19.564 ; 19.564 ;
; Instr[18]  ; ALUresu[17]   ; 17.906 ; 17.906 ; 17.906 ; 17.906 ;
; Instr[18]  ; ALUresu[18]   ; 18.674 ; 18.674 ; 18.674 ; 18.674 ;
; Instr[18]  ; ALUresu[19]   ; 17.207 ; 17.207 ; 17.207 ; 17.207 ;
; Instr[18]  ; ALUresu[20]   ; 17.466 ; 17.466 ; 17.466 ; 17.466 ;
; Instr[18]  ; ALUresu[21]   ; 16.626 ; 16.626 ; 16.626 ; 16.626 ;
; Instr[18]  ; ALUresu[22]   ; 16.982 ; 16.982 ; 16.982 ; 16.982 ;
; Instr[18]  ; ALUresu[23]   ; 17.491 ; 17.491 ; 17.491 ; 17.491 ;
; Instr[18]  ; ALUresu[24]   ; 18.927 ; 18.927 ; 18.927 ; 18.927 ;
; Instr[18]  ; ALUresu[25]   ; 17.892 ; 17.892 ; 17.892 ; 17.892 ;
; Instr[18]  ; ALUresu[26]   ; 16.830 ; 16.830 ; 16.830 ; 16.830 ;
; Instr[18]  ; ALUresu[27]   ; 17.070 ; 17.070 ; 17.070 ; 17.070 ;
; Instr[18]  ; ALUresu[28]   ; 17.146 ; 17.146 ; 17.146 ; 17.146 ;
; Instr[18]  ; ALUresu[29]   ; 17.401 ; 17.401 ; 17.401 ; 17.401 ;
; Instr[18]  ; ALUresu[30]   ; 16.722 ; 16.722 ; 16.722 ; 16.722 ;
; Instr[18]  ; ALUresu[31]   ; 15.401 ; 15.401 ; 15.401 ; 15.401 ;
; Instr[18]  ; Reg2[0]       ; 13.453 ; 13.453 ; 13.453 ; 13.453 ;
; Instr[18]  ; Reg2[1]       ; 12.785 ; 12.785 ; 12.785 ; 12.785 ;
; Instr[18]  ; Reg2[2]       ; 13.645 ; 14.195 ; 14.195 ; 13.645 ;
; Instr[18]  ; Reg2[3]       ; 14.894 ; 15.014 ; 15.014 ; 14.894 ;
; Instr[18]  ; Reg2[4]       ; 15.403 ; 15.500 ; 15.500 ; 15.403 ;
; Instr[18]  ; Reg2[5]       ; 15.659 ; 15.365 ; 15.365 ; 15.659 ;
; Instr[18]  ; Reg2[6]       ; 14.878 ; 15.080 ; 15.080 ; 14.878 ;
; Instr[18]  ; Reg2[7]       ; 14.245 ; 14.384 ; 14.384 ; 14.245 ;
; Instr[18]  ; Reg2[8]       ; 14.549 ; 15.060 ; 15.060 ; 14.549 ;
; Instr[18]  ; Reg2[9]       ; 15.309 ; 14.958 ; 14.958 ; 15.309 ;
; Instr[18]  ; Reg2[10]      ; 15.244 ; 15.247 ; 15.247 ; 15.244 ;
; Instr[18]  ; Reg2[11]      ; 14.260 ; 14.034 ; 14.034 ; 14.260 ;
; Instr[18]  ; Reg2[12]      ; 15.080 ; 14.747 ; 14.747 ; 15.080 ;
; Instr[18]  ; Reg2[13]      ; 15.954 ; 16.113 ; 16.113 ; 15.954 ;
; Instr[18]  ; Reg2[14]      ; 15.030 ; 14.912 ; 14.912 ; 15.030 ;
; Instr[18]  ; Reg2[15]      ; 15.063 ; 15.400 ; 15.400 ; 15.063 ;
; Instr[18]  ; Reg2[16]      ; 15.426 ; 16.090 ; 16.090 ; 15.426 ;
; Instr[18]  ; Reg2[17]      ; 15.364 ; 15.765 ; 15.765 ; 15.364 ;
; Instr[18]  ; Reg2[18]      ; 15.025 ; 14.969 ; 14.969 ; 15.025 ;
; Instr[18]  ; Reg2[19]      ; 15.321 ; 15.703 ; 15.703 ; 15.321 ;
; Instr[18]  ; Reg2[20]      ; 14.836 ; 15.515 ; 15.515 ; 14.836 ;
; Instr[18]  ; Reg2[21]      ; 13.888 ; 14.266 ; 14.266 ; 13.888 ;
; Instr[18]  ; Reg2[22]      ; 14.818 ; 14.706 ; 14.706 ; 14.818 ;
; Instr[18]  ; Reg2[23]      ; 14.187 ; 14.612 ; 14.612 ; 14.187 ;
; Instr[18]  ; Reg2[24]      ; 15.602 ; 15.485 ; 15.485 ; 15.602 ;
; Instr[18]  ; Reg2[25]      ; 14.944 ; 15.230 ; 15.230 ; 14.944 ;
; Instr[18]  ; Reg2[26]      ; 14.952 ; 15.264 ; 15.264 ; 14.952 ;
; Instr[18]  ; Reg2[27]      ; 15.650 ; 15.772 ; 15.772 ; 15.650 ;
; Instr[18]  ; Reg2[28]      ; 15.568 ; 15.178 ; 15.178 ; 15.568 ;
; Instr[18]  ; Reg2[29]      ; 15.374 ; 15.635 ; 15.635 ; 15.374 ;
; Instr[18]  ; Reg2[30]      ; 16.125 ; 16.284 ; 16.284 ; 16.125 ;
; Instr[18]  ; Reg2[31]      ; 15.674 ; 15.949 ; 15.949 ; 15.674 ;
; Instr[19]  ; ALUresu[0]    ; 17.532 ; 17.532 ; 17.532 ; 17.532 ;
; Instr[19]  ; ALUresu[1]    ; 17.564 ; 17.564 ; 17.564 ; 17.564 ;
; Instr[19]  ; ALUresu[2]    ; 17.672 ; 17.672 ; 17.672 ; 17.672 ;
; Instr[19]  ; ALUresu[3]    ; 17.813 ; 17.813 ; 17.813 ; 17.813 ;
; Instr[19]  ; ALUresu[4]    ; 18.149 ; 18.149 ; 18.149 ; 18.149 ;
; Instr[19]  ; ALUresu[5]    ; 17.752 ; 17.752 ; 17.752 ; 17.752 ;
; Instr[19]  ; ALUresu[6]    ; 18.647 ; 18.647 ; 18.647 ; 18.647 ;
; Instr[19]  ; ALUresu[7]    ; 18.908 ; 18.908 ; 18.908 ; 18.908 ;
; Instr[19]  ; ALUresu[8]    ; 19.780 ; 19.780 ; 19.780 ; 19.780 ;
; Instr[19]  ; ALUresu[9]    ; 18.935 ; 18.935 ; 18.935 ; 18.935 ;
; Instr[19]  ; ALUresu[10]   ; 20.463 ; 20.463 ; 20.463 ; 20.463 ;
; Instr[19]  ; ALUresu[11]   ; 18.666 ; 18.666 ; 18.666 ; 18.666 ;
; Instr[19]  ; ALUresu[12]   ; 19.149 ; 19.149 ; 19.149 ; 19.149 ;
; Instr[19]  ; ALUresu[13]   ; 18.790 ; 18.790 ; 18.790 ; 18.790 ;
; Instr[19]  ; ALUresu[14]   ; 18.215 ; 18.215 ; 18.215 ; 18.215 ;
; Instr[19]  ; ALUresu[15]   ; 19.062 ; 19.062 ; 19.062 ; 19.062 ;
; Instr[19]  ; ALUresu[16]   ; 21.126 ; 21.126 ; 21.126 ; 21.126 ;
; Instr[19]  ; ALUresu[17]   ; 19.239 ; 19.239 ; 19.239 ; 19.239 ;
; Instr[19]  ; ALUresu[18]   ; 20.236 ; 20.236 ; 20.236 ; 20.236 ;
; Instr[19]  ; ALUresu[19]   ; 18.894 ; 18.894 ; 18.894 ; 18.894 ;
; Instr[19]  ; ALUresu[20]   ; 18.793 ; 18.793 ; 18.793 ; 18.793 ;
; Instr[19]  ; ALUresu[21]   ; 19.133 ; 19.133 ; 19.133 ; 19.133 ;
; Instr[19]  ; ALUresu[22]   ; 18.907 ; 18.907 ; 18.907 ; 18.907 ;
; Instr[19]  ; ALUresu[23]   ; 19.735 ; 19.735 ; 19.735 ; 19.735 ;
; Instr[19]  ; ALUresu[24]   ; 20.451 ; 20.451 ; 20.451 ; 20.451 ;
; Instr[19]  ; ALUresu[25]   ; 19.291 ; 19.291 ; 19.291 ; 19.291 ;
; Instr[19]  ; ALUresu[26]   ; 18.623 ; 18.623 ; 18.623 ; 18.623 ;
; Instr[19]  ; ALUresu[27]   ; 18.779 ; 18.779 ; 18.779 ; 18.779 ;
; Instr[19]  ; ALUresu[28]   ; 18.855 ; 18.855 ; 18.855 ; 18.855 ;
; Instr[19]  ; ALUresu[29]   ; 18.683 ; 18.683 ; 18.683 ; 18.683 ;
; Instr[19]  ; ALUresu[30]   ; 18.004 ; 18.004 ; 18.004 ; 18.004 ;
; Instr[19]  ; ALUresu[31]   ; 16.683 ; 16.683 ; 16.683 ; 16.683 ;
; Instr[19]  ; Reg2[0]       ; 14.763 ; 14.408 ; 14.408 ; 14.763 ;
; Instr[19]  ; Reg2[1]       ; 14.275 ; 14.027 ; 14.027 ; 14.275 ;
; Instr[19]  ; Reg2[2]       ; 16.144 ; 15.551 ; 15.551 ; 16.144 ;
; Instr[19]  ; Reg2[3]       ; 17.485 ; 15.956 ; 15.956 ; 17.485 ;
; Instr[19]  ; Reg2[4]       ; 17.416 ; 16.884 ; 16.884 ; 17.416 ;
; Instr[19]  ; Reg2[5]       ; 18.857 ; 17.370 ; 17.370 ; 18.857 ;
; Instr[19]  ; Reg2[6]       ; 16.803 ; 16.577 ; 16.577 ; 16.803 ;
; Instr[19]  ; Reg2[7]       ; 17.015 ; 16.217 ; 16.217 ; 17.015 ;
; Instr[19]  ; Reg2[8]       ; 16.860 ; 16.608 ; 16.608 ; 16.860 ;
; Instr[19]  ; Reg2[9]       ; 17.428 ; 16.371 ; 16.371 ; 17.428 ;
; Instr[19]  ; Reg2[10]      ; 17.440 ; 16.439 ; 16.439 ; 17.440 ;
; Instr[19]  ; Reg2[11]      ; 16.518 ; 15.322 ; 15.322 ; 16.518 ;
; Instr[19]  ; Reg2[12]      ; 17.218 ; 16.142 ; 16.142 ; 17.218 ;
; Instr[19]  ; Reg2[13]      ; 18.506 ; 17.172 ; 17.172 ; 18.506 ;
; Instr[19]  ; Reg2[14]      ; 18.663 ; 16.651 ; 16.651 ; 18.663 ;
; Instr[19]  ; Reg2[15]      ; 17.589 ; 16.435 ; 16.435 ; 17.589 ;
; Instr[19]  ; Reg2[16]      ; 17.925 ; 16.988 ; 16.988 ; 17.925 ;
; Instr[19]  ; Reg2[17]      ; 17.289 ; 16.697 ; 16.697 ; 17.289 ;
; Instr[19]  ; Reg2[18]      ; 16.950 ; 16.656 ; 16.656 ; 16.950 ;
; Instr[19]  ; Reg2[19]      ; 18.174 ; 16.603 ; 16.603 ; 18.174 ;
; Instr[19]  ; Reg2[20]      ; 17.612 ; 17.343 ; 17.343 ; 17.612 ;
; Instr[19]  ; Reg2[21]      ; 15.813 ; 16.302 ; 16.302 ; 15.813 ;
; Instr[19]  ; Reg2[22]      ; 17.053 ; 16.230 ; 16.230 ; 17.053 ;
; Instr[19]  ; Reg2[23]      ; 16.678 ; 16.431 ; 16.431 ; 16.678 ;
; Instr[19]  ; Reg2[24]      ; 18.955 ; 16.884 ; 16.884 ; 18.955 ;
; Instr[19]  ; Reg2[25]      ; 16.869 ; 16.737 ; 16.737 ; 16.869 ;
; Instr[19]  ; Reg2[26]      ; 17.806 ; 16.234 ; 16.234 ; 17.806 ;
; Instr[19]  ; Reg2[27]      ; 18.023 ; 16.932 ; 16.932 ; 18.023 ;
; Instr[19]  ; Reg2[28]      ; 17.738 ; 16.619 ; 16.619 ; 17.738 ;
; Instr[19]  ; Reg2[29]      ; 18.195 ; 16.656 ; 16.656 ; 18.195 ;
; Instr[19]  ; Reg2[30]      ; 18.782 ; 17.407 ; 17.407 ; 18.782 ;
; Instr[19]  ; Reg2[31]      ; 18.539 ; 16.956 ; 16.956 ; 18.539 ;
; Instr[20]  ; ALUresu[0]    ; 17.255 ; 17.255 ; 17.255 ; 17.255 ;
; Instr[20]  ; ALUresu[1]    ; 17.287 ; 17.287 ; 17.287 ; 17.287 ;
; Instr[20]  ; ALUresu[2]    ; 17.395 ; 17.395 ; 17.395 ; 17.395 ;
; Instr[20]  ; ALUresu[3]    ; 17.536 ; 17.536 ; 17.536 ; 17.536 ;
; Instr[20]  ; ALUresu[4]    ; 17.872 ; 17.872 ; 17.872 ; 17.872 ;
; Instr[20]  ; ALUresu[5]    ; 17.475 ; 17.475 ; 17.475 ; 17.475 ;
; Instr[20]  ; ALUresu[6]    ; 18.370 ; 18.370 ; 18.370 ; 18.370 ;
; Instr[20]  ; ALUresu[7]    ; 18.631 ; 18.631 ; 18.631 ; 18.631 ;
; Instr[20]  ; ALUresu[8]    ; 19.503 ; 19.503 ; 19.503 ; 19.503 ;
; Instr[20]  ; ALUresu[9]    ; 18.658 ; 18.658 ; 18.658 ; 18.658 ;
; Instr[20]  ; ALUresu[10]   ; 20.186 ; 20.186 ; 20.186 ; 20.186 ;
; Instr[20]  ; ALUresu[11]   ; 18.389 ; 18.389 ; 18.389 ; 18.389 ;
; Instr[20]  ; ALUresu[12]   ; 18.872 ; 18.872 ; 18.872 ; 18.872 ;
; Instr[20]  ; ALUresu[13]   ; 18.513 ; 18.513 ; 18.513 ; 18.513 ;
; Instr[20]  ; ALUresu[14]   ; 17.938 ; 17.938 ; 17.938 ; 17.938 ;
; Instr[20]  ; ALUresu[15]   ; 18.785 ; 18.785 ; 18.785 ; 18.785 ;
; Instr[20]  ; ALUresu[16]   ; 20.849 ; 20.849 ; 20.849 ; 20.849 ;
; Instr[20]  ; ALUresu[17]   ; 18.962 ; 18.962 ; 18.962 ; 18.962 ;
; Instr[20]  ; ALUresu[18]   ; 19.959 ; 19.959 ; 19.959 ; 19.959 ;
; Instr[20]  ; ALUresu[19]   ; 18.617 ; 18.617 ; 18.617 ; 18.617 ;
; Instr[20]  ; ALUresu[20]   ; 18.516 ; 18.516 ; 18.516 ; 18.516 ;
; Instr[20]  ; ALUresu[21]   ; 18.856 ; 18.856 ; 18.856 ; 18.856 ;
; Instr[20]  ; ALUresu[22]   ; 18.625 ; 18.625 ; 18.625 ; 18.625 ;
; Instr[20]  ; ALUresu[23]   ; 19.458 ; 19.458 ; 19.458 ; 19.458 ;
; Instr[20]  ; ALUresu[24]   ; 20.174 ; 20.174 ; 20.174 ; 20.174 ;
; Instr[20]  ; ALUresu[25]   ; 19.014 ; 19.014 ; 19.014 ; 19.014 ;
; Instr[20]  ; ALUresu[26]   ; 18.346 ; 18.346 ; 18.346 ; 18.346 ;
; Instr[20]  ; ALUresu[27]   ; 18.502 ; 18.502 ; 18.502 ; 18.502 ;
; Instr[20]  ; ALUresu[28]   ; 18.578 ; 18.578 ; 18.578 ; 18.578 ;
; Instr[20]  ; ALUresu[29]   ; 18.406 ; 18.406 ; 18.406 ; 18.406 ;
; Instr[20]  ; ALUresu[30]   ; 17.727 ; 17.727 ; 17.727 ; 17.727 ;
; Instr[20]  ; ALUresu[31]   ; 16.406 ; 16.406 ; 16.406 ; 16.406 ;
; Instr[20]  ; Reg2[0]       ; 14.830 ; 14.131 ; 14.131 ; 14.830 ;
; Instr[20]  ; Reg2[1]       ; 13.853 ; 13.750 ; 13.750 ; 13.853 ;
; Instr[20]  ; Reg2[2]       ; 15.644 ; 15.274 ; 15.274 ; 15.644 ;
; Instr[20]  ; Reg2[3]       ; 17.063 ; 15.679 ; 15.679 ; 17.063 ;
; Instr[20]  ; Reg2[4]       ; 17.549 ; 16.607 ; 16.607 ; 17.549 ;
; Instr[20]  ; Reg2[5]       ; 18.385 ; 17.093 ; 17.093 ; 18.385 ;
; Instr[20]  ; Reg2[6]       ; 16.953 ; 16.300 ; 16.300 ; 16.953 ;
; Instr[20]  ; Reg2[7]       ; 16.187 ; 15.940 ; 15.940 ; 16.187 ;
; Instr[20]  ; Reg2[8]       ; 16.548 ; 16.331 ; 16.331 ; 16.548 ;
; Instr[20]  ; Reg2[9]       ; 17.144 ; 16.094 ; 16.094 ; 17.144 ;
; Instr[20]  ; Reg2[10]      ; 17.246 ; 16.162 ; 16.162 ; 17.246 ;
; Instr[20]  ; Reg2[11]      ; 16.096 ; 15.045 ; 15.045 ; 16.096 ;
; Instr[20]  ; Reg2[12]      ; 16.796 ; 15.865 ; 15.865 ; 16.796 ;
; Instr[20]  ; Reg2[13]      ; 18.002 ; 16.895 ; 16.895 ; 18.002 ;
; Instr[20]  ; Reg2[14]      ; 17.344 ; 16.374 ; 16.374 ; 17.344 ;
; Instr[20]  ; Reg2[15]      ; 17.503 ; 16.158 ; 16.158 ; 17.503 ;
; Instr[20]  ; Reg2[16]      ; 18.103 ; 16.711 ; 16.711 ; 18.103 ;
; Instr[20]  ; Reg2[17]      ; 18.011 ; 16.420 ; 16.420 ; 18.011 ;
; Instr[20]  ; Reg2[18]      ; 17.018 ; 16.379 ; 16.379 ; 17.018 ;
; Instr[20]  ; Reg2[19]      ; 17.752 ; 16.326 ; 16.326 ; 17.752 ;
; Instr[20]  ; Reg2[20]      ; 17.653 ; 17.066 ; 17.066 ; 17.653 ;
; Instr[20]  ; Reg2[21]      ; 16.404 ; 15.531 ; 15.531 ; 16.404 ;
; Instr[20]  ; Reg2[22]      ; 17.201 ; 15.953 ; 15.953 ; 17.201 ;
; Instr[20]  ; Reg2[23]      ; 16.689 ; 16.154 ; 16.154 ; 16.689 ;
; Instr[20]  ; Reg2[24]      ; 18.101 ; 16.607 ; 16.607 ; 18.101 ;
; Instr[20]  ; Reg2[25]      ; 17.636 ; 16.460 ; 16.460 ; 17.636 ;
; Instr[20]  ; Reg2[26]      ; 18.078 ; 15.957 ; 15.957 ; 18.078 ;
; Instr[20]  ; Reg2[27]      ; 17.984 ; 16.655 ; 16.655 ; 17.984 ;
; Instr[20]  ; Reg2[28]      ; 17.316 ; 16.342 ; 16.342 ; 17.316 ;
; Instr[20]  ; Reg2[29]      ; 17.773 ; 16.379 ; 16.379 ; 17.773 ;
; Instr[20]  ; Reg2[30]      ; 18.443 ; 17.130 ; 17.130 ; 18.443 ;
; Instr[20]  ; Reg2[31]      ; 19.246 ; 16.679 ; 16.679 ; 19.246 ;
; Instr[21]  ; ALUresu[0]    ; 15.796 ; 15.796 ; 15.796 ; 15.796 ;
; Instr[21]  ; ALUresu[1]    ; 16.152 ; 16.152 ; 16.152 ; 16.152 ;
; Instr[21]  ; ALUresu[2]    ; 16.792 ; 16.792 ; 16.792 ; 16.792 ;
; Instr[21]  ; ALUresu[3]    ; 16.798 ; 16.798 ; 16.798 ; 16.798 ;
; Instr[21]  ; ALUresu[4]    ; 16.787 ; 16.787 ; 16.787 ; 16.787 ;
; Instr[21]  ; ALUresu[5]    ; 16.652 ; 16.652 ; 16.652 ; 16.652 ;
; Instr[21]  ; ALUresu[6]    ; 15.823 ; 15.823 ; 15.823 ; 15.823 ;
; Instr[21]  ; ALUresu[7]    ; 17.441 ; 17.441 ; 17.441 ; 17.441 ;
; Instr[21]  ; ALUresu[8]    ; 17.486 ; 17.486 ; 17.486 ; 17.486 ;
; Instr[21]  ; ALUresu[9]    ; 16.692 ; 16.692 ; 16.692 ; 16.692 ;
; Instr[21]  ; ALUresu[10]   ; 16.492 ; 16.492 ; 16.492 ; 16.492 ;
; Instr[21]  ; ALUresu[11]   ; 16.845 ; 16.845 ; 16.845 ; 16.845 ;
; Instr[21]  ; ALUresu[12]   ; 17.975 ; 17.975 ; 17.975 ; 17.975 ;
; Instr[21]  ; ALUresu[13]   ; 16.447 ; 16.447 ; 16.447 ; 16.447 ;
; Instr[21]  ; ALUresu[14]   ; 16.826 ; 16.826 ; 16.826 ; 16.826 ;
; Instr[21]  ; ALUresu[15]   ; 17.696 ; 17.696 ; 17.696 ; 17.696 ;
; Instr[21]  ; ALUresu[16]   ; 17.407 ; 17.407 ; 17.407 ; 17.407 ;
; Instr[21]  ; ALUresu[17]   ; 16.325 ; 16.325 ; 16.325 ; 16.325 ;
; Instr[21]  ; ALUresu[18]   ; 17.950 ; 17.950 ; 17.950 ; 17.950 ;
; Instr[21]  ; ALUresu[19]   ; 18.239 ; 18.239 ; 18.239 ; 18.239 ;
; Instr[21]  ; ALUresu[20]   ; 17.233 ; 17.233 ; 17.233 ; 17.233 ;
; Instr[21]  ; ALUresu[21]   ; 17.901 ; 17.901 ; 17.901 ; 17.901 ;
; Instr[21]  ; ALUresu[22]   ; 17.560 ; 17.560 ; 17.560 ; 17.560 ;
; Instr[21]  ; ALUresu[23]   ; 17.389 ; 17.389 ; 17.389 ; 17.389 ;
; Instr[21]  ; ALUresu[24]   ; 17.607 ; 17.607 ; 17.607 ; 17.607 ;
; Instr[21]  ; ALUresu[25]   ; 18.153 ; 18.153 ; 18.153 ; 18.153 ;
; Instr[21]  ; ALUresu[26]   ; 18.225 ; 18.225 ; 18.225 ; 18.225 ;
; Instr[21]  ; ALUresu[27]   ; 18.458 ; 18.458 ; 18.458 ; 18.458 ;
; Instr[21]  ; ALUresu[28]   ; 17.797 ; 17.797 ; 17.797 ; 17.797 ;
; Instr[21]  ; ALUresu[29]   ; 17.127 ; 17.127 ; 17.127 ; 17.127 ;
; Instr[21]  ; ALUresu[30]   ; 16.705 ; 16.705 ; 16.705 ; 16.705 ;
; Instr[21]  ; ALUresu[31]   ; 17.538 ; 17.538 ; 17.538 ; 17.538 ;
; Instr[21]  ; Reg1[0]       ; 12.409 ; 12.409 ; 12.409 ; 12.409 ;
; Instr[21]  ; Reg1[1]       ; 13.190 ; 13.190 ; 13.190 ; 13.190 ;
; Instr[21]  ; Reg1[2]       ; 13.923 ; 14.186 ; 14.186 ; 13.923 ;
; Instr[21]  ; Reg1[3]       ; 14.997 ; 14.300 ; 14.300 ; 14.997 ;
; Instr[21]  ; Reg1[4]       ; 14.184 ; 14.622 ; 14.622 ; 14.184 ;
; Instr[21]  ; Reg1[5]       ; 16.271 ; 15.630 ; 15.630 ; 16.271 ;
; Instr[21]  ; Reg1[6]       ; 14.671 ; 13.636 ; 13.636 ; 14.671 ;
; Instr[21]  ; Reg1[7]       ; 14.660 ; 15.267 ; 15.267 ; 14.660 ;
; Instr[21]  ; Reg1[8]       ; 14.812 ; 15.499 ; 15.499 ; 14.812 ;
; Instr[21]  ; Reg1[9]       ; 15.122 ; 14.722 ; 14.722 ; 15.122 ;
; Instr[21]  ; Reg1[10]      ; 14.912 ; 15.511 ; 15.511 ; 14.912 ;
; Instr[21]  ; Reg1[11]      ; 15.244 ; 15.041 ; 15.041 ; 15.244 ;
; Instr[21]  ; Reg1[12]      ; 15.829 ; 15.554 ; 15.554 ; 15.829 ;
; Instr[21]  ; Reg1[13]      ; 15.335 ; 15.038 ; 15.038 ; 15.335 ;
; Instr[21]  ; Reg1[14]      ; 15.576 ; 15.132 ; 15.132 ; 15.576 ;
; Instr[21]  ; Reg1[15]      ; 16.696 ; 16.032 ; 16.032 ; 16.696 ;
; Instr[21]  ; Reg1[16]      ; 15.823 ; 15.289 ; 15.289 ; 15.823 ;
; Instr[21]  ; Reg1[17]      ; 16.087 ; 15.482 ; 15.482 ; 16.087 ;
; Instr[21]  ; Reg1[18]      ; 15.698 ; 15.544 ; 15.544 ; 15.698 ;
; Instr[21]  ; Reg1[19]      ; 15.900 ; 16.085 ; 16.085 ; 15.900 ;
; Instr[21]  ; Reg1[20]      ; 15.363 ; 14.796 ; 14.796 ; 15.363 ;
; Instr[21]  ; Reg1[21]      ; 15.513 ; 16.302 ; 16.302 ; 15.513 ;
; Instr[21]  ; Reg1[22]      ; 15.872 ; 15.636 ; 15.636 ; 15.872 ;
; Instr[21]  ; Reg1[23]      ; 15.265 ; 15.253 ; 15.253 ; 15.265 ;
; Instr[21]  ; Reg1[24]      ; 15.992 ; 15.534 ; 15.534 ; 15.992 ;
; Instr[21]  ; Reg1[25]      ; 16.436 ; 16.345 ; 16.345 ; 16.436 ;
; Instr[21]  ; Reg1[26]      ; 15.388 ; 15.643 ; 15.643 ; 15.388 ;
; Instr[21]  ; Reg1[27]      ; 16.156 ; 16.108 ; 16.108 ; 16.156 ;
; Instr[21]  ; Reg1[28]      ; 15.896 ; 15.795 ; 15.795 ; 15.896 ;
; Instr[21]  ; Reg1[29]      ; 15.806 ; 15.460 ; 15.460 ; 15.806 ;
; Instr[21]  ; Reg1[30]      ; 14.680 ; 14.502 ; 14.502 ; 14.680 ;
; Instr[21]  ; Reg1[31]      ; 15.800 ; 15.649 ; 15.649 ; 15.800 ;
; Instr[22]  ; ALUresu[0]    ; 14.812 ; 14.812 ; 14.812 ; 14.812 ;
; Instr[22]  ; ALUresu[1]    ; 14.976 ; 14.976 ; 14.976 ; 14.976 ;
; Instr[22]  ; ALUresu[2]    ; 15.408 ; 15.408 ; 15.408 ; 15.408 ;
; Instr[22]  ; ALUresu[3]    ; 15.549 ; 15.549 ; 15.549 ; 15.549 ;
; Instr[22]  ; ALUresu[4]    ; 15.885 ; 15.885 ; 15.885 ; 15.885 ;
; Instr[22]  ; ALUresu[5]    ; 15.488 ; 15.488 ; 15.488 ; 15.488 ;
; Instr[22]  ; ALUresu[6]    ; 16.379 ; 16.379 ; 16.379 ; 16.379 ;
; Instr[22]  ; ALUresu[7]    ; 17.532 ; 17.532 ; 17.532 ; 17.532 ;
; Instr[22]  ; ALUresu[8]    ; 17.673 ; 17.673 ; 17.673 ; 17.673 ;
; Instr[22]  ; ALUresu[9]    ; 16.744 ; 16.744 ; 16.744 ; 16.744 ;
; Instr[22]  ; ALUresu[10]   ; 16.144 ; 16.144 ; 16.144 ; 16.144 ;
; Instr[22]  ; ALUresu[11]   ; 16.497 ; 16.497 ; 16.497 ; 16.497 ;
; Instr[22]  ; ALUresu[12]   ; 17.946 ; 17.946 ; 17.946 ; 17.946 ;
; Instr[22]  ; ALUresu[13]   ; 16.540 ; 16.540 ; 16.540 ; 16.540 ;
; Instr[22]  ; ALUresu[14]   ; 16.617 ; 16.617 ; 16.617 ; 16.617 ;
; Instr[22]  ; ALUresu[15]   ; 17.342 ; 17.342 ; 17.342 ; 17.342 ;
; Instr[22]  ; ALUresu[16]   ; 17.053 ; 17.053 ; 17.053 ; 17.053 ;
; Instr[22]  ; ALUresu[17]   ; 16.418 ; 16.418 ; 16.418 ; 16.418 ;
; Instr[22]  ; ALUresu[18]   ; 17.756 ; 17.756 ; 17.756 ; 17.756 ;
; Instr[22]  ; ALUresu[19]   ; 17.587 ; 17.587 ; 17.587 ; 17.587 ;
; Instr[22]  ; ALUresu[20]   ; 17.337 ; 17.337 ; 17.337 ; 17.337 ;
; Instr[22]  ; ALUresu[21]   ; 17.553 ; 17.553 ; 17.553 ; 17.553 ;
; Instr[22]  ; ALUresu[22]   ; 17.210 ; 17.210 ; 17.210 ; 17.210 ;
; Instr[22]  ; ALUresu[23]   ; 17.095 ; 17.095 ; 17.095 ; 17.095 ;
; Instr[22]  ; ALUresu[24]   ; 17.730 ; 17.730 ; 17.730 ; 17.730 ;
; Instr[22]  ; ALUresu[25]   ; 18.276 ; 18.276 ; 18.276 ; 18.276 ;
; Instr[22]  ; ALUresu[26]   ; 18.348 ; 18.348 ; 18.348 ; 18.348 ;
; Instr[22]  ; ALUresu[27]   ; 18.108 ; 18.108 ; 18.108 ; 18.108 ;
; Instr[22]  ; ALUresu[28]   ; 17.447 ; 17.447 ; 17.447 ; 17.447 ;
; Instr[22]  ; ALUresu[29]   ; 16.821 ; 16.821 ; 16.821 ; 16.821 ;
; Instr[22]  ; ALUresu[30]   ; 16.551 ; 16.551 ; 16.551 ; 16.551 ;
; Instr[22]  ; ALUresu[31]   ; 17.358 ; 17.358 ; 17.358 ; 17.358 ;
; Instr[22]  ; Reg1[0]       ; 11.425 ; 11.425 ; 11.425 ; 11.425 ;
; Instr[22]  ; Reg1[1]       ; 11.806 ; 11.806 ; 11.806 ; 11.806 ;
; Instr[22]  ; Reg1[2]       ; 13.617 ; 13.681 ; 13.681 ; 13.617 ;
; Instr[22]  ; Reg1[3]       ; 14.393 ; 15.010 ; 15.010 ; 14.393 ;
; Instr[22]  ; Reg1[4]       ; 14.048 ; 14.884 ; 14.884 ; 14.048 ;
; Instr[22]  ; Reg1[5]       ; 16.136 ; 15.533 ; 15.533 ; 16.136 ;
; Instr[22]  ; Reg1[6]       ; 14.192 ; 14.669 ; 14.669 ; 14.192 ;
; Instr[22]  ; Reg1[7]       ; 14.979 ; 14.847 ; 14.847 ; 14.979 ;
; Instr[22]  ; Reg1[8]       ; 15.211 ; 14.999 ; 14.999 ; 15.211 ;
; Instr[22]  ; Reg1[9]       ; 14.774 ; 15.599 ; 15.599 ; 14.774 ;
; Instr[22]  ; Reg1[10]      ; 14.564 ; 15.375 ; 15.375 ; 14.564 ;
; Instr[22]  ; Reg1[11]      ; 15.134 ; 15.431 ; 15.431 ; 15.134 ;
; Instr[22]  ; Reg1[12]      ; 15.647 ; 15.525 ; 15.525 ; 15.647 ;
; Instr[22]  ; Reg1[13]      ; 15.131 ; 15.144 ; 15.144 ; 15.131 ;
; Instr[22]  ; Reg1[14]      ; 15.225 ; 14.923 ; 14.923 ; 15.225 ;
; Instr[22]  ; Reg1[15]      ; 16.143 ; 15.678 ; 15.678 ; 16.143 ;
; Instr[22]  ; Reg1[16]      ; 15.475 ; 14.935 ; 14.935 ; 15.475 ;
; Instr[22]  ; Reg1[17]      ; 15.575 ; 15.870 ; 15.870 ; 15.575 ;
; Instr[22]  ; Reg1[18]      ; 15.350 ; 15.648 ; 15.648 ; 15.350 ;
; Instr[22]  ; Reg1[19]      ; 15.248 ; 16.126 ; 16.126 ; 15.248 ;
; Instr[22]  ; Reg1[20]      ; 14.983 ; 14.900 ; 14.900 ; 14.983 ;
; Instr[22]  ; Reg1[21]      ; 15.165 ; 15.952 ; 15.952 ; 15.165 ;
; Instr[22]  ; Reg1[22]      ; 15.728 ; 15.286 ; 15.286 ; 15.728 ;
; Instr[22]  ; Reg1[23]      ; 14.959 ; 15.350 ; 15.350 ; 14.959 ;
; Instr[22]  ; Reg1[24]      ; 15.991 ; 15.657 ; 15.657 ; 15.991 ;
; Instr[22]  ; Reg1[25]      ; 16.368 ; 16.120 ; 16.120 ; 16.368 ;
; Instr[22]  ; Reg1[26]      ; 15.362 ; 14.897 ; 14.897 ; 15.362 ;
; Instr[22]  ; Reg1[27]      ; 15.783 ; 15.758 ; 15.758 ; 15.783 ;
; Instr[22]  ; Reg1[28]      ; 15.862 ; 15.445 ; 15.445 ; 15.862 ;
; Instr[22]  ; Reg1[29]      ; 15.154 ; 15.159 ; 15.159 ; 15.154 ;
; Instr[22]  ; Reg1[30]      ; 14.371 ; 14.348 ; 14.348 ; 14.371 ;
; Instr[22]  ; Reg1[31]      ; 15.469 ; 15.948 ; 15.948 ; 15.469 ;
; Instr[23]  ; ALUresu[0]    ; 15.155 ; 15.155 ; 15.155 ; 15.155 ;
; Instr[23]  ; ALUresu[1]    ; 15.511 ; 15.511 ; 15.511 ; 15.511 ;
; Instr[23]  ; ALUresu[2]    ; 16.317 ; 16.317 ; 16.317 ; 16.317 ;
; Instr[23]  ; ALUresu[3]    ; 16.458 ; 16.458 ; 16.458 ; 16.458 ;
; Instr[23]  ; ALUresu[4]    ; 16.393 ; 16.393 ; 16.393 ; 16.393 ;
; Instr[23]  ; ALUresu[5]    ; 16.397 ; 16.397 ; 16.397 ; 16.397 ;
; Instr[23]  ; ALUresu[6]    ; 16.587 ; 16.587 ; 16.587 ; 16.587 ;
; Instr[23]  ; ALUresu[7]    ; 17.312 ; 17.312 ; 17.312 ; 17.312 ;
; Instr[23]  ; ALUresu[8]    ; 17.357 ; 17.357 ; 17.357 ; 17.357 ;
; Instr[23]  ; ALUresu[9]    ; 16.612 ; 16.612 ; 16.612 ; 16.612 ;
; Instr[23]  ; ALUresu[10]   ; 16.017 ; 16.017 ; 16.017 ; 16.017 ;
; Instr[23]  ; ALUresu[11]   ; 16.370 ; 16.370 ; 16.370 ; 16.370 ;
; Instr[23]  ; ALUresu[12]   ; 17.952 ; 17.952 ; 17.952 ; 17.952 ;
; Instr[23]  ; ALUresu[13]   ; 16.617 ; 16.617 ; 16.617 ; 16.617 ;
; Instr[23]  ; ALUresu[14]   ; 16.948 ; 16.948 ; 16.948 ; 16.948 ;
; Instr[23]  ; ALUresu[15]   ; 17.498 ; 17.498 ; 17.498 ; 17.498 ;
; Instr[23]  ; ALUresu[16]   ; 17.209 ; 17.209 ; 17.209 ; 17.209 ;
; Instr[23]  ; ALUresu[17]   ; 16.763 ; 16.763 ; 16.763 ; 16.763 ;
; Instr[23]  ; ALUresu[18]   ; 17.915 ; 17.915 ; 17.915 ; 17.915 ;
; Instr[23]  ; ALUresu[19]   ; 17.434 ; 17.434 ; 17.434 ; 17.434 ;
; Instr[23]  ; ALUresu[20]   ; 17.269 ; 17.269 ; 17.269 ; 17.269 ;
; Instr[23]  ; ALUresu[21]   ; 17.712 ; 17.712 ; 17.712 ; 17.712 ;
; Instr[23]  ; ALUresu[22]   ; 17.331 ; 17.331 ; 17.331 ; 17.331 ;
; Instr[23]  ; ALUresu[23]   ; 17.207 ; 17.207 ; 17.207 ; 17.207 ;
; Instr[23]  ; ALUresu[24]   ; 17.668 ; 17.668 ; 17.668 ; 17.668 ;
; Instr[23]  ; ALUresu[25]   ; 18.214 ; 18.214 ; 18.214 ; 18.214 ;
; Instr[23]  ; ALUresu[26]   ; 18.286 ; 18.286 ; 18.286 ; 18.286 ;
; Instr[23]  ; ALUresu[27]   ; 17.982 ; 17.982 ; 17.982 ; 17.982 ;
; Instr[23]  ; ALUresu[28]   ; 17.321 ; 17.321 ; 17.321 ; 17.321 ;
; Instr[23]  ; ALUresu[29]   ; 16.643 ; 16.643 ; 16.643 ; 16.643 ;
; Instr[23]  ; ALUresu[30]   ; 16.672 ; 16.672 ; 16.672 ; 16.672 ;
; Instr[23]  ; ALUresu[31]   ; 17.205 ; 17.205 ; 17.205 ; 17.205 ;
; Instr[23]  ; Reg1[0]       ; 11.768 ; 11.768 ; 11.768 ; 11.768 ;
; Instr[23]  ; Reg1[1]       ; 12.715 ; 12.715 ; 12.715 ; 12.715 ;
; Instr[23]  ; Reg1[2]       ; 13.529 ; 13.480 ; 13.480 ; 13.529 ;
; Instr[23]  ; Reg1[3]       ; 14.979 ; 14.606 ; 14.606 ; 14.979 ;
; Instr[23]  ; Reg1[4]       ; 13.790 ; 14.767 ; 14.767 ; 13.790 ;
; Instr[23]  ; Reg1[5]       ; 16.253 ; 15.689 ; 15.689 ; 16.253 ;
; Instr[23]  ; Reg1[6]       ; 14.477 ; 14.400 ; 14.400 ; 14.477 ;
; Instr[23]  ; Reg1[7]       ; 14.531 ; 14.682 ; 14.682 ; 14.531 ;
; Instr[23]  ; Reg1[8]       ; 14.683 ; 15.195 ; 15.195 ; 14.683 ;
; Instr[23]  ; Reg1[9]       ; 15.039 ; 14.642 ; 14.642 ; 15.039 ;
; Instr[23]  ; Reg1[10]      ; 15.059 ; 14.437 ; 14.437 ; 15.059 ;
; Instr[23]  ; Reg1[11]      ; 15.115 ; 15.468 ; 15.468 ; 15.115 ;
; Instr[23]  ; Reg1[12]      ; 15.646 ; 15.839 ; 15.839 ; 15.646 ;
; Instr[23]  ; Reg1[13]      ; 15.208 ; 15.300 ; 15.300 ; 15.208 ;
; Instr[23]  ; Reg1[14]      ; 15.385 ; 15.254 ; 15.254 ; 15.385 ;
; Instr[23]  ; Reg1[15]      ; 16.329 ; 15.834 ; 15.834 ; 16.329 ;
; Instr[23]  ; Reg1[16]      ; 15.874 ; 15.091 ; 15.091 ; 15.874 ;
; Instr[23]  ; Reg1[17]      ; 15.960 ; 15.920 ; 15.920 ; 15.960 ;
; Instr[23]  ; Reg1[18]      ; 16.495 ; 15.509 ; 15.509 ; 16.495 ;
; Instr[23]  ; Reg1[19]      ; 16.230 ; 15.095 ; 15.095 ; 16.230 ;
; Instr[23]  ; Reg1[20]      ; 15.355 ; 14.832 ; 14.832 ; 15.355 ;
; Instr[23]  ; Reg1[21]      ; 16.073 ; 15.324 ; 15.324 ; 16.073 ;
; Instr[23]  ; Reg1[22]      ; 15.407 ; 15.577 ; 15.577 ; 15.407 ;
; Instr[23]  ; Reg1[23]      ; 15.071 ; 15.284 ; 15.284 ; 15.071 ;
; Instr[23]  ; Reg1[24]      ; 15.778 ; 15.595 ; 15.595 ; 15.778 ;
; Instr[23]  ; Reg1[25]      ; 16.463 ; 16.039 ; 16.039 ; 16.463 ;
; Instr[23]  ; Reg1[26]      ; 15.782 ; 15.143 ; 15.143 ; 15.782 ;
; Instr[23]  ; Reg1[27]      ; 15.879 ; 15.632 ; 15.632 ; 15.879 ;
; Instr[23]  ; Reg1[28]      ; 15.566 ; 15.711 ; 15.711 ; 15.566 ;
; Instr[23]  ; Reg1[29]      ; 15.821 ; 14.976 ; 14.976 ; 15.821 ;
; Instr[23]  ; Reg1[30]      ; 14.469 ; 14.485 ; 14.485 ; 14.469 ;
; Instr[23]  ; Reg1[31]      ; 16.120 ; 15.316 ; 15.316 ; 16.120 ;
; Instr[24]  ; ALUresu[0]    ; 16.080 ; 16.080 ; 16.080 ; 16.080 ;
; Instr[24]  ; ALUresu[1]    ; 16.436 ; 16.436 ; 16.436 ; 16.436 ;
; Instr[24]  ; ALUresu[2]    ; 17.358 ; 17.358 ; 17.358 ; 17.358 ;
; Instr[24]  ; ALUresu[3]    ; 17.499 ; 17.499 ; 17.499 ; 17.499 ;
; Instr[24]  ; ALUresu[4]    ; 17.835 ; 17.835 ; 17.835 ; 17.835 ;
; Instr[24]  ; ALUresu[5]    ; 17.438 ; 17.438 ; 17.438 ; 17.438 ;
; Instr[24]  ; ALUresu[6]    ; 18.333 ; 18.333 ; 18.333 ; 18.333 ;
; Instr[24]  ; ALUresu[7]    ; 19.301 ; 19.301 ; 19.301 ; 19.301 ;
; Instr[24]  ; ALUresu[8]    ; 19.454 ; 19.454 ; 19.454 ; 19.454 ;
; Instr[24]  ; ALUresu[9]    ; 19.138 ; 19.138 ; 19.138 ; 19.138 ;
; Instr[24]  ; ALUresu[10]   ; 18.736 ; 18.736 ; 18.736 ; 18.736 ;
; Instr[24]  ; ALUresu[11]   ; 19.089 ; 19.089 ; 19.089 ; 19.089 ;
; Instr[24]  ; ALUresu[12]   ; 19.856 ; 19.856 ; 19.856 ; 19.856 ;
; Instr[24]  ; ALUresu[13]   ; 18.350 ; 18.350 ; 18.350 ; 18.350 ;
; Instr[24]  ; ALUresu[14]   ; 19.268 ; 19.268 ; 19.268 ; 19.268 ;
; Instr[24]  ; ALUresu[15]   ; 19.773 ; 19.773 ; 19.773 ; 19.773 ;
; Instr[24]  ; ALUresu[16]   ; 19.637 ; 19.637 ; 19.637 ; 19.637 ;
; Instr[24]  ; ALUresu[17]   ; 18.274 ; 18.274 ; 18.274 ; 18.274 ;
; Instr[24]  ; ALUresu[18]   ; 19.615 ; 19.615 ; 19.615 ; 19.615 ;
; Instr[24]  ; ALUresu[19]   ; 19.310 ; 19.310 ; 19.310 ; 19.310 ;
; Instr[24]  ; ALUresu[20]   ; 18.898 ; 18.898 ; 18.898 ; 18.898 ;
; Instr[24]  ; ALUresu[21]   ; 19.618 ; 19.618 ; 19.618 ; 19.618 ;
; Instr[24]  ; ALUresu[22]   ; 19.279 ; 19.279 ; 19.279 ; 19.279 ;
; Instr[24]  ; ALUresu[23]   ; 19.258 ; 19.258 ; 19.258 ; 19.258 ;
; Instr[24]  ; ALUresu[24]   ; 19.506 ; 19.506 ; 19.506 ; 19.506 ;
; Instr[24]  ; ALUresu[25]   ; 20.052 ; 20.052 ; 20.052 ; 20.052 ;
; Instr[24]  ; ALUresu[26]   ; 20.124 ; 20.124 ; 20.124 ; 20.124 ;
; Instr[24]  ; ALUresu[27]   ; 20.364 ; 20.364 ; 20.364 ; 20.364 ;
; Instr[24]  ; ALUresu[28]   ; 20.023 ; 20.023 ; 20.023 ; 20.023 ;
; Instr[24]  ; ALUresu[29]   ; 18.544 ; 18.544 ; 18.544 ; 18.544 ;
; Instr[24]  ; ALUresu[30]   ; 18.756 ; 18.756 ; 18.756 ; 18.756 ;
; Instr[24]  ; ALUresu[31]   ; 19.081 ; 19.081 ; 19.081 ; 19.081 ;
; Instr[24]  ; Reg1[0]       ; 12.693 ; 13.926 ; 13.926 ; 12.693 ;
; Instr[24]  ; Reg1[1]       ; 13.756 ; 14.864 ; 14.864 ; 13.756 ;
; Instr[24]  ; Reg1[2]       ; 15.964 ; 15.401 ; 15.401 ; 15.964 ;
; Instr[24]  ; Reg1[3]       ; 17.232 ; 16.453 ; 16.453 ; 17.232 ;
; Instr[24]  ; Reg1[4]       ; 16.904 ; 15.662 ; 15.662 ; 16.904 ;
; Instr[24]  ; Reg1[5]       ; 18.375 ; 17.712 ; 17.712 ; 18.375 ;
; Instr[24]  ; Reg1[6]       ; 16.849 ; 16.238 ; 16.238 ; 16.849 ;
; Instr[24]  ; Reg1[7]       ; 16.628 ; 16.520 ; 16.520 ; 16.628 ;
; Instr[24]  ; Reg1[8]       ; 16.780 ; 17.187 ; 17.187 ; 16.780 ;
; Instr[24]  ; Reg1[9]       ; 17.339 ; 17.168 ; 17.168 ; 17.339 ;
; Instr[24]  ; Reg1[10]      ; 17.156 ; 17.951 ; 17.951 ; 17.156 ;
; Instr[24]  ; Reg1[11]      ; 17.225 ; 17.317 ; 17.317 ; 17.225 ;
; Instr[24]  ; Reg1[12]      ; 18.022 ; 17.435 ; 17.435 ; 18.022 ;
; Instr[24]  ; Reg1[13]      ; 17.977 ; 16.941 ; 16.941 ; 17.977 ;
; Instr[24]  ; Reg1[14]      ; 17.599 ; 17.574 ; 17.574 ; 17.599 ;
; Instr[24]  ; Reg1[15]      ; 18.109 ; 18.198 ; 18.198 ; 18.109 ;
; Instr[24]  ; Reg1[16]      ; 17.519 ; 17.739 ; 17.739 ; 17.519 ;
; Instr[24]  ; Reg1[17]      ; 17.431 ; 17.693 ; 17.693 ; 17.431 ;
; Instr[24]  ; Reg1[18]      ; 17.209 ; 18.228 ; 18.228 ; 17.209 ;
; Instr[24]  ; Reg1[19]      ; 16.971 ; 18.212 ; 18.212 ; 16.971 ;
; Instr[24]  ; Reg1[20]      ; 16.461 ; 17.813 ; 17.813 ; 16.461 ;
; Instr[24]  ; Reg1[21]      ; 18.032 ; 18.269 ; 18.269 ; 18.032 ;
; Instr[24]  ; Reg1[22]      ; 17.355 ; 17.563 ; 17.563 ; 17.355 ;
; Instr[24]  ; Reg1[23]      ; 17.359 ; 17.122 ; 17.122 ; 17.359 ;
; Instr[24]  ; Reg1[24]      ; 18.053 ; 17.433 ; 17.433 ; 18.053 ;
; Instr[24]  ; Reg1[25]      ; 18.010 ; 17.877 ; 17.877 ; 18.010 ;
; Instr[24]  ; Reg1[26]      ; 16.996 ; 17.732 ; 17.732 ; 16.996 ;
; Instr[24]  ; Reg1[27]      ; 18.334 ; 18.691 ; 18.691 ; 18.334 ;
; Instr[24]  ; Reg1[28]      ; 18.451 ; 18.132 ; 18.132 ; 18.451 ;
; Instr[24]  ; Reg1[29]      ; 16.877 ; 17.582 ; 17.582 ; 16.877 ;
; Instr[24]  ; Reg1[30]      ; 16.553 ; 16.780 ; 16.780 ; 16.553 ;
; Instr[24]  ; Reg1[31]      ; 17.192 ; 17.853 ; 17.853 ; 17.192 ;
; Instr[25]  ; ALUresu[0]    ; 15.498 ; 15.498 ; 15.498 ; 15.498 ;
; Instr[25]  ; ALUresu[1]    ; 15.854 ; 15.854 ; 15.854 ; 15.854 ;
; Instr[25]  ; ALUresu[2]    ; 17.163 ; 17.163 ; 17.163 ; 17.163 ;
; Instr[25]  ; ALUresu[3]    ; 17.304 ; 17.304 ; 17.304 ; 17.304 ;
; Instr[25]  ; ALUresu[4]    ; 17.640 ; 17.640 ; 17.640 ; 17.640 ;
; Instr[25]  ; ALUresu[5]    ; 17.243 ; 17.243 ; 17.243 ; 17.243 ;
; Instr[25]  ; ALUresu[6]    ; 17.867 ; 17.867 ; 17.867 ; 17.867 ;
; Instr[25]  ; ALUresu[7]    ; 18.743 ; 18.743 ; 18.743 ; 18.743 ;
; Instr[25]  ; ALUresu[8]    ; 19.286 ; 19.286 ; 19.286 ; 19.286 ;
; Instr[25]  ; ALUresu[9]    ; 18.580 ; 18.580 ; 18.580 ; 18.580 ;
; Instr[25]  ; ALUresu[10]   ; 18.385 ; 18.385 ; 18.385 ; 18.385 ;
; Instr[25]  ; ALUresu[11]   ; 18.738 ; 18.738 ; 18.738 ; 18.738 ;
; Instr[25]  ; ALUresu[12]   ; 19.298 ; 19.298 ; 19.298 ; 19.298 ;
; Instr[25]  ; ALUresu[13]   ; 17.792 ; 17.792 ; 17.792 ; 17.792 ;
; Instr[25]  ; ALUresu[14]   ; 18.710 ; 18.710 ; 18.710 ; 18.710 ;
; Instr[25]  ; ALUresu[15]   ; 19.304 ; 19.304 ; 19.304 ; 19.304 ;
; Instr[25]  ; ALUresu[16]   ; 19.299 ; 19.299 ; 19.299 ; 19.299 ;
; Instr[25]  ; ALUresu[17]   ; 17.978 ; 17.978 ; 17.978 ; 17.978 ;
; Instr[25]  ; ALUresu[18]   ; 19.447 ; 19.447 ; 19.447 ; 19.447 ;
; Instr[25]  ; ALUresu[19]   ; 19.142 ; 19.142 ; 19.142 ; 19.142 ;
; Instr[25]  ; ALUresu[20]   ; 18.730 ; 18.730 ; 18.730 ; 18.730 ;
; Instr[25]  ; ALUresu[21]   ; 19.450 ; 19.450 ; 19.450 ; 19.450 ;
; Instr[25]  ; ALUresu[22]   ; 18.929 ; 18.929 ; 18.929 ; 18.929 ;
; Instr[25]  ; ALUresu[23]   ; 18.700 ; 18.700 ; 18.700 ; 18.700 ;
; Instr[25]  ; ALUresu[24]   ; 18.948 ; 18.948 ; 18.948 ; 18.948 ;
; Instr[25]  ; ALUresu[25]   ; 19.494 ; 19.494 ; 19.494 ; 19.494 ;
; Instr[25]  ; ALUresu[26]   ; 19.566 ; 19.566 ; 19.566 ; 19.566 ;
; Instr[25]  ; ALUresu[27]   ; 19.806 ; 19.806 ; 19.806 ; 19.806 ;
; Instr[25]  ; ALUresu[28]   ; 19.689 ; 19.689 ; 19.689 ; 19.689 ;
; Instr[25]  ; ALUresu[29]   ; 18.376 ; 18.376 ; 18.376 ; 18.376 ;
; Instr[25]  ; ALUresu[30]   ; 18.408 ; 18.408 ; 18.408 ; 18.408 ;
; Instr[25]  ; ALUresu[31]   ; 18.913 ; 18.913 ; 18.913 ; 18.913 ;
; Instr[25]  ; Reg1[0]       ; 12.111 ; 13.368 ; 13.368 ; 12.111 ;
; Instr[25]  ; Reg1[1]       ; 14.150 ; 13.588 ; 13.588 ; 14.150 ;
; Instr[25]  ; Reg1[2]       ; 15.848 ; 14.843 ; 14.843 ; 15.848 ;
; Instr[25]  ; Reg1[3]       ; 17.560 ; 15.895 ; 15.895 ; 17.560 ;
; Instr[25]  ; Reg1[4]       ; 17.473 ; 15.104 ; 15.104 ; 17.473 ;
; Instr[25]  ; Reg1[5]       ; 17.784 ; 17.154 ; 17.154 ; 17.784 ;
; Instr[25]  ; Reg1[6]       ; 15.790 ; 15.680 ; 15.680 ; 15.790 ;
; Instr[25]  ; Reg1[7]       ; 16.988 ; 15.962 ; 15.962 ; 16.988 ;
; Instr[25]  ; Reg1[8]       ; 17.503 ; 16.612 ; 16.612 ; 17.503 ;
; Instr[25]  ; Reg1[9]       ; 17.010 ; 16.610 ; 16.610 ; 17.010 ;
; Instr[25]  ; Reg1[10]      ; 16.805 ; 16.988 ; 16.988 ; 16.805 ;
; Instr[25]  ; Reg1[11]      ; 17.667 ; 16.759 ; 16.759 ; 17.667 ;
; Instr[25]  ; Reg1[12]      ; 18.131 ; 16.877 ; 16.877 ; 18.131 ;
; Instr[25]  ; Reg1[13]      ; 17.769 ; 16.383 ; 16.383 ; 17.769 ;
; Instr[25]  ; Reg1[14]      ; 17.107 ; 17.016 ; 17.016 ; 17.107 ;
; Instr[25]  ; Reg1[15]      ; 18.385 ; 17.640 ; 17.640 ; 18.385 ;
; Instr[25]  ; Reg1[16]      ; 17.642 ; 17.181 ; 17.181 ; 17.642 ;
; Instr[25]  ; Reg1[17]      ; 18.373 ; 17.135 ; 17.135 ; 18.373 ;
; Instr[25]  ; Reg1[18]      ; 18.073 ; 17.041 ; 17.041 ; 18.073 ;
; Instr[25]  ; Reg1[19]      ; 18.462 ; 16.803 ; 16.803 ; 18.462 ;
; Instr[25]  ; Reg1[20]      ; 17.200 ; 16.293 ; 16.293 ; 17.200 ;
; Instr[25]  ; Reg1[21]      ; 17.760 ; 17.711 ; 17.711 ; 17.760 ;
; Instr[25]  ; Reg1[22]      ; 17.827 ; 17.005 ; 17.005 ; 17.827 ;
; Instr[25]  ; Reg1[23]      ; 16.793 ; 16.564 ; 16.564 ; 16.793 ;
; Instr[25]  ; Reg1[24]      ; 17.688 ; 16.875 ; 16.875 ; 17.688 ;
; Instr[25]  ; Reg1[25]      ; 18.585 ; 17.319 ; 17.319 ; 18.585 ;
; Instr[25]  ; Reg1[26]      ; 17.492 ; 16.828 ; 16.828 ; 17.492 ;
; Instr[25]  ; Reg1[27]      ; 18.000 ; 18.133 ; 18.133 ; 18.000 ;
; Instr[25]  ; Reg1[28]      ; 18.079 ; 17.574 ; 17.574 ; 18.079 ;
; Instr[25]  ; Reg1[29]      ; 17.614 ; 16.709 ; 16.709 ; 17.614 ;
; Instr[25]  ; Reg1[30]      ; 16.205 ; 16.385 ; 16.385 ; 16.205 ;
; Instr[25]  ; Reg1[31]      ; 17.325 ; 17.024 ; 17.024 ; 17.325 ;
; Instr[26]  ; ALUControl[0] ;        ; 14.051 ; 14.051 ;        ;
; Instr[26]  ; ALUControl[2] ;        ; 14.051 ; 14.051 ;        ;
; Instr[26]  ; ALUresu[0]    ; 14.814 ; 14.814 ; 14.814 ; 14.814 ;
; Instr[26]  ; ALUresu[1]    ; 14.316 ; 19.286 ; 19.286 ; 14.316 ;
; Instr[26]  ; ALUresu[2]    ; 15.033 ; 16.061 ; 16.061 ; 15.033 ;
; Instr[26]  ; ALUresu[3]    ; 14.795 ; 14.989 ; 14.989 ; 14.795 ;
; Instr[26]  ; ALUresu[4]    ; 14.709 ; 15.271 ; 15.271 ; 14.709 ;
; Instr[26]  ; ALUresu[5]    ; 13.562 ; 13.599 ; 13.599 ; 13.562 ;
; Instr[26]  ; ALUresu[6]    ; 14.095 ; 14.095 ; 14.095 ; 14.095 ;
; Instr[26]  ; ALUresu[7]    ; 14.325 ; 14.844 ; 14.844 ; 14.325 ;
; Instr[26]  ; ALUresu[8]    ; 13.961 ; 14.461 ; 14.461 ; 13.961 ;
; Instr[26]  ; ALUresu[9]    ; 13.660 ; 13.660 ; 13.660 ; 13.660 ;
; Instr[26]  ; ALUresu[10]   ; 15.657 ; 15.657 ; 15.657 ; 15.657 ;
; Instr[26]  ; ALUresu[11]   ; 13.732 ; 14.429 ; 14.429 ; 13.732 ;
; Instr[26]  ; ALUresu[12]   ; 14.758 ; 14.758 ; 14.758 ; 14.758 ;
; Instr[26]  ; ALUresu[13]   ; 13.522 ; 14.356 ; 14.356 ; 13.522 ;
; Instr[26]  ; ALUresu[14]   ; 14.115 ; 14.115 ; 14.115 ; 14.115 ;
; Instr[26]  ; ALUresu[15]   ; 14.426 ; 14.846 ; 14.846 ; 14.426 ;
; Instr[26]  ; ALUresu[16]   ; 14.700 ; 14.700 ; 14.700 ; 14.700 ;
; Instr[26]  ; ALUresu[17]   ; 13.602 ; 13.602 ; 13.602 ; 13.602 ;
; Instr[26]  ; ALUresu[18]   ; 15.238 ; 15.238 ; 15.238 ; 15.238 ;
; Instr[26]  ; ALUresu[19]   ; 14.738 ; 15.987 ; 15.987 ; 14.738 ;
; Instr[26]  ; ALUresu[20]   ; 14.468 ; 14.468 ; 14.468 ; 14.468 ;
; Instr[26]  ; ALUresu[21]   ; 14.753 ; 14.753 ; 14.753 ; 14.753 ;
; Instr[26]  ; ALUresu[22]   ; 14.760 ; 14.760 ; 14.760 ; 14.760 ;
; Instr[26]  ; ALUresu[23]   ; 13.332 ; 13.332 ; 13.332 ; 13.332 ;
; Instr[26]  ; ALUresu[24]   ; 14.944 ; 14.944 ; 14.944 ; 14.944 ;
; Instr[26]  ; ALUresu[25]   ; 14.303 ; 14.303 ; 14.303 ; 14.303 ;
; Instr[26]  ; ALUresu[26]   ; 14.674 ; 14.674 ; 14.674 ; 14.674 ;
; Instr[26]  ; ALUresu[27]   ; 14.400 ; 14.400 ; 14.400 ; 14.400 ;
; Instr[26]  ; ALUresu[28]   ; 13.253 ; 13.253 ; 13.253 ; 13.253 ;
; Instr[26]  ; ALUresu[29]   ; 13.374 ; 13.374 ; 13.374 ; 13.374 ;
; Instr[26]  ; ALUresu[30]   ; 13.294 ; 13.294 ; 13.294 ; 13.294 ;
; Instr[26]  ; ALUresu[31]   ; 12.375 ; 12.375 ; 12.375 ; 12.375 ;
; Instr[27]  ; ALUControl[0] ;        ; 16.602 ; 16.602 ;        ;
; Instr[27]  ; ALUControl[2] ;        ; 16.602 ; 16.602 ;        ;
; Instr[27]  ; ALUresu[0]    ; 17.130 ; 16.392 ; 16.392 ; 17.130 ;
; Instr[27]  ; ALUresu[1]    ; 16.867 ; 19.931 ; 19.931 ; 16.867 ;
; Instr[27]  ; ALUresu[2]    ; 17.584 ; 18.472 ; 18.472 ; 17.584 ;
; Instr[27]  ; ALUresu[3]    ; 17.346 ; 17.400 ; 17.400 ; 17.346 ;
; Instr[27]  ; ALUresu[4]    ; 17.260 ; 17.736 ; 17.736 ; 17.260 ;
; Instr[27]  ; ALUresu[5]    ; 15.244 ; 15.244 ; 15.244 ; 15.244 ;
; Instr[27]  ; ALUresu[6]    ; 15.740 ; 15.740 ; 15.740 ; 15.740 ;
; Instr[27]  ; ALUresu[7]    ; 16.500 ; 16.500 ; 16.500 ; 16.500 ;
; Instr[27]  ; ALUresu[8]    ; 16.481 ; 16.481 ; 16.481 ; 16.481 ;
; Instr[27]  ; ALUresu[9]    ; 15.037 ; 15.037 ; 15.037 ; 15.037 ;
; Instr[27]  ; ALUresu[10]   ; 16.672 ; 16.672 ; 16.672 ; 16.672 ;
; Instr[27]  ; ALUresu[11]   ; 15.375 ; 15.375 ; 15.375 ; 15.375 ;
; Instr[27]  ; ALUresu[12]   ; 16.264 ; 16.264 ; 16.264 ; 16.264 ;
; Instr[27]  ; ALUresu[13]   ; 14.581 ; 14.581 ; 14.581 ; 14.581 ;
; Instr[27]  ; ALUresu[14]   ; 15.041 ; 15.041 ; 15.041 ; 15.041 ;
; Instr[27]  ; ALUresu[15]   ; 15.703 ; 15.703 ; 15.703 ; 15.703 ;
; Instr[27]  ; ALUresu[16]   ; 16.094 ; 16.094 ; 16.094 ; 16.094 ;
; Instr[27]  ; ALUresu[17]   ; 15.007 ; 15.007 ; 15.007 ; 15.007 ;
; Instr[27]  ; ALUresu[18]   ; 16.358 ; 16.358 ; 16.358 ; 16.358 ;
; Instr[27]  ; ALUresu[19]   ; 16.210 ; 16.210 ; 16.210 ; 16.210 ;
; Instr[27]  ; ALUresu[20]   ; 15.869 ; 15.869 ; 15.869 ; 15.869 ;
; Instr[27]  ; ALUresu[21]   ; 16.145 ; 16.145 ; 16.145 ; 16.145 ;
; Instr[27]  ; ALUresu[22]   ; 16.166 ; 16.166 ; 16.166 ; 16.166 ;
; Instr[27]  ; ALUresu[23]   ; 15.658 ; 15.658 ; 15.658 ; 15.658 ;
; Instr[27]  ; ALUresu[24]   ; 16.339 ; 16.339 ; 16.339 ; 16.339 ;
; Instr[27]  ; ALUresu[25]   ; 14.914 ; 14.914 ; 14.914 ; 14.914 ;
; Instr[27]  ; ALUresu[26]   ; 15.288 ; 15.288 ; 15.288 ; 15.288 ;
; Instr[27]  ; ALUresu[27]   ; 15.802 ; 15.802 ; 15.802 ; 15.802 ;
; Instr[27]  ; ALUresu[28]   ; 13.865 ; 13.865 ; 13.865 ; 13.865 ;
; Instr[27]  ; ALUresu[29]   ; 14.781 ; 14.781 ; 14.781 ; 14.781 ;
; Instr[27]  ; ALUresu[30]   ; 15.311 ; 15.311 ; 15.311 ; 15.311 ;
; Instr[27]  ; ALUresu[31]   ; 13.989 ; 13.989 ; 13.989 ; 13.989 ;
; Instr[28]  ; ALUControl[0] ;        ; 16.498 ; 16.498 ;        ;
; Instr[28]  ; ALUControl[2] ;        ; 16.498 ; 16.498 ;        ;
; Instr[28]  ; ALUresu[0]    ; 17.026 ; 16.288 ; 16.288 ; 17.026 ;
; Instr[28]  ; ALUresu[1]    ; 16.763 ; 19.827 ; 19.827 ; 16.763 ;
; Instr[28]  ; ALUresu[2]    ; 17.480 ; 18.368 ; 18.368 ; 17.480 ;
; Instr[28]  ; ALUresu[3]    ; 17.242 ; 17.296 ; 17.296 ; 17.242 ;
; Instr[28]  ; ALUresu[4]    ; 17.156 ; 17.632 ; 17.632 ; 17.156 ;
; Instr[28]  ; ALUresu[5]    ; 15.140 ; 15.140 ; 15.140 ; 15.140 ;
; Instr[28]  ; ALUresu[6]    ; 15.636 ; 15.636 ; 15.636 ; 15.636 ;
; Instr[28]  ; ALUresu[7]    ; 16.396 ; 16.396 ; 16.396 ; 16.396 ;
; Instr[28]  ; ALUresu[8]    ; 16.377 ; 16.377 ; 16.377 ; 16.377 ;
; Instr[28]  ; ALUresu[9]    ; 14.933 ; 14.933 ; 14.933 ; 14.933 ;
; Instr[28]  ; ALUresu[10]   ; 16.568 ; 16.568 ; 16.568 ; 16.568 ;
; Instr[28]  ; ALUresu[11]   ; 15.271 ; 15.271 ; 15.271 ; 15.271 ;
; Instr[28]  ; ALUresu[12]   ; 16.160 ; 16.160 ; 16.160 ; 16.160 ;
; Instr[28]  ; ALUresu[13]   ; 14.477 ; 14.477 ; 14.477 ; 14.477 ;
; Instr[28]  ; ALUresu[14]   ; 14.937 ; 14.937 ; 14.937 ; 14.937 ;
; Instr[28]  ; ALUresu[15]   ; 15.599 ; 15.599 ; 15.599 ; 15.599 ;
; Instr[28]  ; ALUresu[16]   ; 15.990 ; 15.990 ; 15.990 ; 15.990 ;
; Instr[28]  ; ALUresu[17]   ; 14.903 ; 14.903 ; 14.903 ; 14.903 ;
; Instr[28]  ; ALUresu[18]   ; 16.254 ; 16.254 ; 16.254 ; 16.254 ;
; Instr[28]  ; ALUresu[19]   ; 16.106 ; 16.106 ; 16.106 ; 16.106 ;
; Instr[28]  ; ALUresu[20]   ; 15.765 ; 15.765 ; 15.765 ; 15.765 ;
; Instr[28]  ; ALUresu[21]   ; 16.041 ; 16.041 ; 16.041 ; 16.041 ;
; Instr[28]  ; ALUresu[22]   ; 16.062 ; 16.062 ; 16.062 ; 16.062 ;
; Instr[28]  ; ALUresu[23]   ; 15.554 ; 15.554 ; 15.554 ; 15.554 ;
; Instr[28]  ; ALUresu[24]   ; 16.235 ; 16.235 ; 16.235 ; 16.235 ;
; Instr[28]  ; ALUresu[25]   ; 14.810 ; 14.810 ; 14.810 ; 14.810 ;
; Instr[28]  ; ALUresu[26]   ; 15.184 ; 15.184 ; 15.184 ; 15.184 ;
; Instr[28]  ; ALUresu[27]   ; 15.698 ; 15.698 ; 15.698 ; 15.698 ;
; Instr[28]  ; ALUresu[28]   ; 13.761 ; 13.761 ; 13.761 ; 13.761 ;
; Instr[28]  ; ALUresu[29]   ; 14.677 ; 14.677 ; 14.677 ; 14.677 ;
; Instr[28]  ; ALUresu[30]   ; 15.207 ; 15.207 ; 15.207 ; 15.207 ;
; Instr[28]  ; ALUresu[31]   ; 13.885 ; 13.885 ; 13.885 ; 13.885 ;
; Instr[29]  ; ALUresu[0]    ; 16.210 ; 16.009 ; 16.009 ; 16.210 ;
; Instr[29]  ; ALUresu[1]    ; 18.928 ; 18.928 ; 18.928 ; 18.928 ;
; Instr[29]  ; ALUresu[2]    ; 17.085 ; 17.085 ; 17.085 ; 17.085 ;
; Instr[29]  ; ALUresu[3]    ; 16.013 ; 16.013 ; 16.013 ; 16.013 ;
; Instr[29]  ; ALUresu[4]    ; 16.318 ; 16.318 ; 16.318 ; 16.318 ;
; Instr[29]  ; ALUresu[5]    ; 14.029 ; 14.029 ; 14.029 ; 14.029 ;
; Instr[29]  ; ALUresu[6]    ; 14.526 ; 14.526 ; 14.526 ; 14.526 ;
; Instr[29]  ; ALUresu[7]    ; 15.287 ; 15.287 ; 15.287 ; 15.287 ;
; Instr[29]  ; ALUresu[8]    ; 15.077 ; 15.077 ; 15.077 ; 15.077 ;
; Instr[29]  ; ALUresu[9]    ; 14.681 ; 14.681 ; 14.681 ; 14.681 ;
; Instr[29]  ; ALUresu[10]   ; 15.611 ; 15.611 ; 15.611 ; 15.611 ;
; Instr[29]  ; ALUresu[11]   ; 14.129 ; 14.129 ; 14.129 ; 14.129 ;
; Instr[29]  ; ALUresu[12]   ; 15.024 ; 15.024 ; 15.024 ; 15.024 ;
; Instr[29]  ; ALUresu[13]   ; 14.405 ; 14.405 ; 14.405 ; 14.405 ;
; Instr[29]  ; ALUresu[14]   ; 14.188 ; 14.188 ; 14.188 ; 14.188 ;
; Instr[29]  ; ALUresu[15]   ; 14.636 ; 14.636 ; 14.636 ; 14.636 ;
; Instr[29]  ; ALUresu[16]   ; 15.727 ; 15.727 ; 15.727 ; 15.727 ;
; Instr[29]  ; ALUresu[17]   ; 14.629 ; 14.629 ; 14.629 ; 14.629 ;
; Instr[29]  ; ALUresu[18]   ; 15.887 ; 15.887 ; 15.887 ; 15.887 ;
; Instr[29]  ; ALUresu[19]   ; 15.552 ; 15.552 ; 15.552 ; 15.552 ;
; Instr[29]  ; ALUresu[20]   ; 15.496 ; 15.496 ; 15.496 ; 15.496 ;
; Instr[29]  ; ALUresu[21]   ; 15.482 ; 15.482 ; 15.482 ; 15.482 ;
; Instr[29]  ; ALUresu[22]   ; 15.787 ; 15.787 ; 15.787 ; 15.787 ;
; Instr[29]  ; ALUresu[23]   ; 13.334 ; 13.334 ; 13.334 ; 13.334 ;
; Instr[29]  ; ALUresu[24]   ; 15.970 ; 15.970 ; 15.970 ; 15.970 ;
; Instr[29]  ; ALUresu[25]   ; 14.531 ; 14.531 ; 14.531 ; 14.531 ;
; Instr[29]  ; ALUresu[26]   ; 14.904 ; 14.904 ; 14.904 ; 14.904 ;
; Instr[29]  ; ALUresu[27]   ; 15.428 ; 15.428 ; 15.428 ; 15.428 ;
; Instr[29]  ; ALUresu[28]   ; 13.482 ; 13.482 ; 13.482 ; 13.482 ;
; Instr[29]  ; ALUresu[29]   ; 14.399 ; 14.399 ; 14.399 ; 14.399 ;
; Instr[29]  ; ALUresu[30]   ; 13.874 ; 13.874 ; 13.874 ; 13.874 ;
; Instr[29]  ; ALUresu[31]   ; 13.069 ; 13.069 ; 13.069 ; 13.069 ;
; Instr[30]  ; ALUControl[0] ;        ; 16.503 ; 16.503 ;        ;
; Instr[30]  ; ALUControl[2] ;        ; 16.503 ; 16.503 ;        ;
; Instr[30]  ; ALUresu[0]    ; 17.031 ; 16.293 ; 16.293 ; 17.031 ;
; Instr[30]  ; ALUresu[1]    ; 16.768 ; 19.832 ; 19.832 ; 16.768 ;
; Instr[30]  ; ALUresu[2]    ; 17.485 ; 18.373 ; 18.373 ; 17.485 ;
; Instr[30]  ; ALUresu[3]    ; 17.247 ; 17.301 ; 17.301 ; 17.247 ;
; Instr[30]  ; ALUresu[4]    ; 17.161 ; 17.637 ; 17.637 ; 17.161 ;
; Instr[30]  ; ALUresu[5]    ; 15.145 ; 15.145 ; 15.145 ; 15.145 ;
; Instr[30]  ; ALUresu[6]    ; 15.641 ; 15.641 ; 15.641 ; 15.641 ;
; Instr[30]  ; ALUresu[7]    ; 16.401 ; 16.401 ; 16.401 ; 16.401 ;
; Instr[30]  ; ALUresu[8]    ; 16.382 ; 16.382 ; 16.382 ; 16.382 ;
; Instr[30]  ; ALUresu[9]    ; 14.938 ; 14.938 ; 14.938 ; 14.938 ;
; Instr[30]  ; ALUresu[10]   ; 16.573 ; 16.573 ; 16.573 ; 16.573 ;
; Instr[30]  ; ALUresu[11]   ; 15.276 ; 15.276 ; 15.276 ; 15.276 ;
; Instr[30]  ; ALUresu[12]   ; 16.165 ; 16.165 ; 16.165 ; 16.165 ;
; Instr[30]  ; ALUresu[13]   ; 14.482 ; 14.482 ; 14.482 ; 14.482 ;
; Instr[30]  ; ALUresu[14]   ; 14.942 ; 14.942 ; 14.942 ; 14.942 ;
; Instr[30]  ; ALUresu[15]   ; 15.604 ; 15.604 ; 15.604 ; 15.604 ;
; Instr[30]  ; ALUresu[16]   ; 15.995 ; 15.995 ; 15.995 ; 15.995 ;
; Instr[30]  ; ALUresu[17]   ; 14.908 ; 14.908 ; 14.908 ; 14.908 ;
; Instr[30]  ; ALUresu[18]   ; 16.259 ; 16.259 ; 16.259 ; 16.259 ;
; Instr[30]  ; ALUresu[19]   ; 16.111 ; 16.111 ; 16.111 ; 16.111 ;
; Instr[30]  ; ALUresu[20]   ; 15.770 ; 15.770 ; 15.770 ; 15.770 ;
; Instr[30]  ; ALUresu[21]   ; 16.046 ; 16.046 ; 16.046 ; 16.046 ;
; Instr[30]  ; ALUresu[22]   ; 16.067 ; 16.067 ; 16.067 ; 16.067 ;
; Instr[30]  ; ALUresu[23]   ; 15.559 ; 15.559 ; 15.559 ; 15.559 ;
; Instr[30]  ; ALUresu[24]   ; 16.240 ; 16.240 ; 16.240 ; 16.240 ;
; Instr[30]  ; ALUresu[25]   ; 14.815 ; 14.815 ; 14.815 ; 14.815 ;
; Instr[30]  ; ALUresu[26]   ; 15.189 ; 15.189 ; 15.189 ; 15.189 ;
; Instr[30]  ; ALUresu[27]   ; 15.703 ; 15.703 ; 15.703 ; 15.703 ;
; Instr[30]  ; ALUresu[28]   ; 13.766 ; 13.766 ; 13.766 ; 13.766 ;
; Instr[30]  ; ALUresu[29]   ; 14.682 ; 14.682 ; 14.682 ; 14.682 ;
; Instr[30]  ; ALUresu[30]   ; 15.212 ; 15.212 ; 15.212 ; 15.212 ;
; Instr[30]  ; ALUresu[31]   ; 13.890 ; 13.890 ; 13.890 ; 13.890 ;
; Instr[31]  ; ALUControl[0] ;        ; 17.442 ; 17.442 ;        ;
; Instr[31]  ; ALUControl[2] ;        ; 17.442 ; 17.442 ;        ;
; Instr[31]  ; ALUresu[0]    ; 17.970 ; 17.232 ; 17.232 ; 17.970 ;
; Instr[31]  ; ALUresu[1]    ; 17.707 ; 20.771 ; 20.771 ; 17.707 ;
; Instr[31]  ; ALUresu[2]    ; 18.424 ; 19.312 ; 19.312 ; 18.424 ;
; Instr[31]  ; ALUresu[3]    ; 18.186 ; 18.240 ; 18.240 ; 18.186 ;
; Instr[31]  ; ALUresu[4]    ; 18.100 ; 18.576 ; 18.576 ; 18.100 ;
; Instr[31]  ; ALUresu[5]    ; 16.084 ; 16.084 ; 16.084 ; 16.084 ;
; Instr[31]  ; ALUresu[6]    ; 16.580 ; 16.580 ; 16.580 ; 16.580 ;
; Instr[31]  ; ALUresu[7]    ; 17.340 ; 17.340 ; 17.340 ; 17.340 ;
; Instr[31]  ; ALUresu[8]    ; 17.321 ; 17.321 ; 17.321 ; 17.321 ;
; Instr[31]  ; ALUresu[9]    ; 15.877 ; 15.877 ; 15.877 ; 15.877 ;
; Instr[31]  ; ALUresu[10]   ; 17.512 ; 17.512 ; 17.512 ; 17.512 ;
; Instr[31]  ; ALUresu[11]   ; 16.215 ; 16.215 ; 16.215 ; 16.215 ;
; Instr[31]  ; ALUresu[12]   ; 17.104 ; 17.104 ; 17.104 ; 17.104 ;
; Instr[31]  ; ALUresu[13]   ; 15.421 ; 15.421 ; 15.421 ; 15.421 ;
; Instr[31]  ; ALUresu[14]   ; 15.881 ; 15.881 ; 15.881 ; 15.881 ;
; Instr[31]  ; ALUresu[15]   ; 16.543 ; 16.543 ; 16.543 ; 16.543 ;
; Instr[31]  ; ALUresu[16]   ; 16.934 ; 16.934 ; 16.934 ; 16.934 ;
; Instr[31]  ; ALUresu[17]   ; 15.847 ; 15.847 ; 15.847 ; 15.847 ;
; Instr[31]  ; ALUresu[18]   ; 17.198 ; 17.198 ; 17.198 ; 17.198 ;
; Instr[31]  ; ALUresu[19]   ; 17.050 ; 17.050 ; 17.050 ; 17.050 ;
; Instr[31]  ; ALUresu[20]   ; 16.709 ; 16.709 ; 16.709 ; 16.709 ;
; Instr[31]  ; ALUresu[21]   ; 16.985 ; 16.985 ; 16.985 ; 16.985 ;
; Instr[31]  ; ALUresu[22]   ; 17.006 ; 17.006 ; 17.006 ; 17.006 ;
; Instr[31]  ; ALUresu[23]   ; 16.498 ; 16.498 ; 16.498 ; 16.498 ;
; Instr[31]  ; ALUresu[24]   ; 17.179 ; 17.179 ; 17.179 ; 17.179 ;
; Instr[31]  ; ALUresu[25]   ; 15.754 ; 15.754 ; 15.754 ; 15.754 ;
; Instr[31]  ; ALUresu[26]   ; 16.128 ; 16.128 ; 16.128 ; 16.128 ;
; Instr[31]  ; ALUresu[27]   ; 16.642 ; 16.642 ; 16.642 ; 16.642 ;
; Instr[31]  ; ALUresu[28]   ; 14.705 ; 14.705 ; 14.705 ; 14.705 ;
; Instr[31]  ; ALUresu[29]   ; 15.621 ; 15.621 ; 15.621 ; 15.621 ;
; Instr[31]  ; ALUresu[30]   ; 16.151 ; 16.151 ; 16.151 ; 16.151 ;
; Instr[31]  ; ALUresu[31]   ; 14.829 ; 14.829 ; 14.829 ; 14.829 ;
+------------+---------------+--------+--------+--------+--------+


+-----------------------------------+
; Fast Model Setup Summary          ;
+----------+--------+---------------+
; Clock    ; Slack  ; End Point TNS ;
+----------+--------+---------------+
; CLK      ; -8.981 ; -8313.381     ;
; Instr[0] ; -1.817 ; -126.283      ;
+----------+--------+---------------+


+-----------------------------------+
; Fast Model Hold Summary           ;
+----------+--------+---------------+
; Clock    ; Slack  ; End Point TNS ;
+----------+--------+---------------+
; Instr[0] ; -3.832 ; -2615.849     ;
; CLK      ; 0.729  ; 0.000         ;
+----------+--------+---------------+


-------------------------------
; Fast Model Recovery Summary ;
-------------------------------
No paths to report.


------------------------------
; Fast Model Removal Summary ;
------------------------------
No paths to report.


+----------------------------------------+
; Fast Model Minimum Pulse Width Summary ;
+----------+--------+--------------------+
; Clock    ; Slack  ; End Point TNS      ;
+----------+--------+--------------------+
; Instr[0] ; -2.981 ; -7437.650          ;
; CLK      ; -1.222 ; -1025.222          ;
+----------+--------+--------------------+


+--------------------------------------------------------------------------------------------------------------------------------------------------------------------------------------------------------------------------+
; Fast Model Setup: 'CLK'                                                                                                                                                                                                  ;
+--------+---------------------------------------------------------------------+---------------------------------------------------------------------+--------------+-------------+--------------+------------+------------+
; Slack  ; From Node                                                           ; To Node                                                             ; Launch Clock ; Latch Clock ; Relationship ; Clock Skew ; Data Delay ;
+--------+---------------------------------------------------------------------+---------------------------------------------------------------------+--------------+-------------+--------------+------------+------------+
; -8.981 ; RF32x32:inst|RFC32x32:inst1|RFC32:inst5|RFC8:inst1|RFC:inst12|inst  ; RF32x32:inst|RFC32x32:inst1|RFC32:inst|RFC8:inst3|RFC:inst8|inst    ; CLK          ; CLK         ; 1.000        ; -0.117     ; 9.896      ;
; -8.978 ; RF32x32:inst|RFC32x32:inst1|RFC32:inst5|RFC8:inst1|RFC:inst12|inst  ; RF32x32:inst|RFC32x32:inst1|RFC32:inst5|RFC8:inst3|RFC:inst8|inst   ; CLK          ; CLK         ; 1.000        ; -0.117     ; 9.893      ;
; -8.930 ; RF32x32:inst|RFC32x32:inst1|RFC32:inst|RFC8:inst1|RFC:inst12|inst   ; RF32x32:inst|RFC32x32:inst1|RFC32:inst|RFC8:inst3|RFC:inst8|inst    ; CLK          ; CLK         ; 1.000        ; -0.116     ; 9.846      ;
; -8.927 ; RF32x32:inst|RFC32x32:inst1|RFC32:inst|RFC8:inst1|RFC:inst12|inst   ; RF32x32:inst|RFC32x32:inst1|RFC32:inst5|RFC8:inst3|RFC:inst8|inst   ; CLK          ; CLK         ; 1.000        ; -0.116     ; 9.843      ;
; -8.897 ; RF32x32:inst|RFC32x32:inst1|RFC32:inst5|RFC8:inst1|RFC:inst12|inst  ; RF32x32:inst|RFC32x32:inst1|RFC32:inst12|RFC8:inst3|RFC:inst18|inst ; CLK          ; CLK         ; 1.000        ; 0.011      ; 9.940      ;
; -8.896 ; RF32x32:inst|RFC32x32:inst1|RFC32:inst5|RFC8:inst1|RFC:inst12|inst  ; RF32x32:inst|RFC32x32:inst1|RFC32:inst38|RFC8:inst3|RFC:inst18|inst ; CLK          ; CLK         ; 1.000        ; 0.010      ; 9.938      ;
; -8.889 ; RF32x32:inst|RFC32x32:inst1|RFC32:inst5|RFC8:inst1|RFC:inst12|inst  ; RF32x32:inst|RFC32x32:inst1|RFC32:inst17|RFC8:inst3|RFC:inst18|inst ; CLK          ; CLK         ; 1.000        ; 0.012      ; 9.933      ;
; -8.888 ; RF32x32:inst|RFC32x32:inst1|RFC32:inst5|RFC8:inst1|RFC:inst12|inst  ; RF32x32:inst|RFC32x32:inst1|RFC32:inst6|RFC8:inst3|RFC:inst8|inst   ; CLK          ; CLK         ; 1.000        ; -0.019     ; 9.901      ;
; -8.884 ; RF32x32:inst|RFC32x32:inst1|RFC32:inst5|RFC8:inst1|RFC:inst12|inst  ; RF32x32:inst|RFC32x32:inst1|RFC32:inst7|RFC8:inst3|RFC:inst8|inst   ; CLK          ; CLK         ; 1.000        ; -0.019     ; 9.897      ;
; -8.869 ; RF32x32:inst|RFC32x32:inst1|RFC32:inst5|RFC8:inst1|RFC:inst12|inst  ; RF32x32:inst|RFC32x32:inst1|RFC32:inst39|RFC8:inst3|RFC:inst18|inst ; CLK          ; CLK         ; 1.000        ; 0.020      ; 9.921      ;
; -8.847 ; RF32x32:inst|RFC32x32:inst1|RFC32:inst5|RFC8:inst1|RFC:inst12|inst  ; RF32x32:inst|RFC32x32:inst1|RFC32:inst19|RFC8:inst3|RFC:inst8|inst  ; CLK          ; CLK         ; 1.000        ; -0.003     ; 9.876      ;
; -8.846 ; RF32x32:inst|RFC32x32:inst1|RFC32:inst|RFC8:inst1|RFC:inst12|inst   ; RF32x32:inst|RFC32x32:inst1|RFC32:inst12|RFC8:inst3|RFC:inst18|inst ; CLK          ; CLK         ; 1.000        ; 0.012      ; 9.890      ;
; -8.845 ; RF32x32:inst|RFC32x32:inst1|RFC32:inst5|RFC8:inst1|RFC:inst12|inst  ; RF32x32:inst|RFC32x32:inst1|RFC32:inst39|RFC8:inst3|RFC:inst8|inst  ; CLK          ; CLK         ; 1.000        ; -0.003     ; 9.874      ;
; -8.845 ; RF32x32:inst|RFC32x32:inst1|RFC32:inst|RFC8:inst1|RFC:inst12|inst   ; RF32x32:inst|RFC32x32:inst1|RFC32:inst38|RFC8:inst3|RFC:inst18|inst ; CLK          ; CLK         ; 1.000        ; 0.011      ; 9.888      ;
; -8.838 ; RF32x32:inst|RFC32x32:inst1|RFC32:inst|RFC8:inst1|RFC:inst12|inst   ; RF32x32:inst|RFC32x32:inst1|RFC32:inst17|RFC8:inst3|RFC:inst18|inst ; CLK          ; CLK         ; 1.000        ; 0.013      ; 9.883      ;
; -8.837 ; RF32x32:inst|RFC32x32:inst1|RFC32:inst|RFC8:inst1|RFC:inst12|inst   ; RF32x32:inst|RFC32x32:inst1|RFC32:inst6|RFC8:inst3|RFC:inst8|inst   ; CLK          ; CLK         ; 1.000        ; -0.018     ; 9.851      ;
; -8.833 ; RF32x32:inst|RFC32x32:inst1|RFC32:inst|RFC8:inst1|RFC:inst12|inst   ; RF32x32:inst|RFC32x32:inst1|RFC32:inst7|RFC8:inst3|RFC:inst8|inst   ; CLK          ; CLK         ; 1.000        ; -0.018     ; 9.847      ;
; -8.818 ; RF32x32:inst|RFC32x32:inst1|RFC32:inst|RFC8:inst1|RFC:inst12|inst   ; RF32x32:inst|RFC32x32:inst1|RFC32:inst39|RFC8:inst3|RFC:inst18|inst ; CLK          ; CLK         ; 1.000        ; 0.021      ; 9.871      ;
; -8.815 ; RF32x32:inst|RFC32x32:inst1|RFC32:inst5|RFC8:inst1|RFC:inst12|inst  ; RF32x32:inst|RFC32x32:inst1|RFC32:inst10|RFC8:inst3|RFC:inst8|inst  ; CLK          ; CLK         ; 1.000        ; 0.025      ; 9.872      ;
; -8.809 ; RF32x32:inst|RFC32x32:inst1|RFC32:inst5|RFC8:inst1|RFC:inst12|inst  ; RF32x32:inst|RFC32x32:inst1|RFC32:inst11|RFC8:inst3|RFC:inst8|inst  ; CLK          ; CLK         ; 1.000        ; 0.027      ; 9.868      ;
; -8.800 ; RF32x32:inst|RFC32x32:inst1|RFC32:inst5|RFC8:inst1|RFC:inst12|inst  ; RF32x32:inst|RFC32x32:inst1|RFC32:inst15|RFC8:inst3|RFC:inst18|inst ; CLK          ; CLK         ; 1.000        ; 0.068      ; 9.900      ;
; -8.799 ; RF32x32:inst|RFC32x32:inst1|RFC32:inst5|RFC8:inst1|RFC:inst12|inst  ; RF32x32:inst|RFC32x32:inst1|RFC32:inst16|RFC8:inst3|RFC:inst18|inst ; CLK          ; CLK         ; 1.000        ; 0.069      ; 9.900      ;
; -8.796 ; RF32x32:inst|RFC32x32:inst1|RFC32:inst|RFC8:inst1|RFC:inst12|inst   ; RF32x32:inst|RFC32x32:inst1|RFC32:inst19|RFC8:inst3|RFC:inst8|inst  ; CLK          ; CLK         ; 1.000        ; -0.002     ; 9.826      ;
; -8.794 ; RF32x32:inst|RFC32x32:inst1|RFC32:inst5|RFC8:inst1|RFC:inst12|inst  ; RF32x32:inst|RFC32x32:inst1|RFC32:inst7|RFC8:inst3|RFC:inst18|inst  ; CLK          ; CLK         ; 1.000        ; 0.005      ; 9.831      ;
; -8.794 ; RF32x32:inst|RFC32x32:inst1|RFC32:inst|RFC8:inst1|RFC:inst12|inst   ; RF32x32:inst|RFC32x32:inst1|RFC32:inst39|RFC8:inst3|RFC:inst8|inst  ; CLK          ; CLK         ; 1.000        ; -0.002     ; 9.824      ;
; -8.791 ; RF32x32:inst|RFC32x32:inst1|RFC32:inst5|RFC8:inst1|RFC:inst12|inst  ; RF32x32:inst|RFC32x32:inst1|RFC32:inst6|RFC8:inst3|RFC:inst18|inst  ; CLK          ; CLK         ; 1.000        ; 0.005      ; 9.828      ;
; -8.786 ; RF32x32:inst|RFC32x32:inst1|RFC32:inst5|RFC8:inst1|RFC:inst12|inst  ; RF32x32:inst|RFC32x32:inst1|RFC32:inst38|RFC8:inst3|RFC:inst8|inst  ; CLK          ; CLK         ; 1.000        ; 0.043      ; 9.861      ;
; -8.784 ; RF32x32:inst|RFC32x32:inst1|RFC32:inst5|RFC8:inst1|RFC:inst12|inst  ; RF32x32:inst|RFC32x32:inst1|RFC32:inst19|RFC8:inst3|RFC:inst18|inst ; CLK          ; CLK         ; 1.000        ; 0.020      ; 9.836      ;
; -8.781 ; RF32x32:inst|RFC32x32:inst1|RFC32:inst5|RFC8:inst1|RFC:inst12|inst  ; RF32x32:inst|RFC32x32:inst1|RFC32:inst12|RFC8:inst3|RFC:inst8|inst  ; CLK          ; CLK         ; 1.000        ; 0.044      ; 9.857      ;
; -8.778 ; RF32x32:inst|RFC32x32:inst1|RFC32:inst9|RFC8:inst1|RFC:inst12|inst  ; RF32x32:inst|RFC32x32:inst1|RFC32:inst|RFC8:inst3|RFC:inst8|inst    ; CLK          ; CLK         ; 1.000        ; -0.039     ; 9.771      ;
; -8.775 ; RF32x32:inst|RFC32x32:inst1|RFC32:inst9|RFC8:inst1|RFC:inst12|inst  ; RF32x32:inst|RFC32x32:inst1|RFC32:inst5|RFC8:inst3|RFC:inst8|inst   ; CLK          ; CLK         ; 1.000        ; -0.039     ; 9.768      ;
; -8.771 ; RF32x32:inst|RFC32x32:inst1|RFC32:inst5|RFC8:inst1|RFC:inst12|inst  ; RF32x32:inst|RFC32x32:inst1|RFC32:inst11|RFC8:inst3|RFC:inst18|inst ; CLK          ; CLK         ; 1.000        ; 0.027      ; 9.830      ;
; -8.771 ; RF32x32:inst|RFC32x32:inst1|RFC32:inst5|RFC8:inst1|RFC:inst12|inst  ; RF32x32:inst|RFC32x32:inst1|RFC32:inst18|RFC8:inst3|RFC:inst18|inst ; CLK          ; CLK         ; 1.000        ; 0.131      ; 9.934      ;
; -8.769 ; RF32x32:inst|RFC32x32:inst1|RFC32:inst5|RFC8:inst1|RFC:inst12|inst  ; RF32x32:inst|RFC32x32:inst1|RFC32:inst10|RFC8:inst3|RFC:inst18|inst ; CLK          ; CLK         ; 1.000        ; 0.025      ; 9.826      ;
; -8.764 ; RF32x32:inst|RFC32x32:inst1|RFC32:inst|RFC8:inst1|RFC:inst12|inst   ; RF32x32:inst|RFC32x32:inst1|RFC32:inst10|RFC8:inst3|RFC:inst8|inst  ; CLK          ; CLK         ; 1.000        ; 0.026      ; 9.822      ;
; -8.758 ; RF32x32:inst|RFC32x32:inst1|RFC32:inst|RFC8:inst1|RFC:inst12|inst   ; RF32x32:inst|RFC32x32:inst1|RFC32:inst11|RFC8:inst3|RFC:inst8|inst  ; CLK          ; CLK         ; 1.000        ; 0.028      ; 9.818      ;
; -8.749 ; RF32x32:inst|RFC32x32:inst1|RFC32:inst|RFC8:inst1|RFC:inst12|inst   ; RF32x32:inst|RFC32x32:inst1|RFC32:inst15|RFC8:inst3|RFC:inst18|inst ; CLK          ; CLK         ; 1.000        ; 0.069      ; 9.850      ;
; -8.748 ; RF32x32:inst|RFC32x32:inst1|RFC32:inst|RFC8:inst1|RFC:inst12|inst   ; RF32x32:inst|RFC32x32:inst1|RFC32:inst16|RFC8:inst3|RFC:inst18|inst ; CLK          ; CLK         ; 1.000        ; 0.070      ; 9.850      ;
; -8.743 ; RF32x32:inst|RFC32x32:inst1|RFC32:inst|RFC8:inst1|RFC:inst12|inst   ; RF32x32:inst|RFC32x32:inst1|RFC32:inst7|RFC8:inst3|RFC:inst18|inst  ; CLK          ; CLK         ; 1.000        ; 0.006      ; 9.781      ;
; -8.740 ; RF32x32:inst|RFC32x32:inst1|RFC32:inst|RFC8:inst1|RFC:inst12|inst   ; RF32x32:inst|RFC32x32:inst1|RFC32:inst6|RFC8:inst3|RFC:inst18|inst  ; CLK          ; CLK         ; 1.000        ; 0.006      ; 9.778      ;
; -8.735 ; RF32x32:inst|RFC32x32:inst1|RFC32:inst|RFC8:inst1|RFC:inst12|inst   ; RF32x32:inst|RFC32x32:inst1|RFC32:inst38|RFC8:inst3|RFC:inst8|inst  ; CLK          ; CLK         ; 1.000        ; 0.044      ; 9.811      ;
; -8.733 ; RF32x32:inst|RFC32x32:inst1|RFC32:inst|RFC8:inst1|RFC:inst12|inst   ; RF32x32:inst|RFC32x32:inst1|RFC32:inst19|RFC8:inst3|RFC:inst18|inst ; CLK          ; CLK         ; 1.000        ; 0.021      ; 9.786      ;
; -8.730 ; RF32x32:inst|RFC32x32:inst1|RFC32:inst|RFC8:inst1|RFC:inst12|inst   ; RF32x32:inst|RFC32x32:inst1|RFC32:inst12|RFC8:inst3|RFC:inst8|inst  ; CLK          ; CLK         ; 1.000        ; 0.045      ; 9.807      ;
; -8.720 ; RF32x32:inst|RFC32x32:inst1|RFC32:inst|RFC8:inst1|RFC:inst12|inst   ; RF32x32:inst|RFC32x32:inst1|RFC32:inst11|RFC8:inst3|RFC:inst18|inst ; CLK          ; CLK         ; 1.000        ; 0.028      ; 9.780      ;
; -8.720 ; RF32x32:inst|RFC32x32:inst1|RFC32:inst|RFC8:inst1|RFC:inst12|inst   ; RF32x32:inst|RFC32x32:inst1|RFC32:inst18|RFC8:inst3|RFC:inst18|inst ; CLK          ; CLK         ; 1.000        ; 0.132      ; 9.884      ;
; -8.718 ; RF32x32:inst|RFC32x32:inst1|RFC32:inst|RFC8:inst1|RFC:inst12|inst   ; RF32x32:inst|RFC32x32:inst1|RFC32:inst10|RFC8:inst3|RFC:inst18|inst ; CLK          ; CLK         ; 1.000        ; 0.026      ; 9.776      ;
; -8.715 ; RF32x32:inst|RFC32x32:inst1|RFC32:inst5|RFC8:inst1|RFC:inst12|inst  ; RF32x32:inst|RFC32x32:inst1|RFC32:inst17|RFC8:inst3|RFC:inst8|inst  ; CLK          ; CLK         ; 1.000        ; 0.012      ; 9.759      ;
; -8.694 ; RF32x32:inst|RFC32x32:inst1|RFC32:inst9|RFC8:inst1|RFC:inst12|inst  ; RF32x32:inst|RFC32x32:inst1|RFC32:inst12|RFC8:inst3|RFC:inst18|inst ; CLK          ; CLK         ; 1.000        ; 0.089      ; 9.815      ;
; -8.693 ; RF32x32:inst|RFC32x32:inst1|RFC32:inst9|RFC8:inst1|RFC:inst12|inst  ; RF32x32:inst|RFC32x32:inst1|RFC32:inst38|RFC8:inst3|RFC:inst18|inst ; CLK          ; CLK         ; 1.000        ; 0.088      ; 9.813      ;
; -8.686 ; RF32x32:inst|RFC32x32:inst1|RFC32:inst9|RFC8:inst1|RFC:inst12|inst  ; RF32x32:inst|RFC32x32:inst1|RFC32:inst17|RFC8:inst3|RFC:inst18|inst ; CLK          ; CLK         ; 1.000        ; 0.090      ; 9.808      ;
; -8.685 ; RF32x32:inst|RFC32x32:inst1|RFC32:inst9|RFC8:inst1|RFC:inst12|inst  ; RF32x32:inst|RFC32x32:inst1|RFC32:inst6|RFC8:inst3|RFC:inst8|inst   ; CLK          ; CLK         ; 1.000        ; 0.059      ; 9.776      ;
; -8.683 ; RF32x32:inst|RFC32x32:inst1|RFC32:inst38|RFC8:inst1|RFC:inst14|inst ; RF32x32:inst|RFC32x32:inst1|RFC32:inst|RFC8:inst3|RFC:inst8|inst    ; CLK          ; CLK         ; 1.000        ; -0.056     ; 9.659      ;
; -8.681 ; RF32x32:inst|RFC32x32:inst1|RFC32:inst9|RFC8:inst1|RFC:inst12|inst  ; RF32x32:inst|RFC32x32:inst1|RFC32:inst7|RFC8:inst3|RFC:inst8|inst   ; CLK          ; CLK         ; 1.000        ; 0.059      ; 9.772      ;
; -8.680 ; RF32x32:inst|RFC32x32:inst1|RFC32:inst38|RFC8:inst1|RFC:inst14|inst ; RF32x32:inst|RFC32x32:inst1|RFC32:inst5|RFC8:inst3|RFC:inst8|inst   ; CLK          ; CLK         ; 1.000        ; -0.056     ; 9.656      ;
; -8.673 ; RF32x32:inst|RFC32x32:inst1|RFC32:inst5|RFC8:inst1|RFC:inst12|inst  ; RF32x32:inst|RFC32x32:inst1|RFC32:inst21|RFC8:inst3|RFC:inst8|inst  ; CLK          ; CLK         ; 1.000        ; 0.123      ; 9.828      ;
; -8.669 ; RF32x32:inst|RFC32x32:inst1|RFC32:inst23|RFC8:inst1|RFC:inst12|inst ; RF32x32:inst|RFC32x32:inst1|RFC32:inst|RFC8:inst3|RFC:inst8|inst    ; CLK          ; CLK         ; 1.000        ; 0.050      ; 9.751      ;
; -8.666 ; RF32x32:inst|RFC32x32:inst1|RFC32:inst23|RFC8:inst1|RFC:inst12|inst ; RF32x32:inst|RFC32x32:inst1|RFC32:inst5|RFC8:inst3|RFC:inst8|inst   ; CLK          ; CLK         ; 1.000        ; 0.050      ; 9.748      ;
; -8.666 ; RF32x32:inst|RFC32x32:inst1|RFC32:inst9|RFC8:inst1|RFC:inst12|inst  ; RF32x32:inst|RFC32x32:inst1|RFC32:inst39|RFC8:inst3|RFC:inst18|inst ; CLK          ; CLK         ; 1.000        ; 0.098      ; 9.796      ;
; -8.664 ; RF32x32:inst|RFC32x32:inst1|RFC32:inst5|RFC8:inst1|RFC:inst12|inst  ; RF32x32:inst|RFC32x32:inst1|RFC32:inst22|RFC8:inst3|RFC:inst18|inst ; CLK          ; CLK         ; 1.000        ; 0.137      ; 9.833      ;
; -8.664 ; RF32x32:inst|RFC32x32:inst1|RFC32:inst|RFC8:inst1|RFC:inst12|inst   ; RF32x32:inst|RFC32x32:inst1|RFC32:inst17|RFC8:inst3|RFC:inst8|inst  ; CLK          ; CLK         ; 1.000        ; 0.013      ; 9.709      ;
; -8.661 ; RF32x32:inst|RFC32x32:inst1|RFC32:inst5|RFC8:inst1|RFC:inst12|inst  ; RF32x32:inst|RFC32x32:inst1|RFC32:inst23|RFC8:inst3|RFC:inst18|inst ; CLK          ; CLK         ; 1.000        ; 0.137      ; 9.830      ;
; -8.659 ; RF32x32:inst|RFC32x32:inst1|RFC32:inst16|RFC8:inst1|RFC:inst12|inst ; RF32x32:inst|RFC32x32:inst1|RFC32:inst|RFC8:inst3|RFC:inst8|inst    ; CLK          ; CLK         ; 1.000        ; 0.036      ; 9.727      ;
; -8.656 ; RF32x32:inst|RFC32x32:inst1|RFC32:inst16|RFC8:inst1|RFC:inst12|inst ; RF32x32:inst|RFC32x32:inst1|RFC32:inst5|RFC8:inst3|RFC:inst8|inst   ; CLK          ; CLK         ; 1.000        ; 0.036      ; 9.724      ;
; -8.646 ; RF32x32:inst|RFC32x32:inst1|RFC32:inst5|RFC8:inst1|RFC:inst12|inst  ; RF32x32:inst|RFC32x32:inst1|RFC32:inst5|RFC8:inst|RFC:inst12|inst   ; CLK          ; CLK         ; 1.000        ; -0.117     ; 9.561      ;
; -8.646 ; RF32x32:inst|RFC32x32:inst1|RFC32:inst5|RFC8:inst1|RFC:inst12|inst  ; RF32x32:inst|RFC32x32:inst1|RFC32:inst|RFC8:inst|RFC:inst12|inst    ; CLK          ; CLK         ; 1.000        ; -0.117     ; 9.561      ;
; -8.646 ; RF32x32:inst|RFC32x32:inst1|RFC32:inst5|RFC8:inst1|RFC:inst14|inst  ; RF32x32:inst|RFC32x32:inst1|RFC32:inst|RFC8:inst3|RFC:inst8|inst    ; CLK          ; CLK         ; 1.000        ; 0.003      ; 9.681      ;
; -8.645 ; RF32x32:inst|RFC32x32:inst1|RFC32:inst5|RFC8:inst1|RFC:inst12|inst  ; RF32x32:inst|RFC32x32:inst1|RFC32:inst20|RFC8:inst3|RFC:inst8|inst  ; CLK          ; CLK         ; 1.000        ; 0.154      ; 9.831      ;
; -8.644 ; RF32x32:inst|RFC32x32:inst1|RFC32:inst9|RFC8:inst1|RFC:inst12|inst  ; RF32x32:inst|RFC32x32:inst1|RFC32:inst19|RFC8:inst3|RFC:inst8|inst  ; CLK          ; CLK         ; 1.000        ; 0.075      ; 9.751      ;
; -8.643 ; RF32x32:inst|RFC32x32:inst1|RFC32:inst5|RFC8:inst1|RFC:inst14|inst  ; RF32x32:inst|RFC32x32:inst1|RFC32:inst5|RFC8:inst3|RFC:inst8|inst   ; CLK          ; CLK         ; 1.000        ; 0.003      ; 9.678      ;
; -8.642 ; RF32x32:inst|RFC32x32:inst1|RFC32:inst9|RFC8:inst1|RFC:inst12|inst  ; RF32x32:inst|RFC32x32:inst1|RFC32:inst39|RFC8:inst3|RFC:inst8|inst  ; CLK          ; CLK         ; 1.000        ; 0.075      ; 9.749      ;
; -8.628 ; RF32x32:inst|RFC32x32:inst1|RFC32:inst5|RFC8:inst1|RFC:inst12|inst  ; RF32x32:inst|RFC32x32:inst1|RFC32:inst15|RFC8:inst3|RFC:inst8|inst  ; CLK          ; CLK         ; 1.000        ; 0.068      ; 9.728      ;
; -8.627 ; RF32x32:inst|RFC32x32:inst1|RFC32:inst5|RFC8:inst1|RFC:inst12|inst  ; RF32x32:inst|RFC32x32:inst1|RFC32:inst16|RFC8:inst3|RFC:inst8|inst  ; CLK          ; CLK         ; 1.000        ; 0.069      ; 9.728      ;
; -8.627 ; RF32x32:inst|RFC32x32:inst1|RFC32:inst5|RFC8:inst1|RFC:inst12|inst  ; RF32x32:inst|RFC32x32:inst1|RFC32:inst27|RFC8:inst3|RFC:inst8|inst  ; CLK          ; CLK         ; 1.000        ; 0.187      ; 9.846      ;
; -8.625 ; RF32x32:inst|RFC32x32:inst1|RFC32:inst5|RFC8:inst1|RFC:inst12|inst  ; RF32x32:inst|RFC32x32:inst1|RFC32:inst16|RFC8:inst3|RFC:inst12|inst ; CLK          ; CLK         ; 1.000        ; -0.107     ; 9.550      ;
; -8.624 ; RF32x32:inst|RFC32x32:inst1|RFC32:inst5|RFC8:inst1|RFC:inst12|inst  ; RF32x32:inst|RFC32x32:inst1|RFC32:inst26|RFC8:inst3|RFC:inst18|inst ; CLK          ; CLK         ; 1.000        ; 0.153      ; 9.809      ;
; -8.623 ; RF32x32:inst|RFC32x32:inst1|RFC32:inst5|RFC8:inst1|RFC:inst12|inst  ; RF32x32:inst|RFC32x32:inst1|RFC32:inst7|RFC8:inst3|RFC:inst12|inst  ; CLK          ; CLK         ; 1.000        ; -0.070     ; 9.585      ;
; -8.623 ; RF32x32:inst|RFC32x32:inst1|RFC32:inst5|RFC8:inst1|RFC:inst12|inst  ; RF32x32:inst|RFC32x32:inst1|RFC32:inst15|RFC8:inst3|RFC:inst12|inst ; CLK          ; CLK         ; 1.000        ; -0.106     ; 9.549      ;
; -8.622 ; RF32x32:inst|RFC32x32:inst1|RFC32:inst5|RFC8:inst1|RFC:inst12|inst  ; RF32x32:inst|RFC32x32:inst1|RFC32:inst28|RFC8:inst3|RFC:inst8|inst  ; CLK          ; CLK         ; 1.000        ; 0.188      ; 9.842      ;
; -8.622 ; RF32x32:inst|RFC32x32:inst1|RFC32:inst5|RFC8:inst1|RFC:inst12|inst  ; RF32x32:inst|RFC32x32:inst1|RFC32:inst40|RFC8:inst3|RFC:inst18|inst ; CLK          ; CLK         ; 1.000        ; 0.153      ; 9.807      ;
; -8.622 ; RF32x32:inst|RFC32x32:inst1|RFC32:inst|RFC8:inst1|RFC:inst12|inst   ; RF32x32:inst|RFC32x32:inst1|RFC32:inst21|RFC8:inst3|RFC:inst8|inst  ; CLK          ; CLK         ; 1.000        ; 0.124      ; 9.778      ;
; -8.621 ; RF32x32:inst|RFC32x32:inst1|RFC32:inst5|RFC8:inst1|RFC:inst12|inst  ; RF32x32:inst|RFC32x32:inst1|RFC32:inst6|RFC8:inst3|RFC:inst12|inst  ; CLK          ; CLK         ; 1.000        ; -0.070     ; 9.583      ;
; -8.613 ; RF32x32:inst|RFC32x32:inst1|RFC32:inst|RFC8:inst1|RFC:inst12|inst   ; RF32x32:inst|RFC32x32:inst1|RFC32:inst22|RFC8:inst3|RFC:inst18|inst ; CLK          ; CLK         ; 1.000        ; 0.138      ; 9.783      ;
; -8.612 ; RF32x32:inst|RFC32x32:inst1|RFC32:inst9|RFC8:inst1|RFC:inst12|inst  ; RF32x32:inst|RFC32x32:inst1|RFC32:inst10|RFC8:inst3|RFC:inst8|inst  ; CLK          ; CLK         ; 1.000        ; 0.103      ; 9.747      ;
; -8.610 ; RF32x32:inst|RFC32x32:inst1|RFC32:inst40|RFC8:inst1|RFC:inst14|inst ; RF32x32:inst|RFC32x32:inst1|RFC32:inst|RFC8:inst3|RFC:inst8|inst    ; CLK          ; CLK         ; 1.000        ; -0.044     ; 9.598      ;
; -8.610 ; RF32x32:inst|RFC32x32:inst1|RFC32:inst|RFC8:inst1|RFC:inst12|inst   ; RF32x32:inst|RFC32x32:inst1|RFC32:inst23|RFC8:inst3|RFC:inst18|inst ; CLK          ; CLK         ; 1.000        ; 0.138      ; 9.780      ;
; -8.607 ; RF32x32:inst|RFC32x32:inst1|RFC32:inst40|RFC8:inst1|RFC:inst14|inst ; RF32x32:inst|RFC32x32:inst1|RFC32:inst5|RFC8:inst3|RFC:inst8|inst   ; CLK          ; CLK         ; 1.000        ; -0.044     ; 9.595      ;
; -8.606 ; RF32x32:inst|RFC32x32:inst1|RFC32:inst9|RFC8:inst1|RFC:inst12|inst  ; RF32x32:inst|RFC32x32:inst1|RFC32:inst11|RFC8:inst3|RFC:inst8|inst  ; CLK          ; CLK         ; 1.000        ; 0.105      ; 9.743      ;
; -8.602 ; RF32x32:inst|RFC32x32:inst1|RFC32:inst5|RFC8:inst1|RFC:inst12|inst  ; RF32x32:inst|RFC32x32:inst1|RFC32:inst14|RFC8:inst3|RFC:inst18|inst ; CLK          ; CLK         ; 1.000        ; 0.144      ; 9.778      ;
; -8.602 ; RF32x32:inst|RFC32x32:inst1|RFC32:inst5|RFC8:inst1|RFC:inst12|inst  ; RF32x32:inst|RFC32x32:inst1|RFC32:inst13|RFC8:inst3|RFC:inst18|inst ; CLK          ; CLK         ; 1.000        ; 0.144      ; 9.778      ;
; -8.601 ; RF32x32:inst|RFC32x32:inst1|RFC32:inst5|RFC8:inst1|RFC:inst12|inst  ; RF32x32:inst|RFC32x32:inst1|RFC32:inst24|RFC8:inst3|RFC:inst18|inst ; CLK          ; CLK         ; 1.000        ; 0.165      ; 9.798      ;
; -8.600 ; RF32x32:inst|RFC32x32:inst1|RFC32:inst5|RFC8:inst1|RFC:inst12|inst  ; RF32x32:inst|RFC32x32:inst1|RFC32:inst25|RFC8:inst3|RFC:inst18|inst ; CLK          ; CLK         ; 1.000        ; 0.164      ; 9.796      ;
; -8.599 ; RF32x32:inst|RFC32x32:inst1|RFC32:inst38|RFC8:inst1|RFC:inst14|inst ; RF32x32:inst|RFC32x32:inst1|RFC32:inst12|RFC8:inst3|RFC:inst18|inst ; CLK          ; CLK         ; 1.000        ; 0.072      ; 9.703      ;
; -8.599 ; RF32x32:inst|RFC32x32:inst1|RFC32:inst|RFC8:inst1|RFC:inst12|inst   ; RF32x32:inst|RFC32x32:inst1|RFC32:inst5|RFC8:inst|RFC:inst12|inst   ; CLK          ; CLK         ; 1.000        ; -0.116     ; 9.515      ;
; -8.599 ; RF32x32:inst|RFC32x32:inst1|RFC32:inst|RFC8:inst1|RFC:inst12|inst   ; RF32x32:inst|RFC32x32:inst1|RFC32:inst|RFC8:inst|RFC:inst12|inst    ; CLK          ; CLK         ; 1.000        ; -0.116     ; 9.515      ;
; -8.598 ; RF32x32:inst|RFC32x32:inst1|RFC32:inst38|RFC8:inst1|RFC:inst14|inst ; RF32x32:inst|RFC32x32:inst1|RFC32:inst38|RFC8:inst3|RFC:inst18|inst ; CLK          ; CLK         ; 1.000        ; 0.071      ; 9.701      ;
; -8.597 ; RF32x32:inst|RFC32x32:inst1|RFC32:inst9|RFC8:inst1|RFC:inst12|inst  ; RF32x32:inst|RFC32x32:inst1|RFC32:inst15|RFC8:inst3|RFC:inst18|inst ; CLK          ; CLK         ; 1.000        ; 0.146      ; 9.775      ;
; -8.596 ; RF32x32:inst|RFC32x32:inst1|RFC32:inst9|RFC8:inst1|RFC:inst12|inst  ; RF32x32:inst|RFC32x32:inst1|RFC32:inst16|RFC8:inst3|RFC:inst18|inst ; CLK          ; CLK         ; 1.000        ; 0.147      ; 9.775      ;
; -8.594 ; RF32x32:inst|RFC32x32:inst1|RFC32:inst|RFC8:inst1|RFC:inst12|inst   ; RF32x32:inst|RFC32x32:inst1|RFC32:inst20|RFC8:inst3|RFC:inst8|inst  ; CLK          ; CLK         ; 1.000        ; 0.155      ; 9.781      ;
; -8.593 ; RF32x32:inst|RFC32x32:inst1|RFC32:inst5|RFC8:inst1|RFC:inst12|inst  ; RF32x32:inst|RFC32x32:inst1|RFC32:inst18|RFC8:inst3|RFC:inst8|inst  ; CLK          ; CLK         ; 1.000        ; 0.131      ; 9.756      ;
; -8.591 ; RF32x32:inst|RFC32x32:inst1|RFC32:inst38|RFC8:inst1|RFC:inst14|inst ; RF32x32:inst|RFC32x32:inst1|RFC32:inst17|RFC8:inst3|RFC:inst18|inst ; CLK          ; CLK         ; 1.000        ; 0.073      ; 9.696      ;
+--------+---------------------------------------------------------------------+---------------------------------------------------------------------+--------------+-------------+--------------+------------+------------+


+--------------------------------------------------------------------------------------------------------------------------------------------------------------------------------------------+
; Fast Model Setup: 'Instr[0]'                                                                                                                                                               ;
+--------+---------------------------------------------------------------------+---------------------------------------+--------------+-------------+--------------+------------+------------+
; Slack  ; From Node                                                           ; To Node                               ; Launch Clock ; Latch Clock ; Relationship ; Clock Skew ; Data Delay ;
+--------+---------------------------------------------------------------------+---------------------------------------+--------------+-------------+--------------+------------+------------+
; -1.817 ; RF32x32:inst|RFC32x32:inst1|RFC32:inst18|RFC8:inst3|RFC:inst18|inst ; RAM32x32:inst1|MC1x32:inst55|inst[31] ; CLK          ; Instr[0]    ; 0.500        ; 0.497      ; 2.136      ;
; -1.781 ; RF32x32:inst|RFC32x32:inst1|RFC32:inst5|RFC8:inst1|RFC:inst12|inst  ; RAM32x32:inst1|MC1x32:inst55|inst[1]  ; CLK          ; Instr[0]    ; 0.500        ; 1.343      ; 3.235      ;
; -1.756 ; RF32x32:inst|RFC32x32:inst1|RFC32:inst32|RFC8:inst3|RFC:inst18|inst ; RAM32x32:inst1|MC1x32:inst55|inst[31] ; CLK          ; Instr[0]    ; 0.500        ; 0.386      ; 1.964      ;
; -1.734 ; RF32x32:inst|RFC32x32:inst1|RFC32:inst|RFC8:inst1|RFC:inst12|inst   ; RAM32x32:inst1|MC1x32:inst55|inst[1]  ; CLK          ; Instr[0]    ; 0.500        ; 1.344      ; 3.189      ;
; -1.732 ; RF32x32:inst|RFC32x32:inst1|RFC32:inst16|RFC8:inst3|RFC:inst18|inst ; RAM32x32:inst1|MC1x32:inst55|inst[31] ; CLK          ; Instr[0]    ; 0.500        ; 0.559      ; 2.113      ;
; -1.711 ; RF32x32:inst|RFC32x32:inst1|RFC32:inst39|RFC8:inst3|RFC:inst18|inst ; RAM32x32:inst1|MC1x32:inst55|inst[31] ; CLK          ; Instr[0]    ; 0.500        ; 0.608      ; 2.141      ;
; -1.705 ; RF32x32:inst|RFC32x32:inst1|RFC32:inst21|RFC8:inst3|RFC:inst18|inst ; RAM32x32:inst1|MC1x32:inst55|inst[31] ; CLK          ; Instr[0]    ; 0.500        ; 0.481      ; 2.008      ;
; -1.699 ; RF32x32:inst|RFC32x32:inst1|RFC32:inst13|RFC8:inst3|RFC:inst18|inst ; RAM32x32:inst1|MC1x32:inst55|inst[31] ; CLK          ; Instr[0]    ; 0.500        ; 0.484      ; 2.005      ;
; -1.694 ; RF32x32:inst|RFC32x32:inst1|RFC32:inst23|RFC8:inst3|RFC:inst18|inst ; RAM32x32:inst1|MC1x32:inst55|inst[31] ; CLK          ; Instr[0]    ; 0.500        ; 0.491      ; 2.007      ;
; -1.692 ; RF32x32:inst|RFC32x32:inst1|RFC32:inst38|RFC8:inst3|RFC:inst18|inst ; RAM32x32:inst1|MC1x32:inst55|inst[31] ; CLK          ; Instr[0]    ; 0.500        ; 0.618      ; 2.132      ;
; -1.690 ; RF32x32:inst|RFC32x32:inst1|RFC32:inst28|RFC8:inst3|RFC:inst18|inst ; RAM32x32:inst1|MC1x32:inst55|inst[31] ; CLK          ; Instr[0]    ; 0.500        ; 0.440      ; 1.952      ;
; -1.682 ; RF32x32:inst|RFC32x32:inst1|RFC32:inst15|RFC8:inst3|RFC:inst18|inst ; RAM32x32:inst1|MC1x32:inst55|inst[31] ; CLK          ; Instr[0]    ; 0.500        ; 0.560      ; 2.064      ;
; -1.669 ; RF32x32:inst|RFC32x32:inst1|RFC32:inst12|RFC8:inst3|RFC:inst18|inst ; RAM32x32:inst1|MC1x32:inst55|inst[31] ; CLK          ; Instr[0]    ; 0.500        ; 0.617      ; 2.108      ;
; -1.667 ; RF32x32:inst|RFC32x32:inst1|RFC32:inst26|RFC8:inst3|RFC:inst18|inst ; RAM32x32:inst1|MC1x32:inst55|inst[31] ; CLK          ; Instr[0]    ; 0.500        ; 0.475      ; 1.964      ;
; -1.664 ; RF32x32:inst|RFC32x32:inst1|RFC32:inst19|RFC8:inst3|RFC:inst18|inst ; RAM32x32:inst1|MC1x32:inst55|inst[31] ; CLK          ; Instr[0]    ; 0.500        ; 0.608      ; 2.094      ;
; -1.662 ; RF32x32:inst|RFC32x32:inst1|RFC32:inst27|RFC8:inst3|RFC:inst18|inst ; RAM32x32:inst1|MC1x32:inst55|inst[31] ; CLK          ; Instr[0]    ; 0.500        ; 0.441      ; 1.925      ;
; -1.642 ; RF32x32:inst|RFC32x32:inst1|RFC32:inst22|RFC8:inst3|RFC:inst18|inst ; RAM32x32:inst1|MC1x32:inst55|inst[31] ; CLK          ; Instr[0]    ; 0.500        ; 0.491      ; 1.955      ;
; -1.638 ; RF32x32:inst|RFC32x32:inst1|RFC32:inst14|RFC8:inst3|RFC:inst18|inst ; RAM32x32:inst1|MC1x32:inst55|inst[31] ; CLK          ; Instr[0]    ; 0.500        ; 0.484      ; 1.944      ;
; -1.623 ; RF32x32:inst|RFC32x32:inst1|RFC32:inst31|RFC8:inst3|RFC:inst18|inst ; RAM32x32:inst1|MC1x32:inst55|inst[31] ; CLK          ; Instr[0]    ; 0.500        ; 0.386      ; 1.831      ;
; -1.598 ; RF32x32:inst|RFC32x32:inst1|RFC32:inst17|RFC8:inst3|RFC:inst18|inst ; RAM32x32:inst1|MC1x32:inst55|inst[31] ; CLK          ; Instr[0]    ; 0.500        ; 0.616      ; 2.036      ;
; -1.589 ; RF32x32:inst|RFC32x32:inst1|RFC32:inst20|RFC8:inst3|RFC:inst18|inst ; RAM32x32:inst1|MC1x32:inst55|inst[31] ; CLK          ; Instr[0]    ; 0.500        ; 0.481      ; 1.892      ;
; -1.578 ; RF32x32:inst|RFC32x32:inst1|RFC32:inst30|RFC8:inst3|RFC:inst18|inst ; RAM32x32:inst1|MC1x32:inst55|inst[31] ; CLK          ; Instr[0]    ; 0.500        ; 0.482      ; 1.882      ;
; -1.570 ; RF32x32:inst|RFC32x32:inst1|RFC32:inst9|RFC8:inst3|RFC:inst18|inst  ; RAM32x32:inst1|MC1x32:inst55|inst[31] ; CLK          ; Instr[0]    ; 0.500        ; 0.485      ; 1.877      ;
; -1.545 ; RF32x32:inst|RFC32x32:inst1|RFC32:inst23|RFC8:inst1|RFC:inst12|inst ; RAM32x32:inst1|MC1x32:inst55|inst[1]  ; CLK          ; Instr[0]    ; 0.500        ; 1.510      ; 3.166      ;
; -1.544 ; RF32x32:inst|RFC32x32:inst1|RFC32:inst40|RFC8:inst3|RFC:inst18|inst ; RAM32x32:inst1|MC1x32:inst55|inst[31] ; CLK          ; Instr[0]    ; 0.500        ; 0.475      ; 1.841      ;
; -1.543 ; RF32x32:inst|RFC32x32:inst1|RFC32:inst10|RFC8:inst3|RFC:inst18|inst ; RAM32x32:inst1|MC1x32:inst55|inst[31] ; CLK          ; Instr[0]    ; 0.500        ; 0.603      ; 1.968      ;
; -1.536 ; RF32x32:inst|RFC32x32:inst1|RFC32:inst29|RFC8:inst3|RFC:inst18|inst ; RAM32x32:inst1|MC1x32:inst55|inst[31] ; CLK          ; Instr[0]    ; 0.500        ; 0.482      ; 1.840      ;
; -1.535 ; RF32x32:inst|RFC32x32:inst1|RFC32:inst16|RFC8:inst1|RFC:inst12|inst ; RAM32x32:inst1|MC1x32:inst55|inst[1]  ; CLK          ; Instr[0]    ; 0.500        ; 1.496      ; 3.142      ;
; -1.532 ; RF32x32:inst|RFC32x32:inst1|RFC32:inst25|RFC8:inst3|RFC:inst18|inst ; RAM32x32:inst1|MC1x32:inst55|inst[31] ; CLK          ; Instr[0]    ; 0.500        ; 0.464      ; 1.818      ;
; -1.521 ; RF32x32:inst|RFC32x32:inst1|RFC32:inst12|RFC8:inst3|RFC:inst13|inst ; RAM32x32:inst1|MC1x32:inst49|inst[26] ; CLK          ; Instr[0]    ; 0.500        ; 1.316      ; 2.279      ;
; -1.520 ; RF32x32:inst|RFC32x32:inst1|RFC32:inst8|RFC8:inst3|RFC:inst18|inst  ; RAM32x32:inst1|MC1x32:inst55|inst[31] ; CLK          ; Instr[0]    ; 0.500        ; 0.485      ; 1.827      ;
; -1.517 ; RF32x32:inst|RFC32x32:inst1|RFC32:inst11|RFC8:inst3|RFC:inst18|inst ; RAM32x32:inst1|MC1x32:inst55|inst[31] ; CLK          ; Instr[0]    ; 0.500        ; 0.601      ; 1.940      ;
; -1.507 ; RF32x32:inst|RFC32x32:inst1|RFC32:inst6|RFC8:inst3|RFC:inst18|inst  ; RAM32x32:inst1|MC1x32:inst55|inst[31] ; CLK          ; Instr[0]    ; 0.500        ; 0.623      ; 1.952      ;
; -1.505 ; RF32x32:inst|RFC32x32:inst1|RFC32:inst24|RFC8:inst3|RFC:inst18|inst ; RAM32x32:inst1|MC1x32:inst55|inst[31] ; CLK          ; Instr[0]    ; 0.500        ; 0.463      ; 1.790      ;
; -1.460 ; RF32x32:inst|RFC32x32:inst1|RFC32:inst7|RFC8:inst3|RFC:inst18|inst  ; RAM32x32:inst1|MC1x32:inst55|inst[31] ; CLK          ; Instr[0]    ; 0.500        ; 0.623      ; 1.905      ;
; -1.458 ; RF32x32:inst|RFC32x32:inst1|RFC32:inst5|RFC8:inst3|RFC:inst18|inst  ; RAM32x32:inst1|MC1x32:inst55|inst[31] ; CLK          ; Instr[0]    ; 0.500        ; 0.482      ; 1.762      ;
; -1.419 ; RF32x32:inst|RFC32x32:inst1|RFC32:inst|RFC8:inst3|RFC:inst18|inst   ; RAM32x32:inst1|MC1x32:inst55|inst[31] ; CLK          ; Instr[0]    ; 0.500        ; 0.482      ; 1.723      ;
; -1.414 ; RF32x32:inst|RFC32x32:inst1|RFC32:inst38|RFC8:inst3|RFC:inst13|inst ; RAM32x32:inst1|MC1x32:inst49|inst[26] ; CLK          ; Instr[0]    ; 0.500        ; 1.316      ; 2.172      ;
; -1.411 ; RF32x32:inst|RFC32x32:inst1|RFC32:inst12|RFC8:inst3|RFC:inst13|inst ; RAM32x32:inst1|MC1x32:inst55|inst[26] ; CLK          ; Instr[0]    ; 0.500        ; 0.637      ; 2.119      ;
; -1.404 ; RF32x32:inst|RFC32x32:inst1|RFC32:inst39|RFC8:inst1|RFC:inst12|inst ; RAM32x32:inst1|MC1x32:inst55|inst[1]  ; CLK          ; Instr[0]    ; 0.500        ; 1.530      ; 3.045      ;
; -1.385 ; RF32x32:inst|RFC32x32:inst1|RFC32:inst12|RFC8:inst1|RFC:inst12|inst ; RAM32x32:inst1|MC1x32:inst55|inst[1]  ; CLK          ; Instr[0]    ; 0.500        ; 1.496      ; 2.992      ;
; -1.376 ; RF32x32:inst|RFC32x32:inst1|RFC32:inst31|RFC8:inst3|RFC:inst10|inst ; RAM32x32:inst1|MC1x32:inst55|inst[28] ; CLK          ; Instr[0]    ; 0.500        ; 0.490      ; 1.968      ;
; -1.365 ; RF32x32:inst|RFC32x32:inst1|RFC32:inst22|RFC8:inst1|RFC:inst12|inst ; RAM32x32:inst1|MC1x32:inst55|inst[1]  ; CLK          ; Instr[0]    ; 0.500        ; 1.526      ; 3.002      ;
; -1.351 ; RF32x32:inst|RFC32x32:inst1|RFC32:inst5|RFC8:inst3|RFC:inst10|inst  ; RAM32x32:inst1|MC1x32:inst55|inst[28] ; CLK          ; Instr[0]    ; 0.500        ; 0.619      ; 2.072      ;
; -1.349 ; RF32x32:inst|RFC32x32:inst1|RFC32:inst30|RFC8:inst3|RFC:inst14|inst ; RAM32x32:inst1|MC1x32:inst55|inst[24] ; CLK          ; Instr[0]    ; 0.500        ; 0.399      ; 1.557      ;
; -1.349 ; RF32x32:inst|RFC32x32:inst1|RFC32:inst32|RFC8:inst3|RFC:inst10|inst ; RAM32x32:inst1|MC1x32:inst55|inst[28] ; CLK          ; Instr[0]    ; 0.500        ; 0.490      ; 1.941      ;
; -1.347 ; RF32x32:inst|RFC32x32:inst1|RFC32:inst13|RFC8:inst3|RFC:inst10|inst ; RAM32x32:inst1|MC1x32:inst55|inst[28] ; CLK          ; Instr[0]    ; 0.500        ; 0.493      ; 1.942      ;
; -1.345 ; RF32x32:inst|RFC32x32:inst1|RFC32:inst19|RFC8:inst1|RFC:inst12|inst ; RAM32x32:inst1|MC1x32:inst55|inst[1]  ; CLK          ; Instr[0]    ; 0.500        ; 1.530      ; 2.986      ;
; -1.344 ; RF32x32:inst|RFC32x32:inst1|RFC32:inst27|RFC8:inst3|RFC:inst10|inst ; RAM32x32:inst1|MC1x32:inst55|inst[28] ; CLK          ; Instr[0]    ; 0.500        ; 0.545      ; 1.991      ;
; -1.335 ; RF32x32:inst|RFC32x32:inst1|RFC32:inst8|RFC8:inst1|RFC:inst12|inst  ; RAM32x32:inst1|MC1x32:inst55|inst[1]  ; CLK          ; Instr[0]    ; 0.500        ; 1.421      ; 2.867      ;
; -1.333 ; RF32x32:inst|RFC32x32:inst1|RFC32:inst19|RFC8:inst3|RFC:inst14|inst ; RAM32x32:inst1|MC1x32:inst55|inst[24] ; CLK          ; Instr[0]    ; 0.500        ; 0.540      ; 1.682      ;
; -1.323 ; RF32x32:inst|RFC32x32:inst1|RFC32:inst29|RFC8:inst3|RFC:inst14|inst ; RAM32x32:inst1|MC1x32:inst55|inst[24] ; CLK          ; Instr[0]    ; 0.500        ; 0.399      ; 1.531      ;
; -1.320 ; RF32x32:inst|RFC32x32:inst1|RFC32:inst14|RFC8:inst3|RFC:inst10|inst ; RAM32x32:inst1|MC1x32:inst55|inst[28] ; CLK          ; Instr[0]    ; 0.500        ; 0.493      ; 1.915      ;
; -1.317 ; RF32x32:inst|RFC32x32:inst1|RFC32:inst28|RFC8:inst3|RFC:inst10|inst ; RAM32x32:inst1|MC1x32:inst55|inst[28] ; CLK          ; Instr[0]    ; 0.500        ; 0.544      ; 1.963      ;
; -1.308 ; RF32x32:inst|RFC32x32:inst1|RFC32:inst24|RFC8:inst3|RFC:inst10|inst ; RAM32x32:inst1|MC1x32:inst55|inst[28] ; CLK          ; Instr[0]    ; 0.500        ; 0.567      ; 1.977      ;
; -1.308 ; RF32x32:inst|RFC32x32:inst1|RFC32:inst9|RFC8:inst1|RFC:inst12|inst  ; RAM32x32:inst1|MC1x32:inst55|inst[1]  ; CLK          ; Instr[0]    ; 0.500        ; 1.421      ; 2.840      ;
; -1.304 ; RF32x32:inst|RFC32x32:inst1|RFC32:inst38|RFC8:inst3|RFC:inst13|inst ; RAM32x32:inst1|MC1x32:inst55|inst[26] ; CLK          ; Instr[0]    ; 0.500        ; 0.637      ; 2.012      ;
; -1.301 ; RF32x32:inst|RFC32x32:inst1|RFC32:inst17|RFC8:inst3|RFC:inst13|inst ; RAM32x32:inst1|MC1x32:inst49|inst[26] ; CLK          ; Instr[0]    ; 0.500        ; 1.397      ; 2.140      ;
; -1.287 ; RF32x32:inst|RFC32x32:inst1|RFC32:inst18|RFC8:inst3|RFC:inst13|inst ; RAM32x32:inst1|MC1x32:inst49|inst[26] ; CLK          ; Instr[0]    ; 0.500        ; 1.278      ; 2.007      ;
; -1.284 ; RF32x32:inst|RFC32x32:inst1|RFC32:inst|RFC8:inst3|RFC:inst14|inst   ; RAM32x32:inst1|MC1x32:inst55|inst[24] ; CLK          ; Instr[0]    ; 0.500        ; 0.516      ; 1.609      ;
; -1.277 ; RF32x32:inst|RFC32x32:inst1|RFC32:inst9|RFC8:inst3|RFC:inst10|inst  ; RAM32x32:inst1|MC1x32:inst55|inst[28] ; CLK          ; Instr[0]    ; 0.500        ; 0.468      ; 1.847      ;
; -1.277 ; RF32x32:inst|RFC32x32:inst1|RFC32:inst17|RFC8:inst3|RFC:inst14|inst ; RAM32x32:inst1|MC1x32:inst55|inst[24] ; CLK          ; Instr[0]    ; 0.500        ; 0.531      ; 1.617      ;
; -1.253 ; RF32x32:inst|RFC32x32:inst1|RFC32:inst8|RFC8:inst3|RFC:inst10|inst  ; RAM32x32:inst1|MC1x32:inst55|inst[28] ; CLK          ; Instr[0]    ; 0.500        ; 0.468      ; 1.823      ;
; -1.240 ; RF32x32:inst|RFC32x32:inst1|RFC32:inst5|RFC8:inst3|RFC:inst14|inst  ; RAM32x32:inst1|MC1x32:inst55|inst[24] ; CLK          ; Instr[0]    ; 0.500        ; 0.513      ; 1.562      ;
; -1.237 ; RF32x32:inst|RFC32x32:inst1|RFC32:inst11|RFC8:inst|RFC:inst14|inst  ; RAM32x32:inst1|MC1x32:inst55|inst[8]  ; CLK          ; Instr[0]    ; 0.500        ; 0.876      ; 2.043      ;
; -1.222 ; RF32x32:inst|RFC32x32:inst1|RFC32:inst12|RFC8:inst3|RFC:inst10|inst ; RAM32x32:inst1|MC1x32:inst55|inst[28] ; CLK          ; Instr[0]    ; 0.500        ; 0.688      ; 2.012      ;
; -1.220 ; RF32x32:inst|RFC32x32:inst1|RFC32:inst8|RFC8:inst3|RFC:inst14|inst  ; RAM32x32:inst1|MC1x32:inst55|inst[24] ; CLK          ; Instr[0]    ; 0.500        ; 0.368      ; 1.397      ;
; -1.219 ; RF32x32:inst|RFC32x32:inst1|RFC32:inst7|RFC8:inst3|RFC:inst14|inst  ; RAM32x32:inst1|MC1x32:inst55|inst[24] ; CLK          ; Instr[0]    ; 0.500        ; 0.510      ; 1.538      ;
; -1.213 ; RF32x32:inst|RFC32x32:inst1|RFC32:inst39|RFC8:inst3|RFC:inst14|inst ; RAM32x32:inst1|MC1x32:inst55|inst[24] ; CLK          ; Instr[0]    ; 0.500        ; 0.539      ; 1.561      ;
; -1.213 ; RF32x32:inst|RFC32x32:inst1|RFC32:inst10|RFC8:inst|RFC:inst14|inst  ; RAM32x32:inst1|MC1x32:inst55|inst[8]  ; CLK          ; Instr[0]    ; 0.500        ; 0.876      ; 2.019      ;
; -1.196 ; RF32x32:inst|RFC32x32:inst1|RFC32:inst18|RFC8:inst3|RFC:inst10|inst ; RAM32x32:inst1|MC1x32:inst55|inst[28] ; CLK          ; Instr[0]    ; 0.500        ; 0.601      ; 1.899      ;
; -1.195 ; RF32x32:inst|RFC32x32:inst1|RFC32:inst27|RFC8:inst3|RFC:inst12|inst ; RAM32x32:inst1|MC1x32:inst55|inst[25] ; CLK          ; Instr[0]    ; 0.500        ; 0.514      ; 1.820      ;
; -1.191 ; RF32x32:inst|RFC32x32:inst1|RFC32:inst8|RFC8:inst1|RFC:inst14|inst  ; RAM32x32:inst1|MC1x32:inst55|inst[0]  ; CLK          ; Instr[0]    ; 0.500        ; 1.082      ; 2.285      ;
; -1.191 ; RF32x32:inst|RFC32x32:inst1|RFC32:inst17|RFC8:inst3|RFC:inst13|inst ; RAM32x32:inst1|MC1x32:inst55|inst[26] ; CLK          ; Instr[0]    ; 0.500        ; 0.718      ; 1.980      ;
; -1.191 ; RF32x32:inst|RFC32x32:inst1|RFC32:inst29|RFC8:inst3|RFC:inst10|inst ; RAM32x32:inst1|MC1x32:inst55|inst[28] ; CLK          ; Instr[0]    ; 0.500        ; 0.499      ; 1.792      ;
; -1.189 ; RF32x32:inst|RFC32x32:inst1|RFC32:inst15|RFC8:inst1|RFC:inst12|inst ; RAM32x32:inst1|MC1x32:inst55|inst[1]  ; CLK          ; Instr[0]    ; 0.500        ; 1.526      ; 2.826      ;
; -1.189 ; RF32x32:inst|RFC32x32:inst1|RFC32:inst15|RFC8:inst3|RFC:inst13|inst ; RAM32x32:inst1|MC1x32:inst49|inst[26] ; CLK          ; Instr[0]    ; 0.500        ; 1.515      ; 2.146      ;
; -1.189 ; RF32x32:inst|RFC32x32:inst1|RFC32:inst38|RFC8:inst3|RFC:inst10|inst ; RAM32x32:inst1|MC1x32:inst55|inst[28] ; CLK          ; Instr[0]    ; 0.500        ; 0.689      ; 1.980      ;
; -1.188 ; RF32x32:inst|RFC32x32:inst1|RFC32:inst26|RFC8:inst1|RFC:inst14|inst ; RAM32x32:inst1|MC1x32:inst55|inst[0]  ; CLK          ; Instr[0]    ; 0.500        ; 1.108      ; 2.308      ;
; -1.185 ; RF32x32:inst|RFC32x32:inst1|RFC32:inst15|RFC8:inst3|RFC:inst10|inst ; RAM32x32:inst1|MC1x32:inst55|inst[28] ; CLK          ; Instr[0]    ; 0.500        ; 0.664      ; 1.951      ;
; -1.185 ; RF32x32:inst|RFC32x32:inst1|RFC32:inst9|RFC8:inst3|RFC:inst14|inst  ; RAM32x32:inst1|MC1x32:inst55|inst[24] ; CLK          ; Instr[0]    ; 0.500        ; 0.368      ; 1.362      ;
; -1.184 ; RF32x32:inst|RFC32x32:inst1|RFC32:inst12|RFC8:inst2|RFC:inst10|inst ; RAM32x32:inst1|MC1x32:inst55|inst[20] ; CLK          ; Instr[0]    ; 0.500        ; 0.758      ; 2.047      ;
; -1.180 ; RF32x32:inst|RFC32x32:inst1|RFC32:inst13|RFC8:inst3|RFC:inst13|inst ; RAM32x32:inst1|MC1x32:inst49|inst[26] ; CLK          ; Instr[0]    ; 0.500        ; 1.170      ; 1.792      ;
; -1.179 ; RF32x32:inst|RFC32x32:inst1|RFC32:inst38|RFC8:inst1|RFC:inst12|inst ; RAM32x32:inst1|MC1x32:inst55|inst[1]  ; CLK          ; Instr[0]    ; 0.500        ; 1.515      ; 2.805      ;
; -1.177 ; RF32x32:inst|RFC32x32:inst1|RFC32:inst18|RFC8:inst3|RFC:inst13|inst ; RAM32x32:inst1|MC1x32:inst55|inst[26] ; CLK          ; Instr[0]    ; 0.500        ; 0.599      ; 1.847      ;
; -1.171 ; RF32x32:inst|RFC32x32:inst1|RFC32:inst25|RFC8:inst3|RFC:inst10|inst ; RAM32x32:inst1|MC1x32:inst55|inst[28] ; CLK          ; Instr[0]    ; 0.500        ; 0.593      ; 1.866      ;
; -1.171 ; RF32x32:inst|RFC32x32:inst1|RFC32:inst6|RFC8:inst3|RFC:inst14|inst  ; RAM32x32:inst1|MC1x32:inst55|inst[24] ; CLK          ; Instr[0]    ; 0.500        ; 0.510      ; 1.490      ;
; -1.171 ; RF32x32:inst|RFC32x32:inst1|RFC32:inst22|RFC8:inst1|RFC:inst14|inst ; RAM32x32:inst1|MC1x32:inst55|inst[0]  ; CLK          ; Instr[0]    ; 0.500        ; 1.226      ; 2.409      ;
; -1.170 ; RF32x32:inst|RFC32x32:inst1|RFC32:inst6|RFC8:inst|RFC:inst14|inst   ; RAM32x32:inst1|MC1x32:inst55|inst[8]  ; CLK          ; Instr[0]    ; 0.500        ; 0.790      ; 1.890      ;
; -1.166 ; RF32x32:inst|RFC32x32:inst1|RFC32:inst29|RFC8:inst1|RFC:inst12|inst ; RAM32x32:inst1|MC1x32:inst55|inst[1]  ; CLK          ; Instr[0]    ; 0.500        ; 1.676      ; 2.953      ;
; -1.166 ; RF32x32:inst|RFC32x32:inst1|RFC32:inst18|RFC8:inst|RFC:inst14|inst  ; RAM32x32:inst1|MC1x32:inst55|inst[8]  ; CLK          ; Instr[0]    ; 0.500        ; 0.854      ; 1.950      ;
; -1.165 ; RF32x32:inst|RFC32x32:inst1|RFC32:inst10|RFC8:inst3|RFC:inst14|inst ; RAM32x32:inst1|MC1x32:inst55|inst[24] ; CLK          ; Instr[0]    ; 0.500        ; 0.600      ; 1.574      ;
; -1.164 ; RF32x32:inst|RFC32x32:inst1|RFC32:inst30|RFC8:inst3|RFC:inst10|inst ; RAM32x32:inst1|MC1x32:inst55|inst[28] ; CLK          ; Instr[0]    ; 0.500        ; 0.499      ; 1.765      ;
; -1.163 ; RF32x32:inst|RFC32x32:inst1|RFC32:inst23|RFC8:inst3|RFC:inst14|inst ; RAM32x32:inst1|MC1x32:inst55|inst[24] ; CLK          ; Instr[0]    ; 0.500        ; 0.496      ; 1.468      ;
; -1.159 ; RF32x32:inst|RFC32x32:inst1|RFC32:inst16|RFC8:inst3|RFC:inst10|inst ; RAM32x32:inst1|MC1x32:inst55|inst[28] ; CLK          ; Instr[0]    ; 0.500        ; 0.663      ; 1.924      ;
; -1.158 ; RF32x32:inst|RFC32x32:inst1|RFC32:inst8|RFC8:inst3|RFC:inst13|inst  ; RAM32x32:inst1|MC1x32:inst49|inst[26] ; CLK          ; Instr[0]    ; 0.500        ; 1.128      ; 1.728      ;
; -1.157 ; RF32x32:inst|RFC32x32:inst1|RFC32:inst40|RFC8:inst1|RFC:inst14|inst ; RAM32x32:inst1|MC1x32:inst55|inst[0]  ; CLK          ; Instr[0]    ; 0.500        ; 1.108      ; 2.277      ;
; -1.152 ; RF32x32:inst|RFC32x32:inst1|RFC32:inst27|RFC8:inst3|RFC:inst14|inst ; RAM32x32:inst1|MC1x32:inst55|inst[24] ; CLK          ; Instr[0]    ; 0.500        ; 0.443      ; 1.404      ;
; -1.150 ; RF32x32:inst|RFC32x32:inst1|RFC32:inst14|RFC8:inst3|RFC:inst13|inst ; RAM32x32:inst1|MC1x32:inst49|inst[26] ; CLK          ; Instr[0]    ; 0.500        ; 1.170      ; 1.762      ;
; -1.144 ; RF32x32:inst|RFC32x32:inst1|RFC32:inst40|RFC8:inst3|RFC:inst14|inst ; RAM32x32:inst1|MC1x32:inst55|inst[24] ; CLK          ; Instr[0]    ; 0.500        ; 0.582      ; 1.535      ;
+--------+---------------------------------------------------------------------+---------------------------------------+--------------+-------------+--------------+------------+------------+


+--------------------------------------------------------------------------------------------------------------------------------------------------------------------------------------------+
; Fast Model Hold: 'Instr[0]'                                                                                                                                                                ;
+--------+---------------------------------------------------------------------+---------------------------------------+--------------+-------------+--------------+------------+------------+
; Slack  ; From Node                                                           ; To Node                               ; Launch Clock ; Latch Clock ; Relationship ; Clock Skew ; Data Delay ;
+--------+---------------------------------------------------------------------+---------------------------------------+--------------+-------------+--------------+------------+------------+
; -3.832 ; RF32x32:inst|RFC32x32:inst1|RFC32:inst23|RFC8:inst2|RFC:inst9|inst  ; RAM32x32:inst1|MC1x32:inst35|inst[21] ; CLK          ; Instr[0]    ; 0.000        ; 5.095      ; 1.263      ;
; -3.750 ; RF32x32:inst|RFC32x32:inst1|RFC32:inst9|RFC8:inst2|RFC:inst10|inst  ; RAM32x32:inst1|MC1x32:inst35|inst[20] ; CLK          ; Instr[0]    ; 0.000        ; 5.208      ; 1.458      ;
; -3.722 ; RF32x32:inst|RFC32x32:inst1|RFC32:inst16|RFC8:inst2|RFC:inst10|inst ; RAM32x32:inst1|MC1x32:inst35|inst[20] ; CLK          ; Instr[0]    ; 0.000        ; 5.201      ; 1.479      ;
; -3.707 ; RF32x32:inst|RFC32x32:inst1|RFC32:inst|RFC8:inst2|RFC:inst9|inst    ; RAM32x32:inst1|MC1x32:inst35|inst[21] ; CLK          ; Instr[0]    ; 0.000        ; 5.097      ; 1.390      ;
; -3.699 ; RF32x32:inst|RFC32x32:inst1|RFC32:inst15|RFC8:inst|RFC:inst13|inst  ; RAM32x32:inst1|MC1x32:inst35|inst[10] ; CLK          ; Instr[0]    ; 0.000        ; 5.249      ; 1.550      ;
; -3.679 ; RF32x32:inst|RFC32x32:inst1|RFC32:inst7|RFC8:inst1|RFC:inst12|inst  ; RAM32x32:inst1|MC1x32:inst35|inst[1]  ; CLK          ; Instr[0]    ; 0.000        ; 5.137      ; 1.458      ;
; -3.669 ; RF32x32:inst|RFC32x32:inst1|RFC32:inst5|RFC8:inst2|RFC:inst9|inst   ; RAM32x32:inst1|MC1x32:inst35|inst[21] ; CLK          ; Instr[0]    ; 0.000        ; 5.109      ; 1.440      ;
; -3.658 ; RF32x32:inst|RFC32x32:inst1|RFC32:inst11|RFC8:inst|RFC:inst13|inst  ; RAM32x32:inst1|MC1x32:inst35|inst[10] ; CLK          ; Instr[0]    ; 0.000        ; 5.150      ; 1.492      ;
; -3.639 ; RF32x32:inst|RFC32x32:inst1|RFC32:inst27|RFC8:inst|RFC:inst12|inst  ; RAM32x32:inst1|MC1x32:inst35|inst[9]  ; CLK          ; Instr[0]    ; 0.000        ; 5.092      ; 1.453      ;
; -3.632 ; RF32x32:inst|RFC32x32:inst1|RFC32:inst10|RFC8:inst|RFC:inst13|inst  ; RAM32x32:inst1|MC1x32:inst35|inst[10] ; CLK          ; Instr[0]    ; 0.000        ; 5.150      ; 1.518      ;
; -3.630 ; RF32x32:inst|RFC32x32:inst1|RFC32:inst8|RFC8:inst2|RFC:inst10|inst  ; RAM32x32:inst1|MC1x32:inst35|inst[20] ; CLK          ; Instr[0]    ; 0.000        ; 5.208      ; 1.578      ;
; -3.623 ; RF32x32:inst|RFC32x32:inst1|RFC32:inst27|RFC8:inst1|RFC:inst12|inst ; RAM32x32:inst1|MC1x32:inst35|inst[1]  ; CLK          ; Instr[0]    ; 0.000        ; 5.271      ; 1.648      ;
; -3.618 ; RF32x32:inst|RFC32x32:inst1|RFC32:inst19|RFC8:inst2|RFC:inst11|inst ; RAM32x32:inst1|MC1x32:inst35|inst[19] ; CLK          ; Instr[0]    ; 0.000        ; 5.136      ; 1.518      ;
; -3.618 ; RF32x32:inst|RFC32x32:inst1|RFC32:inst12|RFC8:inst2|RFC:inst9|inst  ; RAM32x32:inst1|MC1x32:inst35|inst[21] ; CLK          ; Instr[0]    ; 0.000        ; 5.001      ; 1.383      ;
; -3.614 ; RF32x32:inst|RFC32x32:inst1|RFC32:inst5|RFC8:inst|RFC:inst12|inst   ; RAM32x32:inst1|MC1x32:inst35|inst[9]  ; CLK          ; Instr[0]    ; 0.000        ; 5.231      ; 1.617      ;
; -3.609 ; RF32x32:inst|RFC32x32:inst1|RFC32:inst10|RFC8:inst2|RFC:inst10|inst ; RAM32x32:inst1|MC1x32:inst35|inst[20] ; CLK          ; Instr[0]    ; 0.000        ; 5.215      ; 1.606      ;
; -3.604 ; RF32x32:inst|RFC32x32:inst1|RFC32:inst15|RFC8:inst2|RFC:inst10|inst ; RAM32x32:inst1|MC1x32:inst35|inst[20] ; CLK          ; Instr[0]    ; 0.000        ; 5.200      ; 1.596      ;
; -3.597 ; RF32x32:inst|RFC32x32:inst1|RFC32:inst25|RFC8:inst2|RFC:inst9|inst  ; RAM32x32:inst1|MC1x32:inst35|inst[21] ; CLK          ; Instr[0]    ; 0.000        ; 5.172      ; 1.575      ;
; -3.586 ; RF32x32:inst|RFC32x32:inst1|RFC32:inst16|RFC8:inst|RFC:inst13|inst  ; RAM32x32:inst1|MC1x32:inst35|inst[10] ; CLK          ; Instr[0]    ; 0.000        ; 5.249      ; 1.663      ;
; -3.585 ; RF32x32:inst|RFC32x32:inst1|RFC32:inst|RFC8:inst|RFC:inst12|inst    ; RAM32x32:inst1|MC1x32:inst35|inst[9]  ; CLK          ; Instr[0]    ; 0.000        ; 5.231      ; 1.646      ;
; -3.582 ; RF32x32:inst|RFC32x32:inst1|RFC32:inst7|RFC8:inst2|RFC:inst9|inst   ; RAM32x32:inst1|MC1x32:inst35|inst[21] ; CLK          ; Instr[0]    ; 0.000        ; 5.202      ; 1.620      ;
; -3.569 ; RF32x32:inst|RFC32x32:inst1|RFC32:inst39|RFC8:inst2|RFC:inst11|inst ; RAM32x32:inst1|MC1x32:inst35|inst[19] ; CLK          ; Instr[0]    ; 0.000        ; 5.136      ; 1.567      ;
; -3.564 ; RF32x32:inst|RFC32x32:inst1|RFC32:inst5|RFC8:inst|RFC:inst11|inst   ; RAM32x32:inst1|MC1x32:inst35|inst[11] ; CLK          ; Instr[0]    ; 0.000        ; 5.222      ; 1.658      ;
; -3.563 ; RF32x32:inst|RFC32x32:inst1|RFC32:inst28|RFC8:inst2|RFC:inst9|inst  ; RAM32x32:inst1|MC1x32:inst35|inst[21] ; CLK          ; Instr[0]    ; 0.000        ; 5.187      ; 1.624      ;
; -3.558 ; RF32x32:inst|RFC32x32:inst1|RFC32:inst24|RFC8:inst2|RFC:inst13|inst ; RAM32x32:inst1|MC1x32:inst35|inst[18] ; CLK          ; Instr[0]    ; 0.000        ; 5.103      ; 1.545      ;
; -3.558 ; RF32x32:inst|RFC32x32:inst1|RFC32:inst8|RFC8:inst|RFC:inst12|inst   ; RAM32x32:inst1|MC1x32:inst35|inst[9]  ; CLK          ; Instr[0]    ; 0.000        ; 5.144      ; 1.586      ;
; -3.557 ; RF32x32:inst|RFC32x32:inst1|RFC32:inst30|RFC8:inst2|RFC:inst9|inst  ; RAM32x32:inst1|MC1x32:inst35|inst[21] ; CLK          ; Instr[0]    ; 0.000        ; 5.176      ; 1.619      ;
; -3.555 ; RF32x32:inst|RFC32x32:inst1|RFC32:inst|RFC8:inst3|RFC:inst18|inst   ; RAM32x32:inst1|MC1x32:inst35|inst[31] ; CLK          ; Instr[0]    ; 0.000        ; 4.976      ; 1.421      ;
; -3.555 ; RF32x32:inst|RFC32x32:inst1|RFC32:inst32|RFC8:inst2|RFC:inst9|inst  ; RAM32x32:inst1|MC1x32:inst35|inst[21] ; CLK          ; Instr[0]    ; 0.000        ; 5.172      ; 1.617      ;
; -3.552 ; RF32x32:inst|RFC32x32:inst1|RFC32:inst16|RFC8:inst2|RFC:inst9|inst  ; RAM32x32:inst1|MC1x32:inst35|inst[21] ; CLK          ; Instr[0]    ; 0.000        ; 5.201      ; 1.649      ;
; -3.548 ; RF32x32:inst|RFC32x32:inst1|RFC32:inst21|RFC8:inst1|RFC:inst12|inst ; RAM32x32:inst1|MC1x32:inst35|inst[1]  ; CLK          ; Instr[0]    ; 0.000        ; 5.275      ; 1.727      ;
; -3.545 ; RF32x32:inst|RFC32x32:inst1|RFC32:inst24|RFC8:inst2|RFC:inst13|inst ; RAM32x32:inst1|MC1x32:inst33|inst[18] ; CLK          ; Instr[0]    ; 0.000        ; 4.846      ; 1.301      ;
; -3.537 ; RF32x32:inst|RFC32x32:inst1|RFC32:inst29|RFC8:inst|RFC:inst13|inst  ; RAM32x32:inst1|MC1x32:inst35|inst[10] ; CLK          ; Instr[0]    ; 0.000        ; 5.114      ; 1.577      ;
; -3.537 ; RF32x32:inst|RFC32x32:inst1|RFC32:inst14|RFC8:inst1|RFC:inst12|inst ; RAM32x32:inst1|MC1x32:inst35|inst[1]  ; CLK          ; Instr[0]    ; 0.000        ; 5.435      ; 1.898      ;
; -3.537 ; RF32x32:inst|RFC32x32:inst1|RFC32:inst6|RFC8:inst1|RFC:inst12|inst  ; RAM32x32:inst1|MC1x32:inst35|inst[1]  ; CLK          ; Instr[0]    ; 0.000        ; 5.137      ; 1.600      ;
; -3.536 ; RF32x32:inst|RFC32x32:inst1|RFC32:inst27|RFC8:inst2|RFC:inst9|inst  ; RAM32x32:inst1|MC1x32:inst35|inst[21] ; CLK          ; Instr[0]    ; 0.000        ; 5.187      ; 1.651      ;
; -3.531 ; RF32x32:inst|RFC32x32:inst1|RFC32:inst8|RFC8:inst2|RFC:inst18|inst  ; RAM32x32:inst1|MC1x32:inst35|inst[23] ; CLK          ; Instr[0]    ; 0.000        ; 5.208      ; 1.677      ;
; -3.531 ; RF32x32:inst|RFC32x32:inst1|RFC32:inst27|RFC8:inst|RFC:inst11|inst  ; RAM32x32:inst1|MC1x32:inst35|inst[11] ; CLK          ; Instr[0]    ; 0.000        ; 5.083      ; 1.552      ;
; -3.529 ; RF32x32:inst|RFC32x32:inst1|RFC32:inst29|RFC8:inst2|RFC:inst9|inst  ; RAM32x32:inst1|MC1x32:inst35|inst[21] ; CLK          ; Instr[0]    ; 0.000        ; 5.177      ; 1.648      ;
; -3.528 ; RF32x32:inst|RFC32x32:inst1|RFC32:inst9|RFC8:inst|RFC:inst12|inst   ; RAM32x32:inst1|MC1x32:inst35|inst[9]  ; CLK          ; Instr[0]    ; 0.000        ; 5.144      ; 1.616      ;
; -3.527 ; RF32x32:inst|RFC32x32:inst1|RFC32:inst30|RFC8:inst2|RFC:inst10|inst ; RAM32x32:inst1|MC1x32:inst35|inst[20] ; CLK          ; Instr[0]    ; 0.000        ; 5.176      ; 1.649      ;
; -3.525 ; RF32x32:inst|RFC32x32:inst1|RFC32:inst15|RFC8:inst2|RFC:inst9|inst  ; RAM32x32:inst1|MC1x32:inst35|inst[21] ; CLK          ; Instr[0]    ; 0.000        ; 5.200      ; 1.675      ;
; -3.523 ; RF32x32:inst|RFC32x32:inst1|RFC32:inst10|RFC8:inst3|RFC:inst10|inst ; RAM32x32:inst1|MC1x32:inst35|inst[28] ; CLK          ; Instr[0]    ; 0.000        ; 5.096      ; 1.573      ;
; -3.516 ; RF32x32:inst|RFC32x32:inst1|RFC32:inst|RFC8:inst2|RFC:inst11|inst   ; RAM32x32:inst1|MC1x32:inst35|inst[19] ; CLK          ; Instr[0]    ; 0.000        ; 5.120      ; 1.604      ;
; -3.516 ; RF32x32:inst|RFC32x32:inst1|RFC32:inst5|RFC8:inst3|RFC:inst18|inst  ; RAM32x32:inst1|MC1x32:inst35|inst[31] ; CLK          ; Instr[0]    ; 0.000        ; 4.976      ; 1.460      ;
; -3.514 ; RF32x32:inst|RFC32x32:inst1|RFC32:inst7|RFC8:inst3|RFC:inst18|inst  ; RAM32x32:inst1|MC1x32:inst35|inst[31] ; CLK          ; Instr[0]    ; 0.000        ; 5.117      ; 1.603      ;
; -3.514 ; RF32x32:inst|RFC32x32:inst1|RFC32:inst31|RFC8:inst2|RFC:inst9|inst  ; RAM32x32:inst1|MC1x32:inst35|inst[21] ; CLK          ; Instr[0]    ; 0.000        ; 5.172      ; 1.658      ;
; -3.511 ; RF32x32:inst|RFC32x32:inst1|RFC32:inst23|RFC8:inst3|RFC:inst10|inst ; RAM32x32:inst1|MC1x32:inst35|inst[28] ; CLK          ; Instr[0]    ; 0.000        ; 4.985      ; 1.474      ;
; -3.509 ; RF32x32:inst|RFC32x32:inst1|RFC32:inst38|RFC8:inst|RFC:inst13|inst  ; RAM32x32:inst1|MC1x32:inst35|inst[10] ; CLK          ; Instr[0]    ; 0.000        ; 5.216      ; 1.707      ;
; -3.508 ; RF32x32:inst|RFC32x32:inst1|RFC32:inst32|RFC8:inst|RFC:inst12|inst  ; RAM32x32:inst1|MC1x32:inst35|inst[9]  ; CLK          ; Instr[0]    ; 0.000        ; 5.147      ; 1.639      ;
; -3.506 ; RF32x32:inst|RFC32x32:inst1|RFC32:inst38|RFC8:inst2|RFC:inst9|inst  ; RAM32x32:inst1|MC1x32:inst35|inst[21] ; CLK          ; Instr[0]    ; 0.000        ; 5.001      ; 1.495      ;
; -3.503 ; RF32x32:inst|RFC32x32:inst1|RFC32:inst9|RFC8:inst2|RFC:inst18|inst  ; RAM32x32:inst1|MC1x32:inst35|inst[23] ; CLK          ; Instr[0]    ; 0.000        ; 5.208      ; 1.705      ;
; -3.503 ; RF32x32:inst|RFC32x32:inst1|RFC32:inst28|RFC8:inst|RFC:inst11|inst  ; RAM32x32:inst1|MC1x32:inst35|inst[11] ; CLK          ; Instr[0]    ; 0.000        ; 5.083      ; 1.580      ;
; -3.502 ; RF32x32:inst|RFC32x32:inst1|RFC32:inst29|RFC8:inst2|RFC:inst10|inst ; RAM32x32:inst1|MC1x32:inst35|inst[20] ; CLK          ; Instr[0]    ; 0.000        ; 5.177      ; 1.675      ;
; -3.498 ; RF32x32:inst|RFC32x32:inst1|RFC32:inst13|RFC8:inst1|RFC:inst12|inst ; RAM32x32:inst1|MC1x32:inst35|inst[1]  ; CLK          ; Instr[0]    ; 0.000        ; 5.457      ; 1.959      ;
; -3.497 ; RF32x32:inst|RFC32x32:inst1|RFC32:inst9|RFC8:inst2|RFC:inst9|inst   ; RAM32x32:inst1|MC1x32:inst35|inst[21] ; CLK          ; Instr[0]    ; 0.000        ; 5.208      ; 1.711      ;
; -3.497 ; RF32x32:inst|RFC32x32:inst1|RFC32:inst6|RFC8:inst2|RFC:inst9|inst   ; RAM32x32:inst1|MC1x32:inst35|inst[21] ; CLK          ; Instr[0]    ; 0.000        ; 5.090      ; 1.593      ;
; -3.497 ; RF32x32:inst|RFC32x32:inst1|RFC32:inst6|RFC8:inst|RFC:inst11|inst   ; RAM32x32:inst1|MC1x32:inst35|inst[11] ; CLK          ; Instr[0]    ; 0.000        ; 5.053      ; 1.556      ;
; -3.494 ; RF32x32:inst|RFC32x32:inst1|RFC32:inst8|RFC8:inst2|RFC:inst18|inst  ; RAM32x32:inst1|MC1x32:inst28|inst[23] ; CLK          ; Instr[0]    ; 0.000        ; 4.947      ; 1.453      ;
; -3.494 ; RF32x32:inst|RFC32x32:inst1|RFC32:inst8|RFC8:inst2|RFC:inst18|inst  ; RAM32x32:inst1|MC1x32:inst36|inst[23] ; CLK          ; Instr[0]    ; 0.000        ; 4.889      ; 1.395      ;
; -3.494 ; RF32x32:inst|RFC32x32:inst1|RFC32:inst11|RFC8:inst3|RFC:inst10|inst ; RAM32x32:inst1|MC1x32:inst35|inst[28] ; CLK          ; Instr[0]    ; 0.000        ; 5.094      ; 1.600      ;
; -3.491 ; RF32x32:inst|RFC32x32:inst1|RFC32:inst23|RFC8:inst2|RFC:inst9|inst  ; RAM32x32:inst1|MC1x32:inst28|inst[21] ; CLK          ; Instr[0]    ; 0.000        ; 4.883      ; 1.392      ;
; -3.488 ; RF32x32:inst|RFC32x32:inst1|RFC32:inst|RFC8:inst3|RFC:inst9|inst    ; RAM32x32:inst1|MC1x32:inst35|inst[29] ; CLK          ; Instr[0]    ; 0.000        ; 5.145      ; 1.657      ;
; -3.487 ; RF32x32:inst|RFC32x32:inst1|RFC32:inst14|RFC8:inst|RFC:inst8|inst   ; RAM32x32:inst1|MC1x32:inst35|inst[14] ; CLK          ; Instr[0]    ; 0.000        ; 5.159      ; 1.672      ;
; -3.484 ; RF32x32:inst|RFC32x32:inst1|RFC32:inst11|RFC8:inst|RFC:inst11|inst  ; RAM32x32:inst1|MC1x32:inst35|inst[11] ; CLK          ; Instr[0]    ; 0.000        ; 5.139      ; 1.655      ;
; -3.484 ; RF32x32:inst|RFC32x32:inst1|RFC32:inst22|RFC8:inst3|RFC:inst10|inst ; RAM32x32:inst1|MC1x32:inst35|inst[28] ; CLK          ; Instr[0]    ; 0.000        ; 4.984      ; 1.500      ;
; -3.484 ; RF32x32:inst|RFC32x32:inst1|RFC32:inst12|RFC8:inst|RFC:inst13|inst  ; RAM32x32:inst1|MC1x32:inst35|inst[10] ; CLK          ; Instr[0]    ; 0.000        ; 5.217      ; 1.733      ;
; -3.483 ; RF32x32:inst|RFC32x32:inst1|RFC32:inst16|RFC8:inst1|RFC:inst13|inst ; RAM32x32:inst1|MC1x32:inst33|inst[2]  ; CLK          ; Instr[0]    ; 0.000        ; 4.995      ; 1.512      ;
; -3.479 ; RF32x32:inst|RFC32x32:inst1|RFC32:inst13|RFC8:inst|RFC:inst13|inst  ; RAM32x32:inst1|MC1x32:inst35|inst[10] ; CLK          ; Instr[0]    ; 0.000        ; 5.240      ; 1.761      ;
; -3.477 ; RF32x32:inst|RFC32x32:inst1|RFC32:inst9|RFC8:inst1|RFC:inst12|inst  ; RAM32x32:inst1|MC1x32:inst35|inst[1]  ; CLK          ; Instr[0]    ; 0.000        ; 5.196      ; 1.719      ;
; -3.475 ; RF32x32:inst|RFC32x32:inst1|RFC32:inst22|RFC8:inst3|RFC:inst13|inst ; RAM32x32:inst1|MC1x32:inst35|inst[26] ; CLK          ; Instr[0]    ; 0.000        ; 4.910      ; 1.435      ;
; -3.475 ; RF32x32:inst|RFC32x32:inst1|RFC32:inst28|RFC8:inst|RFC:inst12|inst  ; RAM32x32:inst1|MC1x32:inst35|inst[9]  ; CLK          ; Instr[0]    ; 0.000        ; 5.092      ; 1.617      ;
; -3.469 ; RF32x32:inst|RFC32x32:inst1|RFC32:inst24|RFC8:inst3|RFC:inst18|inst ; RAM32x32:inst1|MC1x32:inst35|inst[31] ; CLK          ; Instr[0]    ; 0.000        ; 4.957      ; 1.488      ;
; -3.468 ; RF32x32:inst|RFC32x32:inst1|RFC32:inst18|RFC8:inst|RFC:inst11|inst  ; RAM32x32:inst1|MC1x32:inst35|inst[11] ; CLK          ; Instr[0]    ; 0.000        ; 4.973      ; 1.505      ;
; -3.468 ; RF32x32:inst|RFC32x32:inst1|RFC32:inst8|RFC8:inst2|RFC:inst9|inst   ; RAM32x32:inst1|MC1x32:inst35|inst[21] ; CLK          ; Instr[0]    ; 0.000        ; 5.208      ; 1.740      ;
; -3.467 ; RF32x32:inst|RFC32x32:inst1|RFC32:inst6|RFC8:inst3|RFC:inst18|inst  ; RAM32x32:inst1|MC1x32:inst35|inst[31] ; CLK          ; Instr[0]    ; 0.000        ; 5.117      ; 1.650      ;
; -3.466 ; RF32x32:inst|RFC32x32:inst1|RFC32:inst9|RFC8:inst2|RFC:inst18|inst  ; RAM32x32:inst1|MC1x32:inst28|inst[23] ; CLK          ; Instr[0]    ; 0.000        ; 4.947      ; 1.481      ;
; -3.466 ; RF32x32:inst|RFC32x32:inst1|RFC32:inst9|RFC8:inst2|RFC:inst18|inst  ; RAM32x32:inst1|MC1x32:inst36|inst[23] ; CLK          ; Instr[0]    ; 0.000        ; 4.889      ; 1.423      ;
; -3.465 ; RF32x32:inst|RFC32x32:inst1|RFC32:inst15|RFC8:inst|RFC:inst13|inst  ; RAM32x32:inst1|MC1x32:inst28|inst[10] ; CLK          ; Instr[0]    ; 0.000        ; 5.022      ; 1.557      ;
; -3.464 ; RF32x32:inst|RFC32x32:inst1|RFC32:inst14|RFC8:inst|RFC:inst8|inst   ; RAM32x32:inst1|MC1x32:inst33|inst[14] ; CLK          ; Instr[0]    ; 0.000        ; 4.865      ; 1.401      ;
; -3.464 ; RF32x32:inst|RFC32x32:inst1|RFC32:inst6|RFC8:inst2|RFC:inst10|inst  ; RAM32x32:inst1|MC1x32:inst35|inst[20] ; CLK          ; Instr[0]    ; 0.000        ; 5.164      ; 1.700      ;
; -3.463 ; RF32x32:inst|RFC32x32:inst1|RFC32:inst13|RFC8:inst|RFC:inst9|inst   ; RAM32x32:inst1|MC1x32:inst28|inst[13] ; CLK          ; Instr[0]    ; 0.000        ; 4.720      ; 1.257      ;
; -3.463 ; RF32x32:inst|RFC32x32:inst1|RFC32:inst32|RFC8:inst1|RFC:inst13|inst ; RAM32x32:inst1|MC1x32:inst33|inst[2]  ; CLK          ; Instr[0]    ; 0.000        ; 4.963      ; 1.500      ;
; -3.461 ; RF32x32:inst|RFC32x32:inst1|RFC32:inst13|RFC8:inst|RFC:inst8|inst   ; RAM32x32:inst1|MC1x32:inst35|inst[14] ; CLK          ; Instr[0]    ; 0.000        ; 5.159      ; 1.698      ;
; -3.460 ; RF32x32:inst|RFC32x32:inst1|RFC32:inst10|RFC8:inst2|RFC:inst9|inst  ; RAM32x32:inst1|MC1x32:inst35|inst[21] ; CLK          ; Instr[0]    ; 0.000        ; 5.062      ; 1.602      ;
; -3.459 ; RF32x32:inst|RFC32x32:inst1|RFC32:inst16|RFC8:inst2|RFC:inst18|inst ; RAM32x32:inst1|MC1x32:inst35|inst[23] ; CLK          ; Instr[0]    ; 0.000        ; 5.201      ; 1.742      ;
; -3.458 ; RF32x32:inst|RFC32x32:inst1|RFC32:inst|RFC8:inst2|RFC:inst13|inst   ; RAM32x32:inst1|MC1x32:inst35|inst[18] ; CLK          ; Instr[0]    ; 0.000        ; 5.103      ; 1.645      ;
; -3.458 ; RF32x32:inst|RFC32x32:inst1|RFC32:inst10|RFC8:inst|RFC:inst11|inst  ; RAM32x32:inst1|MC1x32:inst35|inst[11] ; CLK          ; Instr[0]    ; 0.000        ; 5.139      ; 1.681      ;
; -3.457 ; RF32x32:inst|RFC32x32:inst1|RFC32:inst14|RFC8:inst|RFC:inst8|inst   ; RAM32x32:inst1|MC1x32:inst36|inst[14] ; CLK          ; Instr[0]    ; 0.000        ; 4.882      ; 1.425      ;
; -3.457 ; RF32x32:inst|RFC32x32:inst1|RFC32:inst11|RFC8:inst3|RFC:inst18|inst ; RAM32x32:inst1|MC1x32:inst35|inst[31] ; CLK          ; Instr[0]    ; 0.000        ; 5.095      ; 1.638      ;
; -3.456 ; RF32x32:inst|RFC32x32:inst1|RFC32:inst24|RFC8:inst2|RFC:inst13|inst ; RAM32x32:inst1|MC1x32:inst28|inst[18] ; CLK          ; Instr[0]    ; 0.000        ; 4.903      ; 1.447      ;
; -3.456 ; RF32x32:inst|RFC32x32:inst1|RFC32:inst13|RFC8:inst1|RFC:inst14|inst ; RAM32x32:inst1|MC1x32:inst35|inst[0]  ; CLK          ; Instr[0]    ; 0.000        ; 5.177      ; 1.721      ;
; -3.456 ; RF32x32:inst|RFC32x32:inst1|RFC32:inst15|RFC8:inst2|RFC:inst8|inst  ; RAM32x32:inst1|MC1x32:inst35|inst[22] ; CLK          ; Instr[0]    ; 0.000        ; 5.199      ; 1.743      ;
; -3.455 ; RF32x32:inst|RFC32x32:inst1|RFC32:inst14|RFC8:inst|RFC:inst13|inst  ; RAM32x32:inst1|MC1x32:inst35|inst[10] ; CLK          ; Instr[0]    ; 0.000        ; 5.240      ; 1.785      ;
; -3.455 ; RF32x32:inst|RFC32x32:inst1|RFC32:inst30|RFC8:inst2|RFC:inst8|inst  ; RAM32x32:inst1|MC1x32:inst35|inst[22] ; CLK          ; Instr[0]    ; 0.000        ; 5.175      ; 1.720      ;
; -3.454 ; RF32x32:inst|RFC32x32:inst1|RFC32:inst8|RFC8:inst3|RFC:inst18|inst  ; RAM32x32:inst1|MC1x32:inst35|inst[31] ; CLK          ; Instr[0]    ; 0.000        ; 4.979      ; 1.525      ;
; -3.452 ; RF32x32:inst|RFC32x32:inst1|RFC32:inst20|RFC8:inst1|RFC:inst12|inst ; RAM32x32:inst1|MC1x32:inst35|inst[1]  ; CLK          ; Instr[0]    ; 0.000        ; 5.275      ; 1.823      ;
; -3.451 ; RF32x32:inst|RFC32x32:inst1|RFC32:inst18|RFC8:inst2|RFC:inst9|inst  ; RAM32x32:inst1|MC1x32:inst35|inst[21] ; CLK          ; Instr[0]    ; 0.000        ; 4.993      ; 1.542      ;
; -3.450 ; RF32x32:inst|RFC32x32:inst1|RFC32:inst8|RFC8:inst1|RFC:inst12|inst  ; RAM32x32:inst1|MC1x32:inst35|inst[1]  ; CLK          ; Instr[0]    ; 0.000        ; 5.196      ; 1.746      ;
; -3.449 ; RF32x32:inst|RFC32x32:inst1|RFC32:inst12|RFC8:inst1|RFC:inst18|inst ; RAM32x32:inst1|MC1x32:inst35|inst[7]  ; CLK          ; Instr[0]    ; 0.000        ; 5.213      ; 1.764      ;
+--------+---------------------------------------------------------------------+---------------------------------------+--------------+-------------+--------------+------------+------------+


+---------------------------------------------------------------------------------------------------------------------------------------------------------------+
; Fast Model Hold: 'CLK'                                                                                                                                        ;
+-------+-----------+---------------------------------------------------------------------+--------------+-------------+--------------+------------+------------+
; Slack ; From Node ; To Node                                                             ; Launch Clock ; Latch Clock ; Relationship ; Clock Skew ; Data Delay ;
+-------+-----------+---------------------------------------------------------------------+--------------+-------------+--------------+------------+------------+
; 0.729 ; Instr[0]  ; RF32x32:inst|RFC32x32:inst1|RFC32:inst5|RFC8:inst2|RFC:inst12|inst  ; Instr[0]     ; CLK         ; 0.000        ; 1.791      ; 2.672      ;
; 0.898 ; Instr[0]  ; RF32x32:inst|RFC32x32:inst1|RFC32:inst5|RFC8:inst2|RFC:inst18|inst  ; Instr[0]     ; CLK         ; 0.000        ; 1.716      ; 2.766      ;
; 0.909 ; Instr[0]  ; RF32x32:inst|RFC32x32:inst1|RFC32:inst18|RFC8:inst2|RFC:inst18|inst ; Instr[0]     ; CLK         ; 0.000        ; 1.720      ; 2.781      ;
; 0.910 ; Instr[0]  ; RF32x32:inst|RFC32x32:inst1|RFC32:inst17|RFC8:inst2|RFC:inst18|inst ; Instr[0]     ; CLK         ; 0.000        ; 1.720      ; 2.782      ;
; 0.922 ; Instr[0]  ; RF32x32:inst|RFC32x32:inst1|RFC32:inst30|RFC8:inst3|RFC:inst18|inst ; Instr[0]     ; CLK         ; 0.000        ; 1.856      ; 2.930      ;
; 0.927 ; Instr[0]  ; RF32x32:inst|RFC32x32:inst1|RFC32:inst5|RFC8:inst3|RFC:inst18|inst  ; Instr[0]     ; CLK         ; 0.000        ; 1.856      ; 2.935      ;
; 0.951 ; Instr[0]  ; RF32x32:inst|RFC32x32:inst1|RFC32:inst20|RFC8:inst2|RFC:inst18|inst ; Instr[0]     ; CLK         ; 0.000        ; 1.836      ; 2.939      ;
; 0.952 ; Instr[0]  ; RF32x32:inst|RFC32x32:inst1|RFC32:inst21|RFC8:inst2|RFC:inst18|inst ; Instr[0]     ; CLK         ; 0.000        ; 1.835      ; 2.939      ;
; 0.972 ; Instr[0]  ; RF32x32:inst|RFC32x32:inst1|RFC32:inst13|RFC8:inst3|RFC:inst13|inst ; Instr[0]     ; CLK         ; 0.000        ; 1.949      ; 3.073      ;
; 0.978 ; Instr[0]  ; RF32x32:inst|RFC32x32:inst1|RFC32:inst14|RFC8:inst3|RFC:inst13|inst ; Instr[0]     ; CLK         ; 0.000        ; 1.949      ; 3.079      ;
; 0.979 ; Instr[0]  ; RF32x32:inst|RFC32x32:inst1|RFC32:inst28|RFC8:inst2|RFC:inst18|inst ; Instr[0]     ; CLK         ; 0.000        ; 1.898      ; 3.029      ;
; 0.983 ; Instr[0]  ; RF32x32:inst|RFC32x32:inst1|RFC32:inst27|RFC8:inst2|RFC:inst18|inst ; Instr[0]     ; CLK         ; 0.000        ; 1.899      ; 3.034      ;
; 0.998 ; Instr[0]  ; RF32x32:inst|RFC32x32:inst1|RFC32:inst5|RFC8:inst3|RFC:inst12|inst  ; Instr[0]     ; CLK         ; 0.000        ; 1.868      ; 3.018      ;
; 1.006 ; Instr[0]  ; RF32x32:inst|RFC32x32:inst1|RFC32:inst18|RFC8:inst2|RFC:inst12|inst ; Instr[0]     ; CLK         ; 0.000        ; 1.836      ; 2.994      ;
; 1.008 ; Instr[0]  ; RF32x32:inst|RFC32x32:inst1|RFC32:inst17|RFC8:inst2|RFC:inst12|inst ; Instr[0]     ; CLK         ; 0.000        ; 1.836      ; 2.996      ;
; 1.022 ; Instr[0]  ; RF32x32:inst|RFC32x32:inst1|RFC32:inst|RFC8:inst2|RFC:inst12|inst   ; Instr[0]     ; CLK         ; 0.000        ; 1.939      ; 3.113      ;
; 1.027 ; Instr[0]  ; RF32x32:inst|RFC32x32:inst1|RFC32:inst12|RFC8:inst2|RFC:inst12|inst ; Instr[0]     ; CLK         ; 0.000        ; 1.879      ; 3.058      ;
; 1.028 ; Instr[0]  ; RF32x32:inst|RFC32x32:inst1|RFC32:inst38|RFC8:inst2|RFC:inst12|inst ; Instr[0]     ; CLK         ; 0.000        ; 1.879      ; 3.059      ;
; 1.033 ; Instr[0]  ; RF32x32:inst|RFC32x32:inst1|RFC32:inst10|RFC8:inst2|RFC:inst12|inst ; Instr[0]     ; CLK         ; 0.000        ; 1.843      ; 3.028      ;
; 1.033 ; Instr[0]  ; RF32x32:inst|RFC32x32:inst1|RFC32:inst11|RFC8:inst2|RFC:inst12|inst ; Instr[0]     ; CLK         ; 0.000        ; 1.843      ; 3.028      ;
; 1.033 ; Instr[0]  ; RF32x32:inst|RFC32x32:inst1|RFC32:inst23|RFC8:inst2|RFC:inst18|inst ; Instr[0]     ; CLK         ; 0.000        ; 1.846      ; 3.031      ;
; 1.035 ; Instr[0]  ; RF32x32:inst|RFC32x32:inst1|RFC32:inst21|RFC8:inst2|RFC:inst12|inst ; Instr[0]     ; CLK         ; 0.000        ; 1.962      ; 3.149      ;
; 1.035 ; Instr[0]  ; RF32x32:inst|RFC32x32:inst1|RFC32:inst16|RFC8:inst2|RFC:inst12|inst ; Instr[0]     ; CLK         ; 0.000        ; 1.846      ; 3.033      ;
; 1.035 ; Instr[0]  ; RF32x32:inst|RFC32x32:inst1|RFC32:inst22|RFC8:inst2|RFC:inst18|inst ; Instr[0]     ; CLK         ; 0.000        ; 1.847      ; 3.034      ;
; 1.036 ; Instr[0]  ; RF32x32:inst|RFC32x32:inst1|RFC32:inst8|RFC8:inst3|RFC:inst18|inst  ; Instr[0]     ; CLK         ; 0.000        ; 1.853      ; 3.041      ;
; 1.038 ; Instr[0]  ; RF32x32:inst|RFC32x32:inst1|RFC32:inst15|RFC8:inst2|RFC:inst12|inst ; Instr[0]     ; CLK         ; 0.000        ; 1.846      ; 3.036      ;
; 1.039 ; Instr[0]  ; RF32x32:inst|RFC32x32:inst1|RFC32:inst9|RFC8:inst3|RFC:inst18|inst  ; Instr[0]     ; CLK         ; 0.000        ; 1.853      ; 3.044      ;
; 1.040 ; Instr[0]  ; RF32x32:inst|RFC32x32:inst1|RFC32:inst20|RFC8:inst2|RFC:inst12|inst ; Instr[0]     ; CLK         ; 0.000        ; 1.962      ; 3.154      ;
; 1.046 ; Instr[0]  ; RF32x32:inst|RFC32x32:inst1|RFC32:inst29|RFC8:inst2|RFC:inst12|inst ; Instr[0]     ; CLK         ; 0.000        ; 1.807      ; 3.005      ;
; 1.048 ; Instr[0]  ; RF32x32:inst|RFC32x32:inst1|RFC32:inst30|RFC8:inst2|RFC:inst12|inst ; Instr[0]     ; CLK         ; 0.000        ; 1.808      ; 3.008      ;
; 1.049 ; Instr[0]  ; RF32x32:inst|RFC32x32:inst1|RFC32:inst32|RFC8:inst3|RFC:inst18|inst ; Instr[0]     ; CLK         ; 0.000        ; 1.952      ; 3.153      ;
; 1.050 ; Instr[0]  ; RF32x32:inst|RFC32x32:inst1|RFC32:inst31|RFC8:inst3|RFC:inst18|inst ; Instr[0]     ; CLK         ; 0.000        ; 1.952      ; 3.154      ;
; 1.052 ; Instr[0]  ; RF32x32:inst|RFC32x32:inst1|RFC32:inst10|RFC8:inst2|RFC:inst18|inst ; Instr[0]     ; CLK         ; 0.000        ; 1.742      ; 2.946      ;
; 1.052 ; Instr[0]  ; RF32x32:inst|RFC32x32:inst1|RFC32:inst|RFC8:inst3|RFC:inst18|inst   ; Instr[0]     ; CLK         ; 0.000        ; 1.856      ; 3.060      ;
; 1.055 ; Instr[0]  ; RF32x32:inst|RFC32x32:inst1|RFC32:inst29|RFC8:inst3|RFC:inst18|inst ; Instr[0]     ; CLK         ; 0.000        ; 1.856      ; 3.063      ;
; 1.058 ; Instr[0]  ; RF32x32:inst|RFC32x32:inst1|RFC32:inst11|RFC8:inst2|RFC:inst18|inst ; Instr[0]     ; CLK         ; 0.000        ; 1.740      ; 2.950      ;
; 1.058 ; Instr[0]  ; RF32x32:inst|RFC32x32:inst1|RFC32:inst20|RFC8:inst3|RFC:inst18|inst ; Instr[0]     ; CLK         ; 0.000        ; 1.857      ; 3.067      ;
; 1.058 ; Instr[0]  ; RF32x32:inst|RFC32x32:inst1|RFC32:inst21|RFC8:inst3|RFC:inst18|inst ; Instr[0]     ; CLK         ; 0.000        ; 1.857      ; 3.067      ;
; 1.060 ; Instr[0]  ; RF32x32:inst|RFC32x32:inst1|RFC32:inst31|RFC8:inst2|RFC:inst18|inst ; Instr[0]     ; CLK         ; 0.000        ; 1.700      ; 2.912      ;
; 1.072 ; Instr[0]  ; RF32x32:inst|RFC32x32:inst1|RFC32:inst26|RFC8:inst2|RFC:inst18|inst ; Instr[0]     ; CLK         ; 0.000        ; 1.759      ; 2.983      ;
; 1.074 ; Instr[0]  ; RF32x32:inst|RFC32x32:inst1|RFC32:inst40|RFC8:inst2|RFC:inst18|inst ; Instr[0]     ; CLK         ; 0.000        ; 1.760      ; 2.986      ;
; 1.082 ; Instr[0]  ; RF32x32:inst|RFC32x32:inst1|RFC32:inst7|RFC8:inst2|RFC:inst18|inst  ; Instr[0]     ; CLK         ; 0.000        ; 1.848      ; 3.082      ;
; 1.082 ; Instr[0]  ; RF32x32:inst|RFC32x32:inst1|RFC32:inst8|RFC8:inst3|RFC:inst13|inst  ; Instr[0]     ; CLK         ; 0.000        ; 1.991      ; 3.225      ;
; 1.083 ; Instr[0]  ; RF32x32:inst|RFC32x32:inst1|RFC32:inst6|RFC8:inst2|RFC:inst18|inst  ; Instr[0]     ; CLK         ; 0.000        ; 1.848      ; 3.083      ;
; 1.084 ; Instr[0]  ; RF32x32:inst|RFC32x32:inst1|RFC32:inst9|RFC8:inst3|RFC:inst13|inst  ; Instr[0]     ; CLK         ; 0.000        ; 1.991      ; 3.227      ;
; 1.090 ; Instr[0]  ; RF32x32:inst|RFC32x32:inst1|RFC32:inst39|RFC8:inst2|RFC:inst18|inst ; Instr[0]     ; CLK         ; 0.000        ; 1.796      ; 3.038      ;
; 1.090 ; Instr[0]  ; RF32x32:inst|RFC32x32:inst1|RFC32:inst19|RFC8:inst2|RFC:inst18|inst ; Instr[0]     ; CLK         ; 0.000        ; 1.796      ; 3.038      ;
; 1.105 ; Instr[0]  ; RF32x32:inst|RFC32x32:inst1|RFC32:inst5|RFC8:inst2|RFC:inst9|inst   ; Instr[0]     ; CLK         ; 0.000        ; 1.695      ; 2.952      ;
; 1.111 ; Instr[0]  ; RF32x32:inst|RFC32x32:inst1|RFC32:inst28|RFC8:inst3|RFC:inst18|inst ; Instr[0]     ; CLK         ; 0.000        ; 1.898      ; 3.161      ;
; 1.112 ; Instr[0]  ; RF32x32:inst|RFC32x32:inst1|RFC32:inst29|RFC8:inst2|RFC:inst18|inst ; Instr[0]     ; CLK         ; 0.000        ; 1.627      ; 2.891      ;
; 1.113 ; Instr[0]  ; RF32x32:inst|RFC32x32:inst1|RFC32:inst27|RFC8:inst3|RFC:inst18|inst ; Instr[0]     ; CLK         ; 0.000        ; 1.897      ; 3.162      ;
; 1.114 ; Instr[0]  ; RF32x32:inst|RFC32x32:inst1|RFC32:inst30|RFC8:inst2|RFC:inst18|inst ; Instr[0]     ; CLK         ; 0.000        ; 1.628      ; 2.894      ;
; 1.130 ; Instr[0]  ; RF32x32:inst|RFC32x32:inst1|RFC32:inst25|RFC8:inst3|RFC:inst18|inst ; Instr[0]     ; CLK         ; 0.000        ; 1.874      ; 3.156      ;
; 1.131 ; Instr[0]  ; RF32x32:inst|RFC32x32:inst1|RFC32:inst24|RFC8:inst3|RFC:inst18|inst ; Instr[0]     ; CLK         ; 0.000        ; 1.875      ; 3.158      ;
; 1.132 ; Instr[0]  ; RF32x32:inst|RFC32x32:inst1|RFC32:inst14|RFC8:inst3|RFC:inst18|inst ; Instr[0]     ; CLK         ; 0.000        ; 1.854      ; 3.138      ;
; 1.132 ; Instr[0]  ; RF32x32:inst|RFC32x32:inst1|RFC32:inst13|RFC8:inst3|RFC:inst18|inst ; Instr[0]     ; CLK         ; 0.000        ; 1.854      ; 3.138      ;
; 1.135 ; Instr[0]  ; RF32x32:inst|RFC32x32:inst1|RFC32:inst14|RFC8:inst3|RFC:inst8|inst  ; Instr[0]     ; CLK         ; 0.000        ; 1.854      ; 3.141      ;
; 1.136 ; Instr[0]  ; RF32x32:inst|RFC32x32:inst1|RFC32:inst13|RFC8:inst3|RFC:inst8|inst  ; Instr[0]     ; CLK         ; 0.000        ; 1.854      ; 3.142      ;
; 1.147 ; Instr[0]  ; RF32x32:inst|RFC32x32:inst1|RFC32:inst32|RFC8:inst2|RFC:inst18|inst ; Instr[0]     ; CLK         ; 0.000        ; 1.698      ; 2.997      ;
; 1.152 ; Instr[0]  ; RF32x32:inst|RFC32x32:inst1|RFC32:inst9|RFC8:inst3|RFC:inst8|inst   ; Instr[0]     ; CLK         ; 0.000        ; 1.853      ; 3.157      ;
; 1.152 ; Instr[0]  ; RF32x32:inst|RFC32x32:inst1|RFC32:inst8|RFC8:inst3|RFC:inst8|inst   ; Instr[0]     ; CLK         ; 0.000        ; 1.853      ; 3.157      ;
; 1.152 ; Instr[0]  ; RF32x32:inst|RFC32x32:inst1|RFC32:inst40|RFC8:inst3|RFC:inst18|inst ; Instr[0]     ; CLK         ; 0.000        ; 1.863      ; 3.167      ;
; 1.153 ; Instr[0]  ; RF32x32:inst|RFC32x32:inst1|RFC32:inst31|RFC8:inst1|RFC:inst9|inst  ; Instr[0]     ; CLK         ; 0.000        ; 1.700      ; 3.005      ;
; 1.154 ; Instr[0]  ; RF32x32:inst|RFC32x32:inst1|RFC32:inst6|RFC8:inst2|RFC:inst12|inst  ; Instr[0]     ; CLK         ; 0.000        ; 1.832      ; 3.138      ;
; 1.154 ; Instr[0]  ; RF32x32:inst|RFC32x32:inst1|RFC32:inst26|RFC8:inst3|RFC:inst18|inst ; Instr[0]     ; CLK         ; 0.000        ; 1.863      ; 3.169      ;
; 1.155 ; Instr[0]  ; RF32x32:inst|RFC32x32:inst1|RFC32:inst32|RFC8:inst1|RFC:inst9|inst  ; Instr[0]     ; CLK         ; 0.000        ; 1.698      ; 3.005      ;
; 1.155 ; Instr[0]  ; RF32x32:inst|RFC32x32:inst1|RFC32:inst|RFC8:inst2|RFC:inst18|inst   ; Instr[0]     ; CLK         ; 0.000        ; 1.707      ; 3.014      ;
; 1.156 ; Instr[0]  ; RF32x32:inst|RFC32x32:inst1|RFC32:inst7|RFC8:inst2|RFC:inst12|inst  ; Instr[0]     ; CLK         ; 0.000        ; 1.832      ; 3.140      ;
; 1.157 ; Instr[0]  ; RF32x32:inst|RFC32x32:inst1|RFC32:inst5|RFC8:inst|RFC:inst18|inst   ; Instr[0]     ; CLK         ; 0.000        ; 1.689      ; 2.998      ;
; 1.160 ; Instr[0]  ; RF32x32:inst|RFC32x32:inst1|RFC32:inst5|RFC8:inst3|RFC:inst10|inst  ; Instr[0]     ; CLK         ; 0.000        ; 1.823      ; 3.135      ;
; 1.164 ; Instr[0]  ; RF32x32:inst|RFC32x32:inst1|RFC32:inst9|RFC8:inst2|RFC:inst12|inst  ; Instr[0]     ; CLK         ; 0.000        ; 1.840      ; 3.156      ;
; 1.164 ; Instr[0]  ; RF32x32:inst|RFC32x32:inst1|RFC32:inst8|RFC8:inst2|RFC:inst12|inst  ; Instr[0]     ; CLK         ; 0.000        ; 1.840      ; 3.156      ;
; 1.164 ; Instr[0]  ; RF32x32:inst|RFC32x32:inst1|RFC32:inst38|RFC8:inst2|RFC:inst18|inst ; Instr[0]     ; CLK         ; 0.000        ; 1.803      ; 3.119      ;
; 1.171 ; Instr[0]  ; RF32x32:inst|RFC32x32:inst1|RFC32:inst12|RFC8:inst2|RFC:inst18|inst ; Instr[0]     ; CLK         ; 0.000        ; 1.803      ; 3.126      ;
; 1.177 ; Instr[0]  ; RF32x32:inst|RFC32x32:inst1|RFC32:inst13|RFC8:inst2|RFC:inst12|inst ; Instr[0]     ; CLK         ; 0.000        ; 1.675      ; 3.004      ;
; 1.177 ; Instr[0]  ; RF32x32:inst|RFC32x32:inst1|RFC32:inst14|RFC8:inst2|RFC:inst12|inst ; Instr[0]     ; CLK         ; 0.000        ; 1.675      ; 3.004      ;
; 1.189 ; Instr[0]  ; RF32x32:inst|RFC32x32:inst1|RFC32:inst18|RFC8:inst3|RFC:inst13|inst ; Instr[0]     ; CLK         ; 0.000        ; 1.841      ; 3.182      ;
; 1.190 ; Instr[0]  ; RF32x32:inst|RFC32x32:inst1|RFC32:inst24|RFC8:inst1|RFC:inst11|inst ; Instr[0]     ; CLK         ; 0.000        ; 1.856      ; 3.198      ;
; 1.191 ; Instr[0]  ; RF32x32:inst|RFC32x32:inst1|RFC32:inst23|RFC8:inst3|RFC:inst18|inst ; Instr[0]     ; CLK         ; 0.000        ; 1.847      ; 3.190      ;
; 1.192 ; Instr[0]  ; RF32x32:inst|RFC32x32:inst1|RFC32:inst25|RFC8:inst1|RFC:inst11|inst ; Instr[0]     ; CLK         ; 0.000        ; 1.857      ; 3.201      ;
; 1.194 ; Instr[0]  ; RF32x32:inst|RFC32x32:inst1|RFC32:inst22|RFC8:inst3|RFC:inst18|inst ; Instr[0]     ; CLK         ; 0.000        ; 1.847      ; 3.193      ;
; 1.209 ; Instr[0]  ; RF32x32:inst|RFC32x32:inst1|RFC32:inst22|RFC8:inst3|RFC:inst8|inst  ; Instr[0]     ; CLK         ; 0.000        ; 1.769      ; 3.130      ;
; 1.210 ; Instr[0]  ; RF32x32:inst|RFC32x32:inst1|RFC32:inst23|RFC8:inst3|RFC:inst8|inst  ; Instr[0]     ; CLK         ; 0.000        ; 1.769      ; 3.131      ;
; 1.212 ; Instr[0]  ; RF32x32:inst|RFC32x32:inst1|RFC32:inst15|RFC8:inst2|RFC:inst18|inst ; Instr[0]     ; CLK         ; 0.000        ; 1.604      ; 2.968      ;
; 1.212 ; Instr[0]  ; RF32x32:inst|RFC32x32:inst1|RFC32:inst30|RFC8:inst3|RFC:inst13|inst ; Instr[0]     ; CLK         ; 0.000        ; 1.943      ; 3.307      ;
; 1.212 ; Instr[0]  ; RF32x32:inst|RFC32x32:inst1|RFC32:inst29|RFC8:inst3|RFC:inst13|inst ; Instr[0]     ; CLK         ; 0.000        ; 1.943      ; 3.307      ;
; 1.212 ; Instr[0]  ; RF32x32:inst|RFC32x32:inst1|RFC32:inst40|RFC8:inst3|RFC:inst8|inst  ; Instr[0]     ; CLK         ; 0.000        ; 1.863      ; 3.227      ;
; 1.213 ; Instr[0]  ; RF32x32:inst|RFC32x32:inst1|RFC32:inst26|RFC8:inst3|RFC:inst8|inst  ; Instr[0]     ; CLK         ; 0.000        ; 1.863      ; 3.228      ;
; 1.214 ; Instr[0]  ; RF32x32:inst|RFC32x32:inst1|RFC32:inst16|RFC8:inst2|RFC:inst18|inst ; Instr[0]     ; CLK         ; 0.000        ; 1.603      ; 2.969      ;
; 1.218 ; Instr[0]  ; RF32x32:inst|RFC32x32:inst1|RFC32:inst31|RFC8:inst3|RFC:inst8|inst  ; Instr[0]     ; CLK         ; 0.000        ; 1.952      ; 3.322      ;
; 1.221 ; Instr[0]  ; RF32x32:inst|RFC32x32:inst1|RFC32:inst26|RFC8:inst3|RFC:inst13|inst ; Instr[0]     ; CLK         ; 0.000        ; 1.863      ; 3.236      ;
; 1.222 ; Instr[0]  ; RF32x32:inst|RFC32x32:inst1|RFC32:inst32|RFC8:inst3|RFC:inst8|inst  ; Instr[0]     ; CLK         ; 0.000        ; 1.952      ; 3.326      ;
; 1.225 ; Instr[0]  ; RF32x32:inst|RFC32x32:inst1|RFC32:inst25|RFC8:inst3|RFC:inst8|inst  ; Instr[0]     ; CLK         ; 0.000        ; 1.874      ; 3.251      ;
; 1.225 ; Instr[0]  ; RF32x32:inst|RFC32x32:inst1|RFC32:inst24|RFC8:inst3|RFC:inst8|inst  ; Instr[0]     ; CLK         ; 0.000        ; 1.875      ; 3.252      ;
; 1.227 ; Instr[0]  ; RF32x32:inst|RFC32x32:inst1|RFC32:inst30|RFC8:inst3|RFC:inst12|inst ; Instr[0]     ; CLK         ; 0.000        ; 1.943      ; 3.322      ;
; 1.227 ; Instr[0]  ; RF32x32:inst|RFC32x32:inst1|RFC32:inst31|RFC8:inst3|RFC:inst13|inst ; Instr[0]     ; CLK         ; 0.000        ; 1.952      ; 3.331      ;
; 1.227 ; Instr[0]  ; RF32x32:inst|RFC32x32:inst1|RFC32:inst40|RFC8:inst3|RFC:inst13|inst ; Instr[0]     ; CLK         ; 0.000        ; 1.863      ; 3.242      ;
; 1.229 ; Instr[0]  ; RF32x32:inst|RFC32x32:inst1|RFC32:inst29|RFC8:inst3|RFC:inst12|inst ; Instr[0]     ; CLK         ; 0.000        ; 1.943      ; 3.324      ;
; 1.229 ; Instr[0]  ; RF32x32:inst|RFC32x32:inst1|RFC32:inst5|RFC8:inst3|RFC:inst9|inst   ; Instr[0]     ; CLK         ; 0.000        ; 1.865      ; 3.246      ;
; 1.229 ; Instr[0]  ; RF32x32:inst|RFC32x32:inst1|RFC32:inst5|RFC8:inst2|RFC:inst12|inst  ; Instr[0]     ; CLK         ; -0.500       ; 1.791      ; 2.672      ;
+-------+-----------+---------------------------------------------------------------------+--------------+-------------+--------------+------------+------------+


+---------------------------------------------------------------------------------------------------------------------------+
; Fast Model Minimum Pulse Width: 'Instr[0]'                                                                                ;
+--------+--------------+----------------+------------------+----------+------------+---------------------------------------+
; Slack  ; Actual Width ; Required Width ; Type             ; Clock    ; Clock Edge ; Target                                ;
+--------+--------------+----------------+------------------+----------+------------+---------------------------------------+
; -2.981 ; -2.981       ; 0.000          ; High Pulse Width ; Instr[0] ; Fall       ; RAM32x32:inst1|MC1x32:inst55|inst[0]  ;
; -2.981 ; -2.981       ; 0.000          ; Low Pulse Width  ; Instr[0] ; Fall       ; RAM32x32:inst1|MC1x32:inst55|inst[0]  ;
; -2.981 ; -2.981       ; 0.000          ; High Pulse Width ; Instr[0] ; Fall       ; RAM32x32:inst1|MC1x32:inst55|inst[10] ;
; -2.981 ; -2.981       ; 0.000          ; Low Pulse Width  ; Instr[0] ; Fall       ; RAM32x32:inst1|MC1x32:inst55|inst[10] ;
; -2.981 ; -2.981       ; 0.000          ; High Pulse Width ; Instr[0] ; Fall       ; RAM32x32:inst1|MC1x32:inst55|inst[11] ;
; -2.981 ; -2.981       ; 0.000          ; Low Pulse Width  ; Instr[0] ; Fall       ; RAM32x32:inst1|MC1x32:inst55|inst[11] ;
; -2.981 ; -2.981       ; 0.000          ; High Pulse Width ; Instr[0] ; Fall       ; RAM32x32:inst1|MC1x32:inst55|inst[12] ;
; -2.981 ; -2.981       ; 0.000          ; Low Pulse Width  ; Instr[0] ; Fall       ; RAM32x32:inst1|MC1x32:inst55|inst[12] ;
; -2.981 ; -2.981       ; 0.000          ; High Pulse Width ; Instr[0] ; Fall       ; RAM32x32:inst1|MC1x32:inst55|inst[13] ;
; -2.981 ; -2.981       ; 0.000          ; Low Pulse Width  ; Instr[0] ; Fall       ; RAM32x32:inst1|MC1x32:inst55|inst[13] ;
; -2.981 ; -2.981       ; 0.000          ; High Pulse Width ; Instr[0] ; Fall       ; RAM32x32:inst1|MC1x32:inst55|inst[14] ;
; -2.981 ; -2.981       ; 0.000          ; Low Pulse Width  ; Instr[0] ; Fall       ; RAM32x32:inst1|MC1x32:inst55|inst[14] ;
; -2.981 ; -2.981       ; 0.000          ; High Pulse Width ; Instr[0] ; Fall       ; RAM32x32:inst1|MC1x32:inst55|inst[15] ;
; -2.981 ; -2.981       ; 0.000          ; Low Pulse Width  ; Instr[0] ; Fall       ; RAM32x32:inst1|MC1x32:inst55|inst[15] ;
; -2.981 ; -2.981       ; 0.000          ; High Pulse Width ; Instr[0] ; Fall       ; RAM32x32:inst1|MC1x32:inst55|inst[16] ;
; -2.981 ; -2.981       ; 0.000          ; Low Pulse Width  ; Instr[0] ; Fall       ; RAM32x32:inst1|MC1x32:inst55|inst[16] ;
; -2.981 ; -2.981       ; 0.000          ; High Pulse Width ; Instr[0] ; Fall       ; RAM32x32:inst1|MC1x32:inst55|inst[17] ;
; -2.981 ; -2.981       ; 0.000          ; Low Pulse Width  ; Instr[0] ; Fall       ; RAM32x32:inst1|MC1x32:inst55|inst[17] ;
; -2.981 ; -2.981       ; 0.000          ; High Pulse Width ; Instr[0] ; Fall       ; RAM32x32:inst1|MC1x32:inst55|inst[18] ;
; -2.981 ; -2.981       ; 0.000          ; Low Pulse Width  ; Instr[0] ; Fall       ; RAM32x32:inst1|MC1x32:inst55|inst[18] ;
; -2.981 ; -2.981       ; 0.000          ; High Pulse Width ; Instr[0] ; Fall       ; RAM32x32:inst1|MC1x32:inst55|inst[19] ;
; -2.981 ; -2.981       ; 0.000          ; Low Pulse Width  ; Instr[0] ; Fall       ; RAM32x32:inst1|MC1x32:inst55|inst[19] ;
; -2.981 ; -2.981       ; 0.000          ; High Pulse Width ; Instr[0] ; Fall       ; RAM32x32:inst1|MC1x32:inst55|inst[1]  ;
; -2.981 ; -2.981       ; 0.000          ; Low Pulse Width  ; Instr[0] ; Fall       ; RAM32x32:inst1|MC1x32:inst55|inst[1]  ;
; -2.981 ; -2.981       ; 0.000          ; High Pulse Width ; Instr[0] ; Fall       ; RAM32x32:inst1|MC1x32:inst55|inst[20] ;
; -2.981 ; -2.981       ; 0.000          ; Low Pulse Width  ; Instr[0] ; Fall       ; RAM32x32:inst1|MC1x32:inst55|inst[20] ;
; -2.981 ; -2.981       ; 0.000          ; High Pulse Width ; Instr[0] ; Fall       ; RAM32x32:inst1|MC1x32:inst55|inst[21] ;
; -2.981 ; -2.981       ; 0.000          ; Low Pulse Width  ; Instr[0] ; Fall       ; RAM32x32:inst1|MC1x32:inst55|inst[21] ;
; -2.981 ; -2.981       ; 0.000          ; High Pulse Width ; Instr[0] ; Fall       ; RAM32x32:inst1|MC1x32:inst55|inst[22] ;
; -2.981 ; -2.981       ; 0.000          ; Low Pulse Width  ; Instr[0] ; Fall       ; RAM32x32:inst1|MC1x32:inst55|inst[22] ;
; -2.981 ; -2.981       ; 0.000          ; High Pulse Width ; Instr[0] ; Fall       ; RAM32x32:inst1|MC1x32:inst55|inst[23] ;
; -2.981 ; -2.981       ; 0.000          ; Low Pulse Width  ; Instr[0] ; Fall       ; RAM32x32:inst1|MC1x32:inst55|inst[23] ;
; -2.981 ; -2.981       ; 0.000          ; High Pulse Width ; Instr[0] ; Fall       ; RAM32x32:inst1|MC1x32:inst55|inst[24] ;
; -2.981 ; -2.981       ; 0.000          ; Low Pulse Width  ; Instr[0] ; Fall       ; RAM32x32:inst1|MC1x32:inst55|inst[24] ;
; -2.981 ; -2.981       ; 0.000          ; High Pulse Width ; Instr[0] ; Fall       ; RAM32x32:inst1|MC1x32:inst55|inst[25] ;
; -2.981 ; -2.981       ; 0.000          ; Low Pulse Width  ; Instr[0] ; Fall       ; RAM32x32:inst1|MC1x32:inst55|inst[25] ;
; -2.981 ; -2.981       ; 0.000          ; High Pulse Width ; Instr[0] ; Fall       ; RAM32x32:inst1|MC1x32:inst55|inst[26] ;
; -2.981 ; -2.981       ; 0.000          ; Low Pulse Width  ; Instr[0] ; Fall       ; RAM32x32:inst1|MC1x32:inst55|inst[26] ;
; -2.981 ; -2.981       ; 0.000          ; High Pulse Width ; Instr[0] ; Fall       ; RAM32x32:inst1|MC1x32:inst55|inst[27] ;
; -2.981 ; -2.981       ; 0.000          ; Low Pulse Width  ; Instr[0] ; Fall       ; RAM32x32:inst1|MC1x32:inst55|inst[27] ;
; -2.981 ; -2.981       ; 0.000          ; High Pulse Width ; Instr[0] ; Fall       ; RAM32x32:inst1|MC1x32:inst55|inst[28] ;
; -2.981 ; -2.981       ; 0.000          ; Low Pulse Width  ; Instr[0] ; Fall       ; RAM32x32:inst1|MC1x32:inst55|inst[28] ;
; -2.981 ; -2.981       ; 0.000          ; High Pulse Width ; Instr[0] ; Fall       ; RAM32x32:inst1|MC1x32:inst55|inst[29] ;
; -2.981 ; -2.981       ; 0.000          ; Low Pulse Width  ; Instr[0] ; Fall       ; RAM32x32:inst1|MC1x32:inst55|inst[29] ;
; -2.981 ; -2.981       ; 0.000          ; High Pulse Width ; Instr[0] ; Fall       ; RAM32x32:inst1|MC1x32:inst55|inst[2]  ;
; -2.981 ; -2.981       ; 0.000          ; Low Pulse Width  ; Instr[0] ; Fall       ; RAM32x32:inst1|MC1x32:inst55|inst[2]  ;
; -2.981 ; -2.981       ; 0.000          ; High Pulse Width ; Instr[0] ; Fall       ; RAM32x32:inst1|MC1x32:inst55|inst[30] ;
; -2.981 ; -2.981       ; 0.000          ; Low Pulse Width  ; Instr[0] ; Fall       ; RAM32x32:inst1|MC1x32:inst55|inst[30] ;
; -2.981 ; -2.981       ; 0.000          ; High Pulse Width ; Instr[0] ; Fall       ; RAM32x32:inst1|MC1x32:inst55|inst[31] ;
; -2.981 ; -2.981       ; 0.000          ; Low Pulse Width  ; Instr[0] ; Fall       ; RAM32x32:inst1|MC1x32:inst55|inst[31] ;
; -2.981 ; -2.981       ; 0.000          ; High Pulse Width ; Instr[0] ; Fall       ; RAM32x32:inst1|MC1x32:inst55|inst[3]  ;
; -2.981 ; -2.981       ; 0.000          ; Low Pulse Width  ; Instr[0] ; Fall       ; RAM32x32:inst1|MC1x32:inst55|inst[3]  ;
; -2.981 ; -2.981       ; 0.000          ; High Pulse Width ; Instr[0] ; Fall       ; RAM32x32:inst1|MC1x32:inst55|inst[4]  ;
; -2.981 ; -2.981       ; 0.000          ; Low Pulse Width  ; Instr[0] ; Fall       ; RAM32x32:inst1|MC1x32:inst55|inst[4]  ;
; -2.981 ; -2.981       ; 0.000          ; High Pulse Width ; Instr[0] ; Fall       ; RAM32x32:inst1|MC1x32:inst55|inst[5]  ;
; -2.981 ; -2.981       ; 0.000          ; Low Pulse Width  ; Instr[0] ; Fall       ; RAM32x32:inst1|MC1x32:inst55|inst[5]  ;
; -2.981 ; -2.981       ; 0.000          ; High Pulse Width ; Instr[0] ; Fall       ; RAM32x32:inst1|MC1x32:inst55|inst[6]  ;
; -2.981 ; -2.981       ; 0.000          ; Low Pulse Width  ; Instr[0] ; Fall       ; RAM32x32:inst1|MC1x32:inst55|inst[6]  ;
; -2.981 ; -2.981       ; 0.000          ; High Pulse Width ; Instr[0] ; Fall       ; RAM32x32:inst1|MC1x32:inst55|inst[7]  ;
; -2.981 ; -2.981       ; 0.000          ; Low Pulse Width  ; Instr[0] ; Fall       ; RAM32x32:inst1|MC1x32:inst55|inst[7]  ;
; -2.981 ; -2.981       ; 0.000          ; High Pulse Width ; Instr[0] ; Fall       ; RAM32x32:inst1|MC1x32:inst55|inst[8]  ;
; -2.981 ; -2.981       ; 0.000          ; Low Pulse Width  ; Instr[0] ; Fall       ; RAM32x32:inst1|MC1x32:inst55|inst[8]  ;
; -2.981 ; -2.981       ; 0.000          ; High Pulse Width ; Instr[0] ; Fall       ; RAM32x32:inst1|MC1x32:inst55|inst[9]  ;
; -2.981 ; -2.981       ; 0.000          ; Low Pulse Width  ; Instr[0] ; Fall       ; RAM32x32:inst1|MC1x32:inst55|inst[9]  ;
; -2.981 ; -2.981       ; 0.000          ; High Pulse Width ; Instr[0] ; Rise       ; inst1|inst55|inst2|combout            ;
; -2.981 ; -2.981       ; 0.000          ; Low Pulse Width  ; Instr[0] ; Rise       ; inst1|inst55|inst2|combout            ;
; -2.981 ; -2.981       ; 0.000          ; High Pulse Width ; Instr[0] ; Rise       ; inst1|inst55|inst[0]|datab            ;
; -2.981 ; -2.981       ; 0.000          ; Low Pulse Width  ; Instr[0] ; Rise       ; inst1|inst55|inst[0]|datab            ;
; -2.981 ; -2.981       ; 0.000          ; High Pulse Width ; Instr[0] ; Rise       ; inst1|inst55|inst[10]|datac           ;
; -2.981 ; -2.981       ; 0.000          ; Low Pulse Width  ; Instr[0] ; Rise       ; inst1|inst55|inst[10]|datac           ;
; -2.981 ; -2.981       ; 0.000          ; High Pulse Width ; Instr[0] ; Rise       ; inst1|inst55|inst[11]|datad           ;
; -2.981 ; -2.981       ; 0.000          ; Low Pulse Width  ; Instr[0] ; Rise       ; inst1|inst55|inst[11]|datad           ;
; -2.981 ; -2.981       ; 0.000          ; High Pulse Width ; Instr[0] ; Rise       ; inst1|inst55|inst[12]|datac           ;
; -2.981 ; -2.981       ; 0.000          ; Low Pulse Width  ; Instr[0] ; Rise       ; inst1|inst55|inst[12]|datac           ;
; -2.981 ; -2.981       ; 0.000          ; High Pulse Width ; Instr[0] ; Rise       ; inst1|inst55|inst[13]|datad           ;
; -2.981 ; -2.981       ; 0.000          ; Low Pulse Width  ; Instr[0] ; Rise       ; inst1|inst55|inst[13]|datad           ;
; -2.981 ; -2.981       ; 0.000          ; High Pulse Width ; Instr[0] ; Rise       ; inst1|inst55|inst[14]|datac           ;
; -2.981 ; -2.981       ; 0.000          ; Low Pulse Width  ; Instr[0] ; Rise       ; inst1|inst55|inst[14]|datac           ;
; -2.981 ; -2.981       ; 0.000          ; High Pulse Width ; Instr[0] ; Rise       ; inst1|inst55|inst[15]|datad           ;
; -2.981 ; -2.981       ; 0.000          ; Low Pulse Width  ; Instr[0] ; Rise       ; inst1|inst55|inst[15]|datad           ;
; -2.981 ; -2.981       ; 0.000          ; High Pulse Width ; Instr[0] ; Rise       ; inst1|inst55|inst[16]|datad           ;
; -2.981 ; -2.981       ; 0.000          ; Low Pulse Width  ; Instr[0] ; Rise       ; inst1|inst55|inst[16]|datad           ;
; -2.981 ; -2.981       ; 0.000          ; High Pulse Width ; Instr[0] ; Rise       ; inst1|inst55|inst[17]|datac           ;
; -2.981 ; -2.981       ; 0.000          ; Low Pulse Width  ; Instr[0] ; Rise       ; inst1|inst55|inst[17]|datac           ;
; -2.981 ; -2.981       ; 0.000          ; High Pulse Width ; Instr[0] ; Rise       ; inst1|inst55|inst[18]|datac           ;
; -2.981 ; -2.981       ; 0.000          ; Low Pulse Width  ; Instr[0] ; Rise       ; inst1|inst55|inst[18]|datac           ;
; -2.981 ; -2.981       ; 0.000          ; High Pulse Width ; Instr[0] ; Rise       ; inst1|inst55|inst[19]|datab           ;
; -2.981 ; -2.981       ; 0.000          ; Low Pulse Width  ; Instr[0] ; Rise       ; inst1|inst55|inst[19]|datab           ;
; -2.981 ; -2.981       ; 0.000          ; High Pulse Width ; Instr[0] ; Rise       ; inst1|inst55|inst[1]|datac            ;
; -2.981 ; -2.981       ; 0.000          ; Low Pulse Width  ; Instr[0] ; Rise       ; inst1|inst55|inst[1]|datac            ;
; -2.981 ; -2.981       ; 0.000          ; High Pulse Width ; Instr[0] ; Rise       ; inst1|inst55|inst[20]|datab           ;
; -2.981 ; -2.981       ; 0.000          ; Low Pulse Width  ; Instr[0] ; Rise       ; inst1|inst55|inst[20]|datab           ;
; -2.981 ; -2.981       ; 0.000          ; High Pulse Width ; Instr[0] ; Rise       ; inst1|inst55|inst[21]|dataa           ;
; -2.981 ; -2.981       ; 0.000          ; Low Pulse Width  ; Instr[0] ; Rise       ; inst1|inst55|inst[21]|dataa           ;
; -2.981 ; -2.981       ; 0.000          ; High Pulse Width ; Instr[0] ; Rise       ; inst1|inst55|inst[22]|datac           ;
; -2.981 ; -2.981       ; 0.000          ; Low Pulse Width  ; Instr[0] ; Rise       ; inst1|inst55|inst[22]|datac           ;
; -2.981 ; -2.981       ; 0.000          ; High Pulse Width ; Instr[0] ; Rise       ; inst1|inst55|inst[23]|dataa           ;
; -2.981 ; -2.981       ; 0.000          ; Low Pulse Width  ; Instr[0] ; Rise       ; inst1|inst55|inst[23]|dataa           ;
; -2.981 ; -2.981       ; 0.000          ; High Pulse Width ; Instr[0] ; Rise       ; inst1|inst55|inst[24]|datab           ;
; -2.981 ; -2.981       ; 0.000          ; Low Pulse Width  ; Instr[0] ; Rise       ; inst1|inst55|inst[24]|datab           ;
+--------+--------------+----------------+------------------+----------+------------+---------------------------------------+


+------------------------------------------------------------------------------------------------------------------------------------------------------+
; Fast Model Minimum Pulse Width: 'CLK'                                                                                                                ;
+--------+--------------+----------------+------------------+-------+------------+---------------------------------------------------------------------+
; Slack  ; Actual Width ; Required Width ; Type             ; Clock ; Clock Edge ; Target                                                              ;
+--------+--------------+----------------+------------------+-------+------------+---------------------------------------------------------------------+
; -1.222 ; 1.000        ; 2.222          ; Port Rate        ; CLK   ; Rise       ; CLK                                                                 ;
; -0.500 ; 0.500        ; 1.000          ; High Pulse Width ; CLK   ; Rise       ; RF32x32:inst|RFC32x32:inst1|RFC32:inst10|RFC8:inst1|RFC:inst10|inst ;
; -0.500 ; 0.500        ; 1.000          ; Low Pulse Width  ; CLK   ; Rise       ; RF32x32:inst|RFC32x32:inst1|RFC32:inst10|RFC8:inst1|RFC:inst10|inst ;
; -0.500 ; 0.500        ; 1.000          ; High Pulse Width ; CLK   ; Rise       ; RF32x32:inst|RFC32x32:inst1|RFC32:inst10|RFC8:inst1|RFC:inst11|inst ;
; -0.500 ; 0.500        ; 1.000          ; Low Pulse Width  ; CLK   ; Rise       ; RF32x32:inst|RFC32x32:inst1|RFC32:inst10|RFC8:inst1|RFC:inst11|inst ;
; -0.500 ; 0.500        ; 1.000          ; High Pulse Width ; CLK   ; Rise       ; RF32x32:inst|RFC32x32:inst1|RFC32:inst10|RFC8:inst1|RFC:inst12|inst ;
; -0.500 ; 0.500        ; 1.000          ; Low Pulse Width  ; CLK   ; Rise       ; RF32x32:inst|RFC32x32:inst1|RFC32:inst10|RFC8:inst1|RFC:inst12|inst ;
; -0.500 ; 0.500        ; 1.000          ; High Pulse Width ; CLK   ; Rise       ; RF32x32:inst|RFC32x32:inst1|RFC32:inst10|RFC8:inst1|RFC:inst13|inst ;
; -0.500 ; 0.500        ; 1.000          ; Low Pulse Width  ; CLK   ; Rise       ; RF32x32:inst|RFC32x32:inst1|RFC32:inst10|RFC8:inst1|RFC:inst13|inst ;
; -0.500 ; 0.500        ; 1.000          ; High Pulse Width ; CLK   ; Rise       ; RF32x32:inst|RFC32x32:inst1|RFC32:inst10|RFC8:inst1|RFC:inst14|inst ;
; -0.500 ; 0.500        ; 1.000          ; Low Pulse Width  ; CLK   ; Rise       ; RF32x32:inst|RFC32x32:inst1|RFC32:inst10|RFC8:inst1|RFC:inst14|inst ;
; -0.500 ; 0.500        ; 1.000          ; High Pulse Width ; CLK   ; Rise       ; RF32x32:inst|RFC32x32:inst1|RFC32:inst10|RFC8:inst1|RFC:inst18|inst ;
; -0.500 ; 0.500        ; 1.000          ; Low Pulse Width  ; CLK   ; Rise       ; RF32x32:inst|RFC32x32:inst1|RFC32:inst10|RFC8:inst1|RFC:inst18|inst ;
; -0.500 ; 0.500        ; 1.000          ; High Pulse Width ; CLK   ; Rise       ; RF32x32:inst|RFC32x32:inst1|RFC32:inst10|RFC8:inst1|RFC:inst8|inst  ;
; -0.500 ; 0.500        ; 1.000          ; Low Pulse Width  ; CLK   ; Rise       ; RF32x32:inst|RFC32x32:inst1|RFC32:inst10|RFC8:inst1|RFC:inst8|inst  ;
; -0.500 ; 0.500        ; 1.000          ; High Pulse Width ; CLK   ; Rise       ; RF32x32:inst|RFC32x32:inst1|RFC32:inst10|RFC8:inst1|RFC:inst9|inst  ;
; -0.500 ; 0.500        ; 1.000          ; Low Pulse Width  ; CLK   ; Rise       ; RF32x32:inst|RFC32x32:inst1|RFC32:inst10|RFC8:inst1|RFC:inst9|inst  ;
; -0.500 ; 0.500        ; 1.000          ; High Pulse Width ; CLK   ; Rise       ; RF32x32:inst|RFC32x32:inst1|RFC32:inst10|RFC8:inst2|RFC:inst10|inst ;
; -0.500 ; 0.500        ; 1.000          ; Low Pulse Width  ; CLK   ; Rise       ; RF32x32:inst|RFC32x32:inst1|RFC32:inst10|RFC8:inst2|RFC:inst10|inst ;
; -0.500 ; 0.500        ; 1.000          ; High Pulse Width ; CLK   ; Rise       ; RF32x32:inst|RFC32x32:inst1|RFC32:inst10|RFC8:inst2|RFC:inst11|inst ;
; -0.500 ; 0.500        ; 1.000          ; Low Pulse Width  ; CLK   ; Rise       ; RF32x32:inst|RFC32x32:inst1|RFC32:inst10|RFC8:inst2|RFC:inst11|inst ;
; -0.500 ; 0.500        ; 1.000          ; High Pulse Width ; CLK   ; Rise       ; RF32x32:inst|RFC32x32:inst1|RFC32:inst10|RFC8:inst2|RFC:inst12|inst ;
; -0.500 ; 0.500        ; 1.000          ; Low Pulse Width  ; CLK   ; Rise       ; RF32x32:inst|RFC32x32:inst1|RFC32:inst10|RFC8:inst2|RFC:inst12|inst ;
; -0.500 ; 0.500        ; 1.000          ; High Pulse Width ; CLK   ; Rise       ; RF32x32:inst|RFC32x32:inst1|RFC32:inst10|RFC8:inst2|RFC:inst13|inst ;
; -0.500 ; 0.500        ; 1.000          ; Low Pulse Width  ; CLK   ; Rise       ; RF32x32:inst|RFC32x32:inst1|RFC32:inst10|RFC8:inst2|RFC:inst13|inst ;
; -0.500 ; 0.500        ; 1.000          ; High Pulse Width ; CLK   ; Rise       ; RF32x32:inst|RFC32x32:inst1|RFC32:inst10|RFC8:inst2|RFC:inst14|inst ;
; -0.500 ; 0.500        ; 1.000          ; Low Pulse Width  ; CLK   ; Rise       ; RF32x32:inst|RFC32x32:inst1|RFC32:inst10|RFC8:inst2|RFC:inst14|inst ;
; -0.500 ; 0.500        ; 1.000          ; High Pulse Width ; CLK   ; Rise       ; RF32x32:inst|RFC32x32:inst1|RFC32:inst10|RFC8:inst2|RFC:inst18|inst ;
; -0.500 ; 0.500        ; 1.000          ; Low Pulse Width  ; CLK   ; Rise       ; RF32x32:inst|RFC32x32:inst1|RFC32:inst10|RFC8:inst2|RFC:inst18|inst ;
; -0.500 ; 0.500        ; 1.000          ; High Pulse Width ; CLK   ; Rise       ; RF32x32:inst|RFC32x32:inst1|RFC32:inst10|RFC8:inst2|RFC:inst8|inst  ;
; -0.500 ; 0.500        ; 1.000          ; Low Pulse Width  ; CLK   ; Rise       ; RF32x32:inst|RFC32x32:inst1|RFC32:inst10|RFC8:inst2|RFC:inst8|inst  ;
; -0.500 ; 0.500        ; 1.000          ; High Pulse Width ; CLK   ; Rise       ; RF32x32:inst|RFC32x32:inst1|RFC32:inst10|RFC8:inst2|RFC:inst9|inst  ;
; -0.500 ; 0.500        ; 1.000          ; Low Pulse Width  ; CLK   ; Rise       ; RF32x32:inst|RFC32x32:inst1|RFC32:inst10|RFC8:inst2|RFC:inst9|inst  ;
; -0.500 ; 0.500        ; 1.000          ; High Pulse Width ; CLK   ; Rise       ; RF32x32:inst|RFC32x32:inst1|RFC32:inst10|RFC8:inst3|RFC:inst10|inst ;
; -0.500 ; 0.500        ; 1.000          ; Low Pulse Width  ; CLK   ; Rise       ; RF32x32:inst|RFC32x32:inst1|RFC32:inst10|RFC8:inst3|RFC:inst10|inst ;
; -0.500 ; 0.500        ; 1.000          ; High Pulse Width ; CLK   ; Rise       ; RF32x32:inst|RFC32x32:inst1|RFC32:inst10|RFC8:inst3|RFC:inst11|inst ;
; -0.500 ; 0.500        ; 1.000          ; Low Pulse Width  ; CLK   ; Rise       ; RF32x32:inst|RFC32x32:inst1|RFC32:inst10|RFC8:inst3|RFC:inst11|inst ;
; -0.500 ; 0.500        ; 1.000          ; High Pulse Width ; CLK   ; Rise       ; RF32x32:inst|RFC32x32:inst1|RFC32:inst10|RFC8:inst3|RFC:inst12|inst ;
; -0.500 ; 0.500        ; 1.000          ; Low Pulse Width  ; CLK   ; Rise       ; RF32x32:inst|RFC32x32:inst1|RFC32:inst10|RFC8:inst3|RFC:inst12|inst ;
; -0.500 ; 0.500        ; 1.000          ; High Pulse Width ; CLK   ; Rise       ; RF32x32:inst|RFC32x32:inst1|RFC32:inst10|RFC8:inst3|RFC:inst13|inst ;
; -0.500 ; 0.500        ; 1.000          ; Low Pulse Width  ; CLK   ; Rise       ; RF32x32:inst|RFC32x32:inst1|RFC32:inst10|RFC8:inst3|RFC:inst13|inst ;
; -0.500 ; 0.500        ; 1.000          ; High Pulse Width ; CLK   ; Rise       ; RF32x32:inst|RFC32x32:inst1|RFC32:inst10|RFC8:inst3|RFC:inst14|inst ;
; -0.500 ; 0.500        ; 1.000          ; Low Pulse Width  ; CLK   ; Rise       ; RF32x32:inst|RFC32x32:inst1|RFC32:inst10|RFC8:inst3|RFC:inst14|inst ;
; -0.500 ; 0.500        ; 1.000          ; High Pulse Width ; CLK   ; Rise       ; RF32x32:inst|RFC32x32:inst1|RFC32:inst10|RFC8:inst3|RFC:inst18|inst ;
; -0.500 ; 0.500        ; 1.000          ; Low Pulse Width  ; CLK   ; Rise       ; RF32x32:inst|RFC32x32:inst1|RFC32:inst10|RFC8:inst3|RFC:inst18|inst ;
; -0.500 ; 0.500        ; 1.000          ; High Pulse Width ; CLK   ; Rise       ; RF32x32:inst|RFC32x32:inst1|RFC32:inst10|RFC8:inst3|RFC:inst8|inst  ;
; -0.500 ; 0.500        ; 1.000          ; Low Pulse Width  ; CLK   ; Rise       ; RF32x32:inst|RFC32x32:inst1|RFC32:inst10|RFC8:inst3|RFC:inst8|inst  ;
; -0.500 ; 0.500        ; 1.000          ; High Pulse Width ; CLK   ; Rise       ; RF32x32:inst|RFC32x32:inst1|RFC32:inst10|RFC8:inst3|RFC:inst9|inst  ;
; -0.500 ; 0.500        ; 1.000          ; Low Pulse Width  ; CLK   ; Rise       ; RF32x32:inst|RFC32x32:inst1|RFC32:inst10|RFC8:inst3|RFC:inst9|inst  ;
; -0.500 ; 0.500        ; 1.000          ; High Pulse Width ; CLK   ; Rise       ; RF32x32:inst|RFC32x32:inst1|RFC32:inst10|RFC8:inst|RFC:inst10|inst  ;
; -0.500 ; 0.500        ; 1.000          ; Low Pulse Width  ; CLK   ; Rise       ; RF32x32:inst|RFC32x32:inst1|RFC32:inst10|RFC8:inst|RFC:inst10|inst  ;
; -0.500 ; 0.500        ; 1.000          ; High Pulse Width ; CLK   ; Rise       ; RF32x32:inst|RFC32x32:inst1|RFC32:inst10|RFC8:inst|RFC:inst11|inst  ;
; -0.500 ; 0.500        ; 1.000          ; Low Pulse Width  ; CLK   ; Rise       ; RF32x32:inst|RFC32x32:inst1|RFC32:inst10|RFC8:inst|RFC:inst11|inst  ;
; -0.500 ; 0.500        ; 1.000          ; High Pulse Width ; CLK   ; Rise       ; RF32x32:inst|RFC32x32:inst1|RFC32:inst10|RFC8:inst|RFC:inst12|inst  ;
; -0.500 ; 0.500        ; 1.000          ; Low Pulse Width  ; CLK   ; Rise       ; RF32x32:inst|RFC32x32:inst1|RFC32:inst10|RFC8:inst|RFC:inst12|inst  ;
; -0.500 ; 0.500        ; 1.000          ; High Pulse Width ; CLK   ; Rise       ; RF32x32:inst|RFC32x32:inst1|RFC32:inst10|RFC8:inst|RFC:inst13|inst  ;
; -0.500 ; 0.500        ; 1.000          ; Low Pulse Width  ; CLK   ; Rise       ; RF32x32:inst|RFC32x32:inst1|RFC32:inst10|RFC8:inst|RFC:inst13|inst  ;
; -0.500 ; 0.500        ; 1.000          ; High Pulse Width ; CLK   ; Rise       ; RF32x32:inst|RFC32x32:inst1|RFC32:inst10|RFC8:inst|RFC:inst14|inst  ;
; -0.500 ; 0.500        ; 1.000          ; Low Pulse Width  ; CLK   ; Rise       ; RF32x32:inst|RFC32x32:inst1|RFC32:inst10|RFC8:inst|RFC:inst14|inst  ;
; -0.500 ; 0.500        ; 1.000          ; High Pulse Width ; CLK   ; Rise       ; RF32x32:inst|RFC32x32:inst1|RFC32:inst10|RFC8:inst|RFC:inst18|inst  ;
; -0.500 ; 0.500        ; 1.000          ; Low Pulse Width  ; CLK   ; Rise       ; RF32x32:inst|RFC32x32:inst1|RFC32:inst10|RFC8:inst|RFC:inst18|inst  ;
; -0.500 ; 0.500        ; 1.000          ; High Pulse Width ; CLK   ; Rise       ; RF32x32:inst|RFC32x32:inst1|RFC32:inst10|RFC8:inst|RFC:inst8|inst   ;
; -0.500 ; 0.500        ; 1.000          ; Low Pulse Width  ; CLK   ; Rise       ; RF32x32:inst|RFC32x32:inst1|RFC32:inst10|RFC8:inst|RFC:inst8|inst   ;
; -0.500 ; 0.500        ; 1.000          ; High Pulse Width ; CLK   ; Rise       ; RF32x32:inst|RFC32x32:inst1|RFC32:inst10|RFC8:inst|RFC:inst9|inst   ;
; -0.500 ; 0.500        ; 1.000          ; Low Pulse Width  ; CLK   ; Rise       ; RF32x32:inst|RFC32x32:inst1|RFC32:inst10|RFC8:inst|RFC:inst9|inst   ;
; -0.500 ; 0.500        ; 1.000          ; High Pulse Width ; CLK   ; Rise       ; RF32x32:inst|RFC32x32:inst1|RFC32:inst11|RFC8:inst1|RFC:inst10|inst ;
; -0.500 ; 0.500        ; 1.000          ; Low Pulse Width  ; CLK   ; Rise       ; RF32x32:inst|RFC32x32:inst1|RFC32:inst11|RFC8:inst1|RFC:inst10|inst ;
; -0.500 ; 0.500        ; 1.000          ; High Pulse Width ; CLK   ; Rise       ; RF32x32:inst|RFC32x32:inst1|RFC32:inst11|RFC8:inst1|RFC:inst11|inst ;
; -0.500 ; 0.500        ; 1.000          ; Low Pulse Width  ; CLK   ; Rise       ; RF32x32:inst|RFC32x32:inst1|RFC32:inst11|RFC8:inst1|RFC:inst11|inst ;
; -0.500 ; 0.500        ; 1.000          ; High Pulse Width ; CLK   ; Rise       ; RF32x32:inst|RFC32x32:inst1|RFC32:inst11|RFC8:inst1|RFC:inst12|inst ;
; -0.500 ; 0.500        ; 1.000          ; Low Pulse Width  ; CLK   ; Rise       ; RF32x32:inst|RFC32x32:inst1|RFC32:inst11|RFC8:inst1|RFC:inst12|inst ;
; -0.500 ; 0.500        ; 1.000          ; High Pulse Width ; CLK   ; Rise       ; RF32x32:inst|RFC32x32:inst1|RFC32:inst11|RFC8:inst1|RFC:inst13|inst ;
; -0.500 ; 0.500        ; 1.000          ; Low Pulse Width  ; CLK   ; Rise       ; RF32x32:inst|RFC32x32:inst1|RFC32:inst11|RFC8:inst1|RFC:inst13|inst ;
; -0.500 ; 0.500        ; 1.000          ; High Pulse Width ; CLK   ; Rise       ; RF32x32:inst|RFC32x32:inst1|RFC32:inst11|RFC8:inst1|RFC:inst14|inst ;
; -0.500 ; 0.500        ; 1.000          ; Low Pulse Width  ; CLK   ; Rise       ; RF32x32:inst|RFC32x32:inst1|RFC32:inst11|RFC8:inst1|RFC:inst14|inst ;
; -0.500 ; 0.500        ; 1.000          ; High Pulse Width ; CLK   ; Rise       ; RF32x32:inst|RFC32x32:inst1|RFC32:inst11|RFC8:inst1|RFC:inst18|inst ;
; -0.500 ; 0.500        ; 1.000          ; Low Pulse Width  ; CLK   ; Rise       ; RF32x32:inst|RFC32x32:inst1|RFC32:inst11|RFC8:inst1|RFC:inst18|inst ;
; -0.500 ; 0.500        ; 1.000          ; High Pulse Width ; CLK   ; Rise       ; RF32x32:inst|RFC32x32:inst1|RFC32:inst11|RFC8:inst1|RFC:inst8|inst  ;
; -0.500 ; 0.500        ; 1.000          ; Low Pulse Width  ; CLK   ; Rise       ; RF32x32:inst|RFC32x32:inst1|RFC32:inst11|RFC8:inst1|RFC:inst8|inst  ;
; -0.500 ; 0.500        ; 1.000          ; High Pulse Width ; CLK   ; Rise       ; RF32x32:inst|RFC32x32:inst1|RFC32:inst11|RFC8:inst1|RFC:inst9|inst  ;
; -0.500 ; 0.500        ; 1.000          ; Low Pulse Width  ; CLK   ; Rise       ; RF32x32:inst|RFC32x32:inst1|RFC32:inst11|RFC8:inst1|RFC:inst9|inst  ;
; -0.500 ; 0.500        ; 1.000          ; High Pulse Width ; CLK   ; Rise       ; RF32x32:inst|RFC32x32:inst1|RFC32:inst11|RFC8:inst2|RFC:inst10|inst ;
; -0.500 ; 0.500        ; 1.000          ; Low Pulse Width  ; CLK   ; Rise       ; RF32x32:inst|RFC32x32:inst1|RFC32:inst11|RFC8:inst2|RFC:inst10|inst ;
; -0.500 ; 0.500        ; 1.000          ; High Pulse Width ; CLK   ; Rise       ; RF32x32:inst|RFC32x32:inst1|RFC32:inst11|RFC8:inst2|RFC:inst11|inst ;
; -0.500 ; 0.500        ; 1.000          ; Low Pulse Width  ; CLK   ; Rise       ; RF32x32:inst|RFC32x32:inst1|RFC32:inst11|RFC8:inst2|RFC:inst11|inst ;
; -0.500 ; 0.500        ; 1.000          ; High Pulse Width ; CLK   ; Rise       ; RF32x32:inst|RFC32x32:inst1|RFC32:inst11|RFC8:inst2|RFC:inst12|inst ;
; -0.500 ; 0.500        ; 1.000          ; Low Pulse Width  ; CLK   ; Rise       ; RF32x32:inst|RFC32x32:inst1|RFC32:inst11|RFC8:inst2|RFC:inst12|inst ;
; -0.500 ; 0.500        ; 1.000          ; High Pulse Width ; CLK   ; Rise       ; RF32x32:inst|RFC32x32:inst1|RFC32:inst11|RFC8:inst2|RFC:inst13|inst ;
; -0.500 ; 0.500        ; 1.000          ; Low Pulse Width  ; CLK   ; Rise       ; RF32x32:inst|RFC32x32:inst1|RFC32:inst11|RFC8:inst2|RFC:inst13|inst ;
; -0.500 ; 0.500        ; 1.000          ; High Pulse Width ; CLK   ; Rise       ; RF32x32:inst|RFC32x32:inst1|RFC32:inst11|RFC8:inst2|RFC:inst14|inst ;
; -0.500 ; 0.500        ; 1.000          ; Low Pulse Width  ; CLK   ; Rise       ; RF32x32:inst|RFC32x32:inst1|RFC32:inst11|RFC8:inst2|RFC:inst14|inst ;
; -0.500 ; 0.500        ; 1.000          ; High Pulse Width ; CLK   ; Rise       ; RF32x32:inst|RFC32x32:inst1|RFC32:inst11|RFC8:inst2|RFC:inst18|inst ;
; -0.500 ; 0.500        ; 1.000          ; Low Pulse Width  ; CLK   ; Rise       ; RF32x32:inst|RFC32x32:inst1|RFC32:inst11|RFC8:inst2|RFC:inst18|inst ;
; -0.500 ; 0.500        ; 1.000          ; High Pulse Width ; CLK   ; Rise       ; RF32x32:inst|RFC32x32:inst1|RFC32:inst11|RFC8:inst2|RFC:inst8|inst  ;
; -0.500 ; 0.500        ; 1.000          ; Low Pulse Width  ; CLK   ; Rise       ; RF32x32:inst|RFC32x32:inst1|RFC32:inst11|RFC8:inst2|RFC:inst8|inst  ;
; -0.500 ; 0.500        ; 1.000          ; High Pulse Width ; CLK   ; Rise       ; RF32x32:inst|RFC32x32:inst1|RFC32:inst11|RFC8:inst2|RFC:inst9|inst  ;
; -0.500 ; 0.500        ; 1.000          ; Low Pulse Width  ; CLK   ; Rise       ; RF32x32:inst|RFC32x32:inst1|RFC32:inst11|RFC8:inst2|RFC:inst9|inst  ;
; -0.500 ; 0.500        ; 1.000          ; High Pulse Width ; CLK   ; Rise       ; RF32x32:inst|RFC32x32:inst1|RFC32:inst11|RFC8:inst3|RFC:inst10|inst ;
; -0.500 ; 0.500        ; 1.000          ; Low Pulse Width  ; CLK   ; Rise       ; RF32x32:inst|RFC32x32:inst1|RFC32:inst11|RFC8:inst3|RFC:inst10|inst ;
; -0.500 ; 0.500        ; 1.000          ; High Pulse Width ; CLK   ; Rise       ; RF32x32:inst|RFC32x32:inst1|RFC32:inst11|RFC8:inst3|RFC:inst11|inst ;
+--------+--------------+----------------+------------------+-------+------------+---------------------------------------------------------------------+


+--------------------------------------------------------------------------+
; Setup Times                                                              ;
+------------+------------+--------+--------+------------+-----------------+
; Data Port  ; Clock Port ; Rise   ; Fall   ; Clock Edge ; Clock Reference ;
+------------+------------+--------+--------+------------+-----------------+
; Instr[*]   ; CLK        ; 14.047 ; 14.047 ; Rise       ; CLK             ;
;  Instr[0]  ; CLK        ; 6.520  ; 6.520  ; Rise       ; CLK             ;
;  Instr[1]  ; CLK        ; 9.654  ; 9.654  ; Rise       ; CLK             ;
;  Instr[2]  ; CLK        ; 10.177 ; 10.177 ; Rise       ; CLK             ;
;  Instr[3]  ; CLK        ; 9.477  ; 9.477  ; Rise       ; CLK             ;
;  Instr[4]  ; CLK        ; 9.779  ; 9.779  ; Rise       ; CLK             ;
;  Instr[5]  ; CLK        ; 9.586  ; 9.586  ; Rise       ; CLK             ;
;  Instr[6]  ; CLK        ; 9.290  ; 9.290  ; Rise       ; CLK             ;
;  Instr[7]  ; CLK        ; 9.726  ; 9.726  ; Rise       ; CLK             ;
;  Instr[8]  ; CLK        ; 8.591  ; 8.591  ; Rise       ; CLK             ;
;  Instr[9]  ; CLK        ; 8.314  ; 8.314  ; Rise       ; CLK             ;
;  Instr[10] ; CLK        ; 8.744  ; 8.744  ; Rise       ; CLK             ;
;  Instr[11] ; CLK        ; 8.753  ; 8.753  ; Rise       ; CLK             ;
;  Instr[12] ; CLK        ; 9.154  ; 9.154  ; Rise       ; CLK             ;
;  Instr[13] ; CLK        ; 9.306  ; 9.306  ; Rise       ; CLK             ;
;  Instr[14] ; CLK        ; 8.626  ; 8.626  ; Rise       ; CLK             ;
;  Instr[15] ; CLK        ; 9.118  ; 9.118  ; Rise       ; CLK             ;
;  Instr[16] ; CLK        ; 13.407 ; 13.407 ; Rise       ; CLK             ;
;  Instr[17] ; CLK        ; 12.725 ; 12.725 ; Rise       ; CLK             ;
;  Instr[18] ; CLK        ; 13.013 ; 13.013 ; Rise       ; CLK             ;
;  Instr[19] ; CLK        ; 14.047 ; 14.047 ; Rise       ; CLK             ;
;  Instr[20] ; CLK        ; 13.820 ; 13.820 ; Rise       ; CLK             ;
;  Instr[21] ; CLK        ; 12.413 ; 12.413 ; Rise       ; CLK             ;
;  Instr[22] ; CLK        ; 12.495 ; 12.495 ; Rise       ; CLK             ;
;  Instr[23] ; CLK        ; 12.311 ; 12.311 ; Rise       ; CLK             ;
;  Instr[24] ; CLK        ; 13.546 ; 13.546 ; Rise       ; CLK             ;
;  Instr[25] ; CLK        ; 13.283 ; 13.283 ; Rise       ; CLK             ;
;  Instr[26] ; CLK        ; 11.924 ; 11.924 ; Rise       ; CLK             ;
;  Instr[27] ; CLK        ; 12.212 ; 12.212 ; Rise       ; CLK             ;
;  Instr[28] ; CLK        ; 12.148 ; 12.148 ; Rise       ; CLK             ;
;  Instr[29] ; CLK        ; 11.762 ; 11.762 ; Rise       ; CLK             ;
;  Instr[30] ; CLK        ; 12.121 ; 12.121 ; Rise       ; CLK             ;
;  Instr[31] ; CLK        ; 12.677 ; 12.677 ; Rise       ; CLK             ;
; Instr[*]   ; Instr[0]   ; 6.646  ; 6.646  ; Rise       ; Instr[0]        ;
;  Instr[16] ; Instr[0]   ; 5.873  ; 5.873  ; Rise       ; Instr[0]        ;
;  Instr[17] ; Instr[0]   ; 5.561  ; 5.561  ; Rise       ; Instr[0]        ;
;  Instr[18] ; Instr[0]   ; 5.390  ; 5.390  ; Rise       ; Instr[0]        ;
;  Instr[19] ; Instr[0]   ; 6.646  ; 6.646  ; Rise       ; Instr[0]        ;
;  Instr[20] ; Instr[0]   ; 6.425  ; 6.425  ; Rise       ; Instr[0]        ;
; Instr[*]   ; Instr[0]   ; 7.580  ; 7.580  ; Fall       ; Instr[0]        ;
;  Instr[16] ; Instr[0]   ; 6.513  ; 6.513  ; Fall       ; Instr[0]        ;
;  Instr[17] ; Instr[0]   ; 6.136  ; 6.136  ; Fall       ; Instr[0]        ;
;  Instr[18] ; Instr[0]   ; 6.119  ; 6.119  ; Fall       ; Instr[0]        ;
;  Instr[19] ; Instr[0]   ; 7.580  ; 7.580  ; Fall       ; Instr[0]        ;
;  Instr[20] ; Instr[0]   ; 7.359  ; 7.359  ; Fall       ; Instr[0]        ;
+------------+------------+--------+--------+------------+-----------------+


+--------------------------------------------------------------------------+
; Hold Times                                                               ;
+------------+------------+--------+--------+------------+-----------------+
; Data Port  ; Clock Port ; Rise   ; Fall   ; Clock Edge ; Clock Reference ;
+------------+------------+--------+--------+------------+-----------------+
; Instr[*]   ; CLK        ; -0.729 ; -0.729 ; Rise       ; CLK             ;
;  Instr[0]  ; CLK        ; -0.729 ; -0.729 ; Rise       ; CLK             ;
;  Instr[1]  ; CLK        ; -3.623 ; -3.623 ; Rise       ; CLK             ;
;  Instr[2]  ; CLK        ; -3.878 ; -3.878 ; Rise       ; CLK             ;
;  Instr[3]  ; CLK        ; -3.872 ; -3.872 ; Rise       ; CLK             ;
;  Instr[4]  ; CLK        ; -3.829 ; -3.829 ; Rise       ; CLK             ;
;  Instr[5]  ; CLK        ; -3.792 ; -3.792 ; Rise       ; CLK             ;
;  Instr[6]  ; CLK        ; -5.015 ; -5.015 ; Rise       ; CLK             ;
;  Instr[7]  ; CLK        ; -5.382 ; -5.382 ; Rise       ; CLK             ;
;  Instr[8]  ; CLK        ; -4.223 ; -4.223 ; Rise       ; CLK             ;
;  Instr[9]  ; CLK        ; -3.686 ; -3.686 ; Rise       ; CLK             ;
;  Instr[10] ; CLK        ; -4.591 ; -4.591 ; Rise       ; CLK             ;
;  Instr[11] ; CLK        ; -3.784 ; -3.784 ; Rise       ; CLK             ;
;  Instr[12] ; CLK        ; -3.345 ; -3.345 ; Rise       ; CLK             ;
;  Instr[13] ; CLK        ; -3.403 ; -3.403 ; Rise       ; CLK             ;
;  Instr[14] ; CLK        ; -3.726 ; -3.726 ; Rise       ; CLK             ;
;  Instr[15] ; CLK        ; -3.974 ; -3.974 ; Rise       ; CLK             ;
;  Instr[16] ; CLK        ; -3.432 ; -3.432 ; Rise       ; CLK             ;
;  Instr[17] ; CLK        ; -3.084 ; -3.084 ; Rise       ; CLK             ;
;  Instr[18] ; CLK        ; -3.448 ; -3.448 ; Rise       ; CLK             ;
;  Instr[19] ; CLK        ; -4.146 ; -4.146 ; Rise       ; CLK             ;
;  Instr[20] ; CLK        ; -3.385 ; -3.385 ; Rise       ; CLK             ;
;  Instr[21] ; CLK        ; -4.426 ; -4.426 ; Rise       ; CLK             ;
;  Instr[22] ; CLK        ; -4.336 ; -4.336 ; Rise       ; CLK             ;
;  Instr[23] ; CLK        ; -4.455 ; -4.455 ; Rise       ; CLK             ;
;  Instr[24] ; CLK        ; -5.189 ; -5.189 ; Rise       ; CLK             ;
;  Instr[25] ; CLK        ; -4.926 ; -4.926 ; Rise       ; CLK             ;
;  Instr[26] ; CLK        ; -2.710 ; -2.710 ; Rise       ; CLK             ;
;  Instr[27] ; CLK        ; -2.508 ; -2.508 ; Rise       ; CLK             ;
;  Instr[28] ; CLK        ; -2.678 ; -2.678 ; Rise       ; CLK             ;
;  Instr[29] ; CLK        ; -3.124 ; -3.124 ; Rise       ; CLK             ;
;  Instr[30] ; CLK        ; -2.582 ; -2.582 ; Rise       ; CLK             ;
;  Instr[31] ; CLK        ; -2.973 ; -2.973 ; Rise       ; CLK             ;
; Instr[*]   ; Instr[0]   ; 1.989  ; 1.989  ; Rise       ; Instr[0]        ;
;  Instr[16] ; Instr[0]   ; 1.433  ; 1.433  ; Rise       ; Instr[0]        ;
;  Instr[17] ; Instr[0]   ; 1.989  ; 1.989  ; Rise       ; Instr[0]        ;
;  Instr[18] ; Instr[0]   ; 1.786  ; 1.786  ; Rise       ; Instr[0]        ;
;  Instr[19] ; Instr[0]   ; 1.179  ; 1.179  ; Rise       ; Instr[0]        ;
;  Instr[20] ; Instr[0]   ; 1.358  ; 1.358  ; Rise       ; Instr[0]        ;
; Instr[*]   ; Instr[0]   ; 1.840  ; 1.840  ; Fall       ; Instr[0]        ;
;  Instr[16] ; Instr[0]   ; 1.284  ; 1.284  ; Fall       ; Instr[0]        ;
;  Instr[17] ; Instr[0]   ; 1.840  ; 1.840  ; Fall       ; Instr[0]        ;
;  Instr[18] ; Instr[0]   ; 1.637  ; 1.637  ; Fall       ; Instr[0]        ;
;  Instr[19] ; Instr[0]   ; 1.030  ; 1.030  ; Fall       ; Instr[0]        ;
;  Instr[20] ; Instr[0]   ; 1.209  ; 1.209  ; Fall       ; Instr[0]        ;
+------------+------------+--------+--------+------------+-----------------+


+------------------------------------------------------------------------------+
; Clock to Output Times                                                        ;
+----------------+------------+--------+--------+------------+-----------------+
; Data Port      ; Clock Port ; Rise   ; Fall   ; Clock Edge ; Clock Reference ;
+----------------+------------+--------+--------+------------+-----------------+
; ALUresu[*]     ; CLK        ; 13.645 ; 13.645 ; Rise       ; CLK             ;
;  ALUresu[0]    ; CLK        ; 10.195 ; 10.195 ; Rise       ; CLK             ;
;  ALUresu[1]    ; CLK        ; 8.303  ; 8.303  ; Rise       ; CLK             ;
;  ALUresu[2]    ; CLK        ; 8.495  ; 8.495  ; Rise       ; CLK             ;
;  ALUresu[3]    ; CLK        ; 8.457  ; 8.457  ; Rise       ; CLK             ;
;  ALUresu[4]    ; CLK        ; 8.634  ; 8.634  ; Rise       ; CLK             ;
;  ALUresu[5]    ; CLK        ; 8.402  ; 8.402  ; Rise       ; CLK             ;
;  ALUresu[6]    ; CLK        ; 8.891  ; 8.891  ; Rise       ; CLK             ;
;  ALUresu[7]    ; CLK        ; 9.323  ; 9.323  ; Rise       ; CLK             ;
;  ALUresu[8]    ; CLK        ; 9.479  ; 9.479  ; Rise       ; CLK             ;
;  ALUresu[9]    ; CLK        ; 9.714  ; 9.714  ; Rise       ; CLK             ;
;  ALUresu[10]   ; CLK        ; 9.941  ; 9.941  ; Rise       ; CLK             ;
;  ALUresu[11]   ; CLK        ; 9.631  ; 9.631  ; Rise       ; CLK             ;
;  ALUresu[12]   ; CLK        ; 10.321 ; 10.321 ; Rise       ; CLK             ;
;  ALUresu[13]   ; CLK        ; 9.999  ; 9.999  ; Rise       ; CLK             ;
;  ALUresu[14]   ; CLK        ; 10.172 ; 10.172 ; Rise       ; CLK             ;
;  ALUresu[15]   ; CLK        ; 10.462 ; 10.462 ; Rise       ; CLK             ;
;  ALUresu[16]   ; CLK        ; 11.418 ; 11.418 ; Rise       ; CLK             ;
;  ALUresu[17]   ; CLK        ; 10.998 ; 10.998 ; Rise       ; CLK             ;
;  ALUresu[18]   ; CLK        ; 11.334 ; 11.334 ; Rise       ; CLK             ;
;  ALUresu[19]   ; CLK        ; 11.212 ; 11.212 ; Rise       ; CLK             ;
;  ALUresu[20]   ; CLK        ; 11.304 ; 11.304 ; Rise       ; CLK             ;
;  ALUresu[21]   ; CLK        ; 11.555 ; 11.555 ; Rise       ; CLK             ;
;  ALUresu[22]   ; CLK        ; 11.828 ; 11.828 ; Rise       ; CLK             ;
;  ALUresu[23]   ; CLK        ; 12.530 ; 12.530 ; Rise       ; CLK             ;
;  ALUresu[24]   ; CLK        ; 12.781 ; 12.781 ; Rise       ; CLK             ;
;  ALUresu[25]   ; CLK        ; 12.518 ; 12.518 ; Rise       ; CLK             ;
;  ALUresu[26]   ; CLK        ; 12.465 ; 12.465 ; Rise       ; CLK             ;
;  ALUresu[27]   ; CLK        ; 12.605 ; 12.605 ; Rise       ; CLK             ;
;  ALUresu[28]   ; CLK        ; 12.573 ; 12.573 ; Rise       ; CLK             ;
;  ALUresu[29]   ; CLK        ; 12.974 ; 12.974 ; Rise       ; CLK             ;
;  ALUresu[30]   ; CLK        ; 12.959 ; 12.959 ; Rise       ; CLK             ;
;  ALUresu[31]   ; CLK        ; 13.645 ; 13.645 ; Rise       ; CLK             ;
; Reg1[*]        ; CLK        ; 6.904  ; 6.904  ; Rise       ; CLK             ;
;  Reg1[0]       ; CLK        ; 5.846  ; 5.846  ; Rise       ; CLK             ;
;  Reg1[1]       ; CLK        ; 6.904  ; 6.904  ; Rise       ; CLK             ;
;  Reg1[2]       ; CLK        ; 5.165  ; 5.165  ; Rise       ; CLK             ;
;  Reg1[3]       ; CLK        ; 5.578  ; 5.578  ; Rise       ; CLK             ;
;  Reg1[4]       ; CLK        ; 5.764  ; 5.764  ; Rise       ; CLK             ;
;  Reg1[5]       ; CLK        ; 6.130  ; 6.130  ; Rise       ; CLK             ;
;  Reg1[6]       ; CLK        ; 6.060  ; 6.060  ; Rise       ; CLK             ;
;  Reg1[7]       ; CLK        ; 5.643  ; 5.643  ; Rise       ; CLK             ;
;  Reg1[8]       ; CLK        ; 5.984  ; 5.984  ; Rise       ; CLK             ;
;  Reg1[9]       ; CLK        ; 5.680  ; 5.680  ; Rise       ; CLK             ;
;  Reg1[10]      ; CLK        ; 6.048  ; 6.048  ; Rise       ; CLK             ;
;  Reg1[11]      ; CLK        ; 5.694  ; 5.694  ; Rise       ; CLK             ;
;  Reg1[12]      ; CLK        ; 5.916  ; 5.916  ; Rise       ; CLK             ;
;  Reg1[13]      ; CLK        ; 6.068  ; 6.068  ; Rise       ; CLK             ;
;  Reg1[14]      ; CLK        ; 5.966  ; 5.966  ; Rise       ; CLK             ;
;  Reg1[15]      ; CLK        ; 5.922  ; 5.922  ; Rise       ; CLK             ;
;  Reg1[16]      ; CLK        ; 5.832  ; 5.832  ; Rise       ; CLK             ;
;  Reg1[17]      ; CLK        ; 6.202  ; 6.202  ; Rise       ; CLK             ;
;  Reg1[18]      ; CLK        ; 6.110  ; 6.110  ; Rise       ; CLK             ;
;  Reg1[19]      ; CLK        ; 6.065  ; 6.065  ; Rise       ; CLK             ;
;  Reg1[20]      ; CLK        ; 5.888  ; 5.888  ; Rise       ; CLK             ;
;  Reg1[21]      ; CLK        ; 6.558  ; 6.558  ; Rise       ; CLK             ;
;  Reg1[22]      ; CLK        ; 5.714  ; 5.714  ; Rise       ; CLK             ;
;  Reg1[23]      ; CLK        ; 5.972  ; 5.972  ; Rise       ; CLK             ;
;  Reg1[24]      ; CLK        ; 6.015  ; 6.015  ; Rise       ; CLK             ;
;  Reg1[25]      ; CLK        ; 6.616  ; 6.616  ; Rise       ; CLK             ;
;  Reg1[26]      ; CLK        ; 5.949  ; 5.949  ; Rise       ; CLK             ;
;  Reg1[27]      ; CLK        ; 6.127  ; 6.127  ; Rise       ; CLK             ;
;  Reg1[28]      ; CLK        ; 6.004  ; 6.004  ; Rise       ; CLK             ;
;  Reg1[29]      ; CLK        ; 5.704  ; 5.704  ; Rise       ; CLK             ;
;  Reg1[30]      ; CLK        ; 5.624  ; 5.624  ; Rise       ; CLK             ;
;  Reg1[31]      ; CLK        ; 5.855  ; 5.855  ; Rise       ; CLK             ;
; Reg2[*]        ; CLK        ; 6.573  ; 6.573  ; Rise       ; CLK             ;
;  Reg2[0]       ; CLK        ; 6.197  ; 6.197  ; Rise       ; CLK             ;
;  Reg2[1]       ; CLK        ; 6.573  ; 6.573  ; Rise       ; CLK             ;
;  Reg2[2]       ; CLK        ; 5.273  ; 5.273  ; Rise       ; CLK             ;
;  Reg2[3]       ; CLK        ; 5.690  ; 5.690  ; Rise       ; CLK             ;
;  Reg2[4]       ; CLK        ; 5.841  ; 5.841  ; Rise       ; CLK             ;
;  Reg2[5]       ; CLK        ; 5.763  ; 5.763  ; Rise       ; CLK             ;
;  Reg2[6]       ; CLK        ; 5.789  ; 5.789  ; Rise       ; CLK             ;
;  Reg2[7]       ; CLK        ; 5.444  ; 5.444  ; Rise       ; CLK             ;
;  Reg2[8]       ; CLK        ; 5.696  ; 5.696  ; Rise       ; CLK             ;
;  Reg2[9]       ; CLK        ; 5.740  ; 5.740  ; Rise       ; CLK             ;
;  Reg2[10]      ; CLK        ; 5.678  ; 5.678  ; Rise       ; CLK             ;
;  Reg2[11]      ; CLK        ; 5.272  ; 5.272  ; Rise       ; CLK             ;
;  Reg2[12]      ; CLK        ; 5.694  ; 5.694  ; Rise       ; CLK             ;
;  Reg2[13]      ; CLK        ; 6.125  ; 6.125  ; Rise       ; CLK             ;
;  Reg2[14]      ; CLK        ; 5.947  ; 5.947  ; Rise       ; CLK             ;
;  Reg2[15]      ; CLK        ; 5.562  ; 5.562  ; Rise       ; CLK             ;
;  Reg2[16]      ; CLK        ; 5.916  ; 5.916  ; Rise       ; CLK             ;
;  Reg2[17]      ; CLK        ; 5.877  ; 5.877  ; Rise       ; CLK             ;
;  Reg2[18]      ; CLK        ; 5.761  ; 5.761  ; Rise       ; CLK             ;
;  Reg2[19]      ; CLK        ; 5.862  ; 5.862  ; Rise       ; CLK             ;
;  Reg2[20]      ; CLK        ; 6.164  ; 6.164  ; Rise       ; CLK             ;
;  Reg2[21]      ; CLK        ; 5.766  ; 5.766  ; Rise       ; CLK             ;
;  Reg2[22]      ; CLK        ; 5.651  ; 5.651  ; Rise       ; CLK             ;
;  Reg2[23]      ; CLK        ; 5.410  ; 5.410  ; Rise       ; CLK             ;
;  Reg2[24]      ; CLK        ; 5.943  ; 5.943  ; Rise       ; CLK             ;
;  Reg2[25]      ; CLK        ; 5.912  ; 5.912  ; Rise       ; CLK             ;
;  Reg2[26]      ; CLK        ; 6.013  ; 6.013  ; Rise       ; CLK             ;
;  Reg2[27]      ; CLK        ; 5.996  ; 5.996  ; Rise       ; CLK             ;
;  Reg2[28]      ; CLK        ; 5.840  ; 5.840  ; Rise       ; CLK             ;
;  Reg2[29]      ; CLK        ; 5.956  ; 5.956  ; Rise       ; CLK             ;
;  Reg2[30]      ; CLK        ; 6.221  ; 6.221  ; Rise       ; CLK             ;
;  Reg2[31]      ; CLK        ; 6.129  ; 6.129  ; Rise       ; CLK             ;
; ALUControl[*]  ; Instr[0]   ; 4.687  ; 4.687  ; Rise       ; Instr[0]        ;
;  ALUControl[0] ; Instr[0]   ; 4.687  ; 4.687  ; Rise       ; Instr[0]        ;
;  ALUControl[2] ; Instr[0]   ; 4.687  ; 4.687  ; Rise       ; Instr[0]        ;
; ALUresu[*]     ; Instr[0]   ; 10.184 ; 10.184 ; Rise       ; Instr[0]        ;
;  ALUresu[0]    ; Instr[0]   ; 6.954  ; 6.954  ; Rise       ; Instr[0]        ;
;  ALUresu[1]    ; Instr[0]   ; 5.015  ; 5.015  ; Rise       ; Instr[0]        ;
;  ALUresu[2]    ; Instr[0]   ; 5.140  ; 5.140  ; Rise       ; Instr[0]        ;
;  ALUresu[3]    ; Instr[0]   ; 4.996  ; 4.996  ; Rise       ; Instr[0]        ;
;  ALUresu[4]    ; Instr[0]   ; 5.173  ; 5.173  ; Rise       ; Instr[0]        ;
;  ALUresu[5]    ; Instr[0]   ; 4.941  ; 4.941  ; Rise       ; Instr[0]        ;
;  ALUresu[6]    ; Instr[0]   ; 5.430  ; 5.430  ; Rise       ; Instr[0]        ;
;  ALUresu[7]    ; Instr[0]   ; 5.862  ; 5.862  ; Rise       ; Instr[0]        ;
;  ALUresu[8]    ; Instr[0]   ; 6.018  ; 6.018  ; Rise       ; Instr[0]        ;
;  ALUresu[9]    ; Instr[0]   ; 6.253  ; 6.253  ; Rise       ; Instr[0]        ;
;  ALUresu[10]   ; Instr[0]   ; 6.480  ; 6.480  ; Rise       ; Instr[0]        ;
;  ALUresu[11]   ; Instr[0]   ; 6.170  ; 6.170  ; Rise       ; Instr[0]        ;
;  ALUresu[12]   ; Instr[0]   ; 6.860  ; 6.860  ; Rise       ; Instr[0]        ;
;  ALUresu[13]   ; Instr[0]   ; 6.538  ; 6.538  ; Rise       ; Instr[0]        ;
;  ALUresu[14]   ; Instr[0]   ; 6.711  ; 6.711  ; Rise       ; Instr[0]        ;
;  ALUresu[15]   ; Instr[0]   ; 7.001  ; 7.001  ; Rise       ; Instr[0]        ;
;  ALUresu[16]   ; Instr[0]   ; 7.957  ; 7.957  ; Rise       ; Instr[0]        ;
;  ALUresu[17]   ; Instr[0]   ; 7.537  ; 7.537  ; Rise       ; Instr[0]        ;
;  ALUresu[18]   ; Instr[0]   ; 7.873  ; 7.873  ; Rise       ; Instr[0]        ;
;  ALUresu[19]   ; Instr[0]   ; 7.751  ; 7.751  ; Rise       ; Instr[0]        ;
;  ALUresu[20]   ; Instr[0]   ; 7.843  ; 7.843  ; Rise       ; Instr[0]        ;
;  ALUresu[21]   ; Instr[0]   ; 8.094  ; 8.094  ; Rise       ; Instr[0]        ;
;  ALUresu[22]   ; Instr[0]   ; 8.367  ; 8.367  ; Rise       ; Instr[0]        ;
;  ALUresu[23]   ; Instr[0]   ; 9.069  ; 9.069  ; Rise       ; Instr[0]        ;
;  ALUresu[24]   ; Instr[0]   ; 9.320  ; 9.320  ; Rise       ; Instr[0]        ;
;  ALUresu[25]   ; Instr[0]   ; 9.057  ; 9.057  ; Rise       ; Instr[0]        ;
;  ALUresu[26]   ; Instr[0]   ; 9.004  ; 9.004  ; Rise       ; Instr[0]        ;
;  ALUresu[27]   ; Instr[0]   ; 9.144  ; 9.144  ; Rise       ; Instr[0]        ;
;  ALUresu[28]   ; Instr[0]   ; 9.112  ; 9.112  ; Rise       ; Instr[0]        ;
;  ALUresu[29]   ; Instr[0]   ; 9.513  ; 9.513  ; Rise       ; Instr[0]        ;
;  ALUresu[30]   ; Instr[0]   ; 9.498  ; 9.498  ; Rise       ; Instr[0]        ;
;  ALUresu[31]   ; Instr[0]   ; 10.184 ; 10.184 ; Rise       ; Instr[0]        ;
; ALUControl[*]  ; Instr[0]   ; 4.687  ; 4.687  ; Fall       ; Instr[0]        ;
;  ALUControl[0] ; Instr[0]   ; 4.687  ; 4.687  ; Fall       ; Instr[0]        ;
;  ALUControl[2] ; Instr[0]   ; 4.687  ; 4.687  ; Fall       ; Instr[0]        ;
; ALUresu[*]     ; Instr[0]   ; 10.184 ; 10.184 ; Fall       ; Instr[0]        ;
;  ALUresu[0]    ; Instr[0]   ; 6.954  ; 6.954  ; Fall       ; Instr[0]        ;
;  ALUresu[1]    ; Instr[0]   ; 5.015  ; 5.015  ; Fall       ; Instr[0]        ;
;  ALUresu[2]    ; Instr[0]   ; 5.140  ; 5.140  ; Fall       ; Instr[0]        ;
;  ALUresu[3]    ; Instr[0]   ; 4.996  ; 4.996  ; Fall       ; Instr[0]        ;
;  ALUresu[4]    ; Instr[0]   ; 5.173  ; 5.173  ; Fall       ; Instr[0]        ;
;  ALUresu[5]    ; Instr[0]   ; 4.941  ; 4.941  ; Fall       ; Instr[0]        ;
;  ALUresu[6]    ; Instr[0]   ; 5.430  ; 5.430  ; Fall       ; Instr[0]        ;
;  ALUresu[7]    ; Instr[0]   ; 5.862  ; 5.862  ; Fall       ; Instr[0]        ;
;  ALUresu[8]    ; Instr[0]   ; 6.018  ; 6.018  ; Fall       ; Instr[0]        ;
;  ALUresu[9]    ; Instr[0]   ; 6.253  ; 6.253  ; Fall       ; Instr[0]        ;
;  ALUresu[10]   ; Instr[0]   ; 6.480  ; 6.480  ; Fall       ; Instr[0]        ;
;  ALUresu[11]   ; Instr[0]   ; 6.170  ; 6.170  ; Fall       ; Instr[0]        ;
;  ALUresu[12]   ; Instr[0]   ; 6.860  ; 6.860  ; Fall       ; Instr[0]        ;
;  ALUresu[13]   ; Instr[0]   ; 6.538  ; 6.538  ; Fall       ; Instr[0]        ;
;  ALUresu[14]   ; Instr[0]   ; 6.711  ; 6.711  ; Fall       ; Instr[0]        ;
;  ALUresu[15]   ; Instr[0]   ; 7.001  ; 7.001  ; Fall       ; Instr[0]        ;
;  ALUresu[16]   ; Instr[0]   ; 7.957  ; 7.957  ; Fall       ; Instr[0]        ;
;  ALUresu[17]   ; Instr[0]   ; 7.537  ; 7.537  ; Fall       ; Instr[0]        ;
;  ALUresu[18]   ; Instr[0]   ; 7.873  ; 7.873  ; Fall       ; Instr[0]        ;
;  ALUresu[19]   ; Instr[0]   ; 7.751  ; 7.751  ; Fall       ; Instr[0]        ;
;  ALUresu[20]   ; Instr[0]   ; 7.843  ; 7.843  ; Fall       ; Instr[0]        ;
;  ALUresu[21]   ; Instr[0]   ; 8.094  ; 8.094  ; Fall       ; Instr[0]        ;
;  ALUresu[22]   ; Instr[0]   ; 8.367  ; 8.367  ; Fall       ; Instr[0]        ;
;  ALUresu[23]   ; Instr[0]   ; 9.069  ; 9.069  ; Fall       ; Instr[0]        ;
;  ALUresu[24]   ; Instr[0]   ; 9.320  ; 9.320  ; Fall       ; Instr[0]        ;
;  ALUresu[25]   ; Instr[0]   ; 9.057  ; 9.057  ; Fall       ; Instr[0]        ;
;  ALUresu[26]   ; Instr[0]   ; 9.004  ; 9.004  ; Fall       ; Instr[0]        ;
;  ALUresu[27]   ; Instr[0]   ; 9.144  ; 9.144  ; Fall       ; Instr[0]        ;
;  ALUresu[28]   ; Instr[0]   ; 9.112  ; 9.112  ; Fall       ; Instr[0]        ;
;  ALUresu[29]   ; Instr[0]   ; 9.513  ; 9.513  ; Fall       ; Instr[0]        ;
;  ALUresu[30]   ; Instr[0]   ; 9.498  ; 9.498  ; Fall       ; Instr[0]        ;
;  ALUresu[31]   ; Instr[0]   ; 10.184 ; 10.184 ; Fall       ; Instr[0]        ;
+----------------+------------+--------+--------+------------+-----------------+


+----------------------------------------------------------------------------+
; Minimum Clock to Output Times                                              ;
+----------------+------------+-------+-------+------------+-----------------+
; Data Port      ; Clock Port ; Rise  ; Fall  ; Clock Edge ; Clock Reference ;
+----------------+------------+-------+-------+------------+-----------------+
; ALUresu[*]     ; CLK        ; 5.431 ; 5.431 ; Rise       ; CLK             ;
;  ALUresu[0]    ; CLK        ; 6.305 ; 6.305 ; Rise       ; CLK             ;
;  ALUresu[1]    ; CLK        ; 6.335 ; 6.335 ; Rise       ; CLK             ;
;  ALUresu[2]    ; CLK        ; 6.168 ; 6.168 ; Rise       ; CLK             ;
;  ALUresu[3]    ; CLK        ; 6.265 ; 6.265 ; Rise       ; CLK             ;
;  ALUresu[4]    ; CLK        ; 5.996 ; 5.996 ; Rise       ; CLK             ;
;  ALUresu[5]    ; CLK        ; 5.617 ; 5.617 ; Rise       ; CLK             ;
;  ALUresu[6]    ; CLK        ; 6.004 ; 6.004 ; Rise       ; CLK             ;
;  ALUresu[7]    ; CLK        ; 6.172 ; 6.172 ; Rise       ; CLK             ;
;  ALUresu[8]    ; CLK        ; 6.511 ; 6.511 ; Rise       ; CLK             ;
;  ALUresu[9]    ; CLK        ; 6.163 ; 6.163 ; Rise       ; CLK             ;
;  ALUresu[10]   ; CLK        ; 5.963 ; 5.963 ; Rise       ; CLK             ;
;  ALUresu[11]   ; CLK        ; 6.079 ; 6.079 ; Rise       ; CLK             ;
;  ALUresu[12]   ; CLK        ; 6.417 ; 6.417 ; Rise       ; CLK             ;
;  ALUresu[13]   ; CLK        ; 5.884 ; 5.884 ; Rise       ; CLK             ;
;  ALUresu[14]   ; CLK        ; 5.758 ; 5.758 ; Rise       ; CLK             ;
;  ALUresu[15]   ; CLK        ; 5.947 ; 5.947 ; Rise       ; CLK             ;
;  ALUresu[16]   ; CLK        ; 6.006 ; 6.006 ; Rise       ; CLK             ;
;  ALUresu[17]   ; CLK        ; 5.595 ; 5.595 ; Rise       ; CLK             ;
;  ALUresu[18]   ; CLK        ; 6.465 ; 6.465 ; Rise       ; CLK             ;
;  ALUresu[19]   ; CLK        ; 6.077 ; 6.077 ; Rise       ; CLK             ;
;  ALUresu[20]   ; CLK        ; 6.169 ; 6.169 ; Rise       ; CLK             ;
;  ALUresu[21]   ; CLK        ; 6.048 ; 6.048 ; Rise       ; CLK             ;
;  ALUresu[22]   ; CLK        ; 6.104 ; 6.104 ; Rise       ; CLK             ;
;  ALUresu[23]   ; CLK        ; 6.254 ; 6.254 ; Rise       ; CLK             ;
;  ALUresu[24]   ; CLK        ; 6.412 ; 6.412 ; Rise       ; CLK             ;
;  ALUresu[25]   ; CLK        ; 6.581 ; 6.581 ; Rise       ; CLK             ;
;  ALUresu[26]   ; CLK        ; 6.077 ; 6.077 ; Rise       ; CLK             ;
;  ALUresu[27]   ; CLK        ; 6.217 ; 6.217 ; Rise       ; CLK             ;
;  ALUresu[28]   ; CLK        ; 6.040 ; 6.040 ; Rise       ; CLK             ;
;  ALUresu[29]   ; CLK        ; 5.722 ; 5.722 ; Rise       ; CLK             ;
;  ALUresu[30]   ; CLK        ; 5.758 ; 5.758 ; Rise       ; CLK             ;
;  ALUresu[31]   ; CLK        ; 5.431 ; 5.431 ; Rise       ; CLK             ;
; Reg1[*]        ; CLK        ; 4.537 ; 4.537 ; Rise       ; CLK             ;
;  Reg1[0]       ; CLK        ; 4.611 ; 4.611 ; Rise       ; CLK             ;
;  Reg1[1]       ; CLK        ; 4.952 ; 4.952 ; Rise       ; CLK             ;
;  Reg1[2]       ; CLK        ; 4.537 ; 4.537 ; Rise       ; CLK             ;
;  Reg1[3]       ; CLK        ; 5.146 ; 5.146 ; Rise       ; CLK             ;
;  Reg1[4]       ; CLK        ; 4.801 ; 4.801 ; Rise       ; CLK             ;
;  Reg1[5]       ; CLK        ; 5.214 ; 5.214 ; Rise       ; CLK             ;
;  Reg1[6]       ; CLK        ; 4.972 ; 4.972 ; Rise       ; CLK             ;
;  Reg1[7]       ; CLK        ; 5.094 ; 5.094 ; Rise       ; CLK             ;
;  Reg1[8]       ; CLK        ; 5.306 ; 5.306 ; Rise       ; CLK             ;
;  Reg1[9]       ; CLK        ; 5.229 ; 5.229 ; Rise       ; CLK             ;
;  Reg1[10]      ; CLK        ; 5.202 ; 5.202 ; Rise       ; CLK             ;
;  Reg1[11]      ; CLK        ; 5.224 ; 5.224 ; Rise       ; CLK             ;
;  Reg1[12]      ; CLK        ; 5.380 ; 5.380 ; Rise       ; CLK             ;
;  Reg1[13]      ; CLK        ; 5.292 ; 5.292 ; Rise       ; CLK             ;
;  Reg1[14]      ; CLK        ; 5.223 ; 5.223 ; Rise       ; CLK             ;
;  Reg1[15]      ; CLK        ; 5.218 ; 5.218 ; Rise       ; CLK             ;
;  Reg1[16]      ; CLK        ; 5.021 ; 5.021 ; Rise       ; CLK             ;
;  Reg1[17]      ; CLK        ; 5.265 ; 5.265 ; Rise       ; CLK             ;
;  Reg1[18]      ; CLK        ; 5.369 ; 5.369 ; Rise       ; CLK             ;
;  Reg1[19]      ; CLK        ; 5.132 ; 5.132 ; Rise       ; CLK             ;
;  Reg1[20]      ; CLK        ; 5.077 ; 5.077 ; Rise       ; CLK             ;
;  Reg1[21]      ; CLK        ; 5.494 ; 5.494 ; Rise       ; CLK             ;
;  Reg1[22]      ; CLK        ; 5.230 ; 5.230 ; Rise       ; CLK             ;
;  Reg1[23]      ; CLK        ; 5.362 ; 5.362 ; Rise       ; CLK             ;
;  Reg1[24]      ; CLK        ; 5.450 ; 5.450 ; Rise       ; CLK             ;
;  Reg1[25]      ; CLK        ; 5.668 ; 5.668 ; Rise       ; CLK             ;
;  Reg1[26]      ; CLK        ; 5.069 ; 5.069 ; Rise       ; CLK             ;
;  Reg1[27]      ; CLK        ; 5.329 ; 5.329 ; Rise       ; CLK             ;
;  Reg1[28]      ; CLK        ; 5.416 ; 5.416 ; Rise       ; CLK             ;
;  Reg1[29]      ; CLK        ; 4.966 ; 4.966 ; Rise       ; CLK             ;
;  Reg1[30]      ; CLK        ; 4.800 ; 4.800 ; Rise       ; CLK             ;
;  Reg1[31]      ; CLK        ; 5.223 ; 5.223 ; Rise       ; CLK             ;
; Reg2[*]        ; CLK        ; 4.815 ; 4.815 ; Rise       ; CLK             ;
;  Reg2[0]       ; CLK        ; 4.874 ; 4.874 ; Rise       ; CLK             ;
;  Reg2[1]       ; CLK        ; 4.982 ; 4.982 ; Rise       ; CLK             ;
;  Reg2[2]       ; CLK        ; 4.815 ; 4.815 ; Rise       ; CLK             ;
;  Reg2[3]       ; CLK        ; 5.220 ; 5.220 ; Rise       ; CLK             ;
;  Reg2[4]       ; CLK        ; 5.330 ; 5.330 ; Rise       ; CLK             ;
;  Reg2[5]       ; CLK        ; 5.204 ; 5.204 ; Rise       ; CLK             ;
;  Reg2[6]       ; CLK        ; 5.217 ; 5.217 ; Rise       ; CLK             ;
;  Reg2[7]       ; CLK        ; 4.962 ; 4.962 ; Rise       ; CLK             ;
;  Reg2[8]       ; CLK        ; 5.228 ; 5.228 ; Rise       ; CLK             ;
;  Reg2[9]       ; CLK        ; 5.122 ; 5.122 ; Rise       ; CLK             ;
;  Reg2[10]      ; CLK        ; 5.136 ; 5.136 ; Rise       ; CLK             ;
;  Reg2[11]      ; CLK        ; 4.842 ; 4.842 ; Rise       ; CLK             ;
;  Reg2[12]      ; CLK        ; 5.110 ; 5.110 ; Rise       ; CLK             ;
;  Reg2[13]      ; CLK        ; 5.650 ; 5.650 ; Rise       ; CLK             ;
;  Reg2[14]      ; CLK        ; 5.161 ; 5.161 ; Rise       ; CLK             ;
;  Reg2[15]      ; CLK        ; 5.041 ; 5.041 ; Rise       ; CLK             ;
;  Reg2[16]      ; CLK        ; 5.299 ; 5.299 ; Rise       ; CLK             ;
;  Reg2[17]      ; CLK        ; 5.244 ; 5.244 ; Rise       ; CLK             ;
;  Reg2[18]      ; CLK        ; 5.103 ; 5.103 ; Rise       ; CLK             ;
;  Reg2[19]      ; CLK        ; 5.378 ; 5.378 ; Rise       ; CLK             ;
;  Reg2[20]      ; CLK        ; 5.310 ; 5.310 ; Rise       ; CLK             ;
;  Reg2[21]      ; CLK        ; 5.003 ; 5.003 ; Rise       ; CLK             ;
;  Reg2[22]      ; CLK        ; 5.160 ; 5.160 ; Rise       ; CLK             ;
;  Reg2[23]      ; CLK        ; 4.935 ; 4.935 ; Rise       ; CLK             ;
;  Reg2[24]      ; CLK        ; 5.512 ; 5.512 ; Rise       ; CLK             ;
;  Reg2[25]      ; CLK        ; 5.264 ; 5.264 ; Rise       ; CLK             ;
;  Reg2[26]      ; CLK        ; 5.288 ; 5.288 ; Rise       ; CLK             ;
;  Reg2[27]      ; CLK        ; 5.711 ; 5.711 ; Rise       ; CLK             ;
;  Reg2[28]      ; CLK        ; 5.288 ; 5.288 ; Rise       ; CLK             ;
;  Reg2[29]      ; CLK        ; 5.440 ; 5.440 ; Rise       ; CLK             ;
;  Reg2[30]      ; CLK        ; 5.702 ; 5.702 ; Rise       ; CLK             ;
;  Reg2[31]      ; CLK        ; 5.731 ; 5.731 ; Rise       ; CLK             ;
; ALUControl[*]  ; Instr[0]   ; 4.687 ; 4.687 ; Rise       ; Instr[0]        ;
;  ALUControl[0] ; Instr[0]   ; 4.687 ; 4.687 ; Rise       ; Instr[0]        ;
;  ALUControl[2] ; Instr[0]   ; 4.687 ; 4.687 ; Rise       ; Instr[0]        ;
; ALUresu[*]     ; Instr[0]   ; 4.335 ; 4.335 ; Rise       ; Instr[0]        ;
;  ALUresu[0]    ; Instr[0]   ; 5.022 ; 5.022 ; Rise       ; Instr[0]        ;
;  ALUresu[1]    ; Instr[0]   ; 4.814 ; 4.814 ; Rise       ; Instr[0]        ;
;  ALUresu[2]    ; Instr[0]   ; 5.034 ; 5.034 ; Rise       ; Instr[0]        ;
;  ALUresu[3]    ; Instr[0]   ; 4.927 ; 4.927 ; Rise       ; Instr[0]        ;
;  ALUresu[4]    ; Instr[0]   ; 4.923 ; 4.923 ; Rise       ; Instr[0]        ;
;  ALUresu[5]    ; Instr[0]   ; 4.358 ; 4.358 ; Rise       ; Instr[0]        ;
;  ALUresu[6]    ; Instr[0]   ; 4.903 ; 4.903 ; Rise       ; Instr[0]        ;
;  ALUresu[7]    ; Instr[0]   ; 4.730 ; 4.730 ; Rise       ; Instr[0]        ;
;  ALUresu[8]    ; Instr[0]   ; 4.542 ; 4.542 ; Rise       ; Instr[0]        ;
;  ALUresu[9]    ; Instr[0]   ; 4.974 ; 4.974 ; Rise       ; Instr[0]        ;
;  ALUresu[10]   ; Instr[0]   ; 5.765 ; 5.765 ; Rise       ; Instr[0]        ;
;  ALUresu[11]   ; Instr[0]   ; 4.457 ; 4.457 ; Rise       ; Instr[0]        ;
;  ALUresu[12]   ; Instr[0]   ; 5.206 ; 5.206 ; Rise       ; Instr[0]        ;
;  ALUresu[13]   ; Instr[0]   ; 4.335 ; 4.335 ; Rise       ; Instr[0]        ;
;  ALUresu[14]   ; Instr[0]   ; 4.729 ; 4.729 ; Rise       ; Instr[0]        ;
;  ALUresu[15]   ; Instr[0]   ; 4.729 ; 4.729 ; Rise       ; Instr[0]        ;
;  ALUresu[16]   ; Instr[0]   ; 5.983 ; 5.983 ; Rise       ; Instr[0]        ;
;  ALUresu[17]   ; Instr[0]   ; 4.536 ; 4.536 ; Rise       ; Instr[0]        ;
;  ALUresu[18]   ; Instr[0]   ; 5.209 ; 5.209 ; Rise       ; Instr[0]        ;
;  ALUresu[19]   ; Instr[0]   ; 4.983 ; 4.983 ; Rise       ; Instr[0]        ;
;  ALUresu[20]   ; Instr[0]   ; 5.089 ; 5.089 ; Rise       ; Instr[0]        ;
;  ALUresu[21]   ; Instr[0]   ; 5.173 ; 5.173 ; Rise       ; Instr[0]        ;
;  ALUresu[22]   ; Instr[0]   ; 5.278 ; 5.278 ; Rise       ; Instr[0]        ;
;  ALUresu[23]   ; Instr[0]   ; 4.649 ; 4.649 ; Rise       ; Instr[0]        ;
;  ALUresu[24]   ; Instr[0]   ; 6.032 ; 6.032 ; Rise       ; Instr[0]        ;
;  ALUresu[25]   ; Instr[0]   ; 5.296 ; 5.296 ; Rise       ; Instr[0]        ;
;  ALUresu[26]   ; Instr[0]   ; 5.099 ; 5.099 ; Rise       ; Instr[0]        ;
;  ALUresu[27]   ; Instr[0]   ; 5.465 ; 5.465 ; Rise       ; Instr[0]        ;
;  ALUresu[28]   ; Instr[0]   ; 4.987 ; 4.987 ; Rise       ; Instr[0]        ;
;  ALUresu[29]   ; Instr[0]   ; 5.341 ; 5.341 ; Rise       ; Instr[0]        ;
;  ALUresu[30]   ; Instr[0]   ; 4.777 ; 4.777 ; Rise       ; Instr[0]        ;
;  ALUresu[31]   ; Instr[0]   ; 4.724 ; 4.724 ; Rise       ; Instr[0]        ;
; ALUControl[*]  ; Instr[0]   ; 4.687 ; 4.687 ; Fall       ; Instr[0]        ;
;  ALUControl[0] ; Instr[0]   ; 4.687 ; 4.687 ; Fall       ; Instr[0]        ;
;  ALUControl[2] ; Instr[0]   ; 4.687 ; 4.687 ; Fall       ; Instr[0]        ;
; ALUresu[*]     ; Instr[0]   ; 4.335 ; 4.335 ; Fall       ; Instr[0]        ;
;  ALUresu[0]    ; Instr[0]   ; 5.022 ; 5.022 ; Fall       ; Instr[0]        ;
;  ALUresu[1]    ; Instr[0]   ; 4.814 ; 4.814 ; Fall       ; Instr[0]        ;
;  ALUresu[2]    ; Instr[0]   ; 5.034 ; 5.034 ; Fall       ; Instr[0]        ;
;  ALUresu[3]    ; Instr[0]   ; 4.927 ; 4.927 ; Fall       ; Instr[0]        ;
;  ALUresu[4]    ; Instr[0]   ; 4.923 ; 4.923 ; Fall       ; Instr[0]        ;
;  ALUresu[5]    ; Instr[0]   ; 4.358 ; 4.358 ; Fall       ; Instr[0]        ;
;  ALUresu[6]    ; Instr[0]   ; 4.903 ; 4.903 ; Fall       ; Instr[0]        ;
;  ALUresu[7]    ; Instr[0]   ; 4.730 ; 4.730 ; Fall       ; Instr[0]        ;
;  ALUresu[8]    ; Instr[0]   ; 4.542 ; 4.542 ; Fall       ; Instr[0]        ;
;  ALUresu[9]    ; Instr[0]   ; 4.974 ; 4.974 ; Fall       ; Instr[0]        ;
;  ALUresu[10]   ; Instr[0]   ; 5.765 ; 5.765 ; Fall       ; Instr[0]        ;
;  ALUresu[11]   ; Instr[0]   ; 4.457 ; 4.457 ; Fall       ; Instr[0]        ;
;  ALUresu[12]   ; Instr[0]   ; 5.206 ; 5.206 ; Fall       ; Instr[0]        ;
;  ALUresu[13]   ; Instr[0]   ; 4.335 ; 4.335 ; Fall       ; Instr[0]        ;
;  ALUresu[14]   ; Instr[0]   ; 4.729 ; 4.729 ; Fall       ; Instr[0]        ;
;  ALUresu[15]   ; Instr[0]   ; 4.729 ; 4.729 ; Fall       ; Instr[0]        ;
;  ALUresu[16]   ; Instr[0]   ; 5.983 ; 5.983 ; Fall       ; Instr[0]        ;
;  ALUresu[17]   ; Instr[0]   ; 4.536 ; 4.536 ; Fall       ; Instr[0]        ;
;  ALUresu[18]   ; Instr[0]   ; 5.209 ; 5.209 ; Fall       ; Instr[0]        ;
;  ALUresu[19]   ; Instr[0]   ; 4.983 ; 4.983 ; Fall       ; Instr[0]        ;
;  ALUresu[20]   ; Instr[0]   ; 5.089 ; 5.089 ; Fall       ; Instr[0]        ;
;  ALUresu[21]   ; Instr[0]   ; 5.173 ; 5.173 ; Fall       ; Instr[0]        ;
;  ALUresu[22]   ; Instr[0]   ; 5.278 ; 5.278 ; Fall       ; Instr[0]        ;
;  ALUresu[23]   ; Instr[0]   ; 4.649 ; 4.649 ; Fall       ; Instr[0]        ;
;  ALUresu[24]   ; Instr[0]   ; 6.032 ; 6.032 ; Fall       ; Instr[0]        ;
;  ALUresu[25]   ; Instr[0]   ; 5.296 ; 5.296 ; Fall       ; Instr[0]        ;
;  ALUresu[26]   ; Instr[0]   ; 5.099 ; 5.099 ; Fall       ; Instr[0]        ;
;  ALUresu[27]   ; Instr[0]   ; 5.465 ; 5.465 ; Fall       ; Instr[0]        ;
;  ALUresu[28]   ; Instr[0]   ; 4.987 ; 4.987 ; Fall       ; Instr[0]        ;
;  ALUresu[29]   ; Instr[0]   ; 5.341 ; 5.341 ; Fall       ; Instr[0]        ;
;  ALUresu[30]   ; Instr[0]   ; 4.777 ; 4.777 ; Fall       ; Instr[0]        ;
;  ALUresu[31]   ; Instr[0]   ; 4.724 ; 4.724 ; Fall       ; Instr[0]        ;
+----------------+------------+-------+-------+------------+-----------------+


+----------------------------------------------------------------+
; Propagation Delay                                              ;
+------------+---------------+--------+--------+--------+--------+
; Input Port ; Output Port   ; RR     ; RF     ; FR     ; FF     ;
+------------+---------------+--------+--------+--------+--------+
; Instr[1]   ; ALUControl[0] ; 7.581  ;        ;        ; 7.581  ;
; Instr[1]   ; ALUControl[2] ; 7.581  ;        ;        ; 7.581  ;
; Instr[1]   ; ALUresu[0]    ; 9.944  ; 7.975  ; 7.975  ; 9.944  ;
; Instr[1]   ; ALUresu[1]    ; 7.947  ; 7.947  ; 7.947  ; 7.947  ;
; Instr[1]   ; ALUresu[2]    ; 8.168  ; 8.168  ; 8.168  ; 8.168  ;
; Instr[1]   ; ALUresu[3]    ; 8.130  ; 8.130  ; 8.130  ; 8.130  ;
; Instr[1]   ; ALUresu[4]    ; 8.307  ; 8.307  ; 8.307  ; 8.307  ;
; Instr[1]   ; ALUresu[5]    ; 8.075  ; 8.075  ; 8.075  ; 8.075  ;
; Instr[1]   ; ALUresu[6]    ; 8.564  ; 8.564  ; 8.564  ; 8.564  ;
; Instr[1]   ; ALUresu[7]    ; 8.996  ; 8.996  ; 8.996  ; 8.996  ;
; Instr[1]   ; ALUresu[8]    ; 9.152  ; 9.152  ; 9.152  ; 9.152  ;
; Instr[1]   ; ALUresu[9]    ; 9.387  ; 9.387  ; 9.387  ; 9.387  ;
; Instr[1]   ; ALUresu[10]   ; 9.614  ; 9.614  ; 9.614  ; 9.614  ;
; Instr[1]   ; ALUresu[11]   ; 9.304  ; 9.304  ; 9.304  ; 9.304  ;
; Instr[1]   ; ALUresu[12]   ; 9.994  ; 9.994  ; 9.994  ; 9.994  ;
; Instr[1]   ; ALUresu[13]   ; 9.672  ; 9.672  ; 9.672  ; 9.672  ;
; Instr[1]   ; ALUresu[14]   ; 9.845  ; 9.845  ; 9.845  ; 9.845  ;
; Instr[1]   ; ALUresu[15]   ; 10.135 ; 10.135 ; 10.135 ; 10.135 ;
; Instr[1]   ; ALUresu[16]   ; 11.091 ; 11.091 ; 11.091 ; 11.091 ;
; Instr[1]   ; ALUresu[17]   ; 10.671 ; 10.671 ; 10.671 ; 10.671 ;
; Instr[1]   ; ALUresu[18]   ; 11.007 ; 11.007 ; 11.007 ; 11.007 ;
; Instr[1]   ; ALUresu[19]   ; 10.885 ; 10.885 ; 10.885 ; 10.885 ;
; Instr[1]   ; ALUresu[20]   ; 10.977 ; 10.977 ; 10.977 ; 10.977 ;
; Instr[1]   ; ALUresu[21]   ; 11.228 ; 11.228 ; 11.228 ; 11.228 ;
; Instr[1]   ; ALUresu[22]   ; 11.501 ; 11.501 ; 11.501 ; 11.501 ;
; Instr[1]   ; ALUresu[23]   ; 12.203 ; 12.203 ; 12.203 ; 12.203 ;
; Instr[1]   ; ALUresu[24]   ; 12.454 ; 12.454 ; 12.454 ; 12.454 ;
; Instr[1]   ; ALUresu[25]   ; 12.191 ; 12.191 ; 12.191 ; 12.191 ;
; Instr[1]   ; ALUresu[26]   ; 12.138 ; 12.138 ; 12.138 ; 12.138 ;
; Instr[1]   ; ALUresu[27]   ; 12.278 ; 12.278 ; 12.278 ; 12.278 ;
; Instr[1]   ; ALUresu[28]   ; 12.246 ; 12.246 ; 12.246 ; 12.246 ;
; Instr[1]   ; ALUresu[29]   ; 12.647 ; 12.647 ; 12.647 ; 12.647 ;
; Instr[1]   ; ALUresu[30]   ; 12.632 ; 12.632 ; 12.632 ; 12.632 ;
; Instr[1]   ; ALUresu[31]   ; 13.318 ; 13.318 ; 13.318 ; 13.318 ;
; Instr[2]   ; ALUControl[0] ;        ; 7.836  ; 7.836  ;        ;
; Instr[2]   ; ALUControl[2] ;        ; 7.836  ; 7.836  ;        ;
; Instr[2]   ; ALUresu[0]    ; 10.726 ; 8.230  ; 8.230  ; 10.726 ;
; Instr[2]   ; ALUresu[1]    ; 7.963  ;        ;        ; 7.963  ;
; Instr[2]   ; ALUresu[2]    ; 8.763  ; 8.763  ; 8.763  ; 8.763  ;
; Instr[2]   ; ALUresu[3]    ; 8.137  ; 8.137  ; 8.137  ; 8.137  ;
; Instr[2]   ; ALUresu[4]    ; 8.314  ; 8.314  ; 8.314  ; 8.314  ;
; Instr[2]   ; ALUresu[5]    ; 8.082  ; 8.082  ; 8.082  ; 8.082  ;
; Instr[2]   ; ALUresu[6]    ; 8.571  ; 8.571  ; 8.571  ; 8.571  ;
; Instr[2]   ; ALUresu[7]    ; 9.003  ; 9.003  ; 9.003  ; 9.003  ;
; Instr[2]   ; ALUresu[8]    ; 9.159  ; 9.159  ; 9.159  ; 9.159  ;
; Instr[2]   ; ALUresu[9]    ; 9.394  ; 9.394  ; 9.394  ; 9.394  ;
; Instr[2]   ; ALUresu[10]   ; 9.621  ; 9.621  ; 9.621  ; 9.621  ;
; Instr[2]   ; ALUresu[11]   ; 9.311  ; 9.311  ; 9.311  ; 9.311  ;
; Instr[2]   ; ALUresu[12]   ; 10.001 ; 10.001 ; 10.001 ; 10.001 ;
; Instr[2]   ; ALUresu[13]   ; 9.679  ; 9.679  ; 9.679  ; 9.679  ;
; Instr[2]   ; ALUresu[14]   ; 9.852  ; 9.852  ; 9.852  ; 9.852  ;
; Instr[2]   ; ALUresu[15]   ; 10.142 ; 10.142 ; 10.142 ; 10.142 ;
; Instr[2]   ; ALUresu[16]   ; 11.098 ; 11.098 ; 11.098 ; 11.098 ;
; Instr[2]   ; ALUresu[17]   ; 10.678 ; 10.678 ; 10.678 ; 10.678 ;
; Instr[2]   ; ALUresu[18]   ; 11.014 ; 11.014 ; 11.014 ; 11.014 ;
; Instr[2]   ; ALUresu[19]   ; 10.892 ; 10.892 ; 10.892 ; 10.892 ;
; Instr[2]   ; ALUresu[20]   ; 10.984 ; 10.984 ; 10.984 ; 10.984 ;
; Instr[2]   ; ALUresu[21]   ; 11.235 ; 11.235 ; 11.235 ; 11.235 ;
; Instr[2]   ; ALUresu[22]   ; 11.508 ; 11.508 ; 11.508 ; 11.508 ;
; Instr[2]   ; ALUresu[23]   ; 12.210 ; 12.210 ; 12.210 ; 12.210 ;
; Instr[2]   ; ALUresu[24]   ; 12.461 ; 12.461 ; 12.461 ; 12.461 ;
; Instr[2]   ; ALUresu[25]   ; 12.198 ; 12.198 ; 12.198 ; 12.198 ;
; Instr[2]   ; ALUresu[26]   ; 12.145 ; 12.145 ; 12.145 ; 12.145 ;
; Instr[2]   ; ALUresu[27]   ; 12.285 ; 12.285 ; 12.285 ; 12.285 ;
; Instr[2]   ; ALUresu[28]   ; 12.253 ; 12.253 ; 12.253 ; 12.253 ;
; Instr[2]   ; ALUresu[29]   ; 12.654 ; 12.654 ; 12.654 ; 12.654 ;
; Instr[2]   ; ALUresu[30]   ; 12.639 ; 12.639 ; 12.639 ; 12.639 ;
; Instr[2]   ; ALUresu[31]   ; 13.325 ; 13.325 ; 13.325 ; 13.325 ;
; Instr[3]   ; ALUControl[0] ; 7.830  ;        ;        ; 7.830  ;
; Instr[3]   ; ALUControl[2] ; 7.830  ;        ;        ; 7.830  ;
; Instr[3]   ; ALUresu[0]    ; 10.023 ; 8.224  ; 8.224  ; 10.023 ;
; Instr[3]   ; ALUresu[1]    ;        ; 7.957  ; 7.957  ;        ;
; Instr[3]   ; ALUresu[2]    ;        ; 8.283  ; 8.283  ;        ;
; Instr[3]   ; ALUresu[3]    ; 8.407  ; 8.407  ; 8.407  ; 8.407  ;
; Instr[3]   ; ALUresu[4]    ; 8.130  ; 8.130  ; 8.130  ; 8.130  ;
; Instr[3]   ; ALUresu[5]    ; 7.898  ; 7.898  ; 7.898  ; 7.898  ;
; Instr[3]   ; ALUresu[6]    ; 8.387  ; 8.387  ; 8.387  ; 8.387  ;
; Instr[3]   ; ALUresu[7]    ; 8.819  ; 8.819  ; 8.819  ; 8.819  ;
; Instr[3]   ; ALUresu[8]    ; 8.975  ; 8.975  ; 8.975  ; 8.975  ;
; Instr[3]   ; ALUresu[9]    ; 9.210  ; 9.210  ; 9.210  ; 9.210  ;
; Instr[3]   ; ALUresu[10]   ; 9.437  ; 9.437  ; 9.437  ; 9.437  ;
; Instr[3]   ; ALUresu[11]   ; 9.127  ; 9.127  ; 9.127  ; 9.127  ;
; Instr[3]   ; ALUresu[12]   ; 9.817  ; 9.817  ; 9.817  ; 9.817  ;
; Instr[3]   ; ALUresu[13]   ; 9.495  ; 9.495  ; 9.495  ; 9.495  ;
; Instr[3]   ; ALUresu[14]   ; 9.668  ; 9.668  ; 9.668  ; 9.668  ;
; Instr[3]   ; ALUresu[15]   ; 9.958  ; 9.958  ; 9.958  ; 9.958  ;
; Instr[3]   ; ALUresu[16]   ; 10.914 ; 10.914 ; 10.914 ; 10.914 ;
; Instr[3]   ; ALUresu[17]   ; 10.494 ; 10.494 ; 10.494 ; 10.494 ;
; Instr[3]   ; ALUresu[18]   ; 10.830 ; 10.830 ; 10.830 ; 10.830 ;
; Instr[3]   ; ALUresu[19]   ; 10.708 ; 10.708 ; 10.708 ; 10.708 ;
; Instr[3]   ; ALUresu[20]   ; 10.800 ; 10.800 ; 10.800 ; 10.800 ;
; Instr[3]   ; ALUresu[21]   ; 11.051 ; 11.051 ; 11.051 ; 11.051 ;
; Instr[3]   ; ALUresu[22]   ; 11.324 ; 11.324 ; 11.324 ; 11.324 ;
; Instr[3]   ; ALUresu[23]   ; 12.026 ; 12.026 ; 12.026 ; 12.026 ;
; Instr[3]   ; ALUresu[24]   ; 12.277 ; 12.277 ; 12.277 ; 12.277 ;
; Instr[3]   ; ALUresu[25]   ; 12.014 ; 12.014 ; 12.014 ; 12.014 ;
; Instr[3]   ; ALUresu[26]   ; 11.961 ; 11.961 ; 11.961 ; 11.961 ;
; Instr[3]   ; ALUresu[27]   ; 12.101 ; 12.101 ; 12.101 ; 12.101 ;
; Instr[3]   ; ALUresu[28]   ; 12.069 ; 12.069 ; 12.069 ; 12.069 ;
; Instr[3]   ; ALUresu[29]   ; 12.470 ; 12.470 ; 12.470 ; 12.470 ;
; Instr[3]   ; ALUresu[30]   ; 12.455 ; 12.455 ; 12.455 ; 12.455 ;
; Instr[3]   ; ALUresu[31]   ; 13.141 ; 13.141 ; 13.141 ; 13.141 ;
; Instr[4]   ; ALUControl[0] ;        ; 7.787  ; 7.787  ;        ;
; Instr[4]   ; ALUControl[2] ;        ; 7.787  ; 7.787  ;        ;
; Instr[4]   ; ALUresu[0]    ; 10.328 ; 8.181  ; 8.181  ; 10.328 ;
; Instr[4]   ; ALUresu[1]    ; 7.914  ;        ;        ; 7.914  ;
; Instr[4]   ; ALUresu[2]    ; 8.240  ;        ;        ; 8.240  ;
; Instr[4]   ; ALUresu[3]    ; 8.027  ;        ;        ; 8.027  ;
; Instr[4]   ; ALUresu[4]    ; 8.721  ; 8.721  ; 8.721  ; 8.721  ;
; Instr[4]   ; ALUresu[5]    ; 7.983  ; 7.983  ; 7.983  ; 7.983  ;
; Instr[4]   ; ALUresu[6]    ; 8.472  ; 8.472  ; 8.472  ; 8.472  ;
; Instr[4]   ; ALUresu[7]    ; 8.904  ; 8.904  ; 8.904  ; 8.904  ;
; Instr[4]   ; ALUresu[8]    ; 9.060  ; 9.060  ; 9.060  ; 9.060  ;
; Instr[4]   ; ALUresu[9]    ; 9.295  ; 9.295  ; 9.295  ; 9.295  ;
; Instr[4]   ; ALUresu[10]   ; 9.522  ; 9.522  ; 9.522  ; 9.522  ;
; Instr[4]   ; ALUresu[11]   ; 9.212  ; 9.212  ; 9.212  ; 9.212  ;
; Instr[4]   ; ALUresu[12]   ; 9.902  ; 9.902  ; 9.902  ; 9.902  ;
; Instr[4]   ; ALUresu[13]   ; 9.580  ; 9.580  ; 9.580  ; 9.580  ;
; Instr[4]   ; ALUresu[14]   ; 9.753  ; 9.753  ; 9.753  ; 9.753  ;
; Instr[4]   ; ALUresu[15]   ; 10.043 ; 10.043 ; 10.043 ; 10.043 ;
; Instr[4]   ; ALUresu[16]   ; 10.999 ; 10.999 ; 10.999 ; 10.999 ;
; Instr[4]   ; ALUresu[17]   ; 10.579 ; 10.579 ; 10.579 ; 10.579 ;
; Instr[4]   ; ALUresu[18]   ; 10.915 ; 10.915 ; 10.915 ; 10.915 ;
; Instr[4]   ; ALUresu[19]   ; 10.793 ; 10.793 ; 10.793 ; 10.793 ;
; Instr[4]   ; ALUresu[20]   ; 10.885 ; 10.885 ; 10.885 ; 10.885 ;
; Instr[4]   ; ALUresu[21]   ; 11.136 ; 11.136 ; 11.136 ; 11.136 ;
; Instr[4]   ; ALUresu[22]   ; 11.409 ; 11.409 ; 11.409 ; 11.409 ;
; Instr[4]   ; ALUresu[23]   ; 12.111 ; 12.111 ; 12.111 ; 12.111 ;
; Instr[4]   ; ALUresu[24]   ; 12.362 ; 12.362 ; 12.362 ; 12.362 ;
; Instr[4]   ; ALUresu[25]   ; 12.099 ; 12.099 ; 12.099 ; 12.099 ;
; Instr[4]   ; ALUresu[26]   ; 12.046 ; 12.046 ; 12.046 ; 12.046 ;
; Instr[4]   ; ALUresu[27]   ; 12.186 ; 12.186 ; 12.186 ; 12.186 ;
; Instr[4]   ; ALUresu[28]   ; 12.154 ; 12.154 ; 12.154 ; 12.154 ;
; Instr[4]   ; ALUresu[29]   ; 12.555 ; 12.555 ; 12.555 ; 12.555 ;
; Instr[4]   ; ALUresu[30]   ; 12.540 ; 12.540 ; 12.540 ; 12.540 ;
; Instr[4]   ; ALUresu[31]   ; 13.226 ; 13.226 ; 13.226 ; 13.226 ;
; Instr[5]   ; ALUControl[0] ; 7.750  ;        ;        ; 7.750  ;
; Instr[5]   ; ALUControl[2] ; 7.750  ;        ;        ; 7.750  ;
; Instr[5]   ; ALUresu[0]    ; 10.086 ; 8.144  ; 8.144  ; 10.086 ;
; Instr[5]   ; ALUresu[1]    ;        ; 7.877  ; 7.877  ;        ;
; Instr[5]   ; ALUresu[2]    ;        ; 8.203  ; 8.203  ;        ;
; Instr[5]   ; ALUresu[3]    ;        ; 7.990  ; 7.990  ;        ;
; Instr[5]   ; ALUresu[4]    ;        ; 7.986  ; 7.986  ;        ;
; Instr[5]   ; ALUresu[5]    ; 7.910  ; 7.910  ; 7.910  ; 7.910  ;
; Instr[5]   ; ALUresu[6]    ; 8.496  ; 8.496  ; 8.496  ; 8.496  ;
; Instr[5]   ; ALUresu[7]    ; 8.928  ; 8.928  ; 8.928  ; 8.928  ;
; Instr[5]   ; ALUresu[8]    ; 9.084  ; 9.084  ; 9.084  ; 9.084  ;
; Instr[5]   ; ALUresu[9]    ; 9.319  ; 9.319  ; 9.319  ; 9.319  ;
; Instr[5]   ; ALUresu[10]   ; 9.546  ; 9.546  ; 9.546  ; 9.546  ;
; Instr[5]   ; ALUresu[11]   ; 9.236  ; 9.236  ; 9.236  ; 9.236  ;
; Instr[5]   ; ALUresu[12]   ; 9.926  ; 9.926  ; 9.926  ; 9.926  ;
; Instr[5]   ; ALUresu[13]   ; 9.604  ; 9.604  ; 9.604  ; 9.604  ;
; Instr[5]   ; ALUresu[14]   ; 9.777  ; 9.777  ; 9.777  ; 9.777  ;
; Instr[5]   ; ALUresu[15]   ; 10.067 ; 10.067 ; 10.067 ; 10.067 ;
; Instr[5]   ; ALUresu[16]   ; 11.023 ; 11.023 ; 11.023 ; 11.023 ;
; Instr[5]   ; ALUresu[17]   ; 10.603 ; 10.603 ; 10.603 ; 10.603 ;
; Instr[5]   ; ALUresu[18]   ; 10.939 ; 10.939 ; 10.939 ; 10.939 ;
; Instr[5]   ; ALUresu[19]   ; 10.817 ; 10.817 ; 10.817 ; 10.817 ;
; Instr[5]   ; ALUresu[20]   ; 10.909 ; 10.909 ; 10.909 ; 10.909 ;
; Instr[5]   ; ALUresu[21]   ; 11.160 ; 11.160 ; 11.160 ; 11.160 ;
; Instr[5]   ; ALUresu[22]   ; 11.433 ; 11.433 ; 11.433 ; 11.433 ;
; Instr[5]   ; ALUresu[23]   ; 12.135 ; 12.135 ; 12.135 ; 12.135 ;
; Instr[5]   ; ALUresu[24]   ; 12.386 ; 12.386 ; 12.386 ; 12.386 ;
; Instr[5]   ; ALUresu[25]   ; 12.123 ; 12.123 ; 12.123 ; 12.123 ;
; Instr[5]   ; ALUresu[26]   ; 12.070 ; 12.070 ; 12.070 ; 12.070 ;
; Instr[5]   ; ALUresu[27]   ; 12.210 ; 12.210 ; 12.210 ; 12.210 ;
; Instr[5]   ; ALUresu[28]   ; 12.178 ; 12.178 ; 12.178 ; 12.178 ;
; Instr[5]   ; ALUresu[29]   ; 12.579 ; 12.579 ; 12.579 ; 12.579 ;
; Instr[5]   ; ALUresu[30]   ; 12.564 ; 12.564 ; 12.564 ; 12.564 ;
; Instr[5]   ; ALUresu[31]   ; 13.250 ; 13.250 ; 13.250 ; 13.250 ;
; Instr[6]   ; ALUresu[0]    ; 9.839  ;        ;        ; 9.839  ;
; Instr[6]   ; ALUresu[6]    ; 8.399  ; 8.399  ; 8.399  ; 8.399  ;
; Instr[6]   ; ALUresu[7]    ; 8.355  ; 8.355  ; 8.355  ; 8.355  ;
; Instr[6]   ; ALUresu[8]    ; 8.511  ; 8.511  ; 8.511  ; 8.511  ;
; Instr[6]   ; ALUresu[9]    ; 8.746  ; 8.746  ; 8.746  ; 8.746  ;
; Instr[6]   ; ALUresu[10]   ; 8.973  ; 8.973  ; 8.973  ; 8.973  ;
; Instr[6]   ; ALUresu[11]   ; 8.663  ; 8.663  ; 8.663  ; 8.663  ;
; Instr[6]   ; ALUresu[12]   ; 9.353  ; 9.353  ; 9.353  ; 9.353  ;
; Instr[6]   ; ALUresu[13]   ; 9.031  ; 9.031  ; 9.031  ; 9.031  ;
; Instr[6]   ; ALUresu[14]   ; 9.204  ; 9.204  ; 9.204  ; 9.204  ;
; Instr[6]   ; ALUresu[15]   ; 9.494  ; 9.494  ; 9.494  ; 9.494  ;
; Instr[6]   ; ALUresu[16]   ; 10.450 ; 10.450 ; 10.450 ; 10.450 ;
; Instr[6]   ; ALUresu[17]   ; 10.030 ; 10.030 ; 10.030 ; 10.030 ;
; Instr[6]   ; ALUresu[18]   ; 10.366 ; 10.366 ; 10.366 ; 10.366 ;
; Instr[6]   ; ALUresu[19]   ; 10.244 ; 10.244 ; 10.244 ; 10.244 ;
; Instr[6]   ; ALUresu[20]   ; 10.336 ; 10.336 ; 10.336 ; 10.336 ;
; Instr[6]   ; ALUresu[21]   ; 10.587 ; 10.587 ; 10.587 ; 10.587 ;
; Instr[6]   ; ALUresu[22]   ; 10.860 ; 10.860 ; 10.860 ; 10.860 ;
; Instr[6]   ; ALUresu[23]   ; 11.562 ; 11.562 ; 11.562 ; 11.562 ;
; Instr[6]   ; ALUresu[24]   ; 11.813 ; 11.813 ; 11.813 ; 11.813 ;
; Instr[6]   ; ALUresu[25]   ; 11.550 ; 11.550 ; 11.550 ; 11.550 ;
; Instr[6]   ; ALUresu[26]   ; 11.497 ; 11.497 ; 11.497 ; 11.497 ;
; Instr[6]   ; ALUresu[27]   ; 11.637 ; 11.637 ; 11.637 ; 11.637 ;
; Instr[6]   ; ALUresu[28]   ; 11.605 ; 11.605 ; 11.605 ; 11.605 ;
; Instr[6]   ; ALUresu[29]   ; 12.006 ; 12.006 ; 12.006 ; 12.006 ;
; Instr[6]   ; ALUresu[30]   ; 11.991 ; 11.991 ; 11.991 ; 11.991 ;
; Instr[6]   ; ALUresu[31]   ; 12.677 ; 12.677 ; 12.677 ; 12.677 ;
; Instr[7]   ; ALUresu[0]    ; 10.275 ;        ;        ; 10.275 ;
; Instr[7]   ; ALUresu[7]    ; 8.155  ; 8.155  ; 8.155  ; 8.155  ;
; Instr[7]   ; ALUresu[8]    ; 8.787  ; 8.787  ; 8.787  ; 8.787  ;
; Instr[7]   ; ALUresu[9]    ; 9.022  ; 9.022  ; 9.022  ; 9.022  ;
; Instr[7]   ; ALUresu[10]   ; 9.249  ; 9.249  ; 9.249  ; 9.249  ;
; Instr[7]   ; ALUresu[11]   ; 8.939  ; 8.939  ; 8.939  ; 8.939  ;
; Instr[7]   ; ALUresu[12]   ; 9.629  ; 9.629  ; 9.629  ; 9.629  ;
; Instr[7]   ; ALUresu[13]   ; 9.307  ; 9.307  ; 9.307  ; 9.307  ;
; Instr[7]   ; ALUresu[14]   ; 9.480  ; 9.480  ; 9.480  ; 9.480  ;
; Instr[7]   ; ALUresu[15]   ; 9.770  ; 9.770  ; 9.770  ; 9.770  ;
; Instr[7]   ; ALUresu[16]   ; 10.726 ; 10.726 ; 10.726 ; 10.726 ;
; Instr[7]   ; ALUresu[17]   ; 10.306 ; 10.306 ; 10.306 ; 10.306 ;
; Instr[7]   ; ALUresu[18]   ; 10.642 ; 10.642 ; 10.642 ; 10.642 ;
; Instr[7]   ; ALUresu[19]   ; 10.520 ; 10.520 ; 10.520 ; 10.520 ;
; Instr[7]   ; ALUresu[20]   ; 10.612 ; 10.612 ; 10.612 ; 10.612 ;
; Instr[7]   ; ALUresu[21]   ; 10.863 ; 10.863 ; 10.863 ; 10.863 ;
; Instr[7]   ; ALUresu[22]   ; 11.136 ; 11.136 ; 11.136 ; 11.136 ;
; Instr[7]   ; ALUresu[23]   ; 11.838 ; 11.838 ; 11.838 ; 11.838 ;
; Instr[7]   ; ALUresu[24]   ; 12.089 ; 12.089 ; 12.089 ; 12.089 ;
; Instr[7]   ; ALUresu[25]   ; 11.826 ; 11.826 ; 11.826 ; 11.826 ;
; Instr[7]   ; ALUresu[26]   ; 11.773 ; 11.773 ; 11.773 ; 11.773 ;
; Instr[7]   ; ALUresu[27]   ; 11.913 ; 11.913 ; 11.913 ; 11.913 ;
; Instr[7]   ; ALUresu[28]   ; 11.881 ; 11.881 ; 11.881 ; 11.881 ;
; Instr[7]   ; ALUresu[29]   ; 12.282 ; 12.282 ; 12.282 ; 12.282 ;
; Instr[7]   ; ALUresu[30]   ; 12.267 ; 12.267 ; 12.267 ; 12.267 ;
; Instr[7]   ; ALUresu[31]   ; 12.953 ; 12.953 ; 12.953 ; 12.953 ;
; Instr[8]   ; ALUresu[0]    ; 9.140  ;        ;        ; 9.140  ;
; Instr[8]   ; ALUresu[8]    ; 7.447  ; 7.447  ; 7.447  ; 7.447  ;
; Instr[8]   ; ALUresu[9]    ; 8.040  ; 8.040  ; 8.040  ; 8.040  ;
; Instr[8]   ; ALUresu[10]   ; 8.267  ; 8.267  ; 8.267  ; 8.267  ;
; Instr[8]   ; ALUresu[11]   ; 7.957  ; 7.957  ; 7.957  ; 7.957  ;
; Instr[8]   ; ALUresu[12]   ; 8.647  ; 8.647  ; 8.647  ; 8.647  ;
; Instr[8]   ; ALUresu[13]   ; 8.325  ; 8.325  ; 8.325  ; 8.325  ;
; Instr[8]   ; ALUresu[14]   ; 8.498  ; 8.498  ; 8.498  ; 8.498  ;
; Instr[8]   ; ALUresu[15]   ; 8.788  ; 8.788  ; 8.788  ; 8.788  ;
; Instr[8]   ; ALUresu[16]   ; 9.744  ; 9.744  ; 9.744  ; 9.744  ;
; Instr[8]   ; ALUresu[17]   ; 9.324  ; 9.324  ; 9.324  ; 9.324  ;
; Instr[8]   ; ALUresu[18]   ; 9.660  ; 9.660  ; 9.660  ; 9.660  ;
; Instr[8]   ; ALUresu[19]   ; 9.538  ; 9.538  ; 9.538  ; 9.538  ;
; Instr[8]   ; ALUresu[20]   ; 9.630  ; 9.630  ; 9.630  ; 9.630  ;
; Instr[8]   ; ALUresu[21]   ; 9.881  ; 9.881  ; 9.881  ; 9.881  ;
; Instr[8]   ; ALUresu[22]   ; 10.154 ; 10.154 ; 10.154 ; 10.154 ;
; Instr[8]   ; ALUresu[23]   ; 10.856 ; 10.856 ; 10.856 ; 10.856 ;
; Instr[8]   ; ALUresu[24]   ; 11.107 ; 11.107 ; 11.107 ; 11.107 ;
; Instr[8]   ; ALUresu[25]   ; 10.844 ; 10.844 ; 10.844 ; 10.844 ;
; Instr[8]   ; ALUresu[26]   ; 10.791 ; 10.791 ; 10.791 ; 10.791 ;
; Instr[8]   ; ALUresu[27]   ; 10.931 ; 10.931 ; 10.931 ; 10.931 ;
; Instr[8]   ; ALUresu[28]   ; 10.899 ; 10.899 ; 10.899 ; 10.899 ;
; Instr[8]   ; ALUresu[29]   ; 11.300 ; 11.300 ; 11.300 ; 11.300 ;
; Instr[8]   ; ALUresu[30]   ; 11.285 ; 11.285 ; 11.285 ; 11.285 ;
; Instr[8]   ; ALUresu[31]   ; 11.971 ; 11.971 ; 11.971 ; 11.971 ;
; Instr[9]   ; ALUresu[0]    ; 8.863  ;        ;        ; 8.863  ;
; Instr[9]   ; ALUresu[9]    ; 6.821  ; 6.821  ; 6.821  ; 6.821  ;
; Instr[9]   ; ALUresu[10]   ; 8.108  ; 8.108  ; 8.108  ; 8.108  ;
; Instr[9]   ; ALUresu[11]   ; 7.798  ; 7.798  ; 7.798  ; 7.798  ;
; Instr[9]   ; ALUresu[12]   ; 8.488  ; 8.488  ; 8.488  ; 8.488  ;
; Instr[9]   ; ALUresu[13]   ; 8.166  ; 8.166  ; 8.166  ; 8.166  ;
; Instr[9]   ; ALUresu[14]   ; 8.339  ; 8.339  ; 8.339  ; 8.339  ;
; Instr[9]   ; ALUresu[15]   ; 8.629  ; 8.629  ; 8.629  ; 8.629  ;
; Instr[9]   ; ALUresu[16]   ; 9.585  ; 9.585  ; 9.585  ; 9.585  ;
; Instr[9]   ; ALUresu[17]   ; 9.165  ; 9.165  ; 9.165  ; 9.165  ;
; Instr[9]   ; ALUresu[18]   ; 9.501  ; 9.501  ; 9.501  ; 9.501  ;
; Instr[9]   ; ALUresu[19]   ; 9.379  ; 9.379  ; 9.379  ; 9.379  ;
; Instr[9]   ; ALUresu[20]   ; 9.471  ; 9.471  ; 9.471  ; 9.471  ;
; Instr[9]   ; ALUresu[21]   ; 9.722  ; 9.722  ; 9.722  ; 9.722  ;
; Instr[9]   ; ALUresu[22]   ; 9.995  ; 9.995  ; 9.995  ; 9.995  ;
; Instr[9]   ; ALUresu[23]   ; 10.697 ; 10.697 ; 10.697 ; 10.697 ;
; Instr[9]   ; ALUresu[24]   ; 10.948 ; 10.948 ; 10.948 ; 10.948 ;
; Instr[9]   ; ALUresu[25]   ; 10.685 ; 10.685 ; 10.685 ; 10.685 ;
; Instr[9]   ; ALUresu[26]   ; 10.632 ; 10.632 ; 10.632 ; 10.632 ;
; Instr[9]   ; ALUresu[27]   ; 10.772 ; 10.772 ; 10.772 ; 10.772 ;
; Instr[9]   ; ALUresu[28]   ; 10.740 ; 10.740 ; 10.740 ; 10.740 ;
; Instr[9]   ; ALUresu[29]   ; 11.141 ; 11.141 ; 11.141 ; 11.141 ;
; Instr[9]   ; ALUresu[30]   ; 11.126 ; 11.126 ; 11.126 ; 11.126 ;
; Instr[9]   ; ALUresu[31]   ; 11.812 ; 11.812 ; 11.812 ; 11.812 ;
; Instr[10]  ; ALUresu[0]    ; 9.189  ;        ;        ; 9.189  ;
; Instr[10]  ; ALUresu[10]   ; 7.986  ; 7.986  ; 7.986  ; 7.986  ;
; Instr[10]  ; ALUresu[11]   ; 8.394  ; 8.394  ; 8.394  ; 8.394  ;
; Instr[10]  ; ALUresu[12]   ; 9.084  ; 9.084  ; 9.084  ; 9.084  ;
; Instr[10]  ; ALUresu[13]   ; 8.762  ; 8.762  ; 8.762  ; 8.762  ;
; Instr[10]  ; ALUresu[14]   ; 8.935  ; 8.935  ; 8.935  ; 8.935  ;
; Instr[10]  ; ALUresu[15]   ; 9.225  ; 9.225  ; 9.225  ; 9.225  ;
; Instr[10]  ; ALUresu[16]   ; 10.181 ; 10.181 ; 10.181 ; 10.181 ;
; Instr[10]  ; ALUresu[17]   ; 9.761  ; 9.761  ; 9.761  ; 9.761  ;
; Instr[10]  ; ALUresu[18]   ; 10.097 ; 10.097 ; 10.097 ; 10.097 ;
; Instr[10]  ; ALUresu[19]   ; 9.975  ; 9.975  ; 9.975  ; 9.975  ;
; Instr[10]  ; ALUresu[20]   ; 10.067 ; 10.067 ; 10.067 ; 10.067 ;
; Instr[10]  ; ALUresu[21]   ; 10.318 ; 10.318 ; 10.318 ; 10.318 ;
; Instr[10]  ; ALUresu[22]   ; 10.591 ; 10.591 ; 10.591 ; 10.591 ;
; Instr[10]  ; ALUresu[23]   ; 11.293 ; 11.293 ; 11.293 ; 11.293 ;
; Instr[10]  ; ALUresu[24]   ; 11.544 ; 11.544 ; 11.544 ; 11.544 ;
; Instr[10]  ; ALUresu[25]   ; 11.281 ; 11.281 ; 11.281 ; 11.281 ;
; Instr[10]  ; ALUresu[26]   ; 11.228 ; 11.228 ; 11.228 ; 11.228 ;
; Instr[10]  ; ALUresu[27]   ; 11.368 ; 11.368 ; 11.368 ; 11.368 ;
; Instr[10]  ; ALUresu[28]   ; 11.336 ; 11.336 ; 11.336 ; 11.336 ;
; Instr[10]  ; ALUresu[29]   ; 11.737 ; 11.737 ; 11.737 ; 11.737 ;
; Instr[10]  ; ALUresu[30]   ; 11.722 ; 11.722 ; 11.722 ; 11.722 ;
; Instr[10]  ; ALUresu[31]   ; 12.408 ; 12.408 ; 12.408 ; 12.408 ;
; Instr[11]  ; ALUresu[0]    ; 9.302  ;        ;        ; 9.302  ;
; Instr[11]  ; ALUresu[11]   ; 7.337  ; 7.337  ; 7.337  ; 7.337  ;
; Instr[11]  ; ALUresu[12]   ; 7.852  ; 7.852  ; 7.852  ; 7.852  ;
; Instr[11]  ; ALUresu[13]   ; 7.530  ; 7.530  ; 7.530  ; 7.530  ;
; Instr[11]  ; ALUresu[14]   ; 7.703  ; 7.703  ; 7.703  ; 7.703  ;
; Instr[11]  ; ALUresu[15]   ; 7.993  ; 7.993  ; 7.993  ; 7.993  ;
; Instr[11]  ; ALUresu[16]   ; 8.949  ; 8.949  ; 8.949  ; 8.949  ;
; Instr[11]  ; ALUresu[17]   ; 8.529  ; 8.529  ; 8.529  ; 8.529  ;
; Instr[11]  ; ALUresu[18]   ; 8.865  ; 8.865  ; 8.865  ; 8.865  ;
; Instr[11]  ; ALUresu[19]   ; 8.743  ; 8.743  ; 8.743  ; 8.743  ;
; Instr[11]  ; ALUresu[20]   ; 8.835  ; 8.835  ; 8.835  ; 8.835  ;
; Instr[11]  ; ALUresu[21]   ; 9.086  ; 9.086  ; 9.086  ; 9.086  ;
; Instr[11]  ; ALUresu[22]   ; 9.359  ; 9.359  ; 9.359  ; 9.359  ;
; Instr[11]  ; ALUresu[23]   ; 10.061 ; 10.061 ; 10.061 ; 10.061 ;
; Instr[11]  ; ALUresu[24]   ; 10.312 ; 10.312 ; 10.312 ; 10.312 ;
; Instr[11]  ; ALUresu[25]   ; 10.049 ; 10.049 ; 10.049 ; 10.049 ;
; Instr[11]  ; ALUresu[26]   ; 9.996  ; 9.996  ; 9.996  ; 9.996  ;
; Instr[11]  ; ALUresu[27]   ; 10.136 ; 10.136 ; 10.136 ; 10.136 ;
; Instr[11]  ; ALUresu[28]   ; 10.104 ; 10.104 ; 10.104 ; 10.104 ;
; Instr[11]  ; ALUresu[29]   ; 10.505 ; 10.505 ; 10.505 ; 10.505 ;
; Instr[11]  ; ALUresu[30]   ; 10.490 ; 10.490 ; 10.490 ; 10.490 ;
; Instr[11]  ; ALUresu[31]   ; 11.176 ; 11.176 ; 11.176 ; 11.176 ;
; Instr[12]  ; ALUresu[0]    ; 9.703  ;        ;        ; 9.703  ;
; Instr[12]  ; ALUresu[12]   ; 7.981  ; 7.981  ; 7.981  ; 7.981  ;
; Instr[12]  ; ALUresu[13]   ; 8.370  ; 8.370  ; 8.370  ; 8.370  ;
; Instr[12]  ; ALUresu[14]   ; 8.543  ; 8.543  ; 8.543  ; 8.543  ;
; Instr[12]  ; ALUresu[15]   ; 8.833  ; 8.833  ; 8.833  ; 8.833  ;
; Instr[12]  ; ALUresu[16]   ; 9.789  ; 9.789  ; 9.789  ; 9.789  ;
; Instr[12]  ; ALUresu[17]   ; 9.369  ; 9.369  ; 9.369  ; 9.369  ;
; Instr[12]  ; ALUresu[18]   ; 9.705  ; 9.705  ; 9.705  ; 9.705  ;
; Instr[12]  ; ALUresu[19]   ; 9.583  ; 9.583  ; 9.583  ; 9.583  ;
; Instr[12]  ; ALUresu[20]   ; 9.675  ; 9.675  ; 9.675  ; 9.675  ;
; Instr[12]  ; ALUresu[21]   ; 9.926  ; 9.926  ; 9.926  ; 9.926  ;
; Instr[12]  ; ALUresu[22]   ; 10.199 ; 10.199 ; 10.199 ; 10.199 ;
; Instr[12]  ; ALUresu[23]   ; 10.901 ; 10.901 ; 10.901 ; 10.901 ;
; Instr[12]  ; ALUresu[24]   ; 11.152 ; 11.152 ; 11.152 ; 11.152 ;
; Instr[12]  ; ALUresu[25]   ; 10.889 ; 10.889 ; 10.889 ; 10.889 ;
; Instr[12]  ; ALUresu[26]   ; 10.836 ; 10.836 ; 10.836 ; 10.836 ;
; Instr[12]  ; ALUresu[27]   ; 10.976 ; 10.976 ; 10.976 ; 10.976 ;
; Instr[12]  ; ALUresu[28]   ; 10.944 ; 10.944 ; 10.944 ; 10.944 ;
; Instr[12]  ; ALUresu[29]   ; 11.345 ; 11.345 ; 11.345 ; 11.345 ;
; Instr[12]  ; ALUresu[30]   ; 11.330 ; 11.330 ; 11.330 ; 11.330 ;
; Instr[12]  ; ALUresu[31]   ; 12.016 ; 12.016 ; 12.016 ; 12.016 ;
; Instr[13]  ; ALUresu[0]    ; 9.855  ;        ;        ; 9.855  ;
; Instr[13]  ; ALUresu[13]   ; 8.052  ; 8.052  ; 8.052  ; 8.052  ;
; Instr[13]  ; ALUresu[14]   ; 8.007  ; 8.007  ; 8.007  ; 8.007  ;
; Instr[13]  ; ALUresu[15]   ; 8.297  ; 8.297  ; 8.297  ; 8.297  ;
; Instr[13]  ; ALUresu[16]   ; 9.253  ; 9.253  ; 9.253  ; 9.253  ;
; Instr[13]  ; ALUresu[17]   ; 8.833  ; 8.833  ; 8.833  ; 8.833  ;
; Instr[13]  ; ALUresu[18]   ; 9.169  ; 9.169  ; 9.169  ; 9.169  ;
; Instr[13]  ; ALUresu[19]   ; 9.047  ; 9.047  ; 9.047  ; 9.047  ;
; Instr[13]  ; ALUresu[20]   ; 9.139  ; 9.139  ; 9.139  ; 9.139  ;
; Instr[13]  ; ALUresu[21]   ; 9.390  ; 9.390  ; 9.390  ; 9.390  ;
; Instr[13]  ; ALUresu[22]   ; 9.663  ; 9.663  ; 9.663  ; 9.663  ;
; Instr[13]  ; ALUresu[23]   ; 10.365 ; 10.365 ; 10.365 ; 10.365 ;
; Instr[13]  ; ALUresu[24]   ; 10.616 ; 10.616 ; 10.616 ; 10.616 ;
; Instr[13]  ; ALUresu[25]   ; 10.353 ; 10.353 ; 10.353 ; 10.353 ;
; Instr[13]  ; ALUresu[26]   ; 10.300 ; 10.300 ; 10.300 ; 10.300 ;
; Instr[13]  ; ALUresu[27]   ; 10.440 ; 10.440 ; 10.440 ; 10.440 ;
; Instr[13]  ; ALUresu[28]   ; 10.408 ; 10.408 ; 10.408 ; 10.408 ;
; Instr[13]  ; ALUresu[29]   ; 10.809 ; 10.809 ; 10.809 ; 10.809 ;
; Instr[13]  ; ALUresu[30]   ; 10.794 ; 10.794 ; 10.794 ; 10.794 ;
; Instr[13]  ; ALUresu[31]   ; 11.480 ; 11.480 ; 11.480 ; 11.480 ;
; Instr[14]  ; ALUresu[0]    ; 9.175  ;        ;        ; 9.175  ;
; Instr[14]  ; ALUresu[14]   ; 7.138  ; 7.138  ; 7.138  ; 7.138  ;
; Instr[14]  ; ALUresu[15]   ; 7.500  ; 7.500  ; 7.500  ; 7.500  ;
; Instr[14]  ; ALUresu[16]   ; 8.456  ; 8.456  ; 8.456  ; 8.456  ;
; Instr[14]  ; ALUresu[17]   ; 8.036  ; 8.036  ; 8.036  ; 8.036  ;
; Instr[14]  ; ALUresu[18]   ; 8.372  ; 8.372  ; 8.372  ; 8.372  ;
; Instr[14]  ; ALUresu[19]   ; 8.250  ; 8.250  ; 8.250  ; 8.250  ;
; Instr[14]  ; ALUresu[20]   ; 8.342  ; 8.342  ; 8.342  ; 8.342  ;
; Instr[14]  ; ALUresu[21]   ; 8.593  ; 8.593  ; 8.593  ; 8.593  ;
; Instr[14]  ; ALUresu[22]   ; 8.866  ; 8.866  ; 8.866  ; 8.866  ;
; Instr[14]  ; ALUresu[23]   ; 9.568  ; 9.568  ; 9.568  ; 9.568  ;
; Instr[14]  ; ALUresu[24]   ; 9.819  ; 9.819  ; 9.819  ; 9.819  ;
; Instr[14]  ; ALUresu[25]   ; 9.556  ; 9.556  ; 9.556  ; 9.556  ;
; Instr[14]  ; ALUresu[26]   ; 9.503  ; 9.503  ; 9.503  ; 9.503  ;
; Instr[14]  ; ALUresu[27]   ; 9.643  ; 9.643  ; 9.643  ; 9.643  ;
; Instr[14]  ; ALUresu[28]   ; 9.611  ; 9.611  ; 9.611  ; 9.611  ;
; Instr[14]  ; ALUresu[29]   ; 10.012 ; 10.012 ; 10.012 ; 10.012 ;
; Instr[14]  ; ALUresu[30]   ; 9.997  ; 9.997  ; 9.997  ; 9.997  ;
; Instr[14]  ; ALUresu[31]   ; 10.683 ; 10.683 ; 10.683 ; 10.683 ;
; Instr[15]  ; ALUresu[0]    ; 9.667  ;        ;        ; 9.667  ;
; Instr[15]  ; ALUresu[15]   ; 8.002  ; 8.002  ; 8.002  ; 8.002  ;
; Instr[15]  ; ALUresu[16]   ; 8.201  ; 8.201  ; 8.201  ; 8.201  ;
; Instr[15]  ; ALUresu[17]   ; 7.781  ; 7.781  ; 7.781  ; 7.781  ;
; Instr[15]  ; ALUresu[18]   ; 8.117  ; 8.117  ; 8.117  ; 8.117  ;
; Instr[15]  ; ALUresu[19]   ; 7.995  ; 7.995  ; 7.995  ; 7.995  ;
; Instr[15]  ; ALUresu[20]   ; 8.087  ; 8.087  ; 8.087  ; 8.087  ;
; Instr[15]  ; ALUresu[21]   ; 8.338  ; 8.338  ; 8.338  ; 8.338  ;
; Instr[15]  ; ALUresu[22]   ; 8.611  ; 8.611  ; 8.611  ; 8.611  ;
; Instr[15]  ; ALUresu[23]   ; 9.313  ; 9.313  ; 9.313  ; 9.313  ;
; Instr[15]  ; ALUresu[24]   ; 9.564  ; 9.564  ; 9.564  ; 9.564  ;
; Instr[15]  ; ALUresu[25]   ; 9.301  ; 9.301  ; 9.301  ; 9.301  ;
; Instr[15]  ; ALUresu[26]   ; 9.248  ; 9.248  ; 9.248  ; 9.248  ;
; Instr[15]  ; ALUresu[27]   ; 9.388  ; 9.388  ; 9.388  ; 9.388  ;
; Instr[15]  ; ALUresu[28]   ; 9.356  ; 9.356  ; 9.356  ; 9.356  ;
; Instr[15]  ; ALUresu[29]   ; 9.757  ; 9.757  ; 9.757  ; 9.757  ;
; Instr[15]  ; ALUresu[30]   ; 9.742  ; 9.742  ; 9.742  ; 9.742  ;
; Instr[15]  ; ALUresu[31]   ; 10.428 ; 10.428 ; 10.428 ; 10.428 ;
; Instr[16]  ; ALUresu[0]    ; 13.442 ; 13.813 ; 13.813 ; 13.442 ;
; Instr[16]  ; ALUresu[1]    ; 10.229 ; 10.229 ; 10.229 ; 10.229 ;
; Instr[16]  ; ALUresu[2]    ; 10.724 ; 10.724 ; 10.724 ; 10.724 ;
; Instr[16]  ; ALUresu[3]    ; 11.465 ; 11.465 ; 11.465 ; 11.465 ;
; Instr[16]  ; ALUresu[4]    ; 11.503 ; 11.503 ; 11.503 ; 11.503 ;
; Instr[16]  ; ALUresu[5]    ; 11.029 ; 11.029 ; 11.029 ; 11.029 ;
; Instr[16]  ; ALUresu[6]    ; 12.373 ; 12.373 ; 12.373 ; 12.373 ;
; Instr[16]  ; ALUresu[7]    ; 12.749 ; 12.749 ; 12.749 ; 12.749 ;
; Instr[16]  ; ALUresu[8]    ; 12.905 ; 12.905 ; 12.905 ; 12.905 ;
; Instr[16]  ; ALUresu[9]    ; 13.140 ; 13.140 ; 13.140 ; 13.140 ;
; Instr[16]  ; ALUresu[10]   ; 13.367 ; 13.367 ; 13.367 ; 13.367 ;
; Instr[16]  ; ALUresu[11]   ; 13.057 ; 13.057 ; 13.057 ; 13.057 ;
; Instr[16]  ; ALUresu[12]   ; 13.747 ; 13.747 ; 13.747 ; 13.747 ;
; Instr[16]  ; ALUresu[13]   ; 13.425 ; 13.425 ; 13.425 ; 13.425 ;
; Instr[16]  ; ALUresu[14]   ; 13.598 ; 13.598 ; 13.598 ; 13.598 ;
; Instr[16]  ; ALUresu[15]   ; 13.888 ; 13.888 ; 13.888 ; 13.888 ;
; Instr[16]  ; ALUresu[16]   ; 14.844 ; 14.844 ; 14.844 ; 14.844 ;
; Instr[16]  ; ALUresu[17]   ; 14.424 ; 14.424 ; 14.424 ; 14.424 ;
; Instr[16]  ; ALUresu[18]   ; 14.760 ; 14.760 ; 14.760 ; 14.760 ;
; Instr[16]  ; ALUresu[19]   ; 14.638 ; 14.638 ; 14.638 ; 14.638 ;
; Instr[16]  ; ALUresu[20]   ; 14.730 ; 14.730 ; 14.730 ; 14.730 ;
; Instr[16]  ; ALUresu[21]   ; 14.981 ; 14.981 ; 14.981 ; 14.981 ;
; Instr[16]  ; ALUresu[22]   ; 15.254 ; 15.254 ; 15.254 ; 15.254 ;
; Instr[16]  ; ALUresu[23]   ; 15.956 ; 15.956 ; 15.956 ; 15.956 ;
; Instr[16]  ; ALUresu[24]   ; 16.207 ; 16.207 ; 16.207 ; 16.207 ;
; Instr[16]  ; ALUresu[25]   ; 15.944 ; 15.944 ; 15.944 ; 15.944 ;
; Instr[16]  ; ALUresu[26]   ; 15.891 ; 15.891 ; 15.891 ; 15.891 ;
; Instr[16]  ; ALUresu[27]   ; 16.031 ; 16.031 ; 16.031 ; 16.031 ;
; Instr[16]  ; ALUresu[28]   ; 15.999 ; 15.999 ; 15.999 ; 15.999 ;
; Instr[16]  ; ALUresu[29]   ; 16.400 ; 16.400 ; 16.400 ; 16.400 ;
; Instr[16]  ; ALUresu[30]   ; 16.385 ; 16.385 ; 16.385 ; 16.385 ;
; Instr[16]  ; ALUresu[31]   ; 17.071 ; 17.071 ; 17.071 ; 17.071 ;
; Instr[16]  ; Reg2[0]       ; 8.365  ; 8.365  ; 8.365  ; 8.365  ;
; Instr[16]  ; Reg2[1]       ; 8.604  ; 8.604  ; 8.604  ; 8.604  ;
; Instr[16]  ; Reg2[2]       ; 9.093  ; 8.936  ; 8.936  ; 9.093  ;
; Instr[16]  ; Reg2[3]       ; 9.573  ; 9.350  ; 9.350  ; 9.573  ;
; Instr[16]  ; Reg2[4]       ; 9.902  ; 10.088 ; 10.088 ; 9.902  ;
; Instr[16]  ; Reg2[5]       ; 10.152 ; 9.653  ; 9.653  ; 10.152 ;
; Instr[16]  ; Reg2[6]       ; 10.211 ; 10.582 ; 10.582 ; 10.211 ;
; Instr[16]  ; Reg2[7]       ; 9.254  ; 10.242 ; 10.242 ; 9.254  ;
; Instr[16]  ; Reg2[8]       ; 9.530  ; 10.391 ; 10.391 ; 9.530  ;
; Instr[16]  ; Reg2[9]       ; 9.790  ; 10.432 ; 10.432 ; 9.790  ;
; Instr[16]  ; Reg2[10]      ; 9.512  ; 10.431 ; 10.431 ; 9.512  ;
; Instr[16]  ; Reg2[11]      ; 9.006  ; 9.206  ; 9.206  ; 9.006  ;
; Instr[16]  ; Reg2[12]      ; 9.363  ; 9.567  ; 9.567  ; 9.363  ;
; Instr[16]  ; Reg2[13]      ; 9.813  ; 9.677  ; 9.677  ; 9.813  ;
; Instr[16]  ; Reg2[14]      ; 9.675  ; 9.571  ; 9.571  ; 9.675  ;
; Instr[16]  ; Reg2[15]      ; 9.551  ; 9.282  ; 9.282  ; 9.551  ;
; Instr[16]  ; Reg2[16]      ; 9.623  ; 9.735  ; 9.735  ; 9.623  ;
; Instr[16]  ; Reg2[17]      ; 9.797  ; 9.525  ; 9.525  ; 9.797  ;
; Instr[16]  ; Reg2[18]      ; 10.122 ; 9.366  ; 9.366  ; 10.122 ;
; Instr[16]  ; Reg2[19]      ; 10.072 ; 9.706  ; 9.706  ; 10.072 ;
; Instr[16]  ; Reg2[20]      ; 10.600 ; 10.348 ; 10.348 ; 10.600 ;
; Instr[16]  ; Reg2[21]      ; 10.092 ; 9.831  ; 9.831  ; 10.092 ;
; Instr[16]  ; Reg2[22]      ; 9.810  ; 9.907  ; 9.907  ; 9.810  ;
; Instr[16]  ; Reg2[23]      ; 9.936  ; 9.441  ; 9.441  ; 9.936  ;
; Instr[16]  ; Reg2[24]      ; 10.343 ; 10.111 ; 10.111 ; 10.343 ;
; Instr[16]  ; Reg2[25]      ; 10.174 ; 10.103 ; 10.103 ; 10.174 ;
; Instr[16]  ; Reg2[26]      ; 10.067 ; 9.844  ; 9.844  ; 10.067 ;
; Instr[16]  ; Reg2[27]      ; 10.399 ; 9.960  ; 9.960  ; 10.399 ;
; Instr[16]  ; Reg2[28]      ; 10.087 ; 9.723  ; 9.723  ; 10.087 ;
; Instr[16]  ; Reg2[29]      ; 10.089 ; 9.793  ; 9.793  ; 10.089 ;
; Instr[16]  ; Reg2[30]      ; 9.884  ; 10.221 ; 10.221 ; 9.884  ;
; Instr[16]  ; Reg2[31]      ; 10.260 ; 10.325 ; 10.325 ; 10.260 ;
; Instr[17]  ; ALUresu[0]    ; 13.131 ; 12.675 ; 12.675 ; 13.131 ;
; Instr[17]  ; ALUresu[1]    ; 9.496  ; 9.496  ; 9.496  ; 9.496  ;
; Instr[17]  ; ALUresu[2]    ; 10.550 ; 10.550 ; 10.550 ; 10.550 ;
; Instr[17]  ; ALUresu[3]    ; 11.153 ; 11.153 ; 11.153 ; 11.153 ;
; Instr[17]  ; ALUresu[4]    ; 11.083 ; 11.083 ; 11.083 ; 11.083 ;
; Instr[17]  ; ALUresu[5]    ; 10.851 ; 10.851 ; 10.851 ; 10.851 ;
; Instr[17]  ; ALUresu[6]    ; 11.691 ; 11.691 ; 11.691 ; 11.691 ;
; Instr[17]  ; ALUresu[7]    ; 12.067 ; 12.067 ; 12.067 ; 12.067 ;
; Instr[17]  ; ALUresu[8]    ; 12.223 ; 12.223 ; 12.223 ; 12.223 ;
; Instr[17]  ; ALUresu[9]    ; 12.458 ; 12.458 ; 12.458 ; 12.458 ;
; Instr[17]  ; ALUresu[10]   ; 12.685 ; 12.685 ; 12.685 ; 12.685 ;
; Instr[17]  ; ALUresu[11]   ; 12.375 ; 12.375 ; 12.375 ; 12.375 ;
; Instr[17]  ; ALUresu[12]   ; 13.065 ; 13.065 ; 13.065 ; 13.065 ;
; Instr[17]  ; ALUresu[13]   ; 12.743 ; 12.743 ; 12.743 ; 12.743 ;
; Instr[17]  ; ALUresu[14]   ; 12.916 ; 12.916 ; 12.916 ; 12.916 ;
; Instr[17]  ; ALUresu[15]   ; 13.206 ; 13.206 ; 13.206 ; 13.206 ;
; Instr[17]  ; ALUresu[16]   ; 14.162 ; 14.162 ; 14.162 ; 14.162 ;
; Instr[17]  ; ALUresu[17]   ; 13.742 ; 13.742 ; 13.742 ; 13.742 ;
; Instr[17]  ; ALUresu[18]   ; 14.078 ; 14.078 ; 14.078 ; 14.078 ;
; Instr[17]  ; ALUresu[19]   ; 13.956 ; 13.956 ; 13.956 ; 13.956 ;
; Instr[17]  ; ALUresu[20]   ; 14.048 ; 14.048 ; 14.048 ; 14.048 ;
; Instr[17]  ; ALUresu[21]   ; 14.299 ; 14.299 ; 14.299 ; 14.299 ;
; Instr[17]  ; ALUresu[22]   ; 14.572 ; 14.572 ; 14.572 ; 14.572 ;
; Instr[17]  ; ALUresu[23]   ; 15.274 ; 15.274 ; 15.274 ; 15.274 ;
; Instr[17]  ; ALUresu[24]   ; 15.525 ; 15.525 ; 15.525 ; 15.525 ;
; Instr[17]  ; ALUresu[25]   ; 15.262 ; 15.262 ; 15.262 ; 15.262 ;
; Instr[17]  ; ALUresu[26]   ; 15.209 ; 15.209 ; 15.209 ; 15.209 ;
; Instr[17]  ; ALUresu[27]   ; 15.349 ; 15.349 ; 15.349 ; 15.349 ;
; Instr[17]  ; ALUresu[28]   ; 15.317 ; 15.317 ; 15.317 ; 15.317 ;
; Instr[17]  ; ALUresu[29]   ; 15.718 ; 15.718 ; 15.718 ; 15.718 ;
; Instr[17]  ; ALUresu[30]   ; 15.703 ; 15.703 ; 15.703 ; 15.703 ;
; Instr[17]  ; ALUresu[31]   ; 16.389 ; 16.389 ; 16.389 ; 16.389 ;
; Instr[17]  ; Reg2[0]       ; 7.951  ; 7.951  ; 7.951  ; 7.951  ;
; Instr[17]  ; Reg2[1]       ; 7.871  ; 7.871  ; 7.871  ; 7.871  ;
; Instr[17]  ; Reg2[2]       ; 8.919  ; 8.898  ; 8.898  ; 8.919  ;
; Instr[17]  ; Reg2[3]       ; 9.261  ; 8.813  ; 8.813  ; 9.261  ;
; Instr[17]  ; Reg2[4]       ; 9.406  ; 9.653  ; 9.653  ; 9.406  ;
; Instr[17]  ; Reg2[5]       ; 9.840  ; 9.430  ; 9.430  ; 9.840  ;
; Instr[17]  ; Reg2[6]       ; 9.900  ; 9.065  ; 9.065  ; 9.900  ;
; Instr[17]  ; Reg2[7]       ; 9.560  ; 9.129  ; 9.129  ; 9.560  ;
; Instr[17]  ; Reg2[8]       ; 9.709  ; 9.150  ; 9.150  ; 9.709  ;
; Instr[17]  ; Reg2[9]       ; 9.750  ; 9.076  ; 9.076  ; 9.750  ;
; Instr[17]  ; Reg2[10]      ; 9.749  ; 9.352  ; 9.352  ; 9.749  ;
; Instr[17]  ; Reg2[11]      ; 8.541  ; 8.861  ; 8.861  ; 8.541  ;
; Instr[17]  ; Reg2[12]      ; 8.951  ; 8.919  ; 8.919  ; 8.951  ;
; Instr[17]  ; Reg2[13]      ; 9.615  ; 9.267  ; 9.267  ; 9.615  ;
; Instr[17]  ; Reg2[14]      ; 9.378  ; 9.280  ; 9.280  ; 9.378  ;
; Instr[17]  ; Reg2[15]      ; 9.151  ; 9.242  ; 9.242  ; 9.151  ;
; Instr[17]  ; Reg2[16]      ; 9.557  ; 9.130  ; 9.130  ; 9.557  ;
; Instr[17]  ; Reg2[17]      ; 9.310  ; 9.541  ; 9.541  ; 9.310  ;
; Instr[17]  ; Reg2[18]      ; 9.810  ; 9.553  ; 9.553  ; 9.810  ;
; Instr[17]  ; Reg2[19]      ; 9.760  ; 9.651  ; 9.651  ; 9.760  ;
; Instr[17]  ; Reg2[20]      ; 10.288 ; 9.886  ; 9.886  ; 10.288 ;
; Instr[17]  ; Reg2[21]      ; 9.780  ; 9.407  ; 9.407  ; 9.780  ;
; Instr[17]  ; Reg2[22]      ; 9.225  ; 9.561  ; 9.561  ; 9.225  ;
; Instr[17]  ; Reg2[23]      ; 9.624  ; 9.161  ; 9.161  ; 9.624  ;
; Instr[17]  ; Reg2[24]      ; 10.031 ; 9.784  ; 9.784  ; 10.031 ;
; Instr[17]  ; Reg2[25]      ; 9.862  ; 8.845  ; 8.845  ; 9.862  ;
; Instr[17]  ; Reg2[26]      ; 9.755  ; 9.262  ; 9.262  ; 9.755  ;
; Instr[17]  ; Reg2[27]      ; 10.087 ; 9.651  ; 9.651  ; 10.087 ;
; Instr[17]  ; Reg2[28]      ; 9.775  ; 9.419  ; 9.419  ; 9.775  ;
; Instr[17]  ; Reg2[29]      ; 9.777  ; 9.499  ; 9.499  ; 9.777  ;
; Instr[17]  ; Reg2[30]      ; 9.611  ; 9.618  ; 9.618  ; 9.611  ;
; Instr[17]  ; Reg2[31]      ; 9.948  ; 9.762  ; 9.762  ; 9.948  ;
; Instr[18]  ; ALUresu[0]    ; 12.825 ; 13.419 ; 13.419 ; 12.825 ;
; Instr[18]  ; ALUresu[1]    ; 9.656  ; 9.656  ; 9.656  ; 9.656  ;
; Instr[18]  ; ALUresu[2]    ; 10.724 ; 10.724 ; 10.724 ; 10.724 ;
; Instr[18]  ; ALUresu[3]    ; 11.080 ; 11.080 ; 11.080 ; 11.080 ;
; Instr[18]  ; ALUresu[4]    ; 11.362 ; 11.362 ; 11.362 ; 11.362 ;
; Instr[18]  ; ALUresu[5]    ; 11.025 ; 11.025 ; 11.025 ; 11.025 ;
; Instr[18]  ; ALUresu[6]    ; 11.979 ; 11.979 ; 11.979 ; 11.979 ;
; Instr[18]  ; ALUresu[7]    ; 12.355 ; 12.355 ; 12.355 ; 12.355 ;
; Instr[18]  ; ALUresu[8]    ; 12.511 ; 12.511 ; 12.511 ; 12.511 ;
; Instr[18]  ; ALUresu[9]    ; 12.746 ; 12.746 ; 12.746 ; 12.746 ;
; Instr[18]  ; ALUresu[10]   ; 12.973 ; 12.973 ; 12.973 ; 12.973 ;
; Instr[18]  ; ALUresu[11]   ; 12.663 ; 12.663 ; 12.663 ; 12.663 ;
; Instr[18]  ; ALUresu[12]   ; 13.353 ; 13.353 ; 13.353 ; 13.353 ;
; Instr[18]  ; ALUresu[13]   ; 13.031 ; 13.031 ; 13.031 ; 13.031 ;
; Instr[18]  ; ALUresu[14]   ; 13.204 ; 13.204 ; 13.204 ; 13.204 ;
; Instr[18]  ; ALUresu[15]   ; 13.494 ; 13.494 ; 13.494 ; 13.494 ;
; Instr[18]  ; ALUresu[16]   ; 14.450 ; 14.450 ; 14.450 ; 14.450 ;
; Instr[18]  ; ALUresu[17]   ; 14.030 ; 14.030 ; 14.030 ; 14.030 ;
; Instr[18]  ; ALUresu[18]   ; 14.366 ; 14.366 ; 14.366 ; 14.366 ;
; Instr[18]  ; ALUresu[19]   ; 14.244 ; 14.244 ; 14.244 ; 14.244 ;
; Instr[18]  ; ALUresu[20]   ; 14.336 ; 14.336 ; 14.336 ; 14.336 ;
; Instr[18]  ; ALUresu[21]   ; 14.587 ; 14.587 ; 14.587 ; 14.587 ;
; Instr[18]  ; ALUresu[22]   ; 14.860 ; 14.860 ; 14.860 ; 14.860 ;
; Instr[18]  ; ALUresu[23]   ; 15.562 ; 15.562 ; 15.562 ; 15.562 ;
; Instr[18]  ; ALUresu[24]   ; 15.813 ; 15.813 ; 15.813 ; 15.813 ;
; Instr[18]  ; ALUresu[25]   ; 15.550 ; 15.550 ; 15.550 ; 15.550 ;
; Instr[18]  ; ALUresu[26]   ; 15.497 ; 15.497 ; 15.497 ; 15.497 ;
; Instr[18]  ; ALUresu[27]   ; 15.637 ; 15.637 ; 15.637 ; 15.637 ;
; Instr[18]  ; ALUresu[28]   ; 15.605 ; 15.605 ; 15.605 ; 15.605 ;
; Instr[18]  ; ALUresu[29]   ; 16.006 ; 16.006 ; 16.006 ; 16.006 ;
; Instr[18]  ; ALUresu[30]   ; 15.991 ; 15.991 ; 15.991 ; 15.991 ;
; Instr[18]  ; ALUresu[31]   ; 16.677 ; 16.677 ; 16.677 ; 16.677 ;
; Instr[18]  ; Reg2[0]       ; 7.847  ; 7.847  ; 7.847  ; 7.847  ;
; Instr[18]  ; Reg2[1]       ; 8.031  ; 8.031  ; 8.031  ; 8.031  ;
; Instr[18]  ; Reg2[2]       ; 9.093  ; 8.641  ; 8.641  ; 9.093  ;
; Instr[18]  ; Reg2[3]       ; 8.875  ; 9.023  ; 9.023  ; 8.875  ;
; Instr[18]  ; Reg2[4]       ; 9.694  ; 9.947  ; 9.947  ; 9.694  ;
; Instr[18]  ; Reg2[5]       ; 9.259  ; 9.602  ; 9.602  ; 9.259  ;
; Instr[18]  ; Reg2[6]       ; 9.494  ; 10.188 ; 10.188 ; 9.494  ;
; Instr[18]  ; Reg2[7]       ; 9.434  ; 9.848  ; 9.848  ; 9.434  ;
; Instr[18]  ; Reg2[8]       ; 9.406  ; 9.997  ; 9.997  ; 9.406  ;
; Instr[18]  ; Reg2[9]       ; 9.665  ; 10.038 ; 10.038 ; 9.665  ;
; Instr[18]  ; Reg2[10]      ; 9.244  ; 10.037 ; 10.037 ; 9.244  ;
; Instr[18]  ; Reg2[11]      ; 8.753  ; 9.051  ; 9.051  ; 8.753  ;
; Instr[18]  ; Reg2[12]      ; 9.006  ; 9.213  ; 9.213  ; 9.006  ;
; Instr[18]  ; Reg2[13]      ; 9.556  ; 9.517  ; 9.517  ; 9.556  ;
; Instr[18]  ; Reg2[14]      ; 9.318  ; 9.290  ; 9.290  ; 9.318  ;
; Instr[18]  ; Reg2[15]      ; 9.056  ; 9.053  ; 9.053  ; 9.056  ;
; Instr[18]  ; Reg2[16]      ; 9.289  ; 9.254  ; 9.254  ; 9.289  ;
; Instr[18]  ; Reg2[17]      ; 9.433  ; 9.258  ; 9.258  ; 9.433  ;
; Instr[18]  ; Reg2[18]      ; 9.176  ; 9.847  ; 9.847  ; 9.176  ;
; Instr[18]  ; Reg2[19]      ; 9.465  ; 9.522  ; 9.522  ; 9.465  ;
; Instr[18]  ; Reg2[20]      ; 9.954  ; 10.180 ; 10.180 ; 9.954  ;
; Instr[18]  ; Reg2[21]      ; 9.437  ; 9.701  ; 9.701  ; 9.437  ;
; Instr[18]  ; Reg2[22]      ; 9.513  ; 9.855  ; 9.855  ; 9.513  ;
; Instr[18]  ; Reg2[23]      ; 8.959  ; 9.453  ; 9.453  ; 8.959  ;
; Instr[18]  ; Reg2[24]      ; 9.717  ; 10.078 ; 10.078 ; 9.717  ;
; Instr[18]  ; Reg2[25]      ; 9.709  ; 9.624  ; 9.624  ; 9.709  ;
; Instr[18]  ; Reg2[26]      ; 9.450  ; 9.556  ; 9.556  ; 9.450  ;
; Instr[18]  ; Reg2[27]      ; 9.566  ; 9.849  ; 9.849  ; 9.566  ;
; Instr[18]  ; Reg2[28]      ; 9.329  ; 9.544  ; 9.544  ; 9.329  ;
; Instr[18]  ; Reg2[29]      ; 9.420  ; 9.539  ; 9.539  ; 9.420  ;
; Instr[18]  ; Reg2[30]      ; 9.672  ; 9.827  ; 9.827  ; 9.672  ;
; Instr[18]  ; Reg2[31]      ; 9.703  ; 9.931  ; 9.931  ; 9.703  ;
; Instr[19]  ; ALUresu[0]    ; 14.232 ; 14.453 ; 14.453 ; 14.232 ;
; Instr[19]  ; ALUresu[1]    ; 10.006 ; 10.006 ; 10.006 ; 10.006 ;
; Instr[19]  ; ALUresu[2]    ; 11.996 ; 11.996 ; 11.996 ; 11.996 ;
; Instr[19]  ; ALUresu[3]    ; 12.616 ; 12.616 ; 12.616 ; 12.616 ;
; Instr[19]  ; ALUresu[4]    ; 12.520 ; 12.520 ; 12.520 ; 12.520 ;
; Instr[19]  ; ALUresu[5]    ; 12.027 ; 12.027 ; 12.027 ; 12.027 ;
; Instr[19]  ; ALUresu[6]    ; 13.013 ; 13.013 ; 13.013 ; 13.013 ;
; Instr[19]  ; ALUresu[7]    ; 13.389 ; 13.389 ; 13.389 ; 13.389 ;
; Instr[19]  ; ALUresu[8]    ; 13.545 ; 13.545 ; 13.545 ; 13.545 ;
; Instr[19]  ; ALUresu[9]    ; 13.780 ; 13.780 ; 13.780 ; 13.780 ;
; Instr[19]  ; ALUresu[10]   ; 14.007 ; 14.007 ; 14.007 ; 14.007 ;
; Instr[19]  ; ALUresu[11]   ; 13.697 ; 13.697 ; 13.697 ; 13.697 ;
; Instr[19]  ; ALUresu[12]   ; 14.387 ; 14.387 ; 14.387 ; 14.387 ;
; Instr[19]  ; ALUresu[13]   ; 14.065 ; 14.065 ; 14.065 ; 14.065 ;
; Instr[19]  ; ALUresu[14]   ; 14.238 ; 14.238 ; 14.238 ; 14.238 ;
; Instr[19]  ; ALUresu[15]   ; 14.528 ; 14.528 ; 14.528 ; 14.528 ;
; Instr[19]  ; ALUresu[16]   ; 15.484 ; 15.484 ; 15.484 ; 15.484 ;
; Instr[19]  ; ALUresu[17]   ; 15.064 ; 15.064 ; 15.064 ; 15.064 ;
; Instr[19]  ; ALUresu[18]   ; 15.400 ; 15.400 ; 15.400 ; 15.400 ;
; Instr[19]  ; ALUresu[19]   ; 15.278 ; 15.278 ; 15.278 ; 15.278 ;
; Instr[19]  ; ALUresu[20]   ; 15.370 ; 15.370 ; 15.370 ; 15.370 ;
; Instr[19]  ; ALUresu[21]   ; 15.621 ; 15.621 ; 15.621 ; 15.621 ;
; Instr[19]  ; ALUresu[22]   ; 15.894 ; 15.894 ; 15.894 ; 15.894 ;
; Instr[19]  ; ALUresu[23]   ; 16.596 ; 16.596 ; 16.596 ; 16.596 ;
; Instr[19]  ; ALUresu[24]   ; 16.847 ; 16.847 ; 16.847 ; 16.847 ;
; Instr[19]  ; ALUresu[25]   ; 16.584 ; 16.584 ; 16.584 ; 16.584 ;
; Instr[19]  ; ALUresu[26]   ; 16.531 ; 16.531 ; 16.531 ; 16.531 ;
; Instr[19]  ; ALUresu[27]   ; 16.671 ; 16.671 ; 16.671 ; 16.671 ;
; Instr[19]  ; ALUresu[28]   ; 16.639 ; 16.639 ; 16.639 ; 16.639 ;
; Instr[19]  ; ALUresu[29]   ; 17.040 ; 17.040 ; 17.040 ; 17.040 ;
; Instr[19]  ; ALUresu[30]   ; 17.025 ; 17.025 ; 17.025 ; 17.025 ;
; Instr[19]  ; ALUresu[31]   ; 17.711 ; 17.711 ; 17.711 ; 17.711 ;
; Instr[19]  ; Reg2[0]       ; 8.545  ; 8.097  ; 8.097  ; 8.545  ;
; Instr[19]  ; Reg2[1]       ; 8.272  ; 8.083  ; 8.083  ; 8.272  ;
; Instr[19]  ; Reg2[2]       ; 10.365 ; 9.941  ; 9.941  ; 10.365 ;
; Instr[19]  ; Reg2[3]       ; 10.724 ; 10.219 ; 10.219 ; 10.724 ;
; Instr[19]  ; Reg2[4]       ; 11.105 ; 10.727 ; 10.727 ; 11.105 ;
; Instr[19]  ; Reg2[5]       ; 10.854 ; 10.292 ; 10.292 ; 10.854 ;
; Instr[19]  ; Reg2[6]       ; 10.533 ; 11.222 ; 11.222 ; 10.533 ;
; Instr[19]  ; Reg2[7]       ; 10.652 ; 10.882 ; 10.882 ; 10.652 ;
; Instr[19]  ; Reg2[8]       ; 10.928 ; 11.031 ; 11.031 ; 10.928 ;
; Instr[19]  ; Reg2[9]       ; 10.660 ; 11.072 ; 11.072 ; 10.660 ;
; Instr[19]  ; Reg2[10]      ; 10.823 ; 11.071 ; 11.071 ; 10.823 ;
; Instr[19]  ; Reg2[11]      ; 10.181 ; 9.948  ; 9.948  ; 10.181 ;
; Instr[19]  ; Reg2[12]      ; 10.563 ; 10.207 ; 10.207 ; 10.563 ;
; Instr[19]  ; Reg2[13]      ; 11.405 ; 10.631 ; 10.631 ; 11.405 ;
; Instr[19]  ; Reg2[14]      ; 10.983 ; 10.493 ; 10.493 ; 10.983 ;
; Instr[19]  ; Reg2[15]      ; 10.855 ; 10.453 ; 10.453 ; 10.855 ;
; Instr[19]  ; Reg2[16]      ; 10.858 ; 10.637 ; 10.637 ; 10.858 ;
; Instr[19]  ; Reg2[17]      ; 11.022 ; 10.811 ; 10.811 ; 11.022 ;
; Instr[19]  ; Reg2[18]      ; 10.885 ; 10.143 ; 10.143 ; 10.885 ;
; Instr[19]  ; Reg2[19]      ; 11.264 ; 10.801 ; 10.801 ; 11.264 ;
; Instr[19]  ; Reg2[20]      ; 11.068 ; 10.987 ; 10.987 ; 11.068 ;
; Instr[19]  ; Reg2[21]      ; 10.933 ; 10.470 ; 10.470 ; 10.933 ;
; Instr[19]  ; Reg2[22]      ; 10.846 ; 10.546 ; 10.546 ; 10.846 ;
; Instr[19]  ; Reg2[23]      ; 10.709 ; 9.981  ; 9.981  ; 10.709 ;
; Instr[19]  ; Reg2[24]      ; 11.289 ; 10.750 ; 10.750 ; 11.289 ;
; Instr[19]  ; Reg2[25]      ; 10.991 ; 10.742 ; 10.742 ; 10.991 ;
; Instr[19]  ; Reg2[26]      ; 10.872 ; 10.483 ; 10.483 ; 10.872 ;
; Instr[19]  ; Reg2[27]      ; 11.320 ; 10.599 ; 10.599 ; 11.320 ;
; Instr[19]  ; Reg2[28]      ; 11.046 ; 10.511 ; 10.511 ; 11.046 ;
; Instr[19]  ; Reg2[29]      ; 11.269 ; 10.432 ; 10.432 ; 11.269 ;
; Instr[19]  ; Reg2[30]      ; 11.517 ; 10.861 ; 10.861 ; 11.517 ;
; Instr[19]  ; Reg2[31]      ; 11.392 ; 10.965 ; 10.965 ; 11.392 ;
; Instr[20]  ; ALUresu[0]    ; 14.226 ; 13.781 ; 13.781 ; 14.226 ;
; Instr[20]  ; ALUresu[1]    ; 9.785  ; 9.785  ; 9.785  ; 9.785  ;
; Instr[20]  ; ALUresu[2]    ; 11.775 ; 11.775 ; 11.775 ; 11.775 ;
; Instr[20]  ; ALUresu[3]    ; 12.395 ; 12.395 ; 12.395 ; 12.395 ;
; Instr[20]  ; ALUresu[4]    ; 12.299 ; 12.299 ; 12.299 ; 12.299 ;
; Instr[20]  ; ALUresu[5]    ; 11.874 ; 11.874 ; 11.874 ; 11.874 ;
; Instr[20]  ; ALUresu[6]    ; 12.786 ; 12.786 ; 12.786 ; 12.786 ;
; Instr[20]  ; ALUresu[7]    ; 13.162 ; 13.162 ; 13.162 ; 13.162 ;
; Instr[20]  ; ALUresu[8]    ; 13.318 ; 13.318 ; 13.318 ; 13.318 ;
; Instr[20]  ; ALUresu[9]    ; 13.553 ; 13.553 ; 13.553 ; 13.553 ;
; Instr[20]  ; ALUresu[10]   ; 13.780 ; 13.780 ; 13.780 ; 13.780 ;
; Instr[20]  ; ALUresu[11]   ; 13.470 ; 13.470 ; 13.470 ; 13.470 ;
; Instr[20]  ; ALUresu[12]   ; 14.160 ; 14.160 ; 14.160 ; 14.160 ;
; Instr[20]  ; ALUresu[13]   ; 13.838 ; 13.838 ; 13.838 ; 13.838 ;
; Instr[20]  ; ALUresu[14]   ; 14.011 ; 14.011 ; 14.011 ; 14.011 ;
; Instr[20]  ; ALUresu[15]   ; 14.301 ; 14.301 ; 14.301 ; 14.301 ;
; Instr[20]  ; ALUresu[16]   ; 15.257 ; 15.257 ; 15.257 ; 15.257 ;
; Instr[20]  ; ALUresu[17]   ; 14.837 ; 14.837 ; 14.837 ; 14.837 ;
; Instr[20]  ; ALUresu[18]   ; 15.173 ; 15.173 ; 15.173 ; 15.173 ;
; Instr[20]  ; ALUresu[19]   ; 15.051 ; 15.051 ; 15.051 ; 15.051 ;
; Instr[20]  ; ALUresu[20]   ; 15.143 ; 15.143 ; 15.143 ; 15.143 ;
; Instr[20]  ; ALUresu[21]   ; 15.394 ; 15.394 ; 15.394 ; 15.394 ;
; Instr[20]  ; ALUresu[22]   ; 15.667 ; 15.667 ; 15.667 ; 15.667 ;
; Instr[20]  ; ALUresu[23]   ; 16.369 ; 16.369 ; 16.369 ; 16.369 ;
; Instr[20]  ; ALUresu[24]   ; 16.620 ; 16.620 ; 16.620 ; 16.620 ;
; Instr[20]  ; ALUresu[25]   ; 16.357 ; 16.357 ; 16.357 ; 16.357 ;
; Instr[20]  ; ALUresu[26]   ; 16.304 ; 16.304 ; 16.304 ; 16.304 ;
; Instr[20]  ; ALUresu[27]   ; 16.444 ; 16.444 ; 16.444 ; 16.444 ;
; Instr[20]  ; ALUresu[28]   ; 16.412 ; 16.412 ; 16.412 ; 16.412 ;
; Instr[20]  ; ALUresu[29]   ; 16.813 ; 16.813 ; 16.813 ; 16.813 ;
; Instr[20]  ; ALUresu[30]   ; 16.798 ; 16.798 ; 16.798 ; 16.798 ;
; Instr[20]  ; ALUresu[31]   ; 17.484 ; 17.484 ; 17.484 ; 17.484 ;
; Instr[20]  ; Reg2[0]       ; 8.324  ; 7.689  ; 7.689  ; 8.324  ;
; Instr[20]  ; Reg2[1]       ; 7.856  ; 8.119  ; 8.119  ; 7.856  ;
; Instr[20]  ; Reg2[2]       ; 10.144 ; 9.809  ; 9.809  ; 10.144 ;
; Instr[20]  ; Reg2[3]       ; 10.503 ; 10.273 ; 10.273 ; 10.503 ;
; Instr[20]  ; Reg2[4]       ; 10.884 ; 10.459 ; 10.459 ; 10.884 ;
; Instr[20]  ; Reg2[5]       ; 10.633 ; 10.321 ; 10.321 ; 10.633 ;
; Instr[20]  ; Reg2[6]       ; 10.995 ; 10.380 ; 10.380 ; 10.995 ;
; Instr[20]  ; Reg2[7]       ; 10.655 ; 10.150 ; 10.150 ; 10.655 ;
; Instr[20]  ; Reg2[8]       ; 10.804 ; 10.194 ; 10.194 ; 10.804 ;
; Instr[20]  ; Reg2[9]       ; 10.845 ; 10.381 ; 10.381 ; 10.845 ;
; Instr[20]  ; Reg2[10]      ; 10.844 ; 10.670 ; 10.670 ; 10.844 ;
; Instr[20]  ; Reg2[11]      ; 9.960  ; 10.000 ; 10.000 ; 9.960  ;
; Instr[20]  ; Reg2[12]      ; 10.287 ; 10.410 ; 10.410 ; 10.287 ;
; Instr[20]  ; Reg2[13]      ; 11.184 ; 10.967 ; 10.967 ; 11.184 ;
; Instr[20]  ; Reg2[14]      ; 10.762 ; 10.735 ; 10.735 ; 10.762 ;
; Instr[20]  ; Reg2[15]      ; 10.478 ; 10.702 ; 10.702 ; 10.478 ;
; Instr[20]  ; Reg2[16]      ; 10.637 ; 10.402 ; 10.402 ; 10.637 ;
; Instr[20]  ; Reg2[17]      ; 10.801 ; 10.769 ; 10.769 ; 10.801 ;
; Instr[20]  ; Reg2[18]      ; 10.664 ; 10.359 ; 10.359 ; 10.664 ;
; Instr[20]  ; Reg2[19]      ; 10.873 ; 11.111 ; 11.111 ; 10.873 ;
; Instr[20]  ; Reg2[20]      ; 10.760 ; 10.915 ; 10.915 ; 10.760 ;
; Instr[20]  ; Reg2[21]      ; 10.712 ; 10.407 ; 10.407 ; 10.712 ;
; Instr[20]  ; Reg2[22]      ; 10.625 ; 10.367 ; 10.367 ; 10.625 ;
; Instr[20]  ; Reg2[23]      ; 10.488 ; 10.242 ; 10.242 ; 10.488 ;
; Instr[20]  ; Reg2[24]      ; 11.068 ; 10.644 ; 10.644 ; 11.068 ;
; Instr[20]  ; Reg2[25]      ; 10.770 ; 10.479 ; 10.479 ; 10.770 ;
; Instr[20]  ; Reg2[26]      ; 10.651 ; 10.512 ; 10.512 ; 10.651 ;
; Instr[20]  ; Reg2[27]      ; 11.099 ; 10.851 ; 10.851 ; 11.099 ;
; Instr[20]  ; Reg2[28]      ; 10.825 ; 10.360 ; 10.360 ; 10.825 ;
; Instr[20]  ; Reg2[29]      ; 11.048 ; 10.959 ; 10.959 ; 11.048 ;
; Instr[20]  ; Reg2[30]      ; 11.296 ; 11.078 ; 11.078 ; 11.296 ;
; Instr[20]  ; Reg2[31]      ; 11.171 ; 10.900 ; 10.900 ; 11.171 ;
; Instr[21]  ; ALUresu[0]    ; 12.780 ; 12.746 ; 12.746 ; 12.780 ;
; Instr[21]  ; ALUresu[1]    ; 10.292 ; 10.292 ; 10.292 ; 10.292 ;
; Instr[21]  ; ALUresu[2]    ; 10.712 ; 10.712 ; 10.712 ; 10.712 ;
; Instr[21]  ; ALUresu[3]    ; 10.889 ; 10.889 ; 10.889 ; 10.889 ;
; Instr[21]  ; ALUresu[4]    ; 11.066 ; 11.066 ; 11.066 ; 11.066 ;
; Instr[21]  ; ALUresu[5]    ; 10.834 ; 10.834 ; 10.834 ; 10.834 ;
; Instr[21]  ; ALUresu[6]    ; 11.323 ; 11.323 ; 11.323 ; 11.323 ;
; Instr[21]  ; ALUresu[7]    ; 11.755 ; 11.755 ; 11.755 ; 11.755 ;
; Instr[21]  ; ALUresu[8]    ; 11.911 ; 11.911 ; 11.911 ; 11.911 ;
; Instr[21]  ; ALUresu[9]    ; 12.146 ; 12.146 ; 12.146 ; 12.146 ;
; Instr[21]  ; ALUresu[10]   ; 12.373 ; 12.373 ; 12.373 ; 12.373 ;
; Instr[21]  ; ALUresu[11]   ; 12.063 ; 12.063 ; 12.063 ; 12.063 ;
; Instr[21]  ; ALUresu[12]   ; 12.753 ; 12.753 ; 12.753 ; 12.753 ;
; Instr[21]  ; ALUresu[13]   ; 12.431 ; 12.431 ; 12.431 ; 12.431 ;
; Instr[21]  ; ALUresu[14]   ; 12.604 ; 12.604 ; 12.604 ; 12.604 ;
; Instr[21]  ; ALUresu[15]   ; 12.894 ; 12.894 ; 12.894 ; 12.894 ;
; Instr[21]  ; ALUresu[16]   ; 13.850 ; 13.850 ; 13.850 ; 13.850 ;
; Instr[21]  ; ALUresu[17]   ; 13.430 ; 13.430 ; 13.430 ; 13.430 ;
; Instr[21]  ; ALUresu[18]   ; 13.766 ; 13.766 ; 13.766 ; 13.766 ;
; Instr[21]  ; ALUresu[19]   ; 13.644 ; 13.644 ; 13.644 ; 13.644 ;
; Instr[21]  ; ALUresu[20]   ; 13.736 ; 13.736 ; 13.736 ; 13.736 ;
; Instr[21]  ; ALUresu[21]   ; 13.987 ; 13.987 ; 13.987 ; 13.987 ;
; Instr[21]  ; ALUresu[22]   ; 14.260 ; 14.260 ; 14.260 ; 14.260 ;
; Instr[21]  ; ALUresu[23]   ; 14.962 ; 14.962 ; 14.962 ; 14.962 ;
; Instr[21]  ; ALUresu[24]   ; 15.213 ; 15.213 ; 15.213 ; 15.213 ;
; Instr[21]  ; ALUresu[25]   ; 14.950 ; 14.950 ; 14.950 ; 14.950 ;
; Instr[21]  ; ALUresu[26]   ; 14.897 ; 14.897 ; 14.897 ; 14.897 ;
; Instr[21]  ; ALUresu[27]   ; 15.037 ; 15.037 ; 15.037 ; 15.037 ;
; Instr[21]  ; ALUresu[28]   ; 15.005 ; 15.005 ; 15.005 ; 15.005 ;
; Instr[21]  ; ALUresu[29]   ; 15.406 ; 15.406 ; 15.406 ; 15.406 ;
; Instr[21]  ; ALUresu[30]   ; 15.391 ; 15.391 ; 15.391 ; 15.391 ;
; Instr[21]  ; ALUresu[31]   ; 16.077 ; 16.077 ; 16.077 ; 16.077 ;
; Instr[21]  ; Reg1[0]       ; 7.889  ; 7.889  ; 7.889  ; 7.889  ;
; Instr[21]  ; Reg1[1]       ; 8.893  ; 8.893  ; 8.893  ; 8.893  ;
; Instr[21]  ; Reg1[2]       ; 8.355  ; 9.081  ; 9.081  ; 8.355  ;
; Instr[21]  ; Reg1[3]       ; 8.886  ; 9.122  ; 9.122  ; 8.886  ;
; Instr[21]  ; Reg1[4]       ; 9.449  ; 9.504  ; 9.504  ; 9.449  ;
; Instr[21]  ; Reg1[5]       ; 9.663  ; 9.561  ; 9.561  ; 9.663  ;
; Instr[21]  ; Reg1[6]       ; 9.739  ; 9.446  ; 9.446  ; 9.739  ;
; Instr[21]  ; Reg1[7]       ; 9.701  ; 9.605  ; 9.605  ; 9.701  ;
; Instr[21]  ; Reg1[8]       ; 9.807  ; 9.824  ; 9.824  ; 9.807  ;
; Instr[21]  ; Reg1[9]       ; 9.718  ; 9.237  ; 9.237  ; 9.718  ;
; Instr[21]  ; Reg1[10]      ; 9.350  ; 9.311  ; 9.311  ; 9.350  ;
; Instr[21]  ; Reg1[11]      ; 9.773  ; 9.238  ; 9.238  ; 9.773  ;
; Instr[21]  ; Reg1[12]      ; 9.578  ; 9.804  ; 9.804  ; 9.578  ;
; Instr[21]  ; Reg1[13]      ; 9.568  ; 9.295  ; 9.295  ; 9.568  ;
; Instr[21]  ; Reg1[14]      ; 9.212  ; 9.511  ; 9.511  ; 9.212  ;
; Instr[21]  ; Reg1[15]      ; 9.554  ; 10.236 ; 10.236 ; 9.554  ;
; Instr[21]  ; Reg1[16]      ; 9.273  ; 9.739  ; 9.739  ; 9.273  ;
; Instr[21]  ; Reg1[17]      ; 9.813  ; 10.316 ; 10.316 ; 9.813  ;
; Instr[21]  ; Reg1[18]      ; 9.674  ; 10.356 ; 10.356 ; 9.674  ;
; Instr[21]  ; Reg1[19]      ; 9.382  ; 9.867  ; 9.867  ; 9.382  ;
; Instr[21]  ; Reg1[20]      ; 9.051  ; 9.781  ; 9.781  ; 9.051  ;
; Instr[21]  ; Reg1[21]      ; 9.681  ; 10.127 ; 10.127 ; 9.681  ;
; Instr[21]  ; Reg1[22]      ; 9.471  ; 10.055 ; 10.055 ; 9.471  ;
; Instr[21]  ; Reg1[23]      ; 9.492  ; 9.573  ; 9.573  ; 9.492  ;
; Instr[21]  ; Reg1[24]      ; 9.222  ; 10.133 ; 10.133 ; 9.222  ;
; Instr[21]  ; Reg1[25]      ; 9.821  ; 10.500 ; 10.500 ; 9.821  ;
; Instr[21]  ; Reg1[26]      ; 9.725  ; 9.567  ; 9.567  ; 9.725  ;
; Instr[21]  ; Reg1[27]      ; 9.498  ; 10.249 ; 10.249 ; 9.498  ;
; Instr[21]  ; Reg1[28]      ; 9.715  ; 9.872  ; 9.872  ; 9.715  ;
; Instr[21]  ; Reg1[29]      ; 9.348  ; 9.399  ; 9.399  ; 9.348  ;
; Instr[21]  ; Reg1[30]      ; 9.244  ; 9.487  ; 9.487  ; 9.244  ;
; Instr[21]  ; Reg1[31]      ; 9.715  ; 9.807  ; 9.807  ; 9.715  ;
; Instr[22]  ; ALUresu[0]    ; 12.532 ; 12.656 ; 12.656 ; 12.532 ;
; Instr[22]  ; ALUresu[1]    ; 9.507  ; 9.507  ; 9.507  ; 9.507  ;
; Instr[22]  ; ALUresu[2]    ; 10.794 ; 10.794 ; 10.794 ; 10.794 ;
; Instr[22]  ; ALUresu[3]    ; 10.971 ; 10.971 ; 10.971 ; 10.971 ;
; Instr[22]  ; ALUresu[4]    ; 11.148 ; 11.148 ; 11.148 ; 11.148 ;
; Instr[22]  ; ALUresu[5]    ; 10.916 ; 10.916 ; 10.916 ; 10.916 ;
; Instr[22]  ; ALUresu[6]    ; 11.405 ; 11.405 ; 11.405 ; 11.405 ;
; Instr[22]  ; ALUresu[7]    ; 11.837 ; 11.837 ; 11.837 ; 11.837 ;
; Instr[22]  ; ALUresu[8]    ; 11.993 ; 11.993 ; 11.993 ; 11.993 ;
; Instr[22]  ; ALUresu[9]    ; 12.228 ; 12.228 ; 12.228 ; 12.228 ;
; Instr[22]  ; ALUresu[10]   ; 12.455 ; 12.455 ; 12.455 ; 12.455 ;
; Instr[22]  ; ALUresu[11]   ; 12.145 ; 12.145 ; 12.145 ; 12.145 ;
; Instr[22]  ; ALUresu[12]   ; 12.835 ; 12.835 ; 12.835 ; 12.835 ;
; Instr[22]  ; ALUresu[13]   ; 12.513 ; 12.513 ; 12.513 ; 12.513 ;
; Instr[22]  ; ALUresu[14]   ; 12.686 ; 12.686 ; 12.686 ; 12.686 ;
; Instr[22]  ; ALUresu[15]   ; 12.976 ; 12.976 ; 12.976 ; 12.976 ;
; Instr[22]  ; ALUresu[16]   ; 13.932 ; 13.932 ; 13.932 ; 13.932 ;
; Instr[22]  ; ALUresu[17]   ; 13.512 ; 13.512 ; 13.512 ; 13.512 ;
; Instr[22]  ; ALUresu[18]   ; 13.848 ; 13.848 ; 13.848 ; 13.848 ;
; Instr[22]  ; ALUresu[19]   ; 13.726 ; 13.726 ; 13.726 ; 13.726 ;
; Instr[22]  ; ALUresu[20]   ; 13.818 ; 13.818 ; 13.818 ; 13.818 ;
; Instr[22]  ; ALUresu[21]   ; 14.069 ; 14.069 ; 14.069 ; 14.069 ;
; Instr[22]  ; ALUresu[22]   ; 14.342 ; 14.342 ; 14.342 ; 14.342 ;
; Instr[22]  ; ALUresu[23]   ; 15.044 ; 15.044 ; 15.044 ; 15.044 ;
; Instr[22]  ; ALUresu[24]   ; 15.295 ; 15.295 ; 15.295 ; 15.295 ;
; Instr[22]  ; ALUresu[25]   ; 15.032 ; 15.032 ; 15.032 ; 15.032 ;
; Instr[22]  ; ALUresu[26]   ; 14.979 ; 14.979 ; 14.979 ; 14.979 ;
; Instr[22]  ; ALUresu[27]   ; 15.119 ; 15.119 ; 15.119 ; 15.119 ;
; Instr[22]  ; ALUresu[28]   ; 15.087 ; 15.087 ; 15.087 ; 15.087 ;
; Instr[22]  ; ALUresu[29]   ; 15.488 ; 15.488 ; 15.488 ; 15.488 ;
; Instr[22]  ; ALUresu[30]   ; 15.473 ; 15.473 ; 15.473 ; 15.473 ;
; Instr[22]  ; ALUresu[31]   ; 16.159 ; 16.159 ; 16.159 ; 16.159 ;
; Instr[22]  ; Reg1[0]       ; 7.535  ; 7.535  ; 7.535  ; 7.535  ;
; Instr[22]  ; Reg1[1]       ; 8.108  ; 8.108  ; 8.108  ; 8.108  ;
; Instr[22]  ; Reg1[2]       ; 9.163  ; 8.511  ; 8.511  ; 9.163  ;
; Instr[22]  ; Reg1[3]       ; 8.671  ; 8.970  ; 8.970  ; 8.671  ;
; Instr[22]  ; Reg1[4]       ; 9.321  ; 9.256  ; 9.256  ; 9.321  ;
; Instr[22]  ; Reg1[5]       ; 9.398  ; 9.769  ; 9.769  ; 9.398  ;
; Instr[22]  ; Reg1[6]       ; 9.460  ; 9.129  ; 9.129  ; 9.460  ;
; Instr[22]  ; Reg1[7]       ; 9.154  ; 9.542  ; 9.542  ; 9.154  ;
; Instr[22]  ; Reg1[8]       ; 9.636  ; 9.648  ; 9.648  ; 9.636  ;
; Instr[22]  ; Reg1[9]       ; 9.156  ; 9.559  ; 9.559  ; 9.156  ;
; Instr[22]  ; Reg1[10]      ; 9.066  ; 9.191  ; 9.191  ; 9.066  ;
; Instr[22]  ; Reg1[11]      ; 9.117  ; 9.614  ; 9.614  ; 9.117  ;
; Instr[22]  ; Reg1[12]      ; 9.023  ; 9.772  ; 9.772  ; 9.023  ;
; Instr[22]  ; Reg1[13]      ; 8.889  ; 9.402  ; 9.402  ; 8.889  ;
; Instr[22]  ; Reg1[14]      ; 9.060  ; 9.479  ; 9.479  ; 9.060  ;
; Instr[22]  ; Reg1[15]      ; 10.210 ; 9.648  ; 9.648  ; 10.210 ;
; Instr[22]  ; Reg1[16]      ; 9.713  ; 9.376  ; 9.376  ; 9.713  ;
; Instr[22]  ; Reg1[17]      ; 10.290 ; 9.696  ; 9.696  ; 10.290 ;
; Instr[22]  ; Reg1[18]      ; 10.330 ; 9.474  ; 9.474  ; 10.330 ;
; Instr[22]  ; Reg1[19]      ; 9.949  ; 9.796  ; 9.796  ; 9.949  ;
; Instr[22]  ; Reg1[20]      ; 9.755  ; 9.405  ; 9.405  ; 9.755  ;
; Instr[22]  ; Reg1[21]      ; 10.101 ; 9.644  ; 9.644  ; 10.101 ;
; Instr[22]  ; Reg1[22]      ; 10.029 ; 9.312  ; 9.312  ; 10.029 ;
; Instr[22]  ; Reg1[23]      ; 9.490  ; 9.267  ; 9.267  ; 9.490  ;
; Instr[22]  ; Reg1[24]      ; 10.176 ; 9.203  ; 9.203  ; 10.176 ;
; Instr[22]  ; Reg1[25]      ; 10.476 ; 9.560  ; 9.560  ; 10.476 ;
; Instr[22]  ; Reg1[26]      ; 9.541  ; 9.566  ; 9.566  ; 9.541  ;
; Instr[22]  ; Reg1[27]      ; 10.223 ; 9.604  ; 9.604  ; 10.223 ;
; Instr[22]  ; Reg1[28]      ; 9.846  ; 9.772  ; 9.772  ; 9.846  ;
; Instr[22]  ; Reg1[29]      ; 9.305  ; 9.306  ; 9.306  ; 9.305  ;
; Instr[22]  ; Reg1[30]      ; 9.461  ; 9.201  ; 9.201  ; 9.461  ;
; Instr[22]  ; Reg1[31]      ; 9.781  ; 9.821  ; 9.821  ; 9.781  ;
; Instr[23]  ; ALUresu[0]    ; 12.527 ; 12.643 ; 12.643 ; 12.527 ;
; Instr[23]  ; ALUresu[1]    ; 9.756  ; 9.756  ; 9.756  ; 9.756  ;
; Instr[23]  ; ALUresu[2]    ; 10.610 ; 10.610 ; 10.610 ; 10.610 ;
; Instr[23]  ; ALUresu[3]    ; 10.787 ; 10.787 ; 10.787 ; 10.787 ;
; Instr[23]  ; ALUresu[4]    ; 10.964 ; 10.964 ; 10.964 ; 10.964 ;
; Instr[23]  ; ALUresu[5]    ; 10.732 ; 10.732 ; 10.732 ; 10.732 ;
; Instr[23]  ; ALUresu[6]    ; 11.221 ; 11.221 ; 11.221 ; 11.221 ;
; Instr[23]  ; ALUresu[7]    ; 11.653 ; 11.653 ; 11.653 ; 11.653 ;
; Instr[23]  ; ALUresu[8]    ; 11.809 ; 11.809 ; 11.809 ; 11.809 ;
; Instr[23]  ; ALUresu[9]    ; 12.044 ; 12.044 ; 12.044 ; 12.044 ;
; Instr[23]  ; ALUresu[10]   ; 12.271 ; 12.271 ; 12.271 ; 12.271 ;
; Instr[23]  ; ALUresu[11]   ; 11.961 ; 11.961 ; 11.961 ; 11.961 ;
; Instr[23]  ; ALUresu[12]   ; 12.651 ; 12.651 ; 12.651 ; 12.651 ;
; Instr[23]  ; ALUresu[13]   ; 12.329 ; 12.329 ; 12.329 ; 12.329 ;
; Instr[23]  ; ALUresu[14]   ; 12.502 ; 12.502 ; 12.502 ; 12.502 ;
; Instr[23]  ; ALUresu[15]   ; 12.792 ; 12.792 ; 12.792 ; 12.792 ;
; Instr[23]  ; ALUresu[16]   ; 13.748 ; 13.748 ; 13.748 ; 13.748 ;
; Instr[23]  ; ALUresu[17]   ; 13.328 ; 13.328 ; 13.328 ; 13.328 ;
; Instr[23]  ; ALUresu[18]   ; 13.664 ; 13.664 ; 13.664 ; 13.664 ;
; Instr[23]  ; ALUresu[19]   ; 13.542 ; 13.542 ; 13.542 ; 13.542 ;
; Instr[23]  ; ALUresu[20]   ; 13.634 ; 13.634 ; 13.634 ; 13.634 ;
; Instr[23]  ; ALUresu[21]   ; 13.885 ; 13.885 ; 13.885 ; 13.885 ;
; Instr[23]  ; ALUresu[22]   ; 14.158 ; 14.158 ; 14.158 ; 14.158 ;
; Instr[23]  ; ALUresu[23]   ; 14.860 ; 14.860 ; 14.860 ; 14.860 ;
; Instr[23]  ; ALUresu[24]   ; 15.111 ; 15.111 ; 15.111 ; 15.111 ;
; Instr[23]  ; ALUresu[25]   ; 14.848 ; 14.848 ; 14.848 ; 14.848 ;
; Instr[23]  ; ALUresu[26]   ; 14.795 ; 14.795 ; 14.795 ; 14.795 ;
; Instr[23]  ; ALUresu[27]   ; 14.935 ; 14.935 ; 14.935 ; 14.935 ;
; Instr[23]  ; ALUresu[28]   ; 14.903 ; 14.903 ; 14.903 ; 14.903 ;
; Instr[23]  ; ALUresu[29]   ; 15.304 ; 15.304 ; 15.304 ; 15.304 ;
; Instr[23]  ; ALUresu[30]   ; 15.289 ; 15.289 ; 15.289 ; 15.289 ;
; Instr[23]  ; ALUresu[31]   ; 15.975 ; 15.975 ; 15.975 ; 15.975 ;
; Instr[23]  ; Reg1[0]       ; 7.471  ; 7.471  ; 7.471  ; 7.471  ;
; Instr[23]  ; Reg1[1]       ; 8.357  ; 8.357  ; 8.357  ; 8.357  ;
; Instr[23]  ; Reg1[2]       ; 8.979  ; 8.270  ; 8.270  ; 8.979  ;
; Instr[23]  ; Reg1[3]       ; 9.334  ; 8.836  ; 8.836  ; 9.334  ;
; Instr[23]  ; Reg1[4]       ; 9.367  ; 9.232  ; 9.232  ; 9.367  ;
; Instr[23]  ; Reg1[5]       ; 9.679  ; 9.538  ; 9.538  ; 9.679  ;
; Instr[23]  ; Reg1[6]       ; 9.203  ; 9.358  ; 9.358  ; 9.203  ;
; Instr[23]  ; Reg1[7]       ; 9.101  ; 9.571  ; 9.571  ; 9.101  ;
; Instr[23]  ; Reg1[8]       ; 9.450  ; 9.677  ; 9.677  ; 9.450  ;
; Instr[23]  ; Reg1[9]       ; 9.368  ; 9.588  ; 9.588  ; 9.368  ;
; Instr[23]  ; Reg1[10]      ; 9.223  ; 9.220  ; 9.220  ; 9.223  ;
; Instr[23]  ; Reg1[11]      ; 9.162  ; 9.643  ; 9.643  ; 9.162  ;
; Instr[23]  ; Reg1[12]      ; 9.758  ; 9.531  ; 9.531  ; 9.758  ;
; Instr[23]  ; Reg1[13]      ; 9.708  ; 9.111  ; 9.111  ; 9.708  ;
; Instr[23]  ; Reg1[14]      ; 9.843  ; 9.007  ; 9.007  ; 9.843  ;
; Instr[23]  ; Reg1[15]      ; 10.015 ; 9.369  ; 9.369  ; 10.015 ;
; Instr[23]  ; Reg1[16]      ; 9.740  ; 9.258  ; 9.258  ; 9.740  ;
; Instr[23]  ; Reg1[17]      ; 10.095 ; 9.763  ; 9.763  ; 10.095 ;
; Instr[23]  ; Reg1[18]      ; 10.135 ; 9.503  ; 9.503  ; 10.135 ;
; Instr[23]  ; Reg1[19]      ; 9.765  ; 9.729  ; 9.729  ; 9.765  ;
; Instr[23]  ; Reg1[20]      ; 9.560  ; 9.447  ; 9.447  ; 9.560  ;
; Instr[23]  ; Reg1[21]      ; 9.906  ; 9.462  ; 9.462  ; 9.906  ;
; Instr[23]  ; Reg1[22]      ; 9.834  ; 9.341  ; 9.341  ; 9.834  ;
; Instr[23]  ; Reg1[23]      ; 9.367  ; 9.452  ; 9.452  ; 9.367  ;
; Instr[23]  ; Reg1[24]      ; 9.992  ; 9.373  ; 9.373  ; 9.992  ;
; Instr[23]  ; Reg1[25]      ; 10.292 ; 9.876  ; 9.876  ; 10.292 ;
; Instr[23]  ; Reg1[26]      ; 9.478  ; 9.595  ; 9.595  ; 9.478  ;
; Instr[23]  ; Reg1[27]      ; 10.028 ; 9.457  ; 9.457  ; 10.028 ;
; Instr[23]  ; Reg1[28]      ; 9.651  ; 9.665  ; 9.665  ; 9.651  ;
; Instr[23]  ; Reg1[29]      ; 9.262  ; 8.891  ; 8.891  ; 9.262  ;
; Instr[23]  ; Reg1[30]      ; 9.266  ; 9.114  ; 9.114  ; 9.266  ;
; Instr[23]  ; Reg1[31]      ; 9.637  ; 9.471  ; 9.471  ; 9.637  ;
; Instr[24]  ; ALUresu[0]    ; 13.795 ; 14.080 ; 14.080 ; 13.795 ;
; Instr[24]  ; ALUresu[1]    ; 9.376  ; 9.376  ; 9.376  ; 9.376  ;
; Instr[24]  ; ALUresu[2]    ; 11.563 ; 11.563 ; 11.563 ; 11.563 ;
; Instr[24]  ; ALUresu[3]    ; 11.740 ; 11.740 ; 11.740 ; 11.740 ;
; Instr[24]  ; ALUresu[4]    ; 11.999 ; 11.999 ; 11.999 ; 11.999 ;
; Instr[24]  ; ALUresu[5]    ; 11.967 ; 11.967 ; 11.967 ; 11.967 ;
; Instr[24]  ; ALUresu[6]    ; 12.456 ; 12.456 ; 12.456 ; 12.456 ;
; Instr[24]  ; ALUresu[7]    ; 12.888 ; 12.888 ; 12.888 ; 12.888 ;
; Instr[24]  ; ALUresu[8]    ; 13.044 ; 13.044 ; 13.044 ; 13.044 ;
; Instr[24]  ; ALUresu[9]    ; 13.279 ; 13.279 ; 13.279 ; 13.279 ;
; Instr[24]  ; ALUresu[10]   ; 13.506 ; 13.506 ; 13.506 ; 13.506 ;
; Instr[24]  ; ALUresu[11]   ; 13.196 ; 13.196 ; 13.196 ; 13.196 ;
; Instr[24]  ; ALUresu[12]   ; 13.886 ; 13.886 ; 13.886 ; 13.886 ;
; Instr[24]  ; ALUresu[13]   ; 13.564 ; 13.564 ; 13.564 ; 13.564 ;
; Instr[24]  ; ALUresu[14]   ; 13.737 ; 13.737 ; 13.737 ; 13.737 ;
; Instr[24]  ; ALUresu[15]   ; 14.027 ; 14.027 ; 14.027 ; 14.027 ;
; Instr[24]  ; ALUresu[16]   ; 14.983 ; 14.983 ; 14.983 ; 14.983 ;
; Instr[24]  ; ALUresu[17]   ; 14.563 ; 14.563 ; 14.563 ; 14.563 ;
; Instr[24]  ; ALUresu[18]   ; 14.899 ; 14.899 ; 14.899 ; 14.899 ;
; Instr[24]  ; ALUresu[19]   ; 14.777 ; 14.777 ; 14.777 ; 14.777 ;
; Instr[24]  ; ALUresu[20]   ; 14.869 ; 14.869 ; 14.869 ; 14.869 ;
; Instr[24]  ; ALUresu[21]   ; 15.120 ; 15.120 ; 15.120 ; 15.120 ;
; Instr[24]  ; ALUresu[22]   ; 15.393 ; 15.393 ; 15.393 ; 15.393 ;
; Instr[24]  ; ALUresu[23]   ; 16.095 ; 16.095 ; 16.095 ; 16.095 ;
; Instr[24]  ; ALUresu[24]   ; 16.346 ; 16.346 ; 16.346 ; 16.346 ;
; Instr[24]  ; ALUresu[25]   ; 16.083 ; 16.083 ; 16.083 ; 16.083 ;
; Instr[24]  ; ALUresu[26]   ; 16.030 ; 16.030 ; 16.030 ; 16.030 ;
; Instr[24]  ; ALUresu[27]   ; 16.170 ; 16.170 ; 16.170 ; 16.170 ;
; Instr[24]  ; ALUresu[28]   ; 16.138 ; 16.138 ; 16.138 ; 16.138 ;
; Instr[24]  ; ALUresu[29]   ; 16.539 ; 16.539 ; 16.539 ; 16.539 ;
; Instr[24]  ; ALUresu[30]   ; 16.524 ; 16.524 ; 16.524 ; 16.524 ;
; Instr[24]  ; ALUresu[31]   ; 17.210 ; 17.210 ; 17.210 ; 17.210 ;
; Instr[24]  ; Reg1[0]       ; 7.573  ; 7.478  ; 7.478  ; 7.573  ;
; Instr[24]  ; Reg1[1]       ; 7.841  ; 7.977  ; 7.977  ; 7.841  ;
; Instr[24]  ; Reg1[2]       ; 9.932  ; 9.522  ; 9.522  ; 9.932  ;
; Instr[24]  ; Reg1[3]       ; 10.118 ; 10.103 ; 10.103 ; 10.118 ;
; Instr[24]  ; Reg1[4]       ; 10.804 ; 10.370 ; 10.370 ; 10.804 ;
; Instr[24]  ; Reg1[5]       ; 10.903 ; 11.148 ; 11.148 ; 10.903 ;
; Instr[24]  ; Reg1[6]       ; 10.609 ; 9.854  ; 9.854  ; 10.609 ;
; Instr[24]  ; Reg1[7]       ; 11.022 ; 9.899  ; 9.899  ; 11.022 ;
; Instr[24]  ; Reg1[8]       ; 11.128 ; 10.325 ; 10.325 ; 11.128 ;
; Instr[24]  ; Reg1[9]       ; 11.039 ; 10.273 ; 10.273 ; 11.039 ;
; Instr[24]  ; Reg1[10]      ; 10.671 ; 10.347 ; 10.347 ; 10.671 ;
; Instr[24]  ; Reg1[11]      ; 11.094 ; 10.258 ; 10.258 ; 11.094 ;
; Instr[24]  ; Reg1[12]      ; 10.352 ; 10.783 ; 10.783 ; 10.352 ;
; Instr[24]  ; Reg1[13]      ; 10.885 ; 10.331 ; 10.331 ; 10.885 ;
; Instr[24]  ; Reg1[14]      ; 10.525 ; 10.170 ; 10.170 ; 10.525 ;
; Instr[24]  ; Reg1[15]      ; 10.708 ; 10.899 ; 10.899 ; 10.708 ;
; Instr[24]  ; Reg1[16]      ; 10.287 ; 10.528 ; 10.528 ; 10.287 ;
; Instr[24]  ; Reg1[17]      ; 10.800 ; 10.979 ; 10.979 ; 10.800 ;
; Instr[24]  ; Reg1[18]      ; 10.954 ; 11.019 ; 11.019 ; 10.954 ;
; Instr[24]  ; Reg1[19]      ; 11.164 ; 10.867 ; 10.867 ; 11.164 ;
; Instr[24]  ; Reg1[20]      ; 10.862 ; 10.444 ; 10.444 ; 10.862 ;
; Instr[24]  ; Reg1[21]      ; 11.041 ; 11.023 ; 11.023 ; 11.041 ;
; Instr[24]  ; Reg1[22]      ; 10.792 ; 10.718 ; 10.718 ; 10.792 ;
; Instr[24]  ; Reg1[23]      ; 10.747 ; 10.505 ; 10.505 ; 10.747 ;
; Instr[24]  ; Reg1[24]      ; 10.945 ; 10.796 ; 10.796 ; 10.945 ;
; Instr[24]  ; Reg1[25]      ; 11.245 ; 11.163 ; 11.163 ; 11.245 ;
; Instr[24]  ; Reg1[26]      ; 11.046 ; 10.230 ; 10.230 ; 11.046 ;
; Instr[24]  ; Reg1[27]      ; 10.651 ; 10.983 ; 10.983 ; 10.651 ;
; Instr[24]  ; Reg1[28]      ; 10.868 ; 11.151 ; 11.151 ; 10.868 ;
; Instr[24]  ; Reg1[29]      ; 10.699 ; 10.685 ; 10.685 ; 10.699 ;
; Instr[24]  ; Reg1[30]      ; 10.565 ; 10.580 ; 10.580 ; 10.565 ;
; Instr[24]  ; Reg1[31]      ; 10.793 ; 11.200 ; 11.200 ; 10.793 ;
; Instr[25]  ; ALUresu[0]    ; 13.535 ; 13.817 ; 13.817 ; 13.535 ;
; Instr[25]  ; ALUresu[1]    ; 9.297  ; 9.297  ; 9.297  ; 9.297  ;
; Instr[25]  ; ALUresu[2]    ; 11.489 ; 11.489 ; 11.489 ; 11.489 ;
; Instr[25]  ; ALUresu[3]    ; 11.666 ; 11.666 ; 11.666 ; 11.666 ;
; Instr[25]  ; ALUresu[4]    ; 11.843 ; 11.843 ; 11.843 ; 11.843 ;
; Instr[25]  ; ALUresu[5]    ; 11.704 ; 11.704 ; 11.704 ; 11.704 ;
; Instr[25]  ; ALUresu[6]    ; 12.193 ; 12.193 ; 12.193 ; 12.193 ;
; Instr[25]  ; ALUresu[7]    ; 12.625 ; 12.625 ; 12.625 ; 12.625 ;
; Instr[25]  ; ALUresu[8]    ; 12.781 ; 12.781 ; 12.781 ; 12.781 ;
; Instr[25]  ; ALUresu[9]    ; 13.016 ; 13.016 ; 13.016 ; 13.016 ;
; Instr[25]  ; ALUresu[10]   ; 13.243 ; 13.243 ; 13.243 ; 13.243 ;
; Instr[25]  ; ALUresu[11]   ; 12.933 ; 12.933 ; 12.933 ; 12.933 ;
; Instr[25]  ; ALUresu[12]   ; 13.623 ; 13.623 ; 13.623 ; 13.623 ;
; Instr[25]  ; ALUresu[13]   ; 13.301 ; 13.301 ; 13.301 ; 13.301 ;
; Instr[25]  ; ALUresu[14]   ; 13.474 ; 13.474 ; 13.474 ; 13.474 ;
; Instr[25]  ; ALUresu[15]   ; 13.764 ; 13.764 ; 13.764 ; 13.764 ;
; Instr[25]  ; ALUresu[16]   ; 14.720 ; 14.720 ; 14.720 ; 14.720 ;
; Instr[25]  ; ALUresu[17]   ; 14.300 ; 14.300 ; 14.300 ; 14.300 ;
; Instr[25]  ; ALUresu[18]   ; 14.636 ; 14.636 ; 14.636 ; 14.636 ;
; Instr[25]  ; ALUresu[19]   ; 14.514 ; 14.514 ; 14.514 ; 14.514 ;
; Instr[25]  ; ALUresu[20]   ; 14.606 ; 14.606 ; 14.606 ; 14.606 ;
; Instr[25]  ; ALUresu[21]   ; 14.857 ; 14.857 ; 14.857 ; 14.857 ;
; Instr[25]  ; ALUresu[22]   ; 15.130 ; 15.130 ; 15.130 ; 15.130 ;
; Instr[25]  ; ALUresu[23]   ; 15.832 ; 15.832 ; 15.832 ; 15.832 ;
; Instr[25]  ; ALUresu[24]   ; 16.083 ; 16.083 ; 16.083 ; 16.083 ;
; Instr[25]  ; ALUresu[25]   ; 15.820 ; 15.820 ; 15.820 ; 15.820 ;
; Instr[25]  ; ALUresu[26]   ; 15.767 ; 15.767 ; 15.767 ; 15.767 ;
; Instr[25]  ; ALUresu[27]   ; 15.907 ; 15.907 ; 15.907 ; 15.907 ;
; Instr[25]  ; ALUresu[28]   ; 15.875 ; 15.875 ; 15.875 ; 15.875 ;
; Instr[25]  ; ALUresu[29]   ; 16.276 ; 16.276 ; 16.276 ; 16.276 ;
; Instr[25]  ; ALUresu[30]   ; 16.261 ; 16.261 ; 16.261 ; 16.261 ;
; Instr[25]  ; ALUresu[31]   ; 16.947 ; 16.947 ; 16.947 ; 16.947 ;
; Instr[25]  ; Reg1[0]       ; 7.214  ; 7.499  ; 7.499  ; 7.214  ;
; Instr[25]  ; Reg1[1]       ; 7.674  ; 7.703  ; 7.703  ; 7.674  ;
; Instr[25]  ; Reg1[2]       ; 9.409  ; 9.858  ; 9.858  ; 9.409  ;
; Instr[25]  ; Reg1[3]       ; 9.855  ; 9.573  ; 9.573  ; 9.855  ;
; Instr[25]  ; Reg1[4]       ; 10.541 ; 10.259 ; 10.259 ; 10.541 ;
; Instr[25]  ; Reg1[5]       ; 10.884 ; 10.275 ; 10.275 ; 10.884 ;
; Instr[25]  ; Reg1[6]       ; 10.346 ; 10.239 ; 10.239 ; 10.346 ;
; Instr[25]  ; Reg1[7]       ; 10.759 ; 10.177 ; 10.177 ; 10.759 ;
; Instr[25]  ; Reg1[8]       ; 10.865 ; 10.051 ; 10.051 ; 10.865 ;
; Instr[25]  ; Reg1[9]       ; 10.776 ; 9.853  ; 9.853  ; 10.776 ;
; Instr[25]  ; Reg1[10]      ; 10.408 ; 9.528  ; 9.528  ; 10.408 ;
; Instr[25]  ; Reg1[11]      ; 10.831 ; 9.980  ; 9.980  ; 10.831 ;
; Instr[25]  ; Reg1[12]      ; 10.271 ; 10.509 ; 10.509 ; 10.271 ;
; Instr[25]  ; Reg1[13]      ; 10.622 ; 9.944  ; 9.944  ; 10.622 ;
; Instr[25]  ; Reg1[14]      ; 10.262 ; 10.079 ; 10.079 ; 10.262 ;
; Instr[25]  ; Reg1[15]      ; 10.445 ; 10.625 ; 10.625 ; 10.445 ;
; Instr[25]  ; Reg1[16]      ; 10.264 ; 10.128 ; 10.128 ; 10.264 ;
; Instr[25]  ; Reg1[17]      ; 10.537 ; 10.705 ; 10.705 ; 10.537 ;
; Instr[25]  ; Reg1[18]      ; 10.691 ; 10.745 ; 10.745 ; 10.691 ;
; Instr[25]  ; Reg1[19]      ; 10.901 ; 10.644 ; 10.644 ; 10.901 ;
; Instr[25]  ; Reg1[20]      ; 10.599 ; 10.173 ; 10.173 ; 10.599 ;
; Instr[25]  ; Reg1[21]      ; 10.778 ; 10.516 ; 10.516 ; 10.778 ;
; Instr[25]  ; Reg1[22]      ; 10.529 ; 10.444 ; 10.444 ; 10.529 ;
; Instr[25]  ; Reg1[23]      ; 10.484 ; 9.905  ; 9.905  ; 10.484 ;
; Instr[25]  ; Reg1[24]      ; 10.310 ; 10.871 ; 10.871 ; 10.310 ;
; Instr[25]  ; Reg1[25]      ; 10.914 ; 11.171 ; 11.171 ; 10.914 ;
; Instr[25]  ; Reg1[26]      ; 10.783 ; 10.223 ; 10.223 ; 10.783 ;
; Instr[25]  ; Reg1[27]      ; 10.719 ; 10.638 ; 10.638 ; 10.719 ;
; Instr[25]  ; Reg1[28]      ; 10.887 ; 10.512 ; 10.512 ; 10.887 ;
; Instr[25]  ; Reg1[29]      ; 10.436 ; 9.781  ; 9.781  ; 10.436 ;
; Instr[25]  ; Reg1[30]      ; 10.316 ; 9.876  ; 9.876  ; 10.316 ;
; Instr[25]  ; Reg1[31]      ; 10.936 ; 10.208 ; 10.208 ; 10.936 ;
; Instr[26]  ; ALUControl[0] ;        ; 7.506  ; 7.506  ;        ;
; Instr[26]  ; ALUControl[2] ;        ; 7.506  ; 7.506  ;        ;
; Instr[26]  ; ALUresu[0]    ; 12.214 ; 12.214 ; 12.214 ; 12.214 ;
; Instr[26]  ; ALUresu[1]    ; 10.217 ; 10.217 ; 10.217 ; 10.217 ;
; Instr[26]  ; ALUresu[2]    ; 10.438 ; 10.438 ; 10.438 ; 10.438 ;
; Instr[26]  ; ALUresu[3]    ; 10.400 ; 10.400 ; 10.400 ; 10.400 ;
; Instr[26]  ; ALUresu[4]    ; 10.577 ; 10.577 ; 10.577 ; 10.577 ;
; Instr[26]  ; ALUresu[5]    ; 10.345 ; 10.345 ; 10.345 ; 10.345 ;
; Instr[26]  ; ALUresu[6]    ; 10.834 ; 10.834 ; 10.834 ; 10.834 ;
; Instr[26]  ; ALUresu[7]    ; 11.266 ; 11.266 ; 11.266 ; 11.266 ;
; Instr[26]  ; ALUresu[8]    ; 11.422 ; 11.422 ; 11.422 ; 11.422 ;
; Instr[26]  ; ALUresu[9]    ; 11.657 ; 11.657 ; 11.657 ; 11.657 ;
; Instr[26]  ; ALUresu[10]   ; 11.884 ; 11.884 ; 11.884 ; 11.884 ;
; Instr[26]  ; ALUresu[11]   ; 11.574 ; 11.574 ; 11.574 ; 11.574 ;
; Instr[26]  ; ALUresu[12]   ; 12.264 ; 12.264 ; 12.264 ; 12.264 ;
; Instr[26]  ; ALUresu[13]   ; 11.942 ; 11.942 ; 11.942 ; 11.942 ;
; Instr[26]  ; ALUresu[14]   ; 12.115 ; 12.115 ; 12.115 ; 12.115 ;
; Instr[26]  ; ALUresu[15]   ; 12.405 ; 12.405 ; 12.405 ; 12.405 ;
; Instr[26]  ; ALUresu[16]   ; 13.361 ; 13.361 ; 13.361 ; 13.361 ;
; Instr[26]  ; ALUresu[17]   ; 12.941 ; 12.941 ; 12.941 ; 12.941 ;
; Instr[26]  ; ALUresu[18]   ; 13.277 ; 13.277 ; 13.277 ; 13.277 ;
; Instr[26]  ; ALUresu[19]   ; 13.155 ; 13.155 ; 13.155 ; 13.155 ;
; Instr[26]  ; ALUresu[20]   ; 13.247 ; 13.247 ; 13.247 ; 13.247 ;
; Instr[26]  ; ALUresu[21]   ; 13.498 ; 13.498 ; 13.498 ; 13.498 ;
; Instr[26]  ; ALUresu[22]   ; 13.771 ; 13.771 ; 13.771 ; 13.771 ;
; Instr[26]  ; ALUresu[23]   ; 14.473 ; 14.473 ; 14.473 ; 14.473 ;
; Instr[26]  ; ALUresu[24]   ; 14.724 ; 14.724 ; 14.724 ; 14.724 ;
; Instr[26]  ; ALUresu[25]   ; 14.461 ; 14.461 ; 14.461 ; 14.461 ;
; Instr[26]  ; ALUresu[26]   ; 14.408 ; 14.408 ; 14.408 ; 14.408 ;
; Instr[26]  ; ALUresu[27]   ; 14.548 ; 14.548 ; 14.548 ; 14.548 ;
; Instr[26]  ; ALUresu[28]   ; 14.516 ; 14.516 ; 14.516 ; 14.516 ;
; Instr[26]  ; ALUresu[29]   ; 14.917 ; 14.917 ; 14.917 ; 14.917 ;
; Instr[26]  ; ALUresu[30]   ; 14.902 ; 14.902 ; 14.902 ; 14.902 ;
; Instr[26]  ; ALUresu[31]   ; 15.588 ; 15.588 ; 15.588 ; 15.588 ;
; Instr[27]  ; ALUControl[0] ;        ; 8.816  ; 8.816  ;        ;
; Instr[27]  ; ALUControl[2] ;        ; 8.816  ; 8.816  ;        ;
; Instr[27]  ; ALUresu[0]    ; 12.502 ; 12.502 ; 12.502 ; 12.502 ;
; Instr[27]  ; ALUresu[1]    ; 10.505 ; 10.505 ; 10.505 ; 10.505 ;
; Instr[27]  ; ALUresu[2]    ; 10.726 ; 10.726 ; 10.726 ; 10.726 ;
; Instr[27]  ; ALUresu[3]    ; 10.688 ; 10.688 ; 10.688 ; 10.688 ;
; Instr[27]  ; ALUresu[4]    ; 10.865 ; 10.865 ; 10.865 ; 10.865 ;
; Instr[27]  ; ALUresu[5]    ; 10.633 ; 10.633 ; 10.633 ; 10.633 ;
; Instr[27]  ; ALUresu[6]    ; 11.122 ; 11.122 ; 11.122 ; 11.122 ;
; Instr[27]  ; ALUresu[7]    ; 11.554 ; 11.554 ; 11.554 ; 11.554 ;
; Instr[27]  ; ALUresu[8]    ; 11.710 ; 11.710 ; 11.710 ; 11.710 ;
; Instr[27]  ; ALUresu[9]    ; 11.945 ; 11.945 ; 11.945 ; 11.945 ;
; Instr[27]  ; ALUresu[10]   ; 12.172 ; 12.172 ; 12.172 ; 12.172 ;
; Instr[27]  ; ALUresu[11]   ; 11.862 ; 11.862 ; 11.862 ; 11.862 ;
; Instr[27]  ; ALUresu[12]   ; 12.552 ; 12.552 ; 12.552 ; 12.552 ;
; Instr[27]  ; ALUresu[13]   ; 12.230 ; 12.230 ; 12.230 ; 12.230 ;
; Instr[27]  ; ALUresu[14]   ; 12.403 ; 12.403 ; 12.403 ; 12.403 ;
; Instr[27]  ; ALUresu[15]   ; 12.693 ; 12.693 ; 12.693 ; 12.693 ;
; Instr[27]  ; ALUresu[16]   ; 13.649 ; 13.649 ; 13.649 ; 13.649 ;
; Instr[27]  ; ALUresu[17]   ; 13.229 ; 13.229 ; 13.229 ; 13.229 ;
; Instr[27]  ; ALUresu[18]   ; 13.565 ; 13.565 ; 13.565 ; 13.565 ;
; Instr[27]  ; ALUresu[19]   ; 13.443 ; 13.443 ; 13.443 ; 13.443 ;
; Instr[27]  ; ALUresu[20]   ; 13.535 ; 13.535 ; 13.535 ; 13.535 ;
; Instr[27]  ; ALUresu[21]   ; 13.786 ; 13.786 ; 13.786 ; 13.786 ;
; Instr[27]  ; ALUresu[22]   ; 14.059 ; 14.059 ; 14.059 ; 14.059 ;
; Instr[27]  ; ALUresu[23]   ; 14.761 ; 14.761 ; 14.761 ; 14.761 ;
; Instr[27]  ; ALUresu[24]   ; 15.012 ; 15.012 ; 15.012 ; 15.012 ;
; Instr[27]  ; ALUresu[25]   ; 14.749 ; 14.749 ; 14.749 ; 14.749 ;
; Instr[27]  ; ALUresu[26]   ; 14.696 ; 14.696 ; 14.696 ; 14.696 ;
; Instr[27]  ; ALUresu[27]   ; 14.836 ; 14.836 ; 14.836 ; 14.836 ;
; Instr[27]  ; ALUresu[28]   ; 14.804 ; 14.804 ; 14.804 ; 14.804 ;
; Instr[27]  ; ALUresu[29]   ; 15.205 ; 15.205 ; 15.205 ; 15.205 ;
; Instr[27]  ; ALUresu[30]   ; 15.190 ; 15.190 ; 15.190 ; 15.190 ;
; Instr[27]  ; ALUresu[31]   ; 15.876 ; 15.876 ; 15.876 ; 15.876 ;
; Instr[28]  ; ALUControl[0] ;        ; 8.752  ; 8.752  ;        ;
; Instr[28]  ; ALUControl[2] ;        ; 8.752  ; 8.752  ;        ;
; Instr[28]  ; ALUresu[0]    ; 12.438 ; 12.438 ; 12.438 ; 12.438 ;
; Instr[28]  ; ALUresu[1]    ; 10.441 ; 10.441 ; 10.441 ; 10.441 ;
; Instr[28]  ; ALUresu[2]    ; 10.662 ; 10.662 ; 10.662 ; 10.662 ;
; Instr[28]  ; ALUresu[3]    ; 10.624 ; 10.624 ; 10.624 ; 10.624 ;
; Instr[28]  ; ALUresu[4]    ; 10.801 ; 10.801 ; 10.801 ; 10.801 ;
; Instr[28]  ; ALUresu[5]    ; 10.569 ; 10.569 ; 10.569 ; 10.569 ;
; Instr[28]  ; ALUresu[6]    ; 11.058 ; 11.058 ; 11.058 ; 11.058 ;
; Instr[28]  ; ALUresu[7]    ; 11.490 ; 11.490 ; 11.490 ; 11.490 ;
; Instr[28]  ; ALUresu[8]    ; 11.646 ; 11.646 ; 11.646 ; 11.646 ;
; Instr[28]  ; ALUresu[9]    ; 11.881 ; 11.881 ; 11.881 ; 11.881 ;
; Instr[28]  ; ALUresu[10]   ; 12.108 ; 12.108 ; 12.108 ; 12.108 ;
; Instr[28]  ; ALUresu[11]   ; 11.798 ; 11.798 ; 11.798 ; 11.798 ;
; Instr[28]  ; ALUresu[12]   ; 12.488 ; 12.488 ; 12.488 ; 12.488 ;
; Instr[28]  ; ALUresu[13]   ; 12.166 ; 12.166 ; 12.166 ; 12.166 ;
; Instr[28]  ; ALUresu[14]   ; 12.339 ; 12.339 ; 12.339 ; 12.339 ;
; Instr[28]  ; ALUresu[15]   ; 12.629 ; 12.629 ; 12.629 ; 12.629 ;
; Instr[28]  ; ALUresu[16]   ; 13.585 ; 13.585 ; 13.585 ; 13.585 ;
; Instr[28]  ; ALUresu[17]   ; 13.165 ; 13.165 ; 13.165 ; 13.165 ;
; Instr[28]  ; ALUresu[18]   ; 13.501 ; 13.501 ; 13.501 ; 13.501 ;
; Instr[28]  ; ALUresu[19]   ; 13.379 ; 13.379 ; 13.379 ; 13.379 ;
; Instr[28]  ; ALUresu[20]   ; 13.471 ; 13.471 ; 13.471 ; 13.471 ;
; Instr[28]  ; ALUresu[21]   ; 13.722 ; 13.722 ; 13.722 ; 13.722 ;
; Instr[28]  ; ALUresu[22]   ; 13.995 ; 13.995 ; 13.995 ; 13.995 ;
; Instr[28]  ; ALUresu[23]   ; 14.697 ; 14.697 ; 14.697 ; 14.697 ;
; Instr[28]  ; ALUresu[24]   ; 14.948 ; 14.948 ; 14.948 ; 14.948 ;
; Instr[28]  ; ALUresu[25]   ; 14.685 ; 14.685 ; 14.685 ; 14.685 ;
; Instr[28]  ; ALUresu[26]   ; 14.632 ; 14.632 ; 14.632 ; 14.632 ;
; Instr[28]  ; ALUresu[27]   ; 14.772 ; 14.772 ; 14.772 ; 14.772 ;
; Instr[28]  ; ALUresu[28]   ; 14.740 ; 14.740 ; 14.740 ; 14.740 ;
; Instr[28]  ; ALUresu[29]   ; 15.141 ; 15.141 ; 15.141 ; 15.141 ;
; Instr[28]  ; ALUresu[30]   ; 15.126 ; 15.126 ; 15.126 ; 15.126 ;
; Instr[28]  ; ALUresu[31]   ; 15.812 ; 15.812 ; 15.812 ; 15.812 ;
; Instr[29]  ; ALUresu[0]    ; 12.052 ; 12.052 ; 12.052 ; 12.052 ;
; Instr[29]  ; ALUresu[1]    ; 10.055 ; 10.055 ; 10.055 ; 10.055 ;
; Instr[29]  ; ALUresu[2]    ; 10.276 ; 10.276 ; 10.276 ; 10.276 ;
; Instr[29]  ; ALUresu[3]    ; 10.238 ; 10.238 ; 10.238 ; 10.238 ;
; Instr[29]  ; ALUresu[4]    ; 10.415 ; 10.415 ; 10.415 ; 10.415 ;
; Instr[29]  ; ALUresu[5]    ; 10.183 ; 10.183 ; 10.183 ; 10.183 ;
; Instr[29]  ; ALUresu[6]    ; 10.672 ; 10.672 ; 10.672 ; 10.672 ;
; Instr[29]  ; ALUresu[7]    ; 11.104 ; 11.104 ; 11.104 ; 11.104 ;
; Instr[29]  ; ALUresu[8]    ; 11.260 ; 11.260 ; 11.260 ; 11.260 ;
; Instr[29]  ; ALUresu[9]    ; 11.495 ; 11.495 ; 11.495 ; 11.495 ;
; Instr[29]  ; ALUresu[10]   ; 11.722 ; 11.722 ; 11.722 ; 11.722 ;
; Instr[29]  ; ALUresu[11]   ; 11.412 ; 11.412 ; 11.412 ; 11.412 ;
; Instr[29]  ; ALUresu[12]   ; 12.102 ; 12.102 ; 12.102 ; 12.102 ;
; Instr[29]  ; ALUresu[13]   ; 11.780 ; 11.780 ; 11.780 ; 11.780 ;
; Instr[29]  ; ALUresu[14]   ; 11.953 ; 11.953 ; 11.953 ; 11.953 ;
; Instr[29]  ; ALUresu[15]   ; 12.243 ; 12.243 ; 12.243 ; 12.243 ;
; Instr[29]  ; ALUresu[16]   ; 13.199 ; 13.199 ; 13.199 ; 13.199 ;
; Instr[29]  ; ALUresu[17]   ; 12.779 ; 12.779 ; 12.779 ; 12.779 ;
; Instr[29]  ; ALUresu[18]   ; 13.115 ; 13.115 ; 13.115 ; 13.115 ;
; Instr[29]  ; ALUresu[19]   ; 12.993 ; 12.993 ; 12.993 ; 12.993 ;
; Instr[29]  ; ALUresu[20]   ; 13.085 ; 13.085 ; 13.085 ; 13.085 ;
; Instr[29]  ; ALUresu[21]   ; 13.336 ; 13.336 ; 13.336 ; 13.336 ;
; Instr[29]  ; ALUresu[22]   ; 13.609 ; 13.609 ; 13.609 ; 13.609 ;
; Instr[29]  ; ALUresu[23]   ; 14.311 ; 14.311 ; 14.311 ; 14.311 ;
; Instr[29]  ; ALUresu[24]   ; 14.562 ; 14.562 ; 14.562 ; 14.562 ;
; Instr[29]  ; ALUresu[25]   ; 14.299 ; 14.299 ; 14.299 ; 14.299 ;
; Instr[29]  ; ALUresu[26]   ; 14.246 ; 14.246 ; 14.246 ; 14.246 ;
; Instr[29]  ; ALUresu[27]   ; 14.386 ; 14.386 ; 14.386 ; 14.386 ;
; Instr[29]  ; ALUresu[28]   ; 14.354 ; 14.354 ; 14.354 ; 14.354 ;
; Instr[29]  ; ALUresu[29]   ; 14.755 ; 14.755 ; 14.755 ; 14.755 ;
; Instr[29]  ; ALUresu[30]   ; 14.740 ; 14.740 ; 14.740 ; 14.740 ;
; Instr[29]  ; ALUresu[31]   ; 15.426 ; 15.426 ; 15.426 ; 15.426 ;
; Instr[30]  ; ALUControl[0] ;        ; 8.725  ; 8.725  ;        ;
; Instr[30]  ; ALUControl[2] ;        ; 8.725  ; 8.725  ;        ;
; Instr[30]  ; ALUresu[0]    ; 12.411 ; 12.411 ; 12.411 ; 12.411 ;
; Instr[30]  ; ALUresu[1]    ; 10.414 ; 10.414 ; 10.414 ; 10.414 ;
; Instr[30]  ; ALUresu[2]    ; 10.635 ; 10.635 ; 10.635 ; 10.635 ;
; Instr[30]  ; ALUresu[3]    ; 10.597 ; 10.597 ; 10.597 ; 10.597 ;
; Instr[30]  ; ALUresu[4]    ; 10.774 ; 10.774 ; 10.774 ; 10.774 ;
; Instr[30]  ; ALUresu[5]    ; 10.542 ; 10.542 ; 10.542 ; 10.542 ;
; Instr[30]  ; ALUresu[6]    ; 11.031 ; 11.031 ; 11.031 ; 11.031 ;
; Instr[30]  ; ALUresu[7]    ; 11.463 ; 11.463 ; 11.463 ; 11.463 ;
; Instr[30]  ; ALUresu[8]    ; 11.619 ; 11.619 ; 11.619 ; 11.619 ;
; Instr[30]  ; ALUresu[9]    ; 11.854 ; 11.854 ; 11.854 ; 11.854 ;
; Instr[30]  ; ALUresu[10]   ; 12.081 ; 12.081 ; 12.081 ; 12.081 ;
; Instr[30]  ; ALUresu[11]   ; 11.771 ; 11.771 ; 11.771 ; 11.771 ;
; Instr[30]  ; ALUresu[12]   ; 12.461 ; 12.461 ; 12.461 ; 12.461 ;
; Instr[30]  ; ALUresu[13]   ; 12.139 ; 12.139 ; 12.139 ; 12.139 ;
; Instr[30]  ; ALUresu[14]   ; 12.312 ; 12.312 ; 12.312 ; 12.312 ;
; Instr[30]  ; ALUresu[15]   ; 12.602 ; 12.602 ; 12.602 ; 12.602 ;
; Instr[30]  ; ALUresu[16]   ; 13.558 ; 13.558 ; 13.558 ; 13.558 ;
; Instr[30]  ; ALUresu[17]   ; 13.138 ; 13.138 ; 13.138 ; 13.138 ;
; Instr[30]  ; ALUresu[18]   ; 13.474 ; 13.474 ; 13.474 ; 13.474 ;
; Instr[30]  ; ALUresu[19]   ; 13.352 ; 13.352 ; 13.352 ; 13.352 ;
; Instr[30]  ; ALUresu[20]   ; 13.444 ; 13.444 ; 13.444 ; 13.444 ;
; Instr[30]  ; ALUresu[21]   ; 13.695 ; 13.695 ; 13.695 ; 13.695 ;
; Instr[30]  ; ALUresu[22]   ; 13.968 ; 13.968 ; 13.968 ; 13.968 ;
; Instr[30]  ; ALUresu[23]   ; 14.670 ; 14.670 ; 14.670 ; 14.670 ;
; Instr[30]  ; ALUresu[24]   ; 14.921 ; 14.921 ; 14.921 ; 14.921 ;
; Instr[30]  ; ALUresu[25]   ; 14.658 ; 14.658 ; 14.658 ; 14.658 ;
; Instr[30]  ; ALUresu[26]   ; 14.605 ; 14.605 ; 14.605 ; 14.605 ;
; Instr[30]  ; ALUresu[27]   ; 14.745 ; 14.745 ; 14.745 ; 14.745 ;
; Instr[30]  ; ALUresu[28]   ; 14.713 ; 14.713 ; 14.713 ; 14.713 ;
; Instr[30]  ; ALUresu[29]   ; 15.114 ; 15.114 ; 15.114 ; 15.114 ;
; Instr[30]  ; ALUresu[30]   ; 15.099 ; 15.099 ; 15.099 ; 15.099 ;
; Instr[30]  ; ALUresu[31]   ; 15.785 ; 15.785 ; 15.785 ; 15.785 ;
; Instr[31]  ; ALUControl[0] ;        ; 9.281  ; 9.281  ;        ;
; Instr[31]  ; ALUControl[2] ;        ; 9.281  ; 9.281  ;        ;
; Instr[31]  ; ALUresu[0]    ; 12.967 ; 12.967 ; 12.967 ; 12.967 ;
; Instr[31]  ; ALUresu[1]    ; 10.970 ; 10.970 ; 10.970 ; 10.970 ;
; Instr[31]  ; ALUresu[2]    ; 11.191 ; 11.191 ; 11.191 ; 11.191 ;
; Instr[31]  ; ALUresu[3]    ; 11.153 ; 11.153 ; 11.153 ; 11.153 ;
; Instr[31]  ; ALUresu[4]    ; 11.330 ; 11.330 ; 11.330 ; 11.330 ;
; Instr[31]  ; ALUresu[5]    ; 11.098 ; 11.098 ; 11.098 ; 11.098 ;
; Instr[31]  ; ALUresu[6]    ; 11.587 ; 11.587 ; 11.587 ; 11.587 ;
; Instr[31]  ; ALUresu[7]    ; 12.019 ; 12.019 ; 12.019 ; 12.019 ;
; Instr[31]  ; ALUresu[8]    ; 12.175 ; 12.175 ; 12.175 ; 12.175 ;
; Instr[31]  ; ALUresu[9]    ; 12.410 ; 12.410 ; 12.410 ; 12.410 ;
; Instr[31]  ; ALUresu[10]   ; 12.637 ; 12.637 ; 12.637 ; 12.637 ;
; Instr[31]  ; ALUresu[11]   ; 12.327 ; 12.327 ; 12.327 ; 12.327 ;
; Instr[31]  ; ALUresu[12]   ; 13.017 ; 13.017 ; 13.017 ; 13.017 ;
; Instr[31]  ; ALUresu[13]   ; 12.695 ; 12.695 ; 12.695 ; 12.695 ;
; Instr[31]  ; ALUresu[14]   ; 12.868 ; 12.868 ; 12.868 ; 12.868 ;
; Instr[31]  ; ALUresu[15]   ; 13.158 ; 13.158 ; 13.158 ; 13.158 ;
; Instr[31]  ; ALUresu[16]   ; 14.114 ; 14.114 ; 14.114 ; 14.114 ;
; Instr[31]  ; ALUresu[17]   ; 13.694 ; 13.694 ; 13.694 ; 13.694 ;
; Instr[31]  ; ALUresu[18]   ; 14.030 ; 14.030 ; 14.030 ; 14.030 ;
; Instr[31]  ; ALUresu[19]   ; 13.908 ; 13.908 ; 13.908 ; 13.908 ;
; Instr[31]  ; ALUresu[20]   ; 14.000 ; 14.000 ; 14.000 ; 14.000 ;
; Instr[31]  ; ALUresu[21]   ; 14.251 ; 14.251 ; 14.251 ; 14.251 ;
; Instr[31]  ; ALUresu[22]   ; 14.524 ; 14.524 ; 14.524 ; 14.524 ;
; Instr[31]  ; ALUresu[23]   ; 15.226 ; 15.226 ; 15.226 ; 15.226 ;
; Instr[31]  ; ALUresu[24]   ; 15.477 ; 15.477 ; 15.477 ; 15.477 ;
; Instr[31]  ; ALUresu[25]   ; 15.214 ; 15.214 ; 15.214 ; 15.214 ;
; Instr[31]  ; ALUresu[26]   ; 15.161 ; 15.161 ; 15.161 ; 15.161 ;
; Instr[31]  ; ALUresu[27]   ; 15.301 ; 15.301 ; 15.301 ; 15.301 ;
; Instr[31]  ; ALUresu[28]   ; 15.269 ; 15.269 ; 15.269 ; 15.269 ;
; Instr[31]  ; ALUresu[29]   ; 15.670 ; 15.670 ; 15.670 ; 15.670 ;
; Instr[31]  ; ALUresu[30]   ; 15.655 ; 15.655 ; 15.655 ; 15.655 ;
; Instr[31]  ; ALUresu[31]   ; 16.341 ; 16.341 ; 16.341 ; 16.341 ;
+------------+---------------+--------+--------+--------+--------+


+----------------------------------------------------------------+
; Minimum Propagation Delay                                      ;
+------------+---------------+--------+--------+--------+--------+
; Input Port ; Output Port   ; RR     ; RF     ; FR     ; FF     ;
+------------+---------------+--------+--------+--------+--------+
; Instr[1]   ; ALUControl[0] ; 7.581  ;        ;        ; 7.581  ;
; Instr[1]   ; ALUControl[2] ; 7.581  ;        ;        ; 7.581  ;
; Instr[1]   ; ALUresu[0]    ; 7.975  ; 7.975  ; 7.975  ; 7.975  ;
; Instr[1]   ; ALUresu[1]    ; 7.947  ; 7.708  ; 7.708  ; 7.947  ;
; Instr[1]   ; ALUresu[2]    ; 8.168  ; 8.034  ; 8.034  ; 8.168  ;
; Instr[1]   ; ALUresu[3]    ; 8.130  ; 7.821  ; 7.821  ; 8.130  ;
; Instr[1]   ; ALUresu[4]    ; 8.307  ; 7.817  ; 7.817  ; 8.307  ;
; Instr[1]   ; ALUresu[5]    ; 8.075  ; 7.252  ; 7.252  ; 8.075  ;
; Instr[1]   ; ALUresu[6]    ; 8.564  ; 7.797  ; 7.797  ; 8.564  ;
; Instr[1]   ; ALUresu[7]    ; 8.996  ; 7.624  ; 7.624  ; 8.996  ;
; Instr[1]   ; ALUresu[8]    ; 9.152  ; 7.436  ; 7.436  ; 9.152  ;
; Instr[1]   ; ALUresu[9]    ; 9.387  ; 7.868  ; 7.868  ; 9.387  ;
; Instr[1]   ; ALUresu[10]   ; 9.614  ; 8.659  ; 8.659  ; 9.614  ;
; Instr[1]   ; ALUresu[11]   ; 9.304  ; 7.351  ; 7.351  ; 9.304  ;
; Instr[1]   ; ALUresu[12]   ; 9.994  ; 8.100  ; 8.100  ; 9.994  ;
; Instr[1]   ; ALUresu[13]   ; 9.672  ; 7.229  ; 7.229  ; 9.672  ;
; Instr[1]   ; ALUresu[14]   ; 9.845  ; 7.623  ; 7.623  ; 9.845  ;
; Instr[1]   ; ALUresu[15]   ; 10.135 ; 7.623  ; 7.623  ; 10.135 ;
; Instr[1]   ; ALUresu[16]   ; 11.091 ; 8.877  ; 8.877  ; 11.091 ;
; Instr[1]   ; ALUresu[17]   ; 10.671 ; 7.430  ; 7.430  ; 10.671 ;
; Instr[1]   ; ALUresu[18]   ; 11.007 ; 8.103  ; 8.103  ; 11.007 ;
; Instr[1]   ; ALUresu[19]   ; 10.885 ; 7.877  ; 7.877  ; 10.885 ;
; Instr[1]   ; ALUresu[20]   ; 10.977 ; 7.983  ; 7.983  ; 10.977 ;
; Instr[1]   ; ALUresu[21]   ; 11.228 ; 8.067  ; 8.067  ; 11.228 ;
; Instr[1]   ; ALUresu[22]   ; 11.501 ; 8.172  ; 8.172  ; 11.501 ;
; Instr[1]   ; ALUresu[23]   ; 12.203 ; 7.543  ; 7.543  ; 12.203 ;
; Instr[1]   ; ALUresu[24]   ; 12.454 ; 8.926  ; 8.926  ; 12.454 ;
; Instr[1]   ; ALUresu[25]   ; 12.191 ; 8.190  ; 8.190  ; 12.191 ;
; Instr[1]   ; ALUresu[26]   ; 12.138 ; 7.993  ; 7.993  ; 12.138 ;
; Instr[1]   ; ALUresu[27]   ; 12.278 ; 8.359  ; 8.359  ; 12.278 ;
; Instr[1]   ; ALUresu[28]   ; 12.246 ; 7.881  ; 7.881  ; 12.246 ;
; Instr[1]   ; ALUresu[29]   ; 12.647 ; 8.235  ; 8.235  ; 12.647 ;
; Instr[1]   ; ALUresu[30]   ; 12.632 ; 7.671  ; 7.671  ; 12.632 ;
; Instr[1]   ; ALUresu[31]   ; 13.318 ; 7.618  ; 7.618  ; 13.318 ;
; Instr[2]   ; ALUControl[0] ;        ; 7.836  ; 7.836  ;        ;
; Instr[2]   ; ALUControl[2] ;        ; 7.836  ; 7.836  ;        ;
; Instr[2]   ; ALUresu[0]    ; 8.230  ; 8.230  ; 8.230  ; 8.230  ;
; Instr[2]   ; ALUresu[1]    ; 7.963  ;        ;        ; 7.963  ;
; Instr[2]   ; ALUresu[2]    ; 8.289  ; 8.763  ; 8.763  ; 8.289  ;
; Instr[2]   ; ALUresu[3]    ; 8.076  ; 8.137  ; 8.137  ; 8.076  ;
; Instr[2]   ; ALUresu[4]    ; 8.072  ; 8.314  ; 8.314  ; 8.072  ;
; Instr[2]   ; ALUresu[5]    ; 7.507  ; 8.082  ; 8.082  ; 7.507  ;
; Instr[2]   ; ALUresu[6]    ; 8.052  ; 8.571  ; 8.571  ; 8.052  ;
; Instr[2]   ; ALUresu[7]    ; 7.879  ; 9.003  ; 9.003  ; 7.879  ;
; Instr[2]   ; ALUresu[8]    ; 7.691  ; 9.159  ; 9.159  ; 7.691  ;
; Instr[2]   ; ALUresu[9]    ; 8.123  ; 9.394  ; 9.394  ; 8.123  ;
; Instr[2]   ; ALUresu[10]   ; 8.914  ; 9.621  ; 9.621  ; 8.914  ;
; Instr[2]   ; ALUresu[11]   ; 7.606  ; 9.311  ; 9.311  ; 7.606  ;
; Instr[2]   ; ALUresu[12]   ; 8.355  ; 10.001 ; 10.001 ; 8.355  ;
; Instr[2]   ; ALUresu[13]   ; 7.484  ; 9.679  ; 9.679  ; 7.484  ;
; Instr[2]   ; ALUresu[14]   ; 7.878  ; 9.852  ; 9.852  ; 7.878  ;
; Instr[2]   ; ALUresu[15]   ; 7.878  ; 10.142 ; 10.142 ; 7.878  ;
; Instr[2]   ; ALUresu[16]   ; 9.132  ; 11.098 ; 11.098 ; 9.132  ;
; Instr[2]   ; ALUresu[17]   ; 7.685  ; 10.678 ; 10.678 ; 7.685  ;
; Instr[2]   ; ALUresu[18]   ; 8.358  ; 11.014 ; 11.014 ; 8.358  ;
; Instr[2]   ; ALUresu[19]   ; 8.132  ; 10.892 ; 10.892 ; 8.132  ;
; Instr[2]   ; ALUresu[20]   ; 8.238  ; 10.984 ; 10.984 ; 8.238  ;
; Instr[2]   ; ALUresu[21]   ; 8.322  ; 11.235 ; 11.235 ; 8.322  ;
; Instr[2]   ; ALUresu[22]   ; 8.427  ; 11.508 ; 11.508 ; 8.427  ;
; Instr[2]   ; ALUresu[23]   ; 7.798  ; 12.210 ; 12.210 ; 7.798  ;
; Instr[2]   ; ALUresu[24]   ; 9.181  ; 12.461 ; 12.461 ; 9.181  ;
; Instr[2]   ; ALUresu[25]   ; 8.445  ; 12.198 ; 12.198 ; 8.445  ;
; Instr[2]   ; ALUresu[26]   ; 8.248  ; 12.145 ; 12.145 ; 8.248  ;
; Instr[2]   ; ALUresu[27]   ; 8.614  ; 12.285 ; 12.285 ; 8.614  ;
; Instr[2]   ; ALUresu[28]   ; 8.136  ; 12.253 ; 12.253 ; 8.136  ;
; Instr[2]   ; ALUresu[29]   ; 8.490  ; 12.654 ; 12.654 ; 8.490  ;
; Instr[2]   ; ALUresu[30]   ; 7.926  ; 12.639 ; 12.639 ; 7.926  ;
; Instr[2]   ; ALUresu[31]   ; 7.873  ; 13.325 ; 13.325 ; 7.873  ;
; Instr[3]   ; ALUControl[0] ; 7.830  ;        ;        ; 7.830  ;
; Instr[3]   ; ALUControl[2] ; 7.830  ;        ;        ; 7.830  ;
; Instr[3]   ; ALUresu[0]    ; 8.224  ; 8.224  ; 8.224  ; 8.224  ;
; Instr[3]   ; ALUresu[1]    ;        ; 7.957  ; 7.957  ;        ;
; Instr[3]   ; ALUresu[2]    ;        ; 8.283  ; 8.283  ;        ;
; Instr[3]   ; ALUresu[3]    ; 8.407  ; 8.070  ; 8.070  ; 8.407  ;
; Instr[3]   ; ALUresu[4]    ; 8.130  ; 8.066  ; 8.066  ; 8.130  ;
; Instr[3]   ; ALUresu[5]    ; 7.898  ; 7.501  ; 7.501  ; 7.898  ;
; Instr[3]   ; ALUresu[6]    ; 8.387  ; 8.046  ; 8.046  ; 8.387  ;
; Instr[3]   ; ALUresu[7]    ; 8.819  ; 7.873  ; 7.873  ; 8.819  ;
; Instr[3]   ; ALUresu[8]    ; 8.975  ; 7.685  ; 7.685  ; 8.975  ;
; Instr[3]   ; ALUresu[9]    ; 9.210  ; 8.117  ; 8.117  ; 9.210  ;
; Instr[3]   ; ALUresu[10]   ; 9.437  ; 8.908  ; 8.908  ; 9.437  ;
; Instr[3]   ; ALUresu[11]   ; 9.127  ; 7.600  ; 7.600  ; 9.127  ;
; Instr[3]   ; ALUresu[12]   ; 9.817  ; 8.349  ; 8.349  ; 9.817  ;
; Instr[3]   ; ALUresu[13]   ; 9.495  ; 7.478  ; 7.478  ; 9.495  ;
; Instr[3]   ; ALUresu[14]   ; 9.668  ; 7.872  ; 7.872  ; 9.668  ;
; Instr[3]   ; ALUresu[15]   ; 9.958  ; 7.872  ; 7.872  ; 9.958  ;
; Instr[3]   ; ALUresu[16]   ; 10.914 ; 9.126  ; 9.126  ; 10.914 ;
; Instr[3]   ; ALUresu[17]   ; 10.494 ; 7.679  ; 7.679  ; 10.494 ;
; Instr[3]   ; ALUresu[18]   ; 10.830 ; 8.352  ; 8.352  ; 10.830 ;
; Instr[3]   ; ALUresu[19]   ; 10.708 ; 8.126  ; 8.126  ; 10.708 ;
; Instr[3]   ; ALUresu[20]   ; 10.800 ; 8.232  ; 8.232  ; 10.800 ;
; Instr[3]   ; ALUresu[21]   ; 11.051 ; 8.316  ; 8.316  ; 11.051 ;
; Instr[3]   ; ALUresu[22]   ; 11.324 ; 8.421  ; 8.421  ; 11.324 ;
; Instr[3]   ; ALUresu[23]   ; 12.026 ; 7.792  ; 7.792  ; 12.026 ;
; Instr[3]   ; ALUresu[24]   ; 12.277 ; 9.175  ; 9.175  ; 12.277 ;
; Instr[3]   ; ALUresu[25]   ; 12.014 ; 8.439  ; 8.439  ; 12.014 ;
; Instr[3]   ; ALUresu[26]   ; 11.961 ; 8.242  ; 8.242  ; 11.961 ;
; Instr[3]   ; ALUresu[27]   ; 12.101 ; 8.608  ; 8.608  ; 12.101 ;
; Instr[3]   ; ALUresu[28]   ; 12.069 ; 8.130  ; 8.130  ; 12.069 ;
; Instr[3]   ; ALUresu[29]   ; 12.470 ; 8.484  ; 8.484  ; 12.470 ;
; Instr[3]   ; ALUresu[30]   ; 12.455 ; 7.920  ; 7.920  ; 12.455 ;
; Instr[3]   ; ALUresu[31]   ; 13.141 ; 7.867  ; 7.867  ; 13.141 ;
; Instr[4]   ; ALUControl[0] ;        ; 7.787  ; 7.787  ;        ;
; Instr[4]   ; ALUControl[2] ;        ; 7.787  ; 7.787  ;        ;
; Instr[4]   ; ALUresu[0]    ; 8.181  ; 8.181  ; 8.181  ; 8.181  ;
; Instr[4]   ; ALUresu[1]    ; 7.914  ;        ;        ; 7.914  ;
; Instr[4]   ; ALUresu[2]    ; 8.240  ;        ;        ; 8.240  ;
; Instr[4]   ; ALUresu[3]    ; 8.027  ;        ;        ; 8.027  ;
; Instr[4]   ; ALUresu[4]    ; 8.023  ; 8.721  ; 8.721  ; 8.023  ;
; Instr[4]   ; ALUresu[5]    ; 7.458  ; 7.983  ; 7.983  ; 7.458  ;
; Instr[4]   ; ALUresu[6]    ; 8.003  ; 8.472  ; 8.472  ; 8.003  ;
; Instr[4]   ; ALUresu[7]    ; 7.830  ; 8.904  ; 8.904  ; 7.830  ;
; Instr[4]   ; ALUresu[8]    ; 7.642  ; 9.060  ; 9.060  ; 7.642  ;
; Instr[4]   ; ALUresu[9]    ; 8.074  ; 9.295  ; 9.295  ; 8.074  ;
; Instr[4]   ; ALUresu[10]   ; 8.865  ; 9.522  ; 9.522  ; 8.865  ;
; Instr[4]   ; ALUresu[11]   ; 7.557  ; 9.212  ; 9.212  ; 7.557  ;
; Instr[4]   ; ALUresu[12]   ; 8.306  ; 9.902  ; 9.902  ; 8.306  ;
; Instr[4]   ; ALUresu[13]   ; 7.435  ; 9.580  ; 9.580  ; 7.435  ;
; Instr[4]   ; ALUresu[14]   ; 7.829  ; 9.753  ; 9.753  ; 7.829  ;
; Instr[4]   ; ALUresu[15]   ; 7.829  ; 10.043 ; 10.043 ; 7.829  ;
; Instr[4]   ; ALUresu[16]   ; 9.083  ; 10.999 ; 10.999 ; 9.083  ;
; Instr[4]   ; ALUresu[17]   ; 7.636  ; 10.579 ; 10.579 ; 7.636  ;
; Instr[4]   ; ALUresu[18]   ; 8.309  ; 10.915 ; 10.915 ; 8.309  ;
; Instr[4]   ; ALUresu[19]   ; 8.083  ; 10.793 ; 10.793 ; 8.083  ;
; Instr[4]   ; ALUresu[20]   ; 8.189  ; 10.885 ; 10.885 ; 8.189  ;
; Instr[4]   ; ALUresu[21]   ; 8.273  ; 11.136 ; 11.136 ; 8.273  ;
; Instr[4]   ; ALUresu[22]   ; 8.378  ; 11.409 ; 11.409 ; 8.378  ;
; Instr[4]   ; ALUresu[23]   ; 7.749  ; 12.111 ; 12.111 ; 7.749  ;
; Instr[4]   ; ALUresu[24]   ; 9.132  ; 12.362 ; 12.362 ; 9.132  ;
; Instr[4]   ; ALUresu[25]   ; 8.396  ; 12.099 ; 12.099 ; 8.396  ;
; Instr[4]   ; ALUresu[26]   ; 8.199  ; 12.046 ; 12.046 ; 8.199  ;
; Instr[4]   ; ALUresu[27]   ; 8.565  ; 12.186 ; 12.186 ; 8.565  ;
; Instr[4]   ; ALUresu[28]   ; 8.087  ; 12.154 ; 12.154 ; 8.087  ;
; Instr[4]   ; ALUresu[29]   ; 8.441  ; 12.555 ; 12.555 ; 8.441  ;
; Instr[4]   ; ALUresu[30]   ; 7.877  ; 12.540 ; 12.540 ; 7.877  ;
; Instr[4]   ; ALUresu[31]   ; 7.824  ; 13.226 ; 13.226 ; 7.824  ;
; Instr[5]   ; ALUControl[0] ; 7.750  ;        ;        ; 7.750  ;
; Instr[5]   ; ALUControl[2] ; 7.750  ;        ;        ; 7.750  ;
; Instr[5]   ; ALUresu[0]    ; 8.144  ; 8.144  ; 8.144  ; 8.144  ;
; Instr[5]   ; ALUresu[1]    ;        ; 7.877  ; 7.877  ;        ;
; Instr[5]   ; ALUresu[2]    ;        ; 8.203  ; 8.203  ;        ;
; Instr[5]   ; ALUresu[3]    ;        ; 7.990  ; 7.990  ;        ;
; Instr[5]   ; ALUresu[4]    ;        ; 7.986  ; 7.986  ;        ;
; Instr[5]   ; ALUresu[5]    ; 7.910  ; 7.421  ; 7.421  ; 7.910  ;
; Instr[5]   ; ALUresu[6]    ; 8.496  ; 7.966  ; 7.966  ; 8.496  ;
; Instr[5]   ; ALUresu[7]    ; 8.928  ; 7.793  ; 7.793  ; 8.928  ;
; Instr[5]   ; ALUresu[8]    ; 9.084  ; 7.605  ; 7.605  ; 9.084  ;
; Instr[5]   ; ALUresu[9]    ; 9.319  ; 8.037  ; 8.037  ; 9.319  ;
; Instr[5]   ; ALUresu[10]   ; 9.546  ; 8.828  ; 8.828  ; 9.546  ;
; Instr[5]   ; ALUresu[11]   ; 9.236  ; 7.520  ; 7.520  ; 9.236  ;
; Instr[5]   ; ALUresu[12]   ; 9.926  ; 8.269  ; 8.269  ; 9.926  ;
; Instr[5]   ; ALUresu[13]   ; 9.604  ; 7.398  ; 7.398  ; 9.604  ;
; Instr[5]   ; ALUresu[14]   ; 9.777  ; 7.792  ; 7.792  ; 9.777  ;
; Instr[5]   ; ALUresu[15]   ; 10.067 ; 7.792  ; 7.792  ; 10.067 ;
; Instr[5]   ; ALUresu[16]   ; 11.023 ; 9.046  ; 9.046  ; 11.023 ;
; Instr[5]   ; ALUresu[17]   ; 10.603 ; 7.599  ; 7.599  ; 10.603 ;
; Instr[5]   ; ALUresu[18]   ; 10.939 ; 8.272  ; 8.272  ; 10.939 ;
; Instr[5]   ; ALUresu[19]   ; 10.817 ; 8.046  ; 8.046  ; 10.817 ;
; Instr[5]   ; ALUresu[20]   ; 10.909 ; 8.152  ; 8.152  ; 10.909 ;
; Instr[5]   ; ALUresu[21]   ; 11.160 ; 8.236  ; 8.236  ; 11.160 ;
; Instr[5]   ; ALUresu[22]   ; 11.433 ; 8.341  ; 8.341  ; 11.433 ;
; Instr[5]   ; ALUresu[23]   ; 12.135 ; 7.712  ; 7.712  ; 12.135 ;
; Instr[5]   ; ALUresu[24]   ; 12.386 ; 9.095  ; 9.095  ; 12.386 ;
; Instr[5]   ; ALUresu[25]   ; 12.123 ; 8.359  ; 8.359  ; 12.123 ;
; Instr[5]   ; ALUresu[26]   ; 12.070 ; 8.162  ; 8.162  ; 12.070 ;
; Instr[5]   ; ALUresu[27]   ; 12.210 ; 8.528  ; 8.528  ; 12.210 ;
; Instr[5]   ; ALUresu[28]   ; 12.178 ; 8.050  ; 8.050  ; 12.178 ;
; Instr[5]   ; ALUresu[29]   ; 12.579 ; 8.404  ; 8.404  ; 12.579 ;
; Instr[5]   ; ALUresu[30]   ; 12.564 ; 7.840  ; 7.840  ; 12.564 ;
; Instr[5]   ; ALUresu[31]   ; 13.250 ; 7.787  ; 7.787  ; 13.250 ;
; Instr[6]   ; ALUresu[0]    ; 9.839  ;        ;        ; 9.839  ;
; Instr[6]   ; ALUresu[6]    ; 8.399  ; 8.399  ; 8.399  ; 8.399  ;
; Instr[6]   ; ALUresu[7]    ; 8.355  ; 8.355  ; 8.355  ; 8.355  ;
; Instr[6]   ; ALUresu[8]    ; 8.511  ; 8.511  ; 8.511  ; 8.511  ;
; Instr[6]   ; ALUresu[9]    ; 8.746  ; 8.746  ; 8.746  ; 8.746  ;
; Instr[6]   ; ALUresu[10]   ; 8.973  ; 8.973  ; 8.973  ; 8.973  ;
; Instr[6]   ; ALUresu[11]   ; 8.663  ; 8.663  ; 8.663  ; 8.663  ;
; Instr[6]   ; ALUresu[12]   ; 9.353  ; 9.353  ; 9.353  ; 9.353  ;
; Instr[6]   ; ALUresu[13]   ; 9.031  ; 9.031  ; 9.031  ; 9.031  ;
; Instr[6]   ; ALUresu[14]   ; 9.204  ; 9.204  ; 9.204  ; 9.204  ;
; Instr[6]   ; ALUresu[15]   ; 9.494  ; 9.494  ; 9.494  ; 9.494  ;
; Instr[6]   ; ALUresu[16]   ; 10.450 ; 10.450 ; 10.450 ; 10.450 ;
; Instr[6]   ; ALUresu[17]   ; 10.030 ; 10.030 ; 10.030 ; 10.030 ;
; Instr[6]   ; ALUresu[18]   ; 10.366 ; 10.366 ; 10.366 ; 10.366 ;
; Instr[6]   ; ALUresu[19]   ; 10.244 ; 10.244 ; 10.244 ; 10.244 ;
; Instr[6]   ; ALUresu[20]   ; 10.336 ; 10.336 ; 10.336 ; 10.336 ;
; Instr[6]   ; ALUresu[21]   ; 10.587 ; 10.587 ; 10.587 ; 10.587 ;
; Instr[6]   ; ALUresu[22]   ; 10.860 ; 10.860 ; 10.860 ; 10.860 ;
; Instr[6]   ; ALUresu[23]   ; 11.562 ; 11.562 ; 11.562 ; 11.562 ;
; Instr[6]   ; ALUresu[24]   ; 11.813 ; 11.813 ; 11.813 ; 11.813 ;
; Instr[6]   ; ALUresu[25]   ; 11.550 ; 11.550 ; 11.550 ; 11.550 ;
; Instr[6]   ; ALUresu[26]   ; 11.497 ; 11.497 ; 11.497 ; 11.497 ;
; Instr[6]   ; ALUresu[27]   ; 11.637 ; 11.637 ; 11.637 ; 11.637 ;
; Instr[6]   ; ALUresu[28]   ; 11.605 ; 11.605 ; 11.605 ; 11.605 ;
; Instr[6]   ; ALUresu[29]   ; 12.006 ; 12.006 ; 12.006 ; 12.006 ;
; Instr[6]   ; ALUresu[30]   ; 11.991 ; 11.991 ; 11.991 ; 11.991 ;
; Instr[6]   ; ALUresu[31]   ; 12.677 ; 12.677 ; 12.677 ; 12.677 ;
; Instr[7]   ; ALUresu[0]    ; 10.275 ;        ;        ; 10.275 ;
; Instr[7]   ; ALUresu[7]    ; 8.155  ; 8.155  ; 8.155  ; 8.155  ;
; Instr[7]   ; ALUresu[8]    ; 8.787  ; 8.787  ; 8.787  ; 8.787  ;
; Instr[7]   ; ALUresu[9]    ; 9.022  ; 9.022  ; 9.022  ; 9.022  ;
; Instr[7]   ; ALUresu[10]   ; 9.249  ; 9.249  ; 9.249  ; 9.249  ;
; Instr[7]   ; ALUresu[11]   ; 8.939  ; 8.939  ; 8.939  ; 8.939  ;
; Instr[7]   ; ALUresu[12]   ; 9.629  ; 9.629  ; 9.629  ; 9.629  ;
; Instr[7]   ; ALUresu[13]   ; 9.307  ; 9.307  ; 9.307  ; 9.307  ;
; Instr[7]   ; ALUresu[14]   ; 9.480  ; 9.480  ; 9.480  ; 9.480  ;
; Instr[7]   ; ALUresu[15]   ; 9.770  ; 9.770  ; 9.770  ; 9.770  ;
; Instr[7]   ; ALUresu[16]   ; 10.726 ; 10.726 ; 10.726 ; 10.726 ;
; Instr[7]   ; ALUresu[17]   ; 10.306 ; 10.306 ; 10.306 ; 10.306 ;
; Instr[7]   ; ALUresu[18]   ; 10.642 ; 10.642 ; 10.642 ; 10.642 ;
; Instr[7]   ; ALUresu[19]   ; 10.520 ; 10.520 ; 10.520 ; 10.520 ;
; Instr[7]   ; ALUresu[20]   ; 10.612 ; 10.612 ; 10.612 ; 10.612 ;
; Instr[7]   ; ALUresu[21]   ; 10.863 ; 10.863 ; 10.863 ; 10.863 ;
; Instr[7]   ; ALUresu[22]   ; 11.136 ; 11.136 ; 11.136 ; 11.136 ;
; Instr[7]   ; ALUresu[23]   ; 11.838 ; 11.838 ; 11.838 ; 11.838 ;
; Instr[7]   ; ALUresu[24]   ; 12.089 ; 12.089 ; 12.089 ; 12.089 ;
; Instr[7]   ; ALUresu[25]   ; 11.826 ; 11.826 ; 11.826 ; 11.826 ;
; Instr[7]   ; ALUresu[26]   ; 11.773 ; 11.773 ; 11.773 ; 11.773 ;
; Instr[7]   ; ALUresu[27]   ; 11.913 ; 11.913 ; 11.913 ; 11.913 ;
; Instr[7]   ; ALUresu[28]   ; 11.881 ; 11.881 ; 11.881 ; 11.881 ;
; Instr[7]   ; ALUresu[29]   ; 12.282 ; 12.282 ; 12.282 ; 12.282 ;
; Instr[7]   ; ALUresu[30]   ; 12.267 ; 12.267 ; 12.267 ; 12.267 ;
; Instr[7]   ; ALUresu[31]   ; 12.953 ; 12.953 ; 12.953 ; 12.953 ;
; Instr[8]   ; ALUresu[0]    ; 9.140  ;        ;        ; 9.140  ;
; Instr[8]   ; ALUresu[8]    ; 7.447  ; 7.447  ; 7.447  ; 7.447  ;
; Instr[8]   ; ALUresu[9]    ; 8.040  ; 8.040  ; 8.040  ; 8.040  ;
; Instr[8]   ; ALUresu[10]   ; 8.267  ; 8.267  ; 8.267  ; 8.267  ;
; Instr[8]   ; ALUresu[11]   ; 7.957  ; 7.957  ; 7.957  ; 7.957  ;
; Instr[8]   ; ALUresu[12]   ; 8.647  ; 8.647  ; 8.647  ; 8.647  ;
; Instr[8]   ; ALUresu[13]   ; 8.325  ; 8.325  ; 8.325  ; 8.325  ;
; Instr[8]   ; ALUresu[14]   ; 8.498  ; 8.498  ; 8.498  ; 8.498  ;
; Instr[8]   ; ALUresu[15]   ; 8.788  ; 8.788  ; 8.788  ; 8.788  ;
; Instr[8]   ; ALUresu[16]   ; 9.744  ; 9.744  ; 9.744  ; 9.744  ;
; Instr[8]   ; ALUresu[17]   ; 9.324  ; 9.324  ; 9.324  ; 9.324  ;
; Instr[8]   ; ALUresu[18]   ; 9.660  ; 9.660  ; 9.660  ; 9.660  ;
; Instr[8]   ; ALUresu[19]   ; 9.538  ; 9.538  ; 9.538  ; 9.538  ;
; Instr[8]   ; ALUresu[20]   ; 9.630  ; 9.630  ; 9.630  ; 9.630  ;
; Instr[8]   ; ALUresu[21]   ; 9.881  ; 9.881  ; 9.881  ; 9.881  ;
; Instr[8]   ; ALUresu[22]   ; 10.154 ; 10.154 ; 10.154 ; 10.154 ;
; Instr[8]   ; ALUresu[23]   ; 10.856 ; 10.856 ; 10.856 ; 10.856 ;
; Instr[8]   ; ALUresu[24]   ; 11.107 ; 11.107 ; 11.107 ; 11.107 ;
; Instr[8]   ; ALUresu[25]   ; 10.844 ; 10.844 ; 10.844 ; 10.844 ;
; Instr[8]   ; ALUresu[26]   ; 10.791 ; 10.791 ; 10.791 ; 10.791 ;
; Instr[8]   ; ALUresu[27]   ; 10.931 ; 10.931 ; 10.931 ; 10.931 ;
; Instr[8]   ; ALUresu[28]   ; 10.899 ; 10.899 ; 10.899 ; 10.899 ;
; Instr[8]   ; ALUresu[29]   ; 11.300 ; 11.300 ; 11.300 ; 11.300 ;
; Instr[8]   ; ALUresu[30]   ; 11.285 ; 11.285 ; 11.285 ; 11.285 ;
; Instr[8]   ; ALUresu[31]   ; 11.971 ; 11.971 ; 11.971 ; 11.971 ;
; Instr[9]   ; ALUresu[0]    ; 8.863  ;        ;        ; 8.863  ;
; Instr[9]   ; ALUresu[9]    ; 6.821  ; 6.821  ; 6.821  ; 6.821  ;
; Instr[9]   ; ALUresu[10]   ; 8.108  ; 8.108  ; 8.108  ; 8.108  ;
; Instr[9]   ; ALUresu[11]   ; 7.798  ; 7.798  ; 7.798  ; 7.798  ;
; Instr[9]   ; ALUresu[12]   ; 8.488  ; 8.488  ; 8.488  ; 8.488  ;
; Instr[9]   ; ALUresu[13]   ; 8.166  ; 8.166  ; 8.166  ; 8.166  ;
; Instr[9]   ; ALUresu[14]   ; 8.339  ; 8.339  ; 8.339  ; 8.339  ;
; Instr[9]   ; ALUresu[15]   ; 8.629  ; 8.629  ; 8.629  ; 8.629  ;
; Instr[9]   ; ALUresu[16]   ; 9.585  ; 9.585  ; 9.585  ; 9.585  ;
; Instr[9]   ; ALUresu[17]   ; 9.165  ; 9.165  ; 9.165  ; 9.165  ;
; Instr[9]   ; ALUresu[18]   ; 9.501  ; 9.501  ; 9.501  ; 9.501  ;
; Instr[9]   ; ALUresu[19]   ; 9.379  ; 9.379  ; 9.379  ; 9.379  ;
; Instr[9]   ; ALUresu[20]   ; 9.471  ; 9.471  ; 9.471  ; 9.471  ;
; Instr[9]   ; ALUresu[21]   ; 9.722  ; 9.722  ; 9.722  ; 9.722  ;
; Instr[9]   ; ALUresu[22]   ; 9.995  ; 9.995  ; 9.995  ; 9.995  ;
; Instr[9]   ; ALUresu[23]   ; 10.697 ; 10.697 ; 10.697 ; 10.697 ;
; Instr[9]   ; ALUresu[24]   ; 10.948 ; 10.948 ; 10.948 ; 10.948 ;
; Instr[9]   ; ALUresu[25]   ; 10.685 ; 10.685 ; 10.685 ; 10.685 ;
; Instr[9]   ; ALUresu[26]   ; 10.632 ; 10.632 ; 10.632 ; 10.632 ;
; Instr[9]   ; ALUresu[27]   ; 10.772 ; 10.772 ; 10.772 ; 10.772 ;
; Instr[9]   ; ALUresu[28]   ; 10.740 ; 10.740 ; 10.740 ; 10.740 ;
; Instr[9]   ; ALUresu[29]   ; 11.141 ; 11.141 ; 11.141 ; 11.141 ;
; Instr[9]   ; ALUresu[30]   ; 11.126 ; 11.126 ; 11.126 ; 11.126 ;
; Instr[9]   ; ALUresu[31]   ; 11.812 ; 11.812 ; 11.812 ; 11.812 ;
; Instr[10]  ; ALUresu[0]    ; 9.189  ;        ;        ; 9.189  ;
; Instr[10]  ; ALUresu[10]   ; 7.986  ; 7.986  ; 7.986  ; 7.986  ;
; Instr[10]  ; ALUresu[11]   ; 8.394  ; 8.394  ; 8.394  ; 8.394  ;
; Instr[10]  ; ALUresu[12]   ; 9.084  ; 9.084  ; 9.084  ; 9.084  ;
; Instr[10]  ; ALUresu[13]   ; 8.762  ; 8.762  ; 8.762  ; 8.762  ;
; Instr[10]  ; ALUresu[14]   ; 8.935  ; 8.935  ; 8.935  ; 8.935  ;
; Instr[10]  ; ALUresu[15]   ; 9.225  ; 9.225  ; 9.225  ; 9.225  ;
; Instr[10]  ; ALUresu[16]   ; 10.181 ; 10.181 ; 10.181 ; 10.181 ;
; Instr[10]  ; ALUresu[17]   ; 9.761  ; 9.761  ; 9.761  ; 9.761  ;
; Instr[10]  ; ALUresu[18]   ; 10.097 ; 10.097 ; 10.097 ; 10.097 ;
; Instr[10]  ; ALUresu[19]   ; 9.975  ; 9.975  ; 9.975  ; 9.975  ;
; Instr[10]  ; ALUresu[20]   ; 10.067 ; 10.067 ; 10.067 ; 10.067 ;
; Instr[10]  ; ALUresu[21]   ; 10.318 ; 10.318 ; 10.318 ; 10.318 ;
; Instr[10]  ; ALUresu[22]   ; 10.591 ; 10.591 ; 10.591 ; 10.591 ;
; Instr[10]  ; ALUresu[23]   ; 11.293 ; 11.293 ; 11.293 ; 11.293 ;
; Instr[10]  ; ALUresu[24]   ; 11.544 ; 11.544 ; 11.544 ; 11.544 ;
; Instr[10]  ; ALUresu[25]   ; 11.281 ; 11.281 ; 11.281 ; 11.281 ;
; Instr[10]  ; ALUresu[26]   ; 11.228 ; 11.228 ; 11.228 ; 11.228 ;
; Instr[10]  ; ALUresu[27]   ; 11.368 ; 11.368 ; 11.368 ; 11.368 ;
; Instr[10]  ; ALUresu[28]   ; 11.336 ; 11.336 ; 11.336 ; 11.336 ;
; Instr[10]  ; ALUresu[29]   ; 11.737 ; 11.737 ; 11.737 ; 11.737 ;
; Instr[10]  ; ALUresu[30]   ; 11.722 ; 11.722 ; 11.722 ; 11.722 ;
; Instr[10]  ; ALUresu[31]   ; 12.408 ; 12.408 ; 12.408 ; 12.408 ;
; Instr[11]  ; ALUresu[0]    ; 9.302  ;        ;        ; 9.302  ;
; Instr[11]  ; ALUresu[11]   ; 7.337  ; 7.337  ; 7.337  ; 7.337  ;
; Instr[11]  ; ALUresu[12]   ; 7.852  ; 7.852  ; 7.852  ; 7.852  ;
; Instr[11]  ; ALUresu[13]   ; 7.530  ; 7.530  ; 7.530  ; 7.530  ;
; Instr[11]  ; ALUresu[14]   ; 7.703  ; 7.703  ; 7.703  ; 7.703  ;
; Instr[11]  ; ALUresu[15]   ; 7.993  ; 7.993  ; 7.993  ; 7.993  ;
; Instr[11]  ; ALUresu[16]   ; 8.949  ; 8.949  ; 8.949  ; 8.949  ;
; Instr[11]  ; ALUresu[17]   ; 8.529  ; 8.529  ; 8.529  ; 8.529  ;
; Instr[11]  ; ALUresu[18]   ; 8.865  ; 8.865  ; 8.865  ; 8.865  ;
; Instr[11]  ; ALUresu[19]   ; 8.743  ; 8.743  ; 8.743  ; 8.743  ;
; Instr[11]  ; ALUresu[20]   ; 8.835  ; 8.835  ; 8.835  ; 8.835  ;
; Instr[11]  ; ALUresu[21]   ; 9.086  ; 9.086  ; 9.086  ; 9.086  ;
; Instr[11]  ; ALUresu[22]   ; 9.359  ; 9.359  ; 9.359  ; 9.359  ;
; Instr[11]  ; ALUresu[23]   ; 10.061 ; 10.061 ; 10.061 ; 10.061 ;
; Instr[11]  ; ALUresu[24]   ; 10.312 ; 10.312 ; 10.312 ; 10.312 ;
; Instr[11]  ; ALUresu[25]   ; 10.049 ; 10.049 ; 10.049 ; 10.049 ;
; Instr[11]  ; ALUresu[26]   ; 9.996  ; 9.996  ; 9.996  ; 9.996  ;
; Instr[11]  ; ALUresu[27]   ; 10.136 ; 10.136 ; 10.136 ; 10.136 ;
; Instr[11]  ; ALUresu[28]   ; 10.104 ; 10.104 ; 10.104 ; 10.104 ;
; Instr[11]  ; ALUresu[29]   ; 10.505 ; 10.505 ; 10.505 ; 10.505 ;
; Instr[11]  ; ALUresu[30]   ; 10.490 ; 10.490 ; 10.490 ; 10.490 ;
; Instr[11]  ; ALUresu[31]   ; 11.176 ; 11.176 ; 11.176 ; 11.176 ;
; Instr[12]  ; ALUresu[0]    ; 9.703  ;        ;        ; 9.703  ;
; Instr[12]  ; ALUresu[12]   ; 7.981  ; 7.981  ; 7.981  ; 7.981  ;
; Instr[12]  ; ALUresu[13]   ; 8.370  ; 8.370  ; 8.370  ; 8.370  ;
; Instr[12]  ; ALUresu[14]   ; 8.543  ; 8.543  ; 8.543  ; 8.543  ;
; Instr[12]  ; ALUresu[15]   ; 8.833  ; 8.833  ; 8.833  ; 8.833  ;
; Instr[12]  ; ALUresu[16]   ; 9.789  ; 9.789  ; 9.789  ; 9.789  ;
; Instr[12]  ; ALUresu[17]   ; 9.369  ; 9.369  ; 9.369  ; 9.369  ;
; Instr[12]  ; ALUresu[18]   ; 9.705  ; 9.705  ; 9.705  ; 9.705  ;
; Instr[12]  ; ALUresu[19]   ; 9.583  ; 9.583  ; 9.583  ; 9.583  ;
; Instr[12]  ; ALUresu[20]   ; 9.675  ; 9.675  ; 9.675  ; 9.675  ;
; Instr[12]  ; ALUresu[21]   ; 9.926  ; 9.926  ; 9.926  ; 9.926  ;
; Instr[12]  ; ALUresu[22]   ; 10.199 ; 10.199 ; 10.199 ; 10.199 ;
; Instr[12]  ; ALUresu[23]   ; 10.901 ; 10.901 ; 10.901 ; 10.901 ;
; Instr[12]  ; ALUresu[24]   ; 11.152 ; 11.152 ; 11.152 ; 11.152 ;
; Instr[12]  ; ALUresu[25]   ; 10.889 ; 10.889 ; 10.889 ; 10.889 ;
; Instr[12]  ; ALUresu[26]   ; 10.836 ; 10.836 ; 10.836 ; 10.836 ;
; Instr[12]  ; ALUresu[27]   ; 10.976 ; 10.976 ; 10.976 ; 10.976 ;
; Instr[12]  ; ALUresu[28]   ; 10.944 ; 10.944 ; 10.944 ; 10.944 ;
; Instr[12]  ; ALUresu[29]   ; 11.345 ; 11.345 ; 11.345 ; 11.345 ;
; Instr[12]  ; ALUresu[30]   ; 11.330 ; 11.330 ; 11.330 ; 11.330 ;
; Instr[12]  ; ALUresu[31]   ; 12.016 ; 12.016 ; 12.016 ; 12.016 ;
; Instr[13]  ; ALUresu[0]    ; 9.855  ;        ;        ; 9.855  ;
; Instr[13]  ; ALUresu[13]   ; 8.052  ; 8.052  ; 8.052  ; 8.052  ;
; Instr[13]  ; ALUresu[14]   ; 8.007  ; 8.007  ; 8.007  ; 8.007  ;
; Instr[13]  ; ALUresu[15]   ; 8.297  ; 8.297  ; 8.297  ; 8.297  ;
; Instr[13]  ; ALUresu[16]   ; 9.253  ; 9.253  ; 9.253  ; 9.253  ;
; Instr[13]  ; ALUresu[17]   ; 8.833  ; 8.833  ; 8.833  ; 8.833  ;
; Instr[13]  ; ALUresu[18]   ; 9.169  ; 9.169  ; 9.169  ; 9.169  ;
; Instr[13]  ; ALUresu[19]   ; 9.047  ; 9.047  ; 9.047  ; 9.047  ;
; Instr[13]  ; ALUresu[20]   ; 9.139  ; 9.139  ; 9.139  ; 9.139  ;
; Instr[13]  ; ALUresu[21]   ; 9.390  ; 9.390  ; 9.390  ; 9.390  ;
; Instr[13]  ; ALUresu[22]   ; 9.663  ; 9.663  ; 9.663  ; 9.663  ;
; Instr[13]  ; ALUresu[23]   ; 10.365 ; 10.365 ; 10.365 ; 10.365 ;
; Instr[13]  ; ALUresu[24]   ; 10.616 ; 10.616 ; 10.616 ; 10.616 ;
; Instr[13]  ; ALUresu[25]   ; 10.353 ; 10.353 ; 10.353 ; 10.353 ;
; Instr[13]  ; ALUresu[26]   ; 10.300 ; 10.300 ; 10.300 ; 10.300 ;
; Instr[13]  ; ALUresu[27]   ; 10.440 ; 10.440 ; 10.440 ; 10.440 ;
; Instr[13]  ; ALUresu[28]   ; 10.408 ; 10.408 ; 10.408 ; 10.408 ;
; Instr[13]  ; ALUresu[29]   ; 10.809 ; 10.809 ; 10.809 ; 10.809 ;
; Instr[13]  ; ALUresu[30]   ; 10.794 ; 10.794 ; 10.794 ; 10.794 ;
; Instr[13]  ; ALUresu[31]   ; 11.480 ; 11.480 ; 11.480 ; 11.480 ;
; Instr[14]  ; ALUresu[0]    ; 9.175  ;        ;        ; 9.175  ;
; Instr[14]  ; ALUresu[14]   ; 7.138  ; 7.138  ; 7.138  ; 7.138  ;
; Instr[14]  ; ALUresu[15]   ; 7.500  ; 7.500  ; 7.500  ; 7.500  ;
; Instr[14]  ; ALUresu[16]   ; 8.456  ; 8.456  ; 8.456  ; 8.456  ;
; Instr[14]  ; ALUresu[17]   ; 8.036  ; 8.036  ; 8.036  ; 8.036  ;
; Instr[14]  ; ALUresu[18]   ; 8.372  ; 8.372  ; 8.372  ; 8.372  ;
; Instr[14]  ; ALUresu[19]   ; 8.250  ; 8.250  ; 8.250  ; 8.250  ;
; Instr[14]  ; ALUresu[20]   ; 8.342  ; 8.342  ; 8.342  ; 8.342  ;
; Instr[14]  ; ALUresu[21]   ; 8.593  ; 8.593  ; 8.593  ; 8.593  ;
; Instr[14]  ; ALUresu[22]   ; 8.866  ; 8.866  ; 8.866  ; 8.866  ;
; Instr[14]  ; ALUresu[23]   ; 9.568  ; 9.568  ; 9.568  ; 9.568  ;
; Instr[14]  ; ALUresu[24]   ; 9.819  ; 9.819  ; 9.819  ; 9.819  ;
; Instr[14]  ; ALUresu[25]   ; 9.556  ; 9.556  ; 9.556  ; 9.556  ;
; Instr[14]  ; ALUresu[26]   ; 9.503  ; 9.503  ; 9.503  ; 9.503  ;
; Instr[14]  ; ALUresu[27]   ; 9.643  ; 9.643  ; 9.643  ; 9.643  ;
; Instr[14]  ; ALUresu[28]   ; 9.611  ; 9.611  ; 9.611  ; 9.611  ;
; Instr[14]  ; ALUresu[29]   ; 10.012 ; 10.012 ; 10.012 ; 10.012 ;
; Instr[14]  ; ALUresu[30]   ; 9.997  ; 9.997  ; 9.997  ; 9.997  ;
; Instr[14]  ; ALUresu[31]   ; 10.683 ; 10.683 ; 10.683 ; 10.683 ;
; Instr[15]  ; ALUresu[0]    ; 9.667  ;        ;        ; 9.667  ;
; Instr[15]  ; ALUresu[15]   ; 8.002  ; 8.002  ; 8.002  ; 8.002  ;
; Instr[15]  ; ALUresu[16]   ; 8.201  ; 8.201  ; 8.201  ; 8.201  ;
; Instr[15]  ; ALUresu[17]   ; 7.781  ; 7.781  ; 7.781  ; 7.781  ;
; Instr[15]  ; ALUresu[18]   ; 8.117  ; 8.117  ; 8.117  ; 8.117  ;
; Instr[15]  ; ALUresu[19]   ; 7.995  ; 7.995  ; 7.995  ; 7.995  ;
; Instr[15]  ; ALUresu[20]   ; 8.087  ; 8.087  ; 8.087  ; 8.087  ;
; Instr[15]  ; ALUresu[21]   ; 8.338  ; 8.338  ; 8.338  ; 8.338  ;
; Instr[15]  ; ALUresu[22]   ; 8.611  ; 8.611  ; 8.611  ; 8.611  ;
; Instr[15]  ; ALUresu[23]   ; 9.313  ; 9.313  ; 9.313  ; 9.313  ;
; Instr[15]  ; ALUresu[24]   ; 9.564  ; 9.564  ; 9.564  ; 9.564  ;
; Instr[15]  ; ALUresu[25]   ; 9.301  ; 9.301  ; 9.301  ; 9.301  ;
; Instr[15]  ; ALUresu[26]   ; 9.248  ; 9.248  ; 9.248  ; 9.248  ;
; Instr[15]  ; ALUresu[27]   ; 9.388  ; 9.388  ; 9.388  ; 9.388  ;
; Instr[15]  ; ALUresu[28]   ; 9.356  ; 9.356  ; 9.356  ; 9.356  ;
; Instr[15]  ; ALUresu[29]   ; 9.757  ; 9.757  ; 9.757  ; 9.757  ;
; Instr[15]  ; ALUresu[30]   ; 9.742  ; 9.742  ; 9.742  ; 9.742  ;
; Instr[15]  ; ALUresu[31]   ; 10.428 ; 10.428 ; 10.428 ; 10.428 ;
; Instr[16]  ; ALUresu[0]    ; 8.754  ; 8.754  ; 8.754  ; 8.754  ;
; Instr[16]  ; ALUresu[1]    ; 8.747  ; 8.747  ; 8.747  ; 8.747  ;
; Instr[16]  ; ALUresu[2]    ; 8.766  ; 8.766  ; 8.766  ; 8.766  ;
; Instr[16]  ; ALUresu[3]    ; 8.728  ; 8.728  ; 8.728  ; 8.728  ;
; Instr[16]  ; ALUresu[4]    ; 8.905  ; 8.905  ; 8.905  ; 8.905  ;
; Instr[16]  ; ALUresu[5]    ; 8.673  ; 8.673  ; 8.673  ; 8.673  ;
; Instr[16]  ; ALUresu[6]    ; 8.945  ; 8.945  ; 8.945  ; 8.945  ;
; Instr[16]  ; ALUresu[7]    ; 9.046  ; 9.046  ; 9.046  ; 9.046  ;
; Instr[16]  ; ALUresu[8]    ; 9.260  ; 9.260  ; 9.260  ; 9.260  ;
; Instr[16]  ; ALUresu[9]    ; 8.867  ; 8.867  ; 8.867  ; 8.867  ;
; Instr[16]  ; ALUresu[10]   ; 9.848  ; 9.848  ; 9.848  ; 9.848  ;
; Instr[16]  ; ALUresu[11]   ; 8.820  ; 8.820  ; 8.820  ; 8.820  ;
; Instr[16]  ; ALUresu[12]   ; 9.170  ; 9.170  ; 9.170  ; 9.170  ;
; Instr[16]  ; ALUresu[13]   ; 8.876  ; 8.876  ; 8.876  ; 8.876  ;
; Instr[16]  ; ALUresu[14]   ; 8.346  ; 8.346  ; 8.346  ; 8.346  ;
; Instr[16]  ; ALUresu[15]   ; 8.912  ; 8.912  ; 8.912  ; 8.912  ;
; Instr[16]  ; ALUresu[16]   ; 9.915  ; 9.915  ; 9.915  ; 9.915  ;
; Instr[16]  ; ALUresu[17]   ; 9.153  ; 9.153  ; 9.153  ; 9.153  ;
; Instr[16]  ; ALUresu[18]   ; 9.489  ; 9.489  ; 9.489  ; 9.489  ;
; Instr[16]  ; ALUresu[19]   ; 8.802  ; 8.802  ; 8.802  ; 8.802  ;
; Instr[16]  ; ALUresu[20]   ; 8.894  ; 8.894  ; 8.894  ; 8.894  ;
; Instr[16]  ; ALUresu[21]   ; 8.435  ; 8.435  ; 8.435  ; 8.435  ;
; Instr[16]  ; ALUresu[22]   ; 8.708  ; 8.708  ; 8.708  ; 8.708  ;
; Instr[16]  ; ALUresu[23]   ; 8.854  ; 8.854  ; 8.854  ; 8.854  ;
; Instr[16]  ; ALUresu[24]   ; 9.555  ; 9.555  ; 9.555  ; 9.555  ;
; Instr[16]  ; ALUresu[25]   ; 9.292  ; 9.292  ; 9.292  ; 9.292  ;
; Instr[16]  ; ALUresu[26]   ; 8.703  ; 8.703  ; 8.703  ; 8.703  ;
; Instr[16]  ; ALUresu[27]   ; 8.843  ; 8.843  ; 8.843  ; 8.843  ;
; Instr[16]  ; ALUresu[28]   ; 8.811  ; 8.811  ; 8.811  ; 8.811  ;
; Instr[16]  ; ALUresu[29]   ; 9.212  ; 9.212  ; 9.212  ; 9.212  ;
; Instr[16]  ; ALUresu[30]   ; 8.925  ; 8.925  ; 8.925  ; 8.925  ;
; Instr[16]  ; ALUresu[31]   ; 8.277  ; 8.277  ; 8.277  ; 8.277  ;
; Instr[16]  ; Reg2[0]       ; 7.286  ; 7.286  ; 7.286  ; 7.286  ;
; Instr[16]  ; Reg2[1]       ; 7.228  ; 7.228  ; 7.228  ; 7.228  ;
; Instr[16]  ; Reg2[2]       ; 7.439  ; 7.792  ; 7.792  ; 7.439  ;
; Instr[16]  ; Reg2[3]       ; 8.272  ; 7.869  ; 7.869  ; 8.272  ;
; Instr[16]  ; Reg2[4]       ; 8.045  ; 8.030  ; 8.030  ; 8.045  ;
; Instr[16]  ; Reg2[5]       ; 7.933  ; 8.301  ; 8.301  ; 7.933  ;
; Instr[16]  ; Reg2[6]       ; 7.761  ; 8.142  ; 8.142  ; 7.761  ;
; Instr[16]  ; Reg2[7]       ; 7.836  ; 8.061  ; 8.061  ; 7.836  ;
; Instr[16]  ; Reg2[8]       ; 7.851  ; 8.111  ; 8.111  ; 7.851  ;
; Instr[16]  ; Reg2[9]       ; 7.749  ; 8.024  ; 8.024  ; 7.749  ;
; Instr[16]  ; Reg2[10]      ; 8.007  ; 8.071  ; 8.071  ; 8.007  ;
; Instr[16]  ; Reg2[11]      ; 7.316  ; 7.565  ; 7.565  ; 7.316  ;
; Instr[16]  ; Reg2[12]      ; 7.863  ; 7.902  ; 7.902  ; 7.863  ;
; Instr[16]  ; Reg2[13]      ; 8.224  ; 8.553  ; 8.553  ; 8.224  ;
; Instr[16]  ; Reg2[14]      ; 7.764  ; 7.749  ; 7.749  ; 7.764  ;
; Instr[16]  ; Reg2[15]      ; 7.798  ; 7.996  ; 7.996  ; 7.798  ;
; Instr[16]  ; Reg2[16]      ; 8.137  ; 8.033  ; 8.033  ; 8.137  ;
; Instr[16]  ; Reg2[17]      ; 8.396  ; 8.392  ; 8.392  ; 8.396  ;
; Instr[16]  ; Reg2[18]      ; 7.828  ; 8.018  ; 8.018  ; 7.828  ;
; Instr[16]  ; Reg2[19]      ; 8.469  ; 8.380  ; 8.380  ; 8.469  ;
; Instr[16]  ; Reg2[20]      ; 7.697  ; 7.777  ; 7.777  ; 7.697  ;
; Instr[16]  ; Reg2[21]      ; 7.955  ; 7.675  ; 7.675  ; 7.955  ;
; Instr[16]  ; Reg2[22]      ; 7.631  ; 7.717  ; 7.717  ; 7.631  ;
; Instr[16]  ; Reg2[23]      ; 7.914  ; 7.397  ; 7.397  ; 7.914  ;
; Instr[16]  ; Reg2[24]      ; 8.310  ; 8.455  ; 8.455  ; 8.310  ;
; Instr[16]  ; Reg2[25]      ; 8.108  ; 7.890  ; 7.890  ; 8.108  ;
; Instr[16]  ; Reg2[26]      ; 7.997  ; 8.166  ; 8.166  ; 7.997  ;
; Instr[16]  ; Reg2[27]      ; 8.408  ; 8.387  ; 8.387  ; 8.408  ;
; Instr[16]  ; Reg2[28]      ; 8.434  ; 8.398  ; 8.398  ; 8.434  ;
; Instr[16]  ; Reg2[29]      ; 8.655  ; 8.411  ; 8.411  ; 8.655  ;
; Instr[16]  ; Reg2[30]      ; 8.389  ; 8.579  ; 8.579  ; 8.389  ;
; Instr[16]  ; Reg2[31]      ; 8.664  ; 8.577  ; 8.577  ; 8.664  ;
; Instr[17]  ; ALUresu[0]    ; 8.250  ; 8.250  ; 8.250  ; 8.250  ;
; Instr[17]  ; ALUresu[1]    ; 8.243  ; 8.243  ; 8.243  ; 8.243  ;
; Instr[17]  ; ALUresu[2]    ; 8.262  ; 8.262  ; 8.262  ; 8.262  ;
; Instr[17]  ; ALUresu[3]    ; 8.224  ; 8.224  ; 8.224  ; 8.224  ;
; Instr[17]  ; ALUresu[4]    ; 8.401  ; 8.401  ; 8.401  ; 8.401  ;
; Instr[17]  ; ALUresu[5]    ; 8.169  ; 8.169  ; 8.169  ; 8.169  ;
; Instr[17]  ; ALUresu[6]    ; 8.658  ; 8.658  ; 8.658  ; 8.658  ;
; Instr[17]  ; ALUresu[7]    ; 8.812  ; 8.812  ; 8.812  ; 8.812  ;
; Instr[17]  ; ALUresu[8]    ; 9.144  ; 9.144  ; 9.144  ; 9.144  ;
; Instr[17]  ; ALUresu[9]    ; 8.891  ; 8.891  ; 8.891  ; 8.891  ;
; Instr[17]  ; ALUresu[10]   ; 9.708  ; 9.708  ; 9.708  ; 9.708  ;
; Instr[17]  ; ALUresu[11]   ; 8.916  ; 8.916  ; 8.916  ; 8.916  ;
; Instr[17]  ; ALUresu[12]   ; 9.201  ; 9.201  ; 9.201  ; 9.201  ;
; Instr[17]  ; ALUresu[13]   ; 8.966  ; 8.966  ; 8.966  ; 8.966  ;
; Instr[17]  ; ALUresu[14]   ; 8.418  ; 8.418  ; 8.418  ; 8.418  ;
; Instr[17]  ; ALUresu[15]   ; 9.002  ; 9.002  ; 9.002  ; 9.002  ;
; Instr[17]  ; ALUresu[16]   ; 9.984  ; 9.984  ; 9.984  ; 9.984  ;
; Instr[17]  ; ALUresu[17]   ; 9.222  ; 9.222  ; 9.222  ; 9.222  ;
; Instr[17]  ; ALUresu[18]   ; 9.558  ; 9.558  ; 9.558  ; 9.558  ;
; Instr[17]  ; ALUresu[19]   ; 8.898  ; 8.898  ; 8.898  ; 8.898  ;
; Instr[17]  ; ALUresu[20]   ; 8.990  ; 8.990  ; 8.990  ; 8.990  ;
; Instr[17]  ; ALUresu[21]   ; 8.525  ; 8.525  ; 8.525  ; 8.525  ;
; Instr[17]  ; ALUresu[22]   ; 8.798  ; 8.798  ; 8.798  ; 8.798  ;
; Instr[17]  ; ALUresu[23]   ; 8.923  ; 8.923  ; 8.923  ; 8.923  ;
; Instr[17]  ; ALUresu[24]   ; 9.651  ; 9.651  ; 9.651  ; 9.651  ;
; Instr[17]  ; ALUresu[25]   ; 9.201  ; 9.201  ; 9.201  ; 9.201  ;
; Instr[17]  ; ALUresu[26]   ; 8.775  ; 8.775  ; 8.775  ; 8.775  ;
; Instr[17]  ; ALUresu[27]   ; 8.915  ; 8.915  ; 8.915  ; 8.915  ;
; Instr[17]  ; ALUresu[28]   ; 8.883  ; 8.883  ; 8.883  ; 8.883  ;
; Instr[17]  ; ALUresu[29]   ; 8.977  ; 8.977  ; 8.977  ; 8.977  ;
; Instr[17]  ; ALUresu[30]   ; 8.707  ; 8.707  ; 8.707  ; 8.707  ;
; Instr[17]  ; ALUresu[31]   ; 8.067  ; 8.067  ; 8.067  ; 8.067  ;
; Instr[17]  ; Reg2[0]       ; 6.782  ; 6.782  ; 6.782  ; 6.782  ;
; Instr[17]  ; Reg2[1]       ; 6.672  ; 6.672  ; 6.672  ; 6.672  ;
; Instr[17]  ; Reg2[2]       ; 7.479  ; 7.335  ; 7.335  ; 7.479  ;
; Instr[17]  ; Reg2[3]       ; 8.012  ; 7.941  ; 7.941  ; 8.012  ;
; Instr[17]  ; Reg2[4]       ; 8.081  ; 8.117  ; 8.117  ; 8.081  ;
; Instr[17]  ; Reg2[5]       ; 8.093  ; 8.029  ; 8.029  ; 8.093  ;
; Instr[17]  ; Reg2[6]       ; 7.850  ; 7.721  ; 7.721  ; 7.850  ;
; Instr[17]  ; Reg2[7]       ; 7.712  ; 7.602  ; 7.602  ; 7.712  ;
; Instr[17]  ; Reg2[8]       ; 7.961  ; 7.735  ; 7.735  ; 7.961  ;
; Instr[17]  ; Reg2[9]       ; 7.883  ; 7.773  ; 7.773  ; 7.883  ;
; Instr[17]  ; Reg2[10]      ; 7.960  ; 8.143  ; 8.143  ; 7.960  ;
; Instr[17]  ; Reg2[11]      ; 7.557  ; 7.412  ; 7.412  ; 7.557  ;
; Instr[17]  ; Reg2[12]      ; 7.894  ; 8.075  ; 8.075  ; 7.894  ;
; Instr[17]  ; Reg2[13]      ; 8.314  ; 8.564  ; 8.564  ; 8.314  ;
; Instr[17]  ; Reg2[14]      ; 7.854  ; 7.821  ; 7.821  ; 7.854  ;
; Instr[17]  ; Reg2[15]      ; 7.888  ; 8.065  ; 8.065  ; 7.888  ;
; Instr[17]  ; Reg2[16]      ; 8.227  ; 8.102  ; 8.102  ; 8.227  ;
; Instr[17]  ; Reg2[17]      ; 8.267  ; 8.306  ; 8.306  ; 8.267  ;
; Instr[17]  ; Reg2[18]      ; 8.010  ; 7.924  ; 7.924  ; 8.010  ;
; Instr[17]  ; Reg2[19]      ; 8.151  ; 8.407  ; 8.407  ; 8.151  ;
; Instr[17]  ; Reg2[20]      ; 7.787  ; 7.846  ; 7.846  ; 7.787  ;
; Instr[17]  ; Reg2[21]      ; 7.534  ; 7.635  ; 7.635  ; 7.534  ;
; Instr[17]  ; Reg2[22]      ; 7.919  ; 7.727  ; 7.727  ; 7.919  ;
; Instr[17]  ; Reg2[23]      ; 7.559  ; 7.466  ; 7.466  ; 7.559  ;
; Instr[17]  ; Reg2[24]      ; 8.132  ; 8.182  ; 8.182  ; 8.132  ;
; Instr[17]  ; Reg2[25]      ; 8.143  ; 7.962  ; 7.962  ; 8.143  ;
; Instr[17]  ; Reg2[26]      ; 7.933  ; 8.093  ; 8.093  ; 7.933  ;
; Instr[17]  ; Reg2[27]      ; 8.331  ; 8.362  ; 8.362  ; 8.331  ;
; Instr[17]  ; Reg2[28]      ; 7.990  ; 8.220  ; 8.220  ; 7.990  ;
; Instr[17]  ; Reg2[29]      ; 8.153  ; 8.510  ; 8.510  ; 8.153  ;
; Instr[17]  ; Reg2[30]      ; 8.499  ; 8.485  ; 8.485  ; 8.499  ;
; Instr[17]  ; Reg2[31]      ; 8.367  ; 8.515  ; 8.515  ; 8.367  ;
; Instr[18]  ; ALUresu[0]    ; 8.635  ; 8.635  ; 8.635  ; 8.635  ;
; Instr[18]  ; ALUresu[1]    ; 8.500  ; 8.500  ; 8.500  ; 8.500  ;
; Instr[18]  ; ALUresu[2]    ; 8.647  ; 8.647  ; 8.647  ; 8.647  ;
; Instr[18]  ; ALUresu[3]    ; 8.609  ; 8.609  ; 8.609  ; 8.609  ;
; Instr[18]  ; ALUresu[4]    ; 8.786  ; 8.786  ; 8.786  ; 8.786  ;
; Instr[18]  ; ALUresu[5]    ; 8.554  ; 8.554  ; 8.554  ; 8.554  ;
; Instr[18]  ; ALUresu[6]    ; 9.043  ; 9.043  ; 9.043  ; 9.043  ;
; Instr[18]  ; ALUresu[7]    ; 8.690  ; 8.690  ; 8.690  ; 8.690  ;
; Instr[18]  ; ALUresu[8]    ; 9.054  ; 9.054  ; 9.054  ; 9.054  ;
; Instr[18]  ; ALUresu[9]    ; 9.015  ; 9.015  ; 9.015  ; 9.015  ;
; Instr[18]  ; ALUresu[10]   ; 9.653  ; 9.653  ; 9.653  ; 9.653  ;
; Instr[18]  ; ALUresu[11]   ; 8.963  ; 8.963  ; 8.963  ; 8.963  ;
; Instr[18]  ; ALUresu[12]   ; 9.103  ; 9.103  ; 9.103  ; 9.103  ;
; Instr[18]  ; ALUresu[13]   ; 9.023  ; 9.023  ; 9.023  ; 9.023  ;
; Instr[18]  ; ALUresu[14]   ; 8.461  ; 8.461  ; 8.461  ; 8.461  ;
; Instr[18]  ; ALUresu[15]   ; 9.059  ; 9.059  ; 9.059  ; 9.059  ;
; Instr[18]  ; ALUresu[16]   ; 10.034 ; 10.034 ; 10.034 ; 10.034 ;
; Instr[18]  ; ALUresu[17]   ; 9.187  ; 9.187  ; 9.187  ; 9.187  ;
; Instr[18]  ; ALUresu[18]   ; 9.608  ; 9.608  ; 9.608  ; 9.608  ;
; Instr[18]  ; ALUresu[19]   ; 8.886  ; 8.886  ; 8.886  ; 8.886  ;
; Instr[18]  ; ALUresu[20]   ; 8.978  ; 8.978  ; 8.978  ; 8.978  ;
; Instr[18]  ; ALUresu[21]   ; 8.582  ; 8.582  ; 8.582  ; 8.582  ;
; Instr[18]  ; ALUresu[22]   ; 8.786  ; 8.786  ; 8.786  ; 8.786  ;
; Instr[18]  ; ALUresu[23]   ; 8.973  ; 8.973  ; 8.973  ; 8.973  ;
; Instr[18]  ; ALUresu[24]   ; 9.704  ; 9.704  ; 9.704  ; 9.704  ;
; Instr[18]  ; ALUresu[25]   ; 9.205  ; 9.205  ; 9.205  ; 9.205  ;
; Instr[18]  ; ALUresu[26]   ; 8.734  ; 8.734  ; 8.734  ; 8.734  ;
; Instr[18]  ; ALUresu[27]   ; 8.874  ; 8.874  ; 8.874  ; 8.874  ;
; Instr[18]  ; ALUresu[28]   ; 8.842  ; 8.842  ; 8.842  ; 8.842  ;
; Instr[18]  ; ALUresu[29]   ; 8.991  ; 8.991  ; 8.991  ; 8.991  ;
; Instr[18]  ; ALUresu[30]   ; 8.684  ; 8.684  ; 8.684  ; 8.684  ;
; Instr[18]  ; ALUresu[31]   ; 8.044  ; 8.044  ; 8.044  ; 8.044  ;
; Instr[18]  ; Reg2[0]       ; 7.167  ; 7.167  ; 7.167  ; 7.167  ;
; Instr[18]  ; Reg2[1]       ; 6.875  ; 6.875  ; 6.875  ; 6.875  ;
; Instr[18]  ; Reg2[2]       ; 7.211  ; 7.503  ; 7.503  ; 7.211  ;
; Instr[18]  ; Reg2[3]       ; 7.835  ; 7.914  ; 7.914  ; 7.835  ;
; Instr[18]  ; Reg2[4]       ; 8.151  ; 8.150  ; 8.150  ; 8.151  ;
; Instr[18]  ; Reg2[5]       ; 8.303  ; 8.082  ; 8.082  ; 8.303  ;
; Instr[18]  ; Reg2[6]       ; 7.822  ; 7.954  ; 7.954  ; 7.822  ;
; Instr[18]  ; Reg2[7]       ; 7.480  ; 7.667  ; 7.667  ; 7.480  ;
; Instr[18]  ; Reg2[8]       ; 7.645  ; 7.984  ; 7.984  ; 7.645  ;
; Instr[18]  ; Reg2[9]       ; 8.059  ; 7.897  ; 7.897  ; 8.059  ;
; Instr[18]  ; Reg2[10]      ; 7.973  ; 7.974  ; 7.974  ; 7.973  ;
; Instr[18]  ; Reg2[11]      ; 7.524  ; 7.459  ; 7.459  ; 7.524  ;
; Instr[18]  ; Reg2[12]      ; 7.957  ; 7.796  ; 7.796  ; 7.957  ;
; Instr[18]  ; Reg2[13]      ; 8.371  ; 8.469  ; 8.469  ; 8.371  ;
; Instr[18]  ; Reg2[14]      ; 7.911  ; 7.864  ; 7.864  ; 7.911  ;
; Instr[18]  ; Reg2[15]      ; 7.945  ; 8.160  ; 8.160  ; 7.945  ;
; Instr[18]  ; Reg2[16]      ; 8.152  ; 8.467  ; 8.467  ; 8.152  ;
; Instr[18]  ; Reg2[17]      ; 8.060  ; 8.268  ; 8.268  ; 8.060  ;
; Instr[18]  ; Reg2[18]      ; 7.972  ; 7.912  ; 7.912  ; 7.972  ;
; Instr[18]  ; Reg2[19]      ; 8.128  ; 8.274  ; 8.274  ; 8.128  ;
; Instr[18]  ; Reg2[20]      ; 7.844  ; 8.112  ; 8.112  ; 7.844  ;
; Instr[18]  ; Reg2[21]      ; 7.401  ; 7.548  ; 7.548  ; 7.401  ;
; Instr[18]  ; Reg2[22]      ; 7.836  ; 7.780  ; 7.780  ; 7.836  ;
; Instr[18]  ; Reg2[23]      ; 7.516  ; 7.734  ; 7.734  ; 7.516  ;
; Instr[18]  ; Reg2[24]      ; 8.225  ; 8.136  ; 8.136  ; 8.225  ;
; Instr[18]  ; Reg2[25]      ; 7.921  ; 8.005  ; 8.005  ; 7.921  ;
; Instr[18]  ; Reg2[26]      ; 7.910  ; 8.097  ; 8.097  ; 7.910  ;
; Instr[18]  ; Reg2[27]      ; 8.313  ; 8.316  ; 8.316  ; 8.313  ;
; Instr[18]  ; Reg2[28]      ; 8.223  ; 8.004  ; 8.004  ; 8.223  ;
; Instr[18]  ; Reg2[29]      ; 8.130  ; 8.225  ; 8.225  ; 8.130  ;
; Instr[18]  ; Reg2[30]      ; 8.476  ; 8.526  ; 8.526  ; 8.476  ;
; Instr[18]  ; Reg2[31]      ; 8.344  ; 8.504  ; 8.504  ; 8.344  ;
; Instr[19]  ; ALUresu[0]    ; 9.187  ; 9.187  ; 9.187  ; 9.187  ;
; Instr[19]  ; ALUresu[1]    ; 9.107  ; 9.107  ; 9.107  ; 9.107  ;
; Instr[19]  ; ALUresu[2]    ; 9.199  ; 9.199  ; 9.199  ; 9.199  ;
; Instr[19]  ; ALUresu[3]    ; 9.161  ; 9.161  ; 9.161  ; 9.161  ;
; Instr[19]  ; ALUresu[4]    ; 9.338  ; 9.338  ; 9.338  ; 9.338  ;
; Instr[19]  ; ALUresu[5]    ; 9.106  ; 9.106  ; 9.106  ; 9.106  ;
; Instr[19]  ; ALUresu[6]    ; 9.595  ; 9.595  ; 9.595  ; 9.595  ;
; Instr[19]  ; ALUresu[7]    ; 9.733  ; 9.733  ; 9.733  ; 9.733  ;
; Instr[19]  ; ALUresu[8]    ; 10.138 ; 10.138 ; 10.138 ; 10.138 ;
; Instr[19]  ; ALUresu[9]    ; 9.727  ; 9.727  ; 9.727  ; 9.727  ;
; Instr[19]  ; ALUresu[10]   ; 10.448 ; 10.448 ; 10.448 ; 10.448 ;
; Instr[19]  ; ALUresu[11]   ; 9.578  ; 9.578  ; 9.578  ; 9.578  ;
; Instr[19]  ; ALUresu[12]   ; 9.814  ; 9.814  ; 9.814  ; 9.814  ;
; Instr[19]  ; ALUresu[13]   ; 9.618  ; 9.618  ; 9.618  ; 9.618  ;
; Instr[19]  ; ALUresu[14]   ; 9.325  ; 9.325  ; 9.325  ; 9.325  ;
; Instr[19]  ; ALUresu[15]   ; 9.719  ; 9.719  ; 9.719  ; 9.719  ;
; Instr[19]  ; ALUresu[16]   ; 10.747 ; 10.747 ; 10.747 ; 10.747 ;
; Instr[19]  ; ALUresu[17]   ; 9.846  ; 9.846  ; 9.846  ; 9.846  ;
; Instr[19]  ; ALUresu[18]   ; 10.321 ; 10.321 ; 10.321 ; 10.321 ;
; Instr[19]  ; ALUresu[19]   ; 9.689  ; 9.689  ; 9.689  ; 9.689  ;
; Instr[19]  ; ALUresu[20]   ; 9.674  ; 9.674  ; 9.674  ; 9.674  ;
; Instr[19]  ; ALUresu[21]   ; 9.788  ; 9.788  ; 9.788  ; 9.788  ;
; Instr[19]  ; ALUresu[22]   ; 9.658  ; 9.658  ; 9.658  ; 9.658  ;
; Instr[19]  ; ALUresu[23]   ; 10.066 ; 10.066 ; 10.066 ; 10.066 ;
; Instr[19]  ; ALUresu[24]   ; 10.438 ; 10.438 ; 10.438 ; 10.438 ;
; Instr[19]  ; ALUresu[25]   ; 9.899  ; 9.899  ; 9.899  ; 9.899  ;
; Instr[19]  ; ALUresu[26]   ; 9.604  ; 9.604  ; 9.604  ; 9.604  ;
; Instr[19]  ; ALUresu[27]   ; 9.685  ; 9.685  ; 9.685  ; 9.685  ;
; Instr[19]  ; ALUresu[28]   ; 9.653  ; 9.653  ; 9.653  ; 9.653  ;
; Instr[19]  ; ALUresu[29]   ; 9.602  ; 9.602  ; 9.602  ; 9.602  ;
; Instr[19]  ; ALUresu[30]   ; 9.289  ; 9.289  ; 9.289  ; 9.289  ;
; Instr[19]  ; ALUresu[31]   ; 8.649  ; 8.649  ; 8.649  ; 8.649  ;
; Instr[19]  ; Reg2[0]       ; 7.842  ; 7.719  ; 7.719  ; 7.842  ;
; Instr[19]  ; Reg2[1]       ; 7.558  ; 7.482  ; 7.482  ; 7.558  ;
; Instr[19]  ; Reg2[2]       ; 8.411  ; 8.166  ; 8.166  ; 8.411  ;
; Instr[19]  ; Reg2[3]       ; 9.037  ; 8.385  ; 8.385  ; 9.037  ;
; Instr[19]  ; Reg2[4]       ; 9.023  ; 8.819  ; 8.819  ; 9.023  ;
; Instr[19]  ; Reg2[5]       ; 9.744  ; 9.029  ; 9.029  ; 9.744  ;
; Instr[19]  ; Reg2[6]       ; 8.749  ; 8.675  ; 8.675  ; 8.749  ;
; Instr[19]  ; Reg2[7]       ; 8.813  ; 8.523  ; 8.523  ; 8.813  ;
; Instr[19]  ; Reg2[8]       ; 8.793  ; 8.729  ; 8.729  ; 8.793  ;
; Instr[19]  ; Reg2[9]       ; 9.064  ; 8.609  ; 8.609  ; 9.064  ;
; Instr[19]  ; Reg2[10]      ; 8.989  ; 8.575  ; 8.575  ; 8.989  ;
; Instr[19]  ; Reg2[11]      ; 8.582  ; 8.074  ; 8.074  ; 8.582  ;
; Instr[19]  ; Reg2[12]      ; 8.919  ; 8.507  ; 8.507  ; 8.919  ;
; Instr[19]  ; Reg2[13]      ; 9.574  ; 8.966  ; 8.966  ; 9.574  ;
; Instr[19]  ; Reg2[14]      ; 9.597  ; 8.728  ; 8.728  ; 9.597  ;
; Instr[19]  ; Reg2[15]      ; 9.129  ; 8.605  ; 8.605  ; 9.129  ;
; Instr[19]  ; Reg2[16]      ; 9.296  ; 8.865  ; 8.865  ; 9.296  ;
; Instr[19]  ; Reg2[17]      ; 8.932  ; 8.719  ; 8.719  ; 8.932  ;
; Instr[19]  ; Reg2[18]      ; 8.844  ; 8.715  ; 8.715  ; 8.844  ;
; Instr[19]  ; Reg2[19]      ; 9.397  ; 8.733  ; 8.733  ; 9.397  ;
; Instr[19]  ; Reg2[20]      ; 9.143  ; 9.050  ; 9.050  ; 9.143  ;
; Instr[19]  ; Reg2[21]      ; 8.273  ; 8.526  ; 8.526  ; 8.273  ;
; Instr[19]  ; Reg2[22]      ; 8.878  ; 8.514  ; 8.514  ; 8.878  ;
; Instr[19]  ; Reg2[23]      ; 8.688  ; 8.609  ; 8.609  ; 8.688  ;
; Instr[19]  ; Reg2[24]      ; 9.761  ; 8.830  ; 8.830  ; 9.761  ;
; Instr[19]  ; Reg2[25]      ; 8.793  ; 8.791  ; 8.791  ; 8.793  ;
; Instr[19]  ; Reg2[26]      ; 9.260  ; 8.515  ; 8.515  ; 9.260  ;
; Instr[19]  ; Reg2[27]      ; 9.367  ; 8.918  ; 8.918  ; 9.367  ;
; Instr[19]  ; Reg2[28]      ; 9.199  ; 8.781  ; 8.781  ; 9.199  ;
; Instr[19]  ; Reg2[29]      ; 9.420  ; 8.735  ; 8.735  ; 9.420  ;
; Instr[19]  ; Reg2[30]      ; 9.721  ; 9.081  ; 9.081  ; 9.721  ;
; Instr[19]  ; Reg2[31]      ; 9.671  ; 8.949  ; 8.949  ; 9.671  ;
; Instr[20]  ; ALUresu[0]    ; 9.008  ; 9.008  ; 9.008  ; 9.008  ;
; Instr[20]  ; ALUresu[1]    ; 8.928  ; 8.928  ; 8.928  ; 8.928  ;
; Instr[20]  ; ALUresu[2]    ; 9.020  ; 9.020  ; 9.020  ; 9.020  ;
; Instr[20]  ; ALUresu[3]    ; 8.982  ; 8.982  ; 8.982  ; 8.982  ;
; Instr[20]  ; ALUresu[4]    ; 9.159  ; 9.159  ; 9.159  ; 9.159  ;
; Instr[20]  ; ALUresu[5]    ; 8.927  ; 8.927  ; 8.927  ; 8.927  ;
; Instr[20]  ; ALUresu[6]    ; 9.416  ; 9.416  ; 9.416  ; 9.416  ;
; Instr[20]  ; ALUresu[7]    ; 9.554  ; 9.554  ; 9.554  ; 9.554  ;
; Instr[20]  ; ALUresu[8]    ; 9.959  ; 9.959  ; 9.959  ; 9.959  ;
; Instr[20]  ; ALUresu[9]    ; 9.548  ; 9.548  ; 9.548  ; 9.548  ;
; Instr[20]  ; ALUresu[10]   ; 10.269 ; 10.269 ; 10.269 ; 10.269 ;
; Instr[20]  ; ALUresu[11]   ; 9.399  ; 9.399  ; 9.399  ; 9.399  ;
; Instr[20]  ; ALUresu[12]   ; 9.635  ; 9.635  ; 9.635  ; 9.635  ;
; Instr[20]  ; ALUresu[13]   ; 9.439  ; 9.439  ; 9.439  ; 9.439  ;
; Instr[20]  ; ALUresu[14]   ; 9.146  ; 9.146  ; 9.146  ; 9.146  ;
; Instr[20]  ; ALUresu[15]   ; 9.540  ; 9.540  ; 9.540  ; 9.540  ;
; Instr[20]  ; ALUresu[16]   ; 10.568 ; 10.568 ; 10.568 ; 10.568 ;
; Instr[20]  ; ALUresu[17]   ; 9.667  ; 9.667  ; 9.667  ; 9.667  ;
; Instr[20]  ; ALUresu[18]   ; 10.142 ; 10.142 ; 10.142 ; 10.142 ;
; Instr[20]  ; ALUresu[19]   ; 9.510  ; 9.510  ; 9.510  ; 9.510  ;
; Instr[20]  ; ALUresu[20]   ; 9.495  ; 9.495  ; 9.495  ; 9.495  ;
; Instr[20]  ; ALUresu[21]   ; 9.609  ; 9.609  ; 9.609  ; 9.609  ;
; Instr[20]  ; ALUresu[22]   ; 9.505  ; 9.505  ; 9.505  ; 9.505  ;
; Instr[20]  ; ALUresu[23]   ; 9.887  ; 9.887  ; 9.887  ; 9.887  ;
; Instr[20]  ; ALUresu[24]   ; 10.259 ; 10.259 ; 10.259 ; 10.259 ;
; Instr[20]  ; ALUresu[25]   ; 9.720  ; 9.720  ; 9.720  ; 9.720  ;
; Instr[20]  ; ALUresu[26]   ; 9.425  ; 9.425  ; 9.425  ; 9.425  ;
; Instr[20]  ; ALUresu[27]   ; 9.506  ; 9.506  ; 9.506  ; 9.506  ;
; Instr[20]  ; ALUresu[28]   ; 9.474  ; 9.474  ; 9.474  ; 9.474  ;
; Instr[20]  ; ALUresu[29]   ; 9.423  ; 9.423  ; 9.423  ; 9.423  ;
; Instr[20]  ; ALUresu[30]   ; 9.110  ; 9.110  ; 9.110  ; 9.110  ;
; Instr[20]  ; ALUresu[31]   ; 8.470  ; 8.470  ; 8.470  ; 8.470  ;
; Instr[20]  ; Reg2[0]       ; 7.870  ; 7.540  ; 7.540  ; 7.870  ;
; Instr[20]  ; Reg2[1]       ; 7.337  ; 7.303  ; 7.303  ; 7.337  ;
; Instr[20]  ; Reg2[2]       ; 8.185  ; 7.987  ; 7.987  ; 8.185  ;
; Instr[20]  ; Reg2[3]       ; 8.816  ; 8.206  ; 8.206  ; 8.816  ;
; Instr[20]  ; Reg2[4]       ; 9.052  ; 8.640  ; 8.640  ; 9.052  ;
; Instr[20]  ; Reg2[5]       ; 9.481  ; 8.850  ; 8.850  ; 9.481  ;
; Instr[20]  ; Reg2[6]       ; 8.796  ; 8.496  ; 8.496  ; 8.796  ;
; Instr[20]  ; Reg2[7]       ; 8.454  ; 8.344  ; 8.344  ; 8.454  ;
; Instr[20]  ; Reg2[8]       ; 8.619  ; 8.550  ; 8.550  ; 8.619  ;
; Instr[20]  ; Reg2[9]       ; 8.871  ; 8.430  ; 8.430  ; 8.871  ;
; Instr[20]  ; Reg2[10]      ; 8.948  ; 8.396  ; 8.396  ; 8.948  ;
; Instr[20]  ; Reg2[11]      ; 8.361  ; 7.895  ; 7.895  ; 8.361  ;
; Instr[20]  ; Reg2[12]      ; 8.698  ; 8.328  ; 8.328  ; 8.698  ;
; Instr[20]  ; Reg2[13]      ; 9.347  ; 8.787  ; 8.787  ; 9.347  ;
; Instr[20]  ; Reg2[14]      ; 9.001  ; 8.549  ; 8.549  ; 9.001  ;
; Instr[20]  ; Reg2[15]      ; 9.063  ; 8.426  ; 8.426  ; 9.063  ;
; Instr[20]  ; Reg2[16]      ; 9.382  ; 8.686  ; 8.686  ; 9.382  ;
; Instr[20]  ; Reg2[17]      ; 9.255  ; 8.540  ; 8.540  ; 9.255  ;
; Instr[20]  ; Reg2[18]      ; 8.814  ; 8.536  ; 8.536  ; 8.814  ;
; Instr[20]  ; Reg2[19]      ; 9.176  ; 8.554  ; 8.554  ; 9.176  ;
; Instr[20]  ; Reg2[20]      ; 9.086  ; 8.871  ; 8.871  ; 9.086  ;
; Instr[20]  ; Reg2[21]      ; 8.522  ; 8.120  ; 8.120  ; 8.522  ;
; Instr[20]  ; Reg2[22]      ; 8.907  ; 8.335  ; 8.335  ; 8.907  ;
; Instr[20]  ; Reg2[23]      ; 8.653  ; 8.430  ; 8.430  ; 8.653  ;
; Instr[20]  ; Reg2[24]      ; 9.396  ; 8.651  ; 8.651  ; 9.396  ;
; Instr[20]  ; Reg2[25]      ; 9.131  ; 8.612  ; 8.612  ; 9.131  ;
; Instr[20]  ; Reg2[26]      ; 9.336  ; 8.336  ; 8.336  ; 9.336  ;
; Instr[20]  ; Reg2[27]      ; 9.319  ; 8.739  ; 8.739  ; 9.319  ;
; Instr[20]  ; Reg2[28]      ; 8.978  ; 8.602  ; 8.602  ; 8.978  ;
; Instr[20]  ; Reg2[29]      ; 9.199  ; 8.556  ; 8.556  ; 9.199  ;
; Instr[20]  ; Reg2[30]      ; 9.500  ; 8.902  ; 8.902  ; 9.500  ;
; Instr[20]  ; Reg2[31]      ; 9.914  ; 8.770  ; 8.770  ; 9.914  ;
; Instr[21]  ; ALUresu[0]    ; 8.360  ; 8.360  ; 8.360  ; 8.360  ;
; Instr[21]  ; ALUresu[1]    ; 8.464  ; 8.464  ; 8.464  ; 8.464  ;
; Instr[21]  ; ALUresu[2]    ; 8.730  ; 8.730  ; 8.730  ; 8.730  ;
; Instr[21]  ; ALUresu[3]    ; 8.670  ; 8.670  ; 8.670  ; 8.670  ;
; Instr[21]  ; ALUresu[4]    ; 8.681  ; 8.681  ; 8.681  ; 8.681  ;
; Instr[21]  ; ALUresu[5]    ; 8.605  ; 8.605  ; 8.605  ; 8.605  ;
; Instr[21]  ; ALUresu[6]    ; 8.335  ; 8.335  ; 8.335  ; 8.335  ;
; Instr[21]  ; ALUresu[7]    ; 9.037  ; 9.037  ; 9.037  ; 9.037  ;
; Instr[21]  ; ALUresu[8]    ; 9.020  ; 9.020  ; 9.020  ; 9.020  ;
; Instr[21]  ; ALUresu[9]    ; 8.690  ; 8.690  ; 8.690  ; 8.690  ;
; Instr[21]  ; ALUresu[10]   ; 8.592  ; 8.592  ; 8.592  ; 8.592  ;
; Instr[21]  ; ALUresu[11]   ; 8.708  ; 8.708  ; 8.708  ; 8.708  ;
; Instr[21]  ; ALUresu[12]   ; 9.212  ; 9.212  ; 9.212  ; 9.212  ;
; Instr[21]  ; ALUresu[13]   ; 8.540  ; 8.540  ; 8.540  ; 8.540  ;
; Instr[21]  ; ALUresu[14]   ; 8.634  ; 8.634  ; 8.634  ; 8.634  ;
; Instr[21]  ; ALUresu[15]   ; 9.050  ; 9.050  ; 9.050  ; 9.050  ;
; Instr[21]  ; ALUresu[16]   ; 9.023  ; 9.023  ; 9.023  ; 9.023  ;
; Instr[21]  ; ALUresu[17]   ; 8.465  ; 8.465  ; 8.465  ; 8.465  ;
; Instr[21]  ; ALUresu[18]   ; 9.269  ; 9.269  ; 9.269  ; 9.269  ;
; Instr[21]  ; ALUresu[19]   ; 9.422  ; 9.422  ; 9.422  ; 9.422  ;
; Instr[21]  ; ALUresu[20]   ; 8.965  ; 8.965  ; 8.965  ; 8.965  ;
; Instr[21]  ; ALUresu[21]   ; 9.173  ; 9.173  ; 9.173  ; 9.173  ;
; Instr[21]  ; ALUresu[22]   ; 9.048  ; 9.048  ; 9.048  ; 9.048  ;
; Instr[21]  ; ALUresu[23]   ; 8.875  ; 8.875  ; 8.875  ; 8.875  ;
; Instr[21]  ; ALUresu[24]   ; 9.085  ; 9.085  ; 9.085  ; 9.085  ;
; Instr[21]  ; ALUresu[25]   ; 9.283  ; 9.283  ; 9.283  ; 9.283  ;
; Instr[21]  ; ALUresu[26]   ; 9.230  ; 9.230  ; 9.230  ; 9.230  ;
; Instr[21]  ; ALUresu[27]   ; 9.370  ; 9.370  ; 9.370  ; 9.370  ;
; Instr[21]  ; ALUresu[28]   ; 9.145  ; 9.145  ; 9.145  ; 9.145  ;
; Instr[21]  ; ALUresu[29]   ; 8.858  ; 8.858  ; 8.858  ; 8.858  ;
; Instr[21]  ; ALUresu[30]   ; 8.650  ; 8.650  ; 8.650  ; 8.650  ;
; Instr[21]  ; ALUresu[31]   ; 9.018  ; 9.018  ; 9.018  ; 9.018  ;
; Instr[21]  ; Reg1[0]       ; 6.666  ; 6.666  ; 6.666  ; 6.666  ;
; Instr[21]  ; Reg1[1]       ; 7.139  ; 7.139  ; 7.139  ; 7.139  ;
; Instr[21]  ; Reg1[2]       ; 7.382  ; 7.503  ; 7.503  ; 7.382  ;
; Instr[21]  ; Reg1[3]       ; 7.857  ; 7.551  ; 7.551  ; 7.857  ;
; Instr[21]  ; Reg1[4]       ; 7.486  ; 7.710  ; 7.710  ; 7.486  ;
; Instr[21]  ; Reg1[5]       ; 8.479  ; 8.202  ; 8.202  ; 8.479  ;
; Instr[21]  ; Reg1[6]       ; 7.828  ; 7.303  ; 7.303  ; 7.828  ;
; Instr[21]  ; Reg1[7]       ; 7.800  ; 8.091  ; 8.091  ; 7.800  ;
; Instr[21]  ; Reg1[8]       ; 7.815  ; 8.153  ; 8.153  ; 7.815  ;
; Instr[21]  ; Reg1[9]       ; 7.958  ; 7.756  ; 7.756  ; 7.958  ;
; Instr[21]  ; Reg1[10]      ; 7.831  ; 8.093  ; 8.093  ; 7.831  ;
; Instr[21]  ; Reg1[11]      ; 7.955  ; 7.862  ; 7.862  ; 7.955  ;
; Instr[21]  ; Reg1[12]      ; 8.296  ; 8.173  ; 8.173  ; 8.296  ;
; Instr[21]  ; Reg1[13]      ; 8.070  ; 7.948  ; 7.948  ; 8.070  ;
; Instr[21]  ; Reg1[14]      ; 8.193  ; 7.958  ; 7.958  ; 8.193  ;
; Instr[21]  ; Reg1[15]      ; 8.600  ; 8.321  ; 8.321  ; 8.600  ;
; Instr[21]  ; Reg1[16]      ; 8.317  ; 8.038  ; 8.038  ; 8.317  ;
; Instr[21]  ; Reg1[17]      ; 8.409  ; 8.135  ; 8.135  ; 8.409  ;
; Instr[21]  ; Reg1[18]      ; 8.256  ; 8.173  ; 8.173  ; 8.256  ;
; Instr[21]  ; Reg1[19]      ; 8.360  ; 8.480  ; 8.480  ; 8.360  ;
; Instr[21]  ; Reg1[20]      ; 8.096  ; 7.871  ; 7.871  ; 8.096  ;
; Instr[21]  ; Reg1[21]      ; 8.149  ; 8.523  ; 8.523  ; 8.149  ;
; Instr[21]  ; Reg1[22]      ; 8.292  ; 8.174  ; 8.174  ; 8.292  ;
; Instr[21]  ; Reg1[23]      ; 8.080  ; 7.983  ; 7.983  ; 8.080  ;
; Instr[21]  ; Reg1[24]      ; 8.346  ; 8.123  ; 8.123  ; 8.346  ;
; Instr[21]  ; Reg1[25]      ; 8.548  ; 8.542  ; 8.542  ; 8.548  ;
; Instr[21]  ; Reg1[26]      ; 8.099  ; 8.335  ; 8.335  ; 8.099  ;
; Instr[21]  ; Reg1[27]      ; 8.470  ; 8.434  ; 8.434  ; 8.470  ;
; Instr[21]  ; Reg1[28]      ; 8.379  ; 8.315  ; 8.315  ; 8.379  ;
; Instr[21]  ; Reg1[29]      ; 8.300  ; 8.102  ; 8.102  ; 8.300  ;
; Instr[21]  ; Reg1[30]      ; 7.869  ; 7.692  ; 7.692  ; 7.869  ;
; Instr[21]  ; Reg1[31]      ; 8.324  ; 8.188  ; 8.188  ; 8.324  ;
; Instr[22]  ; ALUresu[0]    ; 7.972  ; 7.972  ; 7.972  ; 7.972  ;
; Instr[22]  ; ALUresu[1]    ; 7.919  ; 7.919  ; 7.919  ; 7.919  ;
; Instr[22]  ; ALUresu[2]    ; 8.111  ; 8.111  ; 8.111  ; 8.111  ;
; Instr[22]  ; ALUresu[3]    ; 8.073  ; 8.073  ; 8.073  ; 8.073  ;
; Instr[22]  ; ALUresu[4]    ; 8.250  ; 8.250  ; 8.250  ; 8.250  ;
; Instr[22]  ; ALUresu[5]    ; 8.018  ; 8.018  ; 8.018  ; 8.018  ;
; Instr[22]  ; ALUresu[6]    ; 8.507  ; 8.507  ; 8.507  ; 8.507  ;
; Instr[22]  ; ALUresu[7]    ; 8.939  ; 8.939  ; 8.939  ; 8.939  ;
; Instr[22]  ; ALUresu[8]    ; 9.095  ; 9.095  ; 9.095  ; 9.095  ;
; Instr[22]  ; ALUresu[9]    ; 8.711  ; 8.711  ; 8.711  ; 8.711  ;
; Instr[22]  ; ALUresu[10]   ; 8.413  ; 8.413  ; 8.413  ; 8.413  ;
; Instr[22]  ; ALUresu[11]   ; 8.529  ; 8.529  ; 8.529  ; 8.529  ;
; Instr[22]  ; ALUresu[12]   ; 9.195  ; 9.195  ; 9.195  ; 9.195  ;
; Instr[22]  ; ALUresu[13]   ; 8.554  ; 8.554  ; 8.554  ; 8.554  ;
; Instr[22]  ; ALUresu[14]   ; 8.563  ; 8.563  ; 8.563  ; 8.563  ;
; Instr[22]  ; ALUresu[15]   ; 8.884  ; 8.884  ; 8.884  ; 8.884  ;
; Instr[22]  ; ALUresu[16]   ; 8.840  ; 8.840  ; 8.840  ; 8.840  ;
; Instr[22]  ; ALUresu[17]   ; 8.534  ; 8.534  ; 8.534  ; 8.534  ;
; Instr[22]  ; ALUresu[18]   ; 9.183  ; 9.183  ; 9.183  ; 9.183  ;
; Instr[22]  ; ALUresu[19]   ; 9.143  ; 9.143  ; 9.143  ; 9.143  ;
; Instr[22]  ; ALUresu[20]   ; 9.004  ; 9.004  ; 9.004  ; 9.004  ;
; Instr[22]  ; ALUresu[21]   ; 9.004  ; 9.004  ; 9.004  ; 9.004  ;
; Instr[22]  ; ALUresu[22]   ; 8.947  ; 8.947  ; 8.947  ; 8.947  ;
; Instr[22]  ; ALUresu[23]   ; 8.838  ; 8.838  ; 8.838  ; 8.838  ;
; Instr[22]  ; ALUresu[24]   ; 9.170  ; 9.170  ; 9.170  ; 9.170  ;
; Instr[22]  ; ALUresu[25]   ; 9.368  ; 9.368  ; 9.368  ; 9.368  ;
; Instr[22]  ; ALUresu[26]   ; 9.315  ; 9.315  ; 9.315  ; 9.315  ;
; Instr[22]  ; ALUresu[27]   ; 9.335  ; 9.335  ; 9.335  ; 9.335  ;
; Instr[22]  ; ALUresu[28]   ; 8.967  ; 8.967  ; 8.967  ; 8.967  ;
; Instr[22]  ; ALUresu[29]   ; 8.728  ; 8.728  ; 8.728  ; 8.728  ;
; Instr[22]  ; ALUresu[30]   ; 8.597  ; 8.597  ; 8.597  ; 8.597  ;
; Instr[22]  ; ALUresu[31]   ; 8.993  ; 8.993  ; 8.993  ; 8.993  ;
; Instr[22]  ; Reg1[0]       ; 6.278  ; 6.278  ; 6.278  ; 6.278  ;
; Instr[22]  ; Reg1[1]       ; 6.520  ; 6.520  ; 6.520  ; 6.520  ;
; Instr[22]  ; Reg1[2]       ; 7.242  ; 7.277  ; 7.277  ; 7.242  ;
; Instr[22]  ; Reg1[3]       ; 7.620  ; 7.923  ; 7.923  ; 7.620  ;
; Instr[22]  ; Reg1[4]       ; 7.484  ; 7.843  ; 7.843  ; 7.484  ;
; Instr[22]  ; Reg1[5]       ; 8.468  ; 8.163  ; 8.163  ; 8.468  ;
; Instr[22]  ; Reg1[6]       ; 7.628  ; 7.854  ; 7.854  ; 7.628  ;
; Instr[22]  ; Reg1[7]       ; 7.967  ; 7.906  ; 7.906  ; 7.967  ;
; Instr[22]  ; Reg1[8]       ; 8.029  ; 7.921  ; 7.921  ; 8.029  ;
; Instr[22]  ; Reg1[9]       ; 7.777  ; 8.172  ; 8.172  ; 7.777  ;
; Instr[22]  ; Reg1[10]      ; 7.652  ; 8.026  ; 8.026  ; 7.652  ;
; Instr[22]  ; Reg1[11]      ; 7.931  ; 8.061  ; 8.061  ; 7.931  ;
; Instr[22]  ; Reg1[12]      ; 8.225  ; 8.156  ; 8.156  ; 8.225  ;
; Instr[22]  ; Reg1[13]      ; 8.017  ; 7.962  ; 7.962  ; 8.017  ;
; Instr[22]  ; Reg1[14]      ; 8.027  ; 7.887  ; 7.887  ; 8.027  ;
; Instr[22]  ; Reg1[15]      ; 8.390  ; 8.155  ; 8.155  ; 8.390  ;
; Instr[22]  ; Reg1[16]      ; 8.148  ; 7.855  ; 7.855  ; 8.148  ;
; Instr[22]  ; Reg1[17]      ; 8.204  ; 8.331  ; 8.331  ; 8.204  ;
; Instr[22]  ; Reg1[18]      ; 8.087  ; 8.254  ; 8.254  ; 8.087  ;
; Instr[22]  ; Reg1[19]      ; 8.081  ; 8.514  ; 8.514  ; 8.081  ;
; Instr[22]  ; Reg1[20]      ; 7.910  ; 7.952  ; 7.952  ; 7.910  ;
; Instr[22]  ; Reg1[21]      ; 7.980  ; 8.345  ; 8.345  ; 7.980  ;
; Instr[22]  ; Reg1[22]      ; 8.266  ; 8.073  ; 8.073  ; 8.266  ;
; Instr[22]  ; Reg1[23]      ; 7.946  ; 8.062  ; 8.062  ; 7.946  ;
; Instr[22]  ; Reg1[24]      ; 8.446  ; 8.208  ; 8.208  ; 8.446  ;
; Instr[22]  ; Reg1[25]      ; 8.554  ; 8.395  ; 8.395  ; 8.554  ;
; Instr[22]  ; Reg1[26]      ; 8.171  ; 7.885  ; 7.885  ; 8.171  ;
; Instr[22]  ; Reg1[27]      ; 8.304  ; 8.256  ; 8.256  ; 8.304  ;
; Instr[22]  ; Reg1[28]      ; 8.389  ; 8.137  ; 8.137  ; 8.389  ;
; Instr[22]  ; Reg1[29]      ; 8.021  ; 7.972  ; 7.972  ; 8.021  ;
; Instr[22]  ; Reg1[30]      ; 7.735  ; 7.639  ; 7.639  ; 7.735  ;
; Instr[22]  ; Reg1[31]      ; 8.163  ; 8.329  ; 8.329  ; 8.163  ;
; Instr[23]  ; ALUresu[0]    ; 8.055  ; 8.055  ; 8.055  ; 8.055  ;
; Instr[23]  ; ALUresu[1]    ; 8.159  ; 8.159  ; 8.159  ; 8.159  ;
; Instr[23]  ; ALUresu[2]    ; 8.498  ; 8.498  ; 8.498  ; 8.498  ;
; Instr[23]  ; ALUresu[3]    ; 8.460  ; 8.460  ; 8.460  ; 8.460  ;
; Instr[23]  ; ALUresu[4]    ; 8.484  ; 8.484  ; 8.484  ; 8.484  ;
; Instr[23]  ; ALUresu[5]    ; 8.405  ; 8.405  ; 8.405  ; 8.405  ;
; Instr[23]  ; ALUresu[6]    ; 8.714  ; 8.714  ; 8.714  ; 8.714  ;
; Instr[23]  ; ALUresu[7]    ; 8.960  ; 8.960  ; 8.960  ; 8.960  ;
; Instr[23]  ; ALUresu[8]    ; 8.943  ; 8.943  ; 8.943  ; 8.943  ;
; Instr[23]  ; ALUresu[9]    ; 8.611  ; 8.611  ; 8.611  ; 8.611  ;
; Instr[23]  ; ALUresu[10]   ; 8.313  ; 8.313  ; 8.313  ; 8.313  ;
; Instr[23]  ; ALUresu[11]   ; 8.429  ; 8.429  ; 8.429  ; 8.429  ;
; Instr[23]  ; ALUresu[12]   ; 9.119  ; 9.119  ; 9.119  ; 9.119  ;
; Instr[23]  ; ALUresu[13]   ; 8.589  ; 8.589  ; 8.589  ; 8.589  ;
; Instr[23]  ; ALUresu[14]   ; 8.713  ; 8.713  ; 8.713  ; 8.713  ;
; Instr[23]  ; ALUresu[15]   ; 8.931  ; 8.931  ; 8.931  ; 8.931  ;
; Instr[23]  ; ALUresu[16]   ; 8.887  ; 8.887  ; 8.887  ; 8.887  ;
; Instr[23]  ; ALUresu[17]   ; 8.636  ; 8.636  ; 8.636  ; 8.636  ;
; Instr[23]  ; ALUresu[18]   ; 9.222  ; 9.222  ; 9.222  ; 9.222  ;
; Instr[23]  ; ALUresu[19]   ; 9.041  ; 9.041  ; 9.041  ; 9.041  ;
; Instr[23]  ; ALUresu[20]   ; 8.904  ; 8.904  ; 8.904  ; 8.904  ;
; Instr[23]  ; ALUresu[21]   ; 9.043  ; 9.043  ; 9.043  ; 9.043  ;
; Instr[23]  ; ALUresu[22]   ; 8.999  ; 8.999  ; 8.999  ; 8.999  ;
; Instr[23]  ; ALUresu[23]   ; 8.826  ; 8.826  ; 8.826  ; 8.826  ;
; Instr[23]  ; ALUresu[24]   ; 9.114  ; 9.114  ; 9.114  ; 9.114  ;
; Instr[23]  ; ALUresu[25]   ; 9.312  ; 9.312  ; 9.312  ; 9.312  ;
; Instr[23]  ; ALUresu[26]   ; 9.259  ; 9.259  ; 9.259  ; 9.259  ;
; Instr[23]  ; ALUresu[27]   ; 9.283  ; 9.283  ; 9.283  ; 9.283  ;
; Instr[23]  ; ALUresu[28]   ; 8.915  ; 8.915  ; 8.915  ; 8.915  ;
; Instr[23]  ; ALUresu[29]   ; 8.654  ; 8.654  ; 8.654  ; 8.654  ;
; Instr[23]  ; ALUresu[30]   ; 8.638  ; 8.638  ; 8.638  ; 8.638  ;
; Instr[23]  ; ALUresu[31]   ; 8.891  ; 8.891  ; 8.891  ; 8.891  ;
; Instr[23]  ; Reg1[0]       ; 6.361  ; 6.361  ; 6.361  ; 6.361  ;
; Instr[23]  ; Reg1[1]       ; 6.907  ; 6.907  ; 6.907  ; 6.907  ;
; Instr[23]  ; Reg1[2]       ; 7.185  ; 7.142  ; 7.142  ; 7.185  ;
; Instr[23]  ; Reg1[3]       ; 7.874  ; 7.669  ; 7.669  ; 7.874  ;
; Instr[23]  ; Reg1[4]       ; 7.289  ; 7.772  ; 7.772  ; 7.289  ;
; Instr[23]  ; Reg1[5]       ; 8.469  ; 8.210  ; 8.210  ; 8.469  ;
; Instr[23]  ; Reg1[6]       ; 7.682  ; 7.685  ; 7.685  ; 7.682  ;
; Instr[23]  ; Reg1[7]       ; 7.723  ; 7.781  ; 7.781  ; 7.723  ;
; Instr[23]  ; Reg1[8]       ; 7.738  ; 7.994  ; 7.994  ; 7.738  ;
; Instr[23]  ; Reg1[9]       ; 7.916  ; 7.677  ; 7.677  ; 7.916  ;
; Instr[23]  ; Reg1[10]      ; 7.843  ; 7.552  ; 7.552  ; 7.843  ;
; Instr[23]  ; Reg1[11]      ; 7.877  ; 8.030  ; 8.030  ; 7.877  ;
; Instr[23]  ; Reg1[12]      ; 8.197  ; 8.265  ; 8.265  ; 8.197  ;
; Instr[23]  ; Reg1[13]      ; 7.997  ; 8.009  ; 8.009  ; 7.997  ;
; Instr[23]  ; Reg1[14]      ; 8.090  ; 8.037  ; 8.037  ; 8.090  ;
; Instr[23]  ; Reg1[15]      ; 8.470  ; 8.202  ; 8.202  ; 8.470  ;
; Instr[23]  ; Reg1[16]      ; 8.287  ; 7.902  ; 7.902  ; 8.287  ;
; Instr[23]  ; Reg1[17]      ; 8.336  ; 8.306  ; 8.306  ; 8.336  ;
; Instr[23]  ; Reg1[18]      ; 8.592  ; 8.126  ; 8.126  ; 8.592  ;
; Instr[23]  ; Reg1[19]      ; 8.461  ; 7.979  ; 7.979  ; 8.461  ;
; Instr[23]  ; Reg1[20]      ; 8.090  ; 7.810  ; 7.810  ; 8.090  ;
; Instr[23]  ; Reg1[21]      ; 8.386  ; 8.019  ; 8.019  ; 8.386  ;
; Instr[23]  ; Reg1[22]      ; 8.125  ; 8.166  ; 8.166  ; 8.125  ;
; Instr[23]  ; Reg1[23]      ; 7.934  ; 8.014  ; 8.014  ; 7.934  ;
; Instr[23]  ; Reg1[24]      ; 8.249  ; 8.152  ; 8.152  ; 8.249  ;
; Instr[23]  ; Reg1[25]      ; 8.542  ; 8.354  ; 8.354  ; 8.542  ;
; Instr[23]  ; Reg1[26]      ; 8.285  ; 8.035  ; 8.035  ; 8.285  ;
; Instr[23]  ; Reg1[27]      ; 8.297  ; 8.204  ; 8.204  ; 8.297  ;
; Instr[23]  ; Reg1[28]      ; 8.178  ; 8.289  ; 8.289  ; 8.178  ;
; Instr[23]  ; Reg1[29]      ; 8.269  ; 7.898  ; 7.898  ; 8.269  ;
; Instr[23]  ; Reg1[30]      ; 7.680  ; 7.747  ; 7.747  ; 7.680  ;
; Instr[23]  ; Reg1[31]      ; 8.408  ; 8.061  ; 8.061  ; 8.408  ;
; Instr[24]  ; ALUresu[0]    ; 8.521  ; 8.521  ; 8.521  ; 8.521  ;
; Instr[24]  ; ALUresu[1]    ; 8.625  ; 8.625  ; 8.625  ; 8.625  ;
; Instr[24]  ; ALUresu[2]    ; 9.002  ; 9.002  ; 9.002  ; 9.002  ;
; Instr[24]  ; ALUresu[3]    ; 8.964  ; 8.964  ; 8.964  ; 8.964  ;
; Instr[24]  ; ALUresu[4]    ; 9.141  ; 9.141  ; 9.141  ; 9.141  ;
; Instr[24]  ; ALUresu[5]    ; 8.909  ; 8.909  ; 8.909  ; 8.909  ;
; Instr[24]  ; ALUresu[6]    ; 9.398  ; 9.398  ; 9.398  ; 9.398  ;
; Instr[24]  ; ALUresu[7]    ; 9.830  ; 9.830  ; 9.830  ; 9.830  ;
; Instr[24]  ; ALUresu[8]    ; 9.897  ; 9.897  ; 9.897  ; 9.897  ;
; Instr[24]  ; ALUresu[9]    ; 9.820  ; 9.820  ; 9.820  ; 9.820  ;
; Instr[24]  ; ALUresu[10]   ; 9.558  ; 9.558  ; 9.558  ; 9.558  ;
; Instr[24]  ; ALUresu[11]   ; 9.674  ; 9.674  ; 9.674  ; 9.674  ;
; Instr[24]  ; ALUresu[12]   ; 10.074 ; 10.074 ; 10.074 ; 10.074 ;
; Instr[24]  ; ALUresu[13]   ; 9.401  ; 9.401  ; 9.401  ; 9.401  ;
; Instr[24]  ; ALUresu[14]   ; 9.769  ; 9.769  ; 9.769  ; 9.769  ;
; Instr[24]  ; ALUresu[15]   ; 10.068 ; 10.068 ; 10.068 ; 10.068 ;
; Instr[24]  ; ALUresu[16]   ; 10.107 ; 10.107 ; 10.107 ; 10.107 ;
; Instr[24]  ; ALUresu[17]   ; 9.335  ; 9.335  ; 9.335  ; 9.335  ;
; Instr[24]  ; ALUresu[18]   ; 10.024 ; 10.024 ; 10.024 ; 10.024 ;
; Instr[24]  ; ALUresu[19]   ; 9.913  ; 9.913  ; 9.913  ; 9.913  ;
; Instr[24]  ; ALUresu[20]   ; 9.720  ; 9.720  ; 9.720  ; 9.720  ;
; Instr[24]  ; ALUresu[21]   ; 9.972  ; 9.972  ; 9.972  ; 9.972  ;
; Instr[24]  ; ALUresu[22]   ; 9.863  ; 9.863  ; 9.863  ; 9.863  ;
; Instr[24]  ; ALUresu[23]   ; 9.786  ; 9.786  ; 9.786  ; 9.786  ;
; Instr[24]  ; ALUresu[24]   ; 9.994  ; 9.994  ; 9.994  ; 9.994  ;
; Instr[24]  ; ALUresu[25]   ; 10.192 ; 10.192 ; 10.192 ; 10.192 ;
; Instr[24]  ; ALUresu[26]   ; 10.139 ; 10.139 ; 10.139 ; 10.139 ;
; Instr[24]  ; ALUresu[27]   ; 10.279 ; 10.279 ; 10.279 ; 10.279 ;
; Instr[24]  ; ALUresu[28]   ; 10.155 ; 10.155 ; 10.155 ; 10.155 ;
; Instr[24]  ; ALUresu[29]   ; 9.547  ; 9.547  ; 9.547  ; 9.547  ;
; Instr[24]  ; ALUresu[30]   ; 9.642  ; 9.642  ; 9.642  ; 9.642  ;
; Instr[24]  ; ALUresu[31]   ; 9.763  ; 9.763  ; 9.763  ; 9.763  ;
; Instr[24]  ; Reg1[0]       ; 6.827  ; 7.410  ; 7.410  ; 6.827  ;
; Instr[24]  ; Reg1[1]       ; 7.411  ; 7.938  ; 7.938  ; 7.411  ;
; Instr[24]  ; Reg1[2]       ; 8.279  ; 8.069  ; 8.069  ; 8.279  ;
; Instr[24]  ; Reg1[3]       ; 8.966  ; 8.555  ; 8.555  ; 8.966  ;
; Instr[24]  ; Reg1[4]       ; 8.781  ; 8.173  ; 8.173  ; 8.781  ;
; Instr[24]  ; Reg1[5]       ; 9.421  ; 9.165  ; 9.165  ; 9.421  ;
; Instr[24]  ; Reg1[6]       ; 8.778  ; 8.565  ; 8.565  ; 8.778  ;
; Instr[24]  ; Reg1[7]       ; 8.677  ; 8.661  ; 8.661  ; 8.677  ;
; Instr[24]  ; Reg1[8]       ; 8.692  ; 8.897  ; 8.897  ; 8.692  ;
; Instr[24]  ; Reg1[9]       ; 8.943  ; 8.886  ; 8.886  ; 8.943  ;
; Instr[24]  ; Reg1[10]      ; 8.797  ; 9.226  ; 9.226  ; 8.797  ;
; Instr[24]  ; Reg1[11]      ; 8.847  ; 8.903  ; 8.903  ; 8.847  ;
; Instr[24]  ; Reg1[12]      ; 9.273  ; 9.035  ; 9.035  ; 9.273  ;
; Instr[24]  ; Reg1[13]      ; 9.326  ; 8.809  ; 8.809  ; 9.326  ;
; Instr[24]  ; Reg1[14]      ; 9.174  ; 9.093  ; 9.093  ; 9.174  ;
; Instr[24]  ; Reg1[15]      ; 9.339  ; 9.352  ; 9.352  ; 9.339  ;
; Instr[24]  ; Reg1[16]      ; 9.122  ; 9.171  ; 9.171  ; 9.122  ;
; Instr[24]  ; Reg1[17]      ; 9.005  ; 9.148  ; 9.148  ; 9.005  ;
; Instr[24]  ; Reg1[18]      ; 8.928  ; 9.404  ; 9.404  ; 8.928  ;
; Instr[24]  ; Reg1[19]      ; 8.851  ; 9.437  ; 9.437  ; 8.851  ;
; Instr[24]  ; Reg1[20]      ; 8.626  ; 9.216  ; 9.216  ; 8.626  ;
; Instr[24]  ; Reg1[21]      ; 9.396  ; 9.385  ; 9.385  ; 9.396  ;
; Instr[24]  ; Reg1[22]      ; 8.989  ; 9.080  ; 9.080  ; 8.989  ;
; Instr[24]  ; Reg1[23]      ; 8.989  ; 8.894  ; 8.894  ; 8.989  ;
; Instr[24]  ; Reg1[24]      ; 9.401  ; 9.032  ; 9.032  ; 9.401  ;
; Instr[24]  ; Reg1[25]      ; 9.336  ; 9.234  ; 9.234  ; 9.336  ;
; Instr[24]  ; Reg1[26]      ; 8.860  ; 9.291  ; 9.291  ; 8.860  ;
; Instr[24]  ; Reg1[27]      ; 9.444  ; 9.705  ; 9.705  ; 9.444  ;
; Instr[24]  ; Reg1[28]      ; 9.620  ; 9.424  ; 9.424  ; 9.620  ;
; Instr[24]  ; Reg1[29]      ; 8.791  ; 9.131  ; 9.131  ; 8.791  ;
; Instr[24]  ; Reg1[30]      ; 8.684  ; 8.800  ; 8.800  ; 8.684  ;
; Instr[24]  ; Reg1[31]      ; 8.933  ; 9.220  ; 9.220  ; 8.933  ;
; Instr[25]  ; ALUresu[0]    ; 8.258  ; 8.258  ; 8.258  ; 8.258  ;
; Instr[25]  ; ALUresu[1]    ; 8.362  ; 8.362  ; 8.362  ; 8.362  ;
; Instr[25]  ; ALUresu[2]    ; 8.915  ; 8.915  ; 8.915  ; 8.915  ;
; Instr[25]  ; ALUresu[3]    ; 8.877  ; 8.877  ; 8.877  ; 8.877  ;
; Instr[25]  ; ALUresu[4]    ; 9.054  ; 9.054  ; 9.054  ; 9.054  ;
; Instr[25]  ; ALUresu[5]    ; 8.822  ; 8.822  ; 8.822  ; 8.822  ;
; Instr[25]  ; ALUresu[6]    ; 9.311  ; 9.311  ; 9.311  ; 9.311  ;
; Instr[25]  ; ALUresu[7]    ; 9.624  ; 9.624  ; 9.624  ; 9.624  ;
; Instr[25]  ; ALUresu[8]    ; 9.823  ; 9.823  ; 9.823  ; 9.823  ;
; Instr[25]  ; ALUresu[9]    ; 9.546  ; 9.546  ; 9.546  ; 9.546  ;
; Instr[25]  ; ALUresu[10]   ; 9.385  ; 9.385  ; 9.385  ; 9.385  ;
; Instr[25]  ; ALUresu[11]   ; 9.501  ; 9.501  ; 9.501  ; 9.501  ;
; Instr[25]  ; ALUresu[12]   ; 9.800  ; 9.800  ; 9.800  ; 9.800  ;
; Instr[25]  ; ALUresu[13]   ; 9.127  ; 9.127  ; 9.127  ; 9.127  ;
; Instr[25]  ; ALUresu[14]   ; 9.495  ; 9.495  ; 9.495  ; 9.495  ;
; Instr[25]  ; ALUresu[15]   ; 9.807  ; 9.807  ; 9.807  ; 9.807  ;
; Instr[25]  ; ALUresu[16]   ; 9.882  ; 9.882  ; 9.882  ; 9.882  ;
; Instr[25]  ; ALUresu[17]   ; 9.204  ; 9.204  ; 9.204  ; 9.204  ;
; Instr[25]  ; ALUresu[18]   ; 9.950  ; 9.950  ; 9.950  ; 9.950  ;
; Instr[25]  ; ALUresu[19]   ; 9.839  ; 9.839  ; 9.839  ; 9.839  ;
; Instr[25]  ; ALUresu[20]   ; 9.646  ; 9.646  ; 9.646  ; 9.646  ;
; Instr[25]  ; ALUresu[21]   ; 9.898  ; 9.898  ; 9.898  ; 9.898  ;
; Instr[25]  ; ALUresu[22]   ; 9.680  ; 9.680  ; 9.680  ; 9.680  ;
; Instr[25]  ; ALUresu[23]   ; 9.512  ; 9.512  ; 9.512  ; 9.512  ;
; Instr[25]  ; ALUresu[24]   ; 9.720  ; 9.720  ; 9.720  ; 9.720  ;
; Instr[25]  ; ALUresu[25]   ; 9.918  ; 9.918  ; 9.918  ; 9.918  ;
; Instr[25]  ; ALUresu[26]   ; 9.865  ; 9.865  ; 9.865  ; 9.865  ;
; Instr[25]  ; ALUresu[27]   ; 10.005 ; 10.005 ; 10.005 ; 10.005 ;
; Instr[25]  ; ALUresu[28]   ; 9.973  ; 9.973  ; 9.973  ; 9.973  ;
; Instr[25]  ; ALUresu[29]   ; 9.473  ; 9.473  ; 9.473  ; 9.473  ;
; Instr[25]  ; ALUresu[30]   ; 9.494  ; 9.494  ; 9.494  ; 9.494  ;
; Instr[25]  ; ALUresu[31]   ; 9.689  ; 9.689  ; 9.689  ; 9.689  ;
; Instr[25]  ; Reg1[0]       ; 6.564  ; 7.136  ; 7.136  ; 6.564  ;
; Instr[25]  ; Reg1[1]       ; 7.578  ; 7.337  ; 7.337  ; 7.578  ;
; Instr[25]  ; Reg1[2]       ; 8.214  ; 7.795  ; 7.795  ; 8.214  ;
; Instr[25]  ; Reg1[3]       ; 9.071  ; 8.281  ; 8.281  ; 9.071  ;
; Instr[25]  ; Reg1[4]       ; 9.046  ; 7.899  ; 7.899  ; 9.046  ;
; Instr[25]  ; Reg1[5]       ; 9.209  ; 8.891  ; 8.891  ; 9.209  ;
; Instr[25]  ; Reg1[6]       ; 8.310  ; 8.291  ; 8.291  ; 8.310  ;
; Instr[25]  ; Reg1[7]       ; 8.875  ; 8.387  ; 8.387  ; 8.875  ;
; Instr[25]  ; Reg1[8]       ; 9.084  ; 8.618  ; 8.618  ; 9.084  ;
; Instr[25]  ; Reg1[9]       ; 8.749  ; 8.612  ; 8.612  ; 8.749  ;
; Instr[25]  ; Reg1[10]      ; 8.624  ; 8.723  ; 8.723  ; 8.624  ;
; Instr[25]  ; Reg1[11]      ; 9.111  ; 8.629  ; 8.629  ; 9.111  ;
; Instr[25]  ; Reg1[12]      ; 9.376  ; 8.761  ; 8.761  ; 9.376  ;
; Instr[25]  ; Reg1[13]      ; 9.181  ; 8.535  ; 8.535  ; 9.181  ;
; Instr[25]  ; Reg1[14]      ; 8.904  ; 8.819  ; 8.819  ; 8.904  ;
; Instr[25]  ; Reg1[15]      ; 9.374  ; 9.078  ; 9.078  ; 9.374  ;
; Instr[25]  ; Reg1[16]      ; 9.074  ; 8.897  ; 8.897  ; 9.074  ;
; Instr[25]  ; Reg1[17]      ; 9.483  ; 8.874  ; 8.874  ; 9.483  ;
; Instr[25]  ; Reg1[18]      ; 9.309  ; 8.854  ; 8.854  ; 9.309  ;
; Instr[25]  ; Reg1[19]      ; 9.486  ; 8.777  ; 8.777  ; 9.486  ;
; Instr[25]  ; Reg1[20]      ; 8.882  ; 8.552  ; 8.552  ; 8.882  ;
; Instr[25]  ; Reg1[21]      ; 9.137  ; 9.111  ; 9.111  ; 9.137  ;
; Instr[25]  ; Reg1[22]      ; 9.181  ; 8.806  ; 8.806  ; 9.181  ;
; Instr[25]  ; Reg1[23]      ; 8.748  ; 8.620  ; 8.620  ; 8.748  ;
; Instr[25]  ; Reg1[24]      ; 9.130  ; 8.758  ; 8.758  ; 9.130  ;
; Instr[25]  ; Reg1[25]      ; 9.526  ; 8.960  ; 8.960  ; 9.526  ;
; Instr[25]  ; Reg1[26]      ; 9.079  ; 8.786  ; 8.786  ; 9.079  ;
; Instr[25]  ; Reg1[27]      ; 9.276  ; 9.370  ; 9.370  ; 9.276  ;
; Instr[25]  ; Reg1[28]      ; 9.357  ; 9.150  ; 9.150  ; 9.357  ;
; Instr[25]  ; Reg1[29]      ; 9.109  ; 8.717  ; 8.717  ; 9.109  ;
; Instr[25]  ; Reg1[30]      ; 8.536  ; 8.610  ; 8.610  ; 8.536  ;
; Instr[25]  ; Reg1[31]      ; 8.991  ; 8.859  ; 8.859  ; 8.991  ;
; Instr[26]  ; ALUControl[0] ;        ; 7.506  ; 7.506  ;        ;
; Instr[26]  ; ALUControl[2] ;        ; 7.506  ; 7.506  ;        ;
; Instr[26]  ; ALUresu[0]    ; 7.900  ; 7.900  ; 7.900  ; 7.900  ;
; Instr[26]  ; ALUresu[1]    ; 7.633  ; 10.014 ; 10.014 ; 7.633  ;
; Instr[26]  ; ALUresu[2]    ; 7.959  ; 8.467  ; 8.467  ; 7.959  ;
; Instr[26]  ; ALUresu[3]    ; 7.746  ; 7.841  ; 7.841  ; 7.746  ;
; Instr[26]  ; ALUresu[4]    ; 7.742  ; 7.978  ; 7.978  ; 7.742  ;
; Instr[26]  ; ALUresu[5]    ; 7.177  ; 7.216  ; 7.216  ; 7.177  ;
; Instr[26]  ; ALUresu[6]    ; 7.541  ; 7.541  ; 7.541  ; 7.541  ;
; Instr[26]  ; ALUresu[7]    ; 7.549  ; 7.803  ; 7.803  ; 7.549  ;
; Instr[26]  ; ALUresu[8]    ; 7.361  ; 7.628  ; 7.628  ; 7.361  ;
; Instr[26]  ; ALUresu[9]    ; 7.276  ; 7.276  ; 7.276  ; 7.276  ;
; Instr[26]  ; ALUresu[10]   ; 8.172  ; 8.172  ; 8.172  ; 8.172  ;
; Instr[26]  ; ALUresu[11]   ; 7.276  ; 7.663  ; 7.663  ; 7.276  ;
; Instr[26]  ; ALUresu[12]   ; 7.700  ; 7.700  ; 7.700  ; 7.700  ;
; Instr[26]  ; ALUresu[13]   ; 7.154  ; 7.562  ; 7.562  ; 7.154  ;
; Instr[26]  ; ALUresu[14]   ; 7.394  ; 7.394  ; 7.394  ; 7.394  ;
; Instr[26]  ; ALUresu[15]   ; 7.548  ; 7.756  ; 7.756  ; 7.548  ;
; Instr[26]  ; ALUresu[16]   ; 7.834  ; 7.834  ; 7.834  ; 7.834  ;
; Instr[26]  ; ALUresu[17]   ; 7.268  ; 7.268  ; 7.268  ; 7.268  ;
; Instr[26]  ; ALUresu[18]   ; 8.028  ; 8.062  ; 8.062  ; 8.028  ;
; Instr[26]  ; ALUresu[19]   ; 7.802  ; 8.354  ; 8.354  ; 7.802  ;
; Instr[26]  ; ALUresu[20]   ; 7.702  ; 7.702  ; 7.702  ; 7.702  ;
; Instr[26]  ; ALUresu[21]   ; 7.794  ; 7.794  ; 7.794  ; 7.794  ;
; Instr[26]  ; ALUresu[22]   ; 7.840  ; 7.840  ; 7.840  ; 7.840  ;
; Instr[26]  ; ALUresu[23]   ; 7.117  ; 7.117  ; 7.117  ; 7.117  ;
; Instr[26]  ; ALUresu[24]   ; 7.974  ; 7.974  ; 7.974  ; 7.974  ;
; Instr[26]  ; ALUresu[25]   ; 7.617  ; 7.617  ; 7.617  ; 7.617  ;
; Instr[26]  ; ALUresu[26]   ; 7.762  ; 7.762  ; 7.762  ; 7.762  ;
; Instr[26]  ; ALUresu[27]   ; 7.670  ; 7.670  ; 7.670  ; 7.670  ;
; Instr[26]  ; ALUresu[28]   ; 7.099  ; 7.099  ; 7.099  ; 7.099  ;
; Instr[26]  ; ALUresu[29]   ; 7.188  ; 7.188  ; 7.188  ; 7.188  ;
; Instr[26]  ; ALUresu[30]   ; 7.145  ; 7.145  ; 7.145  ; 7.145  ;
; Instr[26]  ; ALUresu[31]   ; 6.684  ; 6.684  ; 6.684  ; 6.684  ;
; Instr[27]  ; ALUControl[0] ;        ; 8.816  ; 8.816  ;        ;
; Instr[27]  ; ALUControl[2] ;        ; 8.816  ; 8.816  ;        ;
; Instr[27]  ; ALUresu[0]    ; 8.964  ; 8.598  ; 8.598  ; 8.964  ;
; Instr[27]  ; ALUresu[1]    ; 8.943  ; 10.302 ; 10.302 ; 8.943  ;
; Instr[27]  ; ALUresu[2]    ; 9.269  ; 9.707  ; 9.707  ; 9.269  ;
; Instr[27]  ; ALUresu[3]    ; 9.056  ; 9.081  ; 9.081  ; 9.056  ;
; Instr[27]  ; ALUresu[4]    ; 9.052  ; 9.258  ; 9.258  ; 9.052  ;
; Instr[27]  ; ALUresu[5]    ; 8.031  ; 8.031  ; 8.031  ; 8.031  ;
; Instr[27]  ; ALUresu[6]    ; 8.357  ; 8.357  ; 8.357  ; 8.357  ;
; Instr[27]  ; ALUresu[7]    ; 8.630  ; 8.630  ; 8.630  ; 8.630  ;
; Instr[27]  ; ALUresu[8]    ; 8.513  ; 8.513  ; 8.513  ; 8.513  ;
; Instr[27]  ; ALUresu[9]    ; 7.880  ; 7.880  ; 7.880  ; 7.880  ;
; Instr[27]  ; ALUresu[10]   ; 8.610  ; 8.610  ; 8.610  ; 8.610  ;
; Instr[27]  ; ALUresu[11]   ; 8.059  ; 8.059  ; 8.059  ; 8.059  ;
; Instr[27]  ; ALUresu[12]   ; 8.446  ; 8.446  ; 8.446  ; 8.446  ;
; Instr[27]  ; ALUresu[13]   ; 7.637  ; 7.637  ; 7.637  ; 7.637  ;
; Instr[27]  ; ALUresu[14]   ; 7.810  ; 7.810  ; 7.810  ; 7.810  ;
; Instr[27]  ; ALUresu[15]   ; 8.100  ; 8.100  ; 8.100  ; 8.100  ;
; Instr[27]  ; ALUresu[16]   ; 8.459  ; 8.459  ; 8.459  ; 8.459  ;
; Instr[27]  ; ALUresu[17]   ; 7.904  ; 7.904  ; 7.904  ; 7.904  ;
; Instr[27]  ; ALUresu[18]   ; 8.584  ; 8.584  ; 8.584  ; 8.584  ;
; Instr[27]  ; ALUresu[19]   ; 8.549  ; 8.549  ; 8.549  ; 8.549  ;
; Instr[27]  ; ALUresu[20]   ; 8.334  ; 8.334  ; 8.334  ; 8.334  ;
; Instr[27]  ; ALUresu[21]   ; 8.427  ; 8.427  ; 8.427  ; 8.427  ;
; Instr[27]  ; ALUresu[22]   ; 8.476  ; 8.476  ; 8.476  ; 8.476  ;
; Instr[27]  ; ALUresu[23]   ; 8.245  ; 8.245  ; 8.245  ; 8.245  ;
; Instr[27]  ; ALUresu[24]   ; 8.601  ; 8.601  ; 8.601  ; 8.601  ;
; Instr[27]  ; ALUresu[25]   ; 7.874  ; 7.874  ; 7.874  ; 7.874  ;
; Instr[27]  ; ALUresu[26]   ; 8.021  ; 8.021  ; 8.021  ; 8.021  ;
; Instr[27]  ; ALUresu[27]   ; 8.303  ; 8.303  ; 8.303  ; 8.303  ;
; Instr[27]  ; ALUresu[28]   ; 7.359  ; 7.359  ; 7.359  ; 7.359  ;
; Instr[27]  ; ALUresu[29]   ; 7.826  ; 7.826  ; 7.826  ; 7.826  ;
; Instr[27]  ; ALUresu[30]   ; 8.034  ; 8.034  ; 8.034  ; 8.034  ;
; Instr[27]  ; ALUresu[31]   ; 7.399  ; 7.399  ; 7.399  ; 7.399  ;
; Instr[28]  ; ALUControl[0] ;        ; 8.752  ; 8.752  ;        ;
; Instr[28]  ; ALUControl[2] ;        ; 8.752  ; 8.752  ;        ;
; Instr[28]  ; ALUresu[0]    ; 8.900  ; 8.534  ; 8.534  ; 8.900  ;
; Instr[28]  ; ALUresu[1]    ; 8.879  ; 10.238 ; 10.238 ; 8.879  ;
; Instr[28]  ; ALUresu[2]    ; 9.205  ; 9.643  ; 9.643  ; 9.205  ;
; Instr[28]  ; ALUresu[3]    ; 8.992  ; 9.017  ; 9.017  ; 8.992  ;
; Instr[28]  ; ALUresu[4]    ; 8.988  ; 9.194  ; 9.194  ; 8.988  ;
; Instr[28]  ; ALUresu[5]    ; 7.967  ; 7.967  ; 7.967  ; 7.967  ;
; Instr[28]  ; ALUresu[6]    ; 8.293  ; 8.293  ; 8.293  ; 8.293  ;
; Instr[28]  ; ALUresu[7]    ; 8.566  ; 8.566  ; 8.566  ; 8.566  ;
; Instr[28]  ; ALUresu[8]    ; 8.449  ; 8.449  ; 8.449  ; 8.449  ;
; Instr[28]  ; ALUresu[9]    ; 7.816  ; 7.816  ; 7.816  ; 7.816  ;
; Instr[28]  ; ALUresu[10]   ; 8.546  ; 8.546  ; 8.546  ; 8.546  ;
; Instr[28]  ; ALUresu[11]   ; 7.995  ; 7.995  ; 7.995  ; 7.995  ;
; Instr[28]  ; ALUresu[12]   ; 8.382  ; 8.382  ; 8.382  ; 8.382  ;
; Instr[28]  ; ALUresu[13]   ; 7.573  ; 7.573  ; 7.573  ; 7.573  ;
; Instr[28]  ; ALUresu[14]   ; 7.746  ; 7.746  ; 7.746  ; 7.746  ;
; Instr[28]  ; ALUresu[15]   ; 8.036  ; 8.036  ; 8.036  ; 8.036  ;
; Instr[28]  ; ALUresu[16]   ; 8.395  ; 8.395  ; 8.395  ; 8.395  ;
; Instr[28]  ; ALUresu[17]   ; 7.840  ; 7.840  ; 7.840  ; 7.840  ;
; Instr[28]  ; ALUresu[18]   ; 8.520  ; 8.520  ; 8.520  ; 8.520  ;
; Instr[28]  ; ALUresu[19]   ; 8.485  ; 8.485  ; 8.485  ; 8.485  ;
; Instr[28]  ; ALUresu[20]   ; 8.270  ; 8.270  ; 8.270  ; 8.270  ;
; Instr[28]  ; ALUresu[21]   ; 8.363  ; 8.363  ; 8.363  ; 8.363  ;
; Instr[28]  ; ALUresu[22]   ; 8.412  ; 8.412  ; 8.412  ; 8.412  ;
; Instr[28]  ; ALUresu[23]   ; 8.181  ; 8.181  ; 8.181  ; 8.181  ;
; Instr[28]  ; ALUresu[24]   ; 8.537  ; 8.537  ; 8.537  ; 8.537  ;
; Instr[28]  ; ALUresu[25]   ; 7.810  ; 7.810  ; 7.810  ; 7.810  ;
; Instr[28]  ; ALUresu[26]   ; 7.957  ; 7.957  ; 7.957  ; 7.957  ;
; Instr[28]  ; ALUresu[27]   ; 8.239  ; 8.239  ; 8.239  ; 8.239  ;
; Instr[28]  ; ALUresu[28]   ; 7.295  ; 7.295  ; 7.295  ; 7.295  ;
; Instr[28]  ; ALUresu[29]   ; 7.762  ; 7.762  ; 7.762  ; 7.762  ;
; Instr[28]  ; ALUresu[30]   ; 7.970  ; 7.970  ; 7.970  ; 7.970  ;
; Instr[28]  ; ALUresu[31]   ; 7.335  ; 7.335  ; 7.335  ; 7.335  ;
; Instr[29]  ; ALUresu[0]    ; 8.558  ; 8.450  ; 8.450  ; 8.558  ;
; Instr[29]  ; ALUresu[1]    ; 9.852  ; 9.852  ; 9.852  ; 9.852  ;
; Instr[29]  ; ALUresu[2]    ; 8.985  ; 8.985  ; 8.985  ; 8.985  ;
; Instr[29]  ; ALUresu[3]    ; 8.359  ; 8.359  ; 8.359  ; 8.359  ;
; Instr[29]  ; ALUresu[4]    ; 8.496  ; 8.496  ; 8.496  ; 8.496  ;
; Instr[29]  ; ALUresu[5]    ; 7.471  ; 7.471  ; 7.471  ; 7.471  ;
; Instr[29]  ; ALUresu[6]    ; 7.797  ; 7.797  ; 7.797  ; 7.797  ;
; Instr[29]  ; ALUresu[7]    ; 8.072  ; 8.072  ; 8.072  ; 8.072  ;
; Instr[29]  ; ALUresu[8]    ; 7.941  ; 7.941  ; 7.941  ; 7.941  ;
; Instr[29]  ; ALUresu[9]    ; 7.756  ; 7.756  ; 7.756  ; 7.756  ;
; Instr[29]  ; ALUresu[10]   ; 8.134  ; 8.134  ; 8.134  ; 8.134  ;
; Instr[29]  ; ALUresu[11]   ; 7.501  ; 7.501  ; 7.501  ; 7.501  ;
; Instr[29]  ; ALUresu[12]   ; 7.890  ; 7.890  ; 7.890  ; 7.890  ;
; Instr[29]  ; ALUresu[13]   ; 7.568  ; 7.568  ; 7.568  ; 7.568  ;
; Instr[29]  ; ALUresu[14]   ; 7.471  ; 7.471  ; 7.471  ; 7.471  ;
; Instr[29]  ; ALUresu[15]   ; 7.665  ; 7.665  ; 7.665  ; 7.665  ;
; Instr[29]  ; ALUresu[16]   ; 8.313  ; 8.313  ; 8.313  ; 8.313  ;
; Instr[29]  ; ALUresu[17]   ; 7.746  ; 7.746  ; 7.746  ; 7.746  ;
; Instr[29]  ; ALUresu[18]   ; 8.313  ; 8.313  ; 8.313  ; 8.313  ;
; Instr[29]  ; ALUresu[19]   ; 8.191  ; 8.191  ; 8.191  ; 8.191  ;
; Instr[29]  ; ALUresu[20]   ; 8.182  ; 8.182  ; 8.182  ; 8.182  ;
; Instr[29]  ; ALUresu[21]   ; 8.154  ; 8.154  ; 8.154  ; 8.154  ;
; Instr[29]  ; ALUresu[22]   ; 8.317  ; 8.317  ; 8.317  ; 8.317  ;
; Instr[29]  ; ALUresu[23]   ; 7.078  ; 7.078  ; 7.078  ; 7.078  ;
; Instr[29]  ; ALUresu[24]   ; 8.454  ; 8.454  ; 8.454  ; 8.454  ;
; Instr[29]  ; ALUresu[25]   ; 7.728  ; 7.728  ; 7.728  ; 7.728  ;
; Instr[29]  ; ALUresu[26]   ; 7.874  ; 7.874  ; 7.874  ; 7.874  ;
; Instr[29]  ; ALUresu[27]   ; 8.150  ; 8.150  ; 8.150  ; 8.150  ;
; Instr[29]  ; ALUresu[28]   ; 7.211  ; 7.211  ; 7.211  ; 7.211  ;
; Instr[29]  ; ALUresu[29]   ; 7.665  ; 7.665  ; 7.665  ; 7.665  ;
; Instr[29]  ; ALUresu[30]   ; 7.469  ; 7.469  ; 7.469  ; 7.469  ;
; Instr[29]  ; ALUresu[31]   ; 6.993  ; 6.993  ; 6.993  ; 6.993  ;
; Instr[30]  ; ALUControl[0] ;        ; 8.725  ; 8.725  ;        ;
; Instr[30]  ; ALUControl[2] ;        ; 8.725  ; 8.725  ;        ;
; Instr[30]  ; ALUresu[0]    ; 8.873  ; 8.507  ; 8.507  ; 8.873  ;
; Instr[30]  ; ALUresu[1]    ; 8.852  ; 10.211 ; 10.211 ; 8.852  ;
; Instr[30]  ; ALUresu[2]    ; 9.178  ; 9.616  ; 9.616  ; 9.178  ;
; Instr[30]  ; ALUresu[3]    ; 8.965  ; 8.990  ; 8.990  ; 8.965  ;
; Instr[30]  ; ALUresu[4]    ; 8.961  ; 9.167  ; 9.167  ; 8.961  ;
; Instr[30]  ; ALUresu[5]    ; 7.940  ; 7.940  ; 7.940  ; 7.940  ;
; Instr[30]  ; ALUresu[6]    ; 8.266  ; 8.266  ; 8.266  ; 8.266  ;
; Instr[30]  ; ALUresu[7]    ; 8.539  ; 8.539  ; 8.539  ; 8.539  ;
; Instr[30]  ; ALUresu[8]    ; 8.422  ; 8.422  ; 8.422  ; 8.422  ;
; Instr[30]  ; ALUresu[9]    ; 7.789  ; 7.789  ; 7.789  ; 7.789  ;
; Instr[30]  ; ALUresu[10]   ; 8.519  ; 8.519  ; 8.519  ; 8.519  ;
; Instr[30]  ; ALUresu[11]   ; 7.968  ; 7.968  ; 7.968  ; 7.968  ;
; Instr[30]  ; ALUresu[12]   ; 8.355  ; 8.355  ; 8.355  ; 8.355  ;
; Instr[30]  ; ALUresu[13]   ; 7.546  ; 7.546  ; 7.546  ; 7.546  ;
; Instr[30]  ; ALUresu[14]   ; 7.719  ; 7.719  ; 7.719  ; 7.719  ;
; Instr[30]  ; ALUresu[15]   ; 8.009  ; 8.009  ; 8.009  ; 8.009  ;
; Instr[30]  ; ALUresu[16]   ; 8.368  ; 8.368  ; 8.368  ; 8.368  ;
; Instr[30]  ; ALUresu[17]   ; 7.813  ; 7.813  ; 7.813  ; 7.813  ;
; Instr[30]  ; ALUresu[18]   ; 8.493  ; 8.493  ; 8.493  ; 8.493  ;
; Instr[30]  ; ALUresu[19]   ; 8.458  ; 8.458  ; 8.458  ; 8.458  ;
; Instr[30]  ; ALUresu[20]   ; 8.243  ; 8.243  ; 8.243  ; 8.243  ;
; Instr[30]  ; ALUresu[21]   ; 8.336  ; 8.336  ; 8.336  ; 8.336  ;
; Instr[30]  ; ALUresu[22]   ; 8.385  ; 8.385  ; 8.385  ; 8.385  ;
; Instr[30]  ; ALUresu[23]   ; 8.154  ; 8.154  ; 8.154  ; 8.154  ;
; Instr[30]  ; ALUresu[24]   ; 8.510  ; 8.510  ; 8.510  ; 8.510  ;
; Instr[30]  ; ALUresu[25]   ; 7.783  ; 7.783  ; 7.783  ; 7.783  ;
; Instr[30]  ; ALUresu[26]   ; 7.930  ; 7.930  ; 7.930  ; 7.930  ;
; Instr[30]  ; ALUresu[27]   ; 8.212  ; 8.212  ; 8.212  ; 8.212  ;
; Instr[30]  ; ALUresu[28]   ; 7.268  ; 7.268  ; 7.268  ; 7.268  ;
; Instr[30]  ; ALUresu[29]   ; 7.735  ; 7.735  ; 7.735  ; 7.735  ;
; Instr[30]  ; ALUresu[30]   ; 7.943  ; 7.943  ; 7.943  ; 7.943  ;
; Instr[30]  ; ALUresu[31]   ; 7.308  ; 7.308  ; 7.308  ; 7.308  ;
; Instr[31]  ; ALUControl[0] ;        ; 9.281  ; 9.281  ;        ;
; Instr[31]  ; ALUControl[2] ;        ; 9.281  ; 9.281  ;        ;
; Instr[31]  ; ALUresu[0]    ; 9.429  ; 9.063  ; 9.063  ; 9.429  ;
; Instr[31]  ; ALUresu[1]    ; 9.408  ; 10.767 ; 10.767 ; 9.408  ;
; Instr[31]  ; ALUresu[2]    ; 9.734  ; 10.172 ; 10.172 ; 9.734  ;
; Instr[31]  ; ALUresu[3]    ; 9.521  ; 9.546  ; 9.546  ; 9.521  ;
; Instr[31]  ; ALUresu[4]    ; 9.517  ; 9.723  ; 9.723  ; 9.517  ;
; Instr[31]  ; ALUresu[5]    ; 8.496  ; 8.496  ; 8.496  ; 8.496  ;
; Instr[31]  ; ALUresu[6]    ; 8.822  ; 8.822  ; 8.822  ; 8.822  ;
; Instr[31]  ; ALUresu[7]    ; 9.095  ; 9.095  ; 9.095  ; 9.095  ;
; Instr[31]  ; ALUresu[8]    ; 8.978  ; 8.978  ; 8.978  ; 8.978  ;
; Instr[31]  ; ALUresu[9]    ; 8.345  ; 8.345  ; 8.345  ; 8.345  ;
; Instr[31]  ; ALUresu[10]   ; 9.075  ; 9.075  ; 9.075  ; 9.075  ;
; Instr[31]  ; ALUresu[11]   ; 8.524  ; 8.524  ; 8.524  ; 8.524  ;
; Instr[31]  ; ALUresu[12]   ; 8.911  ; 8.911  ; 8.911  ; 8.911  ;
; Instr[31]  ; ALUresu[13]   ; 8.102  ; 8.102  ; 8.102  ; 8.102  ;
; Instr[31]  ; ALUresu[14]   ; 8.275  ; 8.275  ; 8.275  ; 8.275  ;
; Instr[31]  ; ALUresu[15]   ; 8.565  ; 8.565  ; 8.565  ; 8.565  ;
; Instr[31]  ; ALUresu[16]   ; 8.924  ; 8.924  ; 8.924  ; 8.924  ;
; Instr[31]  ; ALUresu[17]   ; 8.369  ; 8.369  ; 8.369  ; 8.369  ;
; Instr[31]  ; ALUresu[18]   ; 9.049  ; 9.049  ; 9.049  ; 9.049  ;
; Instr[31]  ; ALUresu[19]   ; 9.014  ; 9.014  ; 9.014  ; 9.014  ;
; Instr[31]  ; ALUresu[20]   ; 8.799  ; 8.799  ; 8.799  ; 8.799  ;
; Instr[31]  ; ALUresu[21]   ; 8.892  ; 8.892  ; 8.892  ; 8.892  ;
; Instr[31]  ; ALUresu[22]   ; 8.941  ; 8.941  ; 8.941  ; 8.941  ;
; Instr[31]  ; ALUresu[23]   ; 8.710  ; 8.710  ; 8.710  ; 8.710  ;
; Instr[31]  ; ALUresu[24]   ; 9.066  ; 9.066  ; 9.066  ; 9.066  ;
; Instr[31]  ; ALUresu[25]   ; 8.339  ; 8.339  ; 8.339  ; 8.339  ;
; Instr[31]  ; ALUresu[26]   ; 8.486  ; 8.486  ; 8.486  ; 8.486  ;
; Instr[31]  ; ALUresu[27]   ; 8.768  ; 8.768  ; 8.768  ; 8.768  ;
; Instr[31]  ; ALUresu[28]   ; 7.824  ; 7.824  ; 7.824  ; 7.824  ;
; Instr[31]  ; ALUresu[29]   ; 8.291  ; 8.291  ; 8.291  ; 8.291  ;
; Instr[31]  ; ALUresu[30]   ; 8.499  ; 8.499  ; 8.499  ; 8.499  ;
; Instr[31]  ; ALUresu[31]   ; 7.864  ; 7.864  ; 7.864  ; 7.864  ;
+------------+---------------+--------+--------+--------+--------+


+--------------------------------------------------------------------------------------+
; Multicorner Timing Analysis Summary                                                  ;
+------------------+------------+-----------+----------+---------+---------------------+
; Clock            ; Setup      ; Hold      ; Recovery ; Removal ; Minimum Pulse Width ;
+------------------+------------+-----------+----------+---------+---------------------+
; Worst-case Slack ; -21.988    ; -7.695    ; N/A      ; N/A     ; -6.839              ;
;  CLK             ; -21.988    ; 0.729     ; N/A      ; N/A     ; -1.222              ;
;  Instr[0]        ; -4.413     ; -7.695    ; N/A      ; N/A     ; -6.839              ;
; Design-wide TNS  ; -20171.443 ; -5739.441 ; 0.0      ; 0.0     ; -21737.158          ;
;  CLK             ; -19652.120 ; 0.000     ; N/A      ; N/A     ; -1025.222           ;
;  Instr[0]        ; -519.323   ; -5739.441 ; N/A      ; N/A     ; -20711.936          ;
+------------------+------------+-----------+----------+---------+---------------------+


+--------------------------------------------------------------------------+
; Setup Times                                                              ;
+------------+------------+--------+--------+------------+-----------------+
; Data Port  ; Clock Port ; Rise   ; Fall   ; Clock Edge ; Clock Reference ;
+------------+------------+--------+--------+------------+-----------------+
; Instr[*]   ; CLK        ; 30.039 ; 30.039 ; Rise       ; CLK             ;
;  Instr[0]  ; CLK        ; 15.490 ; 15.490 ; Rise       ; CLK             ;
;  Instr[1]  ; CLK        ; 20.977 ; 20.977 ; Rise       ; CLK             ;
;  Instr[2]  ; CLK        ; 20.997 ; 20.997 ; Rise       ; CLK             ;
;  Instr[3]  ; CLK        ; 20.638 ; 20.638 ; Rise       ; CLK             ;
;  Instr[4]  ; CLK        ; 20.782 ; 20.782 ; Rise       ; CLK             ;
;  Instr[5]  ; CLK        ; 20.660 ; 20.660 ; Rise       ; CLK             ;
;  Instr[6]  ; CLK        ; 19.411 ; 19.411 ; Rise       ; CLK             ;
;  Instr[7]  ; CLK        ; 19.988 ; 19.988 ; Rise       ; CLK             ;
;  Instr[8]  ; CLK        ; 17.844 ; 17.844 ; Rise       ; CLK             ;
;  Instr[9]  ; CLK        ; 17.455 ; 17.455 ; Rise       ; CLK             ;
;  Instr[10] ; CLK        ; 18.581 ; 18.581 ; Rise       ; CLK             ;
;  Instr[11] ; CLK        ; 17.808 ; 17.808 ; Rise       ; CLK             ;
;  Instr[12] ; CLK        ; 18.762 ; 18.762 ; Rise       ; CLK             ;
;  Instr[13] ; CLK        ; 19.066 ; 19.066 ; Rise       ; CLK             ;
;  Instr[14] ; CLK        ; 17.581 ; 17.581 ; Rise       ; CLK             ;
;  Instr[15] ; CLK        ; 18.625 ; 18.625 ; Rise       ; CLK             ;
;  Instr[16] ; CLK        ; 28.674 ; 28.674 ; Rise       ; CLK             ;
;  Instr[17] ; CLK        ; 27.436 ; 27.436 ; Rise       ; CLK             ;
;  Instr[18] ; CLK        ; 27.824 ; 27.824 ; Rise       ; CLK             ;
;  Instr[19] ; CLK        ; 30.039 ; 30.039 ; Rise       ; CLK             ;
;  Instr[20] ; CLK        ; 29.618 ; 29.618 ; Rise       ; CLK             ;
;  Instr[21] ; CLK        ; 26.768 ; 26.768 ; Rise       ; CLK             ;
;  Instr[22] ; CLK        ; 26.918 ; 26.918 ; Rise       ; CLK             ;
;  Instr[23] ; CLK        ; 26.640 ; 26.640 ; Rise       ; CLK             ;
;  Instr[24] ; CLK        ; 29.277 ; 29.277 ; Rise       ; CLK             ;
;  Instr[25] ; CLK        ; 28.695 ; 28.695 ; Rise       ; CLK             ;
;  Instr[26] ; CLK        ; 25.632 ; 25.632 ; Rise       ; CLK             ;
;  Instr[27] ; CLK        ; 26.277 ; 26.277 ; Rise       ; CLK             ;
;  Instr[28] ; CLK        ; 26.173 ; 26.173 ; Rise       ; CLK             ;
;  Instr[29] ; CLK        ; 25.274 ; 25.274 ; Rise       ; CLK             ;
;  Instr[30] ; CLK        ; 26.178 ; 26.178 ; Rise       ; CLK             ;
;  Instr[31] ; CLK        ; 27.117 ; 27.117 ; Rise       ; CLK             ;
; Instr[*]   ; Instr[0]   ; 12.814 ; 12.814 ; Rise       ; Instr[0]        ;
;  Instr[16] ; Instr[0]   ; 11.319 ; 11.319 ; Rise       ; Instr[0]        ;
;  Instr[17] ; Instr[0]   ; 10.733 ; 10.733 ; Rise       ; Instr[0]        ;
;  Instr[18] ; Instr[0]   ; 10.272 ; 10.272 ; Rise       ; Instr[0]        ;
;  Instr[19] ; Instr[0]   ; 12.814 ; 12.814 ; Rise       ; Instr[0]        ;
;  Instr[20] ; Instr[0]   ; 12.392 ; 12.392 ; Rise       ; Instr[0]        ;
; Instr[*]   ; Instr[0]   ; 14.610 ; 14.610 ; Fall       ; Instr[0]        ;
;  Instr[16] ; Instr[0]   ; 12.592 ; 12.592 ; Fall       ; Instr[0]        ;
;  Instr[17] ; Instr[0]   ; 11.919 ; 11.919 ; Fall       ; Instr[0]        ;
;  Instr[18] ; Instr[0]   ; 11.742 ; 11.742 ; Fall       ; Instr[0]        ;
;  Instr[19] ; Instr[0]   ; 14.610 ; 14.610 ; Fall       ; Instr[0]        ;
;  Instr[20] ; Instr[0]   ; 14.188 ; 14.188 ; Fall       ; Instr[0]        ;
+------------+------------+--------+--------+------------+-----------------+


+--------------------------------------------------------------------------+
; Hold Times                                                               ;
+------------+------------+--------+--------+------------+-----------------+
; Data Port  ; Clock Port ; Rise   ; Fall   ; Clock Edge ; Clock Reference ;
+------------+------------+--------+--------+------------+-----------------+
; Instr[*]   ; CLK        ; -0.729 ; -0.729 ; Rise       ; CLK             ;
;  Instr[0]  ; CLK        ; -0.729 ; -0.729 ; Rise       ; CLK             ;
;  Instr[1]  ; CLK        ; -3.623 ; -3.623 ; Rise       ; CLK             ;
;  Instr[2]  ; CLK        ; -3.878 ; -3.878 ; Rise       ; CLK             ;
;  Instr[3]  ; CLK        ; -3.872 ; -3.872 ; Rise       ; CLK             ;
;  Instr[4]  ; CLK        ; -3.829 ; -3.829 ; Rise       ; CLK             ;
;  Instr[5]  ; CLK        ; -3.792 ; -3.792 ; Rise       ; CLK             ;
;  Instr[6]  ; CLK        ; -5.015 ; -5.015 ; Rise       ; CLK             ;
;  Instr[7]  ; CLK        ; -5.382 ; -5.382 ; Rise       ; CLK             ;
;  Instr[8]  ; CLK        ; -4.223 ; -4.223 ; Rise       ; CLK             ;
;  Instr[9]  ; CLK        ; -3.686 ; -3.686 ; Rise       ; CLK             ;
;  Instr[10] ; CLK        ; -4.591 ; -4.591 ; Rise       ; CLK             ;
;  Instr[11] ; CLK        ; -3.784 ; -3.784 ; Rise       ; CLK             ;
;  Instr[12] ; CLK        ; -3.345 ; -3.345 ; Rise       ; CLK             ;
;  Instr[13] ; CLK        ; -3.403 ; -3.403 ; Rise       ; CLK             ;
;  Instr[14] ; CLK        ; -3.726 ; -3.726 ; Rise       ; CLK             ;
;  Instr[15] ; CLK        ; -3.974 ; -3.974 ; Rise       ; CLK             ;
;  Instr[16] ; CLK        ; -3.432 ; -3.432 ; Rise       ; CLK             ;
;  Instr[17] ; CLK        ; -3.084 ; -3.084 ; Rise       ; CLK             ;
;  Instr[18] ; CLK        ; -3.448 ; -3.448 ; Rise       ; CLK             ;
;  Instr[19] ; CLK        ; -4.146 ; -4.146 ; Rise       ; CLK             ;
;  Instr[20] ; CLK        ; -3.385 ; -3.385 ; Rise       ; CLK             ;
;  Instr[21] ; CLK        ; -4.426 ; -4.426 ; Rise       ; CLK             ;
;  Instr[22] ; CLK        ; -4.336 ; -4.336 ; Rise       ; CLK             ;
;  Instr[23] ; CLK        ; -4.455 ; -4.455 ; Rise       ; CLK             ;
;  Instr[24] ; CLK        ; -5.189 ; -5.189 ; Rise       ; CLK             ;
;  Instr[25] ; CLK        ; -4.926 ; -4.926 ; Rise       ; CLK             ;
;  Instr[26] ; CLK        ; -2.710 ; -2.710 ; Rise       ; CLK             ;
;  Instr[27] ; CLK        ; -2.508 ; -2.508 ; Rise       ; CLK             ;
;  Instr[28] ; CLK        ; -2.678 ; -2.678 ; Rise       ; CLK             ;
;  Instr[29] ; CLK        ; -3.124 ; -3.124 ; Rise       ; CLK             ;
;  Instr[30] ; CLK        ; -2.582 ; -2.582 ; Rise       ; CLK             ;
;  Instr[31] ; CLK        ; -2.973 ; -2.973 ; Rise       ; CLK             ;
; Instr[*]   ; Instr[0]   ; 4.758  ; 4.758  ; Rise       ; Instr[0]        ;
;  Instr[16] ; Instr[0]   ; 3.374  ; 3.374  ; Rise       ; Instr[0]        ;
;  Instr[17] ; Instr[0]   ; 4.758  ; 4.758  ; Rise       ; Instr[0]        ;
;  Instr[18] ; Instr[0]   ; 4.272  ; 4.272  ; Rise       ; Instr[0]        ;
;  Instr[19] ; Instr[0]   ; 3.030  ; 3.030  ; Rise       ; Instr[0]        ;
;  Instr[20] ; Instr[0]   ; 3.307  ; 3.307  ; Rise       ; Instr[0]        ;
; Instr[*]   ; Instr[0]   ; 4.831  ; 4.831  ; Fall       ; Instr[0]        ;
;  Instr[16] ; Instr[0]   ; 3.529  ; 3.529  ; Fall       ; Instr[0]        ;
;  Instr[17] ; Instr[0]   ; 4.831  ; 4.831  ; Fall       ; Instr[0]        ;
;  Instr[18] ; Instr[0]   ; 4.345  ; 4.345  ; Fall       ; Instr[0]        ;
;  Instr[19] ; Instr[0]   ; 3.103  ; 3.103  ; Fall       ; Instr[0]        ;
;  Instr[20] ; Instr[0]   ; 3.380  ; 3.380  ; Fall       ; Instr[0]        ;
+------------+------------+--------+--------+------------+-----------------+


+------------------------------------------------------------------------------+
; Clock to Output Times                                                        ;
+----------------+------------+--------+--------+------------+-----------------+
; Data Port      ; Clock Port ; Rise   ; Fall   ; Clock Edge ; Clock Reference ;
+----------------+------------+--------+--------+------------+-----------------+
; ALUresu[*]     ; CLK        ; 30.036 ; 30.036 ; Rise       ; CLK             ;
;  ALUresu[0]    ; CLK        ; 20.922 ; 20.922 ; Rise       ; CLK             ;
;  ALUresu[1]    ; CLK        ; 16.970 ; 16.970 ; Rise       ; CLK             ;
;  ALUresu[2]    ; CLK        ; 17.402 ; 17.402 ; Rise       ; CLK             ;
;  ALUresu[3]    ; CLK        ; 17.543 ; 17.543 ; Rise       ; CLK             ;
;  ALUresu[4]    ; CLK        ; 17.879 ; 17.879 ; Rise       ; CLK             ;
;  ALUresu[5]    ; CLK        ; 17.482 ; 17.482 ; Rise       ; CLK             ;
;  ALUresu[6]    ; CLK        ; 18.377 ; 18.377 ; Rise       ; CLK             ;
;  ALUresu[7]    ; CLK        ; 19.526 ; 19.526 ; Rise       ; CLK             ;
;  ALUresu[8]    ; CLK        ; 19.938 ; 19.938 ; Rise       ; CLK             ;
;  ALUresu[9]    ; CLK        ; 20.457 ; 20.457 ; Rise       ; CLK             ;
;  ALUresu[10]   ; CLK        ; 21.006 ; 21.006 ; Rise       ; CLK             ;
;  ALUresu[11]   ; CLK        ; 20.409 ; 20.409 ; Rise       ; CLK             ;
;  ALUresu[12]   ; CLK        ; 21.991 ; 21.991 ; Rise       ; CLK             ;
;  ALUresu[13]   ; CLK        ; 21.372 ; 21.372 ; Rise       ; CLK             ;
;  ALUresu[14]   ; CLK        ; 21.832 ; 21.832 ; Rise       ; CLK             ;
;  ALUresu[15]   ; CLK        ; 22.494 ; 22.494 ; Rise       ; CLK             ;
;  ALUresu[16]   ; CLK        ; 24.408 ; 24.408 ; Rise       ; CLK             ;
;  ALUresu[17]   ; CLK        ; 23.622 ; 23.622 ; Rise       ; CLK             ;
;  ALUresu[18]   ; CLK        ; 24.292 ; 24.292 ; Rise       ; CLK             ;
;  ALUresu[19]   ; CLK        ; 24.107 ; 24.107 ; Rise       ; CLK             ;
;  ALUresu[20]   ; CLK        ; 24.366 ; 24.366 ; Rise       ; CLK             ;
;  ALUresu[21]   ; CLK        ; 25.090 ; 25.090 ; Rise       ; CLK             ;
;  ALUresu[22]   ; CLK        ; 25.578 ; 25.578 ; Rise       ; CLK             ;
;  ALUresu[23]   ; CLK        ; 27.205 ; 27.205 ; Rise       ; CLK             ;
;  ALUresu[24]   ; CLK        ; 27.643 ; 27.643 ; Rise       ; CLK             ;
;  ALUresu[25]   ; CLK        ; 27.164 ; 27.164 ; Rise       ; CLK             ;
;  ALUresu[26]   ; CLK        ; 27.236 ; 27.236 ; Rise       ; CLK             ;
;  ALUresu[27]   ; CLK        ; 27.476 ; 27.476 ; Rise       ; CLK             ;
;  ALUresu[28]   ; CLK        ; 27.552 ; 27.552 ; Rise       ; CLK             ;
;  ALUresu[29]   ; CLK        ; 28.403 ; 28.403 ; Rise       ; CLK             ;
;  ALUresu[30]   ; CLK        ; 28.339 ; 28.339 ; Rise       ; CLK             ;
;  ALUresu[31]   ; CLK        ; 30.036 ; 30.036 ; Rise       ; CLK             ;
; Reg1[*]        ; CLK        ; 13.800 ; 13.800 ; Rise       ; CLK             ;
;  Reg1[0]       ; CLK        ; 11.749 ; 11.749 ; Rise       ; CLK             ;
;  Reg1[1]       ; CLK        ; 13.800 ; 13.800 ; Rise       ; CLK             ;
;  Reg1[2]       ; CLK        ; 10.216 ; 10.216 ; Rise       ; CLK             ;
;  Reg1[3]       ; CLK        ; 11.036 ; 11.036 ; Rise       ; CLK             ;
;  Reg1[4]       ; CLK        ; 11.407 ; 11.407 ; Rise       ; CLK             ;
;  Reg1[5]       ; CLK        ; 12.156 ; 12.156 ; Rise       ; CLK             ;
;  Reg1[6]       ; CLK        ; 11.832 ; 11.832 ; Rise       ; CLK             ;
;  Reg1[7]       ; CLK        ; 10.941 ; 10.941 ; Rise       ; CLK             ;
;  Reg1[8]       ; CLK        ; 11.834 ; 11.834 ; Rise       ; CLK             ;
;  Reg1[9]       ; CLK        ; 11.230 ; 11.230 ; Rise       ; CLK             ;
;  Reg1[10]      ; CLK        ; 12.144 ; 12.144 ; Rise       ; CLK             ;
;  Reg1[11]      ; CLK        ; 11.380 ; 11.380 ; Rise       ; CLK             ;
;  Reg1[12]      ; CLK        ; 11.672 ; 11.672 ; Rise       ; CLK             ;
;  Reg1[13]      ; CLK        ; 12.015 ; 12.015 ; Rise       ; CLK             ;
;  Reg1[14]      ; CLK        ; 11.804 ; 11.804 ; Rise       ; CLK             ;
;  Reg1[15]      ; CLK        ; 11.847 ; 11.847 ; Rise       ; CLK             ;
;  Reg1[16]      ; CLK        ; 11.517 ; 11.517 ; Rise       ; CLK             ;
;  Reg1[17]      ; CLK        ; 12.266 ; 12.266 ; Rise       ; CLK             ;
;  Reg1[18]      ; CLK        ; 12.151 ; 12.151 ; Rise       ; CLK             ;
;  Reg1[19]      ; CLK        ; 12.051 ; 12.051 ; Rise       ; CLK             ;
;  Reg1[20]      ; CLK        ; 11.602 ; 11.602 ; Rise       ; CLK             ;
;  Reg1[21]      ; CLK        ; 13.167 ; 13.167 ; Rise       ; CLK             ;
;  Reg1[22]      ; CLK        ; 11.256 ; 11.256 ; Rise       ; CLK             ;
;  Reg1[23]      ; CLK        ; 11.856 ; 11.856 ; Rise       ; CLK             ;
;  Reg1[24]      ; CLK        ; 11.936 ; 11.936 ; Rise       ; CLK             ;
;  Reg1[25]      ; CLK        ; 13.181 ; 13.181 ; Rise       ; CLK             ;
;  Reg1[26]      ; CLK        ; 11.777 ; 11.777 ; Rise       ; CLK             ;
;  Reg1[27]      ; CLK        ; 12.100 ; 12.100 ; Rise       ; CLK             ;
;  Reg1[28]      ; CLK        ; 11.808 ; 11.808 ; Rise       ; CLK             ;
;  Reg1[29]      ; CLK        ; 11.305 ; 11.305 ; Rise       ; CLK             ;
;  Reg1[30]      ; CLK        ; 11.061 ; 11.061 ; Rise       ; CLK             ;
;  Reg1[31]      ; CLK        ; 11.600 ; 11.600 ; Rise       ; CLK             ;
; Reg2[*]        ; CLK        ; 13.289 ; 13.289 ; Rise       ; CLK             ;
;  Reg2[0]       ; CLK        ; 12.503 ; 12.503 ; Rise       ; CLK             ;
;  Reg2[1]       ; CLK        ; 13.289 ; 13.289 ; Rise       ; CLK             ;
;  Reg2[2]       ; CLK        ; 10.452 ; 10.452 ; Rise       ; CLK             ;
;  Reg2[3]       ; CLK        ; 11.256 ; 11.256 ; Rise       ; CLK             ;
;  Reg2[4]       ; CLK        ; 11.577 ; 11.577 ; Rise       ; CLK             ;
;  Reg2[5]       ; CLK        ; 11.410 ; 11.410 ; Rise       ; CLK             ;
;  Reg2[6]       ; CLK        ; 11.502 ; 11.502 ; Rise       ; CLK             ;
;  Reg2[7]       ; CLK        ; 10.731 ; 10.731 ; Rise       ; CLK             ;
;  Reg2[8]       ; CLK        ; 11.207 ; 11.207 ; Rise       ; CLK             ;
;  Reg2[9]       ; CLK        ; 11.327 ; 11.327 ; Rise       ; CLK             ;
;  Reg2[10]      ; CLK        ; 11.325 ; 11.325 ; Rise       ; CLK             ;
;  Reg2[11]      ; CLK        ; 10.327 ; 10.327 ; Rise       ; CLK             ;
;  Reg2[12]      ; CLK        ; 11.221 ; 11.221 ; Rise       ; CLK             ;
;  Reg2[13]      ; CLK        ; 12.184 ; 12.184 ; Rise       ; CLK             ;
;  Reg2[14]      ; CLK        ; 11.752 ; 11.752 ; Rise       ; CLK             ;
;  Reg2[15]      ; CLK        ; 10.952 ; 10.952 ; Rise       ; CLK             ;
;  Reg2[16]      ; CLK        ; 11.729 ; 11.729 ; Rise       ; CLK             ;
;  Reg2[17]      ; CLK        ; 11.663 ; 11.663 ; Rise       ; CLK             ;
;  Reg2[18]      ; CLK        ; 11.394 ; 11.394 ; Rise       ; CLK             ;
;  Reg2[19]      ; CLK        ; 11.555 ; 11.555 ; Rise       ; CLK             ;
;  Reg2[20]      ; CLK        ; 12.279 ; 12.279 ; Rise       ; CLK             ;
;  Reg2[21]      ; CLK        ; 11.404 ; 11.404 ; Rise       ; CLK             ;
;  Reg2[22]      ; CLK        ; 11.088 ; 11.088 ; Rise       ; CLK             ;
;  Reg2[23]      ; CLK        ; 10.621 ; 10.621 ; Rise       ; CLK             ;
;  Reg2[24]      ; CLK        ; 11.724 ; 11.724 ; Rise       ; CLK             ;
;  Reg2[25]      ; CLK        ; 11.690 ; 11.690 ; Rise       ; CLK             ;
;  Reg2[26]      ; CLK        ; 11.956 ; 11.956 ; Rise       ; CLK             ;
;  Reg2[27]      ; CLK        ; 11.750 ; 11.750 ; Rise       ; CLK             ;
;  Reg2[28]      ; CLK        ; 11.490 ; 11.490 ; Rise       ; CLK             ;
;  Reg2[29]      ; CLK        ; 11.827 ; 11.827 ; Rise       ; CLK             ;
;  Reg2[30]      ; CLK        ; 12.387 ; 12.387 ; Rise       ; CLK             ;
;  Reg2[31]      ; CLK        ; 11.975 ; 11.975 ; Rise       ; CLK             ;
; ALUControl[*]  ; Instr[0]   ; 9.105  ; 9.105  ; Rise       ; Instr[0]        ;
;  ALUControl[0] ; Instr[0]   ; 9.105  ; 9.105  ; Rise       ; Instr[0]        ;
;  ALUControl[2] ; Instr[0]   ; 9.105  ; 9.105  ; Rise       ; Instr[0]        ;
; ALUresu[*]     ; Instr[0]   ; 22.538 ; 22.538 ; Rise       ; Instr[0]        ;
;  ALUresu[0]    ; Instr[0]   ; 13.834 ; 13.834 ; Rise       ; Instr[0]        ;
;  ALUresu[1]    ; Instr[0]   ; 9.872  ; 9.872  ; Rise       ; Instr[0]        ;
;  ALUresu[2]    ; Instr[0]   ; 10.087 ; 10.087 ; Rise       ; Instr[0]        ;
;  ALUresu[3]    ; Instr[0]   ; 10.045 ; 10.045 ; Rise       ; Instr[0]        ;
;  ALUresu[4]    ; Instr[0]   ; 10.381 ; 10.381 ; Rise       ; Instr[0]        ;
;  ALUresu[5]    ; Instr[0]   ; 9.984  ; 9.984  ; Rise       ; Instr[0]        ;
;  ALUresu[6]    ; Instr[0]   ; 10.879 ; 10.879 ; Rise       ; Instr[0]        ;
;  ALUresu[7]    ; Instr[0]   ; 12.028 ; 12.028 ; Rise       ; Instr[0]        ;
;  ALUresu[8]    ; Instr[0]   ; 12.440 ; 12.440 ; Rise       ; Instr[0]        ;
;  ALUresu[9]    ; Instr[0]   ; 12.959 ; 12.959 ; Rise       ; Instr[0]        ;
;  ALUresu[10]   ; Instr[0]   ; 13.508 ; 13.508 ; Rise       ; Instr[0]        ;
;  ALUresu[11]   ; Instr[0]   ; 12.911 ; 12.911 ; Rise       ; Instr[0]        ;
;  ALUresu[12]   ; Instr[0]   ; 14.493 ; 14.493 ; Rise       ; Instr[0]        ;
;  ALUresu[13]   ; Instr[0]   ; 13.874 ; 13.874 ; Rise       ; Instr[0]        ;
;  ALUresu[14]   ; Instr[0]   ; 14.334 ; 14.334 ; Rise       ; Instr[0]        ;
;  ALUresu[15]   ; Instr[0]   ; 14.996 ; 14.996 ; Rise       ; Instr[0]        ;
;  ALUresu[16]   ; Instr[0]   ; 16.910 ; 16.910 ; Rise       ; Instr[0]        ;
;  ALUresu[17]   ; Instr[0]   ; 16.124 ; 16.124 ; Rise       ; Instr[0]        ;
;  ALUresu[18]   ; Instr[0]   ; 16.794 ; 16.794 ; Rise       ; Instr[0]        ;
;  ALUresu[19]   ; Instr[0]   ; 16.609 ; 16.609 ; Rise       ; Instr[0]        ;
;  ALUresu[20]   ; Instr[0]   ; 16.868 ; 16.868 ; Rise       ; Instr[0]        ;
;  ALUresu[21]   ; Instr[0]   ; 17.592 ; 17.592 ; Rise       ; Instr[0]        ;
;  ALUresu[22]   ; Instr[0]   ; 18.080 ; 18.080 ; Rise       ; Instr[0]        ;
;  ALUresu[23]   ; Instr[0]   ; 19.707 ; 19.707 ; Rise       ; Instr[0]        ;
;  ALUresu[24]   ; Instr[0]   ; 20.145 ; 20.145 ; Rise       ; Instr[0]        ;
;  ALUresu[25]   ; Instr[0]   ; 19.666 ; 19.666 ; Rise       ; Instr[0]        ;
;  ALUresu[26]   ; Instr[0]   ; 19.738 ; 19.738 ; Rise       ; Instr[0]        ;
;  ALUresu[27]   ; Instr[0]   ; 19.978 ; 19.978 ; Rise       ; Instr[0]        ;
;  ALUresu[28]   ; Instr[0]   ; 20.054 ; 20.054 ; Rise       ; Instr[0]        ;
;  ALUresu[29]   ; Instr[0]   ; 20.905 ; 20.905 ; Rise       ; Instr[0]        ;
;  ALUresu[30]   ; Instr[0]   ; 20.841 ; 20.841 ; Rise       ; Instr[0]        ;
;  ALUresu[31]   ; Instr[0]   ; 22.538 ; 22.538 ; Rise       ; Instr[0]        ;
; ALUControl[*]  ; Instr[0]   ; 9.105  ; 9.105  ; Fall       ; Instr[0]        ;
;  ALUControl[0] ; Instr[0]   ; 9.105  ; 9.105  ; Fall       ; Instr[0]        ;
;  ALUControl[2] ; Instr[0]   ; 9.105  ; 9.105  ; Fall       ; Instr[0]        ;
; ALUresu[*]     ; Instr[0]   ; 22.538 ; 22.538 ; Fall       ; Instr[0]        ;
;  ALUresu[0]    ; Instr[0]   ; 13.834 ; 13.834 ; Fall       ; Instr[0]        ;
;  ALUresu[1]    ; Instr[0]   ; 9.872  ; 9.872  ; Fall       ; Instr[0]        ;
;  ALUresu[2]    ; Instr[0]   ; 10.087 ; 10.087 ; Fall       ; Instr[0]        ;
;  ALUresu[3]    ; Instr[0]   ; 10.045 ; 10.045 ; Fall       ; Instr[0]        ;
;  ALUresu[4]    ; Instr[0]   ; 10.381 ; 10.381 ; Fall       ; Instr[0]        ;
;  ALUresu[5]    ; Instr[0]   ; 9.984  ; 9.984  ; Fall       ; Instr[0]        ;
;  ALUresu[6]    ; Instr[0]   ; 10.879 ; 10.879 ; Fall       ; Instr[0]        ;
;  ALUresu[7]    ; Instr[0]   ; 12.028 ; 12.028 ; Fall       ; Instr[0]        ;
;  ALUresu[8]    ; Instr[0]   ; 12.440 ; 12.440 ; Fall       ; Instr[0]        ;
;  ALUresu[9]    ; Instr[0]   ; 12.959 ; 12.959 ; Fall       ; Instr[0]        ;
;  ALUresu[10]   ; Instr[0]   ; 13.508 ; 13.508 ; Fall       ; Instr[0]        ;
;  ALUresu[11]   ; Instr[0]   ; 12.911 ; 12.911 ; Fall       ; Instr[0]        ;
;  ALUresu[12]   ; Instr[0]   ; 14.493 ; 14.493 ; Fall       ; Instr[0]        ;
;  ALUresu[13]   ; Instr[0]   ; 13.874 ; 13.874 ; Fall       ; Instr[0]        ;
;  ALUresu[14]   ; Instr[0]   ; 14.334 ; 14.334 ; Fall       ; Instr[0]        ;
;  ALUresu[15]   ; Instr[0]   ; 14.996 ; 14.996 ; Fall       ; Instr[0]        ;
;  ALUresu[16]   ; Instr[0]   ; 16.910 ; 16.910 ; Fall       ; Instr[0]        ;
;  ALUresu[17]   ; Instr[0]   ; 16.124 ; 16.124 ; Fall       ; Instr[0]        ;
;  ALUresu[18]   ; Instr[0]   ; 16.794 ; 16.794 ; Fall       ; Instr[0]        ;
;  ALUresu[19]   ; Instr[0]   ; 16.609 ; 16.609 ; Fall       ; Instr[0]        ;
;  ALUresu[20]   ; Instr[0]   ; 16.868 ; 16.868 ; Fall       ; Instr[0]        ;
;  ALUresu[21]   ; Instr[0]   ; 17.592 ; 17.592 ; Fall       ; Instr[0]        ;
;  ALUresu[22]   ; Instr[0]   ; 18.080 ; 18.080 ; Fall       ; Instr[0]        ;
;  ALUresu[23]   ; Instr[0]   ; 19.707 ; 19.707 ; Fall       ; Instr[0]        ;
;  ALUresu[24]   ; Instr[0]   ; 20.145 ; 20.145 ; Fall       ; Instr[0]        ;
;  ALUresu[25]   ; Instr[0]   ; 19.666 ; 19.666 ; Fall       ; Instr[0]        ;
;  ALUresu[26]   ; Instr[0]   ; 19.738 ; 19.738 ; Fall       ; Instr[0]        ;
;  ALUresu[27]   ; Instr[0]   ; 19.978 ; 19.978 ; Fall       ; Instr[0]        ;
;  ALUresu[28]   ; Instr[0]   ; 20.054 ; 20.054 ; Fall       ; Instr[0]        ;
;  ALUresu[29]   ; Instr[0]   ; 20.905 ; 20.905 ; Fall       ; Instr[0]        ;
;  ALUresu[30]   ; Instr[0]   ; 20.841 ; 20.841 ; Fall       ; Instr[0]        ;
;  ALUresu[31]   ; Instr[0]   ; 22.538 ; 22.538 ; Fall       ; Instr[0]        ;
+----------------+------------+--------+--------+------------+-----------------+


+----------------------------------------------------------------------------+
; Minimum Clock to Output Times                                              ;
+----------------+------------+-------+-------+------------+-----------------+
; Data Port      ; Clock Port ; Rise  ; Fall  ; Clock Edge ; Clock Reference ;
+----------------+------------+-------+-------+------------+-----------------+
; ALUresu[*]     ; CLK        ; 5.431 ; 5.431 ; Rise       ; CLK             ;
;  ALUresu[0]    ; CLK        ; 6.305 ; 6.305 ; Rise       ; CLK             ;
;  ALUresu[1]    ; CLK        ; 6.335 ; 6.335 ; Rise       ; CLK             ;
;  ALUresu[2]    ; CLK        ; 6.168 ; 6.168 ; Rise       ; CLK             ;
;  ALUresu[3]    ; CLK        ; 6.265 ; 6.265 ; Rise       ; CLK             ;
;  ALUresu[4]    ; CLK        ; 5.996 ; 5.996 ; Rise       ; CLK             ;
;  ALUresu[5]    ; CLK        ; 5.617 ; 5.617 ; Rise       ; CLK             ;
;  ALUresu[6]    ; CLK        ; 6.004 ; 6.004 ; Rise       ; CLK             ;
;  ALUresu[7]    ; CLK        ; 6.172 ; 6.172 ; Rise       ; CLK             ;
;  ALUresu[8]    ; CLK        ; 6.511 ; 6.511 ; Rise       ; CLK             ;
;  ALUresu[9]    ; CLK        ; 6.163 ; 6.163 ; Rise       ; CLK             ;
;  ALUresu[10]   ; CLK        ; 5.963 ; 5.963 ; Rise       ; CLK             ;
;  ALUresu[11]   ; CLK        ; 6.079 ; 6.079 ; Rise       ; CLK             ;
;  ALUresu[12]   ; CLK        ; 6.417 ; 6.417 ; Rise       ; CLK             ;
;  ALUresu[13]   ; CLK        ; 5.884 ; 5.884 ; Rise       ; CLK             ;
;  ALUresu[14]   ; CLK        ; 5.758 ; 5.758 ; Rise       ; CLK             ;
;  ALUresu[15]   ; CLK        ; 5.947 ; 5.947 ; Rise       ; CLK             ;
;  ALUresu[16]   ; CLK        ; 6.006 ; 6.006 ; Rise       ; CLK             ;
;  ALUresu[17]   ; CLK        ; 5.595 ; 5.595 ; Rise       ; CLK             ;
;  ALUresu[18]   ; CLK        ; 6.465 ; 6.465 ; Rise       ; CLK             ;
;  ALUresu[19]   ; CLK        ; 6.077 ; 6.077 ; Rise       ; CLK             ;
;  ALUresu[20]   ; CLK        ; 6.169 ; 6.169 ; Rise       ; CLK             ;
;  ALUresu[21]   ; CLK        ; 6.048 ; 6.048 ; Rise       ; CLK             ;
;  ALUresu[22]   ; CLK        ; 6.104 ; 6.104 ; Rise       ; CLK             ;
;  ALUresu[23]   ; CLK        ; 6.254 ; 6.254 ; Rise       ; CLK             ;
;  ALUresu[24]   ; CLK        ; 6.412 ; 6.412 ; Rise       ; CLK             ;
;  ALUresu[25]   ; CLK        ; 6.581 ; 6.581 ; Rise       ; CLK             ;
;  ALUresu[26]   ; CLK        ; 6.077 ; 6.077 ; Rise       ; CLK             ;
;  ALUresu[27]   ; CLK        ; 6.217 ; 6.217 ; Rise       ; CLK             ;
;  ALUresu[28]   ; CLK        ; 6.040 ; 6.040 ; Rise       ; CLK             ;
;  ALUresu[29]   ; CLK        ; 5.722 ; 5.722 ; Rise       ; CLK             ;
;  ALUresu[30]   ; CLK        ; 5.758 ; 5.758 ; Rise       ; CLK             ;
;  ALUresu[31]   ; CLK        ; 5.431 ; 5.431 ; Rise       ; CLK             ;
; Reg1[*]        ; CLK        ; 4.537 ; 4.537 ; Rise       ; CLK             ;
;  Reg1[0]       ; CLK        ; 4.611 ; 4.611 ; Rise       ; CLK             ;
;  Reg1[1]       ; CLK        ; 4.952 ; 4.952 ; Rise       ; CLK             ;
;  Reg1[2]       ; CLK        ; 4.537 ; 4.537 ; Rise       ; CLK             ;
;  Reg1[3]       ; CLK        ; 5.146 ; 5.146 ; Rise       ; CLK             ;
;  Reg1[4]       ; CLK        ; 4.801 ; 4.801 ; Rise       ; CLK             ;
;  Reg1[5]       ; CLK        ; 5.214 ; 5.214 ; Rise       ; CLK             ;
;  Reg1[6]       ; CLK        ; 4.972 ; 4.972 ; Rise       ; CLK             ;
;  Reg1[7]       ; CLK        ; 5.094 ; 5.094 ; Rise       ; CLK             ;
;  Reg1[8]       ; CLK        ; 5.306 ; 5.306 ; Rise       ; CLK             ;
;  Reg1[9]       ; CLK        ; 5.229 ; 5.229 ; Rise       ; CLK             ;
;  Reg1[10]      ; CLK        ; 5.202 ; 5.202 ; Rise       ; CLK             ;
;  Reg1[11]      ; CLK        ; 5.224 ; 5.224 ; Rise       ; CLK             ;
;  Reg1[12]      ; CLK        ; 5.380 ; 5.380 ; Rise       ; CLK             ;
;  Reg1[13]      ; CLK        ; 5.292 ; 5.292 ; Rise       ; CLK             ;
;  Reg1[14]      ; CLK        ; 5.223 ; 5.223 ; Rise       ; CLK             ;
;  Reg1[15]      ; CLK        ; 5.218 ; 5.218 ; Rise       ; CLK             ;
;  Reg1[16]      ; CLK        ; 5.021 ; 5.021 ; Rise       ; CLK             ;
;  Reg1[17]      ; CLK        ; 5.265 ; 5.265 ; Rise       ; CLK             ;
;  Reg1[18]      ; CLK        ; 5.369 ; 5.369 ; Rise       ; CLK             ;
;  Reg1[19]      ; CLK        ; 5.132 ; 5.132 ; Rise       ; CLK             ;
;  Reg1[20]      ; CLK        ; 5.077 ; 5.077 ; Rise       ; CLK             ;
;  Reg1[21]      ; CLK        ; 5.494 ; 5.494 ; Rise       ; CLK             ;
;  Reg1[22]      ; CLK        ; 5.230 ; 5.230 ; Rise       ; CLK             ;
;  Reg1[23]      ; CLK        ; 5.362 ; 5.362 ; Rise       ; CLK             ;
;  Reg1[24]      ; CLK        ; 5.450 ; 5.450 ; Rise       ; CLK             ;
;  Reg1[25]      ; CLK        ; 5.668 ; 5.668 ; Rise       ; CLK             ;
;  Reg1[26]      ; CLK        ; 5.069 ; 5.069 ; Rise       ; CLK             ;
;  Reg1[27]      ; CLK        ; 5.329 ; 5.329 ; Rise       ; CLK             ;
;  Reg1[28]      ; CLK        ; 5.416 ; 5.416 ; Rise       ; CLK             ;
;  Reg1[29]      ; CLK        ; 4.966 ; 4.966 ; Rise       ; CLK             ;
;  Reg1[30]      ; CLK        ; 4.800 ; 4.800 ; Rise       ; CLK             ;
;  Reg1[31]      ; CLK        ; 5.223 ; 5.223 ; Rise       ; CLK             ;
; Reg2[*]        ; CLK        ; 4.815 ; 4.815 ; Rise       ; CLK             ;
;  Reg2[0]       ; CLK        ; 4.874 ; 4.874 ; Rise       ; CLK             ;
;  Reg2[1]       ; CLK        ; 4.982 ; 4.982 ; Rise       ; CLK             ;
;  Reg2[2]       ; CLK        ; 4.815 ; 4.815 ; Rise       ; CLK             ;
;  Reg2[3]       ; CLK        ; 5.220 ; 5.220 ; Rise       ; CLK             ;
;  Reg2[4]       ; CLK        ; 5.330 ; 5.330 ; Rise       ; CLK             ;
;  Reg2[5]       ; CLK        ; 5.204 ; 5.204 ; Rise       ; CLK             ;
;  Reg2[6]       ; CLK        ; 5.217 ; 5.217 ; Rise       ; CLK             ;
;  Reg2[7]       ; CLK        ; 4.962 ; 4.962 ; Rise       ; CLK             ;
;  Reg2[8]       ; CLK        ; 5.228 ; 5.228 ; Rise       ; CLK             ;
;  Reg2[9]       ; CLK        ; 5.122 ; 5.122 ; Rise       ; CLK             ;
;  Reg2[10]      ; CLK        ; 5.136 ; 5.136 ; Rise       ; CLK             ;
;  Reg2[11]      ; CLK        ; 4.842 ; 4.842 ; Rise       ; CLK             ;
;  Reg2[12]      ; CLK        ; 5.110 ; 5.110 ; Rise       ; CLK             ;
;  Reg2[13]      ; CLK        ; 5.650 ; 5.650 ; Rise       ; CLK             ;
;  Reg2[14]      ; CLK        ; 5.161 ; 5.161 ; Rise       ; CLK             ;
;  Reg2[15]      ; CLK        ; 5.041 ; 5.041 ; Rise       ; CLK             ;
;  Reg2[16]      ; CLK        ; 5.299 ; 5.299 ; Rise       ; CLK             ;
;  Reg2[17]      ; CLK        ; 5.244 ; 5.244 ; Rise       ; CLK             ;
;  Reg2[18]      ; CLK        ; 5.103 ; 5.103 ; Rise       ; CLK             ;
;  Reg2[19]      ; CLK        ; 5.378 ; 5.378 ; Rise       ; CLK             ;
;  Reg2[20]      ; CLK        ; 5.310 ; 5.310 ; Rise       ; CLK             ;
;  Reg2[21]      ; CLK        ; 5.003 ; 5.003 ; Rise       ; CLK             ;
;  Reg2[22]      ; CLK        ; 5.160 ; 5.160 ; Rise       ; CLK             ;
;  Reg2[23]      ; CLK        ; 4.935 ; 4.935 ; Rise       ; CLK             ;
;  Reg2[24]      ; CLK        ; 5.512 ; 5.512 ; Rise       ; CLK             ;
;  Reg2[25]      ; CLK        ; 5.264 ; 5.264 ; Rise       ; CLK             ;
;  Reg2[26]      ; CLK        ; 5.288 ; 5.288 ; Rise       ; CLK             ;
;  Reg2[27]      ; CLK        ; 5.711 ; 5.711 ; Rise       ; CLK             ;
;  Reg2[28]      ; CLK        ; 5.288 ; 5.288 ; Rise       ; CLK             ;
;  Reg2[29]      ; CLK        ; 5.440 ; 5.440 ; Rise       ; CLK             ;
;  Reg2[30]      ; CLK        ; 5.702 ; 5.702 ; Rise       ; CLK             ;
;  Reg2[31]      ; CLK        ; 5.731 ; 5.731 ; Rise       ; CLK             ;
; ALUControl[*]  ; Instr[0]   ; 4.687 ; 4.687 ; Rise       ; Instr[0]        ;
;  ALUControl[0] ; Instr[0]   ; 4.687 ; 4.687 ; Rise       ; Instr[0]        ;
;  ALUControl[2] ; Instr[0]   ; 4.687 ; 4.687 ; Rise       ; Instr[0]        ;
; ALUresu[*]     ; Instr[0]   ; 4.335 ; 4.335 ; Rise       ; Instr[0]        ;
;  ALUresu[0]    ; Instr[0]   ; 5.022 ; 5.022 ; Rise       ; Instr[0]        ;
;  ALUresu[1]    ; Instr[0]   ; 4.814 ; 4.814 ; Rise       ; Instr[0]        ;
;  ALUresu[2]    ; Instr[0]   ; 5.034 ; 5.034 ; Rise       ; Instr[0]        ;
;  ALUresu[3]    ; Instr[0]   ; 4.927 ; 4.927 ; Rise       ; Instr[0]        ;
;  ALUresu[4]    ; Instr[0]   ; 4.923 ; 4.923 ; Rise       ; Instr[0]        ;
;  ALUresu[5]    ; Instr[0]   ; 4.358 ; 4.358 ; Rise       ; Instr[0]        ;
;  ALUresu[6]    ; Instr[0]   ; 4.903 ; 4.903 ; Rise       ; Instr[0]        ;
;  ALUresu[7]    ; Instr[0]   ; 4.730 ; 4.730 ; Rise       ; Instr[0]        ;
;  ALUresu[8]    ; Instr[0]   ; 4.542 ; 4.542 ; Rise       ; Instr[0]        ;
;  ALUresu[9]    ; Instr[0]   ; 4.974 ; 4.974 ; Rise       ; Instr[0]        ;
;  ALUresu[10]   ; Instr[0]   ; 5.765 ; 5.765 ; Rise       ; Instr[0]        ;
;  ALUresu[11]   ; Instr[0]   ; 4.457 ; 4.457 ; Rise       ; Instr[0]        ;
;  ALUresu[12]   ; Instr[0]   ; 5.206 ; 5.206 ; Rise       ; Instr[0]        ;
;  ALUresu[13]   ; Instr[0]   ; 4.335 ; 4.335 ; Rise       ; Instr[0]        ;
;  ALUresu[14]   ; Instr[0]   ; 4.729 ; 4.729 ; Rise       ; Instr[0]        ;
;  ALUresu[15]   ; Instr[0]   ; 4.729 ; 4.729 ; Rise       ; Instr[0]        ;
;  ALUresu[16]   ; Instr[0]   ; 5.983 ; 5.983 ; Rise       ; Instr[0]        ;
;  ALUresu[17]   ; Instr[0]   ; 4.536 ; 4.536 ; Rise       ; Instr[0]        ;
;  ALUresu[18]   ; Instr[0]   ; 5.209 ; 5.209 ; Rise       ; Instr[0]        ;
;  ALUresu[19]   ; Instr[0]   ; 4.983 ; 4.983 ; Rise       ; Instr[0]        ;
;  ALUresu[20]   ; Instr[0]   ; 5.089 ; 5.089 ; Rise       ; Instr[0]        ;
;  ALUresu[21]   ; Instr[0]   ; 5.173 ; 5.173 ; Rise       ; Instr[0]        ;
;  ALUresu[22]   ; Instr[0]   ; 5.278 ; 5.278 ; Rise       ; Instr[0]        ;
;  ALUresu[23]   ; Instr[0]   ; 4.649 ; 4.649 ; Rise       ; Instr[0]        ;
;  ALUresu[24]   ; Instr[0]   ; 6.032 ; 6.032 ; Rise       ; Instr[0]        ;
;  ALUresu[25]   ; Instr[0]   ; 5.296 ; 5.296 ; Rise       ; Instr[0]        ;
;  ALUresu[26]   ; Instr[0]   ; 5.099 ; 5.099 ; Rise       ; Instr[0]        ;
;  ALUresu[27]   ; Instr[0]   ; 5.465 ; 5.465 ; Rise       ; Instr[0]        ;
;  ALUresu[28]   ; Instr[0]   ; 4.987 ; 4.987 ; Rise       ; Instr[0]        ;
;  ALUresu[29]   ; Instr[0]   ; 5.341 ; 5.341 ; Rise       ; Instr[0]        ;
;  ALUresu[30]   ; Instr[0]   ; 4.777 ; 4.777 ; Rise       ; Instr[0]        ;
;  ALUresu[31]   ; Instr[0]   ; 4.724 ; 4.724 ; Rise       ; Instr[0]        ;
; ALUControl[*]  ; Instr[0]   ; 4.687 ; 4.687 ; Fall       ; Instr[0]        ;
;  ALUControl[0] ; Instr[0]   ; 4.687 ; 4.687 ; Fall       ; Instr[0]        ;
;  ALUControl[2] ; Instr[0]   ; 4.687 ; 4.687 ; Fall       ; Instr[0]        ;
; ALUresu[*]     ; Instr[0]   ; 4.335 ; 4.335 ; Fall       ; Instr[0]        ;
;  ALUresu[0]    ; Instr[0]   ; 5.022 ; 5.022 ; Fall       ; Instr[0]        ;
;  ALUresu[1]    ; Instr[0]   ; 4.814 ; 4.814 ; Fall       ; Instr[0]        ;
;  ALUresu[2]    ; Instr[0]   ; 5.034 ; 5.034 ; Fall       ; Instr[0]        ;
;  ALUresu[3]    ; Instr[0]   ; 4.927 ; 4.927 ; Fall       ; Instr[0]        ;
;  ALUresu[4]    ; Instr[0]   ; 4.923 ; 4.923 ; Fall       ; Instr[0]        ;
;  ALUresu[5]    ; Instr[0]   ; 4.358 ; 4.358 ; Fall       ; Instr[0]        ;
;  ALUresu[6]    ; Instr[0]   ; 4.903 ; 4.903 ; Fall       ; Instr[0]        ;
;  ALUresu[7]    ; Instr[0]   ; 4.730 ; 4.730 ; Fall       ; Instr[0]        ;
;  ALUresu[8]    ; Instr[0]   ; 4.542 ; 4.542 ; Fall       ; Instr[0]        ;
;  ALUresu[9]    ; Instr[0]   ; 4.974 ; 4.974 ; Fall       ; Instr[0]        ;
;  ALUresu[10]   ; Instr[0]   ; 5.765 ; 5.765 ; Fall       ; Instr[0]        ;
;  ALUresu[11]   ; Instr[0]   ; 4.457 ; 4.457 ; Fall       ; Instr[0]        ;
;  ALUresu[12]   ; Instr[0]   ; 5.206 ; 5.206 ; Fall       ; Instr[0]        ;
;  ALUresu[13]   ; Instr[0]   ; 4.335 ; 4.335 ; Fall       ; Instr[0]        ;
;  ALUresu[14]   ; Instr[0]   ; 4.729 ; 4.729 ; Fall       ; Instr[0]        ;
;  ALUresu[15]   ; Instr[0]   ; 4.729 ; 4.729 ; Fall       ; Instr[0]        ;
;  ALUresu[16]   ; Instr[0]   ; 5.983 ; 5.983 ; Fall       ; Instr[0]        ;
;  ALUresu[17]   ; Instr[0]   ; 4.536 ; 4.536 ; Fall       ; Instr[0]        ;
;  ALUresu[18]   ; Instr[0]   ; 5.209 ; 5.209 ; Fall       ; Instr[0]        ;
;  ALUresu[19]   ; Instr[0]   ; 4.983 ; 4.983 ; Fall       ; Instr[0]        ;
;  ALUresu[20]   ; Instr[0]   ; 5.089 ; 5.089 ; Fall       ; Instr[0]        ;
;  ALUresu[21]   ; Instr[0]   ; 5.173 ; 5.173 ; Fall       ; Instr[0]        ;
;  ALUresu[22]   ; Instr[0]   ; 5.278 ; 5.278 ; Fall       ; Instr[0]        ;
;  ALUresu[23]   ; Instr[0]   ; 4.649 ; 4.649 ; Fall       ; Instr[0]        ;
;  ALUresu[24]   ; Instr[0]   ; 6.032 ; 6.032 ; Fall       ; Instr[0]        ;
;  ALUresu[25]   ; Instr[0]   ; 5.296 ; 5.296 ; Fall       ; Instr[0]        ;
;  ALUresu[26]   ; Instr[0]   ; 5.099 ; 5.099 ; Fall       ; Instr[0]        ;
;  ALUresu[27]   ; Instr[0]   ; 5.465 ; 5.465 ; Fall       ; Instr[0]        ;
;  ALUresu[28]   ; Instr[0]   ; 4.987 ; 4.987 ; Fall       ; Instr[0]        ;
;  ALUresu[29]   ; Instr[0]   ; 5.341 ; 5.341 ; Fall       ; Instr[0]        ;
;  ALUresu[30]   ; Instr[0]   ; 4.777 ; 4.777 ; Fall       ; Instr[0]        ;
;  ALUresu[31]   ; Instr[0]   ; 4.724 ; 4.724 ; Fall       ; Instr[0]        ;
+----------------+------------+-------+-------+------------+-----------------+


+----------------------------------------------------------------+
; Progagation Delay                                              ;
+------------+---------------+--------+--------+--------+--------+
; Input Port ; Output Port   ; RR     ; RF     ; FR     ; FF     ;
+------------+---------------+--------+--------+--------+--------+
; Instr[1]   ; ALUControl[0] ; 13.940 ;        ;        ; 13.940 ;
; Instr[1]   ; ALUControl[2] ; 13.940 ;        ;        ; 13.940 ;
; Instr[1]   ; ALUresu[0]    ; 19.006 ; 14.703 ; 14.703 ; 19.006 ;
; Instr[1]   ; ALUresu[1]    ; 14.910 ; 14.910 ; 14.910 ; 14.910 ;
; Instr[1]   ; ALUresu[2]    ; 15.391 ; 15.391 ; 15.391 ; 15.391 ;
; Instr[1]   ; ALUresu[3]    ; 15.532 ; 15.532 ; 15.532 ; 15.532 ;
; Instr[1]   ; ALUresu[4]    ; 15.868 ; 15.868 ; 15.868 ; 15.868 ;
; Instr[1]   ; ALUresu[5]    ; 15.471 ; 15.471 ; 15.471 ; 15.471 ;
; Instr[1]   ; ALUresu[6]    ; 16.366 ; 16.366 ; 16.366 ; 16.366 ;
; Instr[1]   ; ALUresu[7]    ; 17.515 ; 17.515 ; 17.515 ; 17.515 ;
; Instr[1]   ; ALUresu[8]    ; 17.927 ; 17.927 ; 17.927 ; 17.927 ;
; Instr[1]   ; ALUresu[9]    ; 18.446 ; 18.446 ; 18.446 ; 18.446 ;
; Instr[1]   ; ALUresu[10]   ; 18.995 ; 18.995 ; 18.995 ; 18.995 ;
; Instr[1]   ; ALUresu[11]   ; 18.398 ; 18.398 ; 18.398 ; 18.398 ;
; Instr[1]   ; ALUresu[12]   ; 19.980 ; 19.980 ; 19.980 ; 19.980 ;
; Instr[1]   ; ALUresu[13]   ; 19.361 ; 19.361 ; 19.361 ; 19.361 ;
; Instr[1]   ; ALUresu[14]   ; 19.821 ; 19.821 ; 19.821 ; 19.821 ;
; Instr[1]   ; ALUresu[15]   ; 20.483 ; 20.483 ; 20.483 ; 20.483 ;
; Instr[1]   ; ALUresu[16]   ; 22.397 ; 22.397 ; 22.397 ; 22.397 ;
; Instr[1]   ; ALUresu[17]   ; 21.611 ; 21.611 ; 21.611 ; 21.611 ;
; Instr[1]   ; ALUresu[18]   ; 22.281 ; 22.281 ; 22.281 ; 22.281 ;
; Instr[1]   ; ALUresu[19]   ; 22.096 ; 22.096 ; 22.096 ; 22.096 ;
; Instr[1]   ; ALUresu[20]   ; 22.355 ; 22.355 ; 22.355 ; 22.355 ;
; Instr[1]   ; ALUresu[21]   ; 23.079 ; 23.079 ; 23.079 ; 23.079 ;
; Instr[1]   ; ALUresu[22]   ; 23.567 ; 23.567 ; 23.567 ; 23.567 ;
; Instr[1]   ; ALUresu[23]   ; 25.194 ; 25.194 ; 25.194 ; 25.194 ;
; Instr[1]   ; ALUresu[24]   ; 25.632 ; 25.632 ; 25.632 ; 25.632 ;
; Instr[1]   ; ALUresu[25]   ; 25.153 ; 25.153 ; 25.153 ; 25.153 ;
; Instr[1]   ; ALUresu[26]   ; 25.225 ; 25.225 ; 25.225 ; 25.225 ;
; Instr[1]   ; ALUresu[27]   ; 25.465 ; 25.465 ; 25.465 ; 25.465 ;
; Instr[1]   ; ALUresu[28]   ; 25.541 ; 25.541 ; 25.541 ; 25.541 ;
; Instr[1]   ; ALUresu[29]   ; 26.392 ; 26.392 ; 26.392 ; 26.392 ;
; Instr[1]   ; ALUresu[30]   ; 26.328 ; 26.328 ; 26.328 ; 26.328 ;
; Instr[1]   ; ALUresu[31]   ; 28.025 ; 28.025 ; 28.025 ; 28.025 ;
; Instr[2]   ; ALUControl[0] ;        ; 14.656 ; 14.656 ;        ;
; Instr[2]   ; ALUControl[2] ;        ; 14.656 ; 14.656 ;        ;
; Instr[2]   ; ALUresu[0]    ; 20.664 ; 15.419 ; 15.419 ; 20.664 ;
; Instr[2]   ; ALUresu[1]    ; 14.921 ;        ;        ; 14.921 ;
; Instr[2]   ; ALUresu[2]    ; 16.624 ; 16.624 ; 16.624 ; 16.624 ;
; Instr[2]   ; ALUresu[3]    ; 15.552 ; 15.552 ; 15.552 ; 15.552 ;
; Instr[2]   ; ALUresu[4]    ; 15.888 ; 15.888 ; 15.888 ; 15.888 ;
; Instr[2]   ; ALUresu[5]    ; 15.491 ; 15.491 ; 15.491 ; 15.491 ;
; Instr[2]   ; ALUresu[6]    ; 16.386 ; 16.386 ; 16.386 ; 16.386 ;
; Instr[2]   ; ALUresu[7]    ; 17.535 ; 17.535 ; 17.535 ; 17.535 ;
; Instr[2]   ; ALUresu[8]    ; 17.947 ; 17.947 ; 17.947 ; 17.947 ;
; Instr[2]   ; ALUresu[9]    ; 18.466 ; 18.466 ; 18.466 ; 18.466 ;
; Instr[2]   ; ALUresu[10]   ; 19.015 ; 19.015 ; 19.015 ; 19.015 ;
; Instr[2]   ; ALUresu[11]   ; 18.418 ; 18.418 ; 18.418 ; 18.418 ;
; Instr[2]   ; ALUresu[12]   ; 20.000 ; 20.000 ; 20.000 ; 20.000 ;
; Instr[2]   ; ALUresu[13]   ; 19.381 ; 19.381 ; 19.381 ; 19.381 ;
; Instr[2]   ; ALUresu[14]   ; 19.841 ; 19.841 ; 19.841 ; 19.841 ;
; Instr[2]   ; ALUresu[15]   ; 20.503 ; 20.503 ; 20.503 ; 20.503 ;
; Instr[2]   ; ALUresu[16]   ; 22.417 ; 22.417 ; 22.417 ; 22.417 ;
; Instr[2]   ; ALUresu[17]   ; 21.631 ; 21.631 ; 21.631 ; 21.631 ;
; Instr[2]   ; ALUresu[18]   ; 22.301 ; 22.301 ; 22.301 ; 22.301 ;
; Instr[2]   ; ALUresu[19]   ; 22.116 ; 22.116 ; 22.116 ; 22.116 ;
; Instr[2]   ; ALUresu[20]   ; 22.375 ; 22.375 ; 22.375 ; 22.375 ;
; Instr[2]   ; ALUresu[21]   ; 23.099 ; 23.099 ; 23.099 ; 23.099 ;
; Instr[2]   ; ALUresu[22]   ; 23.587 ; 23.587 ; 23.587 ; 23.587 ;
; Instr[2]   ; ALUresu[23]   ; 25.214 ; 25.214 ; 25.214 ; 25.214 ;
; Instr[2]   ; ALUresu[24]   ; 25.652 ; 25.652 ; 25.652 ; 25.652 ;
; Instr[2]   ; ALUresu[25]   ; 25.173 ; 25.173 ; 25.173 ; 25.173 ;
; Instr[2]   ; ALUresu[26]   ; 25.245 ; 25.245 ; 25.245 ; 25.245 ;
; Instr[2]   ; ALUresu[27]   ; 25.485 ; 25.485 ; 25.485 ; 25.485 ;
; Instr[2]   ; ALUresu[28]   ; 25.561 ; 25.561 ; 25.561 ; 25.561 ;
; Instr[2]   ; ALUresu[29]   ; 26.412 ; 26.412 ; 26.412 ; 26.412 ;
; Instr[2]   ; ALUresu[30]   ; 26.348 ; 26.348 ; 26.348 ; 26.348 ;
; Instr[2]   ; ALUresu[31]   ; 28.045 ; 28.045 ; 28.045 ; 28.045 ;
; Instr[3]   ; ALUControl[0] ; 14.614 ;        ;        ; 14.614 ;
; Instr[3]   ; ALUControl[2] ; 14.614 ;        ;        ; 14.614 ;
; Instr[3]   ; ALUresu[0]    ; 19.229 ; 15.377 ; 15.377 ; 19.229 ;
; Instr[3]   ; ALUresu[1]    ;        ; 14.879 ; 14.879 ;        ;
; Instr[3]   ; ALUresu[2]    ;        ; 15.596 ; 15.596 ;        ;
; Instr[3]   ; ALUresu[3]    ; 16.078 ; 16.078 ; 16.078 ; 16.078 ;
; Instr[3]   ; ALUresu[4]    ; 15.529 ; 15.529 ; 15.529 ; 15.529 ;
; Instr[3]   ; ALUresu[5]    ; 15.132 ; 15.132 ; 15.132 ; 15.132 ;
; Instr[3]   ; ALUresu[6]    ; 16.027 ; 16.027 ; 16.027 ; 16.027 ;
; Instr[3]   ; ALUresu[7]    ; 17.176 ; 17.176 ; 17.176 ; 17.176 ;
; Instr[3]   ; ALUresu[8]    ; 17.588 ; 17.588 ; 17.588 ; 17.588 ;
; Instr[3]   ; ALUresu[9]    ; 18.107 ; 18.107 ; 18.107 ; 18.107 ;
; Instr[3]   ; ALUresu[10]   ; 18.656 ; 18.656 ; 18.656 ; 18.656 ;
; Instr[3]   ; ALUresu[11]   ; 18.059 ; 18.059 ; 18.059 ; 18.059 ;
; Instr[3]   ; ALUresu[12]   ; 19.641 ; 19.641 ; 19.641 ; 19.641 ;
; Instr[3]   ; ALUresu[13]   ; 19.022 ; 19.022 ; 19.022 ; 19.022 ;
; Instr[3]   ; ALUresu[14]   ; 19.482 ; 19.482 ; 19.482 ; 19.482 ;
; Instr[3]   ; ALUresu[15]   ; 20.144 ; 20.144 ; 20.144 ; 20.144 ;
; Instr[3]   ; ALUresu[16]   ; 22.058 ; 22.058 ; 22.058 ; 22.058 ;
; Instr[3]   ; ALUresu[17]   ; 21.272 ; 21.272 ; 21.272 ; 21.272 ;
; Instr[3]   ; ALUresu[18]   ; 21.942 ; 21.942 ; 21.942 ; 21.942 ;
; Instr[3]   ; ALUresu[19]   ; 21.757 ; 21.757 ; 21.757 ; 21.757 ;
; Instr[3]   ; ALUresu[20]   ; 22.016 ; 22.016 ; 22.016 ; 22.016 ;
; Instr[3]   ; ALUresu[21]   ; 22.740 ; 22.740 ; 22.740 ; 22.740 ;
; Instr[3]   ; ALUresu[22]   ; 23.228 ; 23.228 ; 23.228 ; 23.228 ;
; Instr[3]   ; ALUresu[23]   ; 24.855 ; 24.855 ; 24.855 ; 24.855 ;
; Instr[3]   ; ALUresu[24]   ; 25.293 ; 25.293 ; 25.293 ; 25.293 ;
; Instr[3]   ; ALUresu[25]   ; 24.814 ; 24.814 ; 24.814 ; 24.814 ;
; Instr[3]   ; ALUresu[26]   ; 24.886 ; 24.886 ; 24.886 ; 24.886 ;
; Instr[3]   ; ALUresu[27]   ; 25.126 ; 25.126 ; 25.126 ; 25.126 ;
; Instr[3]   ; ALUresu[28]   ; 25.202 ; 25.202 ; 25.202 ; 25.202 ;
; Instr[3]   ; ALUresu[29]   ; 26.053 ; 26.053 ; 26.053 ; 26.053 ;
; Instr[3]   ; ALUresu[30]   ; 25.989 ; 25.989 ; 25.989 ; 25.989 ;
; Instr[3]   ; ALUresu[31]   ; 27.686 ; 27.686 ; 27.686 ; 27.686 ;
; Instr[4]   ; ALUControl[0] ;        ; 14.550 ; 14.550 ;        ;
; Instr[4]   ; ALUControl[2] ;        ; 14.550 ; 14.550 ;        ;
; Instr[4]   ; ALUresu[0]    ; 19.941 ; 15.313 ; 15.313 ; 19.941 ;
; Instr[4]   ; ALUresu[1]    ; 14.815 ;        ;        ; 14.815 ;
; Instr[4]   ; ALUresu[2]    ; 15.532 ;        ;        ; 15.532 ;
; Instr[4]   ; ALUresu[3]    ; 15.294 ;        ;        ; 15.294 ;
; Instr[4]   ; ALUresu[4]    ; 16.741 ; 16.741 ; 16.741 ; 16.741 ;
; Instr[4]   ; ALUresu[5]    ; 15.276 ; 15.276 ; 15.276 ; 15.276 ;
; Instr[4]   ; ALUresu[6]    ; 16.171 ; 16.171 ; 16.171 ; 16.171 ;
; Instr[4]   ; ALUresu[7]    ; 17.320 ; 17.320 ; 17.320 ; 17.320 ;
; Instr[4]   ; ALUresu[8]    ; 17.732 ; 17.732 ; 17.732 ; 17.732 ;
; Instr[4]   ; ALUresu[9]    ; 18.251 ; 18.251 ; 18.251 ; 18.251 ;
; Instr[4]   ; ALUresu[10]   ; 18.800 ; 18.800 ; 18.800 ; 18.800 ;
; Instr[4]   ; ALUresu[11]   ; 18.203 ; 18.203 ; 18.203 ; 18.203 ;
; Instr[4]   ; ALUresu[12]   ; 19.785 ; 19.785 ; 19.785 ; 19.785 ;
; Instr[4]   ; ALUresu[13]   ; 19.166 ; 19.166 ; 19.166 ; 19.166 ;
; Instr[4]   ; ALUresu[14]   ; 19.626 ; 19.626 ; 19.626 ; 19.626 ;
; Instr[4]   ; ALUresu[15]   ; 20.288 ; 20.288 ; 20.288 ; 20.288 ;
; Instr[4]   ; ALUresu[16]   ; 22.202 ; 22.202 ; 22.202 ; 22.202 ;
; Instr[4]   ; ALUresu[17]   ; 21.416 ; 21.416 ; 21.416 ; 21.416 ;
; Instr[4]   ; ALUresu[18]   ; 22.086 ; 22.086 ; 22.086 ; 22.086 ;
; Instr[4]   ; ALUresu[19]   ; 21.901 ; 21.901 ; 21.901 ; 21.901 ;
; Instr[4]   ; ALUresu[20]   ; 22.160 ; 22.160 ; 22.160 ; 22.160 ;
; Instr[4]   ; ALUresu[21]   ; 22.884 ; 22.884 ; 22.884 ; 22.884 ;
; Instr[4]   ; ALUresu[22]   ; 23.372 ; 23.372 ; 23.372 ; 23.372 ;
; Instr[4]   ; ALUresu[23]   ; 24.999 ; 24.999 ; 24.999 ; 24.999 ;
; Instr[4]   ; ALUresu[24]   ; 25.437 ; 25.437 ; 25.437 ; 25.437 ;
; Instr[4]   ; ALUresu[25]   ; 24.958 ; 24.958 ; 24.958 ; 24.958 ;
; Instr[4]   ; ALUresu[26]   ; 25.030 ; 25.030 ; 25.030 ; 25.030 ;
; Instr[4]   ; ALUresu[27]   ; 25.270 ; 25.270 ; 25.270 ; 25.270 ;
; Instr[4]   ; ALUresu[28]   ; 25.346 ; 25.346 ; 25.346 ; 25.346 ;
; Instr[4]   ; ALUresu[29]   ; 26.197 ; 26.197 ; 26.197 ; 26.197 ;
; Instr[4]   ; ALUresu[30]   ; 26.133 ; 26.133 ; 26.133 ; 26.133 ;
; Instr[4]   ; ALUresu[31]   ; 27.830 ; 27.830 ; 27.830 ; 27.830 ;
; Instr[5]   ; ALUControl[0] ; 14.440 ;        ;        ; 14.440 ;
; Instr[5]   ; ALUControl[2] ; 14.440 ;        ;        ; 14.440 ;
; Instr[5]   ; ALUresu[0]    ; 19.296 ; 15.203 ; 15.203 ; 19.296 ;
; Instr[5]   ; ALUresu[1]    ;        ; 14.705 ; 14.705 ;        ;
; Instr[5]   ; ALUresu[2]    ;        ; 15.422 ; 15.422 ;        ;
; Instr[5]   ; ALUresu[3]    ;        ; 15.184 ; 15.184 ;        ;
; Instr[5]   ; ALUresu[4]    ;        ; 15.098 ; 15.098 ;        ;
; Instr[5]   ; ALUresu[5]    ; 14.960 ; 14.960 ; 14.960 ; 14.960 ;
; Instr[5]   ; ALUresu[6]    ; 16.049 ; 16.049 ; 16.049 ; 16.049 ;
; Instr[5]   ; ALUresu[7]    ; 17.198 ; 17.198 ; 17.198 ; 17.198 ;
; Instr[5]   ; ALUresu[8]    ; 17.610 ; 17.610 ; 17.610 ; 17.610 ;
; Instr[5]   ; ALUresu[9]    ; 18.129 ; 18.129 ; 18.129 ; 18.129 ;
; Instr[5]   ; ALUresu[10]   ; 18.678 ; 18.678 ; 18.678 ; 18.678 ;
; Instr[5]   ; ALUresu[11]   ; 18.081 ; 18.081 ; 18.081 ; 18.081 ;
; Instr[5]   ; ALUresu[12]   ; 19.663 ; 19.663 ; 19.663 ; 19.663 ;
; Instr[5]   ; ALUresu[13]   ; 19.044 ; 19.044 ; 19.044 ; 19.044 ;
; Instr[5]   ; ALUresu[14]   ; 19.504 ; 19.504 ; 19.504 ; 19.504 ;
; Instr[5]   ; ALUresu[15]   ; 20.166 ; 20.166 ; 20.166 ; 20.166 ;
; Instr[5]   ; ALUresu[16]   ; 22.080 ; 22.080 ; 22.080 ; 22.080 ;
; Instr[5]   ; ALUresu[17]   ; 21.294 ; 21.294 ; 21.294 ; 21.294 ;
; Instr[5]   ; ALUresu[18]   ; 21.964 ; 21.964 ; 21.964 ; 21.964 ;
; Instr[5]   ; ALUresu[19]   ; 21.779 ; 21.779 ; 21.779 ; 21.779 ;
; Instr[5]   ; ALUresu[20]   ; 22.038 ; 22.038 ; 22.038 ; 22.038 ;
; Instr[5]   ; ALUresu[21]   ; 22.762 ; 22.762 ; 22.762 ; 22.762 ;
; Instr[5]   ; ALUresu[22]   ; 23.250 ; 23.250 ; 23.250 ; 23.250 ;
; Instr[5]   ; ALUresu[23]   ; 24.877 ; 24.877 ; 24.877 ; 24.877 ;
; Instr[5]   ; ALUresu[24]   ; 25.315 ; 25.315 ; 25.315 ; 25.315 ;
; Instr[5]   ; ALUresu[25]   ; 24.836 ; 24.836 ; 24.836 ; 24.836 ;
; Instr[5]   ; ALUresu[26]   ; 24.908 ; 24.908 ; 24.908 ; 24.908 ;
; Instr[5]   ; ALUresu[27]   ; 25.148 ; 25.148 ; 25.148 ; 25.148 ;
; Instr[5]   ; ALUresu[28]   ; 25.224 ; 25.224 ; 25.224 ; 25.224 ;
; Instr[5]   ; ALUresu[29]   ; 26.075 ; 26.075 ; 26.075 ; 26.075 ;
; Instr[5]   ; ALUresu[30]   ; 26.011 ; 26.011 ; 26.011 ; 26.011 ;
; Instr[5]   ; ALUresu[31]   ; 27.708 ; 27.708 ; 27.708 ; 27.708 ;
; Instr[6]   ; ALUresu[0]    ; 18.897 ;        ;        ; 18.897 ;
; Instr[6]   ; ALUresu[6]    ; 15.879 ; 15.879 ; 15.879 ; 15.879 ;
; Instr[6]   ; ALUresu[7]    ; 15.949 ; 15.949 ; 15.949 ; 15.949 ;
; Instr[6]   ; ALUresu[8]    ; 16.361 ; 16.361 ; 16.361 ; 16.361 ;
; Instr[6]   ; ALUresu[9]    ; 16.880 ; 16.880 ; 16.880 ; 16.880 ;
; Instr[6]   ; ALUresu[10]   ; 17.429 ; 17.429 ; 17.429 ; 17.429 ;
; Instr[6]   ; ALUresu[11]   ; 16.832 ; 16.832 ; 16.832 ; 16.832 ;
; Instr[6]   ; ALUresu[12]   ; 18.414 ; 18.414 ; 18.414 ; 18.414 ;
; Instr[6]   ; ALUresu[13]   ; 17.795 ; 17.795 ; 17.795 ; 17.795 ;
; Instr[6]   ; ALUresu[14]   ; 18.255 ; 18.255 ; 18.255 ; 18.255 ;
; Instr[6]   ; ALUresu[15]   ; 18.917 ; 18.917 ; 18.917 ; 18.917 ;
; Instr[6]   ; ALUresu[16]   ; 20.831 ; 20.831 ; 20.831 ; 20.831 ;
; Instr[6]   ; ALUresu[17]   ; 20.045 ; 20.045 ; 20.045 ; 20.045 ;
; Instr[6]   ; ALUresu[18]   ; 20.715 ; 20.715 ; 20.715 ; 20.715 ;
; Instr[6]   ; ALUresu[19]   ; 20.530 ; 20.530 ; 20.530 ; 20.530 ;
; Instr[6]   ; ALUresu[20]   ; 20.789 ; 20.789 ; 20.789 ; 20.789 ;
; Instr[6]   ; ALUresu[21]   ; 21.513 ; 21.513 ; 21.513 ; 21.513 ;
; Instr[6]   ; ALUresu[22]   ; 22.001 ; 22.001 ; 22.001 ; 22.001 ;
; Instr[6]   ; ALUresu[23]   ; 23.628 ; 23.628 ; 23.628 ; 23.628 ;
; Instr[6]   ; ALUresu[24]   ; 24.066 ; 24.066 ; 24.066 ; 24.066 ;
; Instr[6]   ; ALUresu[25]   ; 23.587 ; 23.587 ; 23.587 ; 23.587 ;
; Instr[6]   ; ALUresu[26]   ; 23.659 ; 23.659 ; 23.659 ; 23.659 ;
; Instr[6]   ; ALUresu[27]   ; 23.899 ; 23.899 ; 23.899 ; 23.899 ;
; Instr[6]   ; ALUresu[28]   ; 23.975 ; 23.975 ; 23.975 ; 23.975 ;
; Instr[6]   ; ALUresu[29]   ; 24.826 ; 24.826 ; 24.826 ; 24.826 ;
; Instr[6]   ; ALUresu[30]   ; 24.762 ; 24.762 ; 24.762 ; 24.762 ;
; Instr[6]   ; ALUresu[31]   ; 26.459 ; 26.459 ; 26.459 ; 26.459 ;
; Instr[7]   ; ALUresu[0]    ; 19.815 ;        ;        ; 19.815 ;
; Instr[7]   ; ALUresu[7]    ; 15.523 ; 15.523 ; 15.523 ; 15.523 ;
; Instr[7]   ; ALUresu[8]    ; 16.938 ; 16.938 ; 16.938 ; 16.938 ;
; Instr[7]   ; ALUresu[9]    ; 17.457 ; 17.457 ; 17.457 ; 17.457 ;
; Instr[7]   ; ALUresu[10]   ; 18.006 ; 18.006 ; 18.006 ; 18.006 ;
; Instr[7]   ; ALUresu[11]   ; 17.409 ; 17.409 ; 17.409 ; 17.409 ;
; Instr[7]   ; ALUresu[12]   ; 18.991 ; 18.991 ; 18.991 ; 18.991 ;
; Instr[7]   ; ALUresu[13]   ; 18.372 ; 18.372 ; 18.372 ; 18.372 ;
; Instr[7]   ; ALUresu[14]   ; 18.832 ; 18.832 ; 18.832 ; 18.832 ;
; Instr[7]   ; ALUresu[15]   ; 19.494 ; 19.494 ; 19.494 ; 19.494 ;
; Instr[7]   ; ALUresu[16]   ; 21.408 ; 21.408 ; 21.408 ; 21.408 ;
; Instr[7]   ; ALUresu[17]   ; 20.622 ; 20.622 ; 20.622 ; 20.622 ;
; Instr[7]   ; ALUresu[18]   ; 21.292 ; 21.292 ; 21.292 ; 21.292 ;
; Instr[7]   ; ALUresu[19]   ; 21.107 ; 21.107 ; 21.107 ; 21.107 ;
; Instr[7]   ; ALUresu[20]   ; 21.366 ; 21.366 ; 21.366 ; 21.366 ;
; Instr[7]   ; ALUresu[21]   ; 22.090 ; 22.090 ; 22.090 ; 22.090 ;
; Instr[7]   ; ALUresu[22]   ; 22.578 ; 22.578 ; 22.578 ; 22.578 ;
; Instr[7]   ; ALUresu[23]   ; 24.205 ; 24.205 ; 24.205 ; 24.205 ;
; Instr[7]   ; ALUresu[24]   ; 24.643 ; 24.643 ; 24.643 ; 24.643 ;
; Instr[7]   ; ALUresu[25]   ; 24.164 ; 24.164 ; 24.164 ; 24.164 ;
; Instr[7]   ; ALUresu[26]   ; 24.236 ; 24.236 ; 24.236 ; 24.236 ;
; Instr[7]   ; ALUresu[27]   ; 24.476 ; 24.476 ; 24.476 ; 24.476 ;
; Instr[7]   ; ALUresu[28]   ; 24.552 ; 24.552 ; 24.552 ; 24.552 ;
; Instr[7]   ; ALUresu[29]   ; 25.403 ; 25.403 ; 25.403 ; 25.403 ;
; Instr[7]   ; ALUresu[30]   ; 25.339 ; 25.339 ; 25.339 ; 25.339 ;
; Instr[7]   ; ALUresu[31]   ; 27.036 ; 27.036 ; 27.036 ; 27.036 ;
; Instr[8]   ; ALUresu[0]    ; 17.443 ;        ;        ; 17.443 ;
; Instr[8]   ; ALUresu[8]    ; 14.084 ; 14.084 ; 14.084 ; 14.084 ;
; Instr[8]   ; ALUresu[9]    ; 15.313 ; 15.313 ; 15.313 ; 15.313 ;
; Instr[8]   ; ALUresu[10]   ; 15.862 ; 15.862 ; 15.862 ; 15.862 ;
; Instr[8]   ; ALUresu[11]   ; 15.265 ; 15.265 ; 15.265 ; 15.265 ;
; Instr[8]   ; ALUresu[12]   ; 16.847 ; 16.847 ; 16.847 ; 16.847 ;
; Instr[8]   ; ALUresu[13]   ; 16.228 ; 16.228 ; 16.228 ; 16.228 ;
; Instr[8]   ; ALUresu[14]   ; 16.688 ; 16.688 ; 16.688 ; 16.688 ;
; Instr[8]   ; ALUresu[15]   ; 17.350 ; 17.350 ; 17.350 ; 17.350 ;
; Instr[8]   ; ALUresu[16]   ; 19.264 ; 19.264 ; 19.264 ; 19.264 ;
; Instr[8]   ; ALUresu[17]   ; 18.478 ; 18.478 ; 18.478 ; 18.478 ;
; Instr[8]   ; ALUresu[18]   ; 19.148 ; 19.148 ; 19.148 ; 19.148 ;
; Instr[8]   ; ALUresu[19]   ; 18.963 ; 18.963 ; 18.963 ; 18.963 ;
; Instr[8]   ; ALUresu[20]   ; 19.222 ; 19.222 ; 19.222 ; 19.222 ;
; Instr[8]   ; ALUresu[21]   ; 19.946 ; 19.946 ; 19.946 ; 19.946 ;
; Instr[8]   ; ALUresu[22]   ; 20.434 ; 20.434 ; 20.434 ; 20.434 ;
; Instr[8]   ; ALUresu[23]   ; 22.061 ; 22.061 ; 22.061 ; 22.061 ;
; Instr[8]   ; ALUresu[24]   ; 22.499 ; 22.499 ; 22.499 ; 22.499 ;
; Instr[8]   ; ALUresu[25]   ; 22.020 ; 22.020 ; 22.020 ; 22.020 ;
; Instr[8]   ; ALUresu[26]   ; 22.092 ; 22.092 ; 22.092 ; 22.092 ;
; Instr[8]   ; ALUresu[27]   ; 22.332 ; 22.332 ; 22.332 ; 22.332 ;
; Instr[8]   ; ALUresu[28]   ; 22.408 ; 22.408 ; 22.408 ; 22.408 ;
; Instr[8]   ; ALUresu[29]   ; 23.259 ; 23.259 ; 23.259 ; 23.259 ;
; Instr[8]   ; ALUresu[30]   ; 23.195 ; 23.195 ; 23.195 ; 23.195 ;
; Instr[8]   ; ALUresu[31]   ; 24.892 ; 24.892 ; 24.892 ; 24.892 ;
; Instr[9]   ; ALUresu[0]    ; 16.899 ;        ;        ; 16.899 ;
; Instr[9]   ; ALUresu[9]    ; 12.752 ; 12.752 ; 12.752 ; 12.752 ;
; Instr[9]   ; ALUresu[10]   ; 15.473 ; 15.473 ; 15.473 ; 15.473 ;
; Instr[9]   ; ALUresu[11]   ; 14.876 ; 14.876 ; 14.876 ; 14.876 ;
; Instr[9]   ; ALUresu[12]   ; 16.458 ; 16.458 ; 16.458 ; 16.458 ;
; Instr[9]   ; ALUresu[13]   ; 15.839 ; 15.839 ; 15.839 ; 15.839 ;
; Instr[9]   ; ALUresu[14]   ; 16.299 ; 16.299 ; 16.299 ; 16.299 ;
; Instr[9]   ; ALUresu[15]   ; 16.961 ; 16.961 ; 16.961 ; 16.961 ;
; Instr[9]   ; ALUresu[16]   ; 18.875 ; 18.875 ; 18.875 ; 18.875 ;
; Instr[9]   ; ALUresu[17]   ; 18.089 ; 18.089 ; 18.089 ; 18.089 ;
; Instr[9]   ; ALUresu[18]   ; 18.759 ; 18.759 ; 18.759 ; 18.759 ;
; Instr[9]   ; ALUresu[19]   ; 18.574 ; 18.574 ; 18.574 ; 18.574 ;
; Instr[9]   ; ALUresu[20]   ; 18.833 ; 18.833 ; 18.833 ; 18.833 ;
; Instr[9]   ; ALUresu[21]   ; 19.557 ; 19.557 ; 19.557 ; 19.557 ;
; Instr[9]   ; ALUresu[22]   ; 20.045 ; 20.045 ; 20.045 ; 20.045 ;
; Instr[9]   ; ALUresu[23]   ; 21.672 ; 21.672 ; 21.672 ; 21.672 ;
; Instr[9]   ; ALUresu[24]   ; 22.110 ; 22.110 ; 22.110 ; 22.110 ;
; Instr[9]   ; ALUresu[25]   ; 21.631 ; 21.631 ; 21.631 ; 21.631 ;
; Instr[9]   ; ALUresu[26]   ; 21.703 ; 21.703 ; 21.703 ; 21.703 ;
; Instr[9]   ; ALUresu[27]   ; 21.943 ; 21.943 ; 21.943 ; 21.943 ;
; Instr[9]   ; ALUresu[28]   ; 22.019 ; 22.019 ; 22.019 ; 22.019 ;
; Instr[9]   ; ALUresu[29]   ; 22.870 ; 22.870 ; 22.870 ; 22.870 ;
; Instr[9]   ; ALUresu[30]   ; 22.806 ; 22.806 ; 22.806 ; 22.806 ;
; Instr[9]   ; ALUresu[31]   ; 24.503 ; 24.503 ; 24.503 ; 24.503 ;
; Instr[10]  ; ALUresu[0]    ; 17.544 ;        ;        ; 17.544 ;
; Instr[10]  ; ALUresu[10]   ; 15.146 ; 15.146 ; 15.146 ; 15.146 ;
; Instr[10]  ; ALUresu[11]   ; 16.002 ; 16.002 ; 16.002 ; 16.002 ;
; Instr[10]  ; ALUresu[12]   ; 17.584 ; 17.584 ; 17.584 ; 17.584 ;
; Instr[10]  ; ALUresu[13]   ; 16.965 ; 16.965 ; 16.965 ; 16.965 ;
; Instr[10]  ; ALUresu[14]   ; 17.425 ; 17.425 ; 17.425 ; 17.425 ;
; Instr[10]  ; ALUresu[15]   ; 18.087 ; 18.087 ; 18.087 ; 18.087 ;
; Instr[10]  ; ALUresu[16]   ; 20.001 ; 20.001 ; 20.001 ; 20.001 ;
; Instr[10]  ; ALUresu[17]   ; 19.215 ; 19.215 ; 19.215 ; 19.215 ;
; Instr[10]  ; ALUresu[18]   ; 19.885 ; 19.885 ; 19.885 ; 19.885 ;
; Instr[10]  ; ALUresu[19]   ; 19.700 ; 19.700 ; 19.700 ; 19.700 ;
; Instr[10]  ; ALUresu[20]   ; 19.959 ; 19.959 ; 19.959 ; 19.959 ;
; Instr[10]  ; ALUresu[21]   ; 20.683 ; 20.683 ; 20.683 ; 20.683 ;
; Instr[10]  ; ALUresu[22]   ; 21.171 ; 21.171 ; 21.171 ; 21.171 ;
; Instr[10]  ; ALUresu[23]   ; 22.798 ; 22.798 ; 22.798 ; 22.798 ;
; Instr[10]  ; ALUresu[24]   ; 23.236 ; 23.236 ; 23.236 ; 23.236 ;
; Instr[10]  ; ALUresu[25]   ; 22.757 ; 22.757 ; 22.757 ; 22.757 ;
; Instr[10]  ; ALUresu[26]   ; 22.829 ; 22.829 ; 22.829 ; 22.829 ;
; Instr[10]  ; ALUresu[27]   ; 23.069 ; 23.069 ; 23.069 ; 23.069 ;
; Instr[10]  ; ALUresu[28]   ; 23.145 ; 23.145 ; 23.145 ; 23.145 ;
; Instr[10]  ; ALUresu[29]   ; 23.996 ; 23.996 ; 23.996 ; 23.996 ;
; Instr[10]  ; ALUresu[30]   ; 23.932 ; 23.932 ; 23.932 ; 23.932 ;
; Instr[10]  ; ALUresu[31]   ; 25.629 ; 25.629 ; 25.629 ; 25.629 ;
; Instr[11]  ; ALUresu[0]    ; 17.728 ;        ;        ; 17.728 ;
; Instr[11]  ; ALUresu[11]   ; 13.748 ; 13.748 ; 13.748 ; 13.748 ;
; Instr[11]  ; ALUresu[12]   ; 14.946 ; 14.946 ; 14.946 ; 14.946 ;
; Instr[11]  ; ALUresu[13]   ; 14.327 ; 14.327 ; 14.327 ; 14.327 ;
; Instr[11]  ; ALUresu[14]   ; 14.787 ; 14.787 ; 14.787 ; 14.787 ;
; Instr[11]  ; ALUresu[15]   ; 15.449 ; 15.449 ; 15.449 ; 15.449 ;
; Instr[11]  ; ALUresu[16]   ; 17.363 ; 17.363 ; 17.363 ; 17.363 ;
; Instr[11]  ; ALUresu[17]   ; 16.577 ; 16.577 ; 16.577 ; 16.577 ;
; Instr[11]  ; ALUresu[18]   ; 17.247 ; 17.247 ; 17.247 ; 17.247 ;
; Instr[11]  ; ALUresu[19]   ; 17.062 ; 17.062 ; 17.062 ; 17.062 ;
; Instr[11]  ; ALUresu[20]   ; 17.321 ; 17.321 ; 17.321 ; 17.321 ;
; Instr[11]  ; ALUresu[21]   ; 18.045 ; 18.045 ; 18.045 ; 18.045 ;
; Instr[11]  ; ALUresu[22]   ; 18.533 ; 18.533 ; 18.533 ; 18.533 ;
; Instr[11]  ; ALUresu[23]   ; 20.160 ; 20.160 ; 20.160 ; 20.160 ;
; Instr[11]  ; ALUresu[24]   ; 20.598 ; 20.598 ; 20.598 ; 20.598 ;
; Instr[11]  ; ALUresu[25]   ; 20.119 ; 20.119 ; 20.119 ; 20.119 ;
; Instr[11]  ; ALUresu[26]   ; 20.191 ; 20.191 ; 20.191 ; 20.191 ;
; Instr[11]  ; ALUresu[27]   ; 20.431 ; 20.431 ; 20.431 ; 20.431 ;
; Instr[11]  ; ALUresu[28]   ; 20.507 ; 20.507 ; 20.507 ; 20.507 ;
; Instr[11]  ; ALUresu[29]   ; 21.358 ; 21.358 ; 21.358 ; 21.358 ;
; Instr[11]  ; ALUresu[30]   ; 21.294 ; 21.294 ; 21.294 ; 21.294 ;
; Instr[11]  ; ALUresu[31]   ; 22.991 ; 22.991 ; 22.991 ; 22.991 ;
; Instr[12]  ; ALUresu[0]    ; 18.682 ;        ;        ; 18.682 ;
; Instr[12]  ; ALUresu[12]   ; 15.280 ; 15.280 ; 15.280 ; 15.280 ;
; Instr[12]  ; ALUresu[13]   ; 16.043 ; 16.043 ; 16.043 ; 16.043 ;
; Instr[12]  ; ALUresu[14]   ; 16.503 ; 16.503 ; 16.503 ; 16.503 ;
; Instr[12]  ; ALUresu[15]   ; 17.165 ; 17.165 ; 17.165 ; 17.165 ;
; Instr[12]  ; ALUresu[16]   ; 19.079 ; 19.079 ; 19.079 ; 19.079 ;
; Instr[12]  ; ALUresu[17]   ; 18.293 ; 18.293 ; 18.293 ; 18.293 ;
; Instr[12]  ; ALUresu[18]   ; 18.963 ; 18.963 ; 18.963 ; 18.963 ;
; Instr[12]  ; ALUresu[19]   ; 18.778 ; 18.778 ; 18.778 ; 18.778 ;
; Instr[12]  ; ALUresu[20]   ; 19.037 ; 19.037 ; 19.037 ; 19.037 ;
; Instr[12]  ; ALUresu[21]   ; 19.761 ; 19.761 ; 19.761 ; 19.761 ;
; Instr[12]  ; ALUresu[22]   ; 20.249 ; 20.249 ; 20.249 ; 20.249 ;
; Instr[12]  ; ALUresu[23]   ; 21.876 ; 21.876 ; 21.876 ; 21.876 ;
; Instr[12]  ; ALUresu[24]   ; 22.314 ; 22.314 ; 22.314 ; 22.314 ;
; Instr[12]  ; ALUresu[25]   ; 21.835 ; 21.835 ; 21.835 ; 21.835 ;
; Instr[12]  ; ALUresu[26]   ; 21.907 ; 21.907 ; 21.907 ; 21.907 ;
; Instr[12]  ; ALUresu[27]   ; 22.147 ; 22.147 ; 22.147 ; 22.147 ;
; Instr[12]  ; ALUresu[28]   ; 22.223 ; 22.223 ; 22.223 ; 22.223 ;
; Instr[12]  ; ALUresu[29]   ; 23.074 ; 23.074 ; 23.074 ; 23.074 ;
; Instr[12]  ; ALUresu[30]   ; 23.010 ; 23.010 ; 23.010 ; 23.010 ;
; Instr[12]  ; ALUresu[31]   ; 24.707 ; 24.707 ; 24.707 ; 24.707 ;
; Instr[13]  ; ALUresu[0]    ; 18.986 ;        ;        ; 18.986 ;
; Instr[13]  ; ALUresu[13]   ; 15.404 ; 15.404 ; 15.404 ; 15.404 ;
; Instr[13]  ; ALUresu[14]   ; 15.330 ; 15.330 ; 15.330 ; 15.330 ;
; Instr[13]  ; ALUresu[15]   ; 15.992 ; 15.992 ; 15.992 ; 15.992 ;
; Instr[13]  ; ALUresu[16]   ; 17.906 ; 17.906 ; 17.906 ; 17.906 ;
; Instr[13]  ; ALUresu[17]   ; 17.120 ; 17.120 ; 17.120 ; 17.120 ;
; Instr[13]  ; ALUresu[18]   ; 17.790 ; 17.790 ; 17.790 ; 17.790 ;
; Instr[13]  ; ALUresu[19]   ; 17.605 ; 17.605 ; 17.605 ; 17.605 ;
; Instr[13]  ; ALUresu[20]   ; 17.864 ; 17.864 ; 17.864 ; 17.864 ;
; Instr[13]  ; ALUresu[21]   ; 18.588 ; 18.588 ; 18.588 ; 18.588 ;
; Instr[13]  ; ALUresu[22]   ; 19.076 ; 19.076 ; 19.076 ; 19.076 ;
; Instr[13]  ; ALUresu[23]   ; 20.703 ; 20.703 ; 20.703 ; 20.703 ;
; Instr[13]  ; ALUresu[24]   ; 21.141 ; 21.141 ; 21.141 ; 21.141 ;
; Instr[13]  ; ALUresu[25]   ; 20.662 ; 20.662 ; 20.662 ; 20.662 ;
; Instr[13]  ; ALUresu[26]   ; 20.734 ; 20.734 ; 20.734 ; 20.734 ;
; Instr[13]  ; ALUresu[27]   ; 20.974 ; 20.974 ; 20.974 ; 20.974 ;
; Instr[13]  ; ALUresu[28]   ; 21.050 ; 21.050 ; 21.050 ; 21.050 ;
; Instr[13]  ; ALUresu[29]   ; 21.901 ; 21.901 ; 21.901 ; 21.901 ;
; Instr[13]  ; ALUresu[30]   ; 21.837 ; 21.837 ; 21.837 ; 21.837 ;
; Instr[13]  ; ALUresu[31]   ; 23.534 ; 23.534 ; 23.534 ; 23.534 ;
; Instr[14]  ; ALUresu[0]    ; 17.501 ;        ;        ; 17.501 ;
; Instr[14]  ; ALUresu[14]   ; 13.490 ; 13.490 ; 13.490 ; 13.490 ;
; Instr[14]  ; ALUresu[15]   ; 14.221 ; 14.221 ; 14.221 ; 14.221 ;
; Instr[14]  ; ALUresu[16]   ; 16.135 ; 16.135 ; 16.135 ; 16.135 ;
; Instr[14]  ; ALUresu[17]   ; 15.349 ; 15.349 ; 15.349 ; 15.349 ;
; Instr[14]  ; ALUresu[18]   ; 16.019 ; 16.019 ; 16.019 ; 16.019 ;
; Instr[14]  ; ALUresu[19]   ; 15.834 ; 15.834 ; 15.834 ; 15.834 ;
; Instr[14]  ; ALUresu[20]   ; 16.093 ; 16.093 ; 16.093 ; 16.093 ;
; Instr[14]  ; ALUresu[21]   ; 16.817 ; 16.817 ; 16.817 ; 16.817 ;
; Instr[14]  ; ALUresu[22]   ; 17.305 ; 17.305 ; 17.305 ; 17.305 ;
; Instr[14]  ; ALUresu[23]   ; 18.932 ; 18.932 ; 18.932 ; 18.932 ;
; Instr[14]  ; ALUresu[24]   ; 19.370 ; 19.370 ; 19.370 ; 19.370 ;
; Instr[14]  ; ALUresu[25]   ; 18.891 ; 18.891 ; 18.891 ; 18.891 ;
; Instr[14]  ; ALUresu[26]   ; 18.963 ; 18.963 ; 18.963 ; 18.963 ;
; Instr[14]  ; ALUresu[27]   ; 19.203 ; 19.203 ; 19.203 ; 19.203 ;
; Instr[14]  ; ALUresu[28]   ; 19.279 ; 19.279 ; 19.279 ; 19.279 ;
; Instr[14]  ; ALUresu[29]   ; 20.130 ; 20.130 ; 20.130 ; 20.130 ;
; Instr[14]  ; ALUresu[30]   ; 20.066 ; 20.066 ; 20.066 ; 20.066 ;
; Instr[14]  ; ALUresu[31]   ; 21.763 ; 21.763 ; 21.763 ; 21.763 ;
; Instr[15]  ; ALUresu[0]    ; 18.545 ;        ;        ; 18.545 ;
; Instr[15]  ; ALUresu[15]   ; 15.260 ; 15.260 ; 15.260 ; 15.260 ;
; Instr[15]  ; ALUresu[16]   ; 15.578 ; 15.578 ; 15.578 ; 15.578 ;
; Instr[15]  ; ALUresu[17]   ; 14.792 ; 14.792 ; 14.792 ; 14.792 ;
; Instr[15]  ; ALUresu[18]   ; 15.462 ; 15.462 ; 15.462 ; 15.462 ;
; Instr[15]  ; ALUresu[19]   ; 15.277 ; 15.277 ; 15.277 ; 15.277 ;
; Instr[15]  ; ALUresu[20]   ; 15.536 ; 15.536 ; 15.536 ; 15.536 ;
; Instr[15]  ; ALUresu[21]   ; 16.260 ; 16.260 ; 16.260 ; 16.260 ;
; Instr[15]  ; ALUresu[22]   ; 16.748 ; 16.748 ; 16.748 ; 16.748 ;
; Instr[15]  ; ALUresu[23]   ; 18.375 ; 18.375 ; 18.375 ; 18.375 ;
; Instr[15]  ; ALUresu[24]   ; 18.813 ; 18.813 ; 18.813 ; 18.813 ;
; Instr[15]  ; ALUresu[25]   ; 18.334 ; 18.334 ; 18.334 ; 18.334 ;
; Instr[15]  ; ALUresu[26]   ; 18.406 ; 18.406 ; 18.406 ; 18.406 ;
; Instr[15]  ; ALUresu[27]   ; 18.646 ; 18.646 ; 18.646 ; 18.646 ;
; Instr[15]  ; ALUresu[28]   ; 18.722 ; 18.722 ; 18.722 ; 18.722 ;
; Instr[15]  ; ALUresu[29]   ; 19.573 ; 19.573 ; 19.573 ; 19.573 ;
; Instr[15]  ; ALUresu[30]   ; 19.509 ; 19.509 ; 19.509 ; 19.509 ;
; Instr[15]  ; ALUresu[31]   ; 21.206 ; 21.206 ; 21.206 ; 21.206 ;
; Instr[16]  ; ALUresu[0]    ; 26.543 ; 27.195 ; 27.195 ; 26.543 ;
; Instr[16]  ; ALUresu[1]    ; 20.161 ; 20.161 ; 20.161 ; 20.161 ;
; Instr[16]  ; ALUresu[2]    ; 20.752 ; 20.752 ; 20.752 ; 20.752 ;
; Instr[16]  ; ALUresu[3]    ; 22.694 ; 22.694 ; 22.694 ; 22.694 ;
; Instr[16]  ; ALUresu[4]    ; 22.568 ; 22.568 ; 22.568 ; 22.568 ;
; Instr[16]  ; ALUresu[5]    ; 21.741 ; 21.741 ; 21.741 ; 21.741 ;
; Instr[16]  ; ALUresu[6]    ; 24.177 ; 24.177 ; 24.177 ; 24.177 ;
; Instr[16]  ; ALUresu[7]    ; 25.212 ; 25.212 ; 25.212 ; 25.212 ;
; Instr[16]  ; ALUresu[8]    ; 25.624 ; 25.624 ; 25.624 ; 25.624 ;
; Instr[16]  ; ALUresu[9]    ; 26.143 ; 26.143 ; 26.143 ; 26.143 ;
; Instr[16]  ; ALUresu[10]   ; 26.692 ; 26.692 ; 26.692 ; 26.692 ;
; Instr[16]  ; ALUresu[11]   ; 26.095 ; 26.095 ; 26.095 ; 26.095 ;
; Instr[16]  ; ALUresu[12]   ; 27.677 ; 27.677 ; 27.677 ; 27.677 ;
; Instr[16]  ; ALUresu[13]   ; 27.058 ; 27.058 ; 27.058 ; 27.058 ;
; Instr[16]  ; ALUresu[14]   ; 27.518 ; 27.518 ; 27.518 ; 27.518 ;
; Instr[16]  ; ALUresu[15]   ; 28.180 ; 28.180 ; 28.180 ; 28.180 ;
; Instr[16]  ; ALUresu[16]   ; 30.094 ; 30.094 ; 30.094 ; 30.094 ;
; Instr[16]  ; ALUresu[17]   ; 29.308 ; 29.308 ; 29.308 ; 29.308 ;
; Instr[16]  ; ALUresu[18]   ; 29.978 ; 29.978 ; 29.978 ; 29.978 ;
; Instr[16]  ; ALUresu[19]   ; 29.793 ; 29.793 ; 29.793 ; 29.793 ;
; Instr[16]  ; ALUresu[20]   ; 30.052 ; 30.052 ; 30.052 ; 30.052 ;
; Instr[16]  ; ALUresu[21]   ; 30.776 ; 30.776 ; 30.776 ; 30.776 ;
; Instr[16]  ; ALUresu[22]   ; 31.264 ; 31.264 ; 31.264 ; 31.264 ;
; Instr[16]  ; ALUresu[23]   ; 32.891 ; 32.891 ; 32.891 ; 32.891 ;
; Instr[16]  ; ALUresu[24]   ; 33.329 ; 33.329 ; 33.329 ; 33.329 ;
; Instr[16]  ; ALUresu[25]   ; 32.850 ; 32.850 ; 32.850 ; 32.850 ;
; Instr[16]  ; ALUresu[26]   ; 32.922 ; 32.922 ; 32.922 ; 32.922 ;
; Instr[16]  ; ALUresu[27]   ; 33.162 ; 33.162 ; 33.162 ; 33.162 ;
; Instr[16]  ; ALUresu[28]   ; 33.238 ; 33.238 ; 33.238 ; 33.238 ;
; Instr[16]  ; ALUresu[29]   ; 34.089 ; 34.089 ; 34.089 ; 34.089 ;
; Instr[16]  ; ALUresu[30]   ; 34.025 ; 34.025 ; 34.025 ; 34.025 ;
; Instr[16]  ; ALUresu[31]   ; 35.722 ; 35.722 ; 35.722 ; 35.722 ;
; Instr[16]  ; Reg2[0]       ; 16.037 ; 16.037 ; 16.037 ; 16.037 ;
; Instr[16]  ; Reg2[1]       ; 16.624 ; 16.624 ; 16.624 ; 16.624 ;
; Instr[16]  ; Reg2[2]       ; 17.282 ; 17.074 ; 17.074 ; 17.282 ;
; Instr[16]  ; Reg2[3]       ; 18.518 ; 17.881 ; 17.881 ; 18.518 ;
; Instr[16]  ; Reg2[4]       ; 19.006 ; 19.420 ; 19.420 ; 19.006 ;
; Instr[16]  ; Reg2[5]       ; 19.648 ; 18.547 ; 18.547 ; 19.648 ;
; Instr[16]  ; Reg2[6]       ; 19.790 ; 20.442 ; 20.442 ; 19.790 ;
; Instr[16]  ; Reg2[7]       ; 17.710 ; 19.695 ; 19.695 ; 17.710 ;
; Instr[16]  ; Reg2[8]       ; 18.170 ; 19.994 ; 19.994 ; 18.170 ;
; Instr[16]  ; Reg2[9]       ; 18.627 ; 20.043 ; 20.043 ; 18.627 ;
; Instr[16]  ; Reg2[10]      ; 18.136 ; 20.154 ; 20.154 ; 18.136 ;
; Instr[16]  ; Reg2[11]      ; 17.176 ; 17.603 ; 17.603 ; 17.176 ;
; Instr[16]  ; Reg2[12]      ; 17.817 ; 18.291 ; 18.291 ; 17.817 ;
; Instr[16]  ; Reg2[13]      ; 18.831 ; 18.649 ; 18.649 ; 18.831 ;
; Instr[16]  ; Reg2[14]      ; 18.460 ; 18.308 ; 18.308 ; 18.460 ;
; Instr[16]  ; Reg2[15]      ; 18.445 ; 17.955 ; 17.955 ; 18.445 ;
; Instr[16]  ; Reg2[16]      ; 18.580 ; 18.730 ; 18.730 ; 18.580 ;
; Instr[16]  ; Reg2[17]      ; 19.054 ; 18.471 ; 18.471 ; 19.054 ;
; Instr[16]  ; Reg2[18]      ; 19.606 ; 17.994 ; 17.994 ; 19.606 ;
; Instr[16]  ; Reg2[19]      ; 19.442 ; 18.794 ; 18.794 ; 19.442 ;
; Instr[16]  ; Reg2[20]      ; 20.627 ; 19.985 ; 19.985 ; 20.627 ;
; Instr[16]  ; Reg2[21]      ; 19.543 ; 18.811 ; 18.811 ; 19.543 ;
; Instr[16]  ; Reg2[22]      ; 18.720 ; 19.000 ; 19.000 ; 18.720 ;
; Instr[16]  ; Reg2[23]      ; 19.171 ; 18.151 ; 18.151 ; 19.171 ;
; Instr[16]  ; Reg2[24]      ; 20.053 ; 19.400 ; 19.400 ; 20.053 ;
; Instr[16]  ; Reg2[25]      ; 19.684 ; 19.443 ; 19.443 ; 19.684 ;
; Instr[16]  ; Reg2[26]      ; 19.457 ; 18.935 ; 18.935 ; 19.457 ;
; Instr[16]  ; Reg2[27]      ; 20.142 ; 19.074 ; 19.074 ; 20.142 ;
; Instr[16]  ; Reg2[28]      ; 19.522 ; 18.619 ; 18.619 ; 19.522 ;
; Instr[16]  ; Reg2[29]      ; 19.575 ; 18.770 ; 18.770 ; 19.575 ;
; Instr[16]  ; Reg2[30]      ; 19.092 ; 19.714 ; 19.714 ; 19.092 ;
; Instr[16]  ; Reg2[31]      ; 19.764 ; 19.851 ; 19.851 ; 19.764 ;
; Instr[17]  ; ALUresu[0]    ; 25.957 ; 24.868 ; 24.868 ; 25.957 ;
; Instr[17]  ; ALUresu[1]    ; 18.664 ; 18.664 ; 18.664 ; 18.664 ;
; Instr[17]  ; ALUresu[2]    ; 20.598 ; 20.598 ; 20.598 ; 20.598 ;
; Instr[17]  ; ALUresu[3]    ; 22.108 ; 22.108 ; 22.108 ; 22.108 ;
; Instr[17]  ; ALUresu[4]    ; 21.924 ; 21.924 ; 21.924 ; 21.924 ;
; Instr[17]  ; ALUresu[5]    ; 21.527 ; 21.527 ; 21.527 ; 21.527 ;
; Instr[17]  ; ALUresu[6]    ; 22.939 ; 22.939 ; 22.939 ; 22.939 ;
; Instr[17]  ; ALUresu[7]    ; 23.974 ; 23.974 ; 23.974 ; 23.974 ;
; Instr[17]  ; ALUresu[8]    ; 24.386 ; 24.386 ; 24.386 ; 24.386 ;
; Instr[17]  ; ALUresu[9]    ; 24.905 ; 24.905 ; 24.905 ; 24.905 ;
; Instr[17]  ; ALUresu[10]   ; 25.454 ; 25.454 ; 25.454 ; 25.454 ;
; Instr[17]  ; ALUresu[11]   ; 24.857 ; 24.857 ; 24.857 ; 24.857 ;
; Instr[17]  ; ALUresu[12]   ; 26.439 ; 26.439 ; 26.439 ; 26.439 ;
; Instr[17]  ; ALUresu[13]   ; 25.820 ; 25.820 ; 25.820 ; 25.820 ;
; Instr[17]  ; ALUresu[14]   ; 26.280 ; 26.280 ; 26.280 ; 26.280 ;
; Instr[17]  ; ALUresu[15]   ; 26.942 ; 26.942 ; 26.942 ; 26.942 ;
; Instr[17]  ; ALUresu[16]   ; 28.856 ; 28.856 ; 28.856 ; 28.856 ;
; Instr[17]  ; ALUresu[17]   ; 28.070 ; 28.070 ; 28.070 ; 28.070 ;
; Instr[17]  ; ALUresu[18]   ; 28.740 ; 28.740 ; 28.740 ; 28.740 ;
; Instr[17]  ; ALUresu[19]   ; 28.555 ; 28.555 ; 28.555 ; 28.555 ;
; Instr[17]  ; ALUresu[20]   ; 28.814 ; 28.814 ; 28.814 ; 28.814 ;
; Instr[17]  ; ALUresu[21]   ; 29.538 ; 29.538 ; 29.538 ; 29.538 ;
; Instr[17]  ; ALUresu[22]   ; 30.026 ; 30.026 ; 30.026 ; 30.026 ;
; Instr[17]  ; ALUresu[23]   ; 31.653 ; 31.653 ; 31.653 ; 31.653 ;
; Instr[17]  ; ALUresu[24]   ; 32.091 ; 32.091 ; 32.091 ; 32.091 ;
; Instr[17]  ; ALUresu[25]   ; 31.612 ; 31.612 ; 31.612 ; 31.612 ;
; Instr[17]  ; ALUresu[26]   ; 31.684 ; 31.684 ; 31.684 ; 31.684 ;
; Instr[17]  ; ALUresu[27]   ; 31.924 ; 31.924 ; 31.924 ; 31.924 ;
; Instr[17]  ; ALUresu[28]   ; 32.000 ; 32.000 ; 32.000 ; 32.000 ;
; Instr[17]  ; ALUresu[29]   ; 32.851 ; 32.851 ; 32.851 ; 32.851 ;
; Instr[17]  ; ALUresu[30]   ; 32.787 ; 32.787 ; 32.787 ; 32.787 ;
; Instr[17]  ; ALUresu[31]   ; 34.484 ; 34.484 ; 34.484 ; 34.484 ;
; Instr[17]  ; Reg2[0]       ; 15.165 ; 15.165 ; 15.165 ; 15.165 ;
; Instr[17]  ; Reg2[1]       ; 15.127 ; 15.127 ; 15.127 ; 15.127 ;
; Instr[17]  ; Reg2[2]       ; 17.128 ; 17.064 ; 17.064 ; 17.128 ;
; Instr[17]  ; Reg2[3]       ; 17.932 ; 16.963 ; 16.963 ; 17.932 ;
; Instr[17]  ; Reg2[4]       ; 18.000 ; 18.520 ; 18.520 ; 18.000 ;
; Instr[17]  ; Reg2[5]       ; 19.062 ; 18.149 ; 18.149 ; 19.062 ;
; Instr[17]  ; Reg2[6]       ; 19.204 ; 17.536 ; 17.536 ; 19.204 ;
; Instr[17]  ; Reg2[7]       ; 18.275 ; 17.523 ; 17.523 ; 18.275 ;
; Instr[17]  ; Reg2[8]       ; 18.574 ; 17.540 ; 17.540 ; 18.574 ;
; Instr[17]  ; Reg2[9]       ; 18.623 ; 17.431 ; 17.431 ; 18.623 ;
; Instr[17]  ; Reg2[10]      ; 18.734 ; 18.029 ; 18.029 ; 18.734 ;
; Instr[17]  ; Reg2[11]      ; 16.183 ; 16.988 ; 16.988 ; 16.183 ;
; Instr[17]  ; Reg2[12]      ; 17.041 ; 17.025 ; 17.025 ; 17.041 ;
; Instr[17]  ; Reg2[13]      ; 18.640 ; 17.925 ; 17.925 ; 18.640 ;
; Instr[17]  ; Reg2[14]      ; 18.100 ; 17.908 ; 17.908 ; 18.100 ;
; Instr[17]  ; Reg2[15]      ; 17.643 ; 17.845 ; 17.845 ; 17.643 ;
; Instr[17]  ; Reg2[16]      ; 18.444 ; 17.553 ; 17.553 ; 18.444 ;
; Instr[17]  ; Reg2[17]      ; 18.049 ; 18.456 ; 18.456 ; 18.049 ;
; Instr[17]  ; Reg2[18]      ; 19.020 ; 18.287 ; 18.287 ; 19.020 ;
; Instr[17]  ; Reg2[19]      ; 18.856 ; 18.684 ; 18.684 ; 18.856 ;
; Instr[17]  ; Reg2[20]      ; 20.041 ; 18.980 ; 18.980 ; 20.041 ;
; Instr[17]  ; Reg2[21]      ; 18.957 ; 18.014 ; 18.014 ; 18.957 ;
; Instr[17]  ; Reg2[22]      ; 17.734 ; 18.234 ; 18.234 ; 17.734 ;
; Instr[17]  ; Reg2[23]      ; 18.585 ; 17.532 ; 17.532 ; 18.585 ;
; Instr[17]  ; Reg2[24]      ; 19.467 ; 18.814 ; 18.814 ; 19.467 ;
; Instr[17]  ; Reg2[25]      ; 19.098 ; 16.996 ; 16.996 ; 19.098 ;
; Instr[17]  ; Reg2[26]      ; 18.871 ; 17.752 ; 17.752 ; 18.871 ;
; Instr[17]  ; Reg2[27]      ; 19.556 ; 18.620 ; 18.620 ; 19.556 ;
; Instr[17]  ; Reg2[28]      ; 18.936 ; 18.151 ; 18.151 ; 18.936 ;
; Instr[17]  ; Reg2[29]      ; 18.989 ; 18.416 ; 18.416 ; 18.989 ;
; Instr[17]  ; Reg2[30]      ; 18.506 ; 18.602 ; 18.602 ; 18.506 ;
; Instr[17]  ; Reg2[31]      ; 19.178 ; 18.758 ; 18.758 ; 19.178 ;
; Instr[18]  ; ALUresu[0]    ; 25.277 ; 26.345 ; 26.345 ; 25.277 ;
; Instr[18]  ; ALUresu[1]    ; 18.802 ; 18.802 ; 18.802 ; 18.802 ;
; Instr[18]  ; ALUresu[2]    ; 20.890 ; 20.890 ; 20.890 ; 20.890 ;
; Instr[18]  ; ALUresu[3]    ; 21.880 ; 21.880 ; 21.880 ; 21.880 ;
; Instr[18]  ; ALUresu[4]    ; 22.260 ; 22.260 ; 22.260 ; 22.260 ;
; Instr[18]  ; ALUresu[5]    ; 21.819 ; 21.819 ; 21.819 ; 21.819 ;
; Instr[18]  ; ALUresu[6]    ; 23.327 ; 23.327 ; 23.327 ; 23.327 ;
; Instr[18]  ; ALUresu[7]    ; 24.362 ; 24.362 ; 24.362 ; 24.362 ;
; Instr[18]  ; ALUresu[8]    ; 24.774 ; 24.774 ; 24.774 ; 24.774 ;
; Instr[18]  ; ALUresu[9]    ; 25.293 ; 25.293 ; 25.293 ; 25.293 ;
; Instr[18]  ; ALUresu[10]   ; 25.842 ; 25.842 ; 25.842 ; 25.842 ;
; Instr[18]  ; ALUresu[11]   ; 25.245 ; 25.245 ; 25.245 ; 25.245 ;
; Instr[18]  ; ALUresu[12]   ; 26.827 ; 26.827 ; 26.827 ; 26.827 ;
; Instr[18]  ; ALUresu[13]   ; 26.208 ; 26.208 ; 26.208 ; 26.208 ;
; Instr[18]  ; ALUresu[14]   ; 26.668 ; 26.668 ; 26.668 ; 26.668 ;
; Instr[18]  ; ALUresu[15]   ; 27.330 ; 27.330 ; 27.330 ; 27.330 ;
; Instr[18]  ; ALUresu[16]   ; 29.244 ; 29.244 ; 29.244 ; 29.244 ;
; Instr[18]  ; ALUresu[17]   ; 28.458 ; 28.458 ; 28.458 ; 28.458 ;
; Instr[18]  ; ALUresu[18]   ; 29.128 ; 29.128 ; 29.128 ; 29.128 ;
; Instr[18]  ; ALUresu[19]   ; 28.943 ; 28.943 ; 28.943 ; 28.943 ;
; Instr[18]  ; ALUresu[20]   ; 29.202 ; 29.202 ; 29.202 ; 29.202 ;
; Instr[18]  ; ALUresu[21]   ; 29.926 ; 29.926 ; 29.926 ; 29.926 ;
; Instr[18]  ; ALUresu[22]   ; 30.414 ; 30.414 ; 30.414 ; 30.414 ;
; Instr[18]  ; ALUresu[23]   ; 32.041 ; 32.041 ; 32.041 ; 32.041 ;
; Instr[18]  ; ALUresu[24]   ; 32.479 ; 32.479 ; 32.479 ; 32.479 ;
; Instr[18]  ; ALUresu[25]   ; 32.000 ; 32.000 ; 32.000 ; 32.000 ;
; Instr[18]  ; ALUresu[26]   ; 32.072 ; 32.072 ; 32.072 ; 32.072 ;
; Instr[18]  ; ALUresu[27]   ; 32.312 ; 32.312 ; 32.312 ; 32.312 ;
; Instr[18]  ; ALUresu[28]   ; 32.388 ; 32.388 ; 32.388 ; 32.388 ;
; Instr[18]  ; ALUresu[29]   ; 33.239 ; 33.239 ; 33.239 ; 33.239 ;
; Instr[18]  ; ALUresu[30]   ; 33.175 ; 33.175 ; 33.175 ; 33.175 ;
; Instr[18]  ; ALUresu[31]   ; 34.872 ; 34.872 ; 34.872 ; 34.872 ;
; Instr[18]  ; Reg2[0]       ; 14.907 ; 14.907 ; 14.907 ; 14.907 ;
; Instr[18]  ; Reg2[1]       ; 15.265 ; 15.265 ; 15.265 ; 15.265 ;
; Instr[18]  ; Reg2[2]       ; 17.420 ; 16.491 ; 16.491 ; 17.420 ;
; Instr[18]  ; Reg2[3]       ; 16.706 ; 17.353 ; 17.353 ; 16.706 ;
; Instr[18]  ; Reg2[4]       ; 18.529 ; 19.112 ; 19.112 ; 18.529 ;
; Instr[18]  ; Reg2[5]       ; 17.656 ; 18.483 ; 18.483 ; 17.656 ;
; Instr[18]  ; Reg2[6]       ; 18.256 ; 19.592 ; 19.592 ; 18.256 ;
; Instr[18]  ; Reg2[7]       ; 18.076 ; 18.845 ; 18.845 ; 18.076 ;
; Instr[18]  ; Reg2[8]       ; 18.031 ; 19.144 ; 19.144 ; 18.031 ;
; Instr[18]  ; Reg2[9]       ; 18.566 ; 19.193 ; 19.193 ; 18.566 ;
; Instr[18]  ; Reg2[10]      ; 17.728 ; 19.304 ; 19.304 ; 17.728 ;
; Instr[18]  ; Reg2[11]      ; 16.687 ; 17.243 ; 17.243 ; 16.687 ;
; Instr[18]  ; Reg2[12]      ; 16.935 ; 17.617 ; 17.617 ; 16.935 ;
; Instr[18]  ; Reg2[13]      ; 18.153 ; 18.387 ; 18.387 ; 18.153 ;
; Instr[18]  ; Reg2[14]      ; 17.578 ; 17.847 ; 17.847 ; 17.578 ;
; Instr[18]  ; Reg2[15]      ; 17.439 ; 17.390 ; 17.390 ; 17.439 ;
; Instr[18]  ; Reg2[16]      ; 17.864 ; 17.724 ; 17.724 ; 17.864 ;
; Instr[18]  ; Reg2[17]      ; 18.155 ; 17.882 ; 17.882 ; 18.155 ;
; Instr[18]  ; Reg2[18]      ; 17.673 ; 18.879 ; 18.879 ; 17.673 ;
; Instr[18]  ; Reg2[19]      ; 18.278 ; 18.277 ; 18.277 ; 18.278 ;
; Instr[18]  ; Reg2[20]      ; 19.094 ; 19.572 ; 19.572 ; 19.094 ;
; Instr[18]  ; Reg2[21]      ; 17.920 ; 18.606 ; 18.606 ; 17.920 ;
; Instr[18]  ; Reg2[22]      ; 18.109 ; 18.826 ; 18.826 ; 18.109 ;
; Instr[18]  ; Reg2[23]      ; 16.861 ; 18.124 ; 18.124 ; 16.861 ;
; Instr[18]  ; Reg2[24]      ; 18.509 ; 19.406 ; 19.406 ; 18.509 ;
; Instr[18]  ; Reg2[25]      ; 18.552 ; 18.519 ; 18.519 ; 18.552 ;
; Instr[18]  ; Reg2[26]      ; 18.044 ; 18.344 ; 18.344 ; 18.044 ;
; Instr[18]  ; Reg2[27]      ; 18.183 ; 18.977 ; 18.977 ; 18.183 ;
; Instr[18]  ; Reg2[28]      ; 17.728 ; 18.357 ; 18.357 ; 17.728 ;
; Instr[18]  ; Reg2[29]      ; 18.010 ; 18.410 ; 18.410 ; 18.010 ;
; Instr[18]  ; Reg2[30]      ; 18.422 ; 18.864 ; 18.864 ; 18.422 ;
; Instr[18]  ; Reg2[31]      ; 18.349 ; 19.001 ; 19.001 ; 18.349 ;
; Instr[19]  ; ALUresu[0]    ; 27.972 ; 28.560 ; 28.560 ; 27.972 ;
; Instr[19]  ; ALUresu[1]    ; 19.378 ; 19.378 ; 19.378 ; 19.378 ;
; Instr[19]  ; ALUresu[2]    ; 23.648 ; 23.648 ; 23.648 ; 23.648 ;
; Instr[19]  ; ALUresu[3]    ; 24.821 ; 24.821 ; 24.821 ; 24.821 ;
; Instr[19]  ; ALUresu[4]    ; 24.615 ; 24.615 ; 24.615 ; 24.615 ;
; Instr[19]  ; ALUresu[5]    ; 24.089 ; 24.089 ; 24.089 ; 24.089 ;
; Instr[19]  ; ALUresu[6]    ; 25.542 ; 25.542 ; 25.542 ; 25.542 ;
; Instr[19]  ; ALUresu[7]    ; 26.577 ; 26.577 ; 26.577 ; 26.577 ;
; Instr[19]  ; ALUresu[8]    ; 26.989 ; 26.989 ; 26.989 ; 26.989 ;
; Instr[19]  ; ALUresu[9]    ; 27.508 ; 27.508 ; 27.508 ; 27.508 ;
; Instr[19]  ; ALUresu[10]   ; 28.057 ; 28.057 ; 28.057 ; 28.057 ;
; Instr[19]  ; ALUresu[11]   ; 27.460 ; 27.460 ; 27.460 ; 27.460 ;
; Instr[19]  ; ALUresu[12]   ; 29.042 ; 29.042 ; 29.042 ; 29.042 ;
; Instr[19]  ; ALUresu[13]   ; 28.423 ; 28.423 ; 28.423 ; 28.423 ;
; Instr[19]  ; ALUresu[14]   ; 28.883 ; 28.883 ; 28.883 ; 28.883 ;
; Instr[19]  ; ALUresu[15]   ; 29.545 ; 29.545 ; 29.545 ; 29.545 ;
; Instr[19]  ; ALUresu[16]   ; 31.459 ; 31.459 ; 31.459 ; 31.459 ;
; Instr[19]  ; ALUresu[17]   ; 30.673 ; 30.673 ; 30.673 ; 30.673 ;
; Instr[19]  ; ALUresu[18]   ; 31.343 ; 31.343 ; 31.343 ; 31.343 ;
; Instr[19]  ; ALUresu[19]   ; 31.158 ; 31.158 ; 31.158 ; 31.158 ;
; Instr[19]  ; ALUresu[20]   ; 31.417 ; 31.417 ; 31.417 ; 31.417 ;
; Instr[19]  ; ALUresu[21]   ; 32.141 ; 32.141 ; 32.141 ; 32.141 ;
; Instr[19]  ; ALUresu[22]   ; 32.629 ; 32.629 ; 32.629 ; 32.629 ;
; Instr[19]  ; ALUresu[23]   ; 34.256 ; 34.256 ; 34.256 ; 34.256 ;
; Instr[19]  ; ALUresu[24]   ; 34.694 ; 34.694 ; 34.694 ; 34.694 ;
; Instr[19]  ; ALUresu[25]   ; 34.215 ; 34.215 ; 34.215 ; 34.215 ;
; Instr[19]  ; ALUresu[26]   ; 34.287 ; 34.287 ; 34.287 ; 34.287 ;
; Instr[19]  ; ALUresu[27]   ; 34.527 ; 34.527 ; 34.527 ; 34.527 ;
; Instr[19]  ; ALUresu[28]   ; 34.603 ; 34.603 ; 34.603 ; 34.603 ;
; Instr[19]  ; ALUresu[29]   ; 35.454 ; 35.454 ; 35.454 ; 35.454 ;
; Instr[19]  ; ALUresu[30]   ; 35.390 ; 35.390 ; 35.390 ; 35.390 ;
; Instr[19]  ; ALUresu[31]   ; 37.087 ; 37.087 ; 37.087 ; 37.087 ;
; Instr[19]  ; Reg2[0]       ; 16.146 ; 15.251 ; 15.251 ; 16.146 ;
; Instr[19]  ; Reg2[1]       ; 15.730 ; 15.279 ; 15.279 ; 15.730 ;
; Instr[19]  ; Reg2[2]       ; 20.178 ; 19.381 ; 19.381 ; 20.178 ;
; Instr[19]  ; Reg2[3]       ; 20.645 ; 19.892 ; 19.892 ; 20.645 ;
; Instr[19]  ; Reg2[4]       ; 21.467 ; 20.786 ; 20.786 ; 21.467 ;
; Instr[19]  ; Reg2[5]       ; 20.958 ; 19.913 ; 19.913 ; 20.958 ;
; Instr[19]  ; Reg2[6]       ; 20.517 ; 21.807 ; 21.807 ; 20.517 ;
; Instr[19]  ; Reg2[7]       ; 20.764 ; 21.060 ; 21.060 ; 20.764 ;
; Instr[19]  ; Reg2[8]       ; 21.375 ; 21.359 ; 21.359 ; 21.375 ;
; Instr[19]  ; Reg2[9]       ; 20.816 ; 21.408 ; 21.408 ; 20.816 ;
; Instr[19]  ; Reg2[10]      ; 21.126 ; 21.519 ; 21.519 ; 21.126 ;
; Instr[19]  ; Reg2[11]      ; 19.766 ; 19.342 ; 19.342 ; 19.766 ;
; Instr[19]  ; Reg2[12]      ; 20.510 ; 19.656 ; 19.656 ; 20.510 ;
; Instr[19]  ; Reg2[13]      ; 22.092 ; 20.753 ; 20.753 ; 22.092 ;
; Instr[19]  ; Reg2[14]      ; 21.490 ; 20.467 ; 20.467 ; 21.490 ;
; Instr[19]  ; Reg2[15]      ; 21.281 ; 20.366 ; 20.366 ; 21.281 ;
; Instr[19]  ; Reg2[16]      ; 21.229 ; 20.746 ; 20.746 ; 21.229 ;
; Instr[19]  ; Reg2[17]      ; 21.518 ; 21.150 ; 21.150 ; 21.518 ;
; Instr[19]  ; Reg2[18]      ; 21.050 ; 19.705 ; 19.705 ; 21.050 ;
; Instr[19]  ; Reg2[19]      ; 22.120 ; 21.066 ; 21.066 ; 22.120 ;
; Instr[19]  ; Reg2[20]      ; 21.672 ; 21.478 ; 21.478 ; 21.672 ;
; Instr[19]  ; Reg2[21]      ; 21.109 ; 20.177 ; 20.177 ; 21.109 ;
; Instr[19]  ; Reg2[22]      ; 20.959 ; 20.366 ; 20.366 ; 20.959 ;
; Instr[19]  ; Reg2[23]      ; 20.666 ; 19.109 ; 19.109 ; 20.666 ;
; Instr[19]  ; Reg2[24]      ; 21.927 ; 20.766 ; 20.766 ; 21.927 ;
; Instr[19]  ; Reg2[25]      ; 21.222 ; 20.809 ; 20.809 ; 21.222 ;
; Instr[19]  ; Reg2[26]      ; 20.977 ; 20.301 ; 20.301 ; 20.977 ;
; Instr[19]  ; Reg2[27]      ; 21.907 ; 20.440 ; 20.440 ; 21.907 ;
; Instr[19]  ; Reg2[28]      ; 21.619 ; 20.259 ; 20.259 ; 21.619 ;
; Instr[19]  ; Reg2[29]      ; 21.852 ; 20.135 ; 20.135 ; 21.852 ;
; Instr[19]  ; Reg2[30]      ; 22.315 ; 21.079 ; 21.079 ; 22.315 ;
; Instr[19]  ; Reg2[31]      ; 21.869 ; 21.216 ; 21.216 ; 21.869 ;
; Instr[20]  ; ALUresu[0]    ; 28.139 ; 27.444 ; 27.444 ; 28.139 ;
; Instr[20]  ; ALUresu[1]    ; 18.985 ; 18.985 ; 18.985 ; 18.985 ;
; Instr[20]  ; ALUresu[2]    ; 23.226 ; 23.226 ; 23.226 ; 23.226 ;
; Instr[20]  ; ALUresu[3]    ; 24.399 ; 24.399 ; 24.399 ; 24.399 ;
; Instr[20]  ; ALUresu[4]    ; 24.204 ; 24.204 ; 24.204 ; 24.204 ;
; Instr[20]  ; ALUresu[5]    ; 23.807 ; 23.807 ; 23.807 ; 23.807 ;
; Instr[20]  ; ALUresu[6]    ; 25.121 ; 25.121 ; 25.121 ; 25.121 ;
; Instr[20]  ; ALUresu[7]    ; 26.156 ; 26.156 ; 26.156 ; 26.156 ;
; Instr[20]  ; ALUresu[8]    ; 26.568 ; 26.568 ; 26.568 ; 26.568 ;
; Instr[20]  ; ALUresu[9]    ; 27.087 ; 27.087 ; 27.087 ; 27.087 ;
; Instr[20]  ; ALUresu[10]   ; 27.636 ; 27.636 ; 27.636 ; 27.636 ;
; Instr[20]  ; ALUresu[11]   ; 27.039 ; 27.039 ; 27.039 ; 27.039 ;
; Instr[20]  ; ALUresu[12]   ; 28.621 ; 28.621 ; 28.621 ; 28.621 ;
; Instr[20]  ; ALUresu[13]   ; 28.002 ; 28.002 ; 28.002 ; 28.002 ;
; Instr[20]  ; ALUresu[14]   ; 28.462 ; 28.462 ; 28.462 ; 28.462 ;
; Instr[20]  ; ALUresu[15]   ; 29.124 ; 29.124 ; 29.124 ; 29.124 ;
; Instr[20]  ; ALUresu[16]   ; 31.038 ; 31.038 ; 31.038 ; 31.038 ;
; Instr[20]  ; ALUresu[17]   ; 30.252 ; 30.252 ; 30.252 ; 30.252 ;
; Instr[20]  ; ALUresu[18]   ; 30.922 ; 30.922 ; 30.922 ; 30.922 ;
; Instr[20]  ; ALUresu[19]   ; 30.737 ; 30.737 ; 30.737 ; 30.737 ;
; Instr[20]  ; ALUresu[20]   ; 30.996 ; 30.996 ; 30.996 ; 30.996 ;
; Instr[20]  ; ALUresu[21]   ; 31.720 ; 31.720 ; 31.720 ; 31.720 ;
; Instr[20]  ; ALUresu[22]   ; 32.208 ; 32.208 ; 32.208 ; 32.208 ;
; Instr[20]  ; ALUresu[23]   ; 33.835 ; 33.835 ; 33.835 ; 33.835 ;
; Instr[20]  ; ALUresu[24]   ; 34.273 ; 34.273 ; 34.273 ; 34.273 ;
; Instr[20]  ; ALUresu[25]   ; 33.794 ; 33.794 ; 33.794 ; 33.794 ;
; Instr[20]  ; ALUresu[26]   ; 33.866 ; 33.866 ; 33.866 ; 33.866 ;
; Instr[20]  ; ALUresu[27]   ; 34.106 ; 34.106 ; 34.106 ; 34.106 ;
; Instr[20]  ; ALUresu[28]   ; 34.182 ; 34.182 ; 34.182 ; 34.182 ;
; Instr[20]  ; ALUresu[29]   ; 35.033 ; 35.033 ; 35.033 ; 35.033 ;
; Instr[20]  ; ALUresu[30]   ; 34.969 ; 34.969 ; 34.969 ; 34.969 ;
; Instr[20]  ; ALUresu[31]   ; 36.666 ; 36.666 ; 36.666 ; 36.666 ;
; Instr[20]  ; Reg2[0]       ; 15.724 ; 14.481 ; 14.481 ; 15.724 ;
; Instr[20]  ; Reg2[1]       ; 14.858 ; 15.448 ; 15.448 ; 14.858 ;
; Instr[20]  ; Reg2[2]       ; 19.756 ; 19.082 ; 19.082 ; 19.756 ;
; Instr[20]  ; Reg2[3]       ; 20.223 ; 20.117 ; 20.117 ; 20.223 ;
; Instr[20]  ; Reg2[4]       ; 21.045 ; 20.311 ; 20.311 ; 21.045 ;
; Instr[20]  ; Reg2[5]       ; 20.536 ; 20.093 ; 20.093 ; 20.536 ;
; Instr[20]  ; Reg2[6]       ; 21.386 ; 20.235 ; 20.235 ; 21.386 ;
; Instr[20]  ; Reg2[7]       ; 20.639 ; 19.738 ; 19.738 ; 20.639 ;
; Instr[20]  ; Reg2[8]       ; 20.953 ; 19.780 ; 19.780 ; 20.953 ;
; Instr[20]  ; Reg2[9]       ; 20.987 ; 20.228 ; 20.228 ; 20.987 ;
; Instr[20]  ; Reg2[10]      ; 21.098 ; 20.844 ; 20.844 ; 21.098 ;
; Instr[20]  ; Reg2[11]      ; 19.344 ; 19.367 ; 19.367 ; 19.344 ;
; Instr[20]  ; Reg2[12]      ; 19.877 ; 20.228 ; 20.228 ; 19.877 ;
; Instr[20]  ; Reg2[13]      ; 21.670 ; 21.391 ; 21.391 ; 21.670 ;
; Instr[20]  ; Reg2[14]      ; 21.068 ; 20.908 ; 20.908 ; 21.068 ;
; Instr[20]  ; Reg2[15]      ; 20.473 ; 20.999 ; 20.999 ; 20.473 ;
; Instr[20]  ; Reg2[16]      ; 20.807 ; 20.348 ; 20.348 ; 20.807 ;
; Instr[20]  ; Reg2[17]      ; 21.020 ; 21.236 ; 21.236 ; 21.020 ;
; Instr[20]  ; Reg2[18]      ; 20.628 ; 20.078 ; 20.078 ; 20.628 ;
; Instr[20]  ; Reg2[19]      ; 21.031 ; 21.838 ; 21.838 ; 21.031 ;
; Instr[20]  ; Reg2[20]      ; 21.057 ; 21.390 ; 21.390 ; 21.057 ;
; Instr[20]  ; Reg2[21]      ; 20.687 ; 20.307 ; 20.307 ; 20.687 ;
; Instr[20]  ; Reg2[22]      ; 20.537 ; 20.025 ; 20.025 ; 20.537 ;
; Instr[20]  ; Reg2[23]      ; 20.244 ; 19.972 ; 19.972 ; 20.244 ;
; Instr[20]  ; Reg2[24]      ; 21.505 ; 20.803 ; 20.803 ; 21.505 ;
; Instr[20]  ; Reg2[25]      ; 20.800 ; 20.439 ; 20.439 ; 20.800 ;
; Instr[20]  ; Reg2[26]      ; 20.555 ; 20.589 ; 20.589 ; 20.555 ;
; Instr[20]  ; Reg2[27]      ; 21.485 ; 21.262 ; 21.262 ; 21.485 ;
; Instr[20]  ; Reg2[28]      ; 21.197 ; 20.168 ; 20.168 ; 21.197 ;
; Instr[20]  ; Reg2[29]      ; 21.358 ; 21.570 ; 21.570 ; 21.358 ;
; Instr[20]  ; Reg2[30]      ; 21.893 ; 21.756 ; 21.756 ; 21.893 ;
; Instr[20]  ; Reg2[31]      ; 21.447 ; 21.270 ; 21.270 ; 21.447 ;
; Instr[21]  ; ALUresu[0]    ; 24.954 ; 24.971 ; 24.971 ; 24.954 ;
; Instr[21]  ; ALUresu[1]    ; 20.145 ; 20.145 ; 20.145 ; 20.145 ;
; Instr[21]  ; ALUresu[2]    ; 20.709 ; 20.709 ; 20.709 ; 20.709 ;
; Instr[21]  ; ALUresu[3]    ; 21.323 ; 21.323 ; 21.323 ; 21.323 ;
; Instr[21]  ; ALUresu[4]    ; 21.659 ; 21.659 ; 21.659 ; 21.659 ;
; Instr[21]  ; ALUresu[5]    ; 21.262 ; 21.262 ; 21.262 ; 21.262 ;
; Instr[21]  ; ALUresu[6]    ; 22.157 ; 22.157 ; 22.157 ; 22.157 ;
; Instr[21]  ; ALUresu[7]    ; 23.306 ; 23.306 ; 23.306 ; 23.306 ;
; Instr[21]  ; ALUresu[8]    ; 23.718 ; 23.718 ; 23.718 ; 23.718 ;
; Instr[21]  ; ALUresu[9]    ; 24.237 ; 24.237 ; 24.237 ; 24.237 ;
; Instr[21]  ; ALUresu[10]   ; 24.786 ; 24.786 ; 24.786 ; 24.786 ;
; Instr[21]  ; ALUresu[11]   ; 24.189 ; 24.189 ; 24.189 ; 24.189 ;
; Instr[21]  ; ALUresu[12]   ; 25.771 ; 25.771 ; 25.771 ; 25.771 ;
; Instr[21]  ; ALUresu[13]   ; 25.152 ; 25.152 ; 25.152 ; 25.152 ;
; Instr[21]  ; ALUresu[14]   ; 25.612 ; 25.612 ; 25.612 ; 25.612 ;
; Instr[21]  ; ALUresu[15]   ; 26.274 ; 26.274 ; 26.274 ; 26.274 ;
; Instr[21]  ; ALUresu[16]   ; 28.188 ; 28.188 ; 28.188 ; 28.188 ;
; Instr[21]  ; ALUresu[17]   ; 27.402 ; 27.402 ; 27.402 ; 27.402 ;
; Instr[21]  ; ALUresu[18]   ; 28.072 ; 28.072 ; 28.072 ; 28.072 ;
; Instr[21]  ; ALUresu[19]   ; 27.887 ; 27.887 ; 27.887 ; 27.887 ;
; Instr[21]  ; ALUresu[20]   ; 28.146 ; 28.146 ; 28.146 ; 28.146 ;
; Instr[21]  ; ALUresu[21]   ; 28.870 ; 28.870 ; 28.870 ; 28.870 ;
; Instr[21]  ; ALUresu[22]   ; 29.358 ; 29.358 ; 29.358 ; 29.358 ;
; Instr[21]  ; ALUresu[23]   ; 30.985 ; 30.985 ; 30.985 ; 30.985 ;
; Instr[21]  ; ALUresu[24]   ; 31.423 ; 31.423 ; 31.423 ; 31.423 ;
; Instr[21]  ; ALUresu[25]   ; 30.944 ; 30.944 ; 30.944 ; 30.944 ;
; Instr[21]  ; ALUresu[26]   ; 31.016 ; 31.016 ; 31.016 ; 31.016 ;
; Instr[21]  ; ALUresu[27]   ; 31.256 ; 31.256 ; 31.256 ; 31.256 ;
; Instr[21]  ; ALUresu[28]   ; 31.332 ; 31.332 ; 31.332 ; 31.332 ;
; Instr[21]  ; ALUresu[29]   ; 32.183 ; 32.183 ; 32.183 ; 32.183 ;
; Instr[21]  ; ALUresu[30]   ; 32.119 ; 32.119 ; 32.119 ; 32.119 ;
; Instr[21]  ; ALUresu[31]   ; 33.816 ; 33.816 ; 33.816 ; 33.816 ;
; Instr[21]  ; Reg1[0]       ; 15.165 ; 15.165 ; 15.165 ; 15.165 ;
; Instr[21]  ; Reg1[1]       ; 16.975 ; 16.975 ; 16.975 ; 16.975 ;
; Instr[21]  ; Reg1[2]       ; 15.915 ; 17.289 ; 17.289 ; 15.915 ;
; Instr[21]  ; Reg1[3]       ; 17.147 ; 17.499 ; 17.499 ; 17.147 ;
; Instr[21]  ; Reg1[4]       ; 18.159 ; 18.142 ; 18.142 ; 18.159 ;
; Instr[21]  ; Reg1[5]       ; 18.612 ; 18.274 ; 18.274 ; 18.612 ;
; Instr[21]  ; Reg1[6]       ; 18.588 ; 17.992 ; 17.992 ; 18.588 ;
; Instr[21]  ; Reg1[7]       ; 18.312 ; 18.334 ; 18.334 ; 18.312 ;
; Instr[21]  ; Reg1[8]       ; 18.722 ; 18.974 ; 18.974 ; 18.722 ;
; Instr[21]  ; Reg1[9]       ; 18.533 ; 17.816 ; 17.816 ; 18.533 ;
; Instr[21]  ; Reg1[10]      ; 18.122 ; 18.064 ; 18.064 ; 18.122 ;
; Instr[21]  ; Reg1[11]      ; 18.780 ; 17.867 ; 17.867 ; 18.780 ;
; Instr[21]  ; Reg1[12]      ; 18.603 ; 18.906 ; 18.906 ; 18.603 ;
; Instr[21]  ; Reg1[13]      ; 18.491 ; 17.799 ; 17.799 ; 18.491 ;
; Instr[21]  ; Reg1[14]      ; 17.747 ; 18.348 ; 18.348 ; 17.747 ;
; Instr[21]  ; Reg1[15]      ; 18.535 ; 19.907 ; 19.907 ; 18.535 ;
; Instr[21]  ; Reg1[16]      ; 17.762 ; 18.730 ; 18.730 ; 17.762 ;
; Instr[21]  ; Reg1[17]      ; 19.129 ; 19.962 ; 19.962 ; 19.129 ;
; Instr[21]  ; Reg1[18]      ; 18.649 ; 20.068 ; 20.068 ; 18.649 ;
; Instr[21]  ; Reg1[19]      ; 18.117 ; 19.090 ; 19.090 ; 18.117 ;
; Instr[21]  ; Reg1[20]      ; 17.410 ; 18.747 ; 18.747 ; 17.410 ;
; Instr[21]  ; Reg1[21]      ; 18.687 ; 19.615 ; 19.615 ; 18.687 ;
; Instr[21]  ; Reg1[22]      ; 18.023 ; 19.431 ; 19.431 ; 18.023 ;
; Instr[21]  ; Reg1[23]      ; 18.251 ; 18.465 ; 18.465 ; 18.251 ;
; Instr[21]  ; Reg1[24]      ; 17.665 ; 19.627 ; 19.627 ; 17.665 ;
; Instr[21]  ; Reg1[25]      ; 18.910 ; 20.381 ; 20.381 ; 18.910 ;
; Instr[21]  ; Reg1[26]      ; 18.441 ; 18.226 ; 18.226 ; 18.441 ;
; Instr[21]  ; Reg1[27]      ; 18.325 ; 19.784 ; 19.784 ; 18.325 ;
; Instr[21]  ; Reg1[28]      ; 18.825 ; 18.960 ; 18.960 ; 18.825 ;
; Instr[21]  ; Reg1[29]      ; 17.995 ; 17.976 ; 17.976 ; 17.995 ;
; Instr[21]  ; Reg1[30]      ; 17.441 ; 18.159 ; 18.159 ; 17.441 ;
; Instr[21]  ; Reg1[31]      ; 18.813 ; 19.033 ; 19.033 ; 18.813 ;
; Instr[22]  ; ALUresu[0]    ; 24.479 ; 24.697 ; 24.697 ; 24.479 ;
; Instr[22]  ; ALUresu[1]    ; 18.475 ; 18.475 ; 18.475 ; 18.475 ;
; Instr[22]  ; ALUresu[2]    ; 20.859 ; 20.859 ; 20.859 ; 20.859 ;
; Instr[22]  ; ALUresu[3]    ; 21.473 ; 21.473 ; 21.473 ; 21.473 ;
; Instr[22]  ; ALUresu[4]    ; 21.809 ; 21.809 ; 21.809 ; 21.809 ;
; Instr[22]  ; ALUresu[5]    ; 21.412 ; 21.412 ; 21.412 ; 21.412 ;
; Instr[22]  ; ALUresu[6]    ; 22.307 ; 22.307 ; 22.307 ; 22.307 ;
; Instr[22]  ; ALUresu[7]    ; 23.456 ; 23.456 ; 23.456 ; 23.456 ;
; Instr[22]  ; ALUresu[8]    ; 23.868 ; 23.868 ; 23.868 ; 23.868 ;
; Instr[22]  ; ALUresu[9]    ; 24.387 ; 24.387 ; 24.387 ; 24.387 ;
; Instr[22]  ; ALUresu[10]   ; 24.936 ; 24.936 ; 24.936 ; 24.936 ;
; Instr[22]  ; ALUresu[11]   ; 24.339 ; 24.339 ; 24.339 ; 24.339 ;
; Instr[22]  ; ALUresu[12]   ; 25.921 ; 25.921 ; 25.921 ; 25.921 ;
; Instr[22]  ; ALUresu[13]   ; 25.302 ; 25.302 ; 25.302 ; 25.302 ;
; Instr[22]  ; ALUresu[14]   ; 25.762 ; 25.762 ; 25.762 ; 25.762 ;
; Instr[22]  ; ALUresu[15]   ; 26.424 ; 26.424 ; 26.424 ; 26.424 ;
; Instr[22]  ; ALUresu[16]   ; 28.338 ; 28.338 ; 28.338 ; 28.338 ;
; Instr[22]  ; ALUresu[17]   ; 27.552 ; 27.552 ; 27.552 ; 27.552 ;
; Instr[22]  ; ALUresu[18]   ; 28.222 ; 28.222 ; 28.222 ; 28.222 ;
; Instr[22]  ; ALUresu[19]   ; 28.037 ; 28.037 ; 28.037 ; 28.037 ;
; Instr[22]  ; ALUresu[20]   ; 28.296 ; 28.296 ; 28.296 ; 28.296 ;
; Instr[22]  ; ALUresu[21]   ; 29.020 ; 29.020 ; 29.020 ; 29.020 ;
; Instr[22]  ; ALUresu[22]   ; 29.508 ; 29.508 ; 29.508 ; 29.508 ;
; Instr[22]  ; ALUresu[23]   ; 31.135 ; 31.135 ; 31.135 ; 31.135 ;
; Instr[22]  ; ALUresu[24]   ; 31.573 ; 31.573 ; 31.573 ; 31.573 ;
; Instr[22]  ; ALUresu[25]   ; 31.094 ; 31.094 ; 31.094 ; 31.094 ;
; Instr[22]  ; ALUresu[26]   ; 31.166 ; 31.166 ; 31.166 ; 31.166 ;
; Instr[22]  ; ALUresu[27]   ; 31.406 ; 31.406 ; 31.406 ; 31.406 ;
; Instr[22]  ; ALUresu[28]   ; 31.482 ; 31.482 ; 31.482 ; 31.482 ;
; Instr[22]  ; ALUresu[29]   ; 32.333 ; 32.333 ; 32.333 ; 32.333 ;
; Instr[22]  ; ALUresu[30]   ; 32.269 ; 32.269 ; 32.269 ; 32.269 ;
; Instr[22]  ; ALUresu[31]   ; 33.966 ; 33.966 ; 33.966 ; 33.966 ;
; Instr[22]  ; Reg1[0]       ; 14.283 ; 14.283 ; 14.283 ; 14.283 ;
; Instr[22]  ; Reg1[1]       ; 15.305 ; 15.305 ; 15.305 ; 15.305 ;
; Instr[22]  ; Reg1[2]       ; 17.439 ; 16.236 ; 16.236 ; 17.439 ;
; Instr[22]  ; Reg1[3]       ; 16.544 ; 17.065 ; 17.065 ; 16.544 ;
; Instr[22]  ; Reg1[4]       ; 17.811 ; 17.667 ; 17.667 ; 17.811 ;
; Instr[22]  ; Reg1[5]       ; 17.929 ; 18.799 ; 18.799 ; 17.929 ;
; Instr[22]  ; Reg1[6]       ; 17.936 ; 17.154 ; 17.154 ; 17.936 ;
; Instr[22]  ; Reg1[7]       ; 17.379 ; 17.982 ; 17.982 ; 17.379 ;
; Instr[22]  ; Reg1[8]       ; 18.465 ; 18.392 ; 18.392 ; 18.465 ;
; Instr[22]  ; Reg1[9]       ; 17.635 ; 18.203 ; 18.203 ; 17.635 ;
; Instr[22]  ; Reg1[10]      ; 17.520 ; 17.792 ; 17.792 ; 17.520 ;
; Instr[22]  ; Reg1[11]      ; 17.687 ; 18.450 ; 18.450 ; 17.687 ;
; Instr[22]  ; Reg1[12]      ; 17.259 ; 18.790 ; 18.790 ; 17.259 ;
; Instr[22]  ; Reg1[13]      ; 17.054 ; 18.192 ; 18.192 ; 17.054 ;
; Instr[22]  ; Reg1[14]      ; 17.399 ; 18.028 ; 18.028 ; 17.399 ;
; Instr[22]  ; Reg1[15]      ; 19.774 ; 18.559 ; 18.559 ; 19.774 ;
; Instr[22]  ; Reg1[16]      ; 18.597 ; 17.917 ; 17.917 ; 18.597 ;
; Instr[22]  ; Reg1[17]      ; 19.829 ; 18.767 ; 18.767 ; 19.829 ;
; Instr[22]  ; Reg1[18]      ; 19.935 ; 18.083 ; 18.083 ; 19.935 ;
; Instr[22]  ; Reg1[19]      ; 19.085 ; 18.869 ; 18.869 ; 19.085 ;
; Instr[22]  ; Reg1[20]      ; 18.614 ; 17.998 ; 17.998 ; 18.614 ;
; Instr[22]  ; Reg1[21]      ; 19.482 ; 18.808 ; 18.808 ; 19.482 ;
; Instr[22]  ; Reg1[22]      ; 19.298 ; 17.693 ; 17.693 ; 19.298 ;
; Instr[22]  ; Reg1[23]      ; 18.116 ; 17.609 ; 17.609 ; 18.116 ;
; Instr[22]  ; Reg1[24]      ; 19.534 ; 17.544 ; 17.544 ; 19.534 ;
; Instr[22]  ; Reg1[25]      ; 20.248 ; 18.480 ; 18.480 ; 20.248 ;
; Instr[22]  ; Reg1[26]      ; 18.093 ; 18.111 ; 18.111 ; 18.093 ;
; Instr[22]  ; Reg1[27]      ; 19.651 ; 18.512 ; 18.512 ; 19.651 ;
; Instr[22]  ; Reg1[28]      ; 18.827 ; 18.800 ; 18.800 ; 18.827 ;
; Instr[22]  ; Reg1[29]      ; 17.804 ; 17.839 ; 17.839 ; 17.804 ;
; Instr[22]  ; Reg1[30]      ; 18.026 ; 17.566 ; 17.566 ; 18.026 ;
; Instr[22]  ; Reg1[31]      ; 18.900 ; 19.000 ; 19.000 ; 18.900 ;
; Instr[23]  ; ALUresu[0]    ; 24.472 ; 24.782 ; 24.782 ; 24.472 ;
; Instr[23]  ; ALUresu[1]    ; 19.061 ; 19.061 ; 19.061 ; 19.061 ;
; Instr[23]  ; ALUresu[2]    ; 20.581 ; 20.581 ; 20.581 ; 20.581 ;
; Instr[23]  ; ALUresu[3]    ; 21.195 ; 21.195 ; 21.195 ; 21.195 ;
; Instr[23]  ; ALUresu[4]    ; 21.531 ; 21.531 ; 21.531 ; 21.531 ;
; Instr[23]  ; ALUresu[5]    ; 21.134 ; 21.134 ; 21.134 ; 21.134 ;
; Instr[23]  ; ALUresu[6]    ; 22.029 ; 22.029 ; 22.029 ; 22.029 ;
; Instr[23]  ; ALUresu[7]    ; 23.178 ; 23.178 ; 23.178 ; 23.178 ;
; Instr[23]  ; ALUresu[8]    ; 23.590 ; 23.590 ; 23.590 ; 23.590 ;
; Instr[23]  ; ALUresu[9]    ; 24.109 ; 24.109 ; 24.109 ; 24.109 ;
; Instr[23]  ; ALUresu[10]   ; 24.658 ; 24.658 ; 24.658 ; 24.658 ;
; Instr[23]  ; ALUresu[11]   ; 24.061 ; 24.061 ; 24.061 ; 24.061 ;
; Instr[23]  ; ALUresu[12]   ; 25.643 ; 25.643 ; 25.643 ; 25.643 ;
; Instr[23]  ; ALUresu[13]   ; 25.024 ; 25.024 ; 25.024 ; 25.024 ;
; Instr[23]  ; ALUresu[14]   ; 25.484 ; 25.484 ; 25.484 ; 25.484 ;
; Instr[23]  ; ALUresu[15]   ; 26.146 ; 26.146 ; 26.146 ; 26.146 ;
; Instr[23]  ; ALUresu[16]   ; 28.060 ; 28.060 ; 28.060 ; 28.060 ;
; Instr[23]  ; ALUresu[17]   ; 27.274 ; 27.274 ; 27.274 ; 27.274 ;
; Instr[23]  ; ALUresu[18]   ; 27.944 ; 27.944 ; 27.944 ; 27.944 ;
; Instr[23]  ; ALUresu[19]   ; 27.759 ; 27.759 ; 27.759 ; 27.759 ;
; Instr[23]  ; ALUresu[20]   ; 28.018 ; 28.018 ; 28.018 ; 28.018 ;
; Instr[23]  ; ALUresu[21]   ; 28.742 ; 28.742 ; 28.742 ; 28.742 ;
; Instr[23]  ; ALUresu[22]   ; 29.230 ; 29.230 ; 29.230 ; 29.230 ;
; Instr[23]  ; ALUresu[23]   ; 30.857 ; 30.857 ; 30.857 ; 30.857 ;
; Instr[23]  ; ALUresu[24]   ; 31.295 ; 31.295 ; 31.295 ; 31.295 ;
; Instr[23]  ; ALUresu[25]   ; 30.816 ; 30.816 ; 30.816 ; 30.816 ;
; Instr[23]  ; ALUresu[26]   ; 30.888 ; 30.888 ; 30.888 ; 30.888 ;
; Instr[23]  ; ALUresu[27]   ; 31.128 ; 31.128 ; 31.128 ; 31.128 ;
; Instr[23]  ; ALUresu[28]   ; 31.204 ; 31.204 ; 31.204 ; 31.204 ;
; Instr[23]  ; ALUresu[29]   ; 32.055 ; 32.055 ; 32.055 ; 32.055 ;
; Instr[23]  ; ALUresu[30]   ; 31.991 ; 31.991 ; 31.991 ; 31.991 ;
; Instr[23]  ; ALUresu[31]   ; 33.688 ; 33.688 ; 33.688 ; 33.688 ;
; Instr[23]  ; Reg1[0]       ; 14.232 ; 14.232 ; 14.232 ; 14.232 ;
; Instr[23]  ; Reg1[1]       ; 15.891 ; 15.891 ; 15.891 ; 15.891 ;
; Instr[23]  ; Reg1[2]       ; 17.161 ; 15.852 ; 15.852 ; 17.161 ;
; Instr[23]  ; Reg1[3]       ; 17.977 ; 17.035 ; 17.035 ; 17.977 ;
; Instr[23]  ; Reg1[4]       ; 17.970 ; 17.660 ; 17.660 ; 17.970 ;
; Instr[23]  ; Reg1[5]       ; 18.670 ; 18.469 ; 18.469 ; 18.670 ;
; Instr[23]  ; Reg1[6]       ; 17.475 ; 17.783 ; 17.783 ; 17.475 ;
; Instr[23]  ; Reg1[7]       ; 17.296 ; 18.124 ; 18.124 ; 17.296 ;
; Instr[23]  ; Reg1[8]       ; 18.287 ; 18.534 ; 18.534 ; 18.287 ;
; Instr[23]  ; Reg1[9]       ; 18.054 ; 18.345 ; 18.345 ; 18.054 ;
; Instr[23]  ; Reg1[10]      ; 17.830 ; 17.934 ; 17.934 ; 17.830 ;
; Instr[23]  ; Reg1[11]      ; 17.846 ; 18.592 ; 18.592 ; 17.846 ;
; Instr[23]  ; Reg1[12]      ; 18.773 ; 18.491 ; 18.491 ; 18.773 ;
; Instr[23]  ; Reg1[13]      ; 18.697 ; 17.535 ; 17.535 ; 18.697 ;
; Instr[23]  ; Reg1[14]      ; 18.940 ; 17.329 ; 17.329 ; 18.940 ;
; Instr[23]  ; Reg1[15]      ; 19.515 ; 18.142 ; 18.142 ; 19.515 ;
; Instr[23]  ; Reg1[16]      ; 18.829 ; 17.825 ; 17.825 ; 18.829 ;
; Instr[23]  ; Reg1[17]      ; 19.570 ; 19.017 ; 19.017 ; 19.570 ;
; Instr[23]  ; Reg1[18]      ; 19.676 ; 18.225 ; 18.225 ; 19.676 ;
; Instr[23]  ; Reg1[19]      ; 18.807 ; 18.892 ; 18.892 ; 18.807 ;
; Instr[23]  ; Reg1[20]      ; 18.355 ; 18.242 ; 18.242 ; 18.355 ;
; Instr[23]  ; Reg1[21]      ; 19.223 ; 18.085 ; 18.085 ; 19.223 ;
; Instr[23]  ; Reg1[22]      ; 19.039 ; 17.835 ; 17.835 ; 19.039 ;
; Instr[23]  ; Reg1[23]      ; 17.958 ; 18.228 ; 18.228 ; 17.958 ;
; Instr[23]  ; Reg1[24]      ; 19.256 ; 18.078 ; 18.078 ; 19.256 ;
; Instr[23]  ; Reg1[25]      ; 19.989 ; 19.235 ; 19.235 ; 19.989 ;
; Instr[23]  ; Reg1[26]      ; 18.028 ; 18.253 ; 18.253 ; 18.028 ;
; Instr[23]  ; Reg1[27]      ; 19.392 ; 18.221 ; 18.221 ; 19.392 ;
; Instr[23]  ; Reg1[28]      ; 18.568 ; 18.713 ; 18.713 ; 18.568 ;
; Instr[23]  ; Reg1[29]      ; 17.806 ; 17.096 ; 17.096 ; 17.806 ;
; Instr[23]  ; Reg1[30]      ; 17.767 ; 17.260 ; 17.260 ; 17.767 ;
; Instr[23]  ; Reg1[31]      ; 18.684 ; 18.445 ; 18.445 ; 18.684 ;
; Instr[24]  ; ALUresu[0]    ; 27.274 ; 27.930 ; 27.930 ; 27.274 ;
; Instr[24]  ; ALUresu[1]    ; 18.041 ; 18.041 ; 18.041 ; 18.041 ;
; Instr[24]  ; ALUresu[2]    ; 22.672 ; 22.672 ; 22.672 ; 22.672 ;
; Instr[24]  ; ALUresu[3]    ; 23.286 ; 23.286 ; 23.286 ; 23.286 ;
; Instr[24]  ; ALUresu[4]    ; 23.721 ; 23.721 ; 23.721 ; 23.721 ;
; Instr[24]  ; ALUresu[5]    ; 23.771 ; 23.771 ; 23.771 ; 23.771 ;
; Instr[24]  ; ALUresu[6]    ; 24.666 ; 24.666 ; 24.666 ; 24.666 ;
; Instr[24]  ; ALUresu[7]    ; 25.815 ; 25.815 ; 25.815 ; 25.815 ;
; Instr[24]  ; ALUresu[8]    ; 26.227 ; 26.227 ; 26.227 ; 26.227 ;
; Instr[24]  ; ALUresu[9]    ; 26.746 ; 26.746 ; 26.746 ; 26.746 ;
; Instr[24]  ; ALUresu[10]   ; 27.295 ; 27.295 ; 27.295 ; 27.295 ;
; Instr[24]  ; ALUresu[11]   ; 26.698 ; 26.698 ; 26.698 ; 26.698 ;
; Instr[24]  ; ALUresu[12]   ; 28.280 ; 28.280 ; 28.280 ; 28.280 ;
; Instr[24]  ; ALUresu[13]   ; 27.661 ; 27.661 ; 27.661 ; 27.661 ;
; Instr[24]  ; ALUresu[14]   ; 28.121 ; 28.121 ; 28.121 ; 28.121 ;
; Instr[24]  ; ALUresu[15]   ; 28.783 ; 28.783 ; 28.783 ; 28.783 ;
; Instr[24]  ; ALUresu[16]   ; 30.697 ; 30.697 ; 30.697 ; 30.697 ;
; Instr[24]  ; ALUresu[17]   ; 29.911 ; 29.911 ; 29.911 ; 29.911 ;
; Instr[24]  ; ALUresu[18]   ; 30.581 ; 30.581 ; 30.581 ; 30.581 ;
; Instr[24]  ; ALUresu[19]   ; 30.396 ; 30.396 ; 30.396 ; 30.396 ;
; Instr[24]  ; ALUresu[20]   ; 30.655 ; 30.655 ; 30.655 ; 30.655 ;
; Instr[24]  ; ALUresu[21]   ; 31.379 ; 31.379 ; 31.379 ; 31.379 ;
; Instr[24]  ; ALUresu[22]   ; 31.867 ; 31.867 ; 31.867 ; 31.867 ;
; Instr[24]  ; ALUresu[23]   ; 33.494 ; 33.494 ; 33.494 ; 33.494 ;
; Instr[24]  ; ALUresu[24]   ; 33.932 ; 33.932 ; 33.932 ; 33.932 ;
; Instr[24]  ; ALUresu[25]   ; 33.453 ; 33.453 ; 33.453 ; 33.453 ;
; Instr[24]  ; ALUresu[26]   ; 33.525 ; 33.525 ; 33.525 ; 33.525 ;
; Instr[24]  ; ALUresu[27]   ; 33.765 ; 33.765 ; 33.765 ; 33.765 ;
; Instr[24]  ; ALUresu[28]   ; 33.841 ; 33.841 ; 33.841 ; 33.841 ;
; Instr[24]  ; ALUresu[29]   ; 34.692 ; 34.692 ; 34.692 ; 34.692 ;
; Instr[24]  ; ALUresu[30]   ; 34.628 ; 34.628 ; 34.628 ; 34.628 ;
; Instr[24]  ; ALUresu[31]   ; 36.325 ; 36.325 ; 36.325 ; 36.325 ;
; Instr[24]  ; Reg1[0]       ; 14.244 ; 13.992 ; 13.992 ; 14.244 ;
; Instr[24]  ; Reg1[1]       ; 14.732 ; 14.871 ; 14.871 ; 14.732 ;
; Instr[24]  ; Reg1[2]       ; 19.252 ; 18.486 ; 18.486 ; 19.252 ;
; Instr[24]  ; Reg1[3]       ; 19.838 ; 19.699 ; 19.699 ; 19.838 ;
; Instr[24]  ; Reg1[4]       ; 21.118 ; 20.124 ; 20.124 ; 21.118 ;
; Instr[24]  ; Reg1[5]       ; 21.189 ; 21.776 ; 21.776 ; 21.189 ;
; Instr[24]  ; Reg1[6]       ; 20.444 ; 19.110 ; 19.110 ; 20.444 ;
; Instr[24]  ; Reg1[7]       ; 21.272 ; 19.078 ; 19.078 ; 21.272 ;
; Instr[24]  ; Reg1[8]       ; 21.682 ; 20.103 ; 20.103 ; 21.682 ;
; Instr[24]  ; Reg1[9]       ; 21.493 ; 20.119 ; 20.119 ; 21.493 ;
; Instr[24]  ; Reg1[10]      ; 21.082 ; 20.367 ; 20.367 ; 21.082 ;
; Instr[24]  ; Reg1[11]      ; 21.740 ; 20.170 ; 20.170 ; 21.740 ;
; Instr[24]  ; Reg1[12]      ; 20.353 ; 21.040 ; 21.040 ; 20.353 ;
; Instr[24]  ; Reg1[13]      ; 21.451 ; 20.102 ; 20.102 ; 21.451 ;
; Instr[24]  ; Reg1[14]      ; 20.706 ; 19.764 ; 19.764 ; 20.706 ;
; Instr[24]  ; Reg1[15]      ; 21.150 ; 21.386 ; 21.386 ; 21.150 ;
; Instr[24]  ; Reg1[16]      ; 20.229 ; 20.524 ; 20.524 ; 20.229 ;
; Instr[24]  ; Reg1[17]      ; 21.226 ; 21.441 ; 21.441 ; 21.226 ;
; Instr[24]  ; Reg1[18]      ; 21.373 ; 21.547 ; 21.547 ; 21.373 ;
; Instr[24]  ; Reg1[19]      ; 22.025 ; 21.281 ; 21.281 ; 22.025 ;
; Instr[24]  ; Reg1[20]      ; 21.059 ; 20.248 ; 20.248 ; 21.059 ;
; Instr[24]  ; Reg1[21]      ; 21.646 ; 21.785 ; 21.785 ; 21.646 ;
; Instr[24]  ; Reg1[22]      ; 20.983 ; 20.910 ; 20.910 ; 20.983 ;
; Instr[24]  ; Reg1[23]      ; 20.899 ; 20.524 ; 20.524 ; 20.899 ;
; Instr[24]  ; Reg1[24]      ; 21.347 ; 21.106 ; 21.106 ; 21.347 ;
; Instr[24]  ; Reg1[25]      ; 22.011 ; 21.860 ; 21.860 ; 22.011 ;
; Instr[24]  ; Reg1[26]      ; 21.401 ; 19.795 ; 19.795 ; 21.401 ;
; Instr[24]  ; Reg1[27]      ; 20.706 ; 21.489 ; 21.489 ; 20.706 ;
; Instr[24]  ; Reg1[28]      ; 21.219 ; 21.777 ; 21.777 ; 21.219 ;
; Instr[24]  ; Reg1[29]      ; 20.954 ; 20.816 ; 20.816 ; 20.954 ;
; Instr[24]  ; Reg1[30]      ; 20.401 ; 20.543 ; 20.543 ; 20.401 ;
; Instr[24]  ; Reg1[31]      ; 21.276 ; 21.977 ; 21.977 ; 21.276 ;
; Instr[25]  ; ALUresu[0]    ; 26.693 ; 27.348 ; 27.348 ; 26.693 ;
; Instr[25]  ; ALUresu[1]    ; 17.819 ; 17.819 ; 17.819 ; 17.819 ;
; Instr[25]  ; ALUresu[2]    ; 22.504 ; 22.504 ; 22.504 ; 22.504 ;
; Instr[25]  ; ALUresu[3]    ; 23.118 ; 23.118 ; 23.118 ; 23.118 ;
; Instr[25]  ; ALUresu[4]    ; 23.454 ; 23.454 ; 23.454 ; 23.454 ;
; Instr[25]  ; ALUresu[5]    ; 23.189 ; 23.189 ; 23.189 ; 23.189 ;
; Instr[25]  ; ALUresu[6]    ; 24.084 ; 24.084 ; 24.084 ; 24.084 ;
; Instr[25]  ; ALUresu[7]    ; 25.233 ; 25.233 ; 25.233 ; 25.233 ;
; Instr[25]  ; ALUresu[8]    ; 25.645 ; 25.645 ; 25.645 ; 25.645 ;
; Instr[25]  ; ALUresu[9]    ; 26.164 ; 26.164 ; 26.164 ; 26.164 ;
; Instr[25]  ; ALUresu[10]   ; 26.713 ; 26.713 ; 26.713 ; 26.713 ;
; Instr[25]  ; ALUresu[11]   ; 26.116 ; 26.116 ; 26.116 ; 26.116 ;
; Instr[25]  ; ALUresu[12]   ; 27.698 ; 27.698 ; 27.698 ; 27.698 ;
; Instr[25]  ; ALUresu[13]   ; 27.079 ; 27.079 ; 27.079 ; 27.079 ;
; Instr[25]  ; ALUresu[14]   ; 27.539 ; 27.539 ; 27.539 ; 27.539 ;
; Instr[25]  ; ALUresu[15]   ; 28.201 ; 28.201 ; 28.201 ; 28.201 ;
; Instr[25]  ; ALUresu[16]   ; 30.115 ; 30.115 ; 30.115 ; 30.115 ;
; Instr[25]  ; ALUresu[17]   ; 29.329 ; 29.329 ; 29.329 ; 29.329 ;
; Instr[25]  ; ALUresu[18]   ; 29.999 ; 29.999 ; 29.999 ; 29.999 ;
; Instr[25]  ; ALUresu[19]   ; 29.814 ; 29.814 ; 29.814 ; 29.814 ;
; Instr[25]  ; ALUresu[20]   ; 30.073 ; 30.073 ; 30.073 ; 30.073 ;
; Instr[25]  ; ALUresu[21]   ; 30.797 ; 30.797 ; 30.797 ; 30.797 ;
; Instr[25]  ; ALUresu[22]   ; 31.285 ; 31.285 ; 31.285 ; 31.285 ;
; Instr[25]  ; ALUresu[23]   ; 32.912 ; 32.912 ; 32.912 ; 32.912 ;
; Instr[25]  ; ALUresu[24]   ; 33.350 ; 33.350 ; 33.350 ; 33.350 ;
; Instr[25]  ; ALUresu[25]   ; 32.871 ; 32.871 ; 32.871 ; 32.871 ;
; Instr[25]  ; ALUresu[26]   ; 32.943 ; 32.943 ; 32.943 ; 32.943 ;
; Instr[25]  ; ALUresu[27]   ; 33.183 ; 33.183 ; 33.183 ; 33.183 ;
; Instr[25]  ; ALUresu[28]   ; 33.259 ; 33.259 ; 33.259 ; 33.259 ;
; Instr[25]  ; ALUresu[29]   ; 34.110 ; 34.110 ; 34.110 ; 34.110 ;
; Instr[25]  ; ALUresu[30]   ; 34.046 ; 34.046 ; 34.046 ; 34.046 ;
; Instr[25]  ; ALUresu[31]   ; 35.743 ; 35.743 ; 35.743 ; 35.743 ;
; Instr[25]  ; Reg1[0]       ; 13.417 ; 14.076 ; 14.076 ; 13.417 ;
; Instr[25]  ; Reg1[1]       ; 14.289 ; 14.313 ; 14.313 ; 14.289 ;
; Instr[25]  ; Reg1[2]       ; 18.293 ; 19.084 ; 19.084 ; 18.293 ;
; Instr[25]  ; Reg1[3]       ; 19.256 ; 18.587 ; 18.587 ; 19.256 ;
; Instr[25]  ; Reg1[4]       ; 20.536 ; 19.881 ; 19.881 ; 20.536 ;
; Instr[25]  ; Reg1[5]       ; 21.201 ; 20.021 ; 20.021 ; 21.201 ;
; Instr[25]  ; Reg1[6]       ; 19.862 ; 19.645 ; 19.645 ; 19.862 ;
; Instr[25]  ; Reg1[7]       ; 20.690 ; 19.635 ; 19.635 ; 20.690 ;
; Instr[25]  ; Reg1[8]       ; 21.100 ; 19.521 ; 19.521 ; 21.100 ;
; Instr[25]  ; Reg1[9]       ; 20.911 ; 19.280 ; 19.280 ; 20.911 ;
; Instr[25]  ; Reg1[10]      ; 20.500 ; 18.531 ; 18.531 ; 20.500 ;
; Instr[25]  ; Reg1[11]      ; 21.158 ; 19.551 ; 19.551 ; 21.158 ;
; Instr[25]  ; Reg1[12]      ; 20.001 ; 20.482 ; 20.482 ; 20.001 ;
; Instr[25]  ; Reg1[13]      ; 20.869 ; 19.195 ; 19.195 ; 20.869 ;
; Instr[25]  ; Reg1[14]      ; 20.124 ; 19.421 ; 19.421 ; 20.124 ;
; Instr[25]  ; Reg1[15]      ; 20.568 ; 20.828 ; 20.828 ; 20.568 ;
; Instr[25]  ; Reg1[16]      ; 19.949 ; 19.780 ; 19.780 ; 19.949 ;
; Instr[25]  ; Reg1[17]      ; 20.644 ; 20.883 ; 20.883 ; 20.644 ;
; Instr[25]  ; Reg1[18]      ; 20.791 ; 20.989 ; 20.989 ; 20.791 ;
; Instr[25]  ; Reg1[19]      ; 21.443 ; 20.730 ; 20.730 ; 21.443 ;
; Instr[25]  ; Reg1[20]      ; 20.477 ; 19.690 ; 19.690 ; 20.477 ;
; Instr[25]  ; Reg1[21]      ; 21.210 ; 20.536 ; 20.536 ; 21.210 ;
; Instr[25]  ; Reg1[22]      ; 20.401 ; 20.352 ; 20.352 ; 20.401 ;
; Instr[25]  ; Reg1[23]      ; 20.317 ; 19.182 ; 19.182 ; 20.317 ;
; Instr[25]  ; Reg1[24]      ; 20.042 ; 21.179 ; 21.179 ; 20.042 ;
; Instr[25]  ; Reg1[25]      ; 21.287 ; 21.843 ; 21.843 ; 21.287 ;
; Instr[25]  ; Reg1[26]      ; 20.819 ; 19.727 ; 19.727 ; 20.819 ;
; Instr[25]  ; Reg1[27]      ; 20.914 ; 20.705 ; 20.705 ; 20.914 ;
; Instr[25]  ; Reg1[28]      ; 21.202 ; 20.407 ; 20.407 ; 21.202 ;
; Instr[25]  ; Reg1[29]      ; 20.372 ; 18.910 ; 18.910 ; 20.372 ;
; Instr[25]  ; Reg1[30]      ; 19.968 ; 19.080 ; 19.080 ; 19.968 ;
; Instr[25]  ; Reg1[31]      ; 21.402 ; 19.997 ; 19.997 ; 21.402 ;
; Instr[26]  ; ALUControl[0] ;        ; 14.051 ; 14.051 ;        ;
; Instr[26]  ; ALUControl[2] ;        ; 14.051 ; 14.051 ;        ;
; Instr[26]  ; ALUresu[0]    ; 23.661 ; 23.661 ; 23.661 ; 23.661 ;
; Instr[26]  ; ALUresu[1]    ; 19.565 ; 19.565 ; 19.565 ; 19.565 ;
; Instr[26]  ; ALUresu[2]    ; 20.046 ; 20.046 ; 20.046 ; 20.046 ;
; Instr[26]  ; ALUresu[3]    ; 20.187 ; 20.187 ; 20.187 ; 20.187 ;
; Instr[26]  ; ALUresu[4]    ; 20.523 ; 20.523 ; 20.523 ; 20.523 ;
; Instr[26]  ; ALUresu[5]    ; 20.126 ; 20.126 ; 20.126 ; 20.126 ;
; Instr[26]  ; ALUresu[6]    ; 21.021 ; 21.021 ; 21.021 ; 21.021 ;
; Instr[26]  ; ALUresu[7]    ; 22.170 ; 22.170 ; 22.170 ; 22.170 ;
; Instr[26]  ; ALUresu[8]    ; 22.582 ; 22.582 ; 22.582 ; 22.582 ;
; Instr[26]  ; ALUresu[9]    ; 23.101 ; 23.101 ; 23.101 ; 23.101 ;
; Instr[26]  ; ALUresu[10]   ; 23.650 ; 23.650 ; 23.650 ; 23.650 ;
; Instr[26]  ; ALUresu[11]   ; 23.053 ; 23.053 ; 23.053 ; 23.053 ;
; Instr[26]  ; ALUresu[12]   ; 24.635 ; 24.635 ; 24.635 ; 24.635 ;
; Instr[26]  ; ALUresu[13]   ; 24.016 ; 24.016 ; 24.016 ; 24.016 ;
; Instr[26]  ; ALUresu[14]   ; 24.476 ; 24.476 ; 24.476 ; 24.476 ;
; Instr[26]  ; ALUresu[15]   ; 25.138 ; 25.138 ; 25.138 ; 25.138 ;
; Instr[26]  ; ALUresu[16]   ; 27.052 ; 27.052 ; 27.052 ; 27.052 ;
; Instr[26]  ; ALUresu[17]   ; 26.266 ; 26.266 ; 26.266 ; 26.266 ;
; Instr[26]  ; ALUresu[18]   ; 26.936 ; 26.936 ; 26.936 ; 26.936 ;
; Instr[26]  ; ALUresu[19]   ; 26.751 ; 26.751 ; 26.751 ; 26.751 ;
; Instr[26]  ; ALUresu[20]   ; 27.010 ; 27.010 ; 27.010 ; 27.010 ;
; Instr[26]  ; ALUresu[21]   ; 27.734 ; 27.734 ; 27.734 ; 27.734 ;
; Instr[26]  ; ALUresu[22]   ; 28.222 ; 28.222 ; 28.222 ; 28.222 ;
; Instr[26]  ; ALUresu[23]   ; 29.849 ; 29.849 ; 29.849 ; 29.849 ;
; Instr[26]  ; ALUresu[24]   ; 30.287 ; 30.287 ; 30.287 ; 30.287 ;
; Instr[26]  ; ALUresu[25]   ; 29.808 ; 29.808 ; 29.808 ; 29.808 ;
; Instr[26]  ; ALUresu[26]   ; 29.880 ; 29.880 ; 29.880 ; 29.880 ;
; Instr[26]  ; ALUresu[27]   ; 30.120 ; 30.120 ; 30.120 ; 30.120 ;
; Instr[26]  ; ALUresu[28]   ; 30.196 ; 30.196 ; 30.196 ; 30.196 ;
; Instr[26]  ; ALUresu[29]   ; 31.047 ; 31.047 ; 31.047 ; 31.047 ;
; Instr[26]  ; ALUresu[30]   ; 30.983 ; 30.983 ; 30.983 ; 30.983 ;
; Instr[26]  ; ALUresu[31]   ; 32.680 ; 32.680 ; 32.680 ; 32.680 ;
; Instr[27]  ; ALUControl[0] ;        ; 16.602 ; 16.602 ;        ;
; Instr[27]  ; ALUControl[2] ;        ; 16.602 ; 16.602 ;        ;
; Instr[27]  ; ALUresu[0]    ; 24.306 ; 24.306 ; 24.306 ; 24.306 ;
; Instr[27]  ; ALUresu[1]    ; 20.210 ; 20.210 ; 20.210 ; 20.210 ;
; Instr[27]  ; ALUresu[2]    ; 20.691 ; 20.691 ; 20.691 ; 20.691 ;
; Instr[27]  ; ALUresu[3]    ; 20.832 ; 20.832 ; 20.832 ; 20.832 ;
; Instr[27]  ; ALUresu[4]    ; 21.168 ; 21.168 ; 21.168 ; 21.168 ;
; Instr[27]  ; ALUresu[5]    ; 20.771 ; 20.771 ; 20.771 ; 20.771 ;
; Instr[27]  ; ALUresu[6]    ; 21.666 ; 21.666 ; 21.666 ; 21.666 ;
; Instr[27]  ; ALUresu[7]    ; 22.815 ; 22.815 ; 22.815 ; 22.815 ;
; Instr[27]  ; ALUresu[8]    ; 23.227 ; 23.227 ; 23.227 ; 23.227 ;
; Instr[27]  ; ALUresu[9]    ; 23.746 ; 23.746 ; 23.746 ; 23.746 ;
; Instr[27]  ; ALUresu[10]   ; 24.295 ; 24.295 ; 24.295 ; 24.295 ;
; Instr[27]  ; ALUresu[11]   ; 23.698 ; 23.698 ; 23.698 ; 23.698 ;
; Instr[27]  ; ALUresu[12]   ; 25.280 ; 25.280 ; 25.280 ; 25.280 ;
; Instr[27]  ; ALUresu[13]   ; 24.661 ; 24.661 ; 24.661 ; 24.661 ;
; Instr[27]  ; ALUresu[14]   ; 25.121 ; 25.121 ; 25.121 ; 25.121 ;
; Instr[27]  ; ALUresu[15]   ; 25.783 ; 25.783 ; 25.783 ; 25.783 ;
; Instr[27]  ; ALUresu[16]   ; 27.697 ; 27.697 ; 27.697 ; 27.697 ;
; Instr[27]  ; ALUresu[17]   ; 26.911 ; 26.911 ; 26.911 ; 26.911 ;
; Instr[27]  ; ALUresu[18]   ; 27.581 ; 27.581 ; 27.581 ; 27.581 ;
; Instr[27]  ; ALUresu[19]   ; 27.396 ; 27.396 ; 27.396 ; 27.396 ;
; Instr[27]  ; ALUresu[20]   ; 27.655 ; 27.655 ; 27.655 ; 27.655 ;
; Instr[27]  ; ALUresu[21]   ; 28.379 ; 28.379 ; 28.379 ; 28.379 ;
; Instr[27]  ; ALUresu[22]   ; 28.867 ; 28.867 ; 28.867 ; 28.867 ;
; Instr[27]  ; ALUresu[23]   ; 30.494 ; 30.494 ; 30.494 ; 30.494 ;
; Instr[27]  ; ALUresu[24]   ; 30.932 ; 30.932 ; 30.932 ; 30.932 ;
; Instr[27]  ; ALUresu[25]   ; 30.453 ; 30.453 ; 30.453 ; 30.453 ;
; Instr[27]  ; ALUresu[26]   ; 30.525 ; 30.525 ; 30.525 ; 30.525 ;
; Instr[27]  ; ALUresu[27]   ; 30.765 ; 30.765 ; 30.765 ; 30.765 ;
; Instr[27]  ; ALUresu[28]   ; 30.841 ; 30.841 ; 30.841 ; 30.841 ;
; Instr[27]  ; ALUresu[29]   ; 31.692 ; 31.692 ; 31.692 ; 31.692 ;
; Instr[27]  ; ALUresu[30]   ; 31.628 ; 31.628 ; 31.628 ; 31.628 ;
; Instr[27]  ; ALUresu[31]   ; 33.325 ; 33.325 ; 33.325 ; 33.325 ;
; Instr[28]  ; ALUControl[0] ;        ; 16.498 ; 16.498 ;        ;
; Instr[28]  ; ALUControl[2] ;        ; 16.498 ; 16.498 ;        ;
; Instr[28]  ; ALUresu[0]    ; 24.202 ; 24.202 ; 24.202 ; 24.202 ;
; Instr[28]  ; ALUresu[1]    ; 20.106 ; 20.106 ; 20.106 ; 20.106 ;
; Instr[28]  ; ALUresu[2]    ; 20.587 ; 20.587 ; 20.587 ; 20.587 ;
; Instr[28]  ; ALUresu[3]    ; 20.728 ; 20.728 ; 20.728 ; 20.728 ;
; Instr[28]  ; ALUresu[4]    ; 21.064 ; 21.064 ; 21.064 ; 21.064 ;
; Instr[28]  ; ALUresu[5]    ; 20.667 ; 20.667 ; 20.667 ; 20.667 ;
; Instr[28]  ; ALUresu[6]    ; 21.562 ; 21.562 ; 21.562 ; 21.562 ;
; Instr[28]  ; ALUresu[7]    ; 22.711 ; 22.711 ; 22.711 ; 22.711 ;
; Instr[28]  ; ALUresu[8]    ; 23.123 ; 23.123 ; 23.123 ; 23.123 ;
; Instr[28]  ; ALUresu[9]    ; 23.642 ; 23.642 ; 23.642 ; 23.642 ;
; Instr[28]  ; ALUresu[10]   ; 24.191 ; 24.191 ; 24.191 ; 24.191 ;
; Instr[28]  ; ALUresu[11]   ; 23.594 ; 23.594 ; 23.594 ; 23.594 ;
; Instr[28]  ; ALUresu[12]   ; 25.176 ; 25.176 ; 25.176 ; 25.176 ;
; Instr[28]  ; ALUresu[13]   ; 24.557 ; 24.557 ; 24.557 ; 24.557 ;
; Instr[28]  ; ALUresu[14]   ; 25.017 ; 25.017 ; 25.017 ; 25.017 ;
; Instr[28]  ; ALUresu[15]   ; 25.679 ; 25.679 ; 25.679 ; 25.679 ;
; Instr[28]  ; ALUresu[16]   ; 27.593 ; 27.593 ; 27.593 ; 27.593 ;
; Instr[28]  ; ALUresu[17]   ; 26.807 ; 26.807 ; 26.807 ; 26.807 ;
; Instr[28]  ; ALUresu[18]   ; 27.477 ; 27.477 ; 27.477 ; 27.477 ;
; Instr[28]  ; ALUresu[19]   ; 27.292 ; 27.292 ; 27.292 ; 27.292 ;
; Instr[28]  ; ALUresu[20]   ; 27.551 ; 27.551 ; 27.551 ; 27.551 ;
; Instr[28]  ; ALUresu[21]   ; 28.275 ; 28.275 ; 28.275 ; 28.275 ;
; Instr[28]  ; ALUresu[22]   ; 28.763 ; 28.763 ; 28.763 ; 28.763 ;
; Instr[28]  ; ALUresu[23]   ; 30.390 ; 30.390 ; 30.390 ; 30.390 ;
; Instr[28]  ; ALUresu[24]   ; 30.828 ; 30.828 ; 30.828 ; 30.828 ;
; Instr[28]  ; ALUresu[25]   ; 30.349 ; 30.349 ; 30.349 ; 30.349 ;
; Instr[28]  ; ALUresu[26]   ; 30.421 ; 30.421 ; 30.421 ; 30.421 ;
; Instr[28]  ; ALUresu[27]   ; 30.661 ; 30.661 ; 30.661 ; 30.661 ;
; Instr[28]  ; ALUresu[28]   ; 30.737 ; 30.737 ; 30.737 ; 30.737 ;
; Instr[28]  ; ALUresu[29]   ; 31.588 ; 31.588 ; 31.588 ; 31.588 ;
; Instr[28]  ; ALUresu[30]   ; 31.524 ; 31.524 ; 31.524 ; 31.524 ;
; Instr[28]  ; ALUresu[31]   ; 33.221 ; 33.221 ; 33.221 ; 33.221 ;
; Instr[29]  ; ALUresu[0]    ; 23.303 ; 23.303 ; 23.303 ; 23.303 ;
; Instr[29]  ; ALUresu[1]    ; 19.207 ; 19.207 ; 19.207 ; 19.207 ;
; Instr[29]  ; ALUresu[2]    ; 19.688 ; 19.688 ; 19.688 ; 19.688 ;
; Instr[29]  ; ALUresu[3]    ; 19.829 ; 19.829 ; 19.829 ; 19.829 ;
; Instr[29]  ; ALUresu[4]    ; 20.165 ; 20.165 ; 20.165 ; 20.165 ;
; Instr[29]  ; ALUresu[5]    ; 19.768 ; 19.768 ; 19.768 ; 19.768 ;
; Instr[29]  ; ALUresu[6]    ; 20.663 ; 20.663 ; 20.663 ; 20.663 ;
; Instr[29]  ; ALUresu[7]    ; 21.812 ; 21.812 ; 21.812 ; 21.812 ;
; Instr[29]  ; ALUresu[8]    ; 22.224 ; 22.224 ; 22.224 ; 22.224 ;
; Instr[29]  ; ALUresu[9]    ; 22.743 ; 22.743 ; 22.743 ; 22.743 ;
; Instr[29]  ; ALUresu[10]   ; 23.292 ; 23.292 ; 23.292 ; 23.292 ;
; Instr[29]  ; ALUresu[11]   ; 22.695 ; 22.695 ; 22.695 ; 22.695 ;
; Instr[29]  ; ALUresu[12]   ; 24.277 ; 24.277 ; 24.277 ; 24.277 ;
; Instr[29]  ; ALUresu[13]   ; 23.658 ; 23.658 ; 23.658 ; 23.658 ;
; Instr[29]  ; ALUresu[14]   ; 24.118 ; 24.118 ; 24.118 ; 24.118 ;
; Instr[29]  ; ALUresu[15]   ; 24.780 ; 24.780 ; 24.780 ; 24.780 ;
; Instr[29]  ; ALUresu[16]   ; 26.694 ; 26.694 ; 26.694 ; 26.694 ;
; Instr[29]  ; ALUresu[17]   ; 25.908 ; 25.908 ; 25.908 ; 25.908 ;
; Instr[29]  ; ALUresu[18]   ; 26.578 ; 26.578 ; 26.578 ; 26.578 ;
; Instr[29]  ; ALUresu[19]   ; 26.393 ; 26.393 ; 26.393 ; 26.393 ;
; Instr[29]  ; ALUresu[20]   ; 26.652 ; 26.652 ; 26.652 ; 26.652 ;
; Instr[29]  ; ALUresu[21]   ; 27.376 ; 27.376 ; 27.376 ; 27.376 ;
; Instr[29]  ; ALUresu[22]   ; 27.864 ; 27.864 ; 27.864 ; 27.864 ;
; Instr[29]  ; ALUresu[23]   ; 29.491 ; 29.491 ; 29.491 ; 29.491 ;
; Instr[29]  ; ALUresu[24]   ; 29.929 ; 29.929 ; 29.929 ; 29.929 ;
; Instr[29]  ; ALUresu[25]   ; 29.450 ; 29.450 ; 29.450 ; 29.450 ;
; Instr[29]  ; ALUresu[26]   ; 29.522 ; 29.522 ; 29.522 ; 29.522 ;
; Instr[29]  ; ALUresu[27]   ; 29.762 ; 29.762 ; 29.762 ; 29.762 ;
; Instr[29]  ; ALUresu[28]   ; 29.838 ; 29.838 ; 29.838 ; 29.838 ;
; Instr[29]  ; ALUresu[29]   ; 30.689 ; 30.689 ; 30.689 ; 30.689 ;
; Instr[29]  ; ALUresu[30]   ; 30.625 ; 30.625 ; 30.625 ; 30.625 ;
; Instr[29]  ; ALUresu[31]   ; 32.322 ; 32.322 ; 32.322 ; 32.322 ;
; Instr[30]  ; ALUControl[0] ;        ; 16.503 ; 16.503 ;        ;
; Instr[30]  ; ALUControl[2] ;        ; 16.503 ; 16.503 ;        ;
; Instr[30]  ; ALUresu[0]    ; 24.207 ; 24.207 ; 24.207 ; 24.207 ;
; Instr[30]  ; ALUresu[1]    ; 20.111 ; 20.111 ; 20.111 ; 20.111 ;
; Instr[30]  ; ALUresu[2]    ; 20.592 ; 20.592 ; 20.592 ; 20.592 ;
; Instr[30]  ; ALUresu[3]    ; 20.733 ; 20.733 ; 20.733 ; 20.733 ;
; Instr[30]  ; ALUresu[4]    ; 21.069 ; 21.069 ; 21.069 ; 21.069 ;
; Instr[30]  ; ALUresu[5]    ; 20.672 ; 20.672 ; 20.672 ; 20.672 ;
; Instr[30]  ; ALUresu[6]    ; 21.567 ; 21.567 ; 21.567 ; 21.567 ;
; Instr[30]  ; ALUresu[7]    ; 22.716 ; 22.716 ; 22.716 ; 22.716 ;
; Instr[30]  ; ALUresu[8]    ; 23.128 ; 23.128 ; 23.128 ; 23.128 ;
; Instr[30]  ; ALUresu[9]    ; 23.647 ; 23.647 ; 23.647 ; 23.647 ;
; Instr[30]  ; ALUresu[10]   ; 24.196 ; 24.196 ; 24.196 ; 24.196 ;
; Instr[30]  ; ALUresu[11]   ; 23.599 ; 23.599 ; 23.599 ; 23.599 ;
; Instr[30]  ; ALUresu[12]   ; 25.181 ; 25.181 ; 25.181 ; 25.181 ;
; Instr[30]  ; ALUresu[13]   ; 24.562 ; 24.562 ; 24.562 ; 24.562 ;
; Instr[30]  ; ALUresu[14]   ; 25.022 ; 25.022 ; 25.022 ; 25.022 ;
; Instr[30]  ; ALUresu[15]   ; 25.684 ; 25.684 ; 25.684 ; 25.684 ;
; Instr[30]  ; ALUresu[16]   ; 27.598 ; 27.598 ; 27.598 ; 27.598 ;
; Instr[30]  ; ALUresu[17]   ; 26.812 ; 26.812 ; 26.812 ; 26.812 ;
; Instr[30]  ; ALUresu[18]   ; 27.482 ; 27.482 ; 27.482 ; 27.482 ;
; Instr[30]  ; ALUresu[19]   ; 27.297 ; 27.297 ; 27.297 ; 27.297 ;
; Instr[30]  ; ALUresu[20]   ; 27.556 ; 27.556 ; 27.556 ; 27.556 ;
; Instr[30]  ; ALUresu[21]   ; 28.280 ; 28.280 ; 28.280 ; 28.280 ;
; Instr[30]  ; ALUresu[22]   ; 28.768 ; 28.768 ; 28.768 ; 28.768 ;
; Instr[30]  ; ALUresu[23]   ; 30.395 ; 30.395 ; 30.395 ; 30.395 ;
; Instr[30]  ; ALUresu[24]   ; 30.833 ; 30.833 ; 30.833 ; 30.833 ;
; Instr[30]  ; ALUresu[25]   ; 30.354 ; 30.354 ; 30.354 ; 30.354 ;
; Instr[30]  ; ALUresu[26]   ; 30.426 ; 30.426 ; 30.426 ; 30.426 ;
; Instr[30]  ; ALUresu[27]   ; 30.666 ; 30.666 ; 30.666 ; 30.666 ;
; Instr[30]  ; ALUresu[28]   ; 30.742 ; 30.742 ; 30.742 ; 30.742 ;
; Instr[30]  ; ALUresu[29]   ; 31.593 ; 31.593 ; 31.593 ; 31.593 ;
; Instr[30]  ; ALUresu[30]   ; 31.529 ; 31.529 ; 31.529 ; 31.529 ;
; Instr[30]  ; ALUresu[31]   ; 33.226 ; 33.226 ; 33.226 ; 33.226 ;
; Instr[31]  ; ALUControl[0] ;        ; 17.442 ; 17.442 ;        ;
; Instr[31]  ; ALUControl[2] ;        ; 17.442 ; 17.442 ;        ;
; Instr[31]  ; ALUresu[0]    ; 25.146 ; 25.146 ; 25.146 ; 25.146 ;
; Instr[31]  ; ALUresu[1]    ; 21.050 ; 21.050 ; 21.050 ; 21.050 ;
; Instr[31]  ; ALUresu[2]    ; 21.531 ; 21.531 ; 21.531 ; 21.531 ;
; Instr[31]  ; ALUresu[3]    ; 21.672 ; 21.672 ; 21.672 ; 21.672 ;
; Instr[31]  ; ALUresu[4]    ; 22.008 ; 22.008 ; 22.008 ; 22.008 ;
; Instr[31]  ; ALUresu[5]    ; 21.611 ; 21.611 ; 21.611 ; 21.611 ;
; Instr[31]  ; ALUresu[6]    ; 22.506 ; 22.506 ; 22.506 ; 22.506 ;
; Instr[31]  ; ALUresu[7]    ; 23.655 ; 23.655 ; 23.655 ; 23.655 ;
; Instr[31]  ; ALUresu[8]    ; 24.067 ; 24.067 ; 24.067 ; 24.067 ;
; Instr[31]  ; ALUresu[9]    ; 24.586 ; 24.586 ; 24.586 ; 24.586 ;
; Instr[31]  ; ALUresu[10]   ; 25.135 ; 25.135 ; 25.135 ; 25.135 ;
; Instr[31]  ; ALUresu[11]   ; 24.538 ; 24.538 ; 24.538 ; 24.538 ;
; Instr[31]  ; ALUresu[12]   ; 26.120 ; 26.120 ; 26.120 ; 26.120 ;
; Instr[31]  ; ALUresu[13]   ; 25.501 ; 25.501 ; 25.501 ; 25.501 ;
; Instr[31]  ; ALUresu[14]   ; 25.961 ; 25.961 ; 25.961 ; 25.961 ;
; Instr[31]  ; ALUresu[15]   ; 26.623 ; 26.623 ; 26.623 ; 26.623 ;
; Instr[31]  ; ALUresu[16]   ; 28.537 ; 28.537 ; 28.537 ; 28.537 ;
; Instr[31]  ; ALUresu[17]   ; 27.751 ; 27.751 ; 27.751 ; 27.751 ;
; Instr[31]  ; ALUresu[18]   ; 28.421 ; 28.421 ; 28.421 ; 28.421 ;
; Instr[31]  ; ALUresu[19]   ; 28.236 ; 28.236 ; 28.236 ; 28.236 ;
; Instr[31]  ; ALUresu[20]   ; 28.495 ; 28.495 ; 28.495 ; 28.495 ;
; Instr[31]  ; ALUresu[21]   ; 29.219 ; 29.219 ; 29.219 ; 29.219 ;
; Instr[31]  ; ALUresu[22]   ; 29.707 ; 29.707 ; 29.707 ; 29.707 ;
; Instr[31]  ; ALUresu[23]   ; 31.334 ; 31.334 ; 31.334 ; 31.334 ;
; Instr[31]  ; ALUresu[24]   ; 31.772 ; 31.772 ; 31.772 ; 31.772 ;
; Instr[31]  ; ALUresu[25]   ; 31.293 ; 31.293 ; 31.293 ; 31.293 ;
; Instr[31]  ; ALUresu[26]   ; 31.365 ; 31.365 ; 31.365 ; 31.365 ;
; Instr[31]  ; ALUresu[27]   ; 31.605 ; 31.605 ; 31.605 ; 31.605 ;
; Instr[31]  ; ALUresu[28]   ; 31.681 ; 31.681 ; 31.681 ; 31.681 ;
; Instr[31]  ; ALUresu[29]   ; 32.532 ; 32.532 ; 32.532 ; 32.532 ;
; Instr[31]  ; ALUresu[30]   ; 32.468 ; 32.468 ; 32.468 ; 32.468 ;
; Instr[31]  ; ALUresu[31]   ; 34.165 ; 34.165 ; 34.165 ; 34.165 ;
+------------+---------------+--------+--------+--------+--------+


+----------------------------------------------------------------+
; Minimum Progagation Delay                                      ;
+------------+---------------+--------+--------+--------+--------+
; Input Port ; Output Port   ; RR     ; RF     ; FR     ; FF     ;
+------------+---------------+--------+--------+--------+--------+
; Instr[1]   ; ALUControl[0] ; 7.581  ;        ;        ; 7.581  ;
; Instr[1]   ; ALUControl[2] ; 7.581  ;        ;        ; 7.581  ;
; Instr[1]   ; ALUresu[0]    ; 7.975  ; 7.975  ; 7.975  ; 7.975  ;
; Instr[1]   ; ALUresu[1]    ; 7.947  ; 7.708  ; 7.708  ; 7.947  ;
; Instr[1]   ; ALUresu[2]    ; 8.168  ; 8.034  ; 8.034  ; 8.168  ;
; Instr[1]   ; ALUresu[3]    ; 8.130  ; 7.821  ; 7.821  ; 8.130  ;
; Instr[1]   ; ALUresu[4]    ; 8.307  ; 7.817  ; 7.817  ; 8.307  ;
; Instr[1]   ; ALUresu[5]    ; 8.075  ; 7.252  ; 7.252  ; 8.075  ;
; Instr[1]   ; ALUresu[6]    ; 8.564  ; 7.797  ; 7.797  ; 8.564  ;
; Instr[1]   ; ALUresu[7]    ; 8.996  ; 7.624  ; 7.624  ; 8.996  ;
; Instr[1]   ; ALUresu[8]    ; 9.152  ; 7.436  ; 7.436  ; 9.152  ;
; Instr[1]   ; ALUresu[9]    ; 9.387  ; 7.868  ; 7.868  ; 9.387  ;
; Instr[1]   ; ALUresu[10]   ; 9.614  ; 8.659  ; 8.659  ; 9.614  ;
; Instr[1]   ; ALUresu[11]   ; 9.304  ; 7.351  ; 7.351  ; 9.304  ;
; Instr[1]   ; ALUresu[12]   ; 9.994  ; 8.100  ; 8.100  ; 9.994  ;
; Instr[1]   ; ALUresu[13]   ; 9.672  ; 7.229  ; 7.229  ; 9.672  ;
; Instr[1]   ; ALUresu[14]   ; 9.845  ; 7.623  ; 7.623  ; 9.845  ;
; Instr[1]   ; ALUresu[15]   ; 10.135 ; 7.623  ; 7.623  ; 10.135 ;
; Instr[1]   ; ALUresu[16]   ; 11.091 ; 8.877  ; 8.877  ; 11.091 ;
; Instr[1]   ; ALUresu[17]   ; 10.671 ; 7.430  ; 7.430  ; 10.671 ;
; Instr[1]   ; ALUresu[18]   ; 11.007 ; 8.103  ; 8.103  ; 11.007 ;
; Instr[1]   ; ALUresu[19]   ; 10.885 ; 7.877  ; 7.877  ; 10.885 ;
; Instr[1]   ; ALUresu[20]   ; 10.977 ; 7.983  ; 7.983  ; 10.977 ;
; Instr[1]   ; ALUresu[21]   ; 11.228 ; 8.067  ; 8.067  ; 11.228 ;
; Instr[1]   ; ALUresu[22]   ; 11.501 ; 8.172  ; 8.172  ; 11.501 ;
; Instr[1]   ; ALUresu[23]   ; 12.203 ; 7.543  ; 7.543  ; 12.203 ;
; Instr[1]   ; ALUresu[24]   ; 12.454 ; 8.926  ; 8.926  ; 12.454 ;
; Instr[1]   ; ALUresu[25]   ; 12.191 ; 8.190  ; 8.190  ; 12.191 ;
; Instr[1]   ; ALUresu[26]   ; 12.138 ; 7.993  ; 7.993  ; 12.138 ;
; Instr[1]   ; ALUresu[27]   ; 12.278 ; 8.359  ; 8.359  ; 12.278 ;
; Instr[1]   ; ALUresu[28]   ; 12.246 ; 7.881  ; 7.881  ; 12.246 ;
; Instr[1]   ; ALUresu[29]   ; 12.647 ; 8.235  ; 8.235  ; 12.647 ;
; Instr[1]   ; ALUresu[30]   ; 12.632 ; 7.671  ; 7.671  ; 12.632 ;
; Instr[1]   ; ALUresu[31]   ; 13.318 ; 7.618  ; 7.618  ; 13.318 ;
; Instr[2]   ; ALUControl[0] ;        ; 7.836  ; 7.836  ;        ;
; Instr[2]   ; ALUControl[2] ;        ; 7.836  ; 7.836  ;        ;
; Instr[2]   ; ALUresu[0]    ; 8.230  ; 8.230  ; 8.230  ; 8.230  ;
; Instr[2]   ; ALUresu[1]    ; 7.963  ;        ;        ; 7.963  ;
; Instr[2]   ; ALUresu[2]    ; 8.289  ; 8.763  ; 8.763  ; 8.289  ;
; Instr[2]   ; ALUresu[3]    ; 8.076  ; 8.137  ; 8.137  ; 8.076  ;
; Instr[2]   ; ALUresu[4]    ; 8.072  ; 8.314  ; 8.314  ; 8.072  ;
; Instr[2]   ; ALUresu[5]    ; 7.507  ; 8.082  ; 8.082  ; 7.507  ;
; Instr[2]   ; ALUresu[6]    ; 8.052  ; 8.571  ; 8.571  ; 8.052  ;
; Instr[2]   ; ALUresu[7]    ; 7.879  ; 9.003  ; 9.003  ; 7.879  ;
; Instr[2]   ; ALUresu[8]    ; 7.691  ; 9.159  ; 9.159  ; 7.691  ;
; Instr[2]   ; ALUresu[9]    ; 8.123  ; 9.394  ; 9.394  ; 8.123  ;
; Instr[2]   ; ALUresu[10]   ; 8.914  ; 9.621  ; 9.621  ; 8.914  ;
; Instr[2]   ; ALUresu[11]   ; 7.606  ; 9.311  ; 9.311  ; 7.606  ;
; Instr[2]   ; ALUresu[12]   ; 8.355  ; 10.001 ; 10.001 ; 8.355  ;
; Instr[2]   ; ALUresu[13]   ; 7.484  ; 9.679  ; 9.679  ; 7.484  ;
; Instr[2]   ; ALUresu[14]   ; 7.878  ; 9.852  ; 9.852  ; 7.878  ;
; Instr[2]   ; ALUresu[15]   ; 7.878  ; 10.142 ; 10.142 ; 7.878  ;
; Instr[2]   ; ALUresu[16]   ; 9.132  ; 11.098 ; 11.098 ; 9.132  ;
; Instr[2]   ; ALUresu[17]   ; 7.685  ; 10.678 ; 10.678 ; 7.685  ;
; Instr[2]   ; ALUresu[18]   ; 8.358  ; 11.014 ; 11.014 ; 8.358  ;
; Instr[2]   ; ALUresu[19]   ; 8.132  ; 10.892 ; 10.892 ; 8.132  ;
; Instr[2]   ; ALUresu[20]   ; 8.238  ; 10.984 ; 10.984 ; 8.238  ;
; Instr[2]   ; ALUresu[21]   ; 8.322  ; 11.235 ; 11.235 ; 8.322  ;
; Instr[2]   ; ALUresu[22]   ; 8.427  ; 11.508 ; 11.508 ; 8.427  ;
; Instr[2]   ; ALUresu[23]   ; 7.798  ; 12.210 ; 12.210 ; 7.798  ;
; Instr[2]   ; ALUresu[24]   ; 9.181  ; 12.461 ; 12.461 ; 9.181  ;
; Instr[2]   ; ALUresu[25]   ; 8.445  ; 12.198 ; 12.198 ; 8.445  ;
; Instr[2]   ; ALUresu[26]   ; 8.248  ; 12.145 ; 12.145 ; 8.248  ;
; Instr[2]   ; ALUresu[27]   ; 8.614  ; 12.285 ; 12.285 ; 8.614  ;
; Instr[2]   ; ALUresu[28]   ; 8.136  ; 12.253 ; 12.253 ; 8.136  ;
; Instr[2]   ; ALUresu[29]   ; 8.490  ; 12.654 ; 12.654 ; 8.490  ;
; Instr[2]   ; ALUresu[30]   ; 7.926  ; 12.639 ; 12.639 ; 7.926  ;
; Instr[2]   ; ALUresu[31]   ; 7.873  ; 13.325 ; 13.325 ; 7.873  ;
; Instr[3]   ; ALUControl[0] ; 7.830  ;        ;        ; 7.830  ;
; Instr[3]   ; ALUControl[2] ; 7.830  ;        ;        ; 7.830  ;
; Instr[3]   ; ALUresu[0]    ; 8.224  ; 8.224  ; 8.224  ; 8.224  ;
; Instr[3]   ; ALUresu[1]    ;        ; 7.957  ; 7.957  ;        ;
; Instr[3]   ; ALUresu[2]    ;        ; 8.283  ; 8.283  ;        ;
; Instr[3]   ; ALUresu[3]    ; 8.407  ; 8.070  ; 8.070  ; 8.407  ;
; Instr[3]   ; ALUresu[4]    ; 8.130  ; 8.066  ; 8.066  ; 8.130  ;
; Instr[3]   ; ALUresu[5]    ; 7.898  ; 7.501  ; 7.501  ; 7.898  ;
; Instr[3]   ; ALUresu[6]    ; 8.387  ; 8.046  ; 8.046  ; 8.387  ;
; Instr[3]   ; ALUresu[7]    ; 8.819  ; 7.873  ; 7.873  ; 8.819  ;
; Instr[3]   ; ALUresu[8]    ; 8.975  ; 7.685  ; 7.685  ; 8.975  ;
; Instr[3]   ; ALUresu[9]    ; 9.210  ; 8.117  ; 8.117  ; 9.210  ;
; Instr[3]   ; ALUresu[10]   ; 9.437  ; 8.908  ; 8.908  ; 9.437  ;
; Instr[3]   ; ALUresu[11]   ; 9.127  ; 7.600  ; 7.600  ; 9.127  ;
; Instr[3]   ; ALUresu[12]   ; 9.817  ; 8.349  ; 8.349  ; 9.817  ;
; Instr[3]   ; ALUresu[13]   ; 9.495  ; 7.478  ; 7.478  ; 9.495  ;
; Instr[3]   ; ALUresu[14]   ; 9.668  ; 7.872  ; 7.872  ; 9.668  ;
; Instr[3]   ; ALUresu[15]   ; 9.958  ; 7.872  ; 7.872  ; 9.958  ;
; Instr[3]   ; ALUresu[16]   ; 10.914 ; 9.126  ; 9.126  ; 10.914 ;
; Instr[3]   ; ALUresu[17]   ; 10.494 ; 7.679  ; 7.679  ; 10.494 ;
; Instr[3]   ; ALUresu[18]   ; 10.830 ; 8.352  ; 8.352  ; 10.830 ;
; Instr[3]   ; ALUresu[19]   ; 10.708 ; 8.126  ; 8.126  ; 10.708 ;
; Instr[3]   ; ALUresu[20]   ; 10.800 ; 8.232  ; 8.232  ; 10.800 ;
; Instr[3]   ; ALUresu[21]   ; 11.051 ; 8.316  ; 8.316  ; 11.051 ;
; Instr[3]   ; ALUresu[22]   ; 11.324 ; 8.421  ; 8.421  ; 11.324 ;
; Instr[3]   ; ALUresu[23]   ; 12.026 ; 7.792  ; 7.792  ; 12.026 ;
; Instr[3]   ; ALUresu[24]   ; 12.277 ; 9.175  ; 9.175  ; 12.277 ;
; Instr[3]   ; ALUresu[25]   ; 12.014 ; 8.439  ; 8.439  ; 12.014 ;
; Instr[3]   ; ALUresu[26]   ; 11.961 ; 8.242  ; 8.242  ; 11.961 ;
; Instr[3]   ; ALUresu[27]   ; 12.101 ; 8.608  ; 8.608  ; 12.101 ;
; Instr[3]   ; ALUresu[28]   ; 12.069 ; 8.130  ; 8.130  ; 12.069 ;
; Instr[3]   ; ALUresu[29]   ; 12.470 ; 8.484  ; 8.484  ; 12.470 ;
; Instr[3]   ; ALUresu[30]   ; 12.455 ; 7.920  ; 7.920  ; 12.455 ;
; Instr[3]   ; ALUresu[31]   ; 13.141 ; 7.867  ; 7.867  ; 13.141 ;
; Instr[4]   ; ALUControl[0] ;        ; 7.787  ; 7.787  ;        ;
; Instr[4]   ; ALUControl[2] ;        ; 7.787  ; 7.787  ;        ;
; Instr[4]   ; ALUresu[0]    ; 8.181  ; 8.181  ; 8.181  ; 8.181  ;
; Instr[4]   ; ALUresu[1]    ; 7.914  ;        ;        ; 7.914  ;
; Instr[4]   ; ALUresu[2]    ; 8.240  ;        ;        ; 8.240  ;
; Instr[4]   ; ALUresu[3]    ; 8.027  ;        ;        ; 8.027  ;
; Instr[4]   ; ALUresu[4]    ; 8.023  ; 8.721  ; 8.721  ; 8.023  ;
; Instr[4]   ; ALUresu[5]    ; 7.458  ; 7.983  ; 7.983  ; 7.458  ;
; Instr[4]   ; ALUresu[6]    ; 8.003  ; 8.472  ; 8.472  ; 8.003  ;
; Instr[4]   ; ALUresu[7]    ; 7.830  ; 8.904  ; 8.904  ; 7.830  ;
; Instr[4]   ; ALUresu[8]    ; 7.642  ; 9.060  ; 9.060  ; 7.642  ;
; Instr[4]   ; ALUresu[9]    ; 8.074  ; 9.295  ; 9.295  ; 8.074  ;
; Instr[4]   ; ALUresu[10]   ; 8.865  ; 9.522  ; 9.522  ; 8.865  ;
; Instr[4]   ; ALUresu[11]   ; 7.557  ; 9.212  ; 9.212  ; 7.557  ;
; Instr[4]   ; ALUresu[12]   ; 8.306  ; 9.902  ; 9.902  ; 8.306  ;
; Instr[4]   ; ALUresu[13]   ; 7.435  ; 9.580  ; 9.580  ; 7.435  ;
; Instr[4]   ; ALUresu[14]   ; 7.829  ; 9.753  ; 9.753  ; 7.829  ;
; Instr[4]   ; ALUresu[15]   ; 7.829  ; 10.043 ; 10.043 ; 7.829  ;
; Instr[4]   ; ALUresu[16]   ; 9.083  ; 10.999 ; 10.999 ; 9.083  ;
; Instr[4]   ; ALUresu[17]   ; 7.636  ; 10.579 ; 10.579 ; 7.636  ;
; Instr[4]   ; ALUresu[18]   ; 8.309  ; 10.915 ; 10.915 ; 8.309  ;
; Instr[4]   ; ALUresu[19]   ; 8.083  ; 10.793 ; 10.793 ; 8.083  ;
; Instr[4]   ; ALUresu[20]   ; 8.189  ; 10.885 ; 10.885 ; 8.189  ;
; Instr[4]   ; ALUresu[21]   ; 8.273  ; 11.136 ; 11.136 ; 8.273  ;
; Instr[4]   ; ALUresu[22]   ; 8.378  ; 11.409 ; 11.409 ; 8.378  ;
; Instr[4]   ; ALUresu[23]   ; 7.749  ; 12.111 ; 12.111 ; 7.749  ;
; Instr[4]   ; ALUresu[24]   ; 9.132  ; 12.362 ; 12.362 ; 9.132  ;
; Instr[4]   ; ALUresu[25]   ; 8.396  ; 12.099 ; 12.099 ; 8.396  ;
; Instr[4]   ; ALUresu[26]   ; 8.199  ; 12.046 ; 12.046 ; 8.199  ;
; Instr[4]   ; ALUresu[27]   ; 8.565  ; 12.186 ; 12.186 ; 8.565  ;
; Instr[4]   ; ALUresu[28]   ; 8.087  ; 12.154 ; 12.154 ; 8.087  ;
; Instr[4]   ; ALUresu[29]   ; 8.441  ; 12.555 ; 12.555 ; 8.441  ;
; Instr[4]   ; ALUresu[30]   ; 7.877  ; 12.540 ; 12.540 ; 7.877  ;
; Instr[4]   ; ALUresu[31]   ; 7.824  ; 13.226 ; 13.226 ; 7.824  ;
; Instr[5]   ; ALUControl[0] ; 7.750  ;        ;        ; 7.750  ;
; Instr[5]   ; ALUControl[2] ; 7.750  ;        ;        ; 7.750  ;
; Instr[5]   ; ALUresu[0]    ; 8.144  ; 8.144  ; 8.144  ; 8.144  ;
; Instr[5]   ; ALUresu[1]    ;        ; 7.877  ; 7.877  ;        ;
; Instr[5]   ; ALUresu[2]    ;        ; 8.203  ; 8.203  ;        ;
; Instr[5]   ; ALUresu[3]    ;        ; 7.990  ; 7.990  ;        ;
; Instr[5]   ; ALUresu[4]    ;        ; 7.986  ; 7.986  ;        ;
; Instr[5]   ; ALUresu[5]    ; 7.910  ; 7.421  ; 7.421  ; 7.910  ;
; Instr[5]   ; ALUresu[6]    ; 8.496  ; 7.966  ; 7.966  ; 8.496  ;
; Instr[5]   ; ALUresu[7]    ; 8.928  ; 7.793  ; 7.793  ; 8.928  ;
; Instr[5]   ; ALUresu[8]    ; 9.084  ; 7.605  ; 7.605  ; 9.084  ;
; Instr[5]   ; ALUresu[9]    ; 9.319  ; 8.037  ; 8.037  ; 9.319  ;
; Instr[5]   ; ALUresu[10]   ; 9.546  ; 8.828  ; 8.828  ; 9.546  ;
; Instr[5]   ; ALUresu[11]   ; 9.236  ; 7.520  ; 7.520  ; 9.236  ;
; Instr[5]   ; ALUresu[12]   ; 9.926  ; 8.269  ; 8.269  ; 9.926  ;
; Instr[5]   ; ALUresu[13]   ; 9.604  ; 7.398  ; 7.398  ; 9.604  ;
; Instr[5]   ; ALUresu[14]   ; 9.777  ; 7.792  ; 7.792  ; 9.777  ;
; Instr[5]   ; ALUresu[15]   ; 10.067 ; 7.792  ; 7.792  ; 10.067 ;
; Instr[5]   ; ALUresu[16]   ; 11.023 ; 9.046  ; 9.046  ; 11.023 ;
; Instr[5]   ; ALUresu[17]   ; 10.603 ; 7.599  ; 7.599  ; 10.603 ;
; Instr[5]   ; ALUresu[18]   ; 10.939 ; 8.272  ; 8.272  ; 10.939 ;
; Instr[5]   ; ALUresu[19]   ; 10.817 ; 8.046  ; 8.046  ; 10.817 ;
; Instr[5]   ; ALUresu[20]   ; 10.909 ; 8.152  ; 8.152  ; 10.909 ;
; Instr[5]   ; ALUresu[21]   ; 11.160 ; 8.236  ; 8.236  ; 11.160 ;
; Instr[5]   ; ALUresu[22]   ; 11.433 ; 8.341  ; 8.341  ; 11.433 ;
; Instr[5]   ; ALUresu[23]   ; 12.135 ; 7.712  ; 7.712  ; 12.135 ;
; Instr[5]   ; ALUresu[24]   ; 12.386 ; 9.095  ; 9.095  ; 12.386 ;
; Instr[5]   ; ALUresu[25]   ; 12.123 ; 8.359  ; 8.359  ; 12.123 ;
; Instr[5]   ; ALUresu[26]   ; 12.070 ; 8.162  ; 8.162  ; 12.070 ;
; Instr[5]   ; ALUresu[27]   ; 12.210 ; 8.528  ; 8.528  ; 12.210 ;
; Instr[5]   ; ALUresu[28]   ; 12.178 ; 8.050  ; 8.050  ; 12.178 ;
; Instr[5]   ; ALUresu[29]   ; 12.579 ; 8.404  ; 8.404  ; 12.579 ;
; Instr[5]   ; ALUresu[30]   ; 12.564 ; 7.840  ; 7.840  ; 12.564 ;
; Instr[5]   ; ALUresu[31]   ; 13.250 ; 7.787  ; 7.787  ; 13.250 ;
; Instr[6]   ; ALUresu[0]    ; 9.839  ;        ;        ; 9.839  ;
; Instr[6]   ; ALUresu[6]    ; 8.399  ; 8.399  ; 8.399  ; 8.399  ;
; Instr[6]   ; ALUresu[7]    ; 8.355  ; 8.355  ; 8.355  ; 8.355  ;
; Instr[6]   ; ALUresu[8]    ; 8.511  ; 8.511  ; 8.511  ; 8.511  ;
; Instr[6]   ; ALUresu[9]    ; 8.746  ; 8.746  ; 8.746  ; 8.746  ;
; Instr[6]   ; ALUresu[10]   ; 8.973  ; 8.973  ; 8.973  ; 8.973  ;
; Instr[6]   ; ALUresu[11]   ; 8.663  ; 8.663  ; 8.663  ; 8.663  ;
; Instr[6]   ; ALUresu[12]   ; 9.353  ; 9.353  ; 9.353  ; 9.353  ;
; Instr[6]   ; ALUresu[13]   ; 9.031  ; 9.031  ; 9.031  ; 9.031  ;
; Instr[6]   ; ALUresu[14]   ; 9.204  ; 9.204  ; 9.204  ; 9.204  ;
; Instr[6]   ; ALUresu[15]   ; 9.494  ; 9.494  ; 9.494  ; 9.494  ;
; Instr[6]   ; ALUresu[16]   ; 10.450 ; 10.450 ; 10.450 ; 10.450 ;
; Instr[6]   ; ALUresu[17]   ; 10.030 ; 10.030 ; 10.030 ; 10.030 ;
; Instr[6]   ; ALUresu[18]   ; 10.366 ; 10.366 ; 10.366 ; 10.366 ;
; Instr[6]   ; ALUresu[19]   ; 10.244 ; 10.244 ; 10.244 ; 10.244 ;
; Instr[6]   ; ALUresu[20]   ; 10.336 ; 10.336 ; 10.336 ; 10.336 ;
; Instr[6]   ; ALUresu[21]   ; 10.587 ; 10.587 ; 10.587 ; 10.587 ;
; Instr[6]   ; ALUresu[22]   ; 10.860 ; 10.860 ; 10.860 ; 10.860 ;
; Instr[6]   ; ALUresu[23]   ; 11.562 ; 11.562 ; 11.562 ; 11.562 ;
; Instr[6]   ; ALUresu[24]   ; 11.813 ; 11.813 ; 11.813 ; 11.813 ;
; Instr[6]   ; ALUresu[25]   ; 11.550 ; 11.550 ; 11.550 ; 11.550 ;
; Instr[6]   ; ALUresu[26]   ; 11.497 ; 11.497 ; 11.497 ; 11.497 ;
; Instr[6]   ; ALUresu[27]   ; 11.637 ; 11.637 ; 11.637 ; 11.637 ;
; Instr[6]   ; ALUresu[28]   ; 11.605 ; 11.605 ; 11.605 ; 11.605 ;
; Instr[6]   ; ALUresu[29]   ; 12.006 ; 12.006 ; 12.006 ; 12.006 ;
; Instr[6]   ; ALUresu[30]   ; 11.991 ; 11.991 ; 11.991 ; 11.991 ;
; Instr[6]   ; ALUresu[31]   ; 12.677 ; 12.677 ; 12.677 ; 12.677 ;
; Instr[7]   ; ALUresu[0]    ; 10.275 ;        ;        ; 10.275 ;
; Instr[7]   ; ALUresu[7]    ; 8.155  ; 8.155  ; 8.155  ; 8.155  ;
; Instr[7]   ; ALUresu[8]    ; 8.787  ; 8.787  ; 8.787  ; 8.787  ;
; Instr[7]   ; ALUresu[9]    ; 9.022  ; 9.022  ; 9.022  ; 9.022  ;
; Instr[7]   ; ALUresu[10]   ; 9.249  ; 9.249  ; 9.249  ; 9.249  ;
; Instr[7]   ; ALUresu[11]   ; 8.939  ; 8.939  ; 8.939  ; 8.939  ;
; Instr[7]   ; ALUresu[12]   ; 9.629  ; 9.629  ; 9.629  ; 9.629  ;
; Instr[7]   ; ALUresu[13]   ; 9.307  ; 9.307  ; 9.307  ; 9.307  ;
; Instr[7]   ; ALUresu[14]   ; 9.480  ; 9.480  ; 9.480  ; 9.480  ;
; Instr[7]   ; ALUresu[15]   ; 9.770  ; 9.770  ; 9.770  ; 9.770  ;
; Instr[7]   ; ALUresu[16]   ; 10.726 ; 10.726 ; 10.726 ; 10.726 ;
; Instr[7]   ; ALUresu[17]   ; 10.306 ; 10.306 ; 10.306 ; 10.306 ;
; Instr[7]   ; ALUresu[18]   ; 10.642 ; 10.642 ; 10.642 ; 10.642 ;
; Instr[7]   ; ALUresu[19]   ; 10.520 ; 10.520 ; 10.520 ; 10.520 ;
; Instr[7]   ; ALUresu[20]   ; 10.612 ; 10.612 ; 10.612 ; 10.612 ;
; Instr[7]   ; ALUresu[21]   ; 10.863 ; 10.863 ; 10.863 ; 10.863 ;
; Instr[7]   ; ALUresu[22]   ; 11.136 ; 11.136 ; 11.136 ; 11.136 ;
; Instr[7]   ; ALUresu[23]   ; 11.838 ; 11.838 ; 11.838 ; 11.838 ;
; Instr[7]   ; ALUresu[24]   ; 12.089 ; 12.089 ; 12.089 ; 12.089 ;
; Instr[7]   ; ALUresu[25]   ; 11.826 ; 11.826 ; 11.826 ; 11.826 ;
; Instr[7]   ; ALUresu[26]   ; 11.773 ; 11.773 ; 11.773 ; 11.773 ;
; Instr[7]   ; ALUresu[27]   ; 11.913 ; 11.913 ; 11.913 ; 11.913 ;
; Instr[7]   ; ALUresu[28]   ; 11.881 ; 11.881 ; 11.881 ; 11.881 ;
; Instr[7]   ; ALUresu[29]   ; 12.282 ; 12.282 ; 12.282 ; 12.282 ;
; Instr[7]   ; ALUresu[30]   ; 12.267 ; 12.267 ; 12.267 ; 12.267 ;
; Instr[7]   ; ALUresu[31]   ; 12.953 ; 12.953 ; 12.953 ; 12.953 ;
; Instr[8]   ; ALUresu[0]    ; 9.140  ;        ;        ; 9.140  ;
; Instr[8]   ; ALUresu[8]    ; 7.447  ; 7.447  ; 7.447  ; 7.447  ;
; Instr[8]   ; ALUresu[9]    ; 8.040  ; 8.040  ; 8.040  ; 8.040  ;
; Instr[8]   ; ALUresu[10]   ; 8.267  ; 8.267  ; 8.267  ; 8.267  ;
; Instr[8]   ; ALUresu[11]   ; 7.957  ; 7.957  ; 7.957  ; 7.957  ;
; Instr[8]   ; ALUresu[12]   ; 8.647  ; 8.647  ; 8.647  ; 8.647  ;
; Instr[8]   ; ALUresu[13]   ; 8.325  ; 8.325  ; 8.325  ; 8.325  ;
; Instr[8]   ; ALUresu[14]   ; 8.498  ; 8.498  ; 8.498  ; 8.498  ;
; Instr[8]   ; ALUresu[15]   ; 8.788  ; 8.788  ; 8.788  ; 8.788  ;
; Instr[8]   ; ALUresu[16]   ; 9.744  ; 9.744  ; 9.744  ; 9.744  ;
; Instr[8]   ; ALUresu[17]   ; 9.324  ; 9.324  ; 9.324  ; 9.324  ;
; Instr[8]   ; ALUresu[18]   ; 9.660  ; 9.660  ; 9.660  ; 9.660  ;
; Instr[8]   ; ALUresu[19]   ; 9.538  ; 9.538  ; 9.538  ; 9.538  ;
; Instr[8]   ; ALUresu[20]   ; 9.630  ; 9.630  ; 9.630  ; 9.630  ;
; Instr[8]   ; ALUresu[21]   ; 9.881  ; 9.881  ; 9.881  ; 9.881  ;
; Instr[8]   ; ALUresu[22]   ; 10.154 ; 10.154 ; 10.154 ; 10.154 ;
; Instr[8]   ; ALUresu[23]   ; 10.856 ; 10.856 ; 10.856 ; 10.856 ;
; Instr[8]   ; ALUresu[24]   ; 11.107 ; 11.107 ; 11.107 ; 11.107 ;
; Instr[8]   ; ALUresu[25]   ; 10.844 ; 10.844 ; 10.844 ; 10.844 ;
; Instr[8]   ; ALUresu[26]   ; 10.791 ; 10.791 ; 10.791 ; 10.791 ;
; Instr[8]   ; ALUresu[27]   ; 10.931 ; 10.931 ; 10.931 ; 10.931 ;
; Instr[8]   ; ALUresu[28]   ; 10.899 ; 10.899 ; 10.899 ; 10.899 ;
; Instr[8]   ; ALUresu[29]   ; 11.300 ; 11.300 ; 11.300 ; 11.300 ;
; Instr[8]   ; ALUresu[30]   ; 11.285 ; 11.285 ; 11.285 ; 11.285 ;
; Instr[8]   ; ALUresu[31]   ; 11.971 ; 11.971 ; 11.971 ; 11.971 ;
; Instr[9]   ; ALUresu[0]    ; 8.863  ;        ;        ; 8.863  ;
; Instr[9]   ; ALUresu[9]    ; 6.821  ; 6.821  ; 6.821  ; 6.821  ;
; Instr[9]   ; ALUresu[10]   ; 8.108  ; 8.108  ; 8.108  ; 8.108  ;
; Instr[9]   ; ALUresu[11]   ; 7.798  ; 7.798  ; 7.798  ; 7.798  ;
; Instr[9]   ; ALUresu[12]   ; 8.488  ; 8.488  ; 8.488  ; 8.488  ;
; Instr[9]   ; ALUresu[13]   ; 8.166  ; 8.166  ; 8.166  ; 8.166  ;
; Instr[9]   ; ALUresu[14]   ; 8.339  ; 8.339  ; 8.339  ; 8.339  ;
; Instr[9]   ; ALUresu[15]   ; 8.629  ; 8.629  ; 8.629  ; 8.629  ;
; Instr[9]   ; ALUresu[16]   ; 9.585  ; 9.585  ; 9.585  ; 9.585  ;
; Instr[9]   ; ALUresu[17]   ; 9.165  ; 9.165  ; 9.165  ; 9.165  ;
; Instr[9]   ; ALUresu[18]   ; 9.501  ; 9.501  ; 9.501  ; 9.501  ;
; Instr[9]   ; ALUresu[19]   ; 9.379  ; 9.379  ; 9.379  ; 9.379  ;
; Instr[9]   ; ALUresu[20]   ; 9.471  ; 9.471  ; 9.471  ; 9.471  ;
; Instr[9]   ; ALUresu[21]   ; 9.722  ; 9.722  ; 9.722  ; 9.722  ;
; Instr[9]   ; ALUresu[22]   ; 9.995  ; 9.995  ; 9.995  ; 9.995  ;
; Instr[9]   ; ALUresu[23]   ; 10.697 ; 10.697 ; 10.697 ; 10.697 ;
; Instr[9]   ; ALUresu[24]   ; 10.948 ; 10.948 ; 10.948 ; 10.948 ;
; Instr[9]   ; ALUresu[25]   ; 10.685 ; 10.685 ; 10.685 ; 10.685 ;
; Instr[9]   ; ALUresu[26]   ; 10.632 ; 10.632 ; 10.632 ; 10.632 ;
; Instr[9]   ; ALUresu[27]   ; 10.772 ; 10.772 ; 10.772 ; 10.772 ;
; Instr[9]   ; ALUresu[28]   ; 10.740 ; 10.740 ; 10.740 ; 10.740 ;
; Instr[9]   ; ALUresu[29]   ; 11.141 ; 11.141 ; 11.141 ; 11.141 ;
; Instr[9]   ; ALUresu[30]   ; 11.126 ; 11.126 ; 11.126 ; 11.126 ;
; Instr[9]   ; ALUresu[31]   ; 11.812 ; 11.812 ; 11.812 ; 11.812 ;
; Instr[10]  ; ALUresu[0]    ; 9.189  ;        ;        ; 9.189  ;
; Instr[10]  ; ALUresu[10]   ; 7.986  ; 7.986  ; 7.986  ; 7.986  ;
; Instr[10]  ; ALUresu[11]   ; 8.394  ; 8.394  ; 8.394  ; 8.394  ;
; Instr[10]  ; ALUresu[12]   ; 9.084  ; 9.084  ; 9.084  ; 9.084  ;
; Instr[10]  ; ALUresu[13]   ; 8.762  ; 8.762  ; 8.762  ; 8.762  ;
; Instr[10]  ; ALUresu[14]   ; 8.935  ; 8.935  ; 8.935  ; 8.935  ;
; Instr[10]  ; ALUresu[15]   ; 9.225  ; 9.225  ; 9.225  ; 9.225  ;
; Instr[10]  ; ALUresu[16]   ; 10.181 ; 10.181 ; 10.181 ; 10.181 ;
; Instr[10]  ; ALUresu[17]   ; 9.761  ; 9.761  ; 9.761  ; 9.761  ;
; Instr[10]  ; ALUresu[18]   ; 10.097 ; 10.097 ; 10.097 ; 10.097 ;
; Instr[10]  ; ALUresu[19]   ; 9.975  ; 9.975  ; 9.975  ; 9.975  ;
; Instr[10]  ; ALUresu[20]   ; 10.067 ; 10.067 ; 10.067 ; 10.067 ;
; Instr[10]  ; ALUresu[21]   ; 10.318 ; 10.318 ; 10.318 ; 10.318 ;
; Instr[10]  ; ALUresu[22]   ; 10.591 ; 10.591 ; 10.591 ; 10.591 ;
; Instr[10]  ; ALUresu[23]   ; 11.293 ; 11.293 ; 11.293 ; 11.293 ;
; Instr[10]  ; ALUresu[24]   ; 11.544 ; 11.544 ; 11.544 ; 11.544 ;
; Instr[10]  ; ALUresu[25]   ; 11.281 ; 11.281 ; 11.281 ; 11.281 ;
; Instr[10]  ; ALUresu[26]   ; 11.228 ; 11.228 ; 11.228 ; 11.228 ;
; Instr[10]  ; ALUresu[27]   ; 11.368 ; 11.368 ; 11.368 ; 11.368 ;
; Instr[10]  ; ALUresu[28]   ; 11.336 ; 11.336 ; 11.336 ; 11.336 ;
; Instr[10]  ; ALUresu[29]   ; 11.737 ; 11.737 ; 11.737 ; 11.737 ;
; Instr[10]  ; ALUresu[30]   ; 11.722 ; 11.722 ; 11.722 ; 11.722 ;
; Instr[10]  ; ALUresu[31]   ; 12.408 ; 12.408 ; 12.408 ; 12.408 ;
; Instr[11]  ; ALUresu[0]    ; 9.302  ;        ;        ; 9.302  ;
; Instr[11]  ; ALUresu[11]   ; 7.337  ; 7.337  ; 7.337  ; 7.337  ;
; Instr[11]  ; ALUresu[12]   ; 7.852  ; 7.852  ; 7.852  ; 7.852  ;
; Instr[11]  ; ALUresu[13]   ; 7.530  ; 7.530  ; 7.530  ; 7.530  ;
; Instr[11]  ; ALUresu[14]   ; 7.703  ; 7.703  ; 7.703  ; 7.703  ;
; Instr[11]  ; ALUresu[15]   ; 7.993  ; 7.993  ; 7.993  ; 7.993  ;
; Instr[11]  ; ALUresu[16]   ; 8.949  ; 8.949  ; 8.949  ; 8.949  ;
; Instr[11]  ; ALUresu[17]   ; 8.529  ; 8.529  ; 8.529  ; 8.529  ;
; Instr[11]  ; ALUresu[18]   ; 8.865  ; 8.865  ; 8.865  ; 8.865  ;
; Instr[11]  ; ALUresu[19]   ; 8.743  ; 8.743  ; 8.743  ; 8.743  ;
; Instr[11]  ; ALUresu[20]   ; 8.835  ; 8.835  ; 8.835  ; 8.835  ;
; Instr[11]  ; ALUresu[21]   ; 9.086  ; 9.086  ; 9.086  ; 9.086  ;
; Instr[11]  ; ALUresu[22]   ; 9.359  ; 9.359  ; 9.359  ; 9.359  ;
; Instr[11]  ; ALUresu[23]   ; 10.061 ; 10.061 ; 10.061 ; 10.061 ;
; Instr[11]  ; ALUresu[24]   ; 10.312 ; 10.312 ; 10.312 ; 10.312 ;
; Instr[11]  ; ALUresu[25]   ; 10.049 ; 10.049 ; 10.049 ; 10.049 ;
; Instr[11]  ; ALUresu[26]   ; 9.996  ; 9.996  ; 9.996  ; 9.996  ;
; Instr[11]  ; ALUresu[27]   ; 10.136 ; 10.136 ; 10.136 ; 10.136 ;
; Instr[11]  ; ALUresu[28]   ; 10.104 ; 10.104 ; 10.104 ; 10.104 ;
; Instr[11]  ; ALUresu[29]   ; 10.505 ; 10.505 ; 10.505 ; 10.505 ;
; Instr[11]  ; ALUresu[30]   ; 10.490 ; 10.490 ; 10.490 ; 10.490 ;
; Instr[11]  ; ALUresu[31]   ; 11.176 ; 11.176 ; 11.176 ; 11.176 ;
; Instr[12]  ; ALUresu[0]    ; 9.703  ;        ;        ; 9.703  ;
; Instr[12]  ; ALUresu[12]   ; 7.981  ; 7.981  ; 7.981  ; 7.981  ;
; Instr[12]  ; ALUresu[13]   ; 8.370  ; 8.370  ; 8.370  ; 8.370  ;
; Instr[12]  ; ALUresu[14]   ; 8.543  ; 8.543  ; 8.543  ; 8.543  ;
; Instr[12]  ; ALUresu[15]   ; 8.833  ; 8.833  ; 8.833  ; 8.833  ;
; Instr[12]  ; ALUresu[16]   ; 9.789  ; 9.789  ; 9.789  ; 9.789  ;
; Instr[12]  ; ALUresu[17]   ; 9.369  ; 9.369  ; 9.369  ; 9.369  ;
; Instr[12]  ; ALUresu[18]   ; 9.705  ; 9.705  ; 9.705  ; 9.705  ;
; Instr[12]  ; ALUresu[19]   ; 9.583  ; 9.583  ; 9.583  ; 9.583  ;
; Instr[12]  ; ALUresu[20]   ; 9.675  ; 9.675  ; 9.675  ; 9.675  ;
; Instr[12]  ; ALUresu[21]   ; 9.926  ; 9.926  ; 9.926  ; 9.926  ;
; Instr[12]  ; ALUresu[22]   ; 10.199 ; 10.199 ; 10.199 ; 10.199 ;
; Instr[12]  ; ALUresu[23]   ; 10.901 ; 10.901 ; 10.901 ; 10.901 ;
; Instr[12]  ; ALUresu[24]   ; 11.152 ; 11.152 ; 11.152 ; 11.152 ;
; Instr[12]  ; ALUresu[25]   ; 10.889 ; 10.889 ; 10.889 ; 10.889 ;
; Instr[12]  ; ALUresu[26]   ; 10.836 ; 10.836 ; 10.836 ; 10.836 ;
; Instr[12]  ; ALUresu[27]   ; 10.976 ; 10.976 ; 10.976 ; 10.976 ;
; Instr[12]  ; ALUresu[28]   ; 10.944 ; 10.944 ; 10.944 ; 10.944 ;
; Instr[12]  ; ALUresu[29]   ; 11.345 ; 11.345 ; 11.345 ; 11.345 ;
; Instr[12]  ; ALUresu[30]   ; 11.330 ; 11.330 ; 11.330 ; 11.330 ;
; Instr[12]  ; ALUresu[31]   ; 12.016 ; 12.016 ; 12.016 ; 12.016 ;
; Instr[13]  ; ALUresu[0]    ; 9.855  ;        ;        ; 9.855  ;
; Instr[13]  ; ALUresu[13]   ; 8.052  ; 8.052  ; 8.052  ; 8.052  ;
; Instr[13]  ; ALUresu[14]   ; 8.007  ; 8.007  ; 8.007  ; 8.007  ;
; Instr[13]  ; ALUresu[15]   ; 8.297  ; 8.297  ; 8.297  ; 8.297  ;
; Instr[13]  ; ALUresu[16]   ; 9.253  ; 9.253  ; 9.253  ; 9.253  ;
; Instr[13]  ; ALUresu[17]   ; 8.833  ; 8.833  ; 8.833  ; 8.833  ;
; Instr[13]  ; ALUresu[18]   ; 9.169  ; 9.169  ; 9.169  ; 9.169  ;
; Instr[13]  ; ALUresu[19]   ; 9.047  ; 9.047  ; 9.047  ; 9.047  ;
; Instr[13]  ; ALUresu[20]   ; 9.139  ; 9.139  ; 9.139  ; 9.139  ;
; Instr[13]  ; ALUresu[21]   ; 9.390  ; 9.390  ; 9.390  ; 9.390  ;
; Instr[13]  ; ALUresu[22]   ; 9.663  ; 9.663  ; 9.663  ; 9.663  ;
; Instr[13]  ; ALUresu[23]   ; 10.365 ; 10.365 ; 10.365 ; 10.365 ;
; Instr[13]  ; ALUresu[24]   ; 10.616 ; 10.616 ; 10.616 ; 10.616 ;
; Instr[13]  ; ALUresu[25]   ; 10.353 ; 10.353 ; 10.353 ; 10.353 ;
; Instr[13]  ; ALUresu[26]   ; 10.300 ; 10.300 ; 10.300 ; 10.300 ;
; Instr[13]  ; ALUresu[27]   ; 10.440 ; 10.440 ; 10.440 ; 10.440 ;
; Instr[13]  ; ALUresu[28]   ; 10.408 ; 10.408 ; 10.408 ; 10.408 ;
; Instr[13]  ; ALUresu[29]   ; 10.809 ; 10.809 ; 10.809 ; 10.809 ;
; Instr[13]  ; ALUresu[30]   ; 10.794 ; 10.794 ; 10.794 ; 10.794 ;
; Instr[13]  ; ALUresu[31]   ; 11.480 ; 11.480 ; 11.480 ; 11.480 ;
; Instr[14]  ; ALUresu[0]    ; 9.175  ;        ;        ; 9.175  ;
; Instr[14]  ; ALUresu[14]   ; 7.138  ; 7.138  ; 7.138  ; 7.138  ;
; Instr[14]  ; ALUresu[15]   ; 7.500  ; 7.500  ; 7.500  ; 7.500  ;
; Instr[14]  ; ALUresu[16]   ; 8.456  ; 8.456  ; 8.456  ; 8.456  ;
; Instr[14]  ; ALUresu[17]   ; 8.036  ; 8.036  ; 8.036  ; 8.036  ;
; Instr[14]  ; ALUresu[18]   ; 8.372  ; 8.372  ; 8.372  ; 8.372  ;
; Instr[14]  ; ALUresu[19]   ; 8.250  ; 8.250  ; 8.250  ; 8.250  ;
; Instr[14]  ; ALUresu[20]   ; 8.342  ; 8.342  ; 8.342  ; 8.342  ;
; Instr[14]  ; ALUresu[21]   ; 8.593  ; 8.593  ; 8.593  ; 8.593  ;
; Instr[14]  ; ALUresu[22]   ; 8.866  ; 8.866  ; 8.866  ; 8.866  ;
; Instr[14]  ; ALUresu[23]   ; 9.568  ; 9.568  ; 9.568  ; 9.568  ;
; Instr[14]  ; ALUresu[24]   ; 9.819  ; 9.819  ; 9.819  ; 9.819  ;
; Instr[14]  ; ALUresu[25]   ; 9.556  ; 9.556  ; 9.556  ; 9.556  ;
; Instr[14]  ; ALUresu[26]   ; 9.503  ; 9.503  ; 9.503  ; 9.503  ;
; Instr[14]  ; ALUresu[27]   ; 9.643  ; 9.643  ; 9.643  ; 9.643  ;
; Instr[14]  ; ALUresu[28]   ; 9.611  ; 9.611  ; 9.611  ; 9.611  ;
; Instr[14]  ; ALUresu[29]   ; 10.012 ; 10.012 ; 10.012 ; 10.012 ;
; Instr[14]  ; ALUresu[30]   ; 9.997  ; 9.997  ; 9.997  ; 9.997  ;
; Instr[14]  ; ALUresu[31]   ; 10.683 ; 10.683 ; 10.683 ; 10.683 ;
; Instr[15]  ; ALUresu[0]    ; 9.667  ;        ;        ; 9.667  ;
; Instr[15]  ; ALUresu[15]   ; 8.002  ; 8.002  ; 8.002  ; 8.002  ;
; Instr[15]  ; ALUresu[16]   ; 8.201  ; 8.201  ; 8.201  ; 8.201  ;
; Instr[15]  ; ALUresu[17]   ; 7.781  ; 7.781  ; 7.781  ; 7.781  ;
; Instr[15]  ; ALUresu[18]   ; 8.117  ; 8.117  ; 8.117  ; 8.117  ;
; Instr[15]  ; ALUresu[19]   ; 7.995  ; 7.995  ; 7.995  ; 7.995  ;
; Instr[15]  ; ALUresu[20]   ; 8.087  ; 8.087  ; 8.087  ; 8.087  ;
; Instr[15]  ; ALUresu[21]   ; 8.338  ; 8.338  ; 8.338  ; 8.338  ;
; Instr[15]  ; ALUresu[22]   ; 8.611  ; 8.611  ; 8.611  ; 8.611  ;
; Instr[15]  ; ALUresu[23]   ; 9.313  ; 9.313  ; 9.313  ; 9.313  ;
; Instr[15]  ; ALUresu[24]   ; 9.564  ; 9.564  ; 9.564  ; 9.564  ;
; Instr[15]  ; ALUresu[25]   ; 9.301  ; 9.301  ; 9.301  ; 9.301  ;
; Instr[15]  ; ALUresu[26]   ; 9.248  ; 9.248  ; 9.248  ; 9.248  ;
; Instr[15]  ; ALUresu[27]   ; 9.388  ; 9.388  ; 9.388  ; 9.388  ;
; Instr[15]  ; ALUresu[28]   ; 9.356  ; 9.356  ; 9.356  ; 9.356  ;
; Instr[15]  ; ALUresu[29]   ; 9.757  ; 9.757  ; 9.757  ; 9.757  ;
; Instr[15]  ; ALUresu[30]   ; 9.742  ; 9.742  ; 9.742  ; 9.742  ;
; Instr[15]  ; ALUresu[31]   ; 10.428 ; 10.428 ; 10.428 ; 10.428 ;
; Instr[16]  ; ALUresu[0]    ; 8.754  ; 8.754  ; 8.754  ; 8.754  ;
; Instr[16]  ; ALUresu[1]    ; 8.747  ; 8.747  ; 8.747  ; 8.747  ;
; Instr[16]  ; ALUresu[2]    ; 8.766  ; 8.766  ; 8.766  ; 8.766  ;
; Instr[16]  ; ALUresu[3]    ; 8.728  ; 8.728  ; 8.728  ; 8.728  ;
; Instr[16]  ; ALUresu[4]    ; 8.905  ; 8.905  ; 8.905  ; 8.905  ;
; Instr[16]  ; ALUresu[5]    ; 8.673  ; 8.673  ; 8.673  ; 8.673  ;
; Instr[16]  ; ALUresu[6]    ; 8.945  ; 8.945  ; 8.945  ; 8.945  ;
; Instr[16]  ; ALUresu[7]    ; 9.046  ; 9.046  ; 9.046  ; 9.046  ;
; Instr[16]  ; ALUresu[8]    ; 9.260  ; 9.260  ; 9.260  ; 9.260  ;
; Instr[16]  ; ALUresu[9]    ; 8.867  ; 8.867  ; 8.867  ; 8.867  ;
; Instr[16]  ; ALUresu[10]   ; 9.848  ; 9.848  ; 9.848  ; 9.848  ;
; Instr[16]  ; ALUresu[11]   ; 8.820  ; 8.820  ; 8.820  ; 8.820  ;
; Instr[16]  ; ALUresu[12]   ; 9.170  ; 9.170  ; 9.170  ; 9.170  ;
; Instr[16]  ; ALUresu[13]   ; 8.876  ; 8.876  ; 8.876  ; 8.876  ;
; Instr[16]  ; ALUresu[14]   ; 8.346  ; 8.346  ; 8.346  ; 8.346  ;
; Instr[16]  ; ALUresu[15]   ; 8.912  ; 8.912  ; 8.912  ; 8.912  ;
; Instr[16]  ; ALUresu[16]   ; 9.915  ; 9.915  ; 9.915  ; 9.915  ;
; Instr[16]  ; ALUresu[17]   ; 9.153  ; 9.153  ; 9.153  ; 9.153  ;
; Instr[16]  ; ALUresu[18]   ; 9.489  ; 9.489  ; 9.489  ; 9.489  ;
; Instr[16]  ; ALUresu[19]   ; 8.802  ; 8.802  ; 8.802  ; 8.802  ;
; Instr[16]  ; ALUresu[20]   ; 8.894  ; 8.894  ; 8.894  ; 8.894  ;
; Instr[16]  ; ALUresu[21]   ; 8.435  ; 8.435  ; 8.435  ; 8.435  ;
; Instr[16]  ; ALUresu[22]   ; 8.708  ; 8.708  ; 8.708  ; 8.708  ;
; Instr[16]  ; ALUresu[23]   ; 8.854  ; 8.854  ; 8.854  ; 8.854  ;
; Instr[16]  ; ALUresu[24]   ; 9.555  ; 9.555  ; 9.555  ; 9.555  ;
; Instr[16]  ; ALUresu[25]   ; 9.292  ; 9.292  ; 9.292  ; 9.292  ;
; Instr[16]  ; ALUresu[26]   ; 8.703  ; 8.703  ; 8.703  ; 8.703  ;
; Instr[16]  ; ALUresu[27]   ; 8.843  ; 8.843  ; 8.843  ; 8.843  ;
; Instr[16]  ; ALUresu[28]   ; 8.811  ; 8.811  ; 8.811  ; 8.811  ;
; Instr[16]  ; ALUresu[29]   ; 9.212  ; 9.212  ; 9.212  ; 9.212  ;
; Instr[16]  ; ALUresu[30]   ; 8.925  ; 8.925  ; 8.925  ; 8.925  ;
; Instr[16]  ; ALUresu[31]   ; 8.277  ; 8.277  ; 8.277  ; 8.277  ;
; Instr[16]  ; Reg2[0]       ; 7.286  ; 7.286  ; 7.286  ; 7.286  ;
; Instr[16]  ; Reg2[1]       ; 7.228  ; 7.228  ; 7.228  ; 7.228  ;
; Instr[16]  ; Reg2[2]       ; 7.439  ; 7.792  ; 7.792  ; 7.439  ;
; Instr[16]  ; Reg2[3]       ; 8.272  ; 7.869  ; 7.869  ; 8.272  ;
; Instr[16]  ; Reg2[4]       ; 8.045  ; 8.030  ; 8.030  ; 8.045  ;
; Instr[16]  ; Reg2[5]       ; 7.933  ; 8.301  ; 8.301  ; 7.933  ;
; Instr[16]  ; Reg2[6]       ; 7.761  ; 8.142  ; 8.142  ; 7.761  ;
; Instr[16]  ; Reg2[7]       ; 7.836  ; 8.061  ; 8.061  ; 7.836  ;
; Instr[16]  ; Reg2[8]       ; 7.851  ; 8.111  ; 8.111  ; 7.851  ;
; Instr[16]  ; Reg2[9]       ; 7.749  ; 8.024  ; 8.024  ; 7.749  ;
; Instr[16]  ; Reg2[10]      ; 8.007  ; 8.071  ; 8.071  ; 8.007  ;
; Instr[16]  ; Reg2[11]      ; 7.316  ; 7.565  ; 7.565  ; 7.316  ;
; Instr[16]  ; Reg2[12]      ; 7.863  ; 7.902  ; 7.902  ; 7.863  ;
; Instr[16]  ; Reg2[13]      ; 8.224  ; 8.553  ; 8.553  ; 8.224  ;
; Instr[16]  ; Reg2[14]      ; 7.764  ; 7.749  ; 7.749  ; 7.764  ;
; Instr[16]  ; Reg2[15]      ; 7.798  ; 7.996  ; 7.996  ; 7.798  ;
; Instr[16]  ; Reg2[16]      ; 8.137  ; 8.033  ; 8.033  ; 8.137  ;
; Instr[16]  ; Reg2[17]      ; 8.396  ; 8.392  ; 8.392  ; 8.396  ;
; Instr[16]  ; Reg2[18]      ; 7.828  ; 8.018  ; 8.018  ; 7.828  ;
; Instr[16]  ; Reg2[19]      ; 8.469  ; 8.380  ; 8.380  ; 8.469  ;
; Instr[16]  ; Reg2[20]      ; 7.697  ; 7.777  ; 7.777  ; 7.697  ;
; Instr[16]  ; Reg2[21]      ; 7.955  ; 7.675  ; 7.675  ; 7.955  ;
; Instr[16]  ; Reg2[22]      ; 7.631  ; 7.717  ; 7.717  ; 7.631  ;
; Instr[16]  ; Reg2[23]      ; 7.914  ; 7.397  ; 7.397  ; 7.914  ;
; Instr[16]  ; Reg2[24]      ; 8.310  ; 8.455  ; 8.455  ; 8.310  ;
; Instr[16]  ; Reg2[25]      ; 8.108  ; 7.890  ; 7.890  ; 8.108  ;
; Instr[16]  ; Reg2[26]      ; 7.997  ; 8.166  ; 8.166  ; 7.997  ;
; Instr[16]  ; Reg2[27]      ; 8.408  ; 8.387  ; 8.387  ; 8.408  ;
; Instr[16]  ; Reg2[28]      ; 8.434  ; 8.398  ; 8.398  ; 8.434  ;
; Instr[16]  ; Reg2[29]      ; 8.655  ; 8.411  ; 8.411  ; 8.655  ;
; Instr[16]  ; Reg2[30]      ; 8.389  ; 8.579  ; 8.579  ; 8.389  ;
; Instr[16]  ; Reg2[31]      ; 8.664  ; 8.577  ; 8.577  ; 8.664  ;
; Instr[17]  ; ALUresu[0]    ; 8.250  ; 8.250  ; 8.250  ; 8.250  ;
; Instr[17]  ; ALUresu[1]    ; 8.243  ; 8.243  ; 8.243  ; 8.243  ;
; Instr[17]  ; ALUresu[2]    ; 8.262  ; 8.262  ; 8.262  ; 8.262  ;
; Instr[17]  ; ALUresu[3]    ; 8.224  ; 8.224  ; 8.224  ; 8.224  ;
; Instr[17]  ; ALUresu[4]    ; 8.401  ; 8.401  ; 8.401  ; 8.401  ;
; Instr[17]  ; ALUresu[5]    ; 8.169  ; 8.169  ; 8.169  ; 8.169  ;
; Instr[17]  ; ALUresu[6]    ; 8.658  ; 8.658  ; 8.658  ; 8.658  ;
; Instr[17]  ; ALUresu[7]    ; 8.812  ; 8.812  ; 8.812  ; 8.812  ;
; Instr[17]  ; ALUresu[8]    ; 9.144  ; 9.144  ; 9.144  ; 9.144  ;
; Instr[17]  ; ALUresu[9]    ; 8.891  ; 8.891  ; 8.891  ; 8.891  ;
; Instr[17]  ; ALUresu[10]   ; 9.708  ; 9.708  ; 9.708  ; 9.708  ;
; Instr[17]  ; ALUresu[11]   ; 8.916  ; 8.916  ; 8.916  ; 8.916  ;
; Instr[17]  ; ALUresu[12]   ; 9.201  ; 9.201  ; 9.201  ; 9.201  ;
; Instr[17]  ; ALUresu[13]   ; 8.966  ; 8.966  ; 8.966  ; 8.966  ;
; Instr[17]  ; ALUresu[14]   ; 8.418  ; 8.418  ; 8.418  ; 8.418  ;
; Instr[17]  ; ALUresu[15]   ; 9.002  ; 9.002  ; 9.002  ; 9.002  ;
; Instr[17]  ; ALUresu[16]   ; 9.984  ; 9.984  ; 9.984  ; 9.984  ;
; Instr[17]  ; ALUresu[17]   ; 9.222  ; 9.222  ; 9.222  ; 9.222  ;
; Instr[17]  ; ALUresu[18]   ; 9.558  ; 9.558  ; 9.558  ; 9.558  ;
; Instr[17]  ; ALUresu[19]   ; 8.898  ; 8.898  ; 8.898  ; 8.898  ;
; Instr[17]  ; ALUresu[20]   ; 8.990  ; 8.990  ; 8.990  ; 8.990  ;
; Instr[17]  ; ALUresu[21]   ; 8.525  ; 8.525  ; 8.525  ; 8.525  ;
; Instr[17]  ; ALUresu[22]   ; 8.798  ; 8.798  ; 8.798  ; 8.798  ;
; Instr[17]  ; ALUresu[23]   ; 8.923  ; 8.923  ; 8.923  ; 8.923  ;
; Instr[17]  ; ALUresu[24]   ; 9.651  ; 9.651  ; 9.651  ; 9.651  ;
; Instr[17]  ; ALUresu[25]   ; 9.201  ; 9.201  ; 9.201  ; 9.201  ;
; Instr[17]  ; ALUresu[26]   ; 8.775  ; 8.775  ; 8.775  ; 8.775  ;
; Instr[17]  ; ALUresu[27]   ; 8.915  ; 8.915  ; 8.915  ; 8.915  ;
; Instr[17]  ; ALUresu[28]   ; 8.883  ; 8.883  ; 8.883  ; 8.883  ;
; Instr[17]  ; ALUresu[29]   ; 8.977  ; 8.977  ; 8.977  ; 8.977  ;
; Instr[17]  ; ALUresu[30]   ; 8.707  ; 8.707  ; 8.707  ; 8.707  ;
; Instr[17]  ; ALUresu[31]   ; 8.067  ; 8.067  ; 8.067  ; 8.067  ;
; Instr[17]  ; Reg2[0]       ; 6.782  ; 6.782  ; 6.782  ; 6.782  ;
; Instr[17]  ; Reg2[1]       ; 6.672  ; 6.672  ; 6.672  ; 6.672  ;
; Instr[17]  ; Reg2[2]       ; 7.479  ; 7.335  ; 7.335  ; 7.479  ;
; Instr[17]  ; Reg2[3]       ; 8.012  ; 7.941  ; 7.941  ; 8.012  ;
; Instr[17]  ; Reg2[4]       ; 8.081  ; 8.117  ; 8.117  ; 8.081  ;
; Instr[17]  ; Reg2[5]       ; 8.093  ; 8.029  ; 8.029  ; 8.093  ;
; Instr[17]  ; Reg2[6]       ; 7.850  ; 7.721  ; 7.721  ; 7.850  ;
; Instr[17]  ; Reg2[7]       ; 7.712  ; 7.602  ; 7.602  ; 7.712  ;
; Instr[17]  ; Reg2[8]       ; 7.961  ; 7.735  ; 7.735  ; 7.961  ;
; Instr[17]  ; Reg2[9]       ; 7.883  ; 7.773  ; 7.773  ; 7.883  ;
; Instr[17]  ; Reg2[10]      ; 7.960  ; 8.143  ; 8.143  ; 7.960  ;
; Instr[17]  ; Reg2[11]      ; 7.557  ; 7.412  ; 7.412  ; 7.557  ;
; Instr[17]  ; Reg2[12]      ; 7.894  ; 8.075  ; 8.075  ; 7.894  ;
; Instr[17]  ; Reg2[13]      ; 8.314  ; 8.564  ; 8.564  ; 8.314  ;
; Instr[17]  ; Reg2[14]      ; 7.854  ; 7.821  ; 7.821  ; 7.854  ;
; Instr[17]  ; Reg2[15]      ; 7.888  ; 8.065  ; 8.065  ; 7.888  ;
; Instr[17]  ; Reg2[16]      ; 8.227  ; 8.102  ; 8.102  ; 8.227  ;
; Instr[17]  ; Reg2[17]      ; 8.267  ; 8.306  ; 8.306  ; 8.267  ;
; Instr[17]  ; Reg2[18]      ; 8.010  ; 7.924  ; 7.924  ; 8.010  ;
; Instr[17]  ; Reg2[19]      ; 8.151  ; 8.407  ; 8.407  ; 8.151  ;
; Instr[17]  ; Reg2[20]      ; 7.787  ; 7.846  ; 7.846  ; 7.787  ;
; Instr[17]  ; Reg2[21]      ; 7.534  ; 7.635  ; 7.635  ; 7.534  ;
; Instr[17]  ; Reg2[22]      ; 7.919  ; 7.727  ; 7.727  ; 7.919  ;
; Instr[17]  ; Reg2[23]      ; 7.559  ; 7.466  ; 7.466  ; 7.559  ;
; Instr[17]  ; Reg2[24]      ; 8.132  ; 8.182  ; 8.182  ; 8.132  ;
; Instr[17]  ; Reg2[25]      ; 8.143  ; 7.962  ; 7.962  ; 8.143  ;
; Instr[17]  ; Reg2[26]      ; 7.933  ; 8.093  ; 8.093  ; 7.933  ;
; Instr[17]  ; Reg2[27]      ; 8.331  ; 8.362  ; 8.362  ; 8.331  ;
; Instr[17]  ; Reg2[28]      ; 7.990  ; 8.220  ; 8.220  ; 7.990  ;
; Instr[17]  ; Reg2[29]      ; 8.153  ; 8.510  ; 8.510  ; 8.153  ;
; Instr[17]  ; Reg2[30]      ; 8.499  ; 8.485  ; 8.485  ; 8.499  ;
; Instr[17]  ; Reg2[31]      ; 8.367  ; 8.515  ; 8.515  ; 8.367  ;
; Instr[18]  ; ALUresu[0]    ; 8.635  ; 8.635  ; 8.635  ; 8.635  ;
; Instr[18]  ; ALUresu[1]    ; 8.500  ; 8.500  ; 8.500  ; 8.500  ;
; Instr[18]  ; ALUresu[2]    ; 8.647  ; 8.647  ; 8.647  ; 8.647  ;
; Instr[18]  ; ALUresu[3]    ; 8.609  ; 8.609  ; 8.609  ; 8.609  ;
; Instr[18]  ; ALUresu[4]    ; 8.786  ; 8.786  ; 8.786  ; 8.786  ;
; Instr[18]  ; ALUresu[5]    ; 8.554  ; 8.554  ; 8.554  ; 8.554  ;
; Instr[18]  ; ALUresu[6]    ; 9.043  ; 9.043  ; 9.043  ; 9.043  ;
; Instr[18]  ; ALUresu[7]    ; 8.690  ; 8.690  ; 8.690  ; 8.690  ;
; Instr[18]  ; ALUresu[8]    ; 9.054  ; 9.054  ; 9.054  ; 9.054  ;
; Instr[18]  ; ALUresu[9]    ; 9.015  ; 9.015  ; 9.015  ; 9.015  ;
; Instr[18]  ; ALUresu[10]   ; 9.653  ; 9.653  ; 9.653  ; 9.653  ;
; Instr[18]  ; ALUresu[11]   ; 8.963  ; 8.963  ; 8.963  ; 8.963  ;
; Instr[18]  ; ALUresu[12]   ; 9.103  ; 9.103  ; 9.103  ; 9.103  ;
; Instr[18]  ; ALUresu[13]   ; 9.023  ; 9.023  ; 9.023  ; 9.023  ;
; Instr[18]  ; ALUresu[14]   ; 8.461  ; 8.461  ; 8.461  ; 8.461  ;
; Instr[18]  ; ALUresu[15]   ; 9.059  ; 9.059  ; 9.059  ; 9.059  ;
; Instr[18]  ; ALUresu[16]   ; 10.034 ; 10.034 ; 10.034 ; 10.034 ;
; Instr[18]  ; ALUresu[17]   ; 9.187  ; 9.187  ; 9.187  ; 9.187  ;
; Instr[18]  ; ALUresu[18]   ; 9.608  ; 9.608  ; 9.608  ; 9.608  ;
; Instr[18]  ; ALUresu[19]   ; 8.886  ; 8.886  ; 8.886  ; 8.886  ;
; Instr[18]  ; ALUresu[20]   ; 8.978  ; 8.978  ; 8.978  ; 8.978  ;
; Instr[18]  ; ALUresu[21]   ; 8.582  ; 8.582  ; 8.582  ; 8.582  ;
; Instr[18]  ; ALUresu[22]   ; 8.786  ; 8.786  ; 8.786  ; 8.786  ;
; Instr[18]  ; ALUresu[23]   ; 8.973  ; 8.973  ; 8.973  ; 8.973  ;
; Instr[18]  ; ALUresu[24]   ; 9.704  ; 9.704  ; 9.704  ; 9.704  ;
; Instr[18]  ; ALUresu[25]   ; 9.205  ; 9.205  ; 9.205  ; 9.205  ;
; Instr[18]  ; ALUresu[26]   ; 8.734  ; 8.734  ; 8.734  ; 8.734  ;
; Instr[18]  ; ALUresu[27]   ; 8.874  ; 8.874  ; 8.874  ; 8.874  ;
; Instr[18]  ; ALUresu[28]   ; 8.842  ; 8.842  ; 8.842  ; 8.842  ;
; Instr[18]  ; ALUresu[29]   ; 8.991  ; 8.991  ; 8.991  ; 8.991  ;
; Instr[18]  ; ALUresu[30]   ; 8.684  ; 8.684  ; 8.684  ; 8.684  ;
; Instr[18]  ; ALUresu[31]   ; 8.044  ; 8.044  ; 8.044  ; 8.044  ;
; Instr[18]  ; Reg2[0]       ; 7.167  ; 7.167  ; 7.167  ; 7.167  ;
; Instr[18]  ; Reg2[1]       ; 6.875  ; 6.875  ; 6.875  ; 6.875  ;
; Instr[18]  ; Reg2[2]       ; 7.211  ; 7.503  ; 7.503  ; 7.211  ;
; Instr[18]  ; Reg2[3]       ; 7.835  ; 7.914  ; 7.914  ; 7.835  ;
; Instr[18]  ; Reg2[4]       ; 8.151  ; 8.150  ; 8.150  ; 8.151  ;
; Instr[18]  ; Reg2[5]       ; 8.303  ; 8.082  ; 8.082  ; 8.303  ;
; Instr[18]  ; Reg2[6]       ; 7.822  ; 7.954  ; 7.954  ; 7.822  ;
; Instr[18]  ; Reg2[7]       ; 7.480  ; 7.667  ; 7.667  ; 7.480  ;
; Instr[18]  ; Reg2[8]       ; 7.645  ; 7.984  ; 7.984  ; 7.645  ;
; Instr[18]  ; Reg2[9]       ; 8.059  ; 7.897  ; 7.897  ; 8.059  ;
; Instr[18]  ; Reg2[10]      ; 7.973  ; 7.974  ; 7.974  ; 7.973  ;
; Instr[18]  ; Reg2[11]      ; 7.524  ; 7.459  ; 7.459  ; 7.524  ;
; Instr[18]  ; Reg2[12]      ; 7.957  ; 7.796  ; 7.796  ; 7.957  ;
; Instr[18]  ; Reg2[13]      ; 8.371  ; 8.469  ; 8.469  ; 8.371  ;
; Instr[18]  ; Reg2[14]      ; 7.911  ; 7.864  ; 7.864  ; 7.911  ;
; Instr[18]  ; Reg2[15]      ; 7.945  ; 8.160  ; 8.160  ; 7.945  ;
; Instr[18]  ; Reg2[16]      ; 8.152  ; 8.467  ; 8.467  ; 8.152  ;
; Instr[18]  ; Reg2[17]      ; 8.060  ; 8.268  ; 8.268  ; 8.060  ;
; Instr[18]  ; Reg2[18]      ; 7.972  ; 7.912  ; 7.912  ; 7.972  ;
; Instr[18]  ; Reg2[19]      ; 8.128  ; 8.274  ; 8.274  ; 8.128  ;
; Instr[18]  ; Reg2[20]      ; 7.844  ; 8.112  ; 8.112  ; 7.844  ;
; Instr[18]  ; Reg2[21]      ; 7.401  ; 7.548  ; 7.548  ; 7.401  ;
; Instr[18]  ; Reg2[22]      ; 7.836  ; 7.780  ; 7.780  ; 7.836  ;
; Instr[18]  ; Reg2[23]      ; 7.516  ; 7.734  ; 7.734  ; 7.516  ;
; Instr[18]  ; Reg2[24]      ; 8.225  ; 8.136  ; 8.136  ; 8.225  ;
; Instr[18]  ; Reg2[25]      ; 7.921  ; 8.005  ; 8.005  ; 7.921  ;
; Instr[18]  ; Reg2[26]      ; 7.910  ; 8.097  ; 8.097  ; 7.910  ;
; Instr[18]  ; Reg2[27]      ; 8.313  ; 8.316  ; 8.316  ; 8.313  ;
; Instr[18]  ; Reg2[28]      ; 8.223  ; 8.004  ; 8.004  ; 8.223  ;
; Instr[18]  ; Reg2[29]      ; 8.130  ; 8.225  ; 8.225  ; 8.130  ;
; Instr[18]  ; Reg2[30]      ; 8.476  ; 8.526  ; 8.526  ; 8.476  ;
; Instr[18]  ; Reg2[31]      ; 8.344  ; 8.504  ; 8.504  ; 8.344  ;
; Instr[19]  ; ALUresu[0]    ; 9.187  ; 9.187  ; 9.187  ; 9.187  ;
; Instr[19]  ; ALUresu[1]    ; 9.107  ; 9.107  ; 9.107  ; 9.107  ;
; Instr[19]  ; ALUresu[2]    ; 9.199  ; 9.199  ; 9.199  ; 9.199  ;
; Instr[19]  ; ALUresu[3]    ; 9.161  ; 9.161  ; 9.161  ; 9.161  ;
; Instr[19]  ; ALUresu[4]    ; 9.338  ; 9.338  ; 9.338  ; 9.338  ;
; Instr[19]  ; ALUresu[5]    ; 9.106  ; 9.106  ; 9.106  ; 9.106  ;
; Instr[19]  ; ALUresu[6]    ; 9.595  ; 9.595  ; 9.595  ; 9.595  ;
; Instr[19]  ; ALUresu[7]    ; 9.733  ; 9.733  ; 9.733  ; 9.733  ;
; Instr[19]  ; ALUresu[8]    ; 10.138 ; 10.138 ; 10.138 ; 10.138 ;
; Instr[19]  ; ALUresu[9]    ; 9.727  ; 9.727  ; 9.727  ; 9.727  ;
; Instr[19]  ; ALUresu[10]   ; 10.448 ; 10.448 ; 10.448 ; 10.448 ;
; Instr[19]  ; ALUresu[11]   ; 9.578  ; 9.578  ; 9.578  ; 9.578  ;
; Instr[19]  ; ALUresu[12]   ; 9.814  ; 9.814  ; 9.814  ; 9.814  ;
; Instr[19]  ; ALUresu[13]   ; 9.618  ; 9.618  ; 9.618  ; 9.618  ;
; Instr[19]  ; ALUresu[14]   ; 9.325  ; 9.325  ; 9.325  ; 9.325  ;
; Instr[19]  ; ALUresu[15]   ; 9.719  ; 9.719  ; 9.719  ; 9.719  ;
; Instr[19]  ; ALUresu[16]   ; 10.747 ; 10.747 ; 10.747 ; 10.747 ;
; Instr[19]  ; ALUresu[17]   ; 9.846  ; 9.846  ; 9.846  ; 9.846  ;
; Instr[19]  ; ALUresu[18]   ; 10.321 ; 10.321 ; 10.321 ; 10.321 ;
; Instr[19]  ; ALUresu[19]   ; 9.689  ; 9.689  ; 9.689  ; 9.689  ;
; Instr[19]  ; ALUresu[20]   ; 9.674  ; 9.674  ; 9.674  ; 9.674  ;
; Instr[19]  ; ALUresu[21]   ; 9.788  ; 9.788  ; 9.788  ; 9.788  ;
; Instr[19]  ; ALUresu[22]   ; 9.658  ; 9.658  ; 9.658  ; 9.658  ;
; Instr[19]  ; ALUresu[23]   ; 10.066 ; 10.066 ; 10.066 ; 10.066 ;
; Instr[19]  ; ALUresu[24]   ; 10.438 ; 10.438 ; 10.438 ; 10.438 ;
; Instr[19]  ; ALUresu[25]   ; 9.899  ; 9.899  ; 9.899  ; 9.899  ;
; Instr[19]  ; ALUresu[26]   ; 9.604  ; 9.604  ; 9.604  ; 9.604  ;
; Instr[19]  ; ALUresu[27]   ; 9.685  ; 9.685  ; 9.685  ; 9.685  ;
; Instr[19]  ; ALUresu[28]   ; 9.653  ; 9.653  ; 9.653  ; 9.653  ;
; Instr[19]  ; ALUresu[29]   ; 9.602  ; 9.602  ; 9.602  ; 9.602  ;
; Instr[19]  ; ALUresu[30]   ; 9.289  ; 9.289  ; 9.289  ; 9.289  ;
; Instr[19]  ; ALUresu[31]   ; 8.649  ; 8.649  ; 8.649  ; 8.649  ;
; Instr[19]  ; Reg2[0]       ; 7.842  ; 7.719  ; 7.719  ; 7.842  ;
; Instr[19]  ; Reg2[1]       ; 7.558  ; 7.482  ; 7.482  ; 7.558  ;
; Instr[19]  ; Reg2[2]       ; 8.411  ; 8.166  ; 8.166  ; 8.411  ;
; Instr[19]  ; Reg2[3]       ; 9.037  ; 8.385  ; 8.385  ; 9.037  ;
; Instr[19]  ; Reg2[4]       ; 9.023  ; 8.819  ; 8.819  ; 9.023  ;
; Instr[19]  ; Reg2[5]       ; 9.744  ; 9.029  ; 9.029  ; 9.744  ;
; Instr[19]  ; Reg2[6]       ; 8.749  ; 8.675  ; 8.675  ; 8.749  ;
; Instr[19]  ; Reg2[7]       ; 8.813  ; 8.523  ; 8.523  ; 8.813  ;
; Instr[19]  ; Reg2[8]       ; 8.793  ; 8.729  ; 8.729  ; 8.793  ;
; Instr[19]  ; Reg2[9]       ; 9.064  ; 8.609  ; 8.609  ; 9.064  ;
; Instr[19]  ; Reg2[10]      ; 8.989  ; 8.575  ; 8.575  ; 8.989  ;
; Instr[19]  ; Reg2[11]      ; 8.582  ; 8.074  ; 8.074  ; 8.582  ;
; Instr[19]  ; Reg2[12]      ; 8.919  ; 8.507  ; 8.507  ; 8.919  ;
; Instr[19]  ; Reg2[13]      ; 9.574  ; 8.966  ; 8.966  ; 9.574  ;
; Instr[19]  ; Reg2[14]      ; 9.597  ; 8.728  ; 8.728  ; 9.597  ;
; Instr[19]  ; Reg2[15]      ; 9.129  ; 8.605  ; 8.605  ; 9.129  ;
; Instr[19]  ; Reg2[16]      ; 9.296  ; 8.865  ; 8.865  ; 9.296  ;
; Instr[19]  ; Reg2[17]      ; 8.932  ; 8.719  ; 8.719  ; 8.932  ;
; Instr[19]  ; Reg2[18]      ; 8.844  ; 8.715  ; 8.715  ; 8.844  ;
; Instr[19]  ; Reg2[19]      ; 9.397  ; 8.733  ; 8.733  ; 9.397  ;
; Instr[19]  ; Reg2[20]      ; 9.143  ; 9.050  ; 9.050  ; 9.143  ;
; Instr[19]  ; Reg2[21]      ; 8.273  ; 8.526  ; 8.526  ; 8.273  ;
; Instr[19]  ; Reg2[22]      ; 8.878  ; 8.514  ; 8.514  ; 8.878  ;
; Instr[19]  ; Reg2[23]      ; 8.688  ; 8.609  ; 8.609  ; 8.688  ;
; Instr[19]  ; Reg2[24]      ; 9.761  ; 8.830  ; 8.830  ; 9.761  ;
; Instr[19]  ; Reg2[25]      ; 8.793  ; 8.791  ; 8.791  ; 8.793  ;
; Instr[19]  ; Reg2[26]      ; 9.260  ; 8.515  ; 8.515  ; 9.260  ;
; Instr[19]  ; Reg2[27]      ; 9.367  ; 8.918  ; 8.918  ; 9.367  ;
; Instr[19]  ; Reg2[28]      ; 9.199  ; 8.781  ; 8.781  ; 9.199  ;
; Instr[19]  ; Reg2[29]      ; 9.420  ; 8.735  ; 8.735  ; 9.420  ;
; Instr[19]  ; Reg2[30]      ; 9.721  ; 9.081  ; 9.081  ; 9.721  ;
; Instr[19]  ; Reg2[31]      ; 9.671  ; 8.949  ; 8.949  ; 9.671  ;
; Instr[20]  ; ALUresu[0]    ; 9.008  ; 9.008  ; 9.008  ; 9.008  ;
; Instr[20]  ; ALUresu[1]    ; 8.928  ; 8.928  ; 8.928  ; 8.928  ;
; Instr[20]  ; ALUresu[2]    ; 9.020  ; 9.020  ; 9.020  ; 9.020  ;
; Instr[20]  ; ALUresu[3]    ; 8.982  ; 8.982  ; 8.982  ; 8.982  ;
; Instr[20]  ; ALUresu[4]    ; 9.159  ; 9.159  ; 9.159  ; 9.159  ;
; Instr[20]  ; ALUresu[5]    ; 8.927  ; 8.927  ; 8.927  ; 8.927  ;
; Instr[20]  ; ALUresu[6]    ; 9.416  ; 9.416  ; 9.416  ; 9.416  ;
; Instr[20]  ; ALUresu[7]    ; 9.554  ; 9.554  ; 9.554  ; 9.554  ;
; Instr[20]  ; ALUresu[8]    ; 9.959  ; 9.959  ; 9.959  ; 9.959  ;
; Instr[20]  ; ALUresu[9]    ; 9.548  ; 9.548  ; 9.548  ; 9.548  ;
; Instr[20]  ; ALUresu[10]   ; 10.269 ; 10.269 ; 10.269 ; 10.269 ;
; Instr[20]  ; ALUresu[11]   ; 9.399  ; 9.399  ; 9.399  ; 9.399  ;
; Instr[20]  ; ALUresu[12]   ; 9.635  ; 9.635  ; 9.635  ; 9.635  ;
; Instr[20]  ; ALUresu[13]   ; 9.439  ; 9.439  ; 9.439  ; 9.439  ;
; Instr[20]  ; ALUresu[14]   ; 9.146  ; 9.146  ; 9.146  ; 9.146  ;
; Instr[20]  ; ALUresu[15]   ; 9.540  ; 9.540  ; 9.540  ; 9.540  ;
; Instr[20]  ; ALUresu[16]   ; 10.568 ; 10.568 ; 10.568 ; 10.568 ;
; Instr[20]  ; ALUresu[17]   ; 9.667  ; 9.667  ; 9.667  ; 9.667  ;
; Instr[20]  ; ALUresu[18]   ; 10.142 ; 10.142 ; 10.142 ; 10.142 ;
; Instr[20]  ; ALUresu[19]   ; 9.510  ; 9.510  ; 9.510  ; 9.510  ;
; Instr[20]  ; ALUresu[20]   ; 9.495  ; 9.495  ; 9.495  ; 9.495  ;
; Instr[20]  ; ALUresu[21]   ; 9.609  ; 9.609  ; 9.609  ; 9.609  ;
; Instr[20]  ; ALUresu[22]   ; 9.505  ; 9.505  ; 9.505  ; 9.505  ;
; Instr[20]  ; ALUresu[23]   ; 9.887  ; 9.887  ; 9.887  ; 9.887  ;
; Instr[20]  ; ALUresu[24]   ; 10.259 ; 10.259 ; 10.259 ; 10.259 ;
; Instr[20]  ; ALUresu[25]   ; 9.720  ; 9.720  ; 9.720  ; 9.720  ;
; Instr[20]  ; ALUresu[26]   ; 9.425  ; 9.425  ; 9.425  ; 9.425  ;
; Instr[20]  ; ALUresu[27]   ; 9.506  ; 9.506  ; 9.506  ; 9.506  ;
; Instr[20]  ; ALUresu[28]   ; 9.474  ; 9.474  ; 9.474  ; 9.474  ;
; Instr[20]  ; ALUresu[29]   ; 9.423  ; 9.423  ; 9.423  ; 9.423  ;
; Instr[20]  ; ALUresu[30]   ; 9.110  ; 9.110  ; 9.110  ; 9.110  ;
; Instr[20]  ; ALUresu[31]   ; 8.470  ; 8.470  ; 8.470  ; 8.470  ;
; Instr[20]  ; Reg2[0]       ; 7.870  ; 7.540  ; 7.540  ; 7.870  ;
; Instr[20]  ; Reg2[1]       ; 7.337  ; 7.303  ; 7.303  ; 7.337  ;
; Instr[20]  ; Reg2[2]       ; 8.185  ; 7.987  ; 7.987  ; 8.185  ;
; Instr[20]  ; Reg2[3]       ; 8.816  ; 8.206  ; 8.206  ; 8.816  ;
; Instr[20]  ; Reg2[4]       ; 9.052  ; 8.640  ; 8.640  ; 9.052  ;
; Instr[20]  ; Reg2[5]       ; 9.481  ; 8.850  ; 8.850  ; 9.481  ;
; Instr[20]  ; Reg2[6]       ; 8.796  ; 8.496  ; 8.496  ; 8.796  ;
; Instr[20]  ; Reg2[7]       ; 8.454  ; 8.344  ; 8.344  ; 8.454  ;
; Instr[20]  ; Reg2[8]       ; 8.619  ; 8.550  ; 8.550  ; 8.619  ;
; Instr[20]  ; Reg2[9]       ; 8.871  ; 8.430  ; 8.430  ; 8.871  ;
; Instr[20]  ; Reg2[10]      ; 8.948  ; 8.396  ; 8.396  ; 8.948  ;
; Instr[20]  ; Reg2[11]      ; 8.361  ; 7.895  ; 7.895  ; 8.361  ;
; Instr[20]  ; Reg2[12]      ; 8.698  ; 8.328  ; 8.328  ; 8.698  ;
; Instr[20]  ; Reg2[13]      ; 9.347  ; 8.787  ; 8.787  ; 9.347  ;
; Instr[20]  ; Reg2[14]      ; 9.001  ; 8.549  ; 8.549  ; 9.001  ;
; Instr[20]  ; Reg2[15]      ; 9.063  ; 8.426  ; 8.426  ; 9.063  ;
; Instr[20]  ; Reg2[16]      ; 9.382  ; 8.686  ; 8.686  ; 9.382  ;
; Instr[20]  ; Reg2[17]      ; 9.255  ; 8.540  ; 8.540  ; 9.255  ;
; Instr[20]  ; Reg2[18]      ; 8.814  ; 8.536  ; 8.536  ; 8.814  ;
; Instr[20]  ; Reg2[19]      ; 9.176  ; 8.554  ; 8.554  ; 9.176  ;
; Instr[20]  ; Reg2[20]      ; 9.086  ; 8.871  ; 8.871  ; 9.086  ;
; Instr[20]  ; Reg2[21]      ; 8.522  ; 8.120  ; 8.120  ; 8.522  ;
; Instr[20]  ; Reg2[22]      ; 8.907  ; 8.335  ; 8.335  ; 8.907  ;
; Instr[20]  ; Reg2[23]      ; 8.653  ; 8.430  ; 8.430  ; 8.653  ;
; Instr[20]  ; Reg2[24]      ; 9.396  ; 8.651  ; 8.651  ; 9.396  ;
; Instr[20]  ; Reg2[25]      ; 9.131  ; 8.612  ; 8.612  ; 9.131  ;
; Instr[20]  ; Reg2[26]      ; 9.336  ; 8.336  ; 8.336  ; 9.336  ;
; Instr[20]  ; Reg2[27]      ; 9.319  ; 8.739  ; 8.739  ; 9.319  ;
; Instr[20]  ; Reg2[28]      ; 8.978  ; 8.602  ; 8.602  ; 8.978  ;
; Instr[20]  ; Reg2[29]      ; 9.199  ; 8.556  ; 8.556  ; 9.199  ;
; Instr[20]  ; Reg2[30]      ; 9.500  ; 8.902  ; 8.902  ; 9.500  ;
; Instr[20]  ; Reg2[31]      ; 9.914  ; 8.770  ; 8.770  ; 9.914  ;
; Instr[21]  ; ALUresu[0]    ; 8.360  ; 8.360  ; 8.360  ; 8.360  ;
; Instr[21]  ; ALUresu[1]    ; 8.464  ; 8.464  ; 8.464  ; 8.464  ;
; Instr[21]  ; ALUresu[2]    ; 8.730  ; 8.730  ; 8.730  ; 8.730  ;
; Instr[21]  ; ALUresu[3]    ; 8.670  ; 8.670  ; 8.670  ; 8.670  ;
; Instr[21]  ; ALUresu[4]    ; 8.681  ; 8.681  ; 8.681  ; 8.681  ;
; Instr[21]  ; ALUresu[5]    ; 8.605  ; 8.605  ; 8.605  ; 8.605  ;
; Instr[21]  ; ALUresu[6]    ; 8.335  ; 8.335  ; 8.335  ; 8.335  ;
; Instr[21]  ; ALUresu[7]    ; 9.037  ; 9.037  ; 9.037  ; 9.037  ;
; Instr[21]  ; ALUresu[8]    ; 9.020  ; 9.020  ; 9.020  ; 9.020  ;
; Instr[21]  ; ALUresu[9]    ; 8.690  ; 8.690  ; 8.690  ; 8.690  ;
; Instr[21]  ; ALUresu[10]   ; 8.592  ; 8.592  ; 8.592  ; 8.592  ;
; Instr[21]  ; ALUresu[11]   ; 8.708  ; 8.708  ; 8.708  ; 8.708  ;
; Instr[21]  ; ALUresu[12]   ; 9.212  ; 9.212  ; 9.212  ; 9.212  ;
; Instr[21]  ; ALUresu[13]   ; 8.540  ; 8.540  ; 8.540  ; 8.540  ;
; Instr[21]  ; ALUresu[14]   ; 8.634  ; 8.634  ; 8.634  ; 8.634  ;
; Instr[21]  ; ALUresu[15]   ; 9.050  ; 9.050  ; 9.050  ; 9.050  ;
; Instr[21]  ; ALUresu[16]   ; 9.023  ; 9.023  ; 9.023  ; 9.023  ;
; Instr[21]  ; ALUresu[17]   ; 8.465  ; 8.465  ; 8.465  ; 8.465  ;
; Instr[21]  ; ALUresu[18]   ; 9.269  ; 9.269  ; 9.269  ; 9.269  ;
; Instr[21]  ; ALUresu[19]   ; 9.422  ; 9.422  ; 9.422  ; 9.422  ;
; Instr[21]  ; ALUresu[20]   ; 8.965  ; 8.965  ; 8.965  ; 8.965  ;
; Instr[21]  ; ALUresu[21]   ; 9.173  ; 9.173  ; 9.173  ; 9.173  ;
; Instr[21]  ; ALUresu[22]   ; 9.048  ; 9.048  ; 9.048  ; 9.048  ;
; Instr[21]  ; ALUresu[23]   ; 8.875  ; 8.875  ; 8.875  ; 8.875  ;
; Instr[21]  ; ALUresu[24]   ; 9.085  ; 9.085  ; 9.085  ; 9.085  ;
; Instr[21]  ; ALUresu[25]   ; 9.283  ; 9.283  ; 9.283  ; 9.283  ;
; Instr[21]  ; ALUresu[26]   ; 9.230  ; 9.230  ; 9.230  ; 9.230  ;
; Instr[21]  ; ALUresu[27]   ; 9.370  ; 9.370  ; 9.370  ; 9.370  ;
; Instr[21]  ; ALUresu[28]   ; 9.145  ; 9.145  ; 9.145  ; 9.145  ;
; Instr[21]  ; ALUresu[29]   ; 8.858  ; 8.858  ; 8.858  ; 8.858  ;
; Instr[21]  ; ALUresu[30]   ; 8.650  ; 8.650  ; 8.650  ; 8.650  ;
; Instr[21]  ; ALUresu[31]   ; 9.018  ; 9.018  ; 9.018  ; 9.018  ;
; Instr[21]  ; Reg1[0]       ; 6.666  ; 6.666  ; 6.666  ; 6.666  ;
; Instr[21]  ; Reg1[1]       ; 7.139  ; 7.139  ; 7.139  ; 7.139  ;
; Instr[21]  ; Reg1[2]       ; 7.382  ; 7.503  ; 7.503  ; 7.382  ;
; Instr[21]  ; Reg1[3]       ; 7.857  ; 7.551  ; 7.551  ; 7.857  ;
; Instr[21]  ; Reg1[4]       ; 7.486  ; 7.710  ; 7.710  ; 7.486  ;
; Instr[21]  ; Reg1[5]       ; 8.479  ; 8.202  ; 8.202  ; 8.479  ;
; Instr[21]  ; Reg1[6]       ; 7.828  ; 7.303  ; 7.303  ; 7.828  ;
; Instr[21]  ; Reg1[7]       ; 7.800  ; 8.091  ; 8.091  ; 7.800  ;
; Instr[21]  ; Reg1[8]       ; 7.815  ; 8.153  ; 8.153  ; 7.815  ;
; Instr[21]  ; Reg1[9]       ; 7.958  ; 7.756  ; 7.756  ; 7.958  ;
; Instr[21]  ; Reg1[10]      ; 7.831  ; 8.093  ; 8.093  ; 7.831  ;
; Instr[21]  ; Reg1[11]      ; 7.955  ; 7.862  ; 7.862  ; 7.955  ;
; Instr[21]  ; Reg1[12]      ; 8.296  ; 8.173  ; 8.173  ; 8.296  ;
; Instr[21]  ; Reg1[13]      ; 8.070  ; 7.948  ; 7.948  ; 8.070  ;
; Instr[21]  ; Reg1[14]      ; 8.193  ; 7.958  ; 7.958  ; 8.193  ;
; Instr[21]  ; Reg1[15]      ; 8.600  ; 8.321  ; 8.321  ; 8.600  ;
; Instr[21]  ; Reg1[16]      ; 8.317  ; 8.038  ; 8.038  ; 8.317  ;
; Instr[21]  ; Reg1[17]      ; 8.409  ; 8.135  ; 8.135  ; 8.409  ;
; Instr[21]  ; Reg1[18]      ; 8.256  ; 8.173  ; 8.173  ; 8.256  ;
; Instr[21]  ; Reg1[19]      ; 8.360  ; 8.480  ; 8.480  ; 8.360  ;
; Instr[21]  ; Reg1[20]      ; 8.096  ; 7.871  ; 7.871  ; 8.096  ;
; Instr[21]  ; Reg1[21]      ; 8.149  ; 8.523  ; 8.523  ; 8.149  ;
; Instr[21]  ; Reg1[22]      ; 8.292  ; 8.174  ; 8.174  ; 8.292  ;
; Instr[21]  ; Reg1[23]      ; 8.080  ; 7.983  ; 7.983  ; 8.080  ;
; Instr[21]  ; Reg1[24]      ; 8.346  ; 8.123  ; 8.123  ; 8.346  ;
; Instr[21]  ; Reg1[25]      ; 8.548  ; 8.542  ; 8.542  ; 8.548  ;
; Instr[21]  ; Reg1[26]      ; 8.099  ; 8.335  ; 8.335  ; 8.099  ;
; Instr[21]  ; Reg1[27]      ; 8.470  ; 8.434  ; 8.434  ; 8.470  ;
; Instr[21]  ; Reg1[28]      ; 8.379  ; 8.315  ; 8.315  ; 8.379  ;
; Instr[21]  ; Reg1[29]      ; 8.300  ; 8.102  ; 8.102  ; 8.300  ;
; Instr[21]  ; Reg1[30]      ; 7.869  ; 7.692  ; 7.692  ; 7.869  ;
; Instr[21]  ; Reg1[31]      ; 8.324  ; 8.188  ; 8.188  ; 8.324  ;
; Instr[22]  ; ALUresu[0]    ; 7.972  ; 7.972  ; 7.972  ; 7.972  ;
; Instr[22]  ; ALUresu[1]    ; 7.919  ; 7.919  ; 7.919  ; 7.919  ;
; Instr[22]  ; ALUresu[2]    ; 8.111  ; 8.111  ; 8.111  ; 8.111  ;
; Instr[22]  ; ALUresu[3]    ; 8.073  ; 8.073  ; 8.073  ; 8.073  ;
; Instr[22]  ; ALUresu[4]    ; 8.250  ; 8.250  ; 8.250  ; 8.250  ;
; Instr[22]  ; ALUresu[5]    ; 8.018  ; 8.018  ; 8.018  ; 8.018  ;
; Instr[22]  ; ALUresu[6]    ; 8.507  ; 8.507  ; 8.507  ; 8.507  ;
; Instr[22]  ; ALUresu[7]    ; 8.939  ; 8.939  ; 8.939  ; 8.939  ;
; Instr[22]  ; ALUresu[8]    ; 9.095  ; 9.095  ; 9.095  ; 9.095  ;
; Instr[22]  ; ALUresu[9]    ; 8.711  ; 8.711  ; 8.711  ; 8.711  ;
; Instr[22]  ; ALUresu[10]   ; 8.413  ; 8.413  ; 8.413  ; 8.413  ;
; Instr[22]  ; ALUresu[11]   ; 8.529  ; 8.529  ; 8.529  ; 8.529  ;
; Instr[22]  ; ALUresu[12]   ; 9.195  ; 9.195  ; 9.195  ; 9.195  ;
; Instr[22]  ; ALUresu[13]   ; 8.554  ; 8.554  ; 8.554  ; 8.554  ;
; Instr[22]  ; ALUresu[14]   ; 8.563  ; 8.563  ; 8.563  ; 8.563  ;
; Instr[22]  ; ALUresu[15]   ; 8.884  ; 8.884  ; 8.884  ; 8.884  ;
; Instr[22]  ; ALUresu[16]   ; 8.840  ; 8.840  ; 8.840  ; 8.840  ;
; Instr[22]  ; ALUresu[17]   ; 8.534  ; 8.534  ; 8.534  ; 8.534  ;
; Instr[22]  ; ALUresu[18]   ; 9.183  ; 9.183  ; 9.183  ; 9.183  ;
; Instr[22]  ; ALUresu[19]   ; 9.143  ; 9.143  ; 9.143  ; 9.143  ;
; Instr[22]  ; ALUresu[20]   ; 9.004  ; 9.004  ; 9.004  ; 9.004  ;
; Instr[22]  ; ALUresu[21]   ; 9.004  ; 9.004  ; 9.004  ; 9.004  ;
; Instr[22]  ; ALUresu[22]   ; 8.947  ; 8.947  ; 8.947  ; 8.947  ;
; Instr[22]  ; ALUresu[23]   ; 8.838  ; 8.838  ; 8.838  ; 8.838  ;
; Instr[22]  ; ALUresu[24]   ; 9.170  ; 9.170  ; 9.170  ; 9.170  ;
; Instr[22]  ; ALUresu[25]   ; 9.368  ; 9.368  ; 9.368  ; 9.368  ;
; Instr[22]  ; ALUresu[26]   ; 9.315  ; 9.315  ; 9.315  ; 9.315  ;
; Instr[22]  ; ALUresu[27]   ; 9.335  ; 9.335  ; 9.335  ; 9.335  ;
; Instr[22]  ; ALUresu[28]   ; 8.967  ; 8.967  ; 8.967  ; 8.967  ;
; Instr[22]  ; ALUresu[29]   ; 8.728  ; 8.728  ; 8.728  ; 8.728  ;
; Instr[22]  ; ALUresu[30]   ; 8.597  ; 8.597  ; 8.597  ; 8.597  ;
; Instr[22]  ; ALUresu[31]   ; 8.993  ; 8.993  ; 8.993  ; 8.993  ;
; Instr[22]  ; Reg1[0]       ; 6.278  ; 6.278  ; 6.278  ; 6.278  ;
; Instr[22]  ; Reg1[1]       ; 6.520  ; 6.520  ; 6.520  ; 6.520  ;
; Instr[22]  ; Reg1[2]       ; 7.242  ; 7.277  ; 7.277  ; 7.242  ;
; Instr[22]  ; Reg1[3]       ; 7.620  ; 7.923  ; 7.923  ; 7.620  ;
; Instr[22]  ; Reg1[4]       ; 7.484  ; 7.843  ; 7.843  ; 7.484  ;
; Instr[22]  ; Reg1[5]       ; 8.468  ; 8.163  ; 8.163  ; 8.468  ;
; Instr[22]  ; Reg1[6]       ; 7.628  ; 7.854  ; 7.854  ; 7.628  ;
; Instr[22]  ; Reg1[7]       ; 7.967  ; 7.906  ; 7.906  ; 7.967  ;
; Instr[22]  ; Reg1[8]       ; 8.029  ; 7.921  ; 7.921  ; 8.029  ;
; Instr[22]  ; Reg1[9]       ; 7.777  ; 8.172  ; 8.172  ; 7.777  ;
; Instr[22]  ; Reg1[10]      ; 7.652  ; 8.026  ; 8.026  ; 7.652  ;
; Instr[22]  ; Reg1[11]      ; 7.931  ; 8.061  ; 8.061  ; 7.931  ;
; Instr[22]  ; Reg1[12]      ; 8.225  ; 8.156  ; 8.156  ; 8.225  ;
; Instr[22]  ; Reg1[13]      ; 8.017  ; 7.962  ; 7.962  ; 8.017  ;
; Instr[22]  ; Reg1[14]      ; 8.027  ; 7.887  ; 7.887  ; 8.027  ;
; Instr[22]  ; Reg1[15]      ; 8.390  ; 8.155  ; 8.155  ; 8.390  ;
; Instr[22]  ; Reg1[16]      ; 8.148  ; 7.855  ; 7.855  ; 8.148  ;
; Instr[22]  ; Reg1[17]      ; 8.204  ; 8.331  ; 8.331  ; 8.204  ;
; Instr[22]  ; Reg1[18]      ; 8.087  ; 8.254  ; 8.254  ; 8.087  ;
; Instr[22]  ; Reg1[19]      ; 8.081  ; 8.514  ; 8.514  ; 8.081  ;
; Instr[22]  ; Reg1[20]      ; 7.910  ; 7.952  ; 7.952  ; 7.910  ;
; Instr[22]  ; Reg1[21]      ; 7.980  ; 8.345  ; 8.345  ; 7.980  ;
; Instr[22]  ; Reg1[22]      ; 8.266  ; 8.073  ; 8.073  ; 8.266  ;
; Instr[22]  ; Reg1[23]      ; 7.946  ; 8.062  ; 8.062  ; 7.946  ;
; Instr[22]  ; Reg1[24]      ; 8.446  ; 8.208  ; 8.208  ; 8.446  ;
; Instr[22]  ; Reg1[25]      ; 8.554  ; 8.395  ; 8.395  ; 8.554  ;
; Instr[22]  ; Reg1[26]      ; 8.171  ; 7.885  ; 7.885  ; 8.171  ;
; Instr[22]  ; Reg1[27]      ; 8.304  ; 8.256  ; 8.256  ; 8.304  ;
; Instr[22]  ; Reg1[28]      ; 8.389  ; 8.137  ; 8.137  ; 8.389  ;
; Instr[22]  ; Reg1[29]      ; 8.021  ; 7.972  ; 7.972  ; 8.021  ;
; Instr[22]  ; Reg1[30]      ; 7.735  ; 7.639  ; 7.639  ; 7.735  ;
; Instr[22]  ; Reg1[31]      ; 8.163  ; 8.329  ; 8.329  ; 8.163  ;
; Instr[23]  ; ALUresu[0]    ; 8.055  ; 8.055  ; 8.055  ; 8.055  ;
; Instr[23]  ; ALUresu[1]    ; 8.159  ; 8.159  ; 8.159  ; 8.159  ;
; Instr[23]  ; ALUresu[2]    ; 8.498  ; 8.498  ; 8.498  ; 8.498  ;
; Instr[23]  ; ALUresu[3]    ; 8.460  ; 8.460  ; 8.460  ; 8.460  ;
; Instr[23]  ; ALUresu[4]    ; 8.484  ; 8.484  ; 8.484  ; 8.484  ;
; Instr[23]  ; ALUresu[5]    ; 8.405  ; 8.405  ; 8.405  ; 8.405  ;
; Instr[23]  ; ALUresu[6]    ; 8.714  ; 8.714  ; 8.714  ; 8.714  ;
; Instr[23]  ; ALUresu[7]    ; 8.960  ; 8.960  ; 8.960  ; 8.960  ;
; Instr[23]  ; ALUresu[8]    ; 8.943  ; 8.943  ; 8.943  ; 8.943  ;
; Instr[23]  ; ALUresu[9]    ; 8.611  ; 8.611  ; 8.611  ; 8.611  ;
; Instr[23]  ; ALUresu[10]   ; 8.313  ; 8.313  ; 8.313  ; 8.313  ;
; Instr[23]  ; ALUresu[11]   ; 8.429  ; 8.429  ; 8.429  ; 8.429  ;
; Instr[23]  ; ALUresu[12]   ; 9.119  ; 9.119  ; 9.119  ; 9.119  ;
; Instr[23]  ; ALUresu[13]   ; 8.589  ; 8.589  ; 8.589  ; 8.589  ;
; Instr[23]  ; ALUresu[14]   ; 8.713  ; 8.713  ; 8.713  ; 8.713  ;
; Instr[23]  ; ALUresu[15]   ; 8.931  ; 8.931  ; 8.931  ; 8.931  ;
; Instr[23]  ; ALUresu[16]   ; 8.887  ; 8.887  ; 8.887  ; 8.887  ;
; Instr[23]  ; ALUresu[17]   ; 8.636  ; 8.636  ; 8.636  ; 8.636  ;
; Instr[23]  ; ALUresu[18]   ; 9.222  ; 9.222  ; 9.222  ; 9.222  ;
; Instr[23]  ; ALUresu[19]   ; 9.041  ; 9.041  ; 9.041  ; 9.041  ;
; Instr[23]  ; ALUresu[20]   ; 8.904  ; 8.904  ; 8.904  ; 8.904  ;
; Instr[23]  ; ALUresu[21]   ; 9.043  ; 9.043  ; 9.043  ; 9.043  ;
; Instr[23]  ; ALUresu[22]   ; 8.999  ; 8.999  ; 8.999  ; 8.999  ;
; Instr[23]  ; ALUresu[23]   ; 8.826  ; 8.826  ; 8.826  ; 8.826  ;
; Instr[23]  ; ALUresu[24]   ; 9.114  ; 9.114  ; 9.114  ; 9.114  ;
; Instr[23]  ; ALUresu[25]   ; 9.312  ; 9.312  ; 9.312  ; 9.312  ;
; Instr[23]  ; ALUresu[26]   ; 9.259  ; 9.259  ; 9.259  ; 9.259  ;
; Instr[23]  ; ALUresu[27]   ; 9.283  ; 9.283  ; 9.283  ; 9.283  ;
; Instr[23]  ; ALUresu[28]   ; 8.915  ; 8.915  ; 8.915  ; 8.915  ;
; Instr[23]  ; ALUresu[29]   ; 8.654  ; 8.654  ; 8.654  ; 8.654  ;
; Instr[23]  ; ALUresu[30]   ; 8.638  ; 8.638  ; 8.638  ; 8.638  ;
; Instr[23]  ; ALUresu[31]   ; 8.891  ; 8.891  ; 8.891  ; 8.891  ;
; Instr[23]  ; Reg1[0]       ; 6.361  ; 6.361  ; 6.361  ; 6.361  ;
; Instr[23]  ; Reg1[1]       ; 6.907  ; 6.907  ; 6.907  ; 6.907  ;
; Instr[23]  ; Reg1[2]       ; 7.185  ; 7.142  ; 7.142  ; 7.185  ;
; Instr[23]  ; Reg1[3]       ; 7.874  ; 7.669  ; 7.669  ; 7.874  ;
; Instr[23]  ; Reg1[4]       ; 7.289  ; 7.772  ; 7.772  ; 7.289  ;
; Instr[23]  ; Reg1[5]       ; 8.469  ; 8.210  ; 8.210  ; 8.469  ;
; Instr[23]  ; Reg1[6]       ; 7.682  ; 7.685  ; 7.685  ; 7.682  ;
; Instr[23]  ; Reg1[7]       ; 7.723  ; 7.781  ; 7.781  ; 7.723  ;
; Instr[23]  ; Reg1[8]       ; 7.738  ; 7.994  ; 7.994  ; 7.738  ;
; Instr[23]  ; Reg1[9]       ; 7.916  ; 7.677  ; 7.677  ; 7.916  ;
; Instr[23]  ; Reg1[10]      ; 7.843  ; 7.552  ; 7.552  ; 7.843  ;
; Instr[23]  ; Reg1[11]      ; 7.877  ; 8.030  ; 8.030  ; 7.877  ;
; Instr[23]  ; Reg1[12]      ; 8.197  ; 8.265  ; 8.265  ; 8.197  ;
; Instr[23]  ; Reg1[13]      ; 7.997  ; 8.009  ; 8.009  ; 7.997  ;
; Instr[23]  ; Reg1[14]      ; 8.090  ; 8.037  ; 8.037  ; 8.090  ;
; Instr[23]  ; Reg1[15]      ; 8.470  ; 8.202  ; 8.202  ; 8.470  ;
; Instr[23]  ; Reg1[16]      ; 8.287  ; 7.902  ; 7.902  ; 8.287  ;
; Instr[23]  ; Reg1[17]      ; 8.336  ; 8.306  ; 8.306  ; 8.336  ;
; Instr[23]  ; Reg1[18]      ; 8.592  ; 8.126  ; 8.126  ; 8.592  ;
; Instr[23]  ; Reg1[19]      ; 8.461  ; 7.979  ; 7.979  ; 8.461  ;
; Instr[23]  ; Reg1[20]      ; 8.090  ; 7.810  ; 7.810  ; 8.090  ;
; Instr[23]  ; Reg1[21]      ; 8.386  ; 8.019  ; 8.019  ; 8.386  ;
; Instr[23]  ; Reg1[22]      ; 8.125  ; 8.166  ; 8.166  ; 8.125  ;
; Instr[23]  ; Reg1[23]      ; 7.934  ; 8.014  ; 8.014  ; 7.934  ;
; Instr[23]  ; Reg1[24]      ; 8.249  ; 8.152  ; 8.152  ; 8.249  ;
; Instr[23]  ; Reg1[25]      ; 8.542  ; 8.354  ; 8.354  ; 8.542  ;
; Instr[23]  ; Reg1[26]      ; 8.285  ; 8.035  ; 8.035  ; 8.285  ;
; Instr[23]  ; Reg1[27]      ; 8.297  ; 8.204  ; 8.204  ; 8.297  ;
; Instr[23]  ; Reg1[28]      ; 8.178  ; 8.289  ; 8.289  ; 8.178  ;
; Instr[23]  ; Reg1[29]      ; 8.269  ; 7.898  ; 7.898  ; 8.269  ;
; Instr[23]  ; Reg1[30]      ; 7.680  ; 7.747  ; 7.747  ; 7.680  ;
; Instr[23]  ; Reg1[31]      ; 8.408  ; 8.061  ; 8.061  ; 8.408  ;
; Instr[24]  ; ALUresu[0]    ; 8.521  ; 8.521  ; 8.521  ; 8.521  ;
; Instr[24]  ; ALUresu[1]    ; 8.625  ; 8.625  ; 8.625  ; 8.625  ;
; Instr[24]  ; ALUresu[2]    ; 9.002  ; 9.002  ; 9.002  ; 9.002  ;
; Instr[24]  ; ALUresu[3]    ; 8.964  ; 8.964  ; 8.964  ; 8.964  ;
; Instr[24]  ; ALUresu[4]    ; 9.141  ; 9.141  ; 9.141  ; 9.141  ;
; Instr[24]  ; ALUresu[5]    ; 8.909  ; 8.909  ; 8.909  ; 8.909  ;
; Instr[24]  ; ALUresu[6]    ; 9.398  ; 9.398  ; 9.398  ; 9.398  ;
; Instr[24]  ; ALUresu[7]    ; 9.830  ; 9.830  ; 9.830  ; 9.830  ;
; Instr[24]  ; ALUresu[8]    ; 9.897  ; 9.897  ; 9.897  ; 9.897  ;
; Instr[24]  ; ALUresu[9]    ; 9.820  ; 9.820  ; 9.820  ; 9.820  ;
; Instr[24]  ; ALUresu[10]   ; 9.558  ; 9.558  ; 9.558  ; 9.558  ;
; Instr[24]  ; ALUresu[11]   ; 9.674  ; 9.674  ; 9.674  ; 9.674  ;
; Instr[24]  ; ALUresu[12]   ; 10.074 ; 10.074 ; 10.074 ; 10.074 ;
; Instr[24]  ; ALUresu[13]   ; 9.401  ; 9.401  ; 9.401  ; 9.401  ;
; Instr[24]  ; ALUresu[14]   ; 9.769  ; 9.769  ; 9.769  ; 9.769  ;
; Instr[24]  ; ALUresu[15]   ; 10.068 ; 10.068 ; 10.068 ; 10.068 ;
; Instr[24]  ; ALUresu[16]   ; 10.107 ; 10.107 ; 10.107 ; 10.107 ;
; Instr[24]  ; ALUresu[17]   ; 9.335  ; 9.335  ; 9.335  ; 9.335  ;
; Instr[24]  ; ALUresu[18]   ; 10.024 ; 10.024 ; 10.024 ; 10.024 ;
; Instr[24]  ; ALUresu[19]   ; 9.913  ; 9.913  ; 9.913  ; 9.913  ;
; Instr[24]  ; ALUresu[20]   ; 9.720  ; 9.720  ; 9.720  ; 9.720  ;
; Instr[24]  ; ALUresu[21]   ; 9.972  ; 9.972  ; 9.972  ; 9.972  ;
; Instr[24]  ; ALUresu[22]   ; 9.863  ; 9.863  ; 9.863  ; 9.863  ;
; Instr[24]  ; ALUresu[23]   ; 9.786  ; 9.786  ; 9.786  ; 9.786  ;
; Instr[24]  ; ALUresu[24]   ; 9.994  ; 9.994  ; 9.994  ; 9.994  ;
; Instr[24]  ; ALUresu[25]   ; 10.192 ; 10.192 ; 10.192 ; 10.192 ;
; Instr[24]  ; ALUresu[26]   ; 10.139 ; 10.139 ; 10.139 ; 10.139 ;
; Instr[24]  ; ALUresu[27]   ; 10.279 ; 10.279 ; 10.279 ; 10.279 ;
; Instr[24]  ; ALUresu[28]   ; 10.155 ; 10.155 ; 10.155 ; 10.155 ;
; Instr[24]  ; ALUresu[29]   ; 9.547  ; 9.547  ; 9.547  ; 9.547  ;
; Instr[24]  ; ALUresu[30]   ; 9.642  ; 9.642  ; 9.642  ; 9.642  ;
; Instr[24]  ; ALUresu[31]   ; 9.763  ; 9.763  ; 9.763  ; 9.763  ;
; Instr[24]  ; Reg1[0]       ; 6.827  ; 7.410  ; 7.410  ; 6.827  ;
; Instr[24]  ; Reg1[1]       ; 7.411  ; 7.938  ; 7.938  ; 7.411  ;
; Instr[24]  ; Reg1[2]       ; 8.279  ; 8.069  ; 8.069  ; 8.279  ;
; Instr[24]  ; Reg1[3]       ; 8.966  ; 8.555  ; 8.555  ; 8.966  ;
; Instr[24]  ; Reg1[4]       ; 8.781  ; 8.173  ; 8.173  ; 8.781  ;
; Instr[24]  ; Reg1[5]       ; 9.421  ; 9.165  ; 9.165  ; 9.421  ;
; Instr[24]  ; Reg1[6]       ; 8.778  ; 8.565  ; 8.565  ; 8.778  ;
; Instr[24]  ; Reg1[7]       ; 8.677  ; 8.661  ; 8.661  ; 8.677  ;
; Instr[24]  ; Reg1[8]       ; 8.692  ; 8.897  ; 8.897  ; 8.692  ;
; Instr[24]  ; Reg1[9]       ; 8.943  ; 8.886  ; 8.886  ; 8.943  ;
; Instr[24]  ; Reg1[10]      ; 8.797  ; 9.226  ; 9.226  ; 8.797  ;
; Instr[24]  ; Reg1[11]      ; 8.847  ; 8.903  ; 8.903  ; 8.847  ;
; Instr[24]  ; Reg1[12]      ; 9.273  ; 9.035  ; 9.035  ; 9.273  ;
; Instr[24]  ; Reg1[13]      ; 9.326  ; 8.809  ; 8.809  ; 9.326  ;
; Instr[24]  ; Reg1[14]      ; 9.174  ; 9.093  ; 9.093  ; 9.174  ;
; Instr[24]  ; Reg1[15]      ; 9.339  ; 9.352  ; 9.352  ; 9.339  ;
; Instr[24]  ; Reg1[16]      ; 9.122  ; 9.171  ; 9.171  ; 9.122  ;
; Instr[24]  ; Reg1[17]      ; 9.005  ; 9.148  ; 9.148  ; 9.005  ;
; Instr[24]  ; Reg1[18]      ; 8.928  ; 9.404  ; 9.404  ; 8.928  ;
; Instr[24]  ; Reg1[19]      ; 8.851  ; 9.437  ; 9.437  ; 8.851  ;
; Instr[24]  ; Reg1[20]      ; 8.626  ; 9.216  ; 9.216  ; 8.626  ;
; Instr[24]  ; Reg1[21]      ; 9.396  ; 9.385  ; 9.385  ; 9.396  ;
; Instr[24]  ; Reg1[22]      ; 8.989  ; 9.080  ; 9.080  ; 8.989  ;
; Instr[24]  ; Reg1[23]      ; 8.989  ; 8.894  ; 8.894  ; 8.989  ;
; Instr[24]  ; Reg1[24]      ; 9.401  ; 9.032  ; 9.032  ; 9.401  ;
; Instr[24]  ; Reg1[25]      ; 9.336  ; 9.234  ; 9.234  ; 9.336  ;
; Instr[24]  ; Reg1[26]      ; 8.860  ; 9.291  ; 9.291  ; 8.860  ;
; Instr[24]  ; Reg1[27]      ; 9.444  ; 9.705  ; 9.705  ; 9.444  ;
; Instr[24]  ; Reg1[28]      ; 9.620  ; 9.424  ; 9.424  ; 9.620  ;
; Instr[24]  ; Reg1[29]      ; 8.791  ; 9.131  ; 9.131  ; 8.791  ;
; Instr[24]  ; Reg1[30]      ; 8.684  ; 8.800  ; 8.800  ; 8.684  ;
; Instr[24]  ; Reg1[31]      ; 8.933  ; 9.220  ; 9.220  ; 8.933  ;
; Instr[25]  ; ALUresu[0]    ; 8.258  ; 8.258  ; 8.258  ; 8.258  ;
; Instr[25]  ; ALUresu[1]    ; 8.362  ; 8.362  ; 8.362  ; 8.362  ;
; Instr[25]  ; ALUresu[2]    ; 8.915  ; 8.915  ; 8.915  ; 8.915  ;
; Instr[25]  ; ALUresu[3]    ; 8.877  ; 8.877  ; 8.877  ; 8.877  ;
; Instr[25]  ; ALUresu[4]    ; 9.054  ; 9.054  ; 9.054  ; 9.054  ;
; Instr[25]  ; ALUresu[5]    ; 8.822  ; 8.822  ; 8.822  ; 8.822  ;
; Instr[25]  ; ALUresu[6]    ; 9.311  ; 9.311  ; 9.311  ; 9.311  ;
; Instr[25]  ; ALUresu[7]    ; 9.624  ; 9.624  ; 9.624  ; 9.624  ;
; Instr[25]  ; ALUresu[8]    ; 9.823  ; 9.823  ; 9.823  ; 9.823  ;
; Instr[25]  ; ALUresu[9]    ; 9.546  ; 9.546  ; 9.546  ; 9.546  ;
; Instr[25]  ; ALUresu[10]   ; 9.385  ; 9.385  ; 9.385  ; 9.385  ;
; Instr[25]  ; ALUresu[11]   ; 9.501  ; 9.501  ; 9.501  ; 9.501  ;
; Instr[25]  ; ALUresu[12]   ; 9.800  ; 9.800  ; 9.800  ; 9.800  ;
; Instr[25]  ; ALUresu[13]   ; 9.127  ; 9.127  ; 9.127  ; 9.127  ;
; Instr[25]  ; ALUresu[14]   ; 9.495  ; 9.495  ; 9.495  ; 9.495  ;
; Instr[25]  ; ALUresu[15]   ; 9.807  ; 9.807  ; 9.807  ; 9.807  ;
; Instr[25]  ; ALUresu[16]   ; 9.882  ; 9.882  ; 9.882  ; 9.882  ;
; Instr[25]  ; ALUresu[17]   ; 9.204  ; 9.204  ; 9.204  ; 9.204  ;
; Instr[25]  ; ALUresu[18]   ; 9.950  ; 9.950  ; 9.950  ; 9.950  ;
; Instr[25]  ; ALUresu[19]   ; 9.839  ; 9.839  ; 9.839  ; 9.839  ;
; Instr[25]  ; ALUresu[20]   ; 9.646  ; 9.646  ; 9.646  ; 9.646  ;
; Instr[25]  ; ALUresu[21]   ; 9.898  ; 9.898  ; 9.898  ; 9.898  ;
; Instr[25]  ; ALUresu[22]   ; 9.680  ; 9.680  ; 9.680  ; 9.680  ;
; Instr[25]  ; ALUresu[23]   ; 9.512  ; 9.512  ; 9.512  ; 9.512  ;
; Instr[25]  ; ALUresu[24]   ; 9.720  ; 9.720  ; 9.720  ; 9.720  ;
; Instr[25]  ; ALUresu[25]   ; 9.918  ; 9.918  ; 9.918  ; 9.918  ;
; Instr[25]  ; ALUresu[26]   ; 9.865  ; 9.865  ; 9.865  ; 9.865  ;
; Instr[25]  ; ALUresu[27]   ; 10.005 ; 10.005 ; 10.005 ; 10.005 ;
; Instr[25]  ; ALUresu[28]   ; 9.973  ; 9.973  ; 9.973  ; 9.973  ;
; Instr[25]  ; ALUresu[29]   ; 9.473  ; 9.473  ; 9.473  ; 9.473  ;
; Instr[25]  ; ALUresu[30]   ; 9.494  ; 9.494  ; 9.494  ; 9.494  ;
; Instr[25]  ; ALUresu[31]   ; 9.689  ; 9.689  ; 9.689  ; 9.689  ;
; Instr[25]  ; Reg1[0]       ; 6.564  ; 7.136  ; 7.136  ; 6.564  ;
; Instr[25]  ; Reg1[1]       ; 7.578  ; 7.337  ; 7.337  ; 7.578  ;
; Instr[25]  ; Reg1[2]       ; 8.214  ; 7.795  ; 7.795  ; 8.214  ;
; Instr[25]  ; Reg1[3]       ; 9.071  ; 8.281  ; 8.281  ; 9.071  ;
; Instr[25]  ; Reg1[4]       ; 9.046  ; 7.899  ; 7.899  ; 9.046  ;
; Instr[25]  ; Reg1[5]       ; 9.209  ; 8.891  ; 8.891  ; 9.209  ;
; Instr[25]  ; Reg1[6]       ; 8.310  ; 8.291  ; 8.291  ; 8.310  ;
; Instr[25]  ; Reg1[7]       ; 8.875  ; 8.387  ; 8.387  ; 8.875  ;
; Instr[25]  ; Reg1[8]       ; 9.084  ; 8.618  ; 8.618  ; 9.084  ;
; Instr[25]  ; Reg1[9]       ; 8.749  ; 8.612  ; 8.612  ; 8.749  ;
; Instr[25]  ; Reg1[10]      ; 8.624  ; 8.723  ; 8.723  ; 8.624  ;
; Instr[25]  ; Reg1[11]      ; 9.111  ; 8.629  ; 8.629  ; 9.111  ;
; Instr[25]  ; Reg1[12]      ; 9.376  ; 8.761  ; 8.761  ; 9.376  ;
; Instr[25]  ; Reg1[13]      ; 9.181  ; 8.535  ; 8.535  ; 9.181  ;
; Instr[25]  ; Reg1[14]      ; 8.904  ; 8.819  ; 8.819  ; 8.904  ;
; Instr[25]  ; Reg1[15]      ; 9.374  ; 9.078  ; 9.078  ; 9.374  ;
; Instr[25]  ; Reg1[16]      ; 9.074  ; 8.897  ; 8.897  ; 9.074  ;
; Instr[25]  ; Reg1[17]      ; 9.483  ; 8.874  ; 8.874  ; 9.483  ;
; Instr[25]  ; Reg1[18]      ; 9.309  ; 8.854  ; 8.854  ; 9.309  ;
; Instr[25]  ; Reg1[19]      ; 9.486  ; 8.777  ; 8.777  ; 9.486  ;
; Instr[25]  ; Reg1[20]      ; 8.882  ; 8.552  ; 8.552  ; 8.882  ;
; Instr[25]  ; Reg1[21]      ; 9.137  ; 9.111  ; 9.111  ; 9.137  ;
; Instr[25]  ; Reg1[22]      ; 9.181  ; 8.806  ; 8.806  ; 9.181  ;
; Instr[25]  ; Reg1[23]      ; 8.748  ; 8.620  ; 8.620  ; 8.748  ;
; Instr[25]  ; Reg1[24]      ; 9.130  ; 8.758  ; 8.758  ; 9.130  ;
; Instr[25]  ; Reg1[25]      ; 9.526  ; 8.960  ; 8.960  ; 9.526  ;
; Instr[25]  ; Reg1[26]      ; 9.079  ; 8.786  ; 8.786  ; 9.079  ;
; Instr[25]  ; Reg1[27]      ; 9.276  ; 9.370  ; 9.370  ; 9.276  ;
; Instr[25]  ; Reg1[28]      ; 9.357  ; 9.150  ; 9.150  ; 9.357  ;
; Instr[25]  ; Reg1[29]      ; 9.109  ; 8.717  ; 8.717  ; 9.109  ;
; Instr[25]  ; Reg1[30]      ; 8.536  ; 8.610  ; 8.610  ; 8.536  ;
; Instr[25]  ; Reg1[31]      ; 8.991  ; 8.859  ; 8.859  ; 8.991  ;
; Instr[26]  ; ALUControl[0] ;        ; 7.506  ; 7.506  ;        ;
; Instr[26]  ; ALUControl[2] ;        ; 7.506  ; 7.506  ;        ;
; Instr[26]  ; ALUresu[0]    ; 7.900  ; 7.900  ; 7.900  ; 7.900  ;
; Instr[26]  ; ALUresu[1]    ; 7.633  ; 10.014 ; 10.014 ; 7.633  ;
; Instr[26]  ; ALUresu[2]    ; 7.959  ; 8.467  ; 8.467  ; 7.959  ;
; Instr[26]  ; ALUresu[3]    ; 7.746  ; 7.841  ; 7.841  ; 7.746  ;
; Instr[26]  ; ALUresu[4]    ; 7.742  ; 7.978  ; 7.978  ; 7.742  ;
; Instr[26]  ; ALUresu[5]    ; 7.177  ; 7.216  ; 7.216  ; 7.177  ;
; Instr[26]  ; ALUresu[6]    ; 7.541  ; 7.541  ; 7.541  ; 7.541  ;
; Instr[26]  ; ALUresu[7]    ; 7.549  ; 7.803  ; 7.803  ; 7.549  ;
; Instr[26]  ; ALUresu[8]    ; 7.361  ; 7.628  ; 7.628  ; 7.361  ;
; Instr[26]  ; ALUresu[9]    ; 7.276  ; 7.276  ; 7.276  ; 7.276  ;
; Instr[26]  ; ALUresu[10]   ; 8.172  ; 8.172  ; 8.172  ; 8.172  ;
; Instr[26]  ; ALUresu[11]   ; 7.276  ; 7.663  ; 7.663  ; 7.276  ;
; Instr[26]  ; ALUresu[12]   ; 7.700  ; 7.700  ; 7.700  ; 7.700  ;
; Instr[26]  ; ALUresu[13]   ; 7.154  ; 7.562  ; 7.562  ; 7.154  ;
; Instr[26]  ; ALUresu[14]   ; 7.394  ; 7.394  ; 7.394  ; 7.394  ;
; Instr[26]  ; ALUresu[15]   ; 7.548  ; 7.756  ; 7.756  ; 7.548  ;
; Instr[26]  ; ALUresu[16]   ; 7.834  ; 7.834  ; 7.834  ; 7.834  ;
; Instr[26]  ; ALUresu[17]   ; 7.268  ; 7.268  ; 7.268  ; 7.268  ;
; Instr[26]  ; ALUresu[18]   ; 8.028  ; 8.062  ; 8.062  ; 8.028  ;
; Instr[26]  ; ALUresu[19]   ; 7.802  ; 8.354  ; 8.354  ; 7.802  ;
; Instr[26]  ; ALUresu[20]   ; 7.702  ; 7.702  ; 7.702  ; 7.702  ;
; Instr[26]  ; ALUresu[21]   ; 7.794  ; 7.794  ; 7.794  ; 7.794  ;
; Instr[26]  ; ALUresu[22]   ; 7.840  ; 7.840  ; 7.840  ; 7.840  ;
; Instr[26]  ; ALUresu[23]   ; 7.117  ; 7.117  ; 7.117  ; 7.117  ;
; Instr[26]  ; ALUresu[24]   ; 7.974  ; 7.974  ; 7.974  ; 7.974  ;
; Instr[26]  ; ALUresu[25]   ; 7.617  ; 7.617  ; 7.617  ; 7.617  ;
; Instr[26]  ; ALUresu[26]   ; 7.762  ; 7.762  ; 7.762  ; 7.762  ;
; Instr[26]  ; ALUresu[27]   ; 7.670  ; 7.670  ; 7.670  ; 7.670  ;
; Instr[26]  ; ALUresu[28]   ; 7.099  ; 7.099  ; 7.099  ; 7.099  ;
; Instr[26]  ; ALUresu[29]   ; 7.188  ; 7.188  ; 7.188  ; 7.188  ;
; Instr[26]  ; ALUresu[30]   ; 7.145  ; 7.145  ; 7.145  ; 7.145  ;
; Instr[26]  ; ALUresu[31]   ; 6.684  ; 6.684  ; 6.684  ; 6.684  ;
; Instr[27]  ; ALUControl[0] ;        ; 8.816  ; 8.816  ;        ;
; Instr[27]  ; ALUControl[2] ;        ; 8.816  ; 8.816  ;        ;
; Instr[27]  ; ALUresu[0]    ; 8.964  ; 8.598  ; 8.598  ; 8.964  ;
; Instr[27]  ; ALUresu[1]    ; 8.943  ; 10.302 ; 10.302 ; 8.943  ;
; Instr[27]  ; ALUresu[2]    ; 9.269  ; 9.707  ; 9.707  ; 9.269  ;
; Instr[27]  ; ALUresu[3]    ; 9.056  ; 9.081  ; 9.081  ; 9.056  ;
; Instr[27]  ; ALUresu[4]    ; 9.052  ; 9.258  ; 9.258  ; 9.052  ;
; Instr[27]  ; ALUresu[5]    ; 8.031  ; 8.031  ; 8.031  ; 8.031  ;
; Instr[27]  ; ALUresu[6]    ; 8.357  ; 8.357  ; 8.357  ; 8.357  ;
; Instr[27]  ; ALUresu[7]    ; 8.630  ; 8.630  ; 8.630  ; 8.630  ;
; Instr[27]  ; ALUresu[8]    ; 8.513  ; 8.513  ; 8.513  ; 8.513  ;
; Instr[27]  ; ALUresu[9]    ; 7.880  ; 7.880  ; 7.880  ; 7.880  ;
; Instr[27]  ; ALUresu[10]   ; 8.610  ; 8.610  ; 8.610  ; 8.610  ;
; Instr[27]  ; ALUresu[11]   ; 8.059  ; 8.059  ; 8.059  ; 8.059  ;
; Instr[27]  ; ALUresu[12]   ; 8.446  ; 8.446  ; 8.446  ; 8.446  ;
; Instr[27]  ; ALUresu[13]   ; 7.637  ; 7.637  ; 7.637  ; 7.637  ;
; Instr[27]  ; ALUresu[14]   ; 7.810  ; 7.810  ; 7.810  ; 7.810  ;
; Instr[27]  ; ALUresu[15]   ; 8.100  ; 8.100  ; 8.100  ; 8.100  ;
; Instr[27]  ; ALUresu[16]   ; 8.459  ; 8.459  ; 8.459  ; 8.459  ;
; Instr[27]  ; ALUresu[17]   ; 7.904  ; 7.904  ; 7.904  ; 7.904  ;
; Instr[27]  ; ALUresu[18]   ; 8.584  ; 8.584  ; 8.584  ; 8.584  ;
; Instr[27]  ; ALUresu[19]   ; 8.549  ; 8.549  ; 8.549  ; 8.549  ;
; Instr[27]  ; ALUresu[20]   ; 8.334  ; 8.334  ; 8.334  ; 8.334  ;
; Instr[27]  ; ALUresu[21]   ; 8.427  ; 8.427  ; 8.427  ; 8.427  ;
; Instr[27]  ; ALUresu[22]   ; 8.476  ; 8.476  ; 8.476  ; 8.476  ;
; Instr[27]  ; ALUresu[23]   ; 8.245  ; 8.245  ; 8.245  ; 8.245  ;
; Instr[27]  ; ALUresu[24]   ; 8.601  ; 8.601  ; 8.601  ; 8.601  ;
; Instr[27]  ; ALUresu[25]   ; 7.874  ; 7.874  ; 7.874  ; 7.874  ;
; Instr[27]  ; ALUresu[26]   ; 8.021  ; 8.021  ; 8.021  ; 8.021  ;
; Instr[27]  ; ALUresu[27]   ; 8.303  ; 8.303  ; 8.303  ; 8.303  ;
; Instr[27]  ; ALUresu[28]   ; 7.359  ; 7.359  ; 7.359  ; 7.359  ;
; Instr[27]  ; ALUresu[29]   ; 7.826  ; 7.826  ; 7.826  ; 7.826  ;
; Instr[27]  ; ALUresu[30]   ; 8.034  ; 8.034  ; 8.034  ; 8.034  ;
; Instr[27]  ; ALUresu[31]   ; 7.399  ; 7.399  ; 7.399  ; 7.399  ;
; Instr[28]  ; ALUControl[0] ;        ; 8.752  ; 8.752  ;        ;
; Instr[28]  ; ALUControl[2] ;        ; 8.752  ; 8.752  ;        ;
; Instr[28]  ; ALUresu[0]    ; 8.900  ; 8.534  ; 8.534  ; 8.900  ;
; Instr[28]  ; ALUresu[1]    ; 8.879  ; 10.238 ; 10.238 ; 8.879  ;
; Instr[28]  ; ALUresu[2]    ; 9.205  ; 9.643  ; 9.643  ; 9.205  ;
; Instr[28]  ; ALUresu[3]    ; 8.992  ; 9.017  ; 9.017  ; 8.992  ;
; Instr[28]  ; ALUresu[4]    ; 8.988  ; 9.194  ; 9.194  ; 8.988  ;
; Instr[28]  ; ALUresu[5]    ; 7.967  ; 7.967  ; 7.967  ; 7.967  ;
; Instr[28]  ; ALUresu[6]    ; 8.293  ; 8.293  ; 8.293  ; 8.293  ;
; Instr[28]  ; ALUresu[7]    ; 8.566  ; 8.566  ; 8.566  ; 8.566  ;
; Instr[28]  ; ALUresu[8]    ; 8.449  ; 8.449  ; 8.449  ; 8.449  ;
; Instr[28]  ; ALUresu[9]    ; 7.816  ; 7.816  ; 7.816  ; 7.816  ;
; Instr[28]  ; ALUresu[10]   ; 8.546  ; 8.546  ; 8.546  ; 8.546  ;
; Instr[28]  ; ALUresu[11]   ; 7.995  ; 7.995  ; 7.995  ; 7.995  ;
; Instr[28]  ; ALUresu[12]   ; 8.382  ; 8.382  ; 8.382  ; 8.382  ;
; Instr[28]  ; ALUresu[13]   ; 7.573  ; 7.573  ; 7.573  ; 7.573  ;
; Instr[28]  ; ALUresu[14]   ; 7.746  ; 7.746  ; 7.746  ; 7.746  ;
; Instr[28]  ; ALUresu[15]   ; 8.036  ; 8.036  ; 8.036  ; 8.036  ;
; Instr[28]  ; ALUresu[16]   ; 8.395  ; 8.395  ; 8.395  ; 8.395  ;
; Instr[28]  ; ALUresu[17]   ; 7.840  ; 7.840  ; 7.840  ; 7.840  ;
; Instr[28]  ; ALUresu[18]   ; 8.520  ; 8.520  ; 8.520  ; 8.520  ;
; Instr[28]  ; ALUresu[19]   ; 8.485  ; 8.485  ; 8.485  ; 8.485  ;
; Instr[28]  ; ALUresu[20]   ; 8.270  ; 8.270  ; 8.270  ; 8.270  ;
; Instr[28]  ; ALUresu[21]   ; 8.363  ; 8.363  ; 8.363  ; 8.363  ;
; Instr[28]  ; ALUresu[22]   ; 8.412  ; 8.412  ; 8.412  ; 8.412  ;
; Instr[28]  ; ALUresu[23]   ; 8.181  ; 8.181  ; 8.181  ; 8.181  ;
; Instr[28]  ; ALUresu[24]   ; 8.537  ; 8.537  ; 8.537  ; 8.537  ;
; Instr[28]  ; ALUresu[25]   ; 7.810  ; 7.810  ; 7.810  ; 7.810  ;
; Instr[28]  ; ALUresu[26]   ; 7.957  ; 7.957  ; 7.957  ; 7.957  ;
; Instr[28]  ; ALUresu[27]   ; 8.239  ; 8.239  ; 8.239  ; 8.239  ;
; Instr[28]  ; ALUresu[28]   ; 7.295  ; 7.295  ; 7.295  ; 7.295  ;
; Instr[28]  ; ALUresu[29]   ; 7.762  ; 7.762  ; 7.762  ; 7.762  ;
; Instr[28]  ; ALUresu[30]   ; 7.970  ; 7.970  ; 7.970  ; 7.970  ;
; Instr[28]  ; ALUresu[31]   ; 7.335  ; 7.335  ; 7.335  ; 7.335  ;
; Instr[29]  ; ALUresu[0]    ; 8.558  ; 8.450  ; 8.450  ; 8.558  ;
; Instr[29]  ; ALUresu[1]    ; 9.852  ; 9.852  ; 9.852  ; 9.852  ;
; Instr[29]  ; ALUresu[2]    ; 8.985  ; 8.985  ; 8.985  ; 8.985  ;
; Instr[29]  ; ALUresu[3]    ; 8.359  ; 8.359  ; 8.359  ; 8.359  ;
; Instr[29]  ; ALUresu[4]    ; 8.496  ; 8.496  ; 8.496  ; 8.496  ;
; Instr[29]  ; ALUresu[5]    ; 7.471  ; 7.471  ; 7.471  ; 7.471  ;
; Instr[29]  ; ALUresu[6]    ; 7.797  ; 7.797  ; 7.797  ; 7.797  ;
; Instr[29]  ; ALUresu[7]    ; 8.072  ; 8.072  ; 8.072  ; 8.072  ;
; Instr[29]  ; ALUresu[8]    ; 7.941  ; 7.941  ; 7.941  ; 7.941  ;
; Instr[29]  ; ALUresu[9]    ; 7.756  ; 7.756  ; 7.756  ; 7.756  ;
; Instr[29]  ; ALUresu[10]   ; 8.134  ; 8.134  ; 8.134  ; 8.134  ;
; Instr[29]  ; ALUresu[11]   ; 7.501  ; 7.501  ; 7.501  ; 7.501  ;
; Instr[29]  ; ALUresu[12]   ; 7.890  ; 7.890  ; 7.890  ; 7.890  ;
; Instr[29]  ; ALUresu[13]   ; 7.568  ; 7.568  ; 7.568  ; 7.568  ;
; Instr[29]  ; ALUresu[14]   ; 7.471  ; 7.471  ; 7.471  ; 7.471  ;
; Instr[29]  ; ALUresu[15]   ; 7.665  ; 7.665  ; 7.665  ; 7.665  ;
; Instr[29]  ; ALUresu[16]   ; 8.313  ; 8.313  ; 8.313  ; 8.313  ;
; Instr[29]  ; ALUresu[17]   ; 7.746  ; 7.746  ; 7.746  ; 7.746  ;
; Instr[29]  ; ALUresu[18]   ; 8.313  ; 8.313  ; 8.313  ; 8.313  ;
; Instr[29]  ; ALUresu[19]   ; 8.191  ; 8.191  ; 8.191  ; 8.191  ;
; Instr[29]  ; ALUresu[20]   ; 8.182  ; 8.182  ; 8.182  ; 8.182  ;
; Instr[29]  ; ALUresu[21]   ; 8.154  ; 8.154  ; 8.154  ; 8.154  ;
; Instr[29]  ; ALUresu[22]   ; 8.317  ; 8.317  ; 8.317  ; 8.317  ;
; Instr[29]  ; ALUresu[23]   ; 7.078  ; 7.078  ; 7.078  ; 7.078  ;
; Instr[29]  ; ALUresu[24]   ; 8.454  ; 8.454  ; 8.454  ; 8.454  ;
; Instr[29]  ; ALUresu[25]   ; 7.728  ; 7.728  ; 7.728  ; 7.728  ;
; Instr[29]  ; ALUresu[26]   ; 7.874  ; 7.874  ; 7.874  ; 7.874  ;
; Instr[29]  ; ALUresu[27]   ; 8.150  ; 8.150  ; 8.150  ; 8.150  ;
; Instr[29]  ; ALUresu[28]   ; 7.211  ; 7.211  ; 7.211  ; 7.211  ;
; Instr[29]  ; ALUresu[29]   ; 7.665  ; 7.665  ; 7.665  ; 7.665  ;
; Instr[29]  ; ALUresu[30]   ; 7.469  ; 7.469  ; 7.469  ; 7.469  ;
; Instr[29]  ; ALUresu[31]   ; 6.993  ; 6.993  ; 6.993  ; 6.993  ;
; Instr[30]  ; ALUControl[0] ;        ; 8.725  ; 8.725  ;        ;
; Instr[30]  ; ALUControl[2] ;        ; 8.725  ; 8.725  ;        ;
; Instr[30]  ; ALUresu[0]    ; 8.873  ; 8.507  ; 8.507  ; 8.873  ;
; Instr[30]  ; ALUresu[1]    ; 8.852  ; 10.211 ; 10.211 ; 8.852  ;
; Instr[30]  ; ALUresu[2]    ; 9.178  ; 9.616  ; 9.616  ; 9.178  ;
; Instr[30]  ; ALUresu[3]    ; 8.965  ; 8.990  ; 8.990  ; 8.965  ;
; Instr[30]  ; ALUresu[4]    ; 8.961  ; 9.167  ; 9.167  ; 8.961  ;
; Instr[30]  ; ALUresu[5]    ; 7.940  ; 7.940  ; 7.940  ; 7.940  ;
; Instr[30]  ; ALUresu[6]    ; 8.266  ; 8.266  ; 8.266  ; 8.266  ;
; Instr[30]  ; ALUresu[7]    ; 8.539  ; 8.539  ; 8.539  ; 8.539  ;
; Instr[30]  ; ALUresu[8]    ; 8.422  ; 8.422  ; 8.422  ; 8.422  ;
; Instr[30]  ; ALUresu[9]    ; 7.789  ; 7.789  ; 7.789  ; 7.789  ;
; Instr[30]  ; ALUresu[10]   ; 8.519  ; 8.519  ; 8.519  ; 8.519  ;
; Instr[30]  ; ALUresu[11]   ; 7.968  ; 7.968  ; 7.968  ; 7.968  ;
; Instr[30]  ; ALUresu[12]   ; 8.355  ; 8.355  ; 8.355  ; 8.355  ;
; Instr[30]  ; ALUresu[13]   ; 7.546  ; 7.546  ; 7.546  ; 7.546  ;
; Instr[30]  ; ALUresu[14]   ; 7.719  ; 7.719  ; 7.719  ; 7.719  ;
; Instr[30]  ; ALUresu[15]   ; 8.009  ; 8.009  ; 8.009  ; 8.009  ;
; Instr[30]  ; ALUresu[16]   ; 8.368  ; 8.368  ; 8.368  ; 8.368  ;
; Instr[30]  ; ALUresu[17]   ; 7.813  ; 7.813  ; 7.813  ; 7.813  ;
; Instr[30]  ; ALUresu[18]   ; 8.493  ; 8.493  ; 8.493  ; 8.493  ;
; Instr[30]  ; ALUresu[19]   ; 8.458  ; 8.458  ; 8.458  ; 8.458  ;
; Instr[30]  ; ALUresu[20]   ; 8.243  ; 8.243  ; 8.243  ; 8.243  ;
; Instr[30]  ; ALUresu[21]   ; 8.336  ; 8.336  ; 8.336  ; 8.336  ;
; Instr[30]  ; ALUresu[22]   ; 8.385  ; 8.385  ; 8.385  ; 8.385  ;
; Instr[30]  ; ALUresu[23]   ; 8.154  ; 8.154  ; 8.154  ; 8.154  ;
; Instr[30]  ; ALUresu[24]   ; 8.510  ; 8.510  ; 8.510  ; 8.510  ;
; Instr[30]  ; ALUresu[25]   ; 7.783  ; 7.783  ; 7.783  ; 7.783  ;
; Instr[30]  ; ALUresu[26]   ; 7.930  ; 7.930  ; 7.930  ; 7.930  ;
; Instr[30]  ; ALUresu[27]   ; 8.212  ; 8.212  ; 8.212  ; 8.212  ;
; Instr[30]  ; ALUresu[28]   ; 7.268  ; 7.268  ; 7.268  ; 7.268  ;
; Instr[30]  ; ALUresu[29]   ; 7.735  ; 7.735  ; 7.735  ; 7.735  ;
; Instr[30]  ; ALUresu[30]   ; 7.943  ; 7.943  ; 7.943  ; 7.943  ;
; Instr[30]  ; ALUresu[31]   ; 7.308  ; 7.308  ; 7.308  ; 7.308  ;
; Instr[31]  ; ALUControl[0] ;        ; 9.281  ; 9.281  ;        ;
; Instr[31]  ; ALUControl[2] ;        ; 9.281  ; 9.281  ;        ;
; Instr[31]  ; ALUresu[0]    ; 9.429  ; 9.063  ; 9.063  ; 9.429  ;
; Instr[31]  ; ALUresu[1]    ; 9.408  ; 10.767 ; 10.767 ; 9.408  ;
; Instr[31]  ; ALUresu[2]    ; 9.734  ; 10.172 ; 10.172 ; 9.734  ;
; Instr[31]  ; ALUresu[3]    ; 9.521  ; 9.546  ; 9.546  ; 9.521  ;
; Instr[31]  ; ALUresu[4]    ; 9.517  ; 9.723  ; 9.723  ; 9.517  ;
; Instr[31]  ; ALUresu[5]    ; 8.496  ; 8.496  ; 8.496  ; 8.496  ;
; Instr[31]  ; ALUresu[6]    ; 8.822  ; 8.822  ; 8.822  ; 8.822  ;
; Instr[31]  ; ALUresu[7]    ; 9.095  ; 9.095  ; 9.095  ; 9.095  ;
; Instr[31]  ; ALUresu[8]    ; 8.978  ; 8.978  ; 8.978  ; 8.978  ;
; Instr[31]  ; ALUresu[9]    ; 8.345  ; 8.345  ; 8.345  ; 8.345  ;
; Instr[31]  ; ALUresu[10]   ; 9.075  ; 9.075  ; 9.075  ; 9.075  ;
; Instr[31]  ; ALUresu[11]   ; 8.524  ; 8.524  ; 8.524  ; 8.524  ;
; Instr[31]  ; ALUresu[12]   ; 8.911  ; 8.911  ; 8.911  ; 8.911  ;
; Instr[31]  ; ALUresu[13]   ; 8.102  ; 8.102  ; 8.102  ; 8.102  ;
; Instr[31]  ; ALUresu[14]   ; 8.275  ; 8.275  ; 8.275  ; 8.275  ;
; Instr[31]  ; ALUresu[15]   ; 8.565  ; 8.565  ; 8.565  ; 8.565  ;
; Instr[31]  ; ALUresu[16]   ; 8.924  ; 8.924  ; 8.924  ; 8.924  ;
; Instr[31]  ; ALUresu[17]   ; 8.369  ; 8.369  ; 8.369  ; 8.369  ;
; Instr[31]  ; ALUresu[18]   ; 9.049  ; 9.049  ; 9.049  ; 9.049  ;
; Instr[31]  ; ALUresu[19]   ; 9.014  ; 9.014  ; 9.014  ; 9.014  ;
; Instr[31]  ; ALUresu[20]   ; 8.799  ; 8.799  ; 8.799  ; 8.799  ;
; Instr[31]  ; ALUresu[21]   ; 8.892  ; 8.892  ; 8.892  ; 8.892  ;
; Instr[31]  ; ALUresu[22]   ; 8.941  ; 8.941  ; 8.941  ; 8.941  ;
; Instr[31]  ; ALUresu[23]   ; 8.710  ; 8.710  ; 8.710  ; 8.710  ;
; Instr[31]  ; ALUresu[24]   ; 9.066  ; 9.066  ; 9.066  ; 9.066  ;
; Instr[31]  ; ALUresu[25]   ; 8.339  ; 8.339  ; 8.339  ; 8.339  ;
; Instr[31]  ; ALUresu[26]   ; 8.486  ; 8.486  ; 8.486  ; 8.486  ;
; Instr[31]  ; ALUresu[27]   ; 8.768  ; 8.768  ; 8.768  ; 8.768  ;
; Instr[31]  ; ALUresu[28]   ; 7.824  ; 7.824  ; 7.824  ; 7.824  ;
; Instr[31]  ; ALUresu[29]   ; 8.291  ; 8.291  ; 8.291  ; 8.291  ;
; Instr[31]  ; ALUresu[30]   ; 8.499  ; 8.499  ; 8.499  ; 8.499  ;
; Instr[31]  ; ALUresu[31]   ; 7.864  ; 7.864  ; 7.864  ; 7.864  ;
+------------+---------------+--------+--------+--------+--------+


+--------------------------------------------------------------------+
; Setup Transfers                                                    ;
+------------+----------+-----------+----------+----------+----------+
; From Clock ; To Clock ; RR Paths  ; FR Paths ; RF Paths ; FF Paths ;
+------------+----------+-----------+----------+----------+----------+
; CLK        ; CLK      ; 143296512 ; 0        ; 0        ; 0        ;
; Instr[0]   ; CLK      ; 423968    ; 423968   ; 0        ; 0        ;
; CLK        ; Instr[0] ; 69632     ; 0        ; 69632    ; 0        ;
+------------+----------+-----------+----------+----------+----------+
Entries labeled "false path" only account for clock-to-clock false paths and not path-based false paths. As a result, actual path counts may be lower than reported.


+--------------------------------------------------------------------+
; Hold Transfers                                                     ;
+------------+----------+-----------+----------+----------+----------+
; From Clock ; To Clock ; RR Paths  ; FR Paths ; RF Paths ; FF Paths ;
+------------+----------+-----------+----------+----------+----------+
; CLK        ; CLK      ; 143296512 ; 0        ; 0        ; 0        ;
; Instr[0]   ; CLK      ; 423968    ; 423968   ; 0        ; 0        ;
; CLK        ; Instr[0] ; 69632     ; 0        ; 69632    ; 0        ;
+------------+----------+-----------+----------+----------+----------+
Entries labeled "false path" only account for clock-to-clock false paths and not path-based false paths. As a result, actual path counts may be lower than reported.


---------------
; Report TCCS ;
---------------
No dedicated SERDES Transmitter circuitry present in device or used in design


---------------
; Report RSKM ;
---------------
No dedicated SERDES Receiver circuitry present in device or used in design


+-------------------------------------------------+
; Unconstrained Paths                             ;
+---------------------------------+-------+-------+
; Property                        ; Setup ; Hold  ;
+---------------------------------+-------+-------+
; Illegal Clocks                  ; 0     ; 0     ;
; Unconstrained Clocks            ; 0     ; 0     ;
; Unconstrained Input Ports       ; 32    ; 32    ;
; Unconstrained Input Port Paths  ; 38135 ; 38135 ;
; Unconstrained Output Ports      ; 98    ; 98    ;
; Unconstrained Output Port Paths ; 21207 ; 21207 ;
+---------------------------------+-------+-------+


+------------------------------------+
; TimeQuest Timing Analyzer Messages ;
+------------------------------------+
Info: *******************************************************************
Info: Running Quartus II 64-Bit TimeQuest Timing Analyzer
    Info: Version 13.0.1 Build 232 06/12/2013 Service Pack 1 SJ Web Edition
    Info: Processing started: Sun Jan 04 19:46:32 2026
Info: Command: quartus_sta MIPS -c MIPS
Info: qsta_default_script.tcl version: #1
Warning (20028): Parallel compilation is not licensed and has been disabled
Info (21077): Low junction temperature is 0 degrees C
Info (21077): High junction temperature is 85 degrees C
Warning (335093): TimeQuest Timing Analyzer is analyzing 1024 combinational loops as latches.
Critical Warning (332012): Synopsys Design Constraints File file not found: 'MIPS.sdc'. A Synopsys Design Constraints File is required by the TimeQuest Timing Analyzer to get proper timing constraints. Without it, the Compiler will not properly optimize the design.
Info (332142): No user constrained base clocks found in the design. Calling "derive_clocks -period 1.0"
Info (332105): Deriving Clocks
    Info (332105): create_clock -period 1.000 -name CLK CLK
    Info (332105): create_clock -period 1.000 -name Instr[0] Instr[0]
Info (332097): The following timing edges are non-unate.  TimeQuest will assume pos-unate behavior for these edges in the clock network.
    Info (332098): Cell: inst1|inst56|inst1|inst6~0  from: datad  to: combout
    Info (332098): Cell: inst1|inst56|inst|inst3  from: datab  to: combout
    Info (332098): Cell: inst8|inst1|inst1|inst1~0  from: dataa  to: combout
    Info (332098): Cell: inst8|inst1|inst3|inst1  from: datab  to: combout
    Info (332098): Cell: inst8|inst1|inst4|inst1  from: datab  to: combout
    Info (332098): Cell: inst8|inst4|$00000|auto_generated|result_node[0]~31  from: dataa  to: combout
    Info (332098): Cell: inst8|inst4|$00000|auto_generated|result_node[0]~31  from: datac  to: combout
    Info (332098): Cell: inst8|inst4|$00000|auto_generated|result_node[2]~29  from: datad  to: combout
    Info (332098): Cell: inst8|inst4|$00000|auto_generated|result_node[3]~28  from: datab  to: combout
    Info (332098): Cell: inst8|inst4|$00000|auto_generated|result_node[4]~27  from: datab  to: combout
Info: Found TIMEQUEST_REPORT_SCRIPT_INCLUDE_DEFAULT_ANALYSIS = ON
Info: Analyzing Slow Model
Critical Warning (332148): Timing requirements not met
Info (332146): Worst-case setup slack is -21.988
    Info (332119):     Slack End Point TNS Clock 
    Info (332119): ========= ============= =====================
    Info (332119):   -21.988    -19652.120 CLK 
    Info (332119):    -4.413      -519.323 Instr[0] 
Info (332146): Worst-case hold slack is -7.695
    Info (332119):     Slack End Point TNS Clock 
    Info (332119): ========= ============= =====================
    Info (332119):    -7.695     -5739.441 Instr[0] 
    Info (332119):     1.990         0.000 CLK 
Info (332140): No Recovery paths to report
Info (332140): No Removal paths to report
Info (332146): Worst-case minimum pulse width slack is -6.839
    Info (332119):     Slack End Point TNS Clock 
    Info (332119): ========= ============= =====================
    Info (332119):    -6.839    -20711.936 Instr[0] 
    Info (332119):    -1.222     -1025.222 CLK 
Info (332001): The selected device family is not supported by the report_metastability command.
Info: Analyzing Fast Model
Info (332097): The following timing edges are non-unate.  TimeQuest will assume pos-unate behavior for these edges in the clock network.
    Info (332098): Cell: inst1|inst56|inst1|inst6~0  from: datad  to: combout
    Info (332098): Cell: inst1|inst56|inst|inst3  from: datab  to: combout
    Info (332098): Cell: inst8|inst1|inst1|inst1~0  from: dataa  to: combout
    Info (332098): Cell: inst8|inst1|inst3|inst1  from: datab  to: combout
    Info (332098): Cell: inst8|inst1|inst4|inst1  from: datab  to: combout
    Info (332098): Cell: inst8|inst4|$00000|auto_generated|result_node[0]~31  from: dataa  to: combout
    Info (332098): Cell: inst8|inst4|$00000|auto_generated|result_node[0]~31  from: datac  to: combout
    Info (332098): Cell: inst8|inst4|$00000|auto_generated|result_node[2]~29  from: datad  to: combout
    Info (332098): Cell: inst8|inst4|$00000|auto_generated|result_node[3]~28  from: datab  to: combout
    Info (332098): Cell: inst8|inst4|$00000|auto_generated|result_node[4]~27  from: datab  to: combout
Critical Warning (332148): Timing requirements not met
Info (332146): Worst-case setup slack is -8.981
    Info (332119):     Slack End Point TNS Clock 
    Info (332119): ========= ============= =====================
    Info (332119):    -8.981     -8313.381 CLK 
    Info (332119):    -1.817      -126.283 Instr[0] 
Info (332146): Worst-case hold slack is -3.832
    Info (332119):     Slack End Point TNS Clock 
    Info (332119): ========= ============= =====================
    Info (332119):    -3.832     -2615.849 Instr[0] 
    Info (332119):     0.729         0.000 CLK 
Info (332140): No Recovery paths to report
Info (332140): No Removal paths to report
Info (332146): Worst-case minimum pulse width slack is -2.981
    Info (332119):     Slack End Point TNS Clock 
    Info (332119): ========= ============= =====================
    Info (332119):    -2.981     -7437.650 Instr[0] 
    Info (332119):    -1.222     -1025.222 CLK 
Info (332001): The selected device family is not supported by the report_metastability command.
Info (332102): Design is not fully constrained for setup requirements
Info (332102): Design is not fully constrained for hold requirements
Info: Quartus II 64-Bit TimeQuest Timing Analyzer was successful. 0 errors, 5 warnings
    Info: Peak virtual memory: 4622 megabytes
    Info: Processing ended: Sun Jan 04 19:46:36 2026
    Info: Elapsed time: 00:00:04
    Info: Total CPU time (on all processors): 00:00:04


