Analysis & Synthesis report for MIPS
Sun Jan 04 19:45:11 2026
Quartus II 64-Bit Version 13.0.1 Build 232 06/12/2013 Service Pack 1 SJ Web Edition


---------------------
; Table of Contents ;
---------------------
  1. Legal Notice
  2. Analysis & Synthesis Summary
  3. Analysis & Synthesis Settings
  4. Parallel Compilation
  5. Analysis & Synthesis Source Files Read
  6. Analysis & Synthesis Resource Usage Summary
  7. Analysis & Synthesis Resource Utilization by Entity
  8. User-Specified and Inferred Latches
  9. General Register Statistics
 10. Parameter Settings for User Entity Instance: ALU:inst8|BUSMUX:inst4
 11. Parameter Settings for User Entity Instance: BUSMUX:inst5
 12. Parameter Settings for User Entity Instance: BUSMUX:inst7
 13. Parameter Settings for User Entity Instance: BUSMUX:inst4
 14. Elapsed Time Per Partition
 15. Analysis & Synthesis Messages



----------------
; Legal Notice ;
----------------
Copyright (C) 1991-2013 Altera Corporation
Your use of Altera Corporation's design tools, logic functions 
and other software and tools, and its AMPP partner logic 
functions, and any output files from any of the foregoing 
(including device programming or simulation files), and any 
associated documentation or information are expressly subject 
to the terms and conditions of the Altera Program License 
Subscription Agreement, Altera MegaCore Function License 
Agreement, or other applicable license agreement, including, 
without limitation, that your use is for the sole purpose of 
programming logic devices manufactured by Altera and sold by 
Altera or its authorized distributors.  Please refer to the 
applicable agreement for further details.



+--------------------------------------------------------------------------------------+
; Analysis & Synthesis Summary                                                         ;
+------------------------------------+-------------------------------------------------+
; Analysis & Synthesis Status        ; Successful - Sun Jan 04 19:45:11 2026           ;
; Quartus II 64-Bit Version          ; 13.0.1 Build 232 06/12/2013 SP 1 SJ Web Edition ;
; Revision Name                      ; MIPS                                            ;
; Top-level Entity Name              ; Top_final                                       ;
; Family                             ; Cyclone II                                      ;
; Total logic elements               ; 4,437                                           ;
;     Total combinational functions  ; 3,445                                           ;
;     Dedicated logic registers      ; 1,024                                           ;
; Total registers                    ; 1024                                            ;
; Total pins                         ; 133                                             ;
; Total virtual pins                 ; 0                                               ;
; Total memory bits                  ; 0                                               ;
; Embedded Multiplier 9-bit elements ; 0                                               ;
; Total PLLs                         ; 0                                               ;
+------------------------------------+-------------------------------------------------+


+----------------------------------------------------------------------------------------------------------------------+
; Analysis & Synthesis Settings                                                                                        ;
+----------------------------------------------------------------------------+--------------------+--------------------+
; Option                                                                     ; Setting            ; Default Value      ;
+----------------------------------------------------------------------------+--------------------+--------------------+
; Device                                                                     ; EP2C35F672C6       ;                    ;
; Top-level entity name                                                      ; Top_final          ; MIPS               ;
; Family name                                                                ; Cyclone II         ; Cyclone IV GX      ;
; Use smart compilation                                                      ; Off                ; Off                ;
; Enable parallel Assembler and TimeQuest Timing Analyzer during compilation ; On                 ; On                 ;
; Enable compact report table                                                ; Off                ; Off                ;
; Restructure Multiplexers                                                   ; Auto               ; Auto               ;
; Create Debugging Nodes for IP Cores                                        ; Off                ; Off                ;
; Preserve fewer node names                                                  ; On                 ; On                 ;
; Disable OpenCore Plus hardware evaluation                                  ; Off                ; Off                ;
; Verilog Version                                                            ; Verilog_2001       ; Verilog_2001       ;
; VHDL Version                                                               ; VHDL_1993          ; VHDL_1993          ;
; State Machine Processing                                                   ; Auto               ; Auto               ;
; Safe State Machine                                                         ; Off                ; Off                ;
; Extract Verilog State Machines                                             ; On                 ; On                 ;
; Extract VHDL State Machines                                                ; On                 ; On                 ;
; Ignore Verilog initial constructs                                          ; Off                ; Off                ;
; Iteration limit for constant Verilog loops                                 ; 5000               ; 5000               ;
; Iteration limit for non-constant Verilog loops                             ; 250                ; 250                ;
; Add Pass-Through Logic to Inferred RAMs                                    ; On                 ; On                 ;
; Infer RAMs from Raw Logic                                                  ; On                 ; On                 ;
; Parallel Synthesis                                                         ; On                 ; On                 ;
; DSP Block Balancing                                                        ; Auto               ; Auto               ;
; NOT Gate Push-Back                                                         ; On                 ; On                 ;
; Power-Up Don't Care                                                        ; On                 ; On                 ;
; Remove Redundant Logic Cells                                               ; Off                ; Off                ;
; Remove Duplicate Registers                                                 ; On                 ; On                 ;
; Ignore CARRY Buffers                                                       ; Off                ; Off                ;
; Ignore CASCADE Buffers                                                     ; Off                ; Off                ;
; Ignore GLOBAL Buffers                                                      ; Off                ; Off                ;
; Ignore ROW GLOBAL Buffers                                                  ; Off                ; Off                ;
; Ignore LCELL Buffers                                                       ; Off                ; Off                ;
; Ignore SOFT Buffers                                                        ; On                 ; On                 ;
; Limit AHDL Integers to 32 Bits                                             ; Off                ; Off                ;
; Optimization Technique                                                     ; Balanced           ; Balanced           ;
; Carry Chain Length                                                         ; 70                 ; 70                 ;
; Auto Carry Chains                                                          ; On                 ; On                 ;
; Auto Open-Drain Pins                                                       ; On                 ; On                 ;
; Perform WYSIWYG Primitive Resynthesis                                      ; Off                ; Off                ;
; Auto ROM Replacement                                                       ; On                 ; On                 ;
; Auto RAM Replacement                                                       ; On                 ; On                 ;
; Auto Shift Register Replacement                                            ; Auto               ; Auto               ;
; Allow Shift Register Merging across Hierarchies                            ; Auto               ; Auto               ;
; Auto Clock Enable Replacement                                              ; On                 ; On                 ;
; Strict RAM Replacement                                                     ; Off                ; Off                ;
; Allow Synchronous Control Signals                                          ; On                 ; On                 ;
; Force Use of Synchronous Clear Signals                                     ; Off                ; Off                ;
; Auto RAM to Logic Cell Conversion                                          ; Off                ; Off                ;
; Auto Resource Sharing                                                      ; Off                ; Off                ;
; Allow Any RAM Size For Recognition                                         ; Off                ; Off                ;
; Allow Any ROM Size For Recognition                                         ; Off                ; Off                ;
; Allow Any Shift Register Size For Recognition                              ; Off                ; Off                ;
; Use LogicLock Constraints during Resource Balancing                        ; On                 ; On                 ;
; Ignore translate_off and synthesis_off directives                          ; Off                ; Off                ;
; Timing-Driven Synthesis                                                    ; Off                ; Off                ;
; Report Parameter Settings                                                  ; On                 ; On                 ;
; Report Source Assignments                                                  ; On                 ; On                 ;
; Report Connectivity Checks                                                 ; On                 ; On                 ;
; Ignore Maximum Fan-Out Assignments                                         ; Off                ; Off                ;
; Synchronization Register Chain Length                                      ; 2                  ; 2                  ;
; PowerPlay Power Optimization                                               ; Normal compilation ; Normal compilation ;
; HDL message level                                                          ; Level2             ; Level2             ;
; Suppress Register Optimization Related Messages                            ; Off                ; Off                ;
; Number of Removed Registers Reported in Synthesis Report                   ; 5000               ; 5000               ;
; Number of Swept Nodes Reported in Synthesis Report                         ; 5000               ; 5000               ;
; Number of Inverted Registers Reported in Synthesis Report                  ; 100                ; 100                ;
; Clock MUX Protection                                                       ; On                 ; On                 ;
; Auto Gated Clock Conversion                                                ; Off                ; Off                ;
; Block Design Naming                                                        ; Auto               ; Auto               ;
; SDC constraint protection                                                  ; Off                ; Off                ;
; Synthesis Effort                                                           ; Auto               ; Auto               ;
; Shift Register Replacement - Allow Asynchronous Clear Signal               ; On                 ; On                 ;
; Pre-Mapping Resynthesis Optimization                                       ; Off                ; Off                ;
; Analysis & Synthesis Message Level                                         ; Medium             ; Medium             ;
; Disable Register Merging Across Hierarchies                                ; Auto               ; Auto               ;
; Resource Aware Inference For Block RAM                                     ; On                 ; On                 ;
; Synthesis Seed                                                             ; 1                  ; 1                  ;
+----------------------------------------------------------------------------+--------------------+--------------------+


Parallel compilation was disabled, but you have multiple processors available. Enable parallel compilation to reduce compilation time.
+-------------------------------------+
; Parallel Compilation                ;
+----------------------------+--------+
; Processors                 ; Number ;
+----------------------------+--------+
; Number detected on machine ; 8      ;
; Maximum allowed            ; 1      ;
+----------------------------+--------+


+---------------------------------------------------------------------------------------------------------------------------------------------------------------------------+
; Analysis & Synthesis Source Files Read                                                                                                                                    ;
+----------------------------------+-----------------+------------------------------------+-----------------------------------------------------------------------+---------+
; File Name with User-Entered Path ; Used in Netlist ; File Type                          ; File Name with Absolute Path                                          ; Library ;
+----------------------------------+-----------------+------------------------------------+-----------------------------------------------------------------------+---------+
; Control.bdf                      ; yes             ; User Block Diagram/Schematic File  ; D:/HK5/CE118_DigitalLogicDesign/TH_Quartus/LAB6_TNVD/Control.bdf      ;         ;
; ALUcontrol.bdf                   ; yes             ; User Block Diagram/Schematic File  ; D:/HK5/CE118_DigitalLogicDesign/TH_Quartus/LAB6_TNVD/ALUcontrol.bdf   ;         ;
; ControlUnit.bdf                  ; yes             ; User Block Diagram/Schematic File  ; D:/HK5/CE118_DigitalLogicDesign/TH_Quartus/LAB6_TNVD/ControlUnit.bdf  ;         ;
; RFC.bdf                          ; yes             ; User Block Diagram/Schematic File  ; D:/HK5/CE118_DigitalLogicDesign/TH_Quartus/LAB6_TNVD/RFC.bdf          ;         ;
; RFC8.bdf                         ; yes             ; User Block Diagram/Schematic File  ; D:/HK5/CE118_DigitalLogicDesign/TH_Quartus/LAB6_TNVD/RFC8.bdf         ;         ;
; RFC32.bdf                        ; yes             ; User Block Diagram/Schematic File  ; D:/HK5/CE118_DigitalLogicDesign/TH_Quartus/LAB6_TNVD/RFC32.bdf        ;         ;
; RFC32x32.bdf                     ; yes             ; User Block Diagram/Schematic File  ; D:/HK5/CE118_DigitalLogicDesign/TH_Quartus/LAB6_TNVD/RFC32x32.bdf     ;         ;
; 2to4decoder.bdf                  ; yes             ; User Block Diagram/Schematic File  ; D:/HK5/CE118_DigitalLogicDesign/TH_Quartus/LAB6_TNVD/2to4decoder.bdf  ;         ;
; 3to8decoder.bdf                  ; yes             ; User Block Diagram/Schematic File  ; D:/HK5/CE118_DigitalLogicDesign/TH_Quartus/LAB6_TNVD/3to8decoder.bdf  ;         ;
; 5to32decoder.bdf                 ; yes             ; User Block Diagram/Schematic File  ; D:/HK5/CE118_DigitalLogicDesign/TH_Quartus/LAB6_TNVD/5to32decoder.bdf ;         ;
; RF32x32.bdf                      ; yes             ; User Block Diagram/Schematic File  ; D:/HK5/CE118_DigitalLogicDesign/TH_Quartus/LAB6_TNVD/RF32x32.bdf      ;         ;
; fulladder.bdf                    ; yes             ; User Block Diagram/Schematic File  ; D:/HK5/CE118_DigitalLogicDesign/TH_Quartus/LAB6_TNVD/fulladder.bdf    ;         ;
; add_32bit.bdf                    ; yes             ; User Block Diagram/Schematic File  ; D:/HK5/CE118_DigitalLogicDesign/TH_Quartus/LAB6_TNVD/add_32bit.bdf    ;         ;
; MC1x32.bdf                       ; yes             ; User Block Diagram/Schematic File  ; D:/HK5/CE118_DigitalLogicDesign/TH_Quartus/LAB6_TNVD/MC1x32.bdf       ;         ;
; RAM32x32.bdf                     ; yes             ; User Block Diagram/Schematic File  ; D:/HK5/CE118_DigitalLogicDesign/TH_Quartus/LAB6_TNVD/RAM32x32.bdf     ;         ;
; sign_extend.bdf                  ; yes             ; User Block Diagram/Schematic File  ; D:/HK5/CE118_DigitalLogicDesign/TH_Quartus/LAB6_TNVD/sign_extend.bdf  ;         ;
; slt_32.v                         ; yes             ; User Verilog HDL File              ; D:/HK5/CE118_DigitalLogicDesign/TH_Quartus/LAB6_TNVD/slt_32.v         ;         ;
; ALU.bdf                          ; yes             ; User Block Diagram/Schematic File  ; D:/HK5/CE118_DigitalLogicDesign/TH_Quartus/LAB6_TNVD/ALU.bdf          ;         ;
; Top_final.bdf                    ; yes             ; User Block Diagram/Schematic File  ; D:/HK5/CE118_DigitalLogicDesign/TH_Quartus/LAB6_TNVD/Top_final.bdf    ;         ;
; busmux.tdf                       ; yes             ; Megafunction                       ; d:/apps/study/quartus/quartus/libraries/megafunctions/busmux.tdf      ;         ;
; lpm_mux.inc                      ; yes             ; Megafunction                       ; d:/apps/study/quartus/quartus/libraries/megafunctions/lpm_mux.inc     ;         ;
; lpm_mux.tdf                      ; yes             ; Megafunction                       ; d:/apps/study/quartus/quartus/libraries/megafunctions/lpm_mux.tdf     ;         ;
; aglobal130.inc                   ; yes             ; Megafunction                       ; d:/apps/study/quartus/quartus/libraries/megafunctions/aglobal130.inc  ;         ;
; muxlut.inc                       ; yes             ; Megafunction                       ; d:/apps/study/quartus/quartus/libraries/megafunctions/muxlut.inc      ;         ;
; bypassff.inc                     ; yes             ; Megafunction                       ; d:/apps/study/quartus/quartus/libraries/megafunctions/bypassff.inc    ;         ;
; altshift.inc                     ; yes             ; Megafunction                       ; d:/apps/study/quartus/quartus/libraries/megafunctions/altshift.inc    ;         ;
; db/mux_9oc.tdf                   ; yes             ; Auto-Generated Megafunction        ; D:/HK5/CE118_DigitalLogicDesign/TH_Quartus/LAB6_TNVD/db/mux_9oc.tdf   ;         ;
; db/mux_pmc.tdf                   ; yes             ; Auto-Generated Megafunction        ; D:/HK5/CE118_DigitalLogicDesign/TH_Quartus/LAB6_TNVD/db/mux_pmc.tdf   ;         ;
+----------------------------------+-----------------+------------------------------------+-----------------------------------------------------------------------+---------+


+-----------------------------------------------------+
; Analysis & Synthesis Resource Usage Summary         ;
+---------------------------------------------+-------+
; Resource                                    ; Usage ;
+---------------------------------------------+-------+
; Estimated Total logic elements              ; 4,437 ;
;                                             ;       ;
; Total combinational functions               ; 3445  ;
; Logic element usage by number of LUT inputs ;       ;
;     -- 4 input functions                    ; 2295  ;
;     -- 3 input functions                    ; 1133  ;
;     -- <=2 input functions                  ; 17    ;
;                                             ;       ;
; Logic elements by mode                      ;       ;
;     -- normal mode                          ; 3414  ;
;     -- arithmetic mode                      ; 31    ;
;                                             ;       ;
; Total registers                             ; 1024  ;
;     -- Dedicated logic registers            ; 1024  ;
;     -- I/O registers                        ; 0     ;
;                                             ;       ;
; I/O pins                                    ; 133   ;
; Embedded Multiplier 9-bit elements          ; 0     ;
; Maximum fan-out node                        ; CLK   ;
; Maximum fan-out                             ; 1024  ;
; Total fan-out                               ; 15783 ;
; Average fan-out                             ; 3.43  ;
+---------------------------------------------+-------+


+---------------------------------------------------------------------------------------------------------------------------------------------------------------------------------------------------------------------------------------------+
; Analysis & Synthesis Resource Utilization by Entity                                                                                                                                                                                         ;
+--------------------------------------+-------------------+--------------+-------------+--------------+---------+-----------+------+--------------+---------------------------------------------------------------------------+--------------+
; Compilation Hierarchy Node           ; LC Combinationals ; LC Registers ; Memory Bits ; DSP Elements ; DSP 9x9 ; DSP 18x18 ; Pins ; Virtual Pins ; Full Hierarchy Name                                                       ; Library Name ;
+--------------------------------------+-------------------+--------------+-------------+--------------+---------+-----------+------+--------------+---------------------------------------------------------------------------+--------------+
; |Top_final                           ; 3445 (0)          ; 1024 (0)     ; 0           ; 0            ; 0       ; 0         ; 133  ; 0            ; |Top_final                                                                ; work         ;
;    |ALU:inst8|                       ; 97 (0)            ; 0 (0)        ; 0           ; 0            ; 0       ; 0         ; 0    ; 0            ; |Top_final|ALU:inst8                                                      ; work         ;
;       |add_32bit:inst1|              ; 33 (0)            ; 0 (0)        ; 0           ; 0            ; 0       ; 0         ; 0    ; 0            ; |Top_final|ALU:inst8|add_32bit:inst1                                      ; work         ;
;          |fulladder:inst10|          ; 1 (1)             ; 0 (0)        ; 0           ; 0            ; 0       ; 0         ; 0    ; 0            ; |Top_final|ALU:inst8|add_32bit:inst1|fulladder:inst10                     ; work         ;
;          |fulladder:inst11|          ; 1 (1)             ; 0 (0)        ; 0           ; 0            ; 0       ; 0         ; 0    ; 0            ; |Top_final|ALU:inst8|add_32bit:inst1|fulladder:inst11                     ; work         ;
;          |fulladder:inst12|          ; 1 (1)             ; 0 (0)        ; 0           ; 0            ; 0       ; 0         ; 0    ; 0            ; |Top_final|ALU:inst8|add_32bit:inst1|fulladder:inst12                     ; work         ;
;          |fulladder:inst13|          ; 1 (1)             ; 0 (0)        ; 0           ; 0            ; 0       ; 0         ; 0    ; 0            ; |Top_final|ALU:inst8|add_32bit:inst1|fulladder:inst13                     ; work         ;
;          |fulladder:inst14|          ; 1 (1)             ; 0 (0)        ; 0           ; 0            ; 0       ; 0         ; 0    ; 0            ; |Top_final|ALU:inst8|add_32bit:inst1|fulladder:inst14                     ; work         ;
;          |fulladder:inst15|          ; 1 (1)             ; 0 (0)        ; 0           ; 0            ; 0       ; 0         ; 0    ; 0            ; |Top_final|ALU:inst8|add_32bit:inst1|fulladder:inst15                     ; work         ;
;          |fulladder:inst16|          ; 1 (1)             ; 0 (0)        ; 0           ; 0            ; 0       ; 0         ; 0    ; 0            ; |Top_final|ALU:inst8|add_32bit:inst1|fulladder:inst16                     ; work         ;
;          |fulladder:inst17|          ; 1 (1)             ; 0 (0)        ; 0           ; 0            ; 0       ; 0         ; 0    ; 0            ; |Top_final|ALU:inst8|add_32bit:inst1|fulladder:inst17                     ; work         ;
;          |fulladder:inst18|          ; 1 (1)             ; 0 (0)        ; 0           ; 0            ; 0       ; 0         ; 0    ; 0            ; |Top_final|ALU:inst8|add_32bit:inst1|fulladder:inst18                     ; work         ;
;          |fulladder:inst19|          ; 1 (1)             ; 0 (0)        ; 0           ; 0            ; 0       ; 0         ; 0    ; 0            ; |Top_final|ALU:inst8|add_32bit:inst1|fulladder:inst19                     ; work         ;
;          |fulladder:inst1|           ; 2 (2)             ; 0 (0)        ; 0           ; 0            ; 0       ; 0         ; 0    ; 0            ; |Top_final|ALU:inst8|add_32bit:inst1|fulladder:inst1                      ; work         ;
;          |fulladder:inst20|          ; 1 (1)             ; 0 (0)        ; 0           ; 0            ; 0       ; 0         ; 0    ; 0            ; |Top_final|ALU:inst8|add_32bit:inst1|fulladder:inst20                     ; work         ;
;          |fulladder:inst21|          ; 1 (1)             ; 0 (0)        ; 0           ; 0            ; 0       ; 0         ; 0    ; 0            ; |Top_final|ALU:inst8|add_32bit:inst1|fulladder:inst21                     ; work         ;
;          |fulladder:inst22|          ; 1 (1)             ; 0 (0)        ; 0           ; 0            ; 0       ; 0         ; 0    ; 0            ; |Top_final|ALU:inst8|add_32bit:inst1|fulladder:inst22                     ; work         ;
;          |fulladder:inst23|          ; 1 (1)             ; 0 (0)        ; 0           ; 0            ; 0       ; 0         ; 0    ; 0            ; |Top_final|ALU:inst8|add_32bit:inst1|fulladder:inst23                     ; work         ;
;          |fulladder:inst24|          ; 1 (1)             ; 0 (0)        ; 0           ; 0            ; 0       ; 0         ; 0    ; 0            ; |Top_final|ALU:inst8|add_32bit:inst1|fulladder:inst24                     ; work         ;
;          |fulladder:inst25|          ; 1 (1)             ; 0 (0)        ; 0           ; 0            ; 0       ; 0         ; 0    ; 0            ; |Top_final|ALU:inst8|add_32bit:inst1|fulladder:inst25                     ; work         ;
;          |fulladder:inst26|          ; 1 (1)             ; 0 (0)        ; 0           ; 0            ; 0       ; 0         ; 0    ; 0            ; |Top_final|ALU:inst8|add_32bit:inst1|fulladder:inst26                     ; work         ;
;          |fulladder:inst27|          ; 1 (1)             ; 0 (0)        ; 0           ; 0            ; 0       ; 0         ; 0    ; 0            ; |Top_final|ALU:inst8|add_32bit:inst1|fulladder:inst27                     ; work         ;
;          |fulladder:inst28|          ; 1 (1)             ; 0 (0)        ; 0           ; 0            ; 0       ; 0         ; 0    ; 0            ; |Top_final|ALU:inst8|add_32bit:inst1|fulladder:inst28                     ; work         ;
;          |fulladder:inst29|          ; 1 (1)             ; 0 (0)        ; 0           ; 0            ; 0       ; 0         ; 0    ; 0            ; |Top_final|ALU:inst8|add_32bit:inst1|fulladder:inst29                     ; work         ;
;          |fulladder:inst2|           ; 1 (1)             ; 0 (0)        ; 0           ; 0            ; 0       ; 0         ; 0    ; 0            ; |Top_final|ALU:inst8|add_32bit:inst1|fulladder:inst2                      ; work         ;
;          |fulladder:inst30|          ; 1 (1)             ; 0 (0)        ; 0           ; 0            ; 0       ; 0         ; 0    ; 0            ; |Top_final|ALU:inst8|add_32bit:inst1|fulladder:inst30                     ; work         ;
;          |fulladder:inst3|           ; 2 (2)             ; 0 (0)        ; 0           ; 0            ; 0       ; 0         ; 0    ; 0            ; |Top_final|ALU:inst8|add_32bit:inst1|fulladder:inst3                      ; work         ;
;          |fulladder:inst4|           ; 2 (2)             ; 0 (0)        ; 0           ; 0            ; 0       ; 0         ; 0    ; 0            ; |Top_final|ALU:inst8|add_32bit:inst1|fulladder:inst4                      ; work         ;
;          |fulladder:inst5|           ; 1 (1)             ; 0 (0)        ; 0           ; 0            ; 0       ; 0         ; 0    ; 0            ; |Top_final|ALU:inst8|add_32bit:inst1|fulladder:inst5                      ; work         ;
;          |fulladder:inst6|           ; 1 (1)             ; 0 (0)        ; 0           ; 0            ; 0       ; 0         ; 0    ; 0            ; |Top_final|ALU:inst8|add_32bit:inst1|fulladder:inst6                      ; work         ;
;          |fulladder:inst7|           ; 1 (1)             ; 0 (0)        ; 0           ; 0            ; 0       ; 0         ; 0    ; 0            ; |Top_final|ALU:inst8|add_32bit:inst1|fulladder:inst7                      ; work         ;
;          |fulladder:inst8|           ; 1 (1)             ; 0 (0)        ; 0           ; 0            ; 0       ; 0         ; 0    ; 0            ; |Top_final|ALU:inst8|add_32bit:inst1|fulladder:inst8                      ; work         ;
;          |fulladder:inst9|           ; 1 (1)             ; 0 (0)        ; 0           ; 0            ; 0       ; 0         ; 0    ; 0            ; |Top_final|ALU:inst8|add_32bit:inst1|fulladder:inst9                      ; work         ;
;       |busmux:inst4|                 ; 32 (0)            ; 0 (0)        ; 0           ; 0            ; 0       ; 0         ; 0    ; 0            ; |Top_final|ALU:inst8|busmux:inst4                                         ; work         ;
;          |lpm_mux:$00000|            ; 32 (0)            ; 0 (0)        ; 0           ; 0            ; 0       ; 0         ; 0    ; 0            ; |Top_final|ALU:inst8|busmux:inst4|lpm_mux:$00000                          ; work         ;
;             |mux_9oc:auto_generated| ; 32 (32)           ; 0 (0)        ; 0           ; 0            ; 0       ; 0         ; 0    ; 0            ; |Top_final|ALU:inst8|busmux:inst4|lpm_mux:$00000|mux_9oc:auto_generated   ; work         ;
;       |slt_32:inst|                  ; 32 (32)           ; 0 (0)        ; 0           ; 0            ; 0       ; 0         ; 0    ; 0            ; |Top_final|ALU:inst8|slt_32:inst                                          ; work         ;
;    |ControlUnit:inst6|               ; 8 (0)             ; 0 (0)        ; 0           ; 0            ; 0       ; 0         ; 0    ; 0            ; |Top_final|ControlUnit:inst6                                              ; work         ;
;       |ALUcontrol:inst|              ; 4 (4)             ; 0 (0)        ; 0           ; 0            ; 0       ; 0         ; 0    ; 0            ; |Top_final|ControlUnit:inst6|ALUcontrol:inst                              ; work         ;
;       |Control:inst1|                ; 4 (4)             ; 0 (0)        ; 0           ; 0            ; 0       ; 0         ; 0    ; 0            ; |Top_final|ControlUnit:inst6|Control:inst1                                ; work         ;
;    |RAM32x32:inst1|                  ; 1095 (0)          ; 0 (0)        ; 0           ; 0            ; 0       ; 0         ; 0    ; 0            ; |Top_final|RAM32x32:inst1                                                 ; work         ;
;       |5to32decoder:inst56|          ; 38 (0)            ; 0 (0)        ; 0           ; 0            ; 0       ; 0         ; 0    ; 0            ; |Top_final|RAM32x32:inst1|5to32decoder:inst56                             ; work         ;
;          |2to4decoder:inst|          ; 4 (4)             ; 0 (0)        ; 0           ; 0            ; 0       ; 0         ; 0    ; 0            ; |Top_final|RAM32x32:inst1|5to32decoder:inst56|2to4decoder:inst            ; work         ;
;          |3to8decoder:inst1|         ; 10 (10)           ; 0 (0)        ; 0           ; 0            ; 0       ; 0         ; 0    ; 0            ; |Top_final|RAM32x32:inst1|5to32decoder:inst56|3to8decoder:inst1           ; work         ;
;          |3to8decoder:inst2|         ; 8 (8)             ; 0 (0)        ; 0           ; 0            ; 0       ; 0         ; 0    ; 0            ; |Top_final|RAM32x32:inst1|5to32decoder:inst56|3to8decoder:inst2           ; work         ;
;          |3to8decoder:inst3|         ; 8 (8)             ; 0 (0)        ; 0           ; 0            ; 0       ; 0         ; 0    ; 0            ; |Top_final|RAM32x32:inst1|5to32decoder:inst56|3to8decoder:inst3           ; work         ;
;          |3to8decoder:inst4|         ; 8 (8)             ; 0 (0)        ; 0           ; 0            ; 0       ; 0         ; 0    ; 0            ; |Top_final|RAM32x32:inst1|5to32decoder:inst56|3to8decoder:inst4           ; work         ;
;       |MC1x32:inst23|                ; 33 (33)           ; 0 (0)        ; 0           ; 0            ; 0       ; 0         ; 0    ; 0            ; |Top_final|RAM32x32:inst1|MC1x32:inst23                                   ; work         ;
;       |MC1x32:inst24|                ; 33 (33)           ; 0 (0)        ; 0           ; 0            ; 0       ; 0         ; 0    ; 0            ; |Top_final|RAM32x32:inst1|MC1x32:inst24                                   ; work         ;
;       |MC1x32:inst26|                ; 33 (33)           ; 0 (0)        ; 0           ; 0            ; 0       ; 0         ; 0    ; 0            ; |Top_final|RAM32x32:inst1|MC1x32:inst26                                   ; work         ;
;       |MC1x32:inst28|                ; 33 (33)           ; 0 (0)        ; 0           ; 0            ; 0       ; 0         ; 0    ; 0            ; |Top_final|RAM32x32:inst1|MC1x32:inst28                                   ; work         ;
;       |MC1x32:inst29|                ; 33 (33)           ; 0 (0)        ; 0           ; 0            ; 0       ; 0         ; 0    ; 0            ; |Top_final|RAM32x32:inst1|MC1x32:inst29                                   ; work         ;
;       |MC1x32:inst30|                ; 33 (33)           ; 0 (0)        ; 0           ; 0            ; 0       ; 0         ; 0    ; 0            ; |Top_final|RAM32x32:inst1|MC1x32:inst30                                   ; work         ;
;       |MC1x32:inst31|                ; 33 (33)           ; 0 (0)        ; 0           ; 0            ; 0       ; 0         ; 0    ; 0            ; |Top_final|RAM32x32:inst1|MC1x32:inst31                                   ; work         ;
;       |MC1x32:inst32|                ; 33 (33)           ; 0 (0)        ; 0           ; 0            ; 0       ; 0         ; 0    ; 0            ; |Top_final|RAM32x32:inst1|MC1x32:inst32                                   ; work         ;
;       |MC1x32:inst33|                ; 33 (33)           ; 0 (0)        ; 0           ; 0            ; 0       ; 0         ; 0    ; 0            ; |Top_final|RAM32x32:inst1|MC1x32:inst33                                   ; work         ;
;       |MC1x32:inst34|                ; 33 (33)           ; 0 (0)        ; 0           ; 0            ; 0       ; 0         ; 0    ; 0            ; |Top_final|RAM32x32:inst1|MC1x32:inst34                                   ; work         ;
;       |MC1x32:inst35|                ; 33 (33)           ; 0 (0)        ; 0           ; 0            ; 0       ; 0         ; 0    ; 0            ; |Top_final|RAM32x32:inst1|MC1x32:inst35                                   ; work         ;
;       |MC1x32:inst36|                ; 34 (34)           ; 0 (0)        ; 0           ; 0            ; 0       ; 0         ; 0    ; 0            ; |Top_final|RAM32x32:inst1|MC1x32:inst36                                   ; work         ;
;       |MC1x32:inst37|                ; 33 (33)           ; 0 (0)        ; 0           ; 0            ; 0       ; 0         ; 0    ; 0            ; |Top_final|RAM32x32:inst1|MC1x32:inst37                                   ; work         ;
;       |MC1x32:inst38|                ; 33 (33)           ; 0 (0)        ; 0           ; 0            ; 0       ; 0         ; 0    ; 0            ; |Top_final|RAM32x32:inst1|MC1x32:inst38                                   ; work         ;
;       |MC1x32:inst39|                ; 33 (33)           ; 0 (0)        ; 0           ; 0            ; 0       ; 0         ; 0    ; 0            ; |Top_final|RAM32x32:inst1|MC1x32:inst39                                   ; work         ;
;       |MC1x32:inst40|                ; 33 (33)           ; 0 (0)        ; 0           ; 0            ; 0       ; 0         ; 0    ; 0            ; |Top_final|RAM32x32:inst1|MC1x32:inst40                                   ; work         ;
;       |MC1x32:inst41|                ; 33 (33)           ; 0 (0)        ; 0           ; 0            ; 0       ; 0         ; 0    ; 0            ; |Top_final|RAM32x32:inst1|MC1x32:inst41                                   ; work         ;
;       |MC1x32:inst42|                ; 33 (33)           ; 0 (0)        ; 0           ; 0            ; 0       ; 0         ; 0    ; 0            ; |Top_final|RAM32x32:inst1|MC1x32:inst42                                   ; work         ;
;       |MC1x32:inst43|                ; 33 (33)           ; 0 (0)        ; 0           ; 0            ; 0       ; 0         ; 0    ; 0            ; |Top_final|RAM32x32:inst1|MC1x32:inst43                                   ; work         ;
;       |MC1x32:inst44|                ; 33 (33)           ; 0 (0)        ; 0           ; 0            ; 0       ; 0         ; 0    ; 0            ; |Top_final|RAM32x32:inst1|MC1x32:inst44                                   ; work         ;
;       |MC1x32:inst45|                ; 33 (33)           ; 0 (0)        ; 0           ; 0            ; 0       ; 0         ; 0    ; 0            ; |Top_final|RAM32x32:inst1|MC1x32:inst45                                   ; work         ;
;       |MC1x32:inst46|                ; 33 (33)           ; 0 (0)        ; 0           ; 0            ; 0       ; 0         ; 0    ; 0            ; |Top_final|RAM32x32:inst1|MC1x32:inst46                                   ; work         ;
;       |MC1x32:inst47|                ; 33 (33)           ; 0 (0)        ; 0           ; 0            ; 0       ; 0         ; 0    ; 0            ; |Top_final|RAM32x32:inst1|MC1x32:inst47                                   ; work         ;
;       |MC1x32:inst48|                ; 33 (33)           ; 0 (0)        ; 0           ; 0            ; 0       ; 0         ; 0    ; 0            ; |Top_final|RAM32x32:inst1|MC1x32:inst48                                   ; work         ;
;       |MC1x32:inst49|                ; 33 (33)           ; 0 (0)        ; 0           ; 0            ; 0       ; 0         ; 0    ; 0            ; |Top_final|RAM32x32:inst1|MC1x32:inst49                                   ; work         ;
;       |MC1x32:inst50|                ; 33 (33)           ; 0 (0)        ; 0           ; 0            ; 0       ; 0         ; 0    ; 0            ; |Top_final|RAM32x32:inst1|MC1x32:inst50                                   ; work         ;
;       |MC1x32:inst51|                ; 33 (33)           ; 0 (0)        ; 0           ; 0            ; 0       ; 0         ; 0    ; 0            ; |Top_final|RAM32x32:inst1|MC1x32:inst51                                   ; work         ;
;       |MC1x32:inst52|                ; 33 (33)           ; 0 (0)        ; 0           ; 0            ; 0       ; 0         ; 0    ; 0            ; |Top_final|RAM32x32:inst1|MC1x32:inst52                                   ; work         ;
;       |MC1x32:inst53|                ; 33 (33)           ; 0 (0)        ; 0           ; 0            ; 0       ; 0         ; 0    ; 0            ; |Top_final|RAM32x32:inst1|MC1x32:inst53                                   ; work         ;
;       |MC1x32:inst54|                ; 33 (33)           ; 0 (0)        ; 0           ; 0            ; 0       ; 0         ; 0    ; 0            ; |Top_final|RAM32x32:inst1|MC1x32:inst54                                   ; work         ;
;       |MC1x32:inst55|                ; 33 (33)           ; 0 (0)        ; 0           ; 0            ; 0       ; 0         ; 0    ; 0            ; |Top_final|RAM32x32:inst1|MC1x32:inst55                                   ; work         ;
;       |MC1x32:inst|                  ; 33 (33)           ; 0 (0)        ; 0           ; 0            ; 0       ; 0         ; 0    ; 0            ; |Top_final|RAM32x32:inst1|MC1x32:inst                                     ; work         ;
;    |RF32x32:inst|                    ; 1473 (0)          ; 1024 (0)     ; 0           ; 0            ; 0       ; 0         ; 0    ; 0            ; |Top_final|RF32x32:inst                                                   ; work         ;
;       |5to32decoder:inst2|           ; 36 (0)            ; 0 (0)        ; 0           ; 0            ; 0       ; 0         ; 0    ; 0            ; |Top_final|RF32x32:inst|5to32decoder:inst2                                ; work         ;
;          |2to4decoder:inst|          ; 4 (4)             ; 0 (0)        ; 0           ; 0            ; 0       ; 0         ; 0    ; 0            ; |Top_final|RF32x32:inst|5to32decoder:inst2|2to4decoder:inst               ; work         ;
;          |3to8decoder:inst1|         ; 8 (8)             ; 0 (0)        ; 0           ; 0            ; 0       ; 0         ; 0    ; 0            ; |Top_final|RF32x32:inst|5to32decoder:inst2|3to8decoder:inst1              ; work         ;
;          |3to8decoder:inst2|         ; 8 (8)             ; 0 (0)        ; 0           ; 0            ; 0       ; 0         ; 0    ; 0            ; |Top_final|RF32x32:inst|5to32decoder:inst2|3to8decoder:inst2              ; work         ;
;          |3to8decoder:inst3|         ; 8 (8)             ; 0 (0)        ; 0           ; 0            ; 0       ; 0         ; 0    ; 0            ; |Top_final|RF32x32:inst|5to32decoder:inst2|3to8decoder:inst3              ; work         ;
;          |3to8decoder:inst4|         ; 8 (8)             ; 0 (0)        ; 0           ; 0            ; 0       ; 0         ; 0    ; 0            ; |Top_final|RF32x32:inst|5to32decoder:inst2|3to8decoder:inst4              ; work         ;
;       |5to32decoder:inst3|           ; 36 (0)            ; 0 (0)        ; 0           ; 0            ; 0       ; 0         ; 0    ; 0            ; |Top_final|RF32x32:inst|5to32decoder:inst3                                ; work         ;
;          |2to4decoder:inst|          ; 4 (4)             ; 0 (0)        ; 0           ; 0            ; 0       ; 0         ; 0    ; 0            ; |Top_final|RF32x32:inst|5to32decoder:inst3|2to4decoder:inst               ; work         ;
;          |3to8decoder:inst1|         ; 8 (8)             ; 0 (0)        ; 0           ; 0            ; 0       ; 0         ; 0    ; 0            ; |Top_final|RF32x32:inst|5to32decoder:inst3|3to8decoder:inst1              ; work         ;
;          |3to8decoder:inst2|         ; 8 (8)             ; 0 (0)        ; 0           ; 0            ; 0       ; 0         ; 0    ; 0            ; |Top_final|RF32x32:inst|5to32decoder:inst3|3to8decoder:inst2              ; work         ;
;          |3to8decoder:inst3|         ; 8 (8)             ; 0 (0)        ; 0           ; 0            ; 0       ; 0         ; 0    ; 0            ; |Top_final|RF32x32:inst|5to32decoder:inst3|3to8decoder:inst3              ; work         ;
;          |3to8decoder:inst4|         ; 8 (8)             ; 0 (0)        ; 0           ; 0            ; 0       ; 0         ; 0    ; 0            ; |Top_final|RF32x32:inst|5to32decoder:inst3|3to8decoder:inst4              ; work         ;
;       |5to32decoder:inst|            ; 38 (0)            ; 0 (0)        ; 0           ; 0            ; 0       ; 0         ; 0    ; 0            ; |Top_final|RF32x32:inst|5to32decoder:inst                                 ; work         ;
;          |2to4decoder:inst|          ; 2 (2)             ; 0 (0)        ; 0           ; 0            ; 0       ; 0         ; 0    ; 0            ; |Top_final|RF32x32:inst|5to32decoder:inst|2to4decoder:inst                ; work         ;
;          |3to8decoder:inst1|         ; 11 (11)           ; 0 (0)        ; 0           ; 0            ; 0       ; 0         ; 0    ; 0            ; |Top_final|RF32x32:inst|5to32decoder:inst|3to8decoder:inst1               ; work         ;
;          |3to8decoder:inst2|         ; 8 (8)             ; 0 (0)        ; 0           ; 0            ; 0       ; 0         ; 0    ; 0            ; |Top_final|RF32x32:inst|5to32decoder:inst|3to8decoder:inst2               ; work         ;
;          |3to8decoder:inst3|         ; 8 (8)             ; 0 (0)        ; 0           ; 0            ; 0       ; 0         ; 0    ; 0            ; |Top_final|RF32x32:inst|5to32decoder:inst|3to8decoder:inst3               ; work         ;
;          |3to8decoder:inst4|         ; 9 (9)             ; 0 (0)        ; 0           ; 0            ; 0       ; 0         ; 0    ; 0            ; |Top_final|RF32x32:inst|5to32decoder:inst|3to8decoder:inst4               ; work         ;
;       |RFC32x32:inst1|               ; 1363 (0)          ; 1024 (0)     ; 0           ; 0            ; 0       ; 0         ; 0    ; 0            ; |Top_final|RF32x32:inst|RFC32x32:inst1                                    ; work         ;
;          |RFC32:inst10|              ; 0 (0)             ; 32 (0)       ; 0           ; 0            ; 0       ; 0         ; 0    ; 0            ; |Top_final|RF32x32:inst|RFC32x32:inst1|RFC32:inst10                       ; work         ;
;             |RFC8:inst1|             ; 0 (0)             ; 8 (0)        ; 0           ; 0            ; 0       ; 0         ; 0    ; 0            ; |Top_final|RF32x32:inst|RFC32x32:inst1|RFC32:inst10|RFC8:inst1            ; work         ;
;                |RFC:inst10|          ; 0 (0)             ; 1 (1)        ; 0           ; 0            ; 0       ; 0         ; 0    ; 0            ; |Top_final|RF32x32:inst|RFC32x32:inst1|RFC32:inst10|RFC8:inst1|RFC:inst10 ; work         ;
;                |RFC:inst11|          ; 0 (0)             ; 1 (1)        ; 0           ; 0            ; 0       ; 0         ; 0    ; 0            ; |Top_final|RF32x32:inst|RFC32x32:inst1|RFC32:inst10|RFC8:inst1|RFC:inst11 ; work         ;
;                |RFC:inst12|          ; 0 (0)             ; 1 (1)        ; 0           ; 0            ; 0       ; 0         ; 0    ; 0            ; |Top_final|RF32x32:inst|RFC32x32:inst1|RFC32:inst10|RFC8:inst1|RFC:inst12 ; work         ;
;                |RFC:inst13|          ; 0 (0)             ; 1 (1)        ; 0           ; 0            ; 0       ; 0         ; 0    ; 0            ; |Top_final|RF32x32:inst|RFC32x32:inst1|RFC32:inst10|RFC8:inst1|RFC:inst13 ; work         ;
;                |RFC:inst14|          ; 0 (0)             ; 1 (1)        ; 0           ; 0            ; 0       ; 0         ; 0    ; 0            ; |Top_final|RF32x32:inst|RFC32x32:inst1|RFC32:inst10|RFC8:inst1|RFC:inst14 ; work         ;
;                |RFC:inst18|          ; 0 (0)             ; 1 (1)        ; 0           ; 0            ; 0       ; 0         ; 0    ; 0            ; |Top_final|RF32x32:inst|RFC32x32:inst1|RFC32:inst10|RFC8:inst1|RFC:inst18 ; work         ;
;                |RFC:inst8|           ; 0 (0)             ; 1 (1)        ; 0           ; 0            ; 0       ; 0         ; 0    ; 0            ; |Top_final|RF32x32:inst|RFC32x32:inst1|RFC32:inst10|RFC8:inst1|RFC:inst8  ; work         ;
;                |RFC:inst9|           ; 0 (0)             ; 1 (1)        ; 0           ; 0            ; 0       ; 0         ; 0    ; 0            ; |Top_final|RF32x32:inst|RFC32x32:inst1|RFC32:inst10|RFC8:inst1|RFC:inst9  ; work         ;
;             |RFC8:inst2|             ; 0 (0)             ; 8 (0)        ; 0           ; 0            ; 0       ; 0         ; 0    ; 0            ; |Top_final|RF32x32:inst|RFC32x32:inst1|RFC32:inst10|RFC8:inst2            ; work         ;
;                |RFC:inst10|          ; 0 (0)             ; 1 (1)        ; 0           ; 0            ; 0       ; 0         ; 0    ; 0            ; |Top_final|RF32x32:inst|RFC32x32:inst1|RFC32:inst10|RFC8:inst2|RFC:inst10 ; work         ;
;                |RFC:inst11|          ; 0 (0)             ; 1 (1)        ; 0           ; 0            ; 0       ; 0         ; 0    ; 0            ; |Top_final|RF32x32:inst|RFC32x32:inst1|RFC32:inst10|RFC8:inst2|RFC:inst11 ; work         ;
;                |RFC:inst12|          ; 0 (0)             ; 1 (1)        ; 0           ; 0            ; 0       ; 0         ; 0    ; 0            ; |Top_final|RF32x32:inst|RFC32x32:inst1|RFC32:inst10|RFC8:inst2|RFC:inst12 ; work         ;
;                |RFC:inst13|          ; 0 (0)             ; 1 (1)        ; 0           ; 0            ; 0       ; 0         ; 0    ; 0            ; |Top_final|RF32x32:inst|RFC32x32:inst1|RFC32:inst10|RFC8:inst2|RFC:inst13 ; work         ;
;                |RFC:inst14|          ; 0 (0)             ; 1 (1)        ; 0           ; 0            ; 0       ; 0         ; 0    ; 0            ; |Top_final|RF32x32:inst|RFC32x32:inst1|RFC32:inst10|RFC8:inst2|RFC:inst14 ; work         ;
;                |RFC:inst18|          ; 0 (0)             ; 1 (1)        ; 0           ; 0            ; 0       ; 0         ; 0    ; 0            ; |Top_final|RF32x32:inst|RFC32x32:inst1|RFC32:inst10|RFC8:inst2|RFC:inst18 ; work         ;
;                |RFC:inst8|           ; 0 (0)             ; 1 (1)        ; 0           ; 0            ; 0       ; 0         ; 0    ; 0            ; |Top_final|RF32x32:inst|RFC32x32:inst1|RFC32:inst10|RFC8:inst2|RFC:inst8  ; work         ;
;                |RFC:inst9|           ; 0 (0)             ; 1 (1)        ; 0           ; 0            ; 0       ; 0         ; 0    ; 0            ; |Top_final|RF32x32:inst|RFC32x32:inst1|RFC32:inst10|RFC8:inst2|RFC:inst9  ; work         ;
;             |RFC8:inst3|             ; 0 (0)             ; 8 (0)        ; 0           ; 0            ; 0       ; 0         ; 0    ; 0            ; |Top_final|RF32x32:inst|RFC32x32:inst1|RFC32:inst10|RFC8:inst3            ; work         ;
;                |RFC:inst10|          ; 0 (0)             ; 1 (1)        ; 0           ; 0            ; 0       ; 0         ; 0    ; 0            ; |Top_final|RF32x32:inst|RFC32x32:inst1|RFC32:inst10|RFC8:inst3|RFC:inst10 ; work         ;
;                |RFC:inst11|          ; 0 (0)             ; 1 (1)        ; 0           ; 0            ; 0       ; 0         ; 0    ; 0            ; |Top_final|RF32x32:inst|RFC32x32:inst1|RFC32:inst10|RFC8:inst3|RFC:inst11 ; work         ;
;                |RFC:inst12|          ; 0 (0)             ; 1 (1)        ; 0           ; 0            ; 0       ; 0         ; 0    ; 0            ; |Top_final|RF32x32:inst|RFC32x32:inst1|RFC32:inst10|RFC8:inst3|RFC:inst12 ; work         ;
;                |RFC:inst13|          ; 0 (0)             ; 1 (1)        ; 0           ; 0            ; 0       ; 0         ; 0    ; 0            ; |Top_final|RF32x32:inst|RFC32x32:inst1|RFC32:inst10|RFC8:inst3|RFC:inst13 ; work         ;
;                |RFC:inst14|          ; 0 (0)             ; 1 (1)        ; 0           ; 0            ; 0       ; 0         ; 0    ; 0            ; |Top_final|RF32x32:inst|RFC32x32:inst1|RFC32:inst10|RFC8:inst3|RFC:inst14 ; work         ;
;                |RFC:inst18|          ; 0 (0)             ; 1 (1)        ; 0           ; 0            ; 0       ; 0         ; 0    ; 0            ; |Top_final|RF32x32:inst|RFC32x32:inst1|RFC32:inst10|RFC8:inst3|RFC:inst18 ; work         ;
;                |RFC:inst8|           ; 0 (0)             ; 1 (1)        ; 0           ; 0            ; 0       ; 0         ; 0    ; 0            ; |Top_final|RF32x32:inst|RFC32x32:inst1|RFC32:inst10|RFC8:inst3|RFC:inst8  ; work         ;
;                |RFC:inst9|           ; 0 (0)             ; 1 (1)        ; 0           ; 0            ; 0       ; 0         ; 0    ; 0            ; |Top_final|RF32x32:inst|RFC32x32:inst1|RFC32:inst10|RFC8:inst3|RFC:inst9  ; work         ;
;             |RFC8:inst|              ; 0 (0)             ; 8 (0)        ; 0           ; 0            ; 0       ; 0         ; 0    ; 0            ; |Top_final|RF32x32:inst|RFC32x32:inst1|RFC32:inst10|RFC8:inst             ; work         ;
;                |RFC:inst10|          ; 0 (0)             ; 1 (1)        ; 0           ; 0            ; 0       ; 0         ; 0    ; 0            ; |Top_final|RF32x32:inst|RFC32x32:inst1|RFC32:inst10|RFC8:inst|RFC:inst10  ; work         ;
;                |RFC:inst11|          ; 0 (0)             ; 1 (1)        ; 0           ; 0            ; 0       ; 0         ; 0    ; 0            ; |Top_final|RF32x32:inst|RFC32x32:inst1|RFC32:inst10|RFC8:inst|RFC:inst11  ; work         ;
;                |RFC:inst12|          ; 0 (0)             ; 1 (1)        ; 0           ; 0            ; 0       ; 0         ; 0    ; 0            ; |Top_final|RF32x32:inst|RFC32x32:inst1|RFC32:inst10|RFC8:inst|RFC:inst12  ; work         ;
;                |RFC:inst13|          ; 0 (0)             ; 1 (1)        ; 0           ; 0            ; 0       ; 0         ; 0    ; 0            ; |Top_final|RF32x32:inst|RFC32x32:inst1|RFC32:inst10|RFC8:inst|RFC:inst13  ; work         ;
;                |RFC:inst14|          ; 0 (0)             ; 1 (1)        ; 0           ; 0            ; 0       ; 0         ; 0    ; 0            ; |Top_final|RF32x32:inst|RFC32x32:inst1|RFC32:inst10|RFC8:inst|RFC:inst14  ; work         ;
;                |RFC:inst18|          ; 0 (0)             ; 1 (1)        ; 0           ; 0            ; 0       ; 0         ; 0    ; 0            ; |Top_final|RF32x32:inst|RFC32x32:inst1|RFC32:inst10|RFC8:inst|RFC:inst18  ; work         ;
;                |RFC:inst8|           ; 0 (0)             ; 1 (1)        ; 0           ; 0            ; 0       ; 0         ; 0    ; 0            ; |Top_final|RF32x32:inst|RFC32x32:inst1|RFC32:inst10|RFC8:inst|RFC:inst8   ; work         ;
;                |RFC:inst9|           ; 0 (0)             ; 1 (1)        ; 0           ; 0            ; 0       ; 0         ; 0    ; 0            ; |Top_final|RF32x32:inst|RFC32x32:inst1|RFC32:inst10|RFC8:inst|RFC:inst9   ; work         ;
;          |RFC32:inst11|              ; 0 (0)             ; 32 (0)       ; 0           ; 0            ; 0       ; 0         ; 0    ; 0            ; |Top_final|RF32x32:inst|RFC32x32:inst1|RFC32:inst11                       ; work         ;
;             |RFC8:inst1|             ; 0 (0)             ; 8 (0)        ; 0           ; 0            ; 0       ; 0         ; 0    ; 0            ; |Top_final|RF32x32:inst|RFC32x32:inst1|RFC32:inst11|RFC8:inst1            ; work         ;
;                |RFC:inst10|          ; 0 (0)             ; 1 (1)        ; 0           ; 0            ; 0       ; 0         ; 0    ; 0            ; |Top_final|RF32x32:inst|RFC32x32:inst1|RFC32:inst11|RFC8:inst1|RFC:inst10 ; work         ;
;                |RFC:inst11|          ; 0 (0)             ; 1 (1)        ; 0           ; 0            ; 0       ; 0         ; 0    ; 0            ; |Top_final|RF32x32:inst|RFC32x32:inst1|RFC32:inst11|RFC8:inst1|RFC:inst11 ; work         ;
;                |RFC:inst12|          ; 0 (0)             ; 1 (1)        ; 0           ; 0            ; 0       ; 0         ; 0    ; 0            ; |Top_final|RF32x32:inst|RFC32x32:inst1|RFC32:inst11|RFC8:inst1|RFC:inst12 ; work         ;
;                |RFC:inst13|          ; 0 (0)             ; 1 (1)        ; 0           ; 0            ; 0       ; 0         ; 0    ; 0            ; |Top_final|RF32x32:inst|RFC32x32:inst1|RFC32:inst11|RFC8:inst1|RFC:inst13 ; work         ;
;                |RFC:inst14|          ; 0 (0)             ; 1 (1)        ; 0           ; 0            ; 0       ; 0         ; 0    ; 0            ; |Top_final|RF32x32:inst|RFC32x32:inst1|RFC32:inst11|RFC8:inst1|RFC:inst14 ; work         ;
;                |RFC:inst18|          ; 0 (0)             ; 1 (1)        ; 0           ; 0            ; 0       ; 0         ; 0    ; 0            ; |Top_final|RF32x32:inst|RFC32x32:inst1|RFC32:inst11|RFC8:inst1|RFC:inst18 ; work         ;
;                |RFC:inst8|           ; 0 (0)             ; 1 (1)        ; 0           ; 0            ; 0       ; 0         ; 0    ; 0            ; |Top_final|RF32x32:inst|RFC32x32:inst1|RFC32:inst11|RFC8:inst1|RFC:inst8  ; work         ;
;                |RFC:inst9|           ; 0 (0)             ; 1 (1)        ; 0           ; 0            ; 0       ; 0         ; 0    ; 0            ; |Top_final|RF32x32:inst|RFC32x32:inst1|RFC32:inst11|RFC8:inst1|RFC:inst9  ; work         ;
;             |RFC8:inst2|             ; 0 (0)             ; 8 (0)        ; 0           ; 0            ; 0       ; 0         ; 0    ; 0            ; |Top_final|RF32x32:inst|RFC32x32:inst1|RFC32:inst11|RFC8:inst2            ; work         ;
;                |RFC:inst10|          ; 0 (0)             ; 1 (1)        ; 0           ; 0            ; 0       ; 0         ; 0    ; 0            ; |Top_final|RF32x32:inst|RFC32x32:inst1|RFC32:inst11|RFC8:inst2|RFC:inst10 ; work         ;
;                |RFC:inst11|          ; 0 (0)             ; 1 (1)        ; 0           ; 0            ; 0       ; 0         ; 0    ; 0            ; |Top_final|RF32x32:inst|RFC32x32:inst1|RFC32:inst11|RFC8:inst2|RFC:inst11 ; work         ;
;                |RFC:inst12|          ; 0 (0)             ; 1 (1)        ; 0           ; 0            ; 0       ; 0         ; 0    ; 0            ; |Top_final|RF32x32:inst|RFC32x32:inst1|RFC32:inst11|RFC8:inst2|RFC:inst12 ; work         ;
;                |RFC:inst13|          ; 0 (0)             ; 1 (1)        ; 0           ; 0            ; 0       ; 0         ; 0    ; 0            ; |Top_final|RF32x32:inst|RFC32x32:inst1|RFC32:inst11|RFC8:inst2|RFC:inst13 ; work         ;
;                |RFC:inst14|          ; 0 (0)             ; 1 (1)        ; 0           ; 0            ; 0       ; 0         ; 0    ; 0            ; |Top_final|RF32x32:inst|RFC32x32:inst1|RFC32:inst11|RFC8:inst2|RFC:inst14 ; work         ;
;                |RFC:inst18|          ; 0 (0)             ; 1 (1)        ; 0           ; 0            ; 0       ; 0         ; 0    ; 0            ; |Top_final|RF32x32:inst|RFC32x32:inst1|RFC32:inst11|RFC8:inst2|RFC:inst18 ; work         ;
;                |RFC:inst8|           ; 0 (0)             ; 1 (1)        ; 0           ; 0            ; 0       ; 0         ; 0    ; 0            ; |Top_final|RF32x32:inst|RFC32x32:inst1|RFC32:inst11|RFC8:inst2|RFC:inst8  ; work         ;
;                |RFC:inst9|           ; 0 (0)             ; 1 (1)        ; 0           ; 0            ; 0       ; 0         ; 0    ; 0            ; |Top_final|RF32x32:inst|RFC32x32:inst1|RFC32:inst11|RFC8:inst2|RFC:inst9  ; work         ;
;             |RFC8:inst3|             ; 0 (0)             ; 8 (0)        ; 0           ; 0            ; 0       ; 0         ; 0    ; 0            ; |Top_final|RF32x32:inst|RFC32x32:inst1|RFC32:inst11|RFC8:inst3            ; work         ;
;                |RFC:inst10|          ; 0 (0)             ; 1 (1)        ; 0           ; 0            ; 0       ; 0         ; 0    ; 0            ; |Top_final|RF32x32:inst|RFC32x32:inst1|RFC32:inst11|RFC8:inst3|RFC:inst10 ; work         ;
;                |RFC:inst11|          ; 0 (0)             ; 1 (1)        ; 0           ; 0            ; 0       ; 0         ; 0    ; 0            ; |Top_final|RF32x32:inst|RFC32x32:inst1|RFC32:inst11|RFC8:inst3|RFC:inst11 ; work         ;
;                |RFC:inst12|          ; 0 (0)             ; 1 (1)        ; 0           ; 0            ; 0       ; 0         ; 0    ; 0            ; |Top_final|RF32x32:inst|RFC32x32:inst1|RFC32:inst11|RFC8:inst3|RFC:inst12 ; work         ;
;                |RFC:inst13|          ; 0 (0)             ; 1 (1)        ; 0           ; 0            ; 0       ; 0         ; 0    ; 0            ; |Top_final|RF32x32:inst|RFC32x32:inst1|RFC32:inst11|RFC8:inst3|RFC:inst13 ; work         ;
;                |RFC:inst14|          ; 0 (0)             ; 1 (1)        ; 0           ; 0            ; 0       ; 0         ; 0    ; 0            ; |Top_final|RF32x32:inst|RFC32x32:inst1|RFC32:inst11|RFC8:inst3|RFC:inst14 ; work         ;
;                |RFC:inst18|          ; 0 (0)             ; 1 (1)        ; 0           ; 0            ; 0       ; 0         ; 0    ; 0            ; |Top_final|RF32x32:inst|RFC32x32:inst1|RFC32:inst11|RFC8:inst3|RFC:inst18 ; work         ;
;                |RFC:inst8|           ; 0 (0)             ; 1 (1)        ; 0           ; 0            ; 0       ; 0         ; 0    ; 0            ; |Top_final|RF32x32:inst|RFC32x32:inst1|RFC32:inst11|RFC8:inst3|RFC:inst8  ; work         ;
;                |RFC:inst9|           ; 0 (0)             ; 1 (1)        ; 0           ; 0            ; 0       ; 0         ; 0    ; 0            ; |Top_final|RF32x32:inst|RFC32x32:inst1|RFC32:inst11|RFC8:inst3|RFC:inst9  ; work         ;
;             |RFC8:inst|              ; 0 (0)             ; 8 (0)        ; 0           ; 0            ; 0       ; 0         ; 0    ; 0            ; |Top_final|RF32x32:inst|RFC32x32:inst1|RFC32:inst11|RFC8:inst             ; work         ;
;                |RFC:inst10|          ; 0 (0)             ; 1 (1)        ; 0           ; 0            ; 0       ; 0         ; 0    ; 0            ; |Top_final|RF32x32:inst|RFC32x32:inst1|RFC32:inst11|RFC8:inst|RFC:inst10  ; work         ;
;                |RFC:inst11|          ; 0 (0)             ; 1 (1)        ; 0           ; 0            ; 0       ; 0         ; 0    ; 0            ; |Top_final|RF32x32:inst|RFC32x32:inst1|RFC32:inst11|RFC8:inst|RFC:inst11  ; work         ;
;                |RFC:inst12|          ; 0 (0)             ; 1 (1)        ; 0           ; 0            ; 0       ; 0         ; 0    ; 0            ; |Top_final|RF32x32:inst|RFC32x32:inst1|RFC32:inst11|RFC8:inst|RFC:inst12  ; work         ;
;                |RFC:inst13|          ; 0 (0)             ; 1 (1)        ; 0           ; 0            ; 0       ; 0         ; 0    ; 0            ; |Top_final|RF32x32:inst|RFC32x32:inst1|RFC32:inst11|RFC8:inst|RFC:inst13  ; work         ;
;                |RFC:inst14|          ; 0 (0)             ; 1 (1)        ; 0           ; 0            ; 0       ; 0         ; 0    ; 0            ; |Top_final|RF32x32:inst|RFC32x32:inst1|RFC32:inst11|RFC8:inst|RFC:inst14  ; work         ;
;                |RFC:inst18|          ; 0 (0)             ; 1 (1)        ; 0           ; 0            ; 0       ; 0         ; 0    ; 0            ; |Top_final|RF32x32:inst|RFC32x32:inst1|RFC32:inst11|RFC8:inst|RFC:inst18  ; work         ;
;                |RFC:inst8|           ; 0 (0)             ; 1 (1)        ; 0           ; 0            ; 0       ; 0         ; 0    ; 0            ; |Top_final|RF32x32:inst|RFC32x32:inst1|RFC32:inst11|RFC8:inst|RFC:inst8   ; work         ;
;                |RFC:inst9|           ; 0 (0)             ; 1 (1)        ; 0           ; 0            ; 0       ; 0         ; 0    ; 0            ; |Top_final|RF32x32:inst|RFC32x32:inst1|RFC32:inst11|RFC8:inst|RFC:inst9   ; work         ;
;          |RFC32:inst12|              ; 0 (0)             ; 32 (0)       ; 0           ; 0            ; 0       ; 0         ; 0    ; 0            ; |Top_final|RF32x32:inst|RFC32x32:inst1|RFC32:inst12                       ; work         ;
;             |RFC8:inst1|             ; 0 (0)             ; 8 (0)        ; 0           ; 0            ; 0       ; 0         ; 0    ; 0            ; |Top_final|RF32x32:inst|RFC32x32:inst1|RFC32:inst12|RFC8:inst1            ; work         ;
;                |RFC:inst10|          ; 0 (0)             ; 1 (1)        ; 0           ; 0            ; 0       ; 0         ; 0    ; 0            ; |Top_final|RF32x32:inst|RFC32x32:inst1|RFC32:inst12|RFC8:inst1|RFC:inst10 ; work         ;
;                |RFC:inst11|          ; 0 (0)             ; 1 (1)        ; 0           ; 0            ; 0       ; 0         ; 0    ; 0            ; |Top_final|RF32x32:inst|RFC32x32:inst1|RFC32:inst12|RFC8:inst1|RFC:inst11 ; work         ;
;                |RFC:inst12|          ; 0 (0)             ; 1 (1)        ; 0           ; 0            ; 0       ; 0         ; 0    ; 0            ; |Top_final|RF32x32:inst|RFC32x32:inst1|RFC32:inst12|RFC8:inst1|RFC:inst12 ; work         ;
;                |RFC:inst13|          ; 0 (0)             ; 1 (1)        ; 0           ; 0            ; 0       ; 0         ; 0    ; 0            ; |Top_final|RF32x32:inst|RFC32x32:inst1|RFC32:inst12|RFC8:inst1|RFC:inst13 ; work         ;
;                |RFC:inst14|          ; 0 (0)             ; 1 (1)        ; 0           ; 0            ; 0       ; 0         ; 0    ; 0            ; |Top_final|RF32x32:inst|RFC32x32:inst1|RFC32:inst12|RFC8:inst1|RFC:inst14 ; work         ;
;                |RFC:inst18|          ; 0 (0)             ; 1 (1)        ; 0           ; 0            ; 0       ; 0         ; 0    ; 0            ; |Top_final|RF32x32:inst|RFC32x32:inst1|RFC32:inst12|RFC8:inst1|RFC:inst18 ; work         ;
;                |RFC:inst8|           ; 0 (0)             ; 1 (1)        ; 0           ; 0            ; 0       ; 0         ; 0    ; 0            ; |Top_final|RF32x32:inst|RFC32x32:inst1|RFC32:inst12|RFC8:inst1|RFC:inst8  ; work         ;
;                |RFC:inst9|           ; 0 (0)             ; 1 (1)        ; 0           ; 0            ; 0       ; 0         ; 0    ; 0            ; |Top_final|RF32x32:inst|RFC32x32:inst1|RFC32:inst12|RFC8:inst1|RFC:inst9  ; work         ;
;             |RFC8:inst2|             ; 0 (0)             ; 8 (0)        ; 0           ; 0            ; 0       ; 0         ; 0    ; 0            ; |Top_final|RF32x32:inst|RFC32x32:inst1|RFC32:inst12|RFC8:inst2            ; work         ;
;                |RFC:inst10|          ; 0 (0)             ; 1 (1)        ; 0           ; 0            ; 0       ; 0         ; 0    ; 0            ; |Top_final|RF32x32:inst|RFC32x32:inst1|RFC32:inst12|RFC8:inst2|RFC:inst10 ; work         ;
;                |RFC:inst11|          ; 0 (0)             ; 1 (1)        ; 0           ; 0            ; 0       ; 0         ; 0    ; 0            ; |Top_final|RF32x32:inst|RFC32x32:inst1|RFC32:inst12|RFC8:inst2|RFC:inst11 ; work         ;
;                |RFC:inst12|          ; 0 (0)             ; 1 (1)        ; 0           ; 0            ; 0       ; 0         ; 0    ; 0            ; |Top_final|RF32x32:inst|RFC32x32:inst1|RFC32:inst12|RFC8:inst2|RFC:inst12 ; work         ;
;                |RFC:inst13|          ; 0 (0)             ; 1 (1)        ; 0           ; 0            ; 0       ; 0         ; 0    ; 0            ; |Top_final|RF32x32:inst|RFC32x32:inst1|RFC32:inst12|RFC8:inst2|RFC:inst13 ; work         ;
;                |RFC:inst14|          ; 0 (0)             ; 1 (1)        ; 0           ; 0            ; 0       ; 0         ; 0    ; 0            ; |Top_final|RF32x32:inst|RFC32x32:inst1|RFC32:inst12|RFC8:inst2|RFC:inst14 ; work         ;
;                |RFC:inst18|          ; 0 (0)             ; 1 (1)        ; 0           ; 0            ; 0       ; 0         ; 0    ; 0            ; |Top_final|RF32x32:inst|RFC32x32:inst1|RFC32:inst12|RFC8:inst2|RFC:inst18 ; work         ;
;                |RFC:inst8|           ; 0 (0)             ; 1 (1)        ; 0           ; 0            ; 0       ; 0         ; 0    ; 0            ; |Top_final|RF32x32:inst|RFC32x32:inst1|RFC32:inst12|RFC8:inst2|RFC:inst8  ; work         ;
;                |RFC:inst9|           ; 0 (0)             ; 1 (1)        ; 0           ; 0            ; 0       ; 0         ; 0    ; 0            ; |Top_final|RF32x32:inst|RFC32x32:inst1|RFC32:inst12|RFC8:inst2|RFC:inst9  ; work         ;
;             |RFC8:inst3|             ; 0 (0)             ; 8 (0)        ; 0           ; 0            ; 0       ; 0         ; 0    ; 0            ; |Top_final|RF32x32:inst|RFC32x32:inst1|RFC32:inst12|RFC8:inst3            ; work         ;
;                |RFC:inst10|          ; 0 (0)             ; 1 (1)        ; 0           ; 0            ; 0       ; 0         ; 0    ; 0            ; |Top_final|RF32x32:inst|RFC32x32:inst1|RFC32:inst12|RFC8:inst3|RFC:inst10 ; work         ;
;                |RFC:inst11|          ; 0 (0)             ; 1 (1)        ; 0           ; 0            ; 0       ; 0         ; 0    ; 0            ; |Top_final|RF32x32:inst|RFC32x32:inst1|RFC32:inst12|RFC8:inst3|RFC:inst11 ; work         ;
;                |RFC:inst12|          ; 0 (0)             ; 1 (1)        ; 0           ; 0            ; 0       ; 0         ; 0    ; 0            ; |Top_final|RF32x32:inst|RFC32x32:inst1|RFC32:inst12|RFC8:inst3|RFC:inst12 ; work         ;
;                |RFC:inst13|          ; 0 (0)             ; 1 (1)        ; 0           ; 0            ; 0       ; 0         ; 0    ; 0            ; |Top_final|RF32x32:inst|RFC32x32:inst1|RFC32:inst12|RFC8:inst3|RFC:inst13 ; work         ;
;                |RFC:inst14|          ; 0 (0)             ; 1 (1)        ; 0           ; 0            ; 0       ; 0         ; 0    ; 0            ; |Top_final|RF32x32:inst|RFC32x32:inst1|RFC32:inst12|RFC8:inst3|RFC:inst14 ; work         ;
;                |RFC:inst18|          ; 0 (0)             ; 1 (1)        ; 0           ; 0            ; 0       ; 0         ; 0    ; 0            ; |Top_final|RF32x32:inst|RFC32x32:inst1|RFC32:inst12|RFC8:inst3|RFC:inst18 ; work         ;
;                |RFC:inst8|           ; 0 (0)             ; 1 (1)        ; 0           ; 0            ; 0       ; 0         ; 0    ; 0            ; |Top_final|RF32x32:inst|RFC32x32:inst1|RFC32:inst12|RFC8:inst3|RFC:inst8  ; work         ;
;                |RFC:inst9|           ; 0 (0)             ; 1 (1)        ; 0           ; 0            ; 0       ; 0         ; 0    ; 0            ; |Top_final|RF32x32:inst|RFC32x32:inst1|RFC32:inst12|RFC8:inst3|RFC:inst9  ; work         ;
;             |RFC8:inst|              ; 0 (0)             ; 8 (0)        ; 0           ; 0            ; 0       ; 0         ; 0    ; 0            ; |Top_final|RF32x32:inst|RFC32x32:inst1|RFC32:inst12|RFC8:inst             ; work         ;
;                |RFC:inst10|          ; 0 (0)             ; 1 (1)        ; 0           ; 0            ; 0       ; 0         ; 0    ; 0            ; |Top_final|RF32x32:inst|RFC32x32:inst1|RFC32:inst12|RFC8:inst|RFC:inst10  ; work         ;
;                |RFC:inst11|          ; 0 (0)             ; 1 (1)        ; 0           ; 0            ; 0       ; 0         ; 0    ; 0            ; |Top_final|RF32x32:inst|RFC32x32:inst1|RFC32:inst12|RFC8:inst|RFC:inst11  ; work         ;
;                |RFC:inst12|          ; 0 (0)             ; 1 (1)        ; 0           ; 0            ; 0       ; 0         ; 0    ; 0            ; |Top_final|RF32x32:inst|RFC32x32:inst1|RFC32:inst12|RFC8:inst|RFC:inst12  ; work         ;
;                |RFC:inst13|          ; 0 (0)             ; 1 (1)        ; 0           ; 0            ; 0       ; 0         ; 0    ; 0            ; |Top_final|RF32x32:inst|RFC32x32:inst1|RFC32:inst12|RFC8:inst|RFC:inst13  ; work         ;
;                |RFC:inst14|          ; 0 (0)             ; 1 (1)        ; 0           ; 0            ; 0       ; 0         ; 0    ; 0            ; |Top_final|RF32x32:inst|RFC32x32:inst1|RFC32:inst12|RFC8:inst|RFC:inst14  ; work         ;
;                |RFC:inst18|          ; 0 (0)             ; 1 (1)        ; 0           ; 0            ; 0       ; 0         ; 0    ; 0            ; |Top_final|RF32x32:inst|RFC32x32:inst1|RFC32:inst12|RFC8:inst|RFC:inst18  ; work         ;
;                |RFC:inst8|           ; 0 (0)             ; 1 (1)        ; 0           ; 0            ; 0       ; 0         ; 0    ; 0            ; |Top_final|RF32x32:inst|RFC32x32:inst1|RFC32:inst12|RFC8:inst|RFC:inst8   ; work         ;
;                |RFC:inst9|           ; 0 (0)             ; 1 (1)        ; 0           ; 0            ; 0       ; 0         ; 0    ; 0            ; |Top_final|RF32x32:inst|RFC32x32:inst1|RFC32:inst12|RFC8:inst|RFC:inst9   ; work         ;
;          |RFC32:inst13|              ; 0 (0)             ; 32 (0)       ; 0           ; 0            ; 0       ; 0         ; 0    ; 0            ; |Top_final|RF32x32:inst|RFC32x32:inst1|RFC32:inst13                       ; work         ;
;             |RFC8:inst1|             ; 0 (0)             ; 8 (0)        ; 0           ; 0            ; 0       ; 0         ; 0    ; 0            ; |Top_final|RF32x32:inst|RFC32x32:inst1|RFC32:inst13|RFC8:inst1            ; work         ;
;                |RFC:inst10|          ; 0 (0)             ; 1 (1)        ; 0           ; 0            ; 0       ; 0         ; 0    ; 0            ; |Top_final|RF32x32:inst|RFC32x32:inst1|RFC32:inst13|RFC8:inst1|RFC:inst10 ; work         ;
;                |RFC:inst11|          ; 0 (0)             ; 1 (1)        ; 0           ; 0            ; 0       ; 0         ; 0    ; 0            ; |Top_final|RF32x32:inst|RFC32x32:inst1|RFC32:inst13|RFC8:inst1|RFC:inst11 ; work         ;
;                |RFC:inst12|          ; 0 (0)             ; 1 (1)        ; 0           ; 0            ; 0       ; 0         ; 0    ; 0            ; |Top_final|RF32x32:inst|RFC32x32:inst1|RFC32:inst13|RFC8:inst1|RFC:inst12 ; work         ;
;                |RFC:inst13|          ; 0 (0)             ; 1 (1)        ; 0           ; 0            ; 0       ; 0         ; 0    ; 0            ; |Top_final|RF32x32:inst|RFC32x32:inst1|RFC32:inst13|RFC8:inst1|RFC:inst13 ; work         ;
;                |RFC:inst14|          ; 0 (0)             ; 1 (1)        ; 0           ; 0            ; 0       ; 0         ; 0    ; 0            ; |Top_final|RF32x32:inst|RFC32x32:inst1|RFC32:inst13|RFC8:inst1|RFC:inst14 ; work         ;
;                |RFC:inst18|          ; 0 (0)             ; 1 (1)        ; 0           ; 0            ; 0       ; 0         ; 0    ; 0            ; |Top_final|RF32x32:inst|RFC32x32:inst1|RFC32:inst13|RFC8:inst1|RFC:inst18 ; work         ;
;                |RFC:inst8|           ; 0 (0)             ; 1 (1)        ; 0           ; 0            ; 0       ; 0         ; 0    ; 0            ; |Top_final|RF32x32:inst|RFC32x32:inst1|RFC32:inst13|RFC8:inst1|RFC:inst8  ; work         ;
;                |RFC:inst9|           ; 0 (0)             ; 1 (1)        ; 0           ; 0            ; 0       ; 0         ; 0    ; 0            ; |Top_final|RF32x32:inst|RFC32x32:inst1|RFC32:inst13|RFC8:inst1|RFC:inst9  ; work         ;
;             |RFC8:inst2|             ; 0 (0)             ; 8 (0)        ; 0           ; 0            ; 0       ; 0         ; 0    ; 0            ; |Top_final|RF32x32:inst|RFC32x32:inst1|RFC32:inst13|RFC8:inst2            ; work         ;
;                |RFC:inst10|          ; 0 (0)             ; 1 (1)        ; 0           ; 0            ; 0       ; 0         ; 0    ; 0            ; |Top_final|RF32x32:inst|RFC32x32:inst1|RFC32:inst13|RFC8:inst2|RFC:inst10 ; work         ;
;                |RFC:inst11|          ; 0 (0)             ; 1 (1)        ; 0           ; 0            ; 0       ; 0         ; 0    ; 0            ; |Top_final|RF32x32:inst|RFC32x32:inst1|RFC32:inst13|RFC8:inst2|RFC:inst11 ; work         ;
;                |RFC:inst12|          ; 0 (0)             ; 1 (1)        ; 0           ; 0            ; 0       ; 0         ; 0    ; 0            ; |Top_final|RF32x32:inst|RFC32x32:inst1|RFC32:inst13|RFC8:inst2|RFC:inst12 ; work         ;
;                |RFC:inst13|          ; 0 (0)             ; 1 (1)        ; 0           ; 0            ; 0       ; 0         ; 0    ; 0            ; |Top_final|RF32x32:inst|RFC32x32:inst1|RFC32:inst13|RFC8:inst2|RFC:inst13 ; work         ;
;                |RFC:inst14|          ; 0 (0)             ; 1 (1)        ; 0           ; 0            ; 0       ; 0         ; 0    ; 0            ; |Top_final|RF32x32:inst|RFC32x32:inst1|RFC32:inst13|RFC8:inst2|RFC:inst14 ; work         ;
;                |RFC:inst18|          ; 0 (0)             ; 1 (1)        ; 0           ; 0            ; 0       ; 0         ; 0    ; 0            ; |Top_final|RF32x32:inst|RFC32x32:inst1|RFC32:inst13|RFC8:inst2|RFC:inst18 ; work         ;
;                |RFC:inst8|           ; 0 (0)             ; 1 (1)        ; 0           ; 0            ; 0       ; 0         ; 0    ; 0            ; |Top_final|RF32x32:inst|RFC32x32:inst1|RFC32:inst13|RFC8:inst2|RFC:inst8  ; work         ;
;                |RFC:inst9|           ; 0 (0)             ; 1 (1)        ; 0           ; 0            ; 0       ; 0         ; 0    ; 0            ; |Top_final|RF32x32:inst|RFC32x32:inst1|RFC32:inst13|RFC8:inst2|RFC:inst9  ; work         ;
;             |RFC8:inst3|             ; 0 (0)             ; 8 (0)        ; 0           ; 0            ; 0       ; 0         ; 0    ; 0            ; |Top_final|RF32x32:inst|RFC32x32:inst1|RFC32:inst13|RFC8:inst3            ; work         ;
;                |RFC:inst10|          ; 0 (0)             ; 1 (1)        ; 0           ; 0            ; 0       ; 0         ; 0    ; 0            ; |Top_final|RF32x32:inst|RFC32x32:inst1|RFC32:inst13|RFC8:inst3|RFC:inst10 ; work         ;
;                |RFC:inst11|          ; 0 (0)             ; 1 (1)        ; 0           ; 0            ; 0       ; 0         ; 0    ; 0            ; |Top_final|RF32x32:inst|RFC32x32:inst1|RFC32:inst13|RFC8:inst3|RFC:inst11 ; work         ;
;                |RFC:inst12|          ; 0 (0)             ; 1 (1)        ; 0           ; 0            ; 0       ; 0         ; 0    ; 0            ; |Top_final|RF32x32:inst|RFC32x32:inst1|RFC32:inst13|RFC8:inst3|RFC:inst12 ; work         ;
;                |RFC:inst13|          ; 0 (0)             ; 1 (1)        ; 0           ; 0            ; 0       ; 0         ; 0    ; 0            ; |Top_final|RF32x32:inst|RFC32x32:inst1|RFC32:inst13|RFC8:inst3|RFC:inst13 ; work         ;
;                |RFC:inst14|          ; 0 (0)             ; 1 (1)        ; 0           ; 0            ; 0       ; 0         ; 0    ; 0            ; |Top_final|RF32x32:inst|RFC32x32:inst1|RFC32:inst13|RFC8:inst3|RFC:inst14 ; work         ;
;                |RFC:inst18|          ; 0 (0)             ; 1 (1)        ; 0           ; 0            ; 0       ; 0         ; 0    ; 0            ; |Top_final|RF32x32:inst|RFC32x32:inst1|RFC32:inst13|RFC8:inst3|RFC:inst18 ; work         ;
;                |RFC:inst8|           ; 0 (0)             ; 1 (1)        ; 0           ; 0            ; 0       ; 0         ; 0    ; 0            ; |Top_final|RF32x32:inst|RFC32x32:inst1|RFC32:inst13|RFC8:inst3|RFC:inst8  ; work         ;
;                |RFC:inst9|           ; 0 (0)             ; 1 (1)        ; 0           ; 0            ; 0       ; 0         ; 0    ; 0            ; |Top_final|RF32x32:inst|RFC32x32:inst1|RFC32:inst13|RFC8:inst3|RFC:inst9  ; work         ;
;             |RFC8:inst|              ; 0 (0)             ; 8 (0)        ; 0           ; 0            ; 0       ; 0         ; 0    ; 0            ; |Top_final|RF32x32:inst|RFC32x32:inst1|RFC32:inst13|RFC8:inst             ; work         ;
;                |RFC:inst10|          ; 0 (0)             ; 1 (1)        ; 0           ; 0            ; 0       ; 0         ; 0    ; 0            ; |Top_final|RF32x32:inst|RFC32x32:inst1|RFC32:inst13|RFC8:inst|RFC:inst10  ; work         ;
;                |RFC:inst11|          ; 0 (0)             ; 1 (1)        ; 0           ; 0            ; 0       ; 0         ; 0    ; 0            ; |Top_final|RF32x32:inst|RFC32x32:inst1|RFC32:inst13|RFC8:inst|RFC:inst11  ; work         ;
;                |RFC:inst12|          ; 0 (0)             ; 1 (1)        ; 0           ; 0            ; 0       ; 0         ; 0    ; 0            ; |Top_final|RF32x32:inst|RFC32x32:inst1|RFC32:inst13|RFC8:inst|RFC:inst12  ; work         ;
;                |RFC:inst13|          ; 0 (0)             ; 1 (1)        ; 0           ; 0            ; 0       ; 0         ; 0    ; 0            ; |Top_final|RF32x32:inst|RFC32x32:inst1|RFC32:inst13|RFC8:inst|RFC:inst13  ; work         ;
;                |RFC:inst14|          ; 0 (0)             ; 1 (1)        ; 0           ; 0            ; 0       ; 0         ; 0    ; 0            ; |Top_final|RF32x32:inst|RFC32x32:inst1|RFC32:inst13|RFC8:inst|RFC:inst14  ; work         ;
;                |RFC:inst18|          ; 0 (0)             ; 1 (1)        ; 0           ; 0            ; 0       ; 0         ; 0    ; 0            ; |Top_final|RF32x32:inst|RFC32x32:inst1|RFC32:inst13|RFC8:inst|RFC:inst18  ; work         ;
;                |RFC:inst8|           ; 0 (0)             ; 1 (1)        ; 0           ; 0            ; 0       ; 0         ; 0    ; 0            ; |Top_final|RF32x32:inst|RFC32x32:inst1|RFC32:inst13|RFC8:inst|RFC:inst8   ; work         ;
;                |RFC:inst9|           ; 0 (0)             ; 1 (1)        ; 0           ; 0            ; 0       ; 0         ; 0    ; 0            ; |Top_final|RF32x32:inst|RFC32x32:inst1|RFC32:inst13|RFC8:inst|RFC:inst9   ; work         ;
;          |RFC32:inst14|              ; 0 (0)             ; 32 (0)       ; 0           ; 0            ; 0       ; 0         ; 0    ; 0            ; |Top_final|RF32x32:inst|RFC32x32:inst1|RFC32:inst14                       ; work         ;
;             |RFC8:inst1|             ; 0 (0)             ; 8 (0)        ; 0           ; 0            ; 0       ; 0         ; 0    ; 0            ; |Top_final|RF32x32:inst|RFC32x32:inst1|RFC32:inst14|RFC8:inst1            ; work         ;
;                |RFC:inst10|          ; 0 (0)             ; 1 (1)        ; 0           ; 0            ; 0       ; 0         ; 0    ; 0            ; |Top_final|RF32x32:inst|RFC32x32:inst1|RFC32:inst14|RFC8:inst1|RFC:inst10 ; work         ;
;                |RFC:inst11|          ; 0 (0)             ; 1 (1)        ; 0           ; 0            ; 0       ; 0         ; 0    ; 0            ; |Top_final|RF32x32:inst|RFC32x32:inst1|RFC32:inst14|RFC8:inst1|RFC:inst11 ; work         ;
;                |RFC:inst12|          ; 0 (0)             ; 1 (1)        ; 0           ; 0            ; 0       ; 0         ; 0    ; 0            ; |Top_final|RF32x32:inst|RFC32x32:inst1|RFC32:inst14|RFC8:inst1|RFC:inst12 ; work         ;
;                |RFC:inst13|          ; 0 (0)             ; 1 (1)        ; 0           ; 0            ; 0       ; 0         ; 0    ; 0            ; |Top_final|RF32x32:inst|RFC32x32:inst1|RFC32:inst14|RFC8:inst1|RFC:inst13 ; work         ;
;                |RFC:inst14|          ; 0 (0)             ; 1 (1)        ; 0           ; 0            ; 0       ; 0         ; 0    ; 0            ; |Top_final|RF32x32:inst|RFC32x32:inst1|RFC32:inst14|RFC8:inst1|RFC:inst14 ; work         ;
;                |RFC:inst18|          ; 0 (0)             ; 1 (1)        ; 0           ; 0            ; 0       ; 0         ; 0    ; 0            ; |Top_final|RF32x32:inst|RFC32x32:inst1|RFC32:inst14|RFC8:inst1|RFC:inst18 ; work         ;
;                |RFC:inst8|           ; 0 (0)             ; 1 (1)        ; 0           ; 0            ; 0       ; 0         ; 0    ; 0            ; |Top_final|RF32x32:inst|RFC32x32:inst1|RFC32:inst14|RFC8:inst1|RFC:inst8  ; work         ;
;                |RFC:inst9|           ; 0 (0)             ; 1 (1)        ; 0           ; 0            ; 0       ; 0         ; 0    ; 0            ; |Top_final|RF32x32:inst|RFC32x32:inst1|RFC32:inst14|RFC8:inst1|RFC:inst9  ; work         ;
;             |RFC8:inst2|             ; 0 (0)             ; 8 (0)        ; 0           ; 0            ; 0       ; 0         ; 0    ; 0            ; |Top_final|RF32x32:inst|RFC32x32:inst1|RFC32:inst14|RFC8:inst2            ; work         ;
;                |RFC:inst10|          ; 0 (0)             ; 1 (1)        ; 0           ; 0            ; 0       ; 0         ; 0    ; 0            ; |Top_final|RF32x32:inst|RFC32x32:inst1|RFC32:inst14|RFC8:inst2|RFC:inst10 ; work         ;
;                |RFC:inst11|          ; 0 (0)             ; 1 (1)        ; 0           ; 0            ; 0       ; 0         ; 0    ; 0            ; |Top_final|RF32x32:inst|RFC32x32:inst1|RFC32:inst14|RFC8:inst2|RFC:inst11 ; work         ;
;                |RFC:inst12|          ; 0 (0)             ; 1 (1)        ; 0           ; 0            ; 0       ; 0         ; 0    ; 0            ; |Top_final|RF32x32:inst|RFC32x32:inst1|RFC32:inst14|RFC8:inst2|RFC:inst12 ; work         ;
;                |RFC:inst13|          ; 0 (0)             ; 1 (1)        ; 0           ; 0            ; 0       ; 0         ; 0    ; 0            ; |Top_final|RF32x32:inst|RFC32x32:inst1|RFC32:inst14|RFC8:inst2|RFC:inst13 ; work         ;
;                |RFC:inst14|          ; 0 (0)             ; 1 (1)        ; 0           ; 0            ; 0       ; 0         ; 0    ; 0            ; |Top_final|RF32x32:inst|RFC32x32:inst1|RFC32:inst14|RFC8:inst2|RFC:inst14 ; work         ;
;                |RFC:inst18|          ; 0 (0)             ; 1 (1)        ; 0           ; 0            ; 0       ; 0         ; 0    ; 0            ; |Top_final|RF32x32:inst|RFC32x32:inst1|RFC32:inst14|RFC8:inst2|RFC:inst18 ; work         ;
;                |RFC:inst8|           ; 0 (0)             ; 1 (1)        ; 0           ; 0            ; 0       ; 0         ; 0    ; 0            ; |Top_final|RF32x32:inst|RFC32x32:inst1|RFC32:inst14|RFC8:inst2|RFC:inst8  ; work         ;
;                |RFC:inst9|           ; 0 (0)             ; 1 (1)        ; 0           ; 0            ; 0       ; 0         ; 0    ; 0            ; |Top_final|RF32x32:inst|RFC32x32:inst1|RFC32:inst14|RFC8:inst2|RFC:inst9  ; work         ;
;             |RFC8:inst3|             ; 0 (0)             ; 8 (0)        ; 0           ; 0            ; 0       ; 0         ; 0    ; 0            ; |Top_final|RF32x32:inst|RFC32x32:inst1|RFC32:inst14|RFC8:inst3            ; work         ;
;                |RFC:inst10|          ; 0 (0)             ; 1 (1)        ; 0           ; 0            ; 0       ; 0         ; 0    ; 0            ; |Top_final|RF32x32:inst|RFC32x32:inst1|RFC32:inst14|RFC8:inst3|RFC:inst10 ; work         ;
;                |RFC:inst11|          ; 0 (0)             ; 1 (1)        ; 0           ; 0            ; 0       ; 0         ; 0    ; 0            ; |Top_final|RF32x32:inst|RFC32x32:inst1|RFC32:inst14|RFC8:inst3|RFC:inst11 ; work         ;
;                |RFC:inst12|          ; 0 (0)             ; 1 (1)        ; 0           ; 0            ; 0       ; 0         ; 0    ; 0            ; |Top_final|RF32x32:inst|RFC32x32:inst1|RFC32:inst14|RFC8:inst3|RFC:inst12 ; work         ;
;                |RFC:inst13|          ; 0 (0)             ; 1 (1)        ; 0           ; 0            ; 0       ; 0         ; 0    ; 0            ; |Top_final|RF32x32:inst|RFC32x32:inst1|RFC32:inst14|RFC8:inst3|RFC:inst13 ; work         ;
;                |RFC:inst14|          ; 0 (0)             ; 1 (1)        ; 0           ; 0            ; 0       ; 0         ; 0    ; 0            ; |Top_final|RF32x32:inst|RFC32x32:inst1|RFC32:inst14|RFC8:inst3|RFC:inst14 ; work         ;
;                |RFC:inst18|          ; 0 (0)             ; 1 (1)        ; 0           ; 0            ; 0       ; 0         ; 0    ; 0            ; |Top_final|RF32x32:inst|RFC32x32:inst1|RFC32:inst14|RFC8:inst3|RFC:inst18 ; work         ;
;                |RFC:inst8|           ; 0 (0)             ; 1 (1)        ; 0           ; 0            ; 0       ; 0         ; 0    ; 0            ; |Top_final|RF32x32:inst|RFC32x32:inst1|RFC32:inst14|RFC8:inst3|RFC:inst8  ; work         ;
;                |RFC:inst9|           ; 0 (0)             ; 1 (1)        ; 0           ; 0            ; 0       ; 0         ; 0    ; 0            ; |Top_final|RF32x32:inst|RFC32x32:inst1|RFC32:inst14|RFC8:inst3|RFC:inst9  ; work         ;
;             |RFC8:inst|              ; 0 (0)             ; 8 (0)        ; 0           ; 0            ; 0       ; 0         ; 0    ; 0            ; |Top_final|RF32x32:inst|RFC32x32:inst1|RFC32:inst14|RFC8:inst             ; work         ;
;                |RFC:inst10|          ; 0 (0)             ; 1 (1)        ; 0           ; 0            ; 0       ; 0         ; 0    ; 0            ; |Top_final|RF32x32:inst|RFC32x32:inst1|RFC32:inst14|RFC8:inst|RFC:inst10  ; work         ;
;                |RFC:inst11|          ; 0 (0)             ; 1 (1)        ; 0           ; 0            ; 0       ; 0         ; 0    ; 0            ; |Top_final|RF32x32:inst|RFC32x32:inst1|RFC32:inst14|RFC8:inst|RFC:inst11  ; work         ;
;                |RFC:inst12|          ; 0 (0)             ; 1 (1)        ; 0           ; 0            ; 0       ; 0         ; 0    ; 0            ; |Top_final|RF32x32:inst|RFC32x32:inst1|RFC32:inst14|RFC8:inst|RFC:inst12  ; work         ;
;                |RFC:inst13|          ; 0 (0)             ; 1 (1)        ; 0           ; 0            ; 0       ; 0         ; 0    ; 0            ; |Top_final|RF32x32:inst|RFC32x32:inst1|RFC32:inst14|RFC8:inst|RFC:inst13  ; work         ;
;                |RFC:inst14|          ; 0 (0)             ; 1 (1)        ; 0           ; 0            ; 0       ; 0         ; 0    ; 0            ; |Top_final|RF32x32:inst|RFC32x32:inst1|RFC32:inst14|RFC8:inst|RFC:inst14  ; work         ;
;                |RFC:inst18|          ; 0 (0)             ; 1 (1)        ; 0           ; 0            ; 0       ; 0         ; 0    ; 0            ; |Top_final|RF32x32:inst|RFC32x32:inst1|RFC32:inst14|RFC8:inst|RFC:inst18  ; work         ;
;                |RFC:inst8|           ; 0 (0)             ; 1 (1)        ; 0           ; 0            ; 0       ; 0         ; 0    ; 0            ; |Top_final|RF32x32:inst|RFC32x32:inst1|RFC32:inst14|RFC8:inst|RFC:inst8   ; work         ;
;                |RFC:inst9|           ; 0 (0)             ; 1 (1)        ; 0           ; 0            ; 0       ; 0         ; 0    ; 0            ; |Top_final|RF32x32:inst|RFC32x32:inst1|RFC32:inst14|RFC8:inst|RFC:inst9   ; work         ;
;          |RFC32:inst15|              ; 0 (0)             ; 32 (0)       ; 0           ; 0            ; 0       ; 0         ; 0    ; 0            ; |Top_final|RF32x32:inst|RFC32x32:inst1|RFC32:inst15                       ; work         ;
;             |RFC8:inst1|             ; 0 (0)             ; 8 (0)        ; 0           ; 0            ; 0       ; 0         ; 0    ; 0            ; |Top_final|RF32x32:inst|RFC32x32:inst1|RFC32:inst15|RFC8:inst1            ; work         ;
;                |RFC:inst10|          ; 0 (0)             ; 1 (1)        ; 0           ; 0            ; 0       ; 0         ; 0    ; 0            ; |Top_final|RF32x32:inst|RFC32x32:inst1|RFC32:inst15|RFC8:inst1|RFC:inst10 ; work         ;
;                |RFC:inst11|          ; 0 (0)             ; 1 (1)        ; 0           ; 0            ; 0       ; 0         ; 0    ; 0            ; |Top_final|RF32x32:inst|RFC32x32:inst1|RFC32:inst15|RFC8:inst1|RFC:inst11 ; work         ;
;                |RFC:inst12|          ; 0 (0)             ; 1 (1)        ; 0           ; 0            ; 0       ; 0         ; 0    ; 0            ; |Top_final|RF32x32:inst|RFC32x32:inst1|RFC32:inst15|RFC8:inst1|RFC:inst12 ; work         ;
;                |RFC:inst13|          ; 0 (0)             ; 1 (1)        ; 0           ; 0            ; 0       ; 0         ; 0    ; 0            ; |Top_final|RF32x32:inst|RFC32x32:inst1|RFC32:inst15|RFC8:inst1|RFC:inst13 ; work         ;
;                |RFC:inst14|          ; 0 (0)             ; 1 (1)        ; 0           ; 0            ; 0       ; 0         ; 0    ; 0            ; |Top_final|RF32x32:inst|RFC32x32:inst1|RFC32:inst15|RFC8:inst1|RFC:inst14 ; work         ;
;                |RFC:inst18|          ; 0 (0)             ; 1 (1)        ; 0           ; 0            ; 0       ; 0         ; 0    ; 0            ; |Top_final|RF32x32:inst|RFC32x32:inst1|RFC32:inst15|RFC8:inst1|RFC:inst18 ; work         ;
;                |RFC:inst8|           ; 0 (0)             ; 1 (1)        ; 0           ; 0            ; 0       ; 0         ; 0    ; 0            ; |Top_final|RF32x32:inst|RFC32x32:inst1|RFC32:inst15|RFC8:inst1|RFC:inst8  ; work         ;
;                |RFC:inst9|           ; 0 (0)             ; 1 (1)        ; 0           ; 0            ; 0       ; 0         ; 0    ; 0            ; |Top_final|RF32x32:inst|RFC32x32:inst1|RFC32:inst15|RFC8:inst1|RFC:inst9  ; work         ;
;             |RFC8:inst2|             ; 0 (0)             ; 8 (0)        ; 0           ; 0            ; 0       ; 0         ; 0    ; 0            ; |Top_final|RF32x32:inst|RFC32x32:inst1|RFC32:inst15|RFC8:inst2            ; work         ;
;                |RFC:inst10|          ; 0 (0)             ; 1 (1)        ; 0           ; 0            ; 0       ; 0         ; 0    ; 0            ; |Top_final|RF32x32:inst|RFC32x32:inst1|RFC32:inst15|RFC8:inst2|RFC:inst10 ; work         ;
;                |RFC:inst11|          ; 0 (0)             ; 1 (1)        ; 0           ; 0            ; 0       ; 0         ; 0    ; 0            ; |Top_final|RF32x32:inst|RFC32x32:inst1|RFC32:inst15|RFC8:inst2|RFC:inst11 ; work         ;
;                |RFC:inst12|          ; 0 (0)             ; 1 (1)        ; 0           ; 0            ; 0       ; 0         ; 0    ; 0            ; |Top_final|RF32x32:inst|RFC32x32:inst1|RFC32:inst15|RFC8:inst2|RFC:inst12 ; work         ;
;                |RFC:inst13|          ; 0 (0)             ; 1 (1)        ; 0           ; 0            ; 0       ; 0         ; 0    ; 0            ; |Top_final|RF32x32:inst|RFC32x32:inst1|RFC32:inst15|RFC8:inst2|RFC:inst13 ; work         ;
;                |RFC:inst14|          ; 0 (0)             ; 1 (1)        ; 0           ; 0            ; 0       ; 0         ; 0    ; 0            ; |Top_final|RF32x32:inst|RFC32x32:inst1|RFC32:inst15|RFC8:inst2|RFC:inst14 ; work         ;
;                |RFC:inst18|          ; 0 (0)             ; 1 (1)        ; 0           ; 0            ; 0       ; 0         ; 0    ; 0            ; |Top_final|RF32x32:inst|RFC32x32:inst1|RFC32:inst15|RFC8:inst2|RFC:inst18 ; work         ;
;                |RFC:inst8|           ; 0 (0)             ; 1 (1)        ; 0           ; 0            ; 0       ; 0         ; 0    ; 0            ; |Top_final|RF32x32:inst|RFC32x32:inst1|RFC32:inst15|RFC8:inst2|RFC:inst8  ; work         ;
;                |RFC:inst9|           ; 0 (0)             ; 1 (1)        ; 0           ; 0            ; 0       ; 0         ; 0    ; 0            ; |Top_final|RF32x32:inst|RFC32x32:inst1|RFC32:inst15|RFC8:inst2|RFC:inst9  ; work         ;
;             |RFC8:inst3|             ; 0 (0)             ; 8 (0)        ; 0           ; 0            ; 0       ; 0         ; 0    ; 0            ; |Top_final|RF32x32:inst|RFC32x32:inst1|RFC32:inst15|RFC8:inst3            ; work         ;
;                |RFC:inst10|          ; 0 (0)             ; 1 (1)        ; 0           ; 0            ; 0       ; 0         ; 0    ; 0            ; |Top_final|RF32x32:inst|RFC32x32:inst1|RFC32:inst15|RFC8:inst3|RFC:inst10 ; work         ;
;                |RFC:inst11|          ; 0 (0)             ; 1 (1)        ; 0           ; 0            ; 0       ; 0         ; 0    ; 0            ; |Top_final|RF32x32:inst|RFC32x32:inst1|RFC32:inst15|RFC8:inst3|RFC:inst11 ; work         ;
;                |RFC:inst12|          ; 0 (0)             ; 1 (1)        ; 0           ; 0            ; 0       ; 0         ; 0    ; 0            ; |Top_final|RF32x32:inst|RFC32x32:inst1|RFC32:inst15|RFC8:inst3|RFC:inst12 ; work         ;
;                |RFC:inst13|          ; 0 (0)             ; 1 (1)        ; 0           ; 0            ; 0       ; 0         ; 0    ; 0            ; |Top_final|RF32x32:inst|RFC32x32:inst1|RFC32:inst15|RFC8:inst3|RFC:inst13 ; work         ;
;                |RFC:inst14|          ; 0 (0)             ; 1 (1)        ; 0           ; 0            ; 0       ; 0         ; 0    ; 0            ; |Top_final|RF32x32:inst|RFC32x32:inst1|RFC32:inst15|RFC8:inst3|RFC:inst14 ; work         ;
;                |RFC:inst18|          ; 0 (0)             ; 1 (1)        ; 0           ; 0            ; 0       ; 0         ; 0    ; 0            ; |Top_final|RF32x32:inst|RFC32x32:inst1|RFC32:inst15|RFC8:inst3|RFC:inst18 ; work         ;
;                |RFC:inst8|           ; 0 (0)             ; 1 (1)        ; 0           ; 0            ; 0       ; 0         ; 0    ; 0            ; |Top_final|RF32x32:inst|RFC32x32:inst1|RFC32:inst15|RFC8:inst3|RFC:inst8  ; work         ;
;                |RFC:inst9|           ; 0 (0)             ; 1 (1)        ; 0           ; 0            ; 0       ; 0         ; 0    ; 0            ; |Top_final|RF32x32:inst|RFC32x32:inst1|RFC32:inst15|RFC8:inst3|RFC:inst9  ; work         ;
;             |RFC8:inst|              ; 0 (0)             ; 8 (0)        ; 0           ; 0            ; 0       ; 0         ; 0    ; 0            ; |Top_final|RF32x32:inst|RFC32x32:inst1|RFC32:inst15|RFC8:inst             ; work         ;
;                |RFC:inst10|          ; 0 (0)             ; 1 (1)        ; 0           ; 0            ; 0       ; 0         ; 0    ; 0            ; |Top_final|RF32x32:inst|RFC32x32:inst1|RFC32:inst15|RFC8:inst|RFC:inst10  ; work         ;
;                |RFC:inst11|          ; 0 (0)             ; 1 (1)        ; 0           ; 0            ; 0       ; 0         ; 0    ; 0            ; |Top_final|RF32x32:inst|RFC32x32:inst1|RFC32:inst15|RFC8:inst|RFC:inst11  ; work         ;
;                |RFC:inst12|          ; 0 (0)             ; 1 (1)        ; 0           ; 0            ; 0       ; 0         ; 0    ; 0            ; |Top_final|RF32x32:inst|RFC32x32:inst1|RFC32:inst15|RFC8:inst|RFC:inst12  ; work         ;
;                |RFC:inst13|          ; 0 (0)             ; 1 (1)        ; 0           ; 0            ; 0       ; 0         ; 0    ; 0            ; |Top_final|RF32x32:inst|RFC32x32:inst1|RFC32:inst15|RFC8:inst|RFC:inst13  ; work         ;
;                |RFC:inst14|          ; 0 (0)             ; 1 (1)        ; 0           ; 0            ; 0       ; 0         ; 0    ; 0            ; |Top_final|RF32x32:inst|RFC32x32:inst1|RFC32:inst15|RFC8:inst|RFC:inst14  ; work         ;
;                |RFC:inst18|          ; 0 (0)             ; 1 (1)        ; 0           ; 0            ; 0       ; 0         ; 0    ; 0            ; |Top_final|RF32x32:inst|RFC32x32:inst1|RFC32:inst15|RFC8:inst|RFC:inst18  ; work         ;
;                |RFC:inst8|           ; 0 (0)             ; 1 (1)        ; 0           ; 0            ; 0       ; 0         ; 0    ; 0            ; |Top_final|RF32x32:inst|RFC32x32:inst1|RFC32:inst15|RFC8:inst|RFC:inst8   ; work         ;
;                |RFC:inst9|           ; 0 (0)             ; 1 (1)        ; 0           ; 0            ; 0       ; 0         ; 0    ; 0            ; |Top_final|RF32x32:inst|RFC32x32:inst1|RFC32:inst15|RFC8:inst|RFC:inst9   ; work         ;
;          |RFC32:inst16|              ; 0 (0)             ; 32 (0)       ; 0           ; 0            ; 0       ; 0         ; 0    ; 0            ; |Top_final|RF32x32:inst|RFC32x32:inst1|RFC32:inst16                       ; work         ;
;             |RFC8:inst1|             ; 0 (0)             ; 8 (0)        ; 0           ; 0            ; 0       ; 0         ; 0    ; 0            ; |Top_final|RF32x32:inst|RFC32x32:inst1|RFC32:inst16|RFC8:inst1            ; work         ;
;                |RFC:inst10|          ; 0 (0)             ; 1 (1)        ; 0           ; 0            ; 0       ; 0         ; 0    ; 0            ; |Top_final|RF32x32:inst|RFC32x32:inst1|RFC32:inst16|RFC8:inst1|RFC:inst10 ; work         ;
;                |RFC:inst11|          ; 0 (0)             ; 1 (1)        ; 0           ; 0            ; 0       ; 0         ; 0    ; 0            ; |Top_final|RF32x32:inst|RFC32x32:inst1|RFC32:inst16|RFC8:inst1|RFC:inst11 ; work         ;
;                |RFC:inst12|          ; 0 (0)             ; 1 (1)        ; 0           ; 0            ; 0       ; 0         ; 0    ; 0            ; |Top_final|RF32x32:inst|RFC32x32:inst1|RFC32:inst16|RFC8:inst1|RFC:inst12 ; work         ;
;                |RFC:inst13|          ; 0 (0)             ; 1 (1)        ; 0           ; 0            ; 0       ; 0         ; 0    ; 0            ; |Top_final|RF32x32:inst|RFC32x32:inst1|RFC32:inst16|RFC8:inst1|RFC:inst13 ; work         ;
;                |RFC:inst14|          ; 0 (0)             ; 1 (1)        ; 0           ; 0            ; 0       ; 0         ; 0    ; 0            ; |Top_final|RF32x32:inst|RFC32x32:inst1|RFC32:inst16|RFC8:inst1|RFC:inst14 ; work         ;
;                |RFC:inst18|          ; 0 (0)             ; 1 (1)        ; 0           ; 0            ; 0       ; 0         ; 0    ; 0            ; |Top_final|RF32x32:inst|RFC32x32:inst1|RFC32:inst16|RFC8:inst1|RFC:inst18 ; work         ;
;                |RFC:inst8|           ; 0 (0)             ; 1 (1)        ; 0           ; 0            ; 0       ; 0         ; 0    ; 0            ; |Top_final|RF32x32:inst|RFC32x32:inst1|RFC32:inst16|RFC8:inst1|RFC:inst8  ; work         ;
;                |RFC:inst9|           ; 0 (0)             ; 1 (1)        ; 0           ; 0            ; 0       ; 0         ; 0    ; 0            ; |Top_final|RF32x32:inst|RFC32x32:inst1|RFC32:inst16|RFC8:inst1|RFC:inst9  ; work         ;
;             |RFC8:inst2|             ; 0 (0)             ; 8 (0)        ; 0           ; 0            ; 0       ; 0         ; 0    ; 0            ; |Top_final|RF32x32:inst|RFC32x32:inst1|RFC32:inst16|RFC8:inst2            ; work         ;
;                |RFC:inst10|          ; 0 (0)             ; 1 (1)        ; 0           ; 0            ; 0       ; 0         ; 0    ; 0            ; |Top_final|RF32x32:inst|RFC32x32:inst1|RFC32:inst16|RFC8:inst2|RFC:inst10 ; work         ;
;                |RFC:inst11|          ; 0 (0)             ; 1 (1)        ; 0           ; 0            ; 0       ; 0         ; 0    ; 0            ; |Top_final|RF32x32:inst|RFC32x32:inst1|RFC32:inst16|RFC8:inst2|RFC:inst11 ; work         ;
;                |RFC:inst12|          ; 0 (0)             ; 1 (1)        ; 0           ; 0            ; 0       ; 0         ; 0    ; 0            ; |Top_final|RF32x32:inst|RFC32x32:inst1|RFC32:inst16|RFC8:inst2|RFC:inst12 ; work         ;
;                |RFC:inst13|          ; 0 (0)             ; 1 (1)        ; 0           ; 0            ; 0       ; 0         ; 0    ; 0            ; |Top_final|RF32x32:inst|RFC32x32:inst1|RFC32:inst16|RFC8:inst2|RFC:inst13 ; work         ;
;                |RFC:inst14|          ; 0 (0)             ; 1 (1)        ; 0           ; 0            ; 0       ; 0         ; 0    ; 0            ; |Top_final|RF32x32:inst|RFC32x32:inst1|RFC32:inst16|RFC8:inst2|RFC:inst14 ; work         ;
;                |RFC:inst18|          ; 0 (0)             ; 1 (1)        ; 0           ; 0            ; 0       ; 0         ; 0    ; 0            ; |Top_final|RF32x32:inst|RFC32x32:inst1|RFC32:inst16|RFC8:inst2|RFC:inst18 ; work         ;
;                |RFC:inst8|           ; 0 (0)             ; 1 (1)        ; 0           ; 0            ; 0       ; 0         ; 0    ; 0            ; |Top_final|RF32x32:inst|RFC32x32:inst1|RFC32:inst16|RFC8:inst2|RFC:inst8  ; work         ;
;                |RFC:inst9|           ; 0 (0)             ; 1 (1)        ; 0           ; 0            ; 0       ; 0         ; 0    ; 0            ; |Top_final|RF32x32:inst|RFC32x32:inst1|RFC32:inst16|RFC8:inst2|RFC:inst9  ; work         ;
;             |RFC8:inst3|             ; 0 (0)             ; 8 (0)        ; 0           ; 0            ; 0       ; 0         ; 0    ; 0            ; |Top_final|RF32x32:inst|RFC32x32:inst1|RFC32:inst16|RFC8:inst3            ; work         ;
;                |RFC:inst10|          ; 0 (0)             ; 1 (1)        ; 0           ; 0            ; 0       ; 0         ; 0    ; 0            ; |Top_final|RF32x32:inst|RFC32x32:inst1|RFC32:inst16|RFC8:inst3|RFC:inst10 ; work         ;
;                |RFC:inst11|          ; 0 (0)             ; 1 (1)        ; 0           ; 0            ; 0       ; 0         ; 0    ; 0            ; |Top_final|RF32x32:inst|RFC32x32:inst1|RFC32:inst16|RFC8:inst3|RFC:inst11 ; work         ;
;                |RFC:inst12|          ; 0 (0)             ; 1 (1)        ; 0           ; 0            ; 0       ; 0         ; 0    ; 0            ; |Top_final|RF32x32:inst|RFC32x32:inst1|RFC32:inst16|RFC8:inst3|RFC:inst12 ; work         ;
;                |RFC:inst13|          ; 0 (0)             ; 1 (1)        ; 0           ; 0            ; 0       ; 0         ; 0    ; 0            ; |Top_final|RF32x32:inst|RFC32x32:inst1|RFC32:inst16|RFC8:inst3|RFC:inst13 ; work         ;
;                |RFC:inst14|          ; 0 (0)             ; 1 (1)        ; 0           ; 0            ; 0       ; 0         ; 0    ; 0            ; |Top_final|RF32x32:inst|RFC32x32:inst1|RFC32:inst16|RFC8:inst3|RFC:inst14 ; work         ;
;                |RFC:inst18|          ; 0 (0)             ; 1 (1)        ; 0           ; 0            ; 0       ; 0         ; 0    ; 0            ; |Top_final|RF32x32:inst|RFC32x32:inst1|RFC32:inst16|RFC8:inst3|RFC:inst18 ; work         ;
;                |RFC:inst8|           ; 0 (0)             ; 1 (1)        ; 0           ; 0            ; 0       ; 0         ; 0    ; 0            ; |Top_final|RF32x32:inst|RFC32x32:inst1|RFC32:inst16|RFC8:inst3|RFC:inst8  ; work         ;
;                |RFC:inst9|           ; 0 (0)             ; 1 (1)        ; 0           ; 0            ; 0       ; 0         ; 0    ; 0            ; |Top_final|RF32x32:inst|RFC32x32:inst1|RFC32:inst16|RFC8:inst3|RFC:inst9  ; work         ;
;             |RFC8:inst|              ; 0 (0)             ; 8 (0)        ; 0           ; 0            ; 0       ; 0         ; 0    ; 0            ; |Top_final|RF32x32:inst|RFC32x32:inst1|RFC32:inst16|RFC8:inst             ; work         ;
;                |RFC:inst10|          ; 0 (0)             ; 1 (1)        ; 0           ; 0            ; 0       ; 0         ; 0    ; 0            ; |Top_final|RF32x32:inst|RFC32x32:inst1|RFC32:inst16|RFC8:inst|RFC:inst10  ; work         ;
;                |RFC:inst11|          ; 0 (0)             ; 1 (1)        ; 0           ; 0            ; 0       ; 0         ; 0    ; 0            ; |Top_final|RF32x32:inst|RFC32x32:inst1|RFC32:inst16|RFC8:inst|RFC:inst11  ; work         ;
;                |RFC:inst12|          ; 0 (0)             ; 1 (1)        ; 0           ; 0            ; 0       ; 0         ; 0    ; 0            ; |Top_final|RF32x32:inst|RFC32x32:inst1|RFC32:inst16|RFC8:inst|RFC:inst12  ; work         ;
;                |RFC:inst13|          ; 0 (0)             ; 1 (1)        ; 0           ; 0            ; 0       ; 0         ; 0    ; 0            ; |Top_final|RF32x32:inst|RFC32x32:inst1|RFC32:inst16|RFC8:inst|RFC:inst13  ; work         ;
;                |RFC:inst14|          ; 0 (0)             ; 1 (1)        ; 0           ; 0            ; 0       ; 0         ; 0    ; 0            ; |Top_final|RF32x32:inst|RFC32x32:inst1|RFC32:inst16|RFC8:inst|RFC:inst14  ; work         ;
;                |RFC:inst18|          ; 0 (0)             ; 1 (1)        ; 0           ; 0            ; 0       ; 0         ; 0    ; 0            ; |Top_final|RF32x32:inst|RFC32x32:inst1|RFC32:inst16|RFC8:inst|RFC:inst18  ; work         ;
;                |RFC:inst8|           ; 0 (0)             ; 1 (1)        ; 0           ; 0            ; 0       ; 0         ; 0    ; 0            ; |Top_final|RF32x32:inst|RFC32x32:inst1|RFC32:inst16|RFC8:inst|RFC:inst8   ; work         ;
;                |RFC:inst9|           ; 0 (0)             ; 1 (1)        ; 0           ; 0            ; 0       ; 0         ; 0    ; 0            ; |Top_final|RF32x32:inst|RFC32x32:inst1|RFC32:inst16|RFC8:inst|RFC:inst9   ; work         ;
;          |RFC32:inst17|              ; 0 (0)             ; 32 (0)       ; 0           ; 0            ; 0       ; 0         ; 0    ; 0            ; |Top_final|RF32x32:inst|RFC32x32:inst1|RFC32:inst17                       ; work         ;
;             |RFC8:inst1|             ; 0 (0)             ; 8 (0)        ; 0           ; 0            ; 0       ; 0         ; 0    ; 0            ; |Top_final|RF32x32:inst|RFC32x32:inst1|RFC32:inst17|RFC8:inst1            ; work         ;
;                |RFC:inst10|          ; 0 (0)             ; 1 (1)        ; 0           ; 0            ; 0       ; 0         ; 0    ; 0            ; |Top_final|RF32x32:inst|RFC32x32:inst1|RFC32:inst17|RFC8:inst1|RFC:inst10 ; work         ;
;                |RFC:inst11|          ; 0 (0)             ; 1 (1)        ; 0           ; 0            ; 0       ; 0         ; 0    ; 0            ; |Top_final|RF32x32:inst|RFC32x32:inst1|RFC32:inst17|RFC8:inst1|RFC:inst11 ; work         ;
;                |RFC:inst12|          ; 0 (0)             ; 1 (1)        ; 0           ; 0            ; 0       ; 0         ; 0    ; 0            ; |Top_final|RF32x32:inst|RFC32x32:inst1|RFC32:inst17|RFC8:inst1|RFC:inst12 ; work         ;
;                |RFC:inst13|          ; 0 (0)             ; 1 (1)        ; 0           ; 0            ; 0       ; 0         ; 0    ; 0            ; |Top_final|RF32x32:inst|RFC32x32:inst1|RFC32:inst17|RFC8:inst1|RFC:inst13 ; work         ;
;                |RFC:inst14|          ; 0 (0)             ; 1 (1)        ; 0           ; 0            ; 0       ; 0         ; 0    ; 0            ; |Top_final|RF32x32:inst|RFC32x32:inst1|RFC32:inst17|RFC8:inst1|RFC:inst14 ; work         ;
;                |RFC:inst18|          ; 0 (0)             ; 1 (1)        ; 0           ; 0            ; 0       ; 0         ; 0    ; 0            ; |Top_final|RF32x32:inst|RFC32x32:inst1|RFC32:inst17|RFC8:inst1|RFC:inst18 ; work         ;
;                |RFC:inst8|           ; 0 (0)             ; 1 (1)        ; 0           ; 0            ; 0       ; 0         ; 0    ; 0            ; |Top_final|RF32x32:inst|RFC32x32:inst1|RFC32:inst17|RFC8:inst1|RFC:inst8  ; work         ;
;                |RFC:inst9|           ; 0 (0)             ; 1 (1)        ; 0           ; 0            ; 0       ; 0         ; 0    ; 0            ; |Top_final|RF32x32:inst|RFC32x32:inst1|RFC32:inst17|RFC8:inst1|RFC:inst9  ; work         ;
;             |RFC8:inst2|             ; 0 (0)             ; 8 (0)        ; 0           ; 0            ; 0       ; 0         ; 0    ; 0            ; |Top_final|RF32x32:inst|RFC32x32:inst1|RFC32:inst17|RFC8:inst2            ; work         ;
;                |RFC:inst10|          ; 0 (0)             ; 1 (1)        ; 0           ; 0            ; 0       ; 0         ; 0    ; 0            ; |Top_final|RF32x32:inst|RFC32x32:inst1|RFC32:inst17|RFC8:inst2|RFC:inst10 ; work         ;
;                |RFC:inst11|          ; 0 (0)             ; 1 (1)        ; 0           ; 0            ; 0       ; 0         ; 0    ; 0            ; |Top_final|RF32x32:inst|RFC32x32:inst1|RFC32:inst17|RFC8:inst2|RFC:inst11 ; work         ;
;                |RFC:inst12|          ; 0 (0)             ; 1 (1)        ; 0           ; 0            ; 0       ; 0         ; 0    ; 0            ; |Top_final|RF32x32:inst|RFC32x32:inst1|RFC32:inst17|RFC8:inst2|RFC:inst12 ; work         ;
;                |RFC:inst13|          ; 0 (0)             ; 1 (1)        ; 0           ; 0            ; 0       ; 0         ; 0    ; 0            ; |Top_final|RF32x32:inst|RFC32x32:inst1|RFC32:inst17|RFC8:inst2|RFC:inst13 ; work         ;
;                |RFC:inst14|          ; 0 (0)             ; 1 (1)        ; 0           ; 0            ; 0       ; 0         ; 0    ; 0            ; |Top_final|RF32x32:inst|RFC32x32:inst1|RFC32:inst17|RFC8:inst2|RFC:inst14 ; work         ;
;                |RFC:inst18|          ; 0 (0)             ; 1 (1)        ; 0           ; 0            ; 0       ; 0         ; 0    ; 0            ; |Top_final|RF32x32:inst|RFC32x32:inst1|RFC32:inst17|RFC8:inst2|RFC:inst18 ; work         ;
;                |RFC:inst8|           ; 0 (0)             ; 1 (1)        ; 0           ; 0            ; 0       ; 0         ; 0    ; 0            ; |Top_final|RF32x32:inst|RFC32x32:inst1|RFC32:inst17|RFC8:inst2|RFC:inst8  ; work         ;
;                |RFC:inst9|           ; 0 (0)             ; 1 (1)        ; 0           ; 0            ; 0       ; 0         ; 0    ; 0            ; |Top_final|RF32x32:inst|RFC32x32:inst1|RFC32:inst17|RFC8:inst2|RFC:inst9  ; work         ;
;             |RFC8:inst3|             ; 0 (0)             ; 8 (0)        ; 0           ; 0            ; 0       ; 0         ; 0    ; 0            ; |Top_final|RF32x32:inst|RFC32x32:inst1|RFC32:inst17|RFC8:inst3            ; work         ;
;                |RFC:inst10|          ; 0 (0)             ; 1 (1)        ; 0           ; 0            ; 0       ; 0         ; 0    ; 0            ; |Top_final|RF32x32:inst|RFC32x32:inst1|RFC32:inst17|RFC8:inst3|RFC:inst10 ; work         ;
;                |RFC:inst11|          ; 0 (0)             ; 1 (1)        ; 0           ; 0            ; 0       ; 0         ; 0    ; 0            ; |Top_final|RF32x32:inst|RFC32x32:inst1|RFC32:inst17|RFC8:inst3|RFC:inst11 ; work         ;
;                |RFC:inst12|          ; 0 (0)             ; 1 (1)        ; 0           ; 0            ; 0       ; 0         ; 0    ; 0            ; |Top_final|RF32x32:inst|RFC32x32:inst1|RFC32:inst17|RFC8:inst3|RFC:inst12 ; work         ;
;                |RFC:inst13|          ; 0 (0)             ; 1 (1)        ; 0           ; 0            ; 0       ; 0         ; 0    ; 0            ; |Top_final|RF32x32:inst|RFC32x32:inst1|RFC32:inst17|RFC8:inst3|RFC:inst13 ; work         ;
;                |RFC:inst14|          ; 0 (0)             ; 1 (1)        ; 0           ; 0            ; 0       ; 0         ; 0    ; 0            ; |Top_final|RF32x32:inst|RFC32x32:inst1|RFC32:inst17|RFC8:inst3|RFC:inst14 ; work         ;
;                |RFC:inst18|          ; 0 (0)             ; 1 (1)        ; 0           ; 0            ; 0       ; 0         ; 0    ; 0            ; |Top_final|RF32x32:inst|RFC32x32:inst1|RFC32:inst17|RFC8:inst3|RFC:inst18 ; work         ;
;                |RFC:inst8|           ; 0 (0)             ; 1 (1)        ; 0           ; 0            ; 0       ; 0         ; 0    ; 0            ; |Top_final|RF32x32:inst|RFC32x32:inst1|RFC32:inst17|RFC8:inst3|RFC:inst8  ; work         ;
;                |RFC:inst9|           ; 0 (0)             ; 1 (1)        ; 0           ; 0            ; 0       ; 0         ; 0    ; 0            ; |Top_final|RF32x32:inst|RFC32x32:inst1|RFC32:inst17|RFC8:inst3|RFC:inst9  ; work         ;
;             |RFC8:inst|              ; 0 (0)             ; 8 (0)        ; 0           ; 0            ; 0       ; 0         ; 0    ; 0            ; |Top_final|RF32x32:inst|RFC32x32:inst1|RFC32:inst17|RFC8:inst             ; work         ;
;                |RFC:inst10|          ; 0 (0)             ; 1 (1)        ; 0           ; 0            ; 0       ; 0         ; 0    ; 0            ; |Top_final|RF32x32:inst|RFC32x32:inst1|RFC32:inst17|RFC8:inst|RFC:inst10  ; work         ;
;                |RFC:inst11|          ; 0 (0)             ; 1 (1)        ; 0           ; 0            ; 0       ; 0         ; 0    ; 0            ; |Top_final|RF32x32:inst|RFC32x32:inst1|RFC32:inst17|RFC8:inst|RFC:inst11  ; work         ;
;                |RFC:inst12|          ; 0 (0)             ; 1 (1)        ; 0           ; 0            ; 0       ; 0         ; 0    ; 0            ; |Top_final|RF32x32:inst|RFC32x32:inst1|RFC32:inst17|RFC8:inst|RFC:inst12  ; work         ;
;                |RFC:inst13|          ; 0 (0)             ; 1 (1)        ; 0           ; 0            ; 0       ; 0         ; 0    ; 0            ; |Top_final|RF32x32:inst|RFC32x32:inst1|RFC32:inst17|RFC8:inst|RFC:inst13  ; work         ;
;                |RFC:inst14|          ; 0 (0)             ; 1 (1)        ; 0           ; 0            ; 0       ; 0         ; 0    ; 0            ; |Top_final|RF32x32:inst|RFC32x32:inst1|RFC32:inst17|RFC8:inst|RFC:inst14  ; work         ;
;                |RFC:inst18|          ; 0 (0)             ; 1 (1)        ; 0           ; 0            ; 0       ; 0         ; 0    ; 0            ; |Top_final|RF32x32:inst|RFC32x32:inst1|RFC32:inst17|RFC8:inst|RFC:inst18  ; work         ;
;                |RFC:inst8|           ; 0 (0)             ; 1 (1)        ; 0           ; 0            ; 0       ; 0         ; 0    ; 0            ; |Top_final|RF32x32:inst|RFC32x32:inst1|RFC32:inst17|RFC8:inst|RFC:inst8   ; work         ;
;                |RFC:inst9|           ; 0 (0)             ; 1 (1)        ; 0           ; 0            ; 0       ; 0         ; 0    ; 0            ; |Top_final|RF32x32:inst|RFC32x32:inst1|RFC32:inst17|RFC8:inst|RFC:inst9   ; work         ;
;          |RFC32:inst18|              ; 0 (0)             ; 32 (0)       ; 0           ; 0            ; 0       ; 0         ; 0    ; 0            ; |Top_final|RF32x32:inst|RFC32x32:inst1|RFC32:inst18                       ; work         ;
;             |RFC8:inst1|             ; 0 (0)             ; 8 (0)        ; 0           ; 0            ; 0       ; 0         ; 0    ; 0            ; |Top_final|RF32x32:inst|RFC32x32:inst1|RFC32:inst18|RFC8:inst1            ; work         ;
;                |RFC:inst10|          ; 0 (0)             ; 1 (1)        ; 0           ; 0            ; 0       ; 0         ; 0    ; 0            ; |Top_final|RF32x32:inst|RFC32x32:inst1|RFC32:inst18|RFC8:inst1|RFC:inst10 ; work         ;
;                |RFC:inst11|          ; 0 (0)             ; 1 (1)        ; 0           ; 0            ; 0       ; 0         ; 0    ; 0            ; |Top_final|RF32x32:inst|RFC32x32:inst1|RFC32:inst18|RFC8:inst1|RFC:inst11 ; work         ;
;                |RFC:inst12|          ; 0 (0)             ; 1 (1)        ; 0           ; 0            ; 0       ; 0         ; 0    ; 0            ; |Top_final|RF32x32:inst|RFC32x32:inst1|RFC32:inst18|RFC8:inst1|RFC:inst12 ; work         ;
;                |RFC:inst13|          ; 0 (0)             ; 1 (1)        ; 0           ; 0            ; 0       ; 0         ; 0    ; 0            ; |Top_final|RF32x32:inst|RFC32x32:inst1|RFC32:inst18|RFC8:inst1|RFC:inst13 ; work         ;
;                |RFC:inst14|          ; 0 (0)             ; 1 (1)        ; 0           ; 0            ; 0       ; 0         ; 0    ; 0            ; |Top_final|RF32x32:inst|RFC32x32:inst1|RFC32:inst18|RFC8:inst1|RFC:inst14 ; work         ;
;                |RFC:inst18|          ; 0 (0)             ; 1 (1)        ; 0           ; 0            ; 0       ; 0         ; 0    ; 0            ; |Top_final|RF32x32:inst|RFC32x32:inst1|RFC32:inst18|RFC8:inst1|RFC:inst18 ; work         ;
;                |RFC:inst8|           ; 0 (0)             ; 1 (1)        ; 0           ; 0            ; 0       ; 0         ; 0    ; 0            ; |Top_final|RF32x32:inst|RFC32x32:inst1|RFC32:inst18|RFC8:inst1|RFC:inst8  ; work         ;
;                |RFC:inst9|           ; 0 (0)             ; 1 (1)        ; 0           ; 0            ; 0       ; 0         ; 0    ; 0            ; |Top_final|RF32x32:inst|RFC32x32:inst1|RFC32:inst18|RFC8:inst1|RFC:inst9  ; work         ;
;             |RFC8:inst2|             ; 0 (0)             ; 8 (0)        ; 0           ; 0            ; 0       ; 0         ; 0    ; 0            ; |Top_final|RF32x32:inst|RFC32x32:inst1|RFC32:inst18|RFC8:inst2            ; work         ;
;                |RFC:inst10|          ; 0 (0)             ; 1 (1)        ; 0           ; 0            ; 0       ; 0         ; 0    ; 0            ; |Top_final|RF32x32:inst|RFC32x32:inst1|RFC32:inst18|RFC8:inst2|RFC:inst10 ; work         ;
;                |RFC:inst11|          ; 0 (0)             ; 1 (1)        ; 0           ; 0            ; 0       ; 0         ; 0    ; 0            ; |Top_final|RF32x32:inst|RFC32x32:inst1|RFC32:inst18|RFC8:inst2|RFC:inst11 ; work         ;
;                |RFC:inst12|          ; 0 (0)             ; 1 (1)        ; 0           ; 0            ; 0       ; 0         ; 0    ; 0            ; |Top_final|RF32x32:inst|RFC32x32:inst1|RFC32:inst18|RFC8:inst2|RFC:inst12 ; work         ;
;                |RFC:inst13|          ; 0 (0)             ; 1 (1)        ; 0           ; 0            ; 0       ; 0         ; 0    ; 0            ; |Top_final|RF32x32:inst|RFC32x32:inst1|RFC32:inst18|RFC8:inst2|RFC:inst13 ; work         ;
;                |RFC:inst14|          ; 0 (0)             ; 1 (1)        ; 0           ; 0            ; 0       ; 0         ; 0    ; 0            ; |Top_final|RF32x32:inst|RFC32x32:inst1|RFC32:inst18|RFC8:inst2|RFC:inst14 ; work         ;
;                |RFC:inst18|          ; 0 (0)             ; 1 (1)        ; 0           ; 0            ; 0       ; 0         ; 0    ; 0            ; |Top_final|RF32x32:inst|RFC32x32:inst1|RFC32:inst18|RFC8:inst2|RFC:inst18 ; work         ;
;                |RFC:inst8|           ; 0 (0)             ; 1 (1)        ; 0           ; 0            ; 0       ; 0         ; 0    ; 0            ; |Top_final|RF32x32:inst|RFC32x32:inst1|RFC32:inst18|RFC8:inst2|RFC:inst8  ; work         ;
;                |RFC:inst9|           ; 0 (0)             ; 1 (1)        ; 0           ; 0            ; 0       ; 0         ; 0    ; 0            ; |Top_final|RF32x32:inst|RFC32x32:inst1|RFC32:inst18|RFC8:inst2|RFC:inst9  ; work         ;
;             |RFC8:inst3|             ; 0 (0)             ; 8 (0)        ; 0           ; 0            ; 0       ; 0         ; 0    ; 0            ; |Top_final|RF32x32:inst|RFC32x32:inst1|RFC32:inst18|RFC8:inst3            ; work         ;
;                |RFC:inst10|          ; 0 (0)             ; 1 (1)        ; 0           ; 0            ; 0       ; 0         ; 0    ; 0            ; |Top_final|RF32x32:inst|RFC32x32:inst1|RFC32:inst18|RFC8:inst3|RFC:inst10 ; work         ;
;                |RFC:inst11|          ; 0 (0)             ; 1 (1)        ; 0           ; 0            ; 0       ; 0         ; 0    ; 0            ; |Top_final|RF32x32:inst|RFC32x32:inst1|RFC32:inst18|RFC8:inst3|RFC:inst11 ; work         ;
;                |RFC:inst12|          ; 0 (0)             ; 1 (1)        ; 0           ; 0            ; 0       ; 0         ; 0    ; 0            ; |Top_final|RF32x32:inst|RFC32x32:inst1|RFC32:inst18|RFC8:inst3|RFC:inst12 ; work         ;
;                |RFC:inst13|          ; 0 (0)             ; 1 (1)        ; 0           ; 0            ; 0       ; 0         ; 0    ; 0            ; |Top_final|RF32x32:inst|RFC32x32:inst1|RFC32:inst18|RFC8:inst3|RFC:inst13 ; work         ;
;                |RFC:inst14|          ; 0 (0)             ; 1 (1)        ; 0           ; 0            ; 0       ; 0         ; 0    ; 0            ; |Top_final|RF32x32:inst|RFC32x32:inst1|RFC32:inst18|RFC8:inst3|RFC:inst14 ; work         ;
;                |RFC:inst18|          ; 0 (0)             ; 1 (1)        ; 0           ; 0            ; 0       ; 0         ; 0    ; 0            ; |Top_final|RF32x32:inst|RFC32x32:inst1|RFC32:inst18|RFC8:inst3|RFC:inst18 ; work         ;
;                |RFC:inst8|           ; 0 (0)             ; 1 (1)        ; 0           ; 0            ; 0       ; 0         ; 0    ; 0            ; |Top_final|RF32x32:inst|RFC32x32:inst1|RFC32:inst18|RFC8:inst3|RFC:inst8  ; work         ;
;                |RFC:inst9|           ; 0 (0)             ; 1 (1)        ; 0           ; 0            ; 0       ; 0         ; 0    ; 0            ; |Top_final|RF32x32:inst|RFC32x32:inst1|RFC32:inst18|RFC8:inst3|RFC:inst9  ; work         ;
;             |RFC8:inst|              ; 0 (0)             ; 8 (0)        ; 0           ; 0            ; 0       ; 0         ; 0    ; 0            ; |Top_final|RF32x32:inst|RFC32x32:inst1|RFC32:inst18|RFC8:inst             ; work         ;
;                |RFC:inst10|          ; 0 (0)             ; 1 (1)        ; 0           ; 0            ; 0       ; 0         ; 0    ; 0            ; |Top_final|RF32x32:inst|RFC32x32:inst1|RFC32:inst18|RFC8:inst|RFC:inst10  ; work         ;
;                |RFC:inst11|          ; 0 (0)             ; 1 (1)        ; 0           ; 0            ; 0       ; 0         ; 0    ; 0            ; |Top_final|RF32x32:inst|RFC32x32:inst1|RFC32:inst18|RFC8:inst|RFC:inst11  ; work         ;
;                |RFC:inst12|          ; 0 (0)             ; 1 (1)        ; 0           ; 0            ; 0       ; 0         ; 0    ; 0            ; |Top_final|RF32x32:inst|RFC32x32:inst1|RFC32:inst18|RFC8:inst|RFC:inst12  ; work         ;
;                |RFC:inst13|          ; 0 (0)             ; 1 (1)        ; 0           ; 0            ; 0       ; 0         ; 0    ; 0            ; |Top_final|RF32x32:inst|RFC32x32:inst1|RFC32:inst18|RFC8:inst|RFC:inst13  ; work         ;
;                |RFC:inst14|          ; 0 (0)             ; 1 (1)        ; 0           ; 0            ; 0       ; 0         ; 0    ; 0            ; |Top_final|RF32x32:inst|RFC32x32:inst1|RFC32:inst18|RFC8:inst|RFC:inst14  ; work         ;
;                |RFC:inst18|          ; 0 (0)             ; 1 (1)        ; 0           ; 0            ; 0       ; 0         ; 0    ; 0            ; |Top_final|RF32x32:inst|RFC32x32:inst1|RFC32:inst18|RFC8:inst|RFC:inst18  ; work         ;
;                |RFC:inst8|           ; 0 (0)             ; 1 (1)        ; 0           ; 0            ; 0       ; 0         ; 0    ; 0            ; |Top_final|RF32x32:inst|RFC32x32:inst1|RFC32:inst18|RFC8:inst|RFC:inst8   ; work         ;
;                |RFC:inst9|           ; 0 (0)             ; 1 (1)        ; 0           ; 0            ; 0       ; 0         ; 0    ; 0            ; |Top_final|RF32x32:inst|RFC32x32:inst1|RFC32:inst18|RFC8:inst|RFC:inst9   ; work         ;
;          |RFC32:inst19|              ; 0 (0)             ; 32 (0)       ; 0           ; 0            ; 0       ; 0         ; 0    ; 0            ; |Top_final|RF32x32:inst|RFC32x32:inst1|RFC32:inst19                       ; work         ;
;             |RFC8:inst1|             ; 0 (0)             ; 8 (0)        ; 0           ; 0            ; 0       ; 0         ; 0    ; 0            ; |Top_final|RF32x32:inst|RFC32x32:inst1|RFC32:inst19|RFC8:inst1            ; work         ;
;                |RFC:inst10|          ; 0 (0)             ; 1 (1)        ; 0           ; 0            ; 0       ; 0         ; 0    ; 0            ; |Top_final|RF32x32:inst|RFC32x32:inst1|RFC32:inst19|RFC8:inst1|RFC:inst10 ; work         ;
;                |RFC:inst11|          ; 0 (0)             ; 1 (1)        ; 0           ; 0            ; 0       ; 0         ; 0    ; 0            ; |Top_final|RF32x32:inst|RFC32x32:inst1|RFC32:inst19|RFC8:inst1|RFC:inst11 ; work         ;
;                |RFC:inst12|          ; 0 (0)             ; 1 (1)        ; 0           ; 0            ; 0       ; 0         ; 0    ; 0            ; |Top_final|RF32x32:inst|RFC32x32:inst1|RFC32:inst19|RFC8:inst1|RFC:inst12 ; work         ;
;                |RFC:inst13|          ; 0 (0)             ; 1 (1)        ; 0           ; 0            ; 0       ; 0         ; 0    ; 0            ; |Top_final|RF32x32:inst|RFC32x32:inst1|RFC32:inst19|RFC8:inst1|RFC:inst13 ; work         ;
;                |RFC:inst14|          ; 0 (0)             ; 1 (1)        ; 0           ; 0            ; 0       ; 0         ; 0    ; 0            ; |Top_final|RF32x32:inst|RFC32x32:inst1|RFC32:inst19|RFC8:inst1|RFC:inst14 ; work         ;
;                |RFC:inst18|          ; 0 (0)             ; 1 (1)        ; 0           ; 0            ; 0       ; 0         ; 0    ; 0            ; |Top_final|RF32x32:inst|RFC32x32:inst1|RFC32:inst19|RFC8:inst1|RFC:inst18 ; work         ;
;                |RFC:inst8|           ; 0 (0)             ; 1 (1)        ; 0           ; 0            ; 0       ; 0         ; 0    ; 0            ; |Top_final|RF32x32:inst|RFC32x32:inst1|RFC32:inst19|RFC8:inst1|RFC:inst8  ; work         ;
;                |RFC:inst9|           ; 0 (0)             ; 1 (1)        ; 0           ; 0            ; 0       ; 0         ; 0    ; 0            ; |Top_final|RF32x32:inst|RFC32x32:inst1|RFC32:inst19|RFC8:inst1|RFC:inst9  ; work         ;
;             |RFC8:inst2|             ; 0 (0)             ; 8 (0)        ; 0           ; 0            ; 0       ; 0         ; 0    ; 0            ; |Top_final|RF32x32:inst|RFC32x32:inst1|RFC32:inst19|RFC8:inst2            ; work         ;
;                |RFC:inst10|          ; 0 (0)             ; 1 (1)        ; 0           ; 0            ; 0       ; 0         ; 0    ; 0            ; |Top_final|RF32x32:inst|RFC32x32:inst1|RFC32:inst19|RFC8:inst2|RFC:inst10 ; work         ;
;                |RFC:inst11|          ; 0 (0)             ; 1 (1)        ; 0           ; 0            ; 0       ; 0         ; 0    ; 0            ; |Top_final|RF32x32:inst|RFC32x32:inst1|RFC32:inst19|RFC8:inst2|RFC:inst11 ; work         ;
;                |RFC:inst12|          ; 0 (0)             ; 1 (1)        ; 0           ; 0            ; 0       ; 0         ; 0    ; 0            ; |Top_final|RF32x32:inst|RFC32x32:inst1|RFC32:inst19|RFC8:inst2|RFC:inst12 ; work         ;
;                |RFC:inst13|          ; 0 (0)             ; 1 (1)        ; 0           ; 0            ; 0       ; 0         ; 0    ; 0            ; |Top_final|RF32x32:inst|RFC32x32:inst1|RFC32:inst19|RFC8:inst2|RFC:inst13 ; work         ;
;                |RFC:inst14|          ; 0 (0)             ; 1 (1)        ; 0           ; 0            ; 0       ; 0         ; 0    ; 0            ; |Top_final|RF32x32:inst|RFC32x32:inst1|RFC32:inst19|RFC8:inst2|RFC:inst14 ; work         ;
;                |RFC:inst18|          ; 0 (0)             ; 1 (1)        ; 0           ; 0            ; 0       ; 0         ; 0    ; 0            ; |Top_final|RF32x32:inst|RFC32x32:inst1|RFC32:inst19|RFC8:inst2|RFC:inst18 ; work         ;
;                |RFC:inst8|           ; 0 (0)             ; 1 (1)        ; 0           ; 0            ; 0       ; 0         ; 0    ; 0            ; |Top_final|RF32x32:inst|RFC32x32:inst1|RFC32:inst19|RFC8:inst2|RFC:inst8  ; work         ;
;                |RFC:inst9|           ; 0 (0)             ; 1 (1)        ; 0           ; 0            ; 0       ; 0         ; 0    ; 0            ; |Top_final|RF32x32:inst|RFC32x32:inst1|RFC32:inst19|RFC8:inst2|RFC:inst9  ; work         ;
;             |RFC8:inst3|             ; 0 (0)             ; 8 (0)        ; 0           ; 0            ; 0       ; 0         ; 0    ; 0            ; |Top_final|RF32x32:inst|RFC32x32:inst1|RFC32:inst19|RFC8:inst3            ; work         ;
;                |RFC:inst10|          ; 0 (0)             ; 1 (1)        ; 0           ; 0            ; 0       ; 0         ; 0    ; 0            ; |Top_final|RF32x32:inst|RFC32x32:inst1|RFC32:inst19|RFC8:inst3|RFC:inst10 ; work         ;
;                |RFC:inst11|          ; 0 (0)             ; 1 (1)        ; 0           ; 0            ; 0       ; 0         ; 0    ; 0            ; |Top_final|RF32x32:inst|RFC32x32:inst1|RFC32:inst19|RFC8:inst3|RFC:inst11 ; work         ;
;                |RFC:inst12|          ; 0 (0)             ; 1 (1)        ; 0           ; 0            ; 0       ; 0         ; 0    ; 0            ; |Top_final|RF32x32:inst|RFC32x32:inst1|RFC32:inst19|RFC8:inst3|RFC:inst12 ; work         ;
;                |RFC:inst13|          ; 0 (0)             ; 1 (1)        ; 0           ; 0            ; 0       ; 0         ; 0    ; 0            ; |Top_final|RF32x32:inst|RFC32x32:inst1|RFC32:inst19|RFC8:inst3|RFC:inst13 ; work         ;
;                |RFC:inst14|          ; 0 (0)             ; 1 (1)        ; 0           ; 0            ; 0       ; 0         ; 0    ; 0            ; |Top_final|RF32x32:inst|RFC32x32:inst1|RFC32:inst19|RFC8:inst3|RFC:inst14 ; work         ;
;                |RFC:inst18|          ; 0 (0)             ; 1 (1)        ; 0           ; 0            ; 0       ; 0         ; 0    ; 0            ; |Top_final|RF32x32:inst|RFC32x32:inst1|RFC32:inst19|RFC8:inst3|RFC:inst18 ; work         ;
;                |RFC:inst8|           ; 0 (0)             ; 1 (1)        ; 0           ; 0            ; 0       ; 0         ; 0    ; 0            ; |Top_final|RF32x32:inst|RFC32x32:inst1|RFC32:inst19|RFC8:inst3|RFC:inst8  ; work         ;
;                |RFC:inst9|           ; 0 (0)             ; 1 (1)        ; 0           ; 0            ; 0       ; 0         ; 0    ; 0            ; |Top_final|RF32x32:inst|RFC32x32:inst1|RFC32:inst19|RFC8:inst3|RFC:inst9  ; work         ;
;             |RFC8:inst|              ; 0 (0)             ; 8 (0)        ; 0           ; 0            ; 0       ; 0         ; 0    ; 0            ; |Top_final|RF32x32:inst|RFC32x32:inst1|RFC32:inst19|RFC8:inst             ; work         ;
;                |RFC:inst10|          ; 0 (0)             ; 1 (1)        ; 0           ; 0            ; 0       ; 0         ; 0    ; 0            ; |Top_final|RF32x32:inst|RFC32x32:inst1|RFC32:inst19|RFC8:inst|RFC:inst10  ; work         ;
;                |RFC:inst11|          ; 0 (0)             ; 1 (1)        ; 0           ; 0            ; 0       ; 0         ; 0    ; 0            ; |Top_final|RF32x32:inst|RFC32x32:inst1|RFC32:inst19|RFC8:inst|RFC:inst11  ; work         ;
;                |RFC:inst12|          ; 0 (0)             ; 1 (1)        ; 0           ; 0            ; 0       ; 0         ; 0    ; 0            ; |Top_final|RF32x32:inst|RFC32x32:inst1|RFC32:inst19|RFC8:inst|RFC:inst12  ; work         ;
;                |RFC:inst13|          ; 0 (0)             ; 1 (1)        ; 0           ; 0            ; 0       ; 0         ; 0    ; 0            ; |Top_final|RF32x32:inst|RFC32x32:inst1|RFC32:inst19|RFC8:inst|RFC:inst13  ; work         ;
;                |RFC:inst14|          ; 0 (0)             ; 1 (1)        ; 0           ; 0            ; 0       ; 0         ; 0    ; 0            ; |Top_final|RF32x32:inst|RFC32x32:inst1|RFC32:inst19|RFC8:inst|RFC:inst14  ; work         ;
;                |RFC:inst18|          ; 0 (0)             ; 1 (1)        ; 0           ; 0            ; 0       ; 0         ; 0    ; 0            ; |Top_final|RF32x32:inst|RFC32x32:inst1|RFC32:inst19|RFC8:inst|RFC:inst18  ; work         ;
;                |RFC:inst8|           ; 0 (0)             ; 1 (1)        ; 0           ; 0            ; 0       ; 0         ; 0    ; 0            ; |Top_final|RF32x32:inst|RFC32x32:inst1|RFC32:inst19|RFC8:inst|RFC:inst8   ; work         ;
;                |RFC:inst9|           ; 0 (0)             ; 1 (1)        ; 0           ; 0            ; 0       ; 0         ; 0    ; 0            ; |Top_final|RF32x32:inst|RFC32x32:inst1|RFC32:inst19|RFC8:inst|RFC:inst9   ; work         ;
;          |RFC32:inst20|              ; 0 (0)             ; 32 (0)       ; 0           ; 0            ; 0       ; 0         ; 0    ; 0            ; |Top_final|RF32x32:inst|RFC32x32:inst1|RFC32:inst20                       ; work         ;
;             |RFC8:inst1|             ; 0 (0)             ; 8 (0)        ; 0           ; 0            ; 0       ; 0         ; 0    ; 0            ; |Top_final|RF32x32:inst|RFC32x32:inst1|RFC32:inst20|RFC8:inst1            ; work         ;
;                |RFC:inst10|          ; 0 (0)             ; 1 (1)        ; 0           ; 0            ; 0       ; 0         ; 0    ; 0            ; |Top_final|RF32x32:inst|RFC32x32:inst1|RFC32:inst20|RFC8:inst1|RFC:inst10 ; work         ;
;                |RFC:inst11|          ; 0 (0)             ; 1 (1)        ; 0           ; 0            ; 0       ; 0         ; 0    ; 0            ; |Top_final|RF32x32:inst|RFC32x32:inst1|RFC32:inst20|RFC8:inst1|RFC:inst11 ; work         ;
;                |RFC:inst12|          ; 0 (0)             ; 1 (1)        ; 0           ; 0            ; 0       ; 0         ; 0    ; 0            ; |Top_final|RF32x32:inst|RFC32x32:inst1|RFC32:inst20|RFC8:inst1|RFC:inst12 ; work         ;
;                |RFC:inst13|          ; 0 (0)             ; 1 (1)        ; 0           ; 0            ; 0       ; 0         ; 0    ; 0            ; |Top_final|RF32x32:inst|RFC32x32:inst1|RFC32:inst20|RFC8:inst1|RFC:inst13 ; work         ;
;                |RFC:inst14|          ; 0 (0)             ; 1 (1)        ; 0           ; 0            ; 0       ; 0         ; 0    ; 0            ; |Top_final|RF32x32:inst|RFC32x32:inst1|RFC32:inst20|RFC8:inst1|RFC:inst14 ; work         ;
;                |RFC:inst18|          ; 0 (0)             ; 1 (1)        ; 0           ; 0            ; 0       ; 0         ; 0    ; 0            ; |Top_final|RF32x32:inst|RFC32x32:inst1|RFC32:inst20|RFC8:inst1|RFC:inst18 ; work         ;
;                |RFC:inst8|           ; 0 (0)             ; 1 (1)        ; 0           ; 0            ; 0       ; 0         ; 0    ; 0            ; |Top_final|RF32x32:inst|RFC32x32:inst1|RFC32:inst20|RFC8:inst1|RFC:inst8  ; work         ;
;                |RFC:inst9|           ; 0 (0)             ; 1 (1)        ; 0           ; 0            ; 0       ; 0         ; 0    ; 0            ; |Top_final|RF32x32:inst|RFC32x32:inst1|RFC32:inst20|RFC8:inst1|RFC:inst9  ; work         ;
;             |RFC8:inst2|             ; 0 (0)             ; 8 (0)        ; 0           ; 0            ; 0       ; 0         ; 0    ; 0            ; |Top_final|RF32x32:inst|RFC32x32:inst1|RFC32:inst20|RFC8:inst2            ; work         ;
;                |RFC:inst10|          ; 0 (0)             ; 1 (1)        ; 0           ; 0            ; 0       ; 0         ; 0    ; 0            ; |Top_final|RF32x32:inst|RFC32x32:inst1|RFC32:inst20|RFC8:inst2|RFC:inst10 ; work         ;
;                |RFC:inst11|          ; 0 (0)             ; 1 (1)        ; 0           ; 0            ; 0       ; 0         ; 0    ; 0            ; |Top_final|RF32x32:inst|RFC32x32:inst1|RFC32:inst20|RFC8:inst2|RFC:inst11 ; work         ;
;                |RFC:inst12|          ; 0 (0)             ; 1 (1)        ; 0           ; 0            ; 0       ; 0         ; 0    ; 0            ; |Top_final|RF32x32:inst|RFC32x32:inst1|RFC32:inst20|RFC8:inst2|RFC:inst12 ; work         ;
;                |RFC:inst13|          ; 0 (0)             ; 1 (1)        ; 0           ; 0            ; 0       ; 0         ; 0    ; 0            ; |Top_final|RF32x32:inst|RFC32x32:inst1|RFC32:inst20|RFC8:inst2|RFC:inst13 ; work         ;
;                |RFC:inst14|          ; 0 (0)             ; 1 (1)        ; 0           ; 0            ; 0       ; 0         ; 0    ; 0            ; |Top_final|RF32x32:inst|RFC32x32:inst1|RFC32:inst20|RFC8:inst2|RFC:inst14 ; work         ;
;                |RFC:inst18|          ; 0 (0)             ; 1 (1)        ; 0           ; 0            ; 0       ; 0         ; 0    ; 0            ; |Top_final|RF32x32:inst|RFC32x32:inst1|RFC32:inst20|RFC8:inst2|RFC:inst18 ; work         ;
;                |RFC:inst8|           ; 0 (0)             ; 1 (1)        ; 0           ; 0            ; 0       ; 0         ; 0    ; 0            ; |Top_final|RF32x32:inst|RFC32x32:inst1|RFC32:inst20|RFC8:inst2|RFC:inst8  ; work         ;
;                |RFC:inst9|           ; 0 (0)             ; 1 (1)        ; 0           ; 0            ; 0       ; 0         ; 0    ; 0            ; |Top_final|RF32x32:inst|RFC32x32:inst1|RFC32:inst20|RFC8:inst2|RFC:inst9  ; work         ;
;             |RFC8:inst3|             ; 0 (0)             ; 8 (0)        ; 0           ; 0            ; 0       ; 0         ; 0    ; 0            ; |Top_final|RF32x32:inst|RFC32x32:inst1|RFC32:inst20|RFC8:inst3            ; work         ;
;                |RFC:inst10|          ; 0 (0)             ; 1 (1)        ; 0           ; 0            ; 0       ; 0         ; 0    ; 0            ; |Top_final|RF32x32:inst|RFC32x32:inst1|RFC32:inst20|RFC8:inst3|RFC:inst10 ; work         ;
;                |RFC:inst11|          ; 0 (0)             ; 1 (1)        ; 0           ; 0            ; 0       ; 0         ; 0    ; 0            ; |Top_final|RF32x32:inst|RFC32x32:inst1|RFC32:inst20|RFC8:inst3|RFC:inst11 ; work         ;
;                |RFC:inst12|          ; 0 (0)             ; 1 (1)        ; 0           ; 0            ; 0       ; 0         ; 0    ; 0            ; |Top_final|RF32x32:inst|RFC32x32:inst1|RFC32:inst20|RFC8:inst3|RFC:inst12 ; work         ;
;                |RFC:inst13|          ; 0 (0)             ; 1 (1)        ; 0           ; 0            ; 0       ; 0         ; 0    ; 0            ; |Top_final|RF32x32:inst|RFC32x32:inst1|RFC32:inst20|RFC8:inst3|RFC:inst13 ; work         ;
;                |RFC:inst14|          ; 0 (0)             ; 1 (1)        ; 0           ; 0            ; 0       ; 0         ; 0    ; 0            ; |Top_final|RF32x32:inst|RFC32x32:inst1|RFC32:inst20|RFC8:inst3|RFC:inst14 ; work         ;
;                |RFC:inst18|          ; 0 (0)             ; 1 (1)        ; 0           ; 0            ; 0       ; 0         ; 0    ; 0            ; |Top_final|RF32x32:inst|RFC32x32:inst1|RFC32:inst20|RFC8:inst3|RFC:inst18 ; work         ;
;                |RFC:inst8|           ; 0 (0)             ; 1 (1)        ; 0           ; 0            ; 0       ; 0         ; 0    ; 0            ; |Top_final|RF32x32:inst|RFC32x32:inst1|RFC32:inst20|RFC8:inst3|RFC:inst8  ; work         ;
;                |RFC:inst9|           ; 0 (0)             ; 1 (1)        ; 0           ; 0            ; 0       ; 0         ; 0    ; 0            ; |Top_final|RF32x32:inst|RFC32x32:inst1|RFC32:inst20|RFC8:inst3|RFC:inst9  ; work         ;
;             |RFC8:inst|              ; 0 (0)             ; 8 (0)        ; 0           ; 0            ; 0       ; 0         ; 0    ; 0            ; |Top_final|RF32x32:inst|RFC32x32:inst1|RFC32:inst20|RFC8:inst             ; work         ;
;                |RFC:inst10|          ; 0 (0)             ; 1 (1)        ; 0           ; 0            ; 0       ; 0         ; 0    ; 0            ; |Top_final|RF32x32:inst|RFC32x32:inst1|RFC32:inst20|RFC8:inst|RFC:inst10  ; work         ;
;                |RFC:inst11|          ; 0 (0)             ; 1 (1)        ; 0           ; 0            ; 0       ; 0         ; 0    ; 0            ; |Top_final|RF32x32:inst|RFC32x32:inst1|RFC32:inst20|RFC8:inst|RFC:inst11  ; work         ;
;                |RFC:inst12|          ; 0 (0)             ; 1 (1)        ; 0           ; 0            ; 0       ; 0         ; 0    ; 0            ; |Top_final|RF32x32:inst|RFC32x32:inst1|RFC32:inst20|RFC8:inst|RFC:inst12  ; work         ;
;                |RFC:inst13|          ; 0 (0)             ; 1 (1)        ; 0           ; 0            ; 0       ; 0         ; 0    ; 0            ; |Top_final|RF32x32:inst|RFC32x32:inst1|RFC32:inst20|RFC8:inst|RFC:inst13  ; work         ;
;                |RFC:inst14|          ; 0 (0)             ; 1 (1)        ; 0           ; 0            ; 0       ; 0         ; 0    ; 0            ; |Top_final|RF32x32:inst|RFC32x32:inst1|RFC32:inst20|RFC8:inst|RFC:inst14  ; work         ;
;                |RFC:inst18|          ; 0 (0)             ; 1 (1)        ; 0           ; 0            ; 0       ; 0         ; 0    ; 0            ; |Top_final|RF32x32:inst|RFC32x32:inst1|RFC32:inst20|RFC8:inst|RFC:inst18  ; work         ;
;                |RFC:inst8|           ; 0 (0)             ; 1 (1)        ; 0           ; 0            ; 0       ; 0         ; 0    ; 0            ; |Top_final|RF32x32:inst|RFC32x32:inst1|RFC32:inst20|RFC8:inst|RFC:inst8   ; work         ;
;                |RFC:inst9|           ; 0 (0)             ; 1 (1)        ; 0           ; 0            ; 0       ; 0         ; 0    ; 0            ; |Top_final|RF32x32:inst|RFC32x32:inst1|RFC32:inst20|RFC8:inst|RFC:inst9   ; work         ;
;          |RFC32:inst21|              ; 0 (0)             ; 32 (0)       ; 0           ; 0            ; 0       ; 0         ; 0    ; 0            ; |Top_final|RF32x32:inst|RFC32x32:inst1|RFC32:inst21                       ; work         ;
;             |RFC8:inst1|             ; 0 (0)             ; 8 (0)        ; 0           ; 0            ; 0       ; 0         ; 0    ; 0            ; |Top_final|RF32x32:inst|RFC32x32:inst1|RFC32:inst21|RFC8:inst1            ; work         ;
;                |RFC:inst10|          ; 0 (0)             ; 1 (1)        ; 0           ; 0            ; 0       ; 0         ; 0    ; 0            ; |Top_final|RF32x32:inst|RFC32x32:inst1|RFC32:inst21|RFC8:inst1|RFC:inst10 ; work         ;
;                |RFC:inst11|          ; 0 (0)             ; 1 (1)        ; 0           ; 0            ; 0       ; 0         ; 0    ; 0            ; |Top_final|RF32x32:inst|RFC32x32:inst1|RFC32:inst21|RFC8:inst1|RFC:inst11 ; work         ;
;                |RFC:inst12|          ; 0 (0)             ; 1 (1)        ; 0           ; 0            ; 0       ; 0         ; 0    ; 0            ; |Top_final|RF32x32:inst|RFC32x32:inst1|RFC32:inst21|RFC8:inst1|RFC:inst12 ; work         ;
;                |RFC:inst13|          ; 0 (0)             ; 1 (1)        ; 0           ; 0            ; 0       ; 0         ; 0    ; 0            ; |Top_final|RF32x32:inst|RFC32x32:inst1|RFC32:inst21|RFC8:inst1|RFC:inst13 ; work         ;
;                |RFC:inst14|          ; 0 (0)             ; 1 (1)        ; 0           ; 0            ; 0       ; 0         ; 0    ; 0            ; |Top_final|RF32x32:inst|RFC32x32:inst1|RFC32:inst21|RFC8:inst1|RFC:inst14 ; work         ;
;                |RFC:inst18|          ; 0 (0)             ; 1 (1)        ; 0           ; 0            ; 0       ; 0         ; 0    ; 0            ; |Top_final|RF32x32:inst|RFC32x32:inst1|RFC32:inst21|RFC8:inst1|RFC:inst18 ; work         ;
;                |RFC:inst8|           ; 0 (0)             ; 1 (1)        ; 0           ; 0            ; 0       ; 0         ; 0    ; 0            ; |Top_final|RF32x32:inst|RFC32x32:inst1|RFC32:inst21|RFC8:inst1|RFC:inst8  ; work         ;
;                |RFC:inst9|           ; 0 (0)             ; 1 (1)        ; 0           ; 0            ; 0       ; 0         ; 0    ; 0            ; |Top_final|RF32x32:inst|RFC32x32:inst1|RFC32:inst21|RFC8:inst1|RFC:inst9  ; work         ;
;             |RFC8:inst2|             ; 0 (0)             ; 8 (0)        ; 0           ; 0            ; 0       ; 0         ; 0    ; 0            ; |Top_final|RF32x32:inst|RFC32x32:inst1|RFC32:inst21|RFC8:inst2            ; work         ;
;                |RFC:inst10|          ; 0 (0)             ; 1 (1)        ; 0           ; 0            ; 0       ; 0         ; 0    ; 0            ; |Top_final|RF32x32:inst|RFC32x32:inst1|RFC32:inst21|RFC8:inst2|RFC:inst10 ; work         ;
;                |RFC:inst11|          ; 0 (0)             ; 1 (1)        ; 0           ; 0            ; 0       ; 0         ; 0    ; 0            ; |Top_final|RF32x32:inst|RFC32x32:inst1|RFC32:inst21|RFC8:inst2|RFC:inst11 ; work         ;
;                |RFC:inst12|          ; 0 (0)             ; 1 (1)        ; 0           ; 0            ; 0       ; 0         ; 0    ; 0            ; |Top_final|RF32x32:inst|RFC32x32:inst1|RFC32:inst21|RFC8:inst2|RFC:inst12 ; work         ;
;                |RFC:inst13|          ; 0 (0)             ; 1 (1)        ; 0           ; 0            ; 0       ; 0         ; 0    ; 0            ; |Top_final|RF32x32:inst|RFC32x32:inst1|RFC32:inst21|RFC8:inst2|RFC:inst13 ; work         ;
;                |RFC:inst14|          ; 0 (0)             ; 1 (1)        ; 0           ; 0            ; 0       ; 0         ; 0    ; 0            ; |Top_final|RF32x32:inst|RFC32x32:inst1|RFC32:inst21|RFC8:inst2|RFC:inst14 ; work         ;
;                |RFC:inst18|          ; 0 (0)             ; 1 (1)        ; 0           ; 0            ; 0       ; 0         ; 0    ; 0            ; |Top_final|RF32x32:inst|RFC32x32:inst1|RFC32:inst21|RFC8:inst2|RFC:inst18 ; work         ;
;                |RFC:inst8|           ; 0 (0)             ; 1 (1)        ; 0           ; 0            ; 0       ; 0         ; 0    ; 0            ; |Top_final|RF32x32:inst|RFC32x32:inst1|RFC32:inst21|RFC8:inst2|RFC:inst8  ; work         ;
;                |RFC:inst9|           ; 0 (0)             ; 1 (1)        ; 0           ; 0            ; 0       ; 0         ; 0    ; 0            ; |Top_final|RF32x32:inst|RFC32x32:inst1|RFC32:inst21|RFC8:inst2|RFC:inst9  ; work         ;
;             |RFC8:inst3|             ; 0 (0)             ; 8 (0)        ; 0           ; 0            ; 0       ; 0         ; 0    ; 0            ; |Top_final|RF32x32:inst|RFC32x32:inst1|RFC32:inst21|RFC8:inst3            ; work         ;
;                |RFC:inst10|          ; 0 (0)             ; 1 (1)        ; 0           ; 0            ; 0       ; 0         ; 0    ; 0            ; |Top_final|RF32x32:inst|RFC32x32:inst1|RFC32:inst21|RFC8:inst3|RFC:inst10 ; work         ;
;                |RFC:inst11|          ; 0 (0)             ; 1 (1)        ; 0           ; 0            ; 0       ; 0         ; 0    ; 0            ; |Top_final|RF32x32:inst|RFC32x32:inst1|RFC32:inst21|RFC8:inst3|RFC:inst11 ; work         ;
;                |RFC:inst12|          ; 0 (0)             ; 1 (1)        ; 0           ; 0            ; 0       ; 0         ; 0    ; 0            ; |Top_final|RF32x32:inst|RFC32x32:inst1|RFC32:inst21|RFC8:inst3|RFC:inst12 ; work         ;
;                |RFC:inst13|          ; 0 (0)             ; 1 (1)        ; 0           ; 0            ; 0       ; 0         ; 0    ; 0            ; |Top_final|RF32x32:inst|RFC32x32:inst1|RFC32:inst21|RFC8:inst3|RFC:inst13 ; work         ;
;                |RFC:inst14|          ; 0 (0)             ; 1 (1)        ; 0           ; 0            ; 0       ; 0         ; 0    ; 0            ; |Top_final|RF32x32:inst|RFC32x32:inst1|RFC32:inst21|RFC8:inst3|RFC:inst14 ; work         ;
;                |RFC:inst18|          ; 0 (0)             ; 1 (1)        ; 0           ; 0            ; 0       ; 0         ; 0    ; 0            ; |Top_final|RF32x32:inst|RFC32x32:inst1|RFC32:inst21|RFC8:inst3|RFC:inst18 ; work         ;
;                |RFC:inst8|           ; 0 (0)             ; 1 (1)        ; 0           ; 0            ; 0       ; 0         ; 0    ; 0            ; |Top_final|RF32x32:inst|RFC32x32:inst1|RFC32:inst21|RFC8:inst3|RFC:inst8  ; work         ;
;                |RFC:inst9|           ; 0 (0)             ; 1 (1)        ; 0           ; 0            ; 0       ; 0         ; 0    ; 0            ; |Top_final|RF32x32:inst|RFC32x32:inst1|RFC32:inst21|RFC8:inst3|RFC:inst9  ; work         ;
;             |RFC8:inst|              ; 0 (0)             ; 8 (0)        ; 0           ; 0            ; 0       ; 0         ; 0    ; 0            ; |Top_final|RF32x32:inst|RFC32x32:inst1|RFC32:inst21|RFC8:inst             ; work         ;
;                |RFC:inst10|          ; 0 (0)             ; 1 (1)        ; 0           ; 0            ; 0       ; 0         ; 0    ; 0            ; |Top_final|RF32x32:inst|RFC32x32:inst1|RFC32:inst21|RFC8:inst|RFC:inst10  ; work         ;
;                |RFC:inst11|          ; 0 (0)             ; 1 (1)        ; 0           ; 0            ; 0       ; 0         ; 0    ; 0            ; |Top_final|RF32x32:inst|RFC32x32:inst1|RFC32:inst21|RFC8:inst|RFC:inst11  ; work         ;
;                |RFC:inst12|          ; 0 (0)             ; 1 (1)        ; 0           ; 0            ; 0       ; 0         ; 0    ; 0            ; |Top_final|RF32x32:inst|RFC32x32:inst1|RFC32:inst21|RFC8:inst|RFC:inst12  ; work         ;
;                |RFC:inst13|          ; 0 (0)             ; 1 (1)        ; 0           ; 0            ; 0       ; 0         ; 0    ; 0            ; |Top_final|RF32x32:inst|RFC32x32:inst1|RFC32:inst21|RFC8:inst|RFC:inst13  ; work         ;
;                |RFC:inst14|          ; 0 (0)             ; 1 (1)        ; 0           ; 0            ; 0       ; 0         ; 0    ; 0            ; |Top_final|RF32x32:inst|RFC32x32:inst1|RFC32:inst21|RFC8:inst|RFC:inst14  ; work         ;
;                |RFC:inst18|          ; 0 (0)             ; 1 (1)        ; 0           ; 0            ; 0       ; 0         ; 0    ; 0            ; |Top_final|RF32x32:inst|RFC32x32:inst1|RFC32:inst21|RFC8:inst|RFC:inst18  ; work         ;
;                |RFC:inst8|           ; 0 (0)             ; 1 (1)        ; 0           ; 0            ; 0       ; 0         ; 0    ; 0            ; |Top_final|RF32x32:inst|RFC32x32:inst1|RFC32:inst21|RFC8:inst|RFC:inst8   ; work         ;
;                |RFC:inst9|           ; 0 (0)             ; 1 (1)        ; 0           ; 0            ; 0       ; 0         ; 0    ; 0            ; |Top_final|RF32x32:inst|RFC32x32:inst1|RFC32:inst21|RFC8:inst|RFC:inst9   ; work         ;
;          |RFC32:inst22|              ; 0 (0)             ; 32 (0)       ; 0           ; 0            ; 0       ; 0         ; 0    ; 0            ; |Top_final|RF32x32:inst|RFC32x32:inst1|RFC32:inst22                       ; work         ;
;             |RFC8:inst1|             ; 0 (0)             ; 8 (0)        ; 0           ; 0            ; 0       ; 0         ; 0    ; 0            ; |Top_final|RF32x32:inst|RFC32x32:inst1|RFC32:inst22|RFC8:inst1            ; work         ;
;                |RFC:inst10|          ; 0 (0)             ; 1 (1)        ; 0           ; 0            ; 0       ; 0         ; 0    ; 0            ; |Top_final|RF32x32:inst|RFC32x32:inst1|RFC32:inst22|RFC8:inst1|RFC:inst10 ; work         ;
;                |RFC:inst11|          ; 0 (0)             ; 1 (1)        ; 0           ; 0            ; 0       ; 0         ; 0    ; 0            ; |Top_final|RF32x32:inst|RFC32x32:inst1|RFC32:inst22|RFC8:inst1|RFC:inst11 ; work         ;
;                |RFC:inst12|          ; 0 (0)             ; 1 (1)        ; 0           ; 0            ; 0       ; 0         ; 0    ; 0            ; |Top_final|RF32x32:inst|RFC32x32:inst1|RFC32:inst22|RFC8:inst1|RFC:inst12 ; work         ;
;                |RFC:inst13|          ; 0 (0)             ; 1 (1)        ; 0           ; 0            ; 0       ; 0         ; 0    ; 0            ; |Top_final|RF32x32:inst|RFC32x32:inst1|RFC32:inst22|RFC8:inst1|RFC:inst13 ; work         ;
;                |RFC:inst14|          ; 0 (0)             ; 1 (1)        ; 0           ; 0            ; 0       ; 0         ; 0    ; 0            ; |Top_final|RF32x32:inst|RFC32x32:inst1|RFC32:inst22|RFC8:inst1|RFC:inst14 ; work         ;
;                |RFC:inst18|          ; 0 (0)             ; 1 (1)        ; 0           ; 0            ; 0       ; 0         ; 0    ; 0            ; |Top_final|RF32x32:inst|RFC32x32:inst1|RFC32:inst22|RFC8:inst1|RFC:inst18 ; work         ;
;                |RFC:inst8|           ; 0 (0)             ; 1 (1)        ; 0           ; 0            ; 0       ; 0         ; 0    ; 0            ; |Top_final|RF32x32:inst|RFC32x32:inst1|RFC32:inst22|RFC8:inst1|RFC:inst8  ; work         ;
;                |RFC:inst9|           ; 0 (0)             ; 1 (1)        ; 0           ; 0            ; 0       ; 0         ; 0    ; 0            ; |Top_final|RF32x32:inst|RFC32x32:inst1|RFC32:inst22|RFC8:inst1|RFC:inst9  ; work         ;
;             |RFC8:inst2|             ; 0 (0)             ; 8 (0)        ; 0           ; 0            ; 0       ; 0         ; 0    ; 0            ; |Top_final|RF32x32:inst|RFC32x32:inst1|RFC32:inst22|RFC8:inst2            ; work         ;
;                |RFC:inst10|          ; 0 (0)             ; 1 (1)        ; 0           ; 0            ; 0       ; 0         ; 0    ; 0            ; |Top_final|RF32x32:inst|RFC32x32:inst1|RFC32:inst22|RFC8:inst2|RFC:inst10 ; work         ;
;                |RFC:inst11|          ; 0 (0)             ; 1 (1)        ; 0           ; 0            ; 0       ; 0         ; 0    ; 0            ; |Top_final|RF32x32:inst|RFC32x32:inst1|RFC32:inst22|RFC8:inst2|RFC:inst11 ; work         ;
;                |RFC:inst12|          ; 0 (0)             ; 1 (1)        ; 0           ; 0            ; 0       ; 0         ; 0    ; 0            ; |Top_final|RF32x32:inst|RFC32x32:inst1|RFC32:inst22|RFC8:inst2|RFC:inst12 ; work         ;
;                |RFC:inst13|          ; 0 (0)             ; 1 (1)        ; 0           ; 0            ; 0       ; 0         ; 0    ; 0            ; |Top_final|RF32x32:inst|RFC32x32:inst1|RFC32:inst22|RFC8:inst2|RFC:inst13 ; work         ;
;                |RFC:inst14|          ; 0 (0)             ; 1 (1)        ; 0           ; 0            ; 0       ; 0         ; 0    ; 0            ; |Top_final|RF32x32:inst|RFC32x32:inst1|RFC32:inst22|RFC8:inst2|RFC:inst14 ; work         ;
;                |RFC:inst18|          ; 0 (0)             ; 1 (1)        ; 0           ; 0            ; 0       ; 0         ; 0    ; 0            ; |Top_final|RF32x32:inst|RFC32x32:inst1|RFC32:inst22|RFC8:inst2|RFC:inst18 ; work         ;
;                |RFC:inst8|           ; 0 (0)             ; 1 (1)        ; 0           ; 0            ; 0       ; 0         ; 0    ; 0            ; |Top_final|RF32x32:inst|RFC32x32:inst1|RFC32:inst22|RFC8:inst2|RFC:inst8  ; work         ;
;                |RFC:inst9|           ; 0 (0)             ; 1 (1)        ; 0           ; 0            ; 0       ; 0         ; 0    ; 0            ; |Top_final|RF32x32:inst|RFC32x32:inst1|RFC32:inst22|RFC8:inst2|RFC:inst9  ; work         ;
;             |RFC8:inst3|             ; 0 (0)             ; 8 (0)        ; 0           ; 0            ; 0       ; 0         ; 0    ; 0            ; |Top_final|RF32x32:inst|RFC32x32:inst1|RFC32:inst22|RFC8:inst3            ; work         ;
;                |RFC:inst10|          ; 0 (0)             ; 1 (1)        ; 0           ; 0            ; 0       ; 0         ; 0    ; 0            ; |Top_final|RF32x32:inst|RFC32x32:inst1|RFC32:inst22|RFC8:inst3|RFC:inst10 ; work         ;
;                |RFC:inst11|          ; 0 (0)             ; 1 (1)        ; 0           ; 0            ; 0       ; 0         ; 0    ; 0            ; |Top_final|RF32x32:inst|RFC32x32:inst1|RFC32:inst22|RFC8:inst3|RFC:inst11 ; work         ;
;                |RFC:inst12|          ; 0 (0)             ; 1 (1)        ; 0           ; 0            ; 0       ; 0         ; 0    ; 0            ; |Top_final|RF32x32:inst|RFC32x32:inst1|RFC32:inst22|RFC8:inst3|RFC:inst12 ; work         ;
;                |RFC:inst13|          ; 0 (0)             ; 1 (1)        ; 0           ; 0            ; 0       ; 0         ; 0    ; 0            ; |Top_final|RF32x32:inst|RFC32x32:inst1|RFC32:inst22|RFC8:inst3|RFC:inst13 ; work         ;
;                |RFC:inst14|          ; 0 (0)             ; 1 (1)        ; 0           ; 0            ; 0       ; 0         ; 0    ; 0            ; |Top_final|RF32x32:inst|RFC32x32:inst1|RFC32:inst22|RFC8:inst3|RFC:inst14 ; work         ;
;                |RFC:inst18|          ; 0 (0)             ; 1 (1)        ; 0           ; 0            ; 0       ; 0         ; 0    ; 0            ; |Top_final|RF32x32:inst|RFC32x32:inst1|RFC32:inst22|RFC8:inst3|RFC:inst18 ; work         ;
;                |RFC:inst8|           ; 0 (0)             ; 1 (1)        ; 0           ; 0            ; 0       ; 0         ; 0    ; 0            ; |Top_final|RF32x32:inst|RFC32x32:inst1|RFC32:inst22|RFC8:inst3|RFC:inst8  ; work         ;
;                |RFC:inst9|           ; 0 (0)             ; 1 (1)        ; 0           ; 0            ; 0       ; 0         ; 0    ; 0            ; |Top_final|RF32x32:inst|RFC32x32:inst1|RFC32:inst22|RFC8:inst3|RFC:inst9  ; work         ;
;             |RFC8:inst|              ; 0 (0)             ; 8 (0)        ; 0           ; 0            ; 0       ; 0         ; 0    ; 0            ; |Top_final|RF32x32:inst|RFC32x32:inst1|RFC32:inst22|RFC8:inst             ; work         ;
;                |RFC:inst10|          ; 0 (0)             ; 1 (1)        ; 0           ; 0            ; 0       ; 0         ; 0    ; 0            ; |Top_final|RF32x32:inst|RFC32x32:inst1|RFC32:inst22|RFC8:inst|RFC:inst10  ; work         ;
;                |RFC:inst11|          ; 0 (0)             ; 1 (1)        ; 0           ; 0            ; 0       ; 0         ; 0    ; 0            ; |Top_final|RF32x32:inst|RFC32x32:inst1|RFC32:inst22|RFC8:inst|RFC:inst11  ; work         ;
;                |RFC:inst12|          ; 0 (0)             ; 1 (1)        ; 0           ; 0            ; 0       ; 0         ; 0    ; 0            ; |Top_final|RF32x32:inst|RFC32x32:inst1|RFC32:inst22|RFC8:inst|RFC:inst12  ; work         ;
;                |RFC:inst13|          ; 0 (0)             ; 1 (1)        ; 0           ; 0            ; 0       ; 0         ; 0    ; 0            ; |Top_final|RF32x32:inst|RFC32x32:inst1|RFC32:inst22|RFC8:inst|RFC:inst13  ; work         ;
;                |RFC:inst14|          ; 0 (0)             ; 1 (1)        ; 0           ; 0            ; 0       ; 0         ; 0    ; 0            ; |Top_final|RF32x32:inst|RFC32x32:inst1|RFC32:inst22|RFC8:inst|RFC:inst14  ; work         ;
;                |RFC:inst18|          ; 0 (0)             ; 1 (1)        ; 0           ; 0            ; 0       ; 0         ; 0    ; 0            ; |Top_final|RF32x32:inst|RFC32x32:inst1|RFC32:inst22|RFC8:inst|RFC:inst18  ; work         ;
;                |RFC:inst8|           ; 0 (0)             ; 1 (1)        ; 0           ; 0            ; 0       ; 0         ; 0    ; 0            ; |Top_final|RF32x32:inst|RFC32x32:inst1|RFC32:inst22|RFC8:inst|RFC:inst8   ; work         ;
;                |RFC:inst9|           ; 0 (0)             ; 1 (1)        ; 0           ; 0            ; 0       ; 0         ; 0    ; 0            ; |Top_final|RF32x32:inst|RFC32x32:inst1|RFC32:inst22|RFC8:inst|RFC:inst9   ; work         ;
;          |RFC32:inst23|              ; 0 (0)             ; 32 (0)       ; 0           ; 0            ; 0       ; 0         ; 0    ; 0            ; |Top_final|RF32x32:inst|RFC32x32:inst1|RFC32:inst23                       ; work         ;
;             |RFC8:inst1|             ; 0 (0)             ; 8 (0)        ; 0           ; 0            ; 0       ; 0         ; 0    ; 0            ; |Top_final|RF32x32:inst|RFC32x32:inst1|RFC32:inst23|RFC8:inst1            ; work         ;
;                |RFC:inst10|          ; 0 (0)             ; 1 (1)        ; 0           ; 0            ; 0       ; 0         ; 0    ; 0            ; |Top_final|RF32x32:inst|RFC32x32:inst1|RFC32:inst23|RFC8:inst1|RFC:inst10 ; work         ;
;                |RFC:inst11|          ; 0 (0)             ; 1 (1)        ; 0           ; 0            ; 0       ; 0         ; 0    ; 0            ; |Top_final|RF32x32:inst|RFC32x32:inst1|RFC32:inst23|RFC8:inst1|RFC:inst11 ; work         ;
;                |RFC:inst12|          ; 0 (0)             ; 1 (1)        ; 0           ; 0            ; 0       ; 0         ; 0    ; 0            ; |Top_final|RF32x32:inst|RFC32x32:inst1|RFC32:inst23|RFC8:inst1|RFC:inst12 ; work         ;
;                |RFC:inst13|          ; 0 (0)             ; 1 (1)        ; 0           ; 0            ; 0       ; 0         ; 0    ; 0            ; |Top_final|RF32x32:inst|RFC32x32:inst1|RFC32:inst23|RFC8:inst1|RFC:inst13 ; work         ;
;                |RFC:inst14|          ; 0 (0)             ; 1 (1)        ; 0           ; 0            ; 0       ; 0         ; 0    ; 0            ; |Top_final|RF32x32:inst|RFC32x32:inst1|RFC32:inst23|RFC8:inst1|RFC:inst14 ; work         ;
;                |RFC:inst18|          ; 0 (0)             ; 1 (1)        ; 0           ; 0            ; 0       ; 0         ; 0    ; 0            ; |Top_final|RF32x32:inst|RFC32x32:inst1|RFC32:inst23|RFC8:inst1|RFC:inst18 ; work         ;
;                |RFC:inst8|           ; 0 (0)             ; 1 (1)        ; 0           ; 0            ; 0       ; 0         ; 0    ; 0            ; |Top_final|RF32x32:inst|RFC32x32:inst1|RFC32:inst23|RFC8:inst1|RFC:inst8  ; work         ;
;                |RFC:inst9|           ; 0 (0)             ; 1 (1)        ; 0           ; 0            ; 0       ; 0         ; 0    ; 0            ; |Top_final|RF32x32:inst|RFC32x32:inst1|RFC32:inst23|RFC8:inst1|RFC:inst9  ; work         ;
;             |RFC8:inst2|             ; 0 (0)             ; 8 (0)        ; 0           ; 0            ; 0       ; 0         ; 0    ; 0            ; |Top_final|RF32x32:inst|RFC32x32:inst1|RFC32:inst23|RFC8:inst2            ; work         ;
;                |RFC:inst10|          ; 0 (0)             ; 1 (1)        ; 0           ; 0            ; 0       ; 0         ; 0    ; 0            ; |Top_final|RF32x32:inst|RFC32x32:inst1|RFC32:inst23|RFC8:inst2|RFC:inst10 ; work         ;
;                |RFC:inst11|          ; 0 (0)             ; 1 (1)        ; 0           ; 0            ; 0       ; 0         ; 0    ; 0            ; |Top_final|RF32x32:inst|RFC32x32:inst1|RFC32:inst23|RFC8:inst2|RFC:inst11 ; work         ;
;                |RFC:inst12|          ; 0 (0)             ; 1 (1)        ; 0           ; 0            ; 0       ; 0         ; 0    ; 0            ; |Top_final|RF32x32:inst|RFC32x32:inst1|RFC32:inst23|RFC8:inst2|RFC:inst12 ; work         ;
;                |RFC:inst13|          ; 0 (0)             ; 1 (1)        ; 0           ; 0            ; 0       ; 0         ; 0    ; 0            ; |Top_final|RF32x32:inst|RFC32x32:inst1|RFC32:inst23|RFC8:inst2|RFC:inst13 ; work         ;
;                |RFC:inst14|          ; 0 (0)             ; 1 (1)        ; 0           ; 0            ; 0       ; 0         ; 0    ; 0            ; |Top_final|RF32x32:inst|RFC32x32:inst1|RFC32:inst23|RFC8:inst2|RFC:inst14 ; work         ;
;                |RFC:inst18|          ; 0 (0)             ; 1 (1)        ; 0           ; 0            ; 0       ; 0         ; 0    ; 0            ; |Top_final|RF32x32:inst|RFC32x32:inst1|RFC32:inst23|RFC8:inst2|RFC:inst18 ; work         ;
;                |RFC:inst8|           ; 0 (0)             ; 1 (1)        ; 0           ; 0            ; 0       ; 0         ; 0    ; 0            ; |Top_final|RF32x32:inst|RFC32x32:inst1|RFC32:inst23|RFC8:inst2|RFC:inst8  ; work         ;
;                |RFC:inst9|           ; 0 (0)             ; 1 (1)        ; 0           ; 0            ; 0       ; 0         ; 0    ; 0            ; |Top_final|RF32x32:inst|RFC32x32:inst1|RFC32:inst23|RFC8:inst2|RFC:inst9  ; work         ;
;             |RFC8:inst3|             ; 0 (0)             ; 8 (0)        ; 0           ; 0            ; 0       ; 0         ; 0    ; 0            ; |Top_final|RF32x32:inst|RFC32x32:inst1|RFC32:inst23|RFC8:inst3            ; work         ;
;                |RFC:inst10|          ; 0 (0)             ; 1 (1)        ; 0           ; 0            ; 0       ; 0         ; 0    ; 0            ; |Top_final|RF32x32:inst|RFC32x32:inst1|RFC32:inst23|RFC8:inst3|RFC:inst10 ; work         ;
;                |RFC:inst11|          ; 0 (0)             ; 1 (1)        ; 0           ; 0            ; 0       ; 0         ; 0    ; 0            ; |Top_final|RF32x32:inst|RFC32x32:inst1|RFC32:inst23|RFC8:inst3|RFC:inst11 ; work         ;
;                |RFC:inst12|          ; 0 (0)             ; 1 (1)        ; 0           ; 0            ; 0       ; 0         ; 0    ; 0            ; |Top_final|RF32x32:inst|RFC32x32:inst1|RFC32:inst23|RFC8:inst3|RFC:inst12 ; work         ;
;                |RFC:inst13|          ; 0 (0)             ; 1 (1)        ; 0           ; 0            ; 0       ; 0         ; 0    ; 0            ; |Top_final|RF32x32:inst|RFC32x32:inst1|RFC32:inst23|RFC8:inst3|RFC:inst13 ; work         ;
;                |RFC:inst14|          ; 0 (0)             ; 1 (1)        ; 0           ; 0            ; 0       ; 0         ; 0    ; 0            ; |Top_final|RF32x32:inst|RFC32x32:inst1|RFC32:inst23|RFC8:inst3|RFC:inst14 ; work         ;
;                |RFC:inst18|          ; 0 (0)             ; 1 (1)        ; 0           ; 0            ; 0       ; 0         ; 0    ; 0            ; |Top_final|RF32x32:inst|RFC32x32:inst1|RFC32:inst23|RFC8:inst3|RFC:inst18 ; work         ;
;                |RFC:inst8|           ; 0 (0)             ; 1 (1)        ; 0           ; 0            ; 0       ; 0         ; 0    ; 0            ; |Top_final|RF32x32:inst|RFC32x32:inst1|RFC32:inst23|RFC8:inst3|RFC:inst8  ; work         ;
;                |RFC:inst9|           ; 0 (0)             ; 1 (1)        ; 0           ; 0            ; 0       ; 0         ; 0    ; 0            ; |Top_final|RF32x32:inst|RFC32x32:inst1|RFC32:inst23|RFC8:inst3|RFC:inst9  ; work         ;
;             |RFC8:inst|              ; 0 (0)             ; 8 (0)        ; 0           ; 0            ; 0       ; 0         ; 0    ; 0            ; |Top_final|RF32x32:inst|RFC32x32:inst1|RFC32:inst23|RFC8:inst             ; work         ;
;                |RFC:inst10|          ; 0 (0)             ; 1 (1)        ; 0           ; 0            ; 0       ; 0         ; 0    ; 0            ; |Top_final|RF32x32:inst|RFC32x32:inst1|RFC32:inst23|RFC8:inst|RFC:inst10  ; work         ;
;                |RFC:inst11|          ; 0 (0)             ; 1 (1)        ; 0           ; 0            ; 0       ; 0         ; 0    ; 0            ; |Top_final|RF32x32:inst|RFC32x32:inst1|RFC32:inst23|RFC8:inst|RFC:inst11  ; work         ;
;                |RFC:inst12|          ; 0 (0)             ; 1 (1)        ; 0           ; 0            ; 0       ; 0         ; 0    ; 0            ; |Top_final|RF32x32:inst|RFC32x32:inst1|RFC32:inst23|RFC8:inst|RFC:inst12  ; work         ;
;                |RFC:inst13|          ; 0 (0)             ; 1 (1)        ; 0           ; 0            ; 0       ; 0         ; 0    ; 0            ; |Top_final|RF32x32:inst|RFC32x32:inst1|RFC32:inst23|RFC8:inst|RFC:inst13  ; work         ;
;                |RFC:inst14|          ; 0 (0)             ; 1 (1)        ; 0           ; 0            ; 0       ; 0         ; 0    ; 0            ; |Top_final|RF32x32:inst|RFC32x32:inst1|RFC32:inst23|RFC8:inst|RFC:inst14  ; work         ;
;                |RFC:inst18|          ; 0 (0)             ; 1 (1)        ; 0           ; 0            ; 0       ; 0         ; 0    ; 0            ; |Top_final|RF32x32:inst|RFC32x32:inst1|RFC32:inst23|RFC8:inst|RFC:inst18  ; work         ;
;                |RFC:inst8|           ; 0 (0)             ; 1 (1)        ; 0           ; 0            ; 0       ; 0         ; 0    ; 0            ; |Top_final|RF32x32:inst|RFC32x32:inst1|RFC32:inst23|RFC8:inst|RFC:inst8   ; work         ;
;                |RFC:inst9|           ; 0 (0)             ; 1 (1)        ; 0           ; 0            ; 0       ; 0         ; 0    ; 0            ; |Top_final|RF32x32:inst|RFC32x32:inst1|RFC32:inst23|RFC8:inst|RFC:inst9   ; work         ;
;          |RFC32:inst24|              ; 0 (0)             ; 32 (0)       ; 0           ; 0            ; 0       ; 0         ; 0    ; 0            ; |Top_final|RF32x32:inst|RFC32x32:inst1|RFC32:inst24                       ; work         ;
;             |RFC8:inst1|             ; 0 (0)             ; 8 (0)        ; 0           ; 0            ; 0       ; 0         ; 0    ; 0            ; |Top_final|RF32x32:inst|RFC32x32:inst1|RFC32:inst24|RFC8:inst1            ; work         ;
;                |RFC:inst10|          ; 0 (0)             ; 1 (1)        ; 0           ; 0            ; 0       ; 0         ; 0    ; 0            ; |Top_final|RF32x32:inst|RFC32x32:inst1|RFC32:inst24|RFC8:inst1|RFC:inst10 ; work         ;
;                |RFC:inst11|          ; 0 (0)             ; 1 (1)        ; 0           ; 0            ; 0       ; 0         ; 0    ; 0            ; |Top_final|RF32x32:inst|RFC32x32:inst1|RFC32:inst24|RFC8:inst1|RFC:inst11 ; work         ;
;                |RFC:inst12|          ; 0 (0)             ; 1 (1)        ; 0           ; 0            ; 0       ; 0         ; 0    ; 0            ; |Top_final|RF32x32:inst|RFC32x32:inst1|RFC32:inst24|RFC8:inst1|RFC:inst12 ; work         ;
;                |RFC:inst13|          ; 0 (0)             ; 1 (1)        ; 0           ; 0            ; 0       ; 0         ; 0    ; 0            ; |Top_final|RF32x32:inst|RFC32x32:inst1|RFC32:inst24|RFC8:inst1|RFC:inst13 ; work         ;
;                |RFC:inst14|          ; 0 (0)             ; 1 (1)        ; 0           ; 0            ; 0       ; 0         ; 0    ; 0            ; |Top_final|RF32x32:inst|RFC32x32:inst1|RFC32:inst24|RFC8:inst1|RFC:inst14 ; work         ;
;                |RFC:inst18|          ; 0 (0)             ; 1 (1)        ; 0           ; 0            ; 0       ; 0         ; 0    ; 0            ; |Top_final|RF32x32:inst|RFC32x32:inst1|RFC32:inst24|RFC8:inst1|RFC:inst18 ; work         ;
;                |RFC:inst8|           ; 0 (0)             ; 1 (1)        ; 0           ; 0            ; 0       ; 0         ; 0    ; 0            ; |Top_final|RF32x32:inst|RFC32x32:inst1|RFC32:inst24|RFC8:inst1|RFC:inst8  ; work         ;
;                |RFC:inst9|           ; 0 (0)             ; 1 (1)        ; 0           ; 0            ; 0       ; 0         ; 0    ; 0            ; |Top_final|RF32x32:inst|RFC32x32:inst1|RFC32:inst24|RFC8:inst1|RFC:inst9  ; work         ;
;             |RFC8:inst2|             ; 0 (0)             ; 8 (0)        ; 0           ; 0            ; 0       ; 0         ; 0    ; 0            ; |Top_final|RF32x32:inst|RFC32x32:inst1|RFC32:inst24|RFC8:inst2            ; work         ;
;                |RFC:inst10|          ; 0 (0)             ; 1 (1)        ; 0           ; 0            ; 0       ; 0         ; 0    ; 0            ; |Top_final|RF32x32:inst|RFC32x32:inst1|RFC32:inst24|RFC8:inst2|RFC:inst10 ; work         ;
;                |RFC:inst11|          ; 0 (0)             ; 1 (1)        ; 0           ; 0            ; 0       ; 0         ; 0    ; 0            ; |Top_final|RF32x32:inst|RFC32x32:inst1|RFC32:inst24|RFC8:inst2|RFC:inst11 ; work         ;
;                |RFC:inst12|          ; 0 (0)             ; 1 (1)        ; 0           ; 0            ; 0       ; 0         ; 0    ; 0            ; |Top_final|RF32x32:inst|RFC32x32:inst1|RFC32:inst24|RFC8:inst2|RFC:inst12 ; work         ;
;                |RFC:inst13|          ; 0 (0)             ; 1 (1)        ; 0           ; 0            ; 0       ; 0         ; 0    ; 0            ; |Top_final|RF32x32:inst|RFC32x32:inst1|RFC32:inst24|RFC8:inst2|RFC:inst13 ; work         ;
;                |RFC:inst14|          ; 0 (0)             ; 1 (1)        ; 0           ; 0            ; 0       ; 0         ; 0    ; 0            ; |Top_final|RF32x32:inst|RFC32x32:inst1|RFC32:inst24|RFC8:inst2|RFC:inst14 ; work         ;
;                |RFC:inst18|          ; 0 (0)             ; 1 (1)        ; 0           ; 0            ; 0       ; 0         ; 0    ; 0            ; |Top_final|RF32x32:inst|RFC32x32:inst1|RFC32:inst24|RFC8:inst2|RFC:inst18 ; work         ;
;                |RFC:inst8|           ; 0 (0)             ; 1 (1)        ; 0           ; 0            ; 0       ; 0         ; 0    ; 0            ; |Top_final|RF32x32:inst|RFC32x32:inst1|RFC32:inst24|RFC8:inst2|RFC:inst8  ; work         ;
;                |RFC:inst9|           ; 0 (0)             ; 1 (1)        ; 0           ; 0            ; 0       ; 0         ; 0    ; 0            ; |Top_final|RF32x32:inst|RFC32x32:inst1|RFC32:inst24|RFC8:inst2|RFC:inst9  ; work         ;
;             |RFC8:inst3|             ; 0 (0)             ; 8 (0)        ; 0           ; 0            ; 0       ; 0         ; 0    ; 0            ; |Top_final|RF32x32:inst|RFC32x32:inst1|RFC32:inst24|RFC8:inst3            ; work         ;
;                |RFC:inst10|          ; 0 (0)             ; 1 (1)        ; 0           ; 0            ; 0       ; 0         ; 0    ; 0            ; |Top_final|RF32x32:inst|RFC32x32:inst1|RFC32:inst24|RFC8:inst3|RFC:inst10 ; work         ;
;                |RFC:inst11|          ; 0 (0)             ; 1 (1)        ; 0           ; 0            ; 0       ; 0         ; 0    ; 0            ; |Top_final|RF32x32:inst|RFC32x32:inst1|RFC32:inst24|RFC8:inst3|RFC:inst11 ; work         ;
;                |RFC:inst12|          ; 0 (0)             ; 1 (1)        ; 0           ; 0            ; 0       ; 0         ; 0    ; 0            ; |Top_final|RF32x32:inst|RFC32x32:inst1|RFC32:inst24|RFC8:inst3|RFC:inst12 ; work         ;
;                |RFC:inst13|          ; 0 (0)             ; 1 (1)        ; 0           ; 0            ; 0       ; 0         ; 0    ; 0            ; |Top_final|RF32x32:inst|RFC32x32:inst1|RFC32:inst24|RFC8:inst3|RFC:inst13 ; work         ;
;                |RFC:inst14|          ; 0 (0)             ; 1 (1)        ; 0           ; 0            ; 0       ; 0         ; 0    ; 0            ; |Top_final|RF32x32:inst|RFC32x32:inst1|RFC32:inst24|RFC8:inst3|RFC:inst14 ; work         ;
;                |RFC:inst18|          ; 0 (0)             ; 1 (1)        ; 0           ; 0            ; 0       ; 0         ; 0    ; 0            ; |Top_final|RF32x32:inst|RFC32x32:inst1|RFC32:inst24|RFC8:inst3|RFC:inst18 ; work         ;
;                |RFC:inst8|           ; 0 (0)             ; 1 (1)        ; 0           ; 0            ; 0       ; 0         ; 0    ; 0            ; |Top_final|RF32x32:inst|RFC32x32:inst1|RFC32:inst24|RFC8:inst3|RFC:inst8  ; work         ;
;                |RFC:inst9|           ; 0 (0)             ; 1 (1)        ; 0           ; 0            ; 0       ; 0         ; 0    ; 0            ; |Top_final|RF32x32:inst|RFC32x32:inst1|RFC32:inst24|RFC8:inst3|RFC:inst9  ; work         ;
;             |RFC8:inst|              ; 0 (0)             ; 8 (0)        ; 0           ; 0            ; 0       ; 0         ; 0    ; 0            ; |Top_final|RF32x32:inst|RFC32x32:inst1|RFC32:inst24|RFC8:inst             ; work         ;
;                |RFC:inst10|          ; 0 (0)             ; 1 (1)        ; 0           ; 0            ; 0       ; 0         ; 0    ; 0            ; |Top_final|RF32x32:inst|RFC32x32:inst1|RFC32:inst24|RFC8:inst|RFC:inst10  ; work         ;
;                |RFC:inst11|          ; 0 (0)             ; 1 (1)        ; 0           ; 0            ; 0       ; 0         ; 0    ; 0            ; |Top_final|RF32x32:inst|RFC32x32:inst1|RFC32:inst24|RFC8:inst|RFC:inst11  ; work         ;
;                |RFC:inst12|          ; 0 (0)             ; 1 (1)        ; 0           ; 0            ; 0       ; 0         ; 0    ; 0            ; |Top_final|RF32x32:inst|RFC32x32:inst1|RFC32:inst24|RFC8:inst|RFC:inst12  ; work         ;
;                |RFC:inst13|          ; 0 (0)             ; 1 (1)        ; 0           ; 0            ; 0       ; 0         ; 0    ; 0            ; |Top_final|RF32x32:inst|RFC32x32:inst1|RFC32:inst24|RFC8:inst|RFC:inst13  ; work         ;
;                |RFC:inst14|          ; 0 (0)             ; 1 (1)        ; 0           ; 0            ; 0       ; 0         ; 0    ; 0            ; |Top_final|RF32x32:inst|RFC32x32:inst1|RFC32:inst24|RFC8:inst|RFC:inst14  ; work         ;
;                |RFC:inst18|          ; 0 (0)             ; 1 (1)        ; 0           ; 0            ; 0       ; 0         ; 0    ; 0            ; |Top_final|RF32x32:inst|RFC32x32:inst1|RFC32:inst24|RFC8:inst|RFC:inst18  ; work         ;
;                |RFC:inst8|           ; 0 (0)             ; 1 (1)        ; 0           ; 0            ; 0       ; 0         ; 0    ; 0            ; |Top_final|RF32x32:inst|RFC32x32:inst1|RFC32:inst24|RFC8:inst|RFC:inst8   ; work         ;
;                |RFC:inst9|           ; 0 (0)             ; 1 (1)        ; 0           ; 0            ; 0       ; 0         ; 0    ; 0            ; |Top_final|RF32x32:inst|RFC32x32:inst1|RFC32:inst24|RFC8:inst|RFC:inst9   ; work         ;
;          |RFC32:inst25|              ; 0 (0)             ; 32 (0)       ; 0           ; 0            ; 0       ; 0         ; 0    ; 0            ; |Top_final|RF32x32:inst|RFC32x32:inst1|RFC32:inst25                       ; work         ;
;             |RFC8:inst1|             ; 0 (0)             ; 8 (0)        ; 0           ; 0            ; 0       ; 0         ; 0    ; 0            ; |Top_final|RF32x32:inst|RFC32x32:inst1|RFC32:inst25|RFC8:inst1            ; work         ;
;                |RFC:inst10|          ; 0 (0)             ; 1 (1)        ; 0           ; 0            ; 0       ; 0         ; 0    ; 0            ; |Top_final|RF32x32:inst|RFC32x32:inst1|RFC32:inst25|RFC8:inst1|RFC:inst10 ; work         ;
;                |RFC:inst11|          ; 0 (0)             ; 1 (1)        ; 0           ; 0            ; 0       ; 0         ; 0    ; 0            ; |Top_final|RF32x32:inst|RFC32x32:inst1|RFC32:inst25|RFC8:inst1|RFC:inst11 ; work         ;
;                |RFC:inst12|          ; 0 (0)             ; 1 (1)        ; 0           ; 0            ; 0       ; 0         ; 0    ; 0            ; |Top_final|RF32x32:inst|RFC32x32:inst1|RFC32:inst25|RFC8:inst1|RFC:inst12 ; work         ;
;                |RFC:inst13|          ; 0 (0)             ; 1 (1)        ; 0           ; 0            ; 0       ; 0         ; 0    ; 0            ; |Top_final|RF32x32:inst|RFC32x32:inst1|RFC32:inst25|RFC8:inst1|RFC:inst13 ; work         ;
;                |RFC:inst14|          ; 0 (0)             ; 1 (1)        ; 0           ; 0            ; 0       ; 0         ; 0    ; 0            ; |Top_final|RF32x32:inst|RFC32x32:inst1|RFC32:inst25|RFC8:inst1|RFC:inst14 ; work         ;
;                |RFC:inst18|          ; 0 (0)             ; 1 (1)        ; 0           ; 0            ; 0       ; 0         ; 0    ; 0            ; |Top_final|RF32x32:inst|RFC32x32:inst1|RFC32:inst25|RFC8:inst1|RFC:inst18 ; work         ;
;                |RFC:inst8|           ; 0 (0)             ; 1 (1)        ; 0           ; 0            ; 0       ; 0         ; 0    ; 0            ; |Top_final|RF32x32:inst|RFC32x32:inst1|RFC32:inst25|RFC8:inst1|RFC:inst8  ; work         ;
;                |RFC:inst9|           ; 0 (0)             ; 1 (1)        ; 0           ; 0            ; 0       ; 0         ; 0    ; 0            ; |Top_final|RF32x32:inst|RFC32x32:inst1|RFC32:inst25|RFC8:inst1|RFC:inst9  ; work         ;
;             |RFC8:inst2|             ; 0 (0)             ; 8 (0)        ; 0           ; 0            ; 0       ; 0         ; 0    ; 0            ; |Top_final|RF32x32:inst|RFC32x32:inst1|RFC32:inst25|RFC8:inst2            ; work         ;
;                |RFC:inst10|          ; 0 (0)             ; 1 (1)        ; 0           ; 0            ; 0       ; 0         ; 0    ; 0            ; |Top_final|RF32x32:inst|RFC32x32:inst1|RFC32:inst25|RFC8:inst2|RFC:inst10 ; work         ;
;                |RFC:inst11|          ; 0 (0)             ; 1 (1)        ; 0           ; 0            ; 0       ; 0         ; 0    ; 0            ; |Top_final|RF32x32:inst|RFC32x32:inst1|RFC32:inst25|RFC8:inst2|RFC:inst11 ; work         ;
;                |RFC:inst12|          ; 0 (0)             ; 1 (1)        ; 0           ; 0            ; 0       ; 0         ; 0    ; 0            ; |Top_final|RF32x32:inst|RFC32x32:inst1|RFC32:inst25|RFC8:inst2|RFC:inst12 ; work         ;
;                |RFC:inst13|          ; 0 (0)             ; 1 (1)        ; 0           ; 0            ; 0       ; 0         ; 0    ; 0            ; |Top_final|RF32x32:inst|RFC32x32:inst1|RFC32:inst25|RFC8:inst2|RFC:inst13 ; work         ;
;                |RFC:inst14|          ; 0 (0)             ; 1 (1)        ; 0           ; 0            ; 0       ; 0         ; 0    ; 0            ; |Top_final|RF32x32:inst|RFC32x32:inst1|RFC32:inst25|RFC8:inst2|RFC:inst14 ; work         ;
;                |RFC:inst18|          ; 0 (0)             ; 1 (1)        ; 0           ; 0            ; 0       ; 0         ; 0    ; 0            ; |Top_final|RF32x32:inst|RFC32x32:inst1|RFC32:inst25|RFC8:inst2|RFC:inst18 ; work         ;
;                |RFC:inst8|           ; 0 (0)             ; 1 (1)        ; 0           ; 0            ; 0       ; 0         ; 0    ; 0            ; |Top_final|RF32x32:inst|RFC32x32:inst1|RFC32:inst25|RFC8:inst2|RFC:inst8  ; work         ;
;                |RFC:inst9|           ; 0 (0)             ; 1 (1)        ; 0           ; 0            ; 0       ; 0         ; 0    ; 0            ; |Top_final|RF32x32:inst|RFC32x32:inst1|RFC32:inst25|RFC8:inst2|RFC:inst9  ; work         ;
;             |RFC8:inst3|             ; 0 (0)             ; 8 (0)        ; 0           ; 0            ; 0       ; 0         ; 0    ; 0            ; |Top_final|RF32x32:inst|RFC32x32:inst1|RFC32:inst25|RFC8:inst3            ; work         ;
;                |RFC:inst10|          ; 0 (0)             ; 1 (1)        ; 0           ; 0            ; 0       ; 0         ; 0    ; 0            ; |Top_final|RF32x32:inst|RFC32x32:inst1|RFC32:inst25|RFC8:inst3|RFC:inst10 ; work         ;
;                |RFC:inst11|          ; 0 (0)             ; 1 (1)        ; 0           ; 0            ; 0       ; 0         ; 0    ; 0            ; |Top_final|RF32x32:inst|RFC32x32:inst1|RFC32:inst25|RFC8:inst3|RFC:inst11 ; work         ;
;                |RFC:inst12|          ; 0 (0)             ; 1 (1)        ; 0           ; 0            ; 0       ; 0         ; 0    ; 0            ; |Top_final|RF32x32:inst|RFC32x32:inst1|RFC32:inst25|RFC8:inst3|RFC:inst12 ; work         ;
;                |RFC:inst13|          ; 0 (0)             ; 1 (1)        ; 0           ; 0            ; 0       ; 0         ; 0    ; 0            ; |Top_final|RF32x32:inst|RFC32x32:inst1|RFC32:inst25|RFC8:inst3|RFC:inst13 ; work         ;
;                |RFC:inst14|          ; 0 (0)             ; 1 (1)        ; 0           ; 0            ; 0       ; 0         ; 0    ; 0            ; |Top_final|RF32x32:inst|RFC32x32:inst1|RFC32:inst25|RFC8:inst3|RFC:inst14 ; work         ;
;                |RFC:inst18|          ; 0 (0)             ; 1 (1)        ; 0           ; 0            ; 0       ; 0         ; 0    ; 0            ; |Top_final|RF32x32:inst|RFC32x32:inst1|RFC32:inst25|RFC8:inst3|RFC:inst18 ; work         ;
;                |RFC:inst8|           ; 0 (0)             ; 1 (1)        ; 0           ; 0            ; 0       ; 0         ; 0    ; 0            ; |Top_final|RF32x32:inst|RFC32x32:inst1|RFC32:inst25|RFC8:inst3|RFC:inst8  ; work         ;
;                |RFC:inst9|           ; 0 (0)             ; 1 (1)        ; 0           ; 0            ; 0       ; 0         ; 0    ; 0            ; |Top_final|RF32x32:inst|RFC32x32:inst1|RFC32:inst25|RFC8:inst3|RFC:inst9  ; work         ;
;             |RFC8:inst|              ; 0 (0)             ; 8 (0)        ; 0           ; 0            ; 0       ; 0         ; 0    ; 0            ; |Top_final|RF32x32:inst|RFC32x32:inst1|RFC32:inst25|RFC8:inst             ; work         ;
;                |RFC:inst10|          ; 0 (0)             ; 1 (1)        ; 0           ; 0            ; 0       ; 0         ; 0    ; 0            ; |Top_final|RF32x32:inst|RFC32x32:inst1|RFC32:inst25|RFC8:inst|RFC:inst10  ; work         ;
;                |RFC:inst11|          ; 0 (0)             ; 1 (1)        ; 0           ; 0            ; 0       ; 0         ; 0    ; 0            ; |Top_final|RF32x32:inst|RFC32x32:inst1|RFC32:inst25|RFC8:inst|RFC:inst11  ; work         ;
;                |RFC:inst12|          ; 0 (0)             ; 1 (1)        ; 0           ; 0            ; 0       ; 0         ; 0    ; 0            ; |Top_final|RF32x32:inst|RFC32x32:inst1|RFC32:inst25|RFC8:inst|RFC:inst12  ; work         ;
;                |RFC:inst13|          ; 0 (0)             ; 1 (1)        ; 0           ; 0            ; 0       ; 0         ; 0    ; 0            ; |Top_final|RF32x32:inst|RFC32x32:inst1|RFC32:inst25|RFC8:inst|RFC:inst13  ; work         ;
;                |RFC:inst14|          ; 0 (0)             ; 1 (1)        ; 0           ; 0            ; 0       ; 0         ; 0    ; 0            ; |Top_final|RF32x32:inst|RFC32x32:inst1|RFC32:inst25|RFC8:inst|RFC:inst14  ; work         ;
;                |RFC:inst18|          ; 0 (0)             ; 1 (1)        ; 0           ; 0            ; 0       ; 0         ; 0    ; 0            ; |Top_final|RF32x32:inst|RFC32x32:inst1|RFC32:inst25|RFC8:inst|RFC:inst18  ; work         ;
;                |RFC:inst8|           ; 0 (0)             ; 1 (1)        ; 0           ; 0            ; 0       ; 0         ; 0    ; 0            ; |Top_final|RF32x32:inst|RFC32x32:inst1|RFC32:inst25|RFC8:inst|RFC:inst8   ; work         ;
;                |RFC:inst9|           ; 0 (0)             ; 1 (1)        ; 0           ; 0            ; 0       ; 0         ; 0    ; 0            ; |Top_final|RF32x32:inst|RFC32x32:inst1|RFC32:inst25|RFC8:inst|RFC:inst9   ; work         ;
;          |RFC32:inst26|              ; 0 (0)             ; 32 (0)       ; 0           ; 0            ; 0       ; 0         ; 0    ; 0            ; |Top_final|RF32x32:inst|RFC32x32:inst1|RFC32:inst26                       ; work         ;
;             |RFC8:inst1|             ; 0 (0)             ; 8 (0)        ; 0           ; 0            ; 0       ; 0         ; 0    ; 0            ; |Top_final|RF32x32:inst|RFC32x32:inst1|RFC32:inst26|RFC8:inst1            ; work         ;
;                |RFC:inst10|          ; 0 (0)             ; 1 (1)        ; 0           ; 0            ; 0       ; 0         ; 0    ; 0            ; |Top_final|RF32x32:inst|RFC32x32:inst1|RFC32:inst26|RFC8:inst1|RFC:inst10 ; work         ;
;                |RFC:inst11|          ; 0 (0)             ; 1 (1)        ; 0           ; 0            ; 0       ; 0         ; 0    ; 0            ; |Top_final|RF32x32:inst|RFC32x32:inst1|RFC32:inst26|RFC8:inst1|RFC:inst11 ; work         ;
;                |RFC:inst12|          ; 0 (0)             ; 1 (1)        ; 0           ; 0            ; 0       ; 0         ; 0    ; 0            ; |Top_final|RF32x32:inst|RFC32x32:inst1|RFC32:inst26|RFC8:inst1|RFC:inst12 ; work         ;
;                |RFC:inst13|          ; 0 (0)             ; 1 (1)        ; 0           ; 0            ; 0       ; 0         ; 0    ; 0            ; |Top_final|RF32x32:inst|RFC32x32:inst1|RFC32:inst26|RFC8:inst1|RFC:inst13 ; work         ;
;                |RFC:inst14|          ; 0 (0)             ; 1 (1)        ; 0           ; 0            ; 0       ; 0         ; 0    ; 0            ; |Top_final|RF32x32:inst|RFC32x32:inst1|RFC32:inst26|RFC8:inst1|RFC:inst14 ; work         ;
;                |RFC:inst18|          ; 0 (0)             ; 1 (1)        ; 0           ; 0            ; 0       ; 0         ; 0    ; 0            ; |Top_final|RF32x32:inst|RFC32x32:inst1|RFC32:inst26|RFC8:inst1|RFC:inst18 ; work         ;
;                |RFC:inst8|           ; 0 (0)             ; 1 (1)        ; 0           ; 0            ; 0       ; 0         ; 0    ; 0            ; |Top_final|RF32x32:inst|RFC32x32:inst1|RFC32:inst26|RFC8:inst1|RFC:inst8  ; work         ;
;                |RFC:inst9|           ; 0 (0)             ; 1 (1)        ; 0           ; 0            ; 0       ; 0         ; 0    ; 0            ; |Top_final|RF32x32:inst|RFC32x32:inst1|RFC32:inst26|RFC8:inst1|RFC:inst9  ; work         ;
;             |RFC8:inst2|             ; 0 (0)             ; 8 (0)        ; 0           ; 0            ; 0       ; 0         ; 0    ; 0            ; |Top_final|RF32x32:inst|RFC32x32:inst1|RFC32:inst26|RFC8:inst2            ; work         ;
;                |RFC:inst10|          ; 0 (0)             ; 1 (1)        ; 0           ; 0            ; 0       ; 0         ; 0    ; 0            ; |Top_final|RF32x32:inst|RFC32x32:inst1|RFC32:inst26|RFC8:inst2|RFC:inst10 ; work         ;
;                |RFC:inst11|          ; 0 (0)             ; 1 (1)        ; 0           ; 0            ; 0       ; 0         ; 0    ; 0            ; |Top_final|RF32x32:inst|RFC32x32:inst1|RFC32:inst26|RFC8:inst2|RFC:inst11 ; work         ;
;                |RFC:inst12|          ; 0 (0)             ; 1 (1)        ; 0           ; 0            ; 0       ; 0         ; 0    ; 0            ; |Top_final|RF32x32:inst|RFC32x32:inst1|RFC32:inst26|RFC8:inst2|RFC:inst12 ; work         ;
;                |RFC:inst13|          ; 0 (0)             ; 1 (1)        ; 0           ; 0            ; 0       ; 0         ; 0    ; 0            ; |Top_final|RF32x32:inst|RFC32x32:inst1|RFC32:inst26|RFC8:inst2|RFC:inst13 ; work         ;
;                |RFC:inst14|          ; 0 (0)             ; 1 (1)        ; 0           ; 0            ; 0       ; 0         ; 0    ; 0            ; |Top_final|RF32x32:inst|RFC32x32:inst1|RFC32:inst26|RFC8:inst2|RFC:inst14 ; work         ;
;                |RFC:inst18|          ; 0 (0)             ; 1 (1)        ; 0           ; 0            ; 0       ; 0         ; 0    ; 0            ; |Top_final|RF32x32:inst|RFC32x32:inst1|RFC32:inst26|RFC8:inst2|RFC:inst18 ; work         ;
;                |RFC:inst8|           ; 0 (0)             ; 1 (1)        ; 0           ; 0            ; 0       ; 0         ; 0    ; 0            ; |Top_final|RF32x32:inst|RFC32x32:inst1|RFC32:inst26|RFC8:inst2|RFC:inst8  ; work         ;
;                |RFC:inst9|           ; 0 (0)             ; 1 (1)        ; 0           ; 0            ; 0       ; 0         ; 0    ; 0            ; |Top_final|RF32x32:inst|RFC32x32:inst1|RFC32:inst26|RFC8:inst2|RFC:inst9  ; work         ;
;             |RFC8:inst3|             ; 0 (0)             ; 8 (0)        ; 0           ; 0            ; 0       ; 0         ; 0    ; 0            ; |Top_final|RF32x32:inst|RFC32x32:inst1|RFC32:inst26|RFC8:inst3            ; work         ;
;                |RFC:inst10|          ; 0 (0)             ; 1 (1)        ; 0           ; 0            ; 0       ; 0         ; 0    ; 0            ; |Top_final|RF32x32:inst|RFC32x32:inst1|RFC32:inst26|RFC8:inst3|RFC:inst10 ; work         ;
;                |RFC:inst11|          ; 0 (0)             ; 1 (1)        ; 0           ; 0            ; 0       ; 0         ; 0    ; 0            ; |Top_final|RF32x32:inst|RFC32x32:inst1|RFC32:inst26|RFC8:inst3|RFC:inst11 ; work         ;
;                |RFC:inst12|          ; 0 (0)             ; 1 (1)        ; 0           ; 0            ; 0       ; 0         ; 0    ; 0            ; |Top_final|RF32x32:inst|RFC32x32:inst1|RFC32:inst26|RFC8:inst3|RFC:inst12 ; work         ;
;                |RFC:inst13|          ; 0 (0)             ; 1 (1)        ; 0           ; 0            ; 0       ; 0         ; 0    ; 0            ; |Top_final|RF32x32:inst|RFC32x32:inst1|RFC32:inst26|RFC8:inst3|RFC:inst13 ; work         ;
;                |RFC:inst14|          ; 0 (0)             ; 1 (1)        ; 0           ; 0            ; 0       ; 0         ; 0    ; 0            ; |Top_final|RF32x32:inst|RFC32x32:inst1|RFC32:inst26|RFC8:inst3|RFC:inst14 ; work         ;
;                |RFC:inst18|          ; 0 (0)             ; 1 (1)        ; 0           ; 0            ; 0       ; 0         ; 0    ; 0            ; |Top_final|RF32x32:inst|RFC32x32:inst1|RFC32:inst26|RFC8:inst3|RFC:inst18 ; work         ;
;                |RFC:inst8|           ; 0 (0)             ; 1 (1)        ; 0           ; 0            ; 0       ; 0         ; 0    ; 0            ; |Top_final|RF32x32:inst|RFC32x32:inst1|RFC32:inst26|RFC8:inst3|RFC:inst8  ; work         ;
;                |RFC:inst9|           ; 0 (0)             ; 1 (1)        ; 0           ; 0            ; 0       ; 0         ; 0    ; 0            ; |Top_final|RF32x32:inst|RFC32x32:inst1|RFC32:inst26|RFC8:inst3|RFC:inst9  ; work         ;
;             |RFC8:inst|              ; 0 (0)             ; 8 (0)        ; 0           ; 0            ; 0       ; 0         ; 0    ; 0            ; |Top_final|RF32x32:inst|RFC32x32:inst1|RFC32:inst26|RFC8:inst             ; work         ;
;                |RFC:inst10|          ; 0 (0)             ; 1 (1)        ; 0           ; 0            ; 0       ; 0         ; 0    ; 0            ; |Top_final|RF32x32:inst|RFC32x32:inst1|RFC32:inst26|RFC8:inst|RFC:inst10  ; work         ;
;                |RFC:inst11|          ; 0 (0)             ; 1 (1)        ; 0           ; 0            ; 0       ; 0         ; 0    ; 0            ; |Top_final|RF32x32:inst|RFC32x32:inst1|RFC32:inst26|RFC8:inst|RFC:inst11  ; work         ;
;                |RFC:inst12|          ; 0 (0)             ; 1 (1)        ; 0           ; 0            ; 0       ; 0         ; 0    ; 0            ; |Top_final|RF32x32:inst|RFC32x32:inst1|RFC32:inst26|RFC8:inst|RFC:inst12  ; work         ;
;                |RFC:inst13|          ; 0 (0)             ; 1 (1)        ; 0           ; 0            ; 0       ; 0         ; 0    ; 0            ; |Top_final|RF32x32:inst|RFC32x32:inst1|RFC32:inst26|RFC8:inst|RFC:inst13  ; work         ;
;                |RFC:inst14|          ; 0 (0)             ; 1 (1)        ; 0           ; 0            ; 0       ; 0         ; 0    ; 0            ; |Top_final|RF32x32:inst|RFC32x32:inst1|RFC32:inst26|RFC8:inst|RFC:inst14  ; work         ;
;                |RFC:inst18|          ; 0 (0)             ; 1 (1)        ; 0           ; 0            ; 0       ; 0         ; 0    ; 0            ; |Top_final|RF32x32:inst|RFC32x32:inst1|RFC32:inst26|RFC8:inst|RFC:inst18  ; work         ;
;                |RFC:inst8|           ; 0 (0)             ; 1 (1)        ; 0           ; 0            ; 0       ; 0         ; 0    ; 0            ; |Top_final|RF32x32:inst|RFC32x32:inst1|RFC32:inst26|RFC8:inst|RFC:inst8   ; work         ;
;                |RFC:inst9|           ; 0 (0)             ; 1 (1)        ; 0           ; 0            ; 0       ; 0         ; 0    ; 0            ; |Top_final|RF32x32:inst|RFC32x32:inst1|RFC32:inst26|RFC8:inst|RFC:inst9   ; work         ;
;          |RFC32:inst27|              ; 0 (0)             ; 32 (0)       ; 0           ; 0            ; 0       ; 0         ; 0    ; 0            ; |Top_final|RF32x32:inst|RFC32x32:inst1|RFC32:inst27                       ; work         ;
;             |RFC8:inst1|             ; 0 (0)             ; 8 (0)        ; 0           ; 0            ; 0       ; 0         ; 0    ; 0            ; |Top_final|RF32x32:inst|RFC32x32:inst1|RFC32:inst27|RFC8:inst1            ; work         ;
;                |RFC:inst10|          ; 0 (0)             ; 1 (1)        ; 0           ; 0            ; 0       ; 0         ; 0    ; 0            ; |Top_final|RF32x32:inst|RFC32x32:inst1|RFC32:inst27|RFC8:inst1|RFC:inst10 ; work         ;
;                |RFC:inst11|          ; 0 (0)             ; 1 (1)        ; 0           ; 0            ; 0       ; 0         ; 0    ; 0            ; |Top_final|RF32x32:inst|RFC32x32:inst1|RFC32:inst27|RFC8:inst1|RFC:inst11 ; work         ;
;                |RFC:inst12|          ; 0 (0)             ; 1 (1)        ; 0           ; 0            ; 0       ; 0         ; 0    ; 0            ; |Top_final|RF32x32:inst|RFC32x32:inst1|RFC32:inst27|RFC8:inst1|RFC:inst12 ; work         ;
;                |RFC:inst13|          ; 0 (0)             ; 1 (1)        ; 0           ; 0            ; 0       ; 0         ; 0    ; 0            ; |Top_final|RF32x32:inst|RFC32x32:inst1|RFC32:inst27|RFC8:inst1|RFC:inst13 ; work         ;
;                |RFC:inst14|          ; 0 (0)             ; 1 (1)        ; 0           ; 0            ; 0       ; 0         ; 0    ; 0            ; |Top_final|RF32x32:inst|RFC32x32:inst1|RFC32:inst27|RFC8:inst1|RFC:inst14 ; work         ;
;                |RFC:inst18|          ; 0 (0)             ; 1 (1)        ; 0           ; 0            ; 0       ; 0         ; 0    ; 0            ; |Top_final|RF32x32:inst|RFC32x32:inst1|RFC32:inst27|RFC8:inst1|RFC:inst18 ; work         ;
;                |RFC:inst8|           ; 0 (0)             ; 1 (1)        ; 0           ; 0            ; 0       ; 0         ; 0    ; 0            ; |Top_final|RF32x32:inst|RFC32x32:inst1|RFC32:inst27|RFC8:inst1|RFC:inst8  ; work         ;
;                |RFC:inst9|           ; 0 (0)             ; 1 (1)        ; 0           ; 0            ; 0       ; 0         ; 0    ; 0            ; |Top_final|RF32x32:inst|RFC32x32:inst1|RFC32:inst27|RFC8:inst1|RFC:inst9  ; work         ;
;             |RFC8:inst2|             ; 0 (0)             ; 8 (0)        ; 0           ; 0            ; 0       ; 0         ; 0    ; 0            ; |Top_final|RF32x32:inst|RFC32x32:inst1|RFC32:inst27|RFC8:inst2            ; work         ;
;                |RFC:inst10|          ; 0 (0)             ; 1 (1)        ; 0           ; 0            ; 0       ; 0         ; 0    ; 0            ; |Top_final|RF32x32:inst|RFC32x32:inst1|RFC32:inst27|RFC8:inst2|RFC:inst10 ; work         ;
;                |RFC:inst11|          ; 0 (0)             ; 1 (1)        ; 0           ; 0            ; 0       ; 0         ; 0    ; 0            ; |Top_final|RF32x32:inst|RFC32x32:inst1|RFC32:inst27|RFC8:inst2|RFC:inst11 ; work         ;
;                |RFC:inst12|          ; 0 (0)             ; 1 (1)        ; 0           ; 0            ; 0       ; 0         ; 0    ; 0            ; |Top_final|RF32x32:inst|RFC32x32:inst1|RFC32:inst27|RFC8:inst2|RFC:inst12 ; work         ;
;                |RFC:inst13|          ; 0 (0)             ; 1 (1)        ; 0           ; 0            ; 0       ; 0         ; 0    ; 0            ; |Top_final|RF32x32:inst|RFC32x32:inst1|RFC32:inst27|RFC8:inst2|RFC:inst13 ; work         ;
;                |RFC:inst14|          ; 0 (0)             ; 1 (1)        ; 0           ; 0            ; 0       ; 0         ; 0    ; 0            ; |Top_final|RF32x32:inst|RFC32x32:inst1|RFC32:inst27|RFC8:inst2|RFC:inst14 ; work         ;
;                |RFC:inst18|          ; 0 (0)             ; 1 (1)        ; 0           ; 0            ; 0       ; 0         ; 0    ; 0            ; |Top_final|RF32x32:inst|RFC32x32:inst1|RFC32:inst27|RFC8:inst2|RFC:inst18 ; work         ;
;                |RFC:inst8|           ; 0 (0)             ; 1 (1)        ; 0           ; 0            ; 0       ; 0         ; 0    ; 0            ; |Top_final|RF32x32:inst|RFC32x32:inst1|RFC32:inst27|RFC8:inst2|RFC:inst8  ; work         ;
;                |RFC:inst9|           ; 0 (0)             ; 1 (1)        ; 0           ; 0            ; 0       ; 0         ; 0    ; 0            ; |Top_final|RF32x32:inst|RFC32x32:inst1|RFC32:inst27|RFC8:inst2|RFC:inst9  ; work         ;
;             |RFC8:inst3|             ; 0 (0)             ; 8 (0)        ; 0           ; 0            ; 0       ; 0         ; 0    ; 0            ; |Top_final|RF32x32:inst|RFC32x32:inst1|RFC32:inst27|RFC8:inst3            ; work         ;
;                |RFC:inst10|          ; 0 (0)             ; 1 (1)        ; 0           ; 0            ; 0       ; 0         ; 0    ; 0            ; |Top_final|RF32x32:inst|RFC32x32:inst1|RFC32:inst27|RFC8:inst3|RFC:inst10 ; work         ;
;                |RFC:inst11|          ; 0 (0)             ; 1 (1)        ; 0           ; 0            ; 0       ; 0         ; 0    ; 0            ; |Top_final|RF32x32:inst|RFC32x32:inst1|RFC32:inst27|RFC8:inst3|RFC:inst11 ; work         ;
;                |RFC:inst12|          ; 0 (0)             ; 1 (1)        ; 0           ; 0            ; 0       ; 0         ; 0    ; 0            ; |Top_final|RF32x32:inst|RFC32x32:inst1|RFC32:inst27|RFC8:inst3|RFC:inst12 ; work         ;
;                |RFC:inst13|          ; 0 (0)             ; 1 (1)        ; 0           ; 0            ; 0       ; 0         ; 0    ; 0            ; |Top_final|RF32x32:inst|RFC32x32:inst1|RFC32:inst27|RFC8:inst3|RFC:inst13 ; work         ;
;                |RFC:inst14|          ; 0 (0)             ; 1 (1)        ; 0           ; 0            ; 0       ; 0         ; 0    ; 0            ; |Top_final|RF32x32:inst|RFC32x32:inst1|RFC32:inst27|RFC8:inst3|RFC:inst14 ; work         ;
;                |RFC:inst18|          ; 0 (0)             ; 1 (1)        ; 0           ; 0            ; 0       ; 0         ; 0    ; 0            ; |Top_final|RF32x32:inst|RFC32x32:inst1|RFC32:inst27|RFC8:inst3|RFC:inst18 ; work         ;
;                |RFC:inst8|           ; 0 (0)             ; 1 (1)        ; 0           ; 0            ; 0       ; 0         ; 0    ; 0            ; |Top_final|RF32x32:inst|RFC32x32:inst1|RFC32:inst27|RFC8:inst3|RFC:inst8  ; work         ;
;                |RFC:inst9|           ; 0 (0)             ; 1 (1)        ; 0           ; 0            ; 0       ; 0         ; 0    ; 0            ; |Top_final|RF32x32:inst|RFC32x32:inst1|RFC32:inst27|RFC8:inst3|RFC:inst9  ; work         ;
;             |RFC8:inst|              ; 0 (0)             ; 8 (0)        ; 0           ; 0            ; 0       ; 0         ; 0    ; 0            ; |Top_final|RF32x32:inst|RFC32x32:inst1|RFC32:inst27|RFC8:inst             ; work         ;
;                |RFC:inst10|          ; 0 (0)             ; 1 (1)        ; 0           ; 0            ; 0       ; 0         ; 0    ; 0            ; |Top_final|RF32x32:inst|RFC32x32:inst1|RFC32:inst27|RFC8:inst|RFC:inst10  ; work         ;
;                |RFC:inst11|          ; 0 (0)             ; 1 (1)        ; 0           ; 0            ; 0       ; 0         ; 0    ; 0            ; |Top_final|RF32x32:inst|RFC32x32:inst1|RFC32:inst27|RFC8:inst|RFC:inst11  ; work         ;
;                |RFC:inst12|          ; 0 (0)             ; 1 (1)        ; 0           ; 0            ; 0       ; 0         ; 0    ; 0            ; |Top_final|RF32x32:inst|RFC32x32:inst1|RFC32:inst27|RFC8:inst|RFC:inst12  ; work         ;
;                |RFC:inst13|          ; 0 (0)             ; 1 (1)        ; 0           ; 0            ; 0       ; 0         ; 0    ; 0            ; |Top_final|RF32x32:inst|RFC32x32:inst1|RFC32:inst27|RFC8:inst|RFC:inst13  ; work         ;
;                |RFC:inst14|          ; 0 (0)             ; 1 (1)        ; 0           ; 0            ; 0       ; 0         ; 0    ; 0            ; |Top_final|RF32x32:inst|RFC32x32:inst1|RFC32:inst27|RFC8:inst|RFC:inst14  ; work         ;
;                |RFC:inst18|          ; 0 (0)             ; 1 (1)        ; 0           ; 0            ; 0       ; 0         ; 0    ; 0            ; |Top_final|RF32x32:inst|RFC32x32:inst1|RFC32:inst27|RFC8:inst|RFC:inst18  ; work         ;
;                |RFC:inst8|           ; 0 (0)             ; 1 (1)        ; 0           ; 0            ; 0       ; 0         ; 0    ; 0            ; |Top_final|RF32x32:inst|RFC32x32:inst1|RFC32:inst27|RFC8:inst|RFC:inst8   ; work         ;
;                |RFC:inst9|           ; 0 (0)             ; 1 (1)        ; 0           ; 0            ; 0       ; 0         ; 0    ; 0            ; |Top_final|RF32x32:inst|RFC32x32:inst1|RFC32:inst27|RFC8:inst|RFC:inst9   ; work         ;
;          |RFC32:inst28|              ; 0 (0)             ; 32 (0)       ; 0           ; 0            ; 0       ; 0         ; 0    ; 0            ; |Top_final|RF32x32:inst|RFC32x32:inst1|RFC32:inst28                       ; work         ;
;             |RFC8:inst1|             ; 0 (0)             ; 8 (0)        ; 0           ; 0            ; 0       ; 0         ; 0    ; 0            ; |Top_final|RF32x32:inst|RFC32x32:inst1|RFC32:inst28|RFC8:inst1            ; work         ;
;                |RFC:inst10|          ; 0 (0)             ; 1 (1)        ; 0           ; 0            ; 0       ; 0         ; 0    ; 0            ; |Top_final|RF32x32:inst|RFC32x32:inst1|RFC32:inst28|RFC8:inst1|RFC:inst10 ; work         ;
;                |RFC:inst11|          ; 0 (0)             ; 1 (1)        ; 0           ; 0            ; 0       ; 0         ; 0    ; 0            ; |Top_final|RF32x32:inst|RFC32x32:inst1|RFC32:inst28|RFC8:inst1|RFC:inst11 ; work         ;
;                |RFC:inst12|          ; 0 (0)             ; 1 (1)        ; 0           ; 0            ; 0       ; 0         ; 0    ; 0            ; |Top_final|RF32x32:inst|RFC32x32:inst1|RFC32:inst28|RFC8:inst1|RFC:inst12 ; work         ;
;                |RFC:inst13|          ; 0 (0)             ; 1 (1)        ; 0           ; 0            ; 0       ; 0         ; 0    ; 0            ; |Top_final|RF32x32:inst|RFC32x32:inst1|RFC32:inst28|RFC8:inst1|RFC:inst13 ; work         ;
;                |RFC:inst14|          ; 0 (0)             ; 1 (1)        ; 0           ; 0            ; 0       ; 0         ; 0    ; 0            ; |Top_final|RF32x32:inst|RFC32x32:inst1|RFC32:inst28|RFC8:inst1|RFC:inst14 ; work         ;
;                |RFC:inst18|          ; 0 (0)             ; 1 (1)        ; 0           ; 0            ; 0       ; 0         ; 0    ; 0            ; |Top_final|RF32x32:inst|RFC32x32:inst1|RFC32:inst28|RFC8:inst1|RFC:inst18 ; work         ;
;                |RFC:inst8|           ; 0 (0)             ; 1 (1)        ; 0           ; 0            ; 0       ; 0         ; 0    ; 0            ; |Top_final|RF32x32:inst|RFC32x32:inst1|RFC32:inst28|RFC8:inst1|RFC:inst8  ; work         ;
;                |RFC:inst9|           ; 0 (0)             ; 1 (1)        ; 0           ; 0            ; 0       ; 0         ; 0    ; 0            ; |Top_final|RF32x32:inst|RFC32x32:inst1|RFC32:inst28|RFC8:inst1|RFC:inst9  ; work         ;
;             |RFC8:inst2|             ; 0 (0)             ; 8 (0)        ; 0           ; 0            ; 0       ; 0         ; 0    ; 0            ; |Top_final|RF32x32:inst|RFC32x32:inst1|RFC32:inst28|RFC8:inst2            ; work         ;
;                |RFC:inst10|          ; 0 (0)             ; 1 (1)        ; 0           ; 0            ; 0       ; 0         ; 0    ; 0            ; |Top_final|RF32x32:inst|RFC32x32:inst1|RFC32:inst28|RFC8:inst2|RFC:inst10 ; work         ;
;                |RFC:inst11|          ; 0 (0)             ; 1 (1)        ; 0           ; 0            ; 0       ; 0         ; 0    ; 0            ; |Top_final|RF32x32:inst|RFC32x32:inst1|RFC32:inst28|RFC8:inst2|RFC:inst11 ; work         ;
;                |RFC:inst12|          ; 0 (0)             ; 1 (1)        ; 0           ; 0            ; 0       ; 0         ; 0    ; 0            ; |Top_final|RF32x32:inst|RFC32x32:inst1|RFC32:inst28|RFC8:inst2|RFC:inst12 ; work         ;
;                |RFC:inst13|          ; 0 (0)             ; 1 (1)        ; 0           ; 0            ; 0       ; 0         ; 0    ; 0            ; |Top_final|RF32x32:inst|RFC32x32:inst1|RFC32:inst28|RFC8:inst2|RFC:inst13 ; work         ;
;                |RFC:inst14|          ; 0 (0)             ; 1 (1)        ; 0           ; 0            ; 0       ; 0         ; 0    ; 0            ; |Top_final|RF32x32:inst|RFC32x32:inst1|RFC32:inst28|RFC8:inst2|RFC:inst14 ; work         ;
;                |RFC:inst18|          ; 0 (0)             ; 1 (1)        ; 0           ; 0            ; 0       ; 0         ; 0    ; 0            ; |Top_final|RF32x32:inst|RFC32x32:inst1|RFC32:inst28|RFC8:inst2|RFC:inst18 ; work         ;
;                |RFC:inst8|           ; 0 (0)             ; 1 (1)        ; 0           ; 0            ; 0       ; 0         ; 0    ; 0            ; |Top_final|RF32x32:inst|RFC32x32:inst1|RFC32:inst28|RFC8:inst2|RFC:inst8  ; work         ;
;                |RFC:inst9|           ; 0 (0)             ; 1 (1)        ; 0           ; 0            ; 0       ; 0         ; 0    ; 0            ; |Top_final|RF32x32:inst|RFC32x32:inst1|RFC32:inst28|RFC8:inst2|RFC:inst9  ; work         ;
;             |RFC8:inst3|             ; 0 (0)             ; 8 (0)        ; 0           ; 0            ; 0       ; 0         ; 0    ; 0            ; |Top_final|RF32x32:inst|RFC32x32:inst1|RFC32:inst28|RFC8:inst3            ; work         ;
;                |RFC:inst10|          ; 0 (0)             ; 1 (1)        ; 0           ; 0            ; 0       ; 0         ; 0    ; 0            ; |Top_final|RF32x32:inst|RFC32x32:inst1|RFC32:inst28|RFC8:inst3|RFC:inst10 ; work         ;
;                |RFC:inst11|          ; 0 (0)             ; 1 (1)        ; 0           ; 0            ; 0       ; 0         ; 0    ; 0            ; |Top_final|RF32x32:inst|RFC32x32:inst1|RFC32:inst28|RFC8:inst3|RFC:inst11 ; work         ;
;                |RFC:inst12|          ; 0 (0)             ; 1 (1)        ; 0           ; 0            ; 0       ; 0         ; 0    ; 0            ; |Top_final|RF32x32:inst|RFC32x32:inst1|RFC32:inst28|RFC8:inst3|RFC:inst12 ; work         ;
;                |RFC:inst13|          ; 0 (0)             ; 1 (1)        ; 0           ; 0            ; 0       ; 0         ; 0    ; 0            ; |Top_final|RF32x32:inst|RFC32x32:inst1|RFC32:inst28|RFC8:inst3|RFC:inst13 ; work         ;
;                |RFC:inst14|          ; 0 (0)             ; 1 (1)        ; 0           ; 0            ; 0       ; 0         ; 0    ; 0            ; |Top_final|RF32x32:inst|RFC32x32:inst1|RFC32:inst28|RFC8:inst3|RFC:inst14 ; work         ;
;                |RFC:inst18|          ; 0 (0)             ; 1 (1)        ; 0           ; 0            ; 0       ; 0         ; 0    ; 0            ; |Top_final|RF32x32:inst|RFC32x32:inst1|RFC32:inst28|RFC8:inst3|RFC:inst18 ; work         ;
;                |RFC:inst8|           ; 0 (0)             ; 1 (1)        ; 0           ; 0            ; 0       ; 0         ; 0    ; 0            ; |Top_final|RF32x32:inst|RFC32x32:inst1|RFC32:inst28|RFC8:inst3|RFC:inst8  ; work         ;
;                |RFC:inst9|           ; 0 (0)             ; 1 (1)        ; 0           ; 0            ; 0       ; 0         ; 0    ; 0            ; |Top_final|RF32x32:inst|RFC32x32:inst1|RFC32:inst28|RFC8:inst3|RFC:inst9  ; work         ;
;             |RFC8:inst|              ; 0 (0)             ; 8 (0)        ; 0           ; 0            ; 0       ; 0         ; 0    ; 0            ; |Top_final|RF32x32:inst|RFC32x32:inst1|RFC32:inst28|RFC8:inst             ; work         ;
;                |RFC:inst10|          ; 0 (0)             ; 1 (1)        ; 0           ; 0            ; 0       ; 0         ; 0    ; 0            ; |Top_final|RF32x32:inst|RFC32x32:inst1|RFC32:inst28|RFC8:inst|RFC:inst10  ; work         ;
;                |RFC:inst11|          ; 0 (0)             ; 1 (1)        ; 0           ; 0            ; 0       ; 0         ; 0    ; 0            ; |Top_final|RF32x32:inst|RFC32x32:inst1|RFC32:inst28|RFC8:inst|RFC:inst11  ; work         ;
;                |RFC:inst12|          ; 0 (0)             ; 1 (1)        ; 0           ; 0            ; 0       ; 0         ; 0    ; 0            ; |Top_final|RF32x32:inst|RFC32x32:inst1|RFC32:inst28|RFC8:inst|RFC:inst12  ; work         ;
;                |RFC:inst13|          ; 0 (0)             ; 1 (1)        ; 0           ; 0            ; 0       ; 0         ; 0    ; 0            ; |Top_final|RF32x32:inst|RFC32x32:inst1|RFC32:inst28|RFC8:inst|RFC:inst13  ; work         ;
;                |RFC:inst14|          ; 0 (0)             ; 1 (1)        ; 0           ; 0            ; 0       ; 0         ; 0    ; 0            ; |Top_final|RF32x32:inst|RFC32x32:inst1|RFC32:inst28|RFC8:inst|RFC:inst14  ; work         ;
;                |RFC:inst18|          ; 0 (0)             ; 1 (1)        ; 0           ; 0            ; 0       ; 0         ; 0    ; 0            ; |Top_final|RF32x32:inst|RFC32x32:inst1|RFC32:inst28|RFC8:inst|RFC:inst18  ; work         ;
;                |RFC:inst8|           ; 0 (0)             ; 1 (1)        ; 0           ; 0            ; 0       ; 0         ; 0    ; 0            ; |Top_final|RF32x32:inst|RFC32x32:inst1|RFC32:inst28|RFC8:inst|RFC:inst8   ; work         ;
;                |RFC:inst9|           ; 0 (0)             ; 1 (1)        ; 0           ; 0            ; 0       ; 0         ; 0    ; 0            ; |Top_final|RF32x32:inst|RFC32x32:inst1|RFC32:inst28|RFC8:inst|RFC:inst9   ; work         ;
;          |RFC32:inst29|              ; 0 (0)             ; 32 (0)       ; 0           ; 0            ; 0       ; 0         ; 0    ; 0            ; |Top_final|RF32x32:inst|RFC32x32:inst1|RFC32:inst29                       ; work         ;
;             |RFC8:inst1|             ; 0 (0)             ; 8 (0)        ; 0           ; 0            ; 0       ; 0         ; 0    ; 0            ; |Top_final|RF32x32:inst|RFC32x32:inst1|RFC32:inst29|RFC8:inst1            ; work         ;
;                |RFC:inst10|          ; 0 (0)             ; 1 (1)        ; 0           ; 0            ; 0       ; 0         ; 0    ; 0            ; |Top_final|RF32x32:inst|RFC32x32:inst1|RFC32:inst29|RFC8:inst1|RFC:inst10 ; work         ;
;                |RFC:inst11|          ; 0 (0)             ; 1 (1)        ; 0           ; 0            ; 0       ; 0         ; 0    ; 0            ; |Top_final|RF32x32:inst|RFC32x32:inst1|RFC32:inst29|RFC8:inst1|RFC:inst11 ; work         ;
;                |RFC:inst12|          ; 0 (0)             ; 1 (1)        ; 0           ; 0            ; 0       ; 0         ; 0    ; 0            ; |Top_final|RF32x32:inst|RFC32x32:inst1|RFC32:inst29|RFC8:inst1|RFC:inst12 ; work         ;
;                |RFC:inst13|          ; 0 (0)             ; 1 (1)        ; 0           ; 0            ; 0       ; 0         ; 0    ; 0            ; |Top_final|RF32x32:inst|RFC32x32:inst1|RFC32:inst29|RFC8:inst1|RFC:inst13 ; work         ;
;                |RFC:inst14|          ; 0 (0)             ; 1 (1)        ; 0           ; 0            ; 0       ; 0         ; 0    ; 0            ; |Top_final|RF32x32:inst|RFC32x32:inst1|RFC32:inst29|RFC8:inst1|RFC:inst14 ; work         ;
;                |RFC:inst18|          ; 0 (0)             ; 1 (1)        ; 0           ; 0            ; 0       ; 0         ; 0    ; 0            ; |Top_final|RF32x32:inst|RFC32x32:inst1|RFC32:inst29|RFC8:inst1|RFC:inst18 ; work         ;
;                |RFC:inst8|           ; 0 (0)             ; 1 (1)        ; 0           ; 0            ; 0       ; 0         ; 0    ; 0            ; |Top_final|RF32x32:inst|RFC32x32:inst1|RFC32:inst29|RFC8:inst1|RFC:inst8  ; work         ;
;                |RFC:inst9|           ; 0 (0)             ; 1 (1)        ; 0           ; 0            ; 0       ; 0         ; 0    ; 0            ; |Top_final|RF32x32:inst|RFC32x32:inst1|RFC32:inst29|RFC8:inst1|RFC:inst9  ; work         ;
;             |RFC8:inst2|             ; 0 (0)             ; 8 (0)        ; 0           ; 0            ; 0       ; 0         ; 0    ; 0            ; |Top_final|RF32x32:inst|RFC32x32:inst1|RFC32:inst29|RFC8:inst2            ; work         ;
;                |RFC:inst10|          ; 0 (0)             ; 1 (1)        ; 0           ; 0            ; 0       ; 0         ; 0    ; 0            ; |Top_final|RF32x32:inst|RFC32x32:inst1|RFC32:inst29|RFC8:inst2|RFC:inst10 ; work         ;
;                |RFC:inst11|          ; 0 (0)             ; 1 (1)        ; 0           ; 0            ; 0       ; 0         ; 0    ; 0            ; |Top_final|RF32x32:inst|RFC32x32:inst1|RFC32:inst29|RFC8:inst2|RFC:inst11 ; work         ;
;                |RFC:inst12|          ; 0 (0)             ; 1 (1)        ; 0           ; 0            ; 0       ; 0         ; 0    ; 0            ; |Top_final|RF32x32:inst|RFC32x32:inst1|RFC32:inst29|RFC8:inst2|RFC:inst12 ; work         ;
;                |RFC:inst13|          ; 0 (0)             ; 1 (1)        ; 0           ; 0            ; 0       ; 0         ; 0    ; 0            ; |Top_final|RF32x32:inst|RFC32x32:inst1|RFC32:inst29|RFC8:inst2|RFC:inst13 ; work         ;
;                |RFC:inst14|          ; 0 (0)             ; 1 (1)        ; 0           ; 0            ; 0       ; 0         ; 0    ; 0            ; |Top_final|RF32x32:inst|RFC32x32:inst1|RFC32:inst29|RFC8:inst2|RFC:inst14 ; work         ;
;                |RFC:inst18|          ; 0 (0)             ; 1 (1)        ; 0           ; 0            ; 0       ; 0         ; 0    ; 0            ; |Top_final|RF32x32:inst|RFC32x32:inst1|RFC32:inst29|RFC8:inst2|RFC:inst18 ; work         ;
;                |RFC:inst8|           ; 0 (0)             ; 1 (1)        ; 0           ; 0            ; 0       ; 0         ; 0    ; 0            ; |Top_final|RF32x32:inst|RFC32x32:inst1|RFC32:inst29|RFC8:inst2|RFC:inst8  ; work         ;
;                |RFC:inst9|           ; 0 (0)             ; 1 (1)        ; 0           ; 0            ; 0       ; 0         ; 0    ; 0            ; |Top_final|RF32x32:inst|RFC32x32:inst1|RFC32:inst29|RFC8:inst2|RFC:inst9  ; work         ;
;             |RFC8:inst3|             ; 0 (0)             ; 8 (0)        ; 0           ; 0            ; 0       ; 0         ; 0    ; 0            ; |Top_final|RF32x32:inst|RFC32x32:inst1|RFC32:inst29|RFC8:inst3            ; work         ;
;                |RFC:inst10|          ; 0 (0)             ; 1 (1)        ; 0           ; 0            ; 0       ; 0         ; 0    ; 0            ; |Top_final|RF32x32:inst|RFC32x32:inst1|RFC32:inst29|RFC8:inst3|RFC:inst10 ; work         ;
;                |RFC:inst11|          ; 0 (0)             ; 1 (1)        ; 0           ; 0            ; 0       ; 0         ; 0    ; 0            ; |Top_final|RF32x32:inst|RFC32x32:inst1|RFC32:inst29|RFC8:inst3|RFC:inst11 ; work         ;
;                |RFC:inst12|          ; 0 (0)             ; 1 (1)        ; 0           ; 0            ; 0       ; 0         ; 0    ; 0            ; |Top_final|RF32x32:inst|RFC32x32:inst1|RFC32:inst29|RFC8:inst3|RFC:inst12 ; work         ;
;                |RFC:inst13|          ; 0 (0)             ; 1 (1)        ; 0           ; 0            ; 0       ; 0         ; 0    ; 0            ; |Top_final|RF32x32:inst|RFC32x32:inst1|RFC32:inst29|RFC8:inst3|RFC:inst13 ; work         ;
;                |RFC:inst14|          ; 0 (0)             ; 1 (1)        ; 0           ; 0            ; 0       ; 0         ; 0    ; 0            ; |Top_final|RF32x32:inst|RFC32x32:inst1|RFC32:inst29|RFC8:inst3|RFC:inst14 ; work         ;
;                |RFC:inst18|          ; 0 (0)             ; 1 (1)        ; 0           ; 0            ; 0       ; 0         ; 0    ; 0            ; |Top_final|RF32x32:inst|RFC32x32:inst1|RFC32:inst29|RFC8:inst3|RFC:inst18 ; work         ;
;                |RFC:inst8|           ; 0 (0)             ; 1 (1)        ; 0           ; 0            ; 0       ; 0         ; 0    ; 0            ; |Top_final|RF32x32:inst|RFC32x32:inst1|RFC32:inst29|RFC8:inst3|RFC:inst8  ; work         ;
;                |RFC:inst9|           ; 0 (0)             ; 1 (1)        ; 0           ; 0            ; 0       ; 0         ; 0    ; 0            ; |Top_final|RF32x32:inst|RFC32x32:inst1|RFC32:inst29|RFC8:inst3|RFC:inst9  ; work         ;
;             |RFC8:inst|              ; 0 (0)             ; 8 (0)        ; 0           ; 0            ; 0       ; 0         ; 0    ; 0            ; |Top_final|RF32x32:inst|RFC32x32:inst1|RFC32:inst29|RFC8:inst             ; work         ;
;                |RFC:inst10|          ; 0 (0)             ; 1 (1)        ; 0           ; 0            ; 0       ; 0         ; 0    ; 0            ; |Top_final|RF32x32:inst|RFC32x32:inst1|RFC32:inst29|RFC8:inst|RFC:inst10  ; work         ;
;                |RFC:inst11|          ; 0 (0)             ; 1 (1)        ; 0           ; 0            ; 0       ; 0         ; 0    ; 0            ; |Top_final|RF32x32:inst|RFC32x32:inst1|RFC32:inst29|RFC8:inst|RFC:inst11  ; work         ;
;                |RFC:inst12|          ; 0 (0)             ; 1 (1)        ; 0           ; 0            ; 0       ; 0         ; 0    ; 0            ; |Top_final|RF32x32:inst|RFC32x32:inst1|RFC32:inst29|RFC8:inst|RFC:inst12  ; work         ;
;                |RFC:inst13|          ; 0 (0)             ; 1 (1)        ; 0           ; 0            ; 0       ; 0         ; 0    ; 0            ; |Top_final|RF32x32:inst|RFC32x32:inst1|RFC32:inst29|RFC8:inst|RFC:inst13  ; work         ;
;                |RFC:inst14|          ; 0 (0)             ; 1 (1)        ; 0           ; 0            ; 0       ; 0         ; 0    ; 0            ; |Top_final|RF32x32:inst|RFC32x32:inst1|RFC32:inst29|RFC8:inst|RFC:inst14  ; work         ;
;                |RFC:inst18|          ; 0 (0)             ; 1 (1)        ; 0           ; 0            ; 0       ; 0         ; 0    ; 0            ; |Top_final|RF32x32:inst|RFC32x32:inst1|RFC32:inst29|RFC8:inst|RFC:inst18  ; work         ;
;                |RFC:inst8|           ; 0 (0)             ; 1 (1)        ; 0           ; 0            ; 0       ; 0         ; 0    ; 0            ; |Top_final|RF32x32:inst|RFC32x32:inst1|RFC32:inst29|RFC8:inst|RFC:inst8   ; work         ;
;                |RFC:inst9|           ; 0 (0)             ; 1 (1)        ; 0           ; 0            ; 0       ; 0         ; 0    ; 0            ; |Top_final|RF32x32:inst|RFC32x32:inst1|RFC32:inst29|RFC8:inst|RFC:inst9   ; work         ;
;          |RFC32:inst30|              ; 0 (0)             ; 32 (0)       ; 0           ; 0            ; 0       ; 0         ; 0    ; 0            ; |Top_final|RF32x32:inst|RFC32x32:inst1|RFC32:inst30                       ; work         ;
;             |RFC8:inst1|             ; 0 (0)             ; 8 (0)        ; 0           ; 0            ; 0       ; 0         ; 0    ; 0            ; |Top_final|RF32x32:inst|RFC32x32:inst1|RFC32:inst30|RFC8:inst1            ; work         ;
;                |RFC:inst10|          ; 0 (0)             ; 1 (1)        ; 0           ; 0            ; 0       ; 0         ; 0    ; 0            ; |Top_final|RF32x32:inst|RFC32x32:inst1|RFC32:inst30|RFC8:inst1|RFC:inst10 ; work         ;
;                |RFC:inst11|          ; 0 (0)             ; 1 (1)        ; 0           ; 0            ; 0       ; 0         ; 0    ; 0            ; |Top_final|RF32x32:inst|RFC32x32:inst1|RFC32:inst30|RFC8:inst1|RFC:inst11 ; work         ;
;                |RFC:inst12|          ; 0 (0)             ; 1 (1)        ; 0           ; 0            ; 0       ; 0         ; 0    ; 0            ; |Top_final|RF32x32:inst|RFC32x32:inst1|RFC32:inst30|RFC8:inst1|RFC:inst12 ; work         ;
;                |RFC:inst13|          ; 0 (0)             ; 1 (1)        ; 0           ; 0            ; 0       ; 0         ; 0    ; 0            ; |Top_final|RF32x32:inst|RFC32x32:inst1|RFC32:inst30|RFC8:inst1|RFC:inst13 ; work         ;
;                |RFC:inst14|          ; 0 (0)             ; 1 (1)        ; 0           ; 0            ; 0       ; 0         ; 0    ; 0            ; |Top_final|RF32x32:inst|RFC32x32:inst1|RFC32:inst30|RFC8:inst1|RFC:inst14 ; work         ;
;                |RFC:inst18|          ; 0 (0)             ; 1 (1)        ; 0           ; 0            ; 0       ; 0         ; 0    ; 0            ; |Top_final|RF32x32:inst|RFC32x32:inst1|RFC32:inst30|RFC8:inst1|RFC:inst18 ; work         ;
;                |RFC:inst8|           ; 0 (0)             ; 1 (1)        ; 0           ; 0            ; 0       ; 0         ; 0    ; 0            ; |Top_final|RF32x32:inst|RFC32x32:inst1|RFC32:inst30|RFC8:inst1|RFC:inst8  ; work         ;
;                |RFC:inst9|           ; 0 (0)             ; 1 (1)        ; 0           ; 0            ; 0       ; 0         ; 0    ; 0            ; |Top_final|RF32x32:inst|RFC32x32:inst1|RFC32:inst30|RFC8:inst1|RFC:inst9  ; work         ;
;             |RFC8:inst2|             ; 0 (0)             ; 8 (0)        ; 0           ; 0            ; 0       ; 0         ; 0    ; 0            ; |Top_final|RF32x32:inst|RFC32x32:inst1|RFC32:inst30|RFC8:inst2            ; work         ;
;                |RFC:inst10|          ; 0 (0)             ; 1 (1)        ; 0           ; 0            ; 0       ; 0         ; 0    ; 0            ; |Top_final|RF32x32:inst|RFC32x32:inst1|RFC32:inst30|RFC8:inst2|RFC:inst10 ; work         ;
;                |RFC:inst11|          ; 0 (0)             ; 1 (1)        ; 0           ; 0            ; 0       ; 0         ; 0    ; 0            ; |Top_final|RF32x32:inst|RFC32x32:inst1|RFC32:inst30|RFC8:inst2|RFC:inst11 ; work         ;
;                |RFC:inst12|          ; 0 (0)             ; 1 (1)        ; 0           ; 0            ; 0       ; 0         ; 0    ; 0            ; |Top_final|RF32x32:inst|RFC32x32:inst1|RFC32:inst30|RFC8:inst2|RFC:inst12 ; work         ;
;                |RFC:inst13|          ; 0 (0)             ; 1 (1)        ; 0           ; 0            ; 0       ; 0         ; 0    ; 0            ; |Top_final|RF32x32:inst|RFC32x32:inst1|RFC32:inst30|RFC8:inst2|RFC:inst13 ; work         ;
;                |RFC:inst14|          ; 0 (0)             ; 1 (1)        ; 0           ; 0            ; 0       ; 0         ; 0    ; 0            ; |Top_final|RF32x32:inst|RFC32x32:inst1|RFC32:inst30|RFC8:inst2|RFC:inst14 ; work         ;
;                |RFC:inst18|          ; 0 (0)             ; 1 (1)        ; 0           ; 0            ; 0       ; 0         ; 0    ; 0            ; |Top_final|RF32x32:inst|RFC32x32:inst1|RFC32:inst30|RFC8:inst2|RFC:inst18 ; work         ;
;                |RFC:inst8|           ; 0 (0)             ; 1 (1)        ; 0           ; 0            ; 0       ; 0         ; 0    ; 0            ; |Top_final|RF32x32:inst|RFC32x32:inst1|RFC32:inst30|RFC8:inst2|RFC:inst8  ; work         ;
;                |RFC:inst9|           ; 0 (0)             ; 1 (1)        ; 0           ; 0            ; 0       ; 0         ; 0    ; 0            ; |Top_final|RF32x32:inst|RFC32x32:inst1|RFC32:inst30|RFC8:inst2|RFC:inst9  ; work         ;
;             |RFC8:inst3|             ; 0 (0)             ; 8 (0)        ; 0           ; 0            ; 0       ; 0         ; 0    ; 0            ; |Top_final|RF32x32:inst|RFC32x32:inst1|RFC32:inst30|RFC8:inst3            ; work         ;
;                |RFC:inst10|          ; 0 (0)             ; 1 (1)        ; 0           ; 0            ; 0       ; 0         ; 0    ; 0            ; |Top_final|RF32x32:inst|RFC32x32:inst1|RFC32:inst30|RFC8:inst3|RFC:inst10 ; work         ;
;                |RFC:inst11|          ; 0 (0)             ; 1 (1)        ; 0           ; 0            ; 0       ; 0         ; 0    ; 0            ; |Top_final|RF32x32:inst|RFC32x32:inst1|RFC32:inst30|RFC8:inst3|RFC:inst11 ; work         ;
;                |RFC:inst12|          ; 0 (0)             ; 1 (1)        ; 0           ; 0            ; 0       ; 0         ; 0    ; 0            ; |Top_final|RF32x32:inst|RFC32x32:inst1|RFC32:inst30|RFC8:inst3|RFC:inst12 ; work         ;
;                |RFC:inst13|          ; 0 (0)             ; 1 (1)        ; 0           ; 0            ; 0       ; 0         ; 0    ; 0            ; |Top_final|RF32x32:inst|RFC32x32:inst1|RFC32:inst30|RFC8:inst3|RFC:inst13 ; work         ;
;                |RFC:inst14|          ; 0 (0)             ; 1 (1)        ; 0           ; 0            ; 0       ; 0         ; 0    ; 0            ; |Top_final|RF32x32:inst|RFC32x32:inst1|RFC32:inst30|RFC8:inst3|RFC:inst14 ; work         ;
;                |RFC:inst18|          ; 0 (0)             ; 1 (1)        ; 0           ; 0            ; 0       ; 0         ; 0    ; 0            ; |Top_final|RF32x32:inst|RFC32x32:inst1|RFC32:inst30|RFC8:inst3|RFC:inst18 ; work         ;
;                |RFC:inst8|           ; 0 (0)             ; 1 (1)        ; 0           ; 0            ; 0       ; 0         ; 0    ; 0            ; |Top_final|RF32x32:inst|RFC32x32:inst1|RFC32:inst30|RFC8:inst3|RFC:inst8  ; work         ;
;                |RFC:inst9|           ; 0 (0)             ; 1 (1)        ; 0           ; 0            ; 0       ; 0         ; 0    ; 0            ; |Top_final|RF32x32:inst|RFC32x32:inst1|RFC32:inst30|RFC8:inst3|RFC:inst9  ; work         ;
;             |RFC8:inst|              ; 0 (0)             ; 8 (0)        ; 0           ; 0            ; 0       ; 0         ; 0    ; 0            ; |Top_final|RF32x32:inst|RFC32x32:inst1|RFC32:inst30|RFC8:inst             ; work         ;
;                |RFC:inst10|          ; 0 (0)             ; 1 (1)        ; 0           ; 0            ; 0       ; 0         ; 0    ; 0            ; |Top_final|RF32x32:inst|RFC32x32:inst1|RFC32:inst30|RFC8:inst|RFC:inst10  ; work         ;
;                |RFC:inst11|          ; 0 (0)             ; 1 (1)        ; 0           ; 0            ; 0       ; 0         ; 0    ; 0            ; |Top_final|RF32x32:inst|RFC32x32:inst1|RFC32:inst30|RFC8:inst|RFC:inst11  ; work         ;
;                |RFC:inst12|          ; 0 (0)             ; 1 (1)        ; 0           ; 0            ; 0       ; 0         ; 0    ; 0            ; |Top_final|RF32x32:inst|RFC32x32:inst1|RFC32:inst30|RFC8:inst|RFC:inst12  ; work         ;
;                |RFC:inst13|          ; 0 (0)             ; 1 (1)        ; 0           ; 0            ; 0       ; 0         ; 0    ; 0            ; |Top_final|RF32x32:inst|RFC32x32:inst1|RFC32:inst30|RFC8:inst|RFC:inst13  ; work         ;
;                |RFC:inst14|          ; 0 (0)             ; 1 (1)        ; 0           ; 0            ; 0       ; 0         ; 0    ; 0            ; |Top_final|RF32x32:inst|RFC32x32:inst1|RFC32:inst30|RFC8:inst|RFC:inst14  ; work         ;
;                |RFC:inst18|          ; 0 (0)             ; 1 (1)        ; 0           ; 0            ; 0       ; 0         ; 0    ; 0            ; |Top_final|RF32x32:inst|RFC32x32:inst1|RFC32:inst30|RFC8:inst|RFC:inst18  ; work         ;
;                |RFC:inst8|           ; 0 (0)             ; 1 (1)        ; 0           ; 0            ; 0       ; 0         ; 0    ; 0            ; |Top_final|RF32x32:inst|RFC32x32:inst1|RFC32:inst30|RFC8:inst|RFC:inst8   ; work         ;
;                |RFC:inst9|           ; 0 (0)             ; 1 (1)        ; 0           ; 0            ; 0       ; 0         ; 0    ; 0            ; |Top_final|RF32x32:inst|RFC32x32:inst1|RFC32:inst30|RFC8:inst|RFC:inst9   ; work         ;
;          |RFC32:inst31|              ; 0 (0)             ; 32 (0)       ; 0           ; 0            ; 0       ; 0         ; 0    ; 0            ; |Top_final|RF32x32:inst|RFC32x32:inst1|RFC32:inst31                       ; work         ;
;             |RFC8:inst1|             ; 0 (0)             ; 8 (0)        ; 0           ; 0            ; 0       ; 0         ; 0    ; 0            ; |Top_final|RF32x32:inst|RFC32x32:inst1|RFC32:inst31|RFC8:inst1            ; work         ;
;                |RFC:inst10|          ; 0 (0)             ; 1 (1)        ; 0           ; 0            ; 0       ; 0         ; 0    ; 0            ; |Top_final|RF32x32:inst|RFC32x32:inst1|RFC32:inst31|RFC8:inst1|RFC:inst10 ; work         ;
;                |RFC:inst11|          ; 0 (0)             ; 1 (1)        ; 0           ; 0            ; 0       ; 0         ; 0    ; 0            ; |Top_final|RF32x32:inst|RFC32x32:inst1|RFC32:inst31|RFC8:inst1|RFC:inst11 ; work         ;
;                |RFC:inst12|          ; 0 (0)             ; 1 (1)        ; 0           ; 0            ; 0       ; 0         ; 0    ; 0            ; |Top_final|RF32x32:inst|RFC32x32:inst1|RFC32:inst31|RFC8:inst1|RFC:inst12 ; work         ;
;                |RFC:inst13|          ; 0 (0)             ; 1 (1)        ; 0           ; 0            ; 0       ; 0         ; 0    ; 0            ; |Top_final|RF32x32:inst|RFC32x32:inst1|RFC32:inst31|RFC8:inst1|RFC:inst13 ; work         ;
;                |RFC:inst14|          ; 0 (0)             ; 1 (1)        ; 0           ; 0            ; 0       ; 0         ; 0    ; 0            ; |Top_final|RF32x32:inst|RFC32x32:inst1|RFC32:inst31|RFC8:inst1|RFC:inst14 ; work         ;
;                |RFC:inst18|          ; 0 (0)             ; 1 (1)        ; 0           ; 0            ; 0       ; 0         ; 0    ; 0            ; |Top_final|RF32x32:inst|RFC32x32:inst1|RFC32:inst31|RFC8:inst1|RFC:inst18 ; work         ;
;                |RFC:inst8|           ; 0 (0)             ; 1 (1)        ; 0           ; 0            ; 0       ; 0         ; 0    ; 0            ; |Top_final|RF32x32:inst|RFC32x32:inst1|RFC32:inst31|RFC8:inst1|RFC:inst8  ; work         ;
;                |RFC:inst9|           ; 0 (0)             ; 1 (1)        ; 0           ; 0            ; 0       ; 0         ; 0    ; 0            ; |Top_final|RF32x32:inst|RFC32x32:inst1|RFC32:inst31|RFC8:inst1|RFC:inst9  ; work         ;
;             |RFC8:inst2|             ; 0 (0)             ; 8 (0)        ; 0           ; 0            ; 0       ; 0         ; 0    ; 0            ; |Top_final|RF32x32:inst|RFC32x32:inst1|RFC32:inst31|RFC8:inst2            ; work         ;
;                |RFC:inst10|          ; 0 (0)             ; 1 (1)        ; 0           ; 0            ; 0       ; 0         ; 0    ; 0            ; |Top_final|RF32x32:inst|RFC32x32:inst1|RFC32:inst31|RFC8:inst2|RFC:inst10 ; work         ;
;                |RFC:inst11|          ; 0 (0)             ; 1 (1)        ; 0           ; 0            ; 0       ; 0         ; 0    ; 0            ; |Top_final|RF32x32:inst|RFC32x32:inst1|RFC32:inst31|RFC8:inst2|RFC:inst11 ; work         ;
;                |RFC:inst12|          ; 0 (0)             ; 1 (1)        ; 0           ; 0            ; 0       ; 0         ; 0    ; 0            ; |Top_final|RF32x32:inst|RFC32x32:inst1|RFC32:inst31|RFC8:inst2|RFC:inst12 ; work         ;
;                |RFC:inst13|          ; 0 (0)             ; 1 (1)        ; 0           ; 0            ; 0       ; 0         ; 0    ; 0            ; |Top_final|RF32x32:inst|RFC32x32:inst1|RFC32:inst31|RFC8:inst2|RFC:inst13 ; work         ;
;                |RFC:inst14|          ; 0 (0)             ; 1 (1)        ; 0           ; 0            ; 0       ; 0         ; 0    ; 0            ; |Top_final|RF32x32:inst|RFC32x32:inst1|RFC32:inst31|RFC8:inst2|RFC:inst14 ; work         ;
;                |RFC:inst18|          ; 0 (0)             ; 1 (1)        ; 0           ; 0            ; 0       ; 0         ; 0    ; 0            ; |Top_final|RF32x32:inst|RFC32x32:inst1|RFC32:inst31|RFC8:inst2|RFC:inst18 ; work         ;
;                |RFC:inst8|           ; 0 (0)             ; 1 (1)        ; 0           ; 0            ; 0       ; 0         ; 0    ; 0            ; |Top_final|RF32x32:inst|RFC32x32:inst1|RFC32:inst31|RFC8:inst2|RFC:inst8  ; work         ;
;                |RFC:inst9|           ; 0 (0)             ; 1 (1)        ; 0           ; 0            ; 0       ; 0         ; 0    ; 0            ; |Top_final|RF32x32:inst|RFC32x32:inst1|RFC32:inst31|RFC8:inst2|RFC:inst9  ; work         ;
;             |RFC8:inst3|             ; 0 (0)             ; 8 (0)        ; 0           ; 0            ; 0       ; 0         ; 0    ; 0            ; |Top_final|RF32x32:inst|RFC32x32:inst1|RFC32:inst31|RFC8:inst3            ; work         ;
;                |RFC:inst10|          ; 0 (0)             ; 1 (1)        ; 0           ; 0            ; 0       ; 0         ; 0    ; 0            ; |Top_final|RF32x32:inst|RFC32x32:inst1|RFC32:inst31|RFC8:inst3|RFC:inst10 ; work         ;
;                |RFC:inst11|          ; 0 (0)             ; 1 (1)        ; 0           ; 0            ; 0       ; 0         ; 0    ; 0            ; |Top_final|RF32x32:inst|RFC32x32:inst1|RFC32:inst31|RFC8:inst3|RFC:inst11 ; work         ;
;                |RFC:inst12|          ; 0 (0)             ; 1 (1)        ; 0           ; 0            ; 0       ; 0         ; 0    ; 0            ; |Top_final|RF32x32:inst|RFC32x32:inst1|RFC32:inst31|RFC8:inst3|RFC:inst12 ; work         ;
;                |RFC:inst13|          ; 0 (0)             ; 1 (1)        ; 0           ; 0            ; 0       ; 0         ; 0    ; 0            ; |Top_final|RF32x32:inst|RFC32x32:inst1|RFC32:inst31|RFC8:inst3|RFC:inst13 ; work         ;
;                |RFC:inst14|          ; 0 (0)             ; 1 (1)        ; 0           ; 0            ; 0       ; 0         ; 0    ; 0            ; |Top_final|RF32x32:inst|RFC32x32:inst1|RFC32:inst31|RFC8:inst3|RFC:inst14 ; work         ;
;                |RFC:inst18|          ; 0 (0)             ; 1 (1)        ; 0           ; 0            ; 0       ; 0         ; 0    ; 0            ; |Top_final|RF32x32:inst|RFC32x32:inst1|RFC32:inst31|RFC8:inst3|RFC:inst18 ; work         ;
;                |RFC:inst8|           ; 0 (0)             ; 1 (1)        ; 0           ; 0            ; 0       ; 0         ; 0    ; 0            ; |Top_final|RF32x32:inst|RFC32x32:inst1|RFC32:inst31|RFC8:inst3|RFC:inst8  ; work         ;
;                |RFC:inst9|           ; 0 (0)             ; 1 (1)        ; 0           ; 0            ; 0       ; 0         ; 0    ; 0            ; |Top_final|RF32x32:inst|RFC32x32:inst1|RFC32:inst31|RFC8:inst3|RFC:inst9  ; work         ;
;             |RFC8:inst|              ; 0 (0)             ; 8 (0)        ; 0           ; 0            ; 0       ; 0         ; 0    ; 0            ; |Top_final|RF32x32:inst|RFC32x32:inst1|RFC32:inst31|RFC8:inst             ; work         ;
;                |RFC:inst10|          ; 0 (0)             ; 1 (1)        ; 0           ; 0            ; 0       ; 0         ; 0    ; 0            ; |Top_final|RF32x32:inst|RFC32x32:inst1|RFC32:inst31|RFC8:inst|RFC:inst10  ; work         ;
;                |RFC:inst11|          ; 0 (0)             ; 1 (1)        ; 0           ; 0            ; 0       ; 0         ; 0    ; 0            ; |Top_final|RF32x32:inst|RFC32x32:inst1|RFC32:inst31|RFC8:inst|RFC:inst11  ; work         ;
;                |RFC:inst12|          ; 0 (0)             ; 1 (1)        ; 0           ; 0            ; 0       ; 0         ; 0    ; 0            ; |Top_final|RF32x32:inst|RFC32x32:inst1|RFC32:inst31|RFC8:inst|RFC:inst12  ; work         ;
;                |RFC:inst13|          ; 0 (0)             ; 1 (1)        ; 0           ; 0            ; 0       ; 0         ; 0    ; 0            ; |Top_final|RF32x32:inst|RFC32x32:inst1|RFC32:inst31|RFC8:inst|RFC:inst13  ; work         ;
;                |RFC:inst14|          ; 0 (0)             ; 1 (1)        ; 0           ; 0            ; 0       ; 0         ; 0    ; 0            ; |Top_final|RF32x32:inst|RFC32x32:inst1|RFC32:inst31|RFC8:inst|RFC:inst14  ; work         ;
;                |RFC:inst18|          ; 0 (0)             ; 1 (1)        ; 0           ; 0            ; 0       ; 0         ; 0    ; 0            ; |Top_final|RF32x32:inst|RFC32x32:inst1|RFC32:inst31|RFC8:inst|RFC:inst18  ; work         ;
;                |RFC:inst8|           ; 0 (0)             ; 1 (1)        ; 0           ; 0            ; 0       ; 0         ; 0    ; 0            ; |Top_final|RF32x32:inst|RFC32x32:inst1|RFC32:inst31|RFC8:inst|RFC:inst8   ; work         ;
;                |RFC:inst9|           ; 0 (0)             ; 1 (1)        ; 0           ; 0            ; 0       ; 0         ; 0    ; 0            ; |Top_final|RF32x32:inst|RFC32x32:inst1|RFC32:inst31|RFC8:inst|RFC:inst9   ; work         ;
;          |RFC32:inst32|              ; 0 (0)             ; 32 (0)       ; 0           ; 0            ; 0       ; 0         ; 0    ; 0            ; |Top_final|RF32x32:inst|RFC32x32:inst1|RFC32:inst32                       ; work         ;
;             |RFC8:inst1|             ; 0 (0)             ; 8 (0)        ; 0           ; 0            ; 0       ; 0         ; 0    ; 0            ; |Top_final|RF32x32:inst|RFC32x32:inst1|RFC32:inst32|RFC8:inst1            ; work         ;
;                |RFC:inst10|          ; 0 (0)             ; 1 (1)        ; 0           ; 0            ; 0       ; 0         ; 0    ; 0            ; |Top_final|RF32x32:inst|RFC32x32:inst1|RFC32:inst32|RFC8:inst1|RFC:inst10 ; work         ;
;                |RFC:inst11|          ; 0 (0)             ; 1 (1)        ; 0           ; 0            ; 0       ; 0         ; 0    ; 0            ; |Top_final|RF32x32:inst|RFC32x32:inst1|RFC32:inst32|RFC8:inst1|RFC:inst11 ; work         ;
;                |RFC:inst12|          ; 0 (0)             ; 1 (1)        ; 0           ; 0            ; 0       ; 0         ; 0    ; 0            ; |Top_final|RF32x32:inst|RFC32x32:inst1|RFC32:inst32|RFC8:inst1|RFC:inst12 ; work         ;
;                |RFC:inst13|          ; 0 (0)             ; 1 (1)        ; 0           ; 0            ; 0       ; 0         ; 0    ; 0            ; |Top_final|RF32x32:inst|RFC32x32:inst1|RFC32:inst32|RFC8:inst1|RFC:inst13 ; work         ;
;                |RFC:inst14|          ; 0 (0)             ; 1 (1)        ; 0           ; 0            ; 0       ; 0         ; 0    ; 0            ; |Top_final|RF32x32:inst|RFC32x32:inst1|RFC32:inst32|RFC8:inst1|RFC:inst14 ; work         ;
;                |RFC:inst18|          ; 0 (0)             ; 1 (1)        ; 0           ; 0            ; 0       ; 0         ; 0    ; 0            ; |Top_final|RF32x32:inst|RFC32x32:inst1|RFC32:inst32|RFC8:inst1|RFC:inst18 ; work         ;
;                |RFC:inst8|           ; 0 (0)             ; 1 (1)        ; 0           ; 0            ; 0       ; 0         ; 0    ; 0            ; |Top_final|RF32x32:inst|RFC32x32:inst1|RFC32:inst32|RFC8:inst1|RFC:inst8  ; work         ;
;                |RFC:inst9|           ; 0 (0)             ; 1 (1)        ; 0           ; 0            ; 0       ; 0         ; 0    ; 0            ; |Top_final|RF32x32:inst|RFC32x32:inst1|RFC32:inst32|RFC8:inst1|RFC:inst9  ; work         ;
;             |RFC8:inst2|             ; 0 (0)             ; 8 (0)        ; 0           ; 0            ; 0       ; 0         ; 0    ; 0            ; |Top_final|RF32x32:inst|RFC32x32:inst1|RFC32:inst32|RFC8:inst2            ; work         ;
;                |RFC:inst10|          ; 0 (0)             ; 1 (1)        ; 0           ; 0            ; 0       ; 0         ; 0    ; 0            ; |Top_final|RF32x32:inst|RFC32x32:inst1|RFC32:inst32|RFC8:inst2|RFC:inst10 ; work         ;
;                |RFC:inst11|          ; 0 (0)             ; 1 (1)        ; 0           ; 0            ; 0       ; 0         ; 0    ; 0            ; |Top_final|RF32x32:inst|RFC32x32:inst1|RFC32:inst32|RFC8:inst2|RFC:inst11 ; work         ;
;                |RFC:inst12|          ; 0 (0)             ; 1 (1)        ; 0           ; 0            ; 0       ; 0         ; 0    ; 0            ; |Top_final|RF32x32:inst|RFC32x32:inst1|RFC32:inst32|RFC8:inst2|RFC:inst12 ; work         ;
;                |RFC:inst13|          ; 0 (0)             ; 1 (1)        ; 0           ; 0            ; 0       ; 0         ; 0    ; 0            ; |Top_final|RF32x32:inst|RFC32x32:inst1|RFC32:inst32|RFC8:inst2|RFC:inst13 ; work         ;
;                |RFC:inst14|          ; 0 (0)             ; 1 (1)        ; 0           ; 0            ; 0       ; 0         ; 0    ; 0            ; |Top_final|RF32x32:inst|RFC32x32:inst1|RFC32:inst32|RFC8:inst2|RFC:inst14 ; work         ;
;                |RFC:inst18|          ; 0 (0)             ; 1 (1)        ; 0           ; 0            ; 0       ; 0         ; 0    ; 0            ; |Top_final|RF32x32:inst|RFC32x32:inst1|RFC32:inst32|RFC8:inst2|RFC:inst18 ; work         ;
;                |RFC:inst8|           ; 0 (0)             ; 1 (1)        ; 0           ; 0            ; 0       ; 0         ; 0    ; 0            ; |Top_final|RF32x32:inst|RFC32x32:inst1|RFC32:inst32|RFC8:inst2|RFC:inst8  ; work         ;
;                |RFC:inst9|           ; 0 (0)             ; 1 (1)        ; 0           ; 0            ; 0       ; 0         ; 0    ; 0            ; |Top_final|RF32x32:inst|RFC32x32:inst1|RFC32:inst32|RFC8:inst2|RFC:inst9  ; work         ;
;             |RFC8:inst3|             ; 0 (0)             ; 8 (0)        ; 0           ; 0            ; 0       ; 0         ; 0    ; 0            ; |Top_final|RF32x32:inst|RFC32x32:inst1|RFC32:inst32|RFC8:inst3            ; work         ;
;                |RFC:inst10|          ; 0 (0)             ; 1 (1)        ; 0           ; 0            ; 0       ; 0         ; 0    ; 0            ; |Top_final|RF32x32:inst|RFC32x32:inst1|RFC32:inst32|RFC8:inst3|RFC:inst10 ; work         ;
;                |RFC:inst11|          ; 0 (0)             ; 1 (1)        ; 0           ; 0            ; 0       ; 0         ; 0    ; 0            ; |Top_final|RF32x32:inst|RFC32x32:inst1|RFC32:inst32|RFC8:inst3|RFC:inst11 ; work         ;
;                |RFC:inst12|          ; 0 (0)             ; 1 (1)        ; 0           ; 0            ; 0       ; 0         ; 0    ; 0            ; |Top_final|RF32x32:inst|RFC32x32:inst1|RFC32:inst32|RFC8:inst3|RFC:inst12 ; work         ;
;                |RFC:inst13|          ; 0 (0)             ; 1 (1)        ; 0           ; 0            ; 0       ; 0         ; 0    ; 0            ; |Top_final|RF32x32:inst|RFC32x32:inst1|RFC32:inst32|RFC8:inst3|RFC:inst13 ; work         ;
;                |RFC:inst14|          ; 0 (0)             ; 1 (1)        ; 0           ; 0            ; 0       ; 0         ; 0    ; 0            ; |Top_final|RF32x32:inst|RFC32x32:inst1|RFC32:inst32|RFC8:inst3|RFC:inst14 ; work         ;
;                |RFC:inst18|          ; 0 (0)             ; 1 (1)        ; 0           ; 0            ; 0       ; 0         ; 0    ; 0            ; |Top_final|RF32x32:inst|RFC32x32:inst1|RFC32:inst32|RFC8:inst3|RFC:inst18 ; work         ;
;                |RFC:inst8|           ; 0 (0)             ; 1 (1)        ; 0           ; 0            ; 0       ; 0         ; 0    ; 0            ; |Top_final|RF32x32:inst|RFC32x32:inst1|RFC32:inst32|RFC8:inst3|RFC:inst8  ; work         ;
;                |RFC:inst9|           ; 0 (0)             ; 1 (1)        ; 0           ; 0            ; 0       ; 0         ; 0    ; 0            ; |Top_final|RF32x32:inst|RFC32x32:inst1|RFC32:inst32|RFC8:inst3|RFC:inst9  ; work         ;
;             |RFC8:inst|              ; 0 (0)             ; 8 (0)        ; 0           ; 0            ; 0       ; 0         ; 0    ; 0            ; |Top_final|RF32x32:inst|RFC32x32:inst1|RFC32:inst32|RFC8:inst             ; work         ;
;                |RFC:inst10|          ; 0 (0)             ; 1 (1)        ; 0           ; 0            ; 0       ; 0         ; 0    ; 0            ; |Top_final|RF32x32:inst|RFC32x32:inst1|RFC32:inst32|RFC8:inst|RFC:inst10  ; work         ;
;                |RFC:inst11|          ; 0 (0)             ; 1 (1)        ; 0           ; 0            ; 0       ; 0         ; 0    ; 0            ; |Top_final|RF32x32:inst|RFC32x32:inst1|RFC32:inst32|RFC8:inst|RFC:inst11  ; work         ;
;                |RFC:inst12|          ; 0 (0)             ; 1 (1)        ; 0           ; 0            ; 0       ; 0         ; 0    ; 0            ; |Top_final|RF32x32:inst|RFC32x32:inst1|RFC32:inst32|RFC8:inst|RFC:inst12  ; work         ;
;                |RFC:inst13|          ; 0 (0)             ; 1 (1)        ; 0           ; 0            ; 0       ; 0         ; 0    ; 0            ; |Top_final|RF32x32:inst|RFC32x32:inst1|RFC32:inst32|RFC8:inst|RFC:inst13  ; work         ;
;                |RFC:inst14|          ; 0 (0)             ; 1 (1)        ; 0           ; 0            ; 0       ; 0         ; 0    ; 0            ; |Top_final|RF32x32:inst|RFC32x32:inst1|RFC32:inst32|RFC8:inst|RFC:inst14  ; work         ;
;                |RFC:inst18|          ; 0 (0)             ; 1 (1)        ; 0           ; 0            ; 0       ; 0         ; 0    ; 0            ; |Top_final|RF32x32:inst|RFC32x32:inst1|RFC32:inst32|RFC8:inst|RFC:inst18  ; work         ;
;                |RFC:inst8|           ; 0 (0)             ; 1 (1)        ; 0           ; 0            ; 0       ; 0         ; 0    ; 0            ; |Top_final|RF32x32:inst|RFC32x32:inst1|RFC32:inst32|RFC8:inst|RFC:inst8   ; work         ;
;                |RFC:inst9|           ; 0 (0)             ; 1 (1)        ; 0           ; 0            ; 0       ; 0         ; 0    ; 0            ; |Top_final|RF32x32:inst|RFC32x32:inst1|RFC32:inst32|RFC8:inst|RFC:inst9   ; work         ;
;          |RFC32:inst38|              ; 0 (0)             ; 32 (0)       ; 0           ; 0            ; 0       ; 0         ; 0    ; 0            ; |Top_final|RF32x32:inst|RFC32x32:inst1|RFC32:inst38                       ; work         ;
;             |RFC8:inst1|             ; 0 (0)             ; 8 (0)        ; 0           ; 0            ; 0       ; 0         ; 0    ; 0            ; |Top_final|RF32x32:inst|RFC32x32:inst1|RFC32:inst38|RFC8:inst1            ; work         ;
;                |RFC:inst10|          ; 0 (0)             ; 1 (1)        ; 0           ; 0            ; 0       ; 0         ; 0    ; 0            ; |Top_final|RF32x32:inst|RFC32x32:inst1|RFC32:inst38|RFC8:inst1|RFC:inst10 ; work         ;
;                |RFC:inst11|          ; 0 (0)             ; 1 (1)        ; 0           ; 0            ; 0       ; 0         ; 0    ; 0            ; |Top_final|RF32x32:inst|RFC32x32:inst1|RFC32:inst38|RFC8:inst1|RFC:inst11 ; work         ;
;                |RFC:inst12|          ; 0 (0)             ; 1 (1)        ; 0           ; 0            ; 0       ; 0         ; 0    ; 0            ; |Top_final|RF32x32:inst|RFC32x32:inst1|RFC32:inst38|RFC8:inst1|RFC:inst12 ; work         ;
;                |RFC:inst13|          ; 0 (0)             ; 1 (1)        ; 0           ; 0            ; 0       ; 0         ; 0    ; 0            ; |Top_final|RF32x32:inst|RFC32x32:inst1|RFC32:inst38|RFC8:inst1|RFC:inst13 ; work         ;
;                |RFC:inst14|          ; 0 (0)             ; 1 (1)        ; 0           ; 0            ; 0       ; 0         ; 0    ; 0            ; |Top_final|RF32x32:inst|RFC32x32:inst1|RFC32:inst38|RFC8:inst1|RFC:inst14 ; work         ;
;                |RFC:inst18|          ; 0 (0)             ; 1 (1)        ; 0           ; 0            ; 0       ; 0         ; 0    ; 0            ; |Top_final|RF32x32:inst|RFC32x32:inst1|RFC32:inst38|RFC8:inst1|RFC:inst18 ; work         ;
;                |RFC:inst8|           ; 0 (0)             ; 1 (1)        ; 0           ; 0            ; 0       ; 0         ; 0    ; 0            ; |Top_final|RF32x32:inst|RFC32x32:inst1|RFC32:inst38|RFC8:inst1|RFC:inst8  ; work         ;
;                |RFC:inst9|           ; 0 (0)             ; 1 (1)        ; 0           ; 0            ; 0       ; 0         ; 0    ; 0            ; |Top_final|RF32x32:inst|RFC32x32:inst1|RFC32:inst38|RFC8:inst1|RFC:inst9  ; work         ;
;             |RFC8:inst2|             ; 0 (0)             ; 8 (0)        ; 0           ; 0            ; 0       ; 0         ; 0    ; 0            ; |Top_final|RF32x32:inst|RFC32x32:inst1|RFC32:inst38|RFC8:inst2            ; work         ;
;                |RFC:inst10|          ; 0 (0)             ; 1 (1)        ; 0           ; 0            ; 0       ; 0         ; 0    ; 0            ; |Top_final|RF32x32:inst|RFC32x32:inst1|RFC32:inst38|RFC8:inst2|RFC:inst10 ; work         ;
;                |RFC:inst11|          ; 0 (0)             ; 1 (1)        ; 0           ; 0            ; 0       ; 0         ; 0    ; 0            ; |Top_final|RF32x32:inst|RFC32x32:inst1|RFC32:inst38|RFC8:inst2|RFC:inst11 ; work         ;
;                |RFC:inst12|          ; 0 (0)             ; 1 (1)        ; 0           ; 0            ; 0       ; 0         ; 0    ; 0            ; |Top_final|RF32x32:inst|RFC32x32:inst1|RFC32:inst38|RFC8:inst2|RFC:inst12 ; work         ;
;                |RFC:inst13|          ; 0 (0)             ; 1 (1)        ; 0           ; 0            ; 0       ; 0         ; 0    ; 0            ; |Top_final|RF32x32:inst|RFC32x32:inst1|RFC32:inst38|RFC8:inst2|RFC:inst13 ; work         ;
;                |RFC:inst14|          ; 0 (0)             ; 1 (1)        ; 0           ; 0            ; 0       ; 0         ; 0    ; 0            ; |Top_final|RF32x32:inst|RFC32x32:inst1|RFC32:inst38|RFC8:inst2|RFC:inst14 ; work         ;
;                |RFC:inst18|          ; 0 (0)             ; 1 (1)        ; 0           ; 0            ; 0       ; 0         ; 0    ; 0            ; |Top_final|RF32x32:inst|RFC32x32:inst1|RFC32:inst38|RFC8:inst2|RFC:inst18 ; work         ;
;                |RFC:inst8|           ; 0 (0)             ; 1 (1)        ; 0           ; 0            ; 0       ; 0         ; 0    ; 0            ; |Top_final|RF32x32:inst|RFC32x32:inst1|RFC32:inst38|RFC8:inst2|RFC:inst8  ; work         ;
;                |RFC:inst9|           ; 0 (0)             ; 1 (1)        ; 0           ; 0            ; 0       ; 0         ; 0    ; 0            ; |Top_final|RF32x32:inst|RFC32x32:inst1|RFC32:inst38|RFC8:inst2|RFC:inst9  ; work         ;
;             |RFC8:inst3|             ; 0 (0)             ; 8 (0)        ; 0           ; 0            ; 0       ; 0         ; 0    ; 0            ; |Top_final|RF32x32:inst|RFC32x32:inst1|RFC32:inst38|RFC8:inst3            ; work         ;
;                |RFC:inst10|          ; 0 (0)             ; 1 (1)        ; 0           ; 0            ; 0       ; 0         ; 0    ; 0            ; |Top_final|RF32x32:inst|RFC32x32:inst1|RFC32:inst38|RFC8:inst3|RFC:inst10 ; work         ;
;                |RFC:inst11|          ; 0 (0)             ; 1 (1)        ; 0           ; 0            ; 0       ; 0         ; 0    ; 0            ; |Top_final|RF32x32:inst|RFC32x32:inst1|RFC32:inst38|RFC8:inst3|RFC:inst11 ; work         ;
;                |RFC:inst12|          ; 0 (0)             ; 1 (1)        ; 0           ; 0            ; 0       ; 0         ; 0    ; 0            ; |Top_final|RF32x32:inst|RFC32x32:inst1|RFC32:inst38|RFC8:inst3|RFC:inst12 ; work         ;
;                |RFC:inst13|          ; 0 (0)             ; 1 (1)        ; 0           ; 0            ; 0       ; 0         ; 0    ; 0            ; |Top_final|RF32x32:inst|RFC32x32:inst1|RFC32:inst38|RFC8:inst3|RFC:inst13 ; work         ;
;                |RFC:inst14|          ; 0 (0)             ; 1 (1)        ; 0           ; 0            ; 0       ; 0         ; 0    ; 0            ; |Top_final|RF32x32:inst|RFC32x32:inst1|RFC32:inst38|RFC8:inst3|RFC:inst14 ; work         ;
;                |RFC:inst18|          ; 0 (0)             ; 1 (1)        ; 0           ; 0            ; 0       ; 0         ; 0    ; 0            ; |Top_final|RF32x32:inst|RFC32x32:inst1|RFC32:inst38|RFC8:inst3|RFC:inst18 ; work         ;
;                |RFC:inst8|           ; 0 (0)             ; 1 (1)        ; 0           ; 0            ; 0       ; 0         ; 0    ; 0            ; |Top_final|RF32x32:inst|RFC32x32:inst1|RFC32:inst38|RFC8:inst3|RFC:inst8  ; work         ;
;                |RFC:inst9|           ; 0 (0)             ; 1 (1)        ; 0           ; 0            ; 0       ; 0         ; 0    ; 0            ; |Top_final|RF32x32:inst|RFC32x32:inst1|RFC32:inst38|RFC8:inst3|RFC:inst9  ; work         ;
;             |RFC8:inst|              ; 0 (0)             ; 8 (0)        ; 0           ; 0            ; 0       ; 0         ; 0    ; 0            ; |Top_final|RF32x32:inst|RFC32x32:inst1|RFC32:inst38|RFC8:inst             ; work         ;
;                |RFC:inst10|          ; 0 (0)             ; 1 (1)        ; 0           ; 0            ; 0       ; 0         ; 0    ; 0            ; |Top_final|RF32x32:inst|RFC32x32:inst1|RFC32:inst38|RFC8:inst|RFC:inst10  ; work         ;
;                |RFC:inst11|          ; 0 (0)             ; 1 (1)        ; 0           ; 0            ; 0       ; 0         ; 0    ; 0            ; |Top_final|RF32x32:inst|RFC32x32:inst1|RFC32:inst38|RFC8:inst|RFC:inst11  ; work         ;
;                |RFC:inst12|          ; 0 (0)             ; 1 (1)        ; 0           ; 0            ; 0       ; 0         ; 0    ; 0            ; |Top_final|RF32x32:inst|RFC32x32:inst1|RFC32:inst38|RFC8:inst|RFC:inst12  ; work         ;
;                |RFC:inst13|          ; 0 (0)             ; 1 (1)        ; 0           ; 0            ; 0       ; 0         ; 0    ; 0            ; |Top_final|RF32x32:inst|RFC32x32:inst1|RFC32:inst38|RFC8:inst|RFC:inst13  ; work         ;
;                |RFC:inst14|          ; 0 (0)             ; 1 (1)        ; 0           ; 0            ; 0       ; 0         ; 0    ; 0            ; |Top_final|RF32x32:inst|RFC32x32:inst1|RFC32:inst38|RFC8:inst|RFC:inst14  ; work         ;
;                |RFC:inst18|          ; 0 (0)             ; 1 (1)        ; 0           ; 0            ; 0       ; 0         ; 0    ; 0            ; |Top_final|RF32x32:inst|RFC32x32:inst1|RFC32:inst38|RFC8:inst|RFC:inst18  ; work         ;
;                |RFC:inst8|           ; 0 (0)             ; 1 (1)        ; 0           ; 0            ; 0       ; 0         ; 0    ; 0            ; |Top_final|RF32x32:inst|RFC32x32:inst1|RFC32:inst38|RFC8:inst|RFC:inst8   ; work         ;
;                |RFC:inst9|           ; 0 (0)             ; 1 (1)        ; 0           ; 0            ; 0       ; 0         ; 0    ; 0            ; |Top_final|RF32x32:inst|RFC32x32:inst1|RFC32:inst38|RFC8:inst|RFC:inst9   ; work         ;
;          |RFC32:inst39|              ; 0 (0)             ; 32 (0)       ; 0           ; 0            ; 0       ; 0         ; 0    ; 0            ; |Top_final|RF32x32:inst|RFC32x32:inst1|RFC32:inst39                       ; work         ;
;             |RFC8:inst1|             ; 0 (0)             ; 8 (0)        ; 0           ; 0            ; 0       ; 0         ; 0    ; 0            ; |Top_final|RF32x32:inst|RFC32x32:inst1|RFC32:inst39|RFC8:inst1            ; work         ;
;                |RFC:inst10|          ; 0 (0)             ; 1 (1)        ; 0           ; 0            ; 0       ; 0         ; 0    ; 0            ; |Top_final|RF32x32:inst|RFC32x32:inst1|RFC32:inst39|RFC8:inst1|RFC:inst10 ; work         ;
;                |RFC:inst11|          ; 0 (0)             ; 1 (1)        ; 0           ; 0            ; 0       ; 0         ; 0    ; 0            ; |Top_final|RF32x32:inst|RFC32x32:inst1|RFC32:inst39|RFC8:inst1|RFC:inst11 ; work         ;
;                |RFC:inst12|          ; 0 (0)             ; 1 (1)        ; 0           ; 0            ; 0       ; 0         ; 0    ; 0            ; |Top_final|RF32x32:inst|RFC32x32:inst1|RFC32:inst39|RFC8:inst1|RFC:inst12 ; work         ;
;                |RFC:inst13|          ; 0 (0)             ; 1 (1)        ; 0           ; 0            ; 0       ; 0         ; 0    ; 0            ; |Top_final|RF32x32:inst|RFC32x32:inst1|RFC32:inst39|RFC8:inst1|RFC:inst13 ; work         ;
;                |RFC:inst14|          ; 0 (0)             ; 1 (1)        ; 0           ; 0            ; 0       ; 0         ; 0    ; 0            ; |Top_final|RF32x32:inst|RFC32x32:inst1|RFC32:inst39|RFC8:inst1|RFC:inst14 ; work         ;
;                |RFC:inst18|          ; 0 (0)             ; 1 (1)        ; 0           ; 0            ; 0       ; 0         ; 0    ; 0            ; |Top_final|RF32x32:inst|RFC32x32:inst1|RFC32:inst39|RFC8:inst1|RFC:inst18 ; work         ;
;                |RFC:inst8|           ; 0 (0)             ; 1 (1)        ; 0           ; 0            ; 0       ; 0         ; 0    ; 0            ; |Top_final|RF32x32:inst|RFC32x32:inst1|RFC32:inst39|RFC8:inst1|RFC:inst8  ; work         ;
;                |RFC:inst9|           ; 0 (0)             ; 1 (1)        ; 0           ; 0            ; 0       ; 0         ; 0    ; 0            ; |Top_final|RF32x32:inst|RFC32x32:inst1|RFC32:inst39|RFC8:inst1|RFC:inst9  ; work         ;
;             |RFC8:inst2|             ; 0 (0)             ; 8 (0)        ; 0           ; 0            ; 0       ; 0         ; 0    ; 0            ; |Top_final|RF32x32:inst|RFC32x32:inst1|RFC32:inst39|RFC8:inst2            ; work         ;
;                |RFC:inst10|          ; 0 (0)             ; 1 (1)        ; 0           ; 0            ; 0       ; 0         ; 0    ; 0            ; |Top_final|RF32x32:inst|RFC32x32:inst1|RFC32:inst39|RFC8:inst2|RFC:inst10 ; work         ;
;                |RFC:inst11|          ; 0 (0)             ; 1 (1)        ; 0           ; 0            ; 0       ; 0         ; 0    ; 0            ; |Top_final|RF32x32:inst|RFC32x32:inst1|RFC32:inst39|RFC8:inst2|RFC:inst11 ; work         ;
;                |RFC:inst12|          ; 0 (0)             ; 1 (1)        ; 0           ; 0            ; 0       ; 0         ; 0    ; 0            ; |Top_final|RF32x32:inst|RFC32x32:inst1|RFC32:inst39|RFC8:inst2|RFC:inst12 ; work         ;
;                |RFC:inst13|          ; 0 (0)             ; 1 (1)        ; 0           ; 0            ; 0       ; 0         ; 0    ; 0            ; |Top_final|RF32x32:inst|RFC32x32:inst1|RFC32:inst39|RFC8:inst2|RFC:inst13 ; work         ;
;                |RFC:inst14|          ; 0 (0)             ; 1 (1)        ; 0           ; 0            ; 0       ; 0         ; 0    ; 0            ; |Top_final|RF32x32:inst|RFC32x32:inst1|RFC32:inst39|RFC8:inst2|RFC:inst14 ; work         ;
;                |RFC:inst18|          ; 0 (0)             ; 1 (1)        ; 0           ; 0            ; 0       ; 0         ; 0    ; 0            ; |Top_final|RF32x32:inst|RFC32x32:inst1|RFC32:inst39|RFC8:inst2|RFC:inst18 ; work         ;
;                |RFC:inst8|           ; 0 (0)             ; 1 (1)        ; 0           ; 0            ; 0       ; 0         ; 0    ; 0            ; |Top_final|RF32x32:inst|RFC32x32:inst1|RFC32:inst39|RFC8:inst2|RFC:inst8  ; work         ;
;                |RFC:inst9|           ; 0 (0)             ; 1 (1)        ; 0           ; 0            ; 0       ; 0         ; 0    ; 0            ; |Top_final|RF32x32:inst|RFC32x32:inst1|RFC32:inst39|RFC8:inst2|RFC:inst9  ; work         ;
;             |RFC8:inst3|             ; 0 (0)             ; 8 (0)        ; 0           ; 0            ; 0       ; 0         ; 0    ; 0            ; |Top_final|RF32x32:inst|RFC32x32:inst1|RFC32:inst39|RFC8:inst3            ; work         ;
;                |RFC:inst10|          ; 0 (0)             ; 1 (1)        ; 0           ; 0            ; 0       ; 0         ; 0    ; 0            ; |Top_final|RF32x32:inst|RFC32x32:inst1|RFC32:inst39|RFC8:inst3|RFC:inst10 ; work         ;
;                |RFC:inst11|          ; 0 (0)             ; 1 (1)        ; 0           ; 0            ; 0       ; 0         ; 0    ; 0            ; |Top_final|RF32x32:inst|RFC32x32:inst1|RFC32:inst39|RFC8:inst3|RFC:inst11 ; work         ;
;                |RFC:inst12|          ; 0 (0)             ; 1 (1)        ; 0           ; 0            ; 0       ; 0         ; 0    ; 0            ; |Top_final|RF32x32:inst|RFC32x32:inst1|RFC32:inst39|RFC8:inst3|RFC:inst12 ; work         ;
;                |RFC:inst13|          ; 0 (0)             ; 1 (1)        ; 0           ; 0            ; 0       ; 0         ; 0    ; 0            ; |Top_final|RF32x32:inst|RFC32x32:inst1|RFC32:inst39|RFC8:inst3|RFC:inst13 ; work         ;
;                |RFC:inst14|          ; 0 (0)             ; 1 (1)        ; 0           ; 0            ; 0       ; 0         ; 0    ; 0            ; |Top_final|RF32x32:inst|RFC32x32:inst1|RFC32:inst39|RFC8:inst3|RFC:inst14 ; work         ;
;                |RFC:inst18|          ; 0 (0)             ; 1 (1)        ; 0           ; 0            ; 0       ; 0         ; 0    ; 0            ; |Top_final|RF32x32:inst|RFC32x32:inst1|RFC32:inst39|RFC8:inst3|RFC:inst18 ; work         ;
;                |RFC:inst8|           ; 0 (0)             ; 1 (1)        ; 0           ; 0            ; 0       ; 0         ; 0    ; 0            ; |Top_final|RF32x32:inst|RFC32x32:inst1|RFC32:inst39|RFC8:inst3|RFC:inst8  ; work         ;
;                |RFC:inst9|           ; 0 (0)             ; 1 (1)        ; 0           ; 0            ; 0       ; 0         ; 0    ; 0            ; |Top_final|RF32x32:inst|RFC32x32:inst1|RFC32:inst39|RFC8:inst3|RFC:inst9  ; work         ;
;             |RFC8:inst|              ; 0 (0)             ; 8 (0)        ; 0           ; 0            ; 0       ; 0         ; 0    ; 0            ; |Top_final|RF32x32:inst|RFC32x32:inst1|RFC32:inst39|RFC8:inst             ; work         ;
;                |RFC:inst10|          ; 0 (0)             ; 1 (1)        ; 0           ; 0            ; 0       ; 0         ; 0    ; 0            ; |Top_final|RF32x32:inst|RFC32x32:inst1|RFC32:inst39|RFC8:inst|RFC:inst10  ; work         ;
;                |RFC:inst11|          ; 0 (0)             ; 1 (1)        ; 0           ; 0            ; 0       ; 0         ; 0    ; 0            ; |Top_final|RF32x32:inst|RFC32x32:inst1|RFC32:inst39|RFC8:inst|RFC:inst11  ; work         ;
;                |RFC:inst12|          ; 0 (0)             ; 1 (1)        ; 0           ; 0            ; 0       ; 0         ; 0    ; 0            ; |Top_final|RF32x32:inst|RFC32x32:inst1|RFC32:inst39|RFC8:inst|RFC:inst12  ; work         ;
;                |RFC:inst13|          ; 0 (0)             ; 1 (1)        ; 0           ; 0            ; 0       ; 0         ; 0    ; 0            ; |Top_final|RF32x32:inst|RFC32x32:inst1|RFC32:inst39|RFC8:inst|RFC:inst13  ; work         ;
;                |RFC:inst14|          ; 0 (0)             ; 1 (1)        ; 0           ; 0            ; 0       ; 0         ; 0    ; 0            ; |Top_final|RF32x32:inst|RFC32x32:inst1|RFC32:inst39|RFC8:inst|RFC:inst14  ; work         ;
;                |RFC:inst18|          ; 0 (0)             ; 1 (1)        ; 0           ; 0            ; 0       ; 0         ; 0    ; 0            ; |Top_final|RF32x32:inst|RFC32x32:inst1|RFC32:inst39|RFC8:inst|RFC:inst18  ; work         ;
;                |RFC:inst8|           ; 0 (0)             ; 1 (1)        ; 0           ; 0            ; 0       ; 0         ; 0    ; 0            ; |Top_final|RF32x32:inst|RFC32x32:inst1|RFC32:inst39|RFC8:inst|RFC:inst8   ; work         ;
;                |RFC:inst9|           ; 0 (0)             ; 1 (1)        ; 0           ; 0            ; 0       ; 0         ; 0    ; 0            ; |Top_final|RF32x32:inst|RFC32x32:inst1|RFC32:inst39|RFC8:inst|RFC:inst9   ; work         ;
;          |RFC32:inst40|              ; 0 (0)             ; 32 (0)       ; 0           ; 0            ; 0       ; 0         ; 0    ; 0            ; |Top_final|RF32x32:inst|RFC32x32:inst1|RFC32:inst40                       ; work         ;
;             |RFC8:inst1|             ; 0 (0)             ; 8 (0)        ; 0           ; 0            ; 0       ; 0         ; 0    ; 0            ; |Top_final|RF32x32:inst|RFC32x32:inst1|RFC32:inst40|RFC8:inst1            ; work         ;
;                |RFC:inst10|          ; 0 (0)             ; 1 (1)        ; 0           ; 0            ; 0       ; 0         ; 0    ; 0            ; |Top_final|RF32x32:inst|RFC32x32:inst1|RFC32:inst40|RFC8:inst1|RFC:inst10 ; work         ;
;                |RFC:inst11|          ; 0 (0)             ; 1 (1)        ; 0           ; 0            ; 0       ; 0         ; 0    ; 0            ; |Top_final|RF32x32:inst|RFC32x32:inst1|RFC32:inst40|RFC8:inst1|RFC:inst11 ; work         ;
;                |RFC:inst12|          ; 0 (0)             ; 1 (1)        ; 0           ; 0            ; 0       ; 0         ; 0    ; 0            ; |Top_final|RF32x32:inst|RFC32x32:inst1|RFC32:inst40|RFC8:inst1|RFC:inst12 ; work         ;
;                |RFC:inst13|          ; 0 (0)             ; 1 (1)        ; 0           ; 0            ; 0       ; 0         ; 0    ; 0            ; |Top_final|RF32x32:inst|RFC32x32:inst1|RFC32:inst40|RFC8:inst1|RFC:inst13 ; work         ;
;                |RFC:inst14|          ; 0 (0)             ; 1 (1)        ; 0           ; 0            ; 0       ; 0         ; 0    ; 0            ; |Top_final|RF32x32:inst|RFC32x32:inst1|RFC32:inst40|RFC8:inst1|RFC:inst14 ; work         ;
;                |RFC:inst18|          ; 0 (0)             ; 1 (1)        ; 0           ; 0            ; 0       ; 0         ; 0    ; 0            ; |Top_final|RF32x32:inst|RFC32x32:inst1|RFC32:inst40|RFC8:inst1|RFC:inst18 ; work         ;
;                |RFC:inst8|           ; 0 (0)             ; 1 (1)        ; 0           ; 0            ; 0       ; 0         ; 0    ; 0            ; |Top_final|RF32x32:inst|RFC32x32:inst1|RFC32:inst40|RFC8:inst1|RFC:inst8  ; work         ;
;                |RFC:inst9|           ; 0 (0)             ; 1 (1)        ; 0           ; 0            ; 0       ; 0         ; 0    ; 0            ; |Top_final|RF32x32:inst|RFC32x32:inst1|RFC32:inst40|RFC8:inst1|RFC:inst9  ; work         ;
;             |RFC8:inst2|             ; 0 (0)             ; 8 (0)        ; 0           ; 0            ; 0       ; 0         ; 0    ; 0            ; |Top_final|RF32x32:inst|RFC32x32:inst1|RFC32:inst40|RFC8:inst2            ; work         ;
;                |RFC:inst10|          ; 0 (0)             ; 1 (1)        ; 0           ; 0            ; 0       ; 0         ; 0    ; 0            ; |Top_final|RF32x32:inst|RFC32x32:inst1|RFC32:inst40|RFC8:inst2|RFC:inst10 ; work         ;
;                |RFC:inst11|          ; 0 (0)             ; 1 (1)        ; 0           ; 0            ; 0       ; 0         ; 0    ; 0            ; |Top_final|RF32x32:inst|RFC32x32:inst1|RFC32:inst40|RFC8:inst2|RFC:inst11 ; work         ;
;                |RFC:inst12|          ; 0 (0)             ; 1 (1)        ; 0           ; 0            ; 0       ; 0         ; 0    ; 0            ; |Top_final|RF32x32:inst|RFC32x32:inst1|RFC32:inst40|RFC8:inst2|RFC:inst12 ; work         ;
;                |RFC:inst13|          ; 0 (0)             ; 1 (1)        ; 0           ; 0            ; 0       ; 0         ; 0    ; 0            ; |Top_final|RF32x32:inst|RFC32x32:inst1|RFC32:inst40|RFC8:inst2|RFC:inst13 ; work         ;
;                |RFC:inst14|          ; 0 (0)             ; 1 (1)        ; 0           ; 0            ; 0       ; 0         ; 0    ; 0            ; |Top_final|RF32x32:inst|RFC32x32:inst1|RFC32:inst40|RFC8:inst2|RFC:inst14 ; work         ;
;                |RFC:inst18|          ; 0 (0)             ; 1 (1)        ; 0           ; 0            ; 0       ; 0         ; 0    ; 0            ; |Top_final|RF32x32:inst|RFC32x32:inst1|RFC32:inst40|RFC8:inst2|RFC:inst18 ; work         ;
;                |RFC:inst8|           ; 0 (0)             ; 1 (1)        ; 0           ; 0            ; 0       ; 0         ; 0    ; 0            ; |Top_final|RF32x32:inst|RFC32x32:inst1|RFC32:inst40|RFC8:inst2|RFC:inst8  ; work         ;
;                |RFC:inst9|           ; 0 (0)             ; 1 (1)        ; 0           ; 0            ; 0       ; 0         ; 0    ; 0            ; |Top_final|RF32x32:inst|RFC32x32:inst1|RFC32:inst40|RFC8:inst2|RFC:inst9  ; work         ;
;             |RFC8:inst3|             ; 0 (0)             ; 8 (0)        ; 0           ; 0            ; 0       ; 0         ; 0    ; 0            ; |Top_final|RF32x32:inst|RFC32x32:inst1|RFC32:inst40|RFC8:inst3            ; work         ;
;                |RFC:inst10|          ; 0 (0)             ; 1 (1)        ; 0           ; 0            ; 0       ; 0         ; 0    ; 0            ; |Top_final|RF32x32:inst|RFC32x32:inst1|RFC32:inst40|RFC8:inst3|RFC:inst10 ; work         ;
;                |RFC:inst11|          ; 0 (0)             ; 1 (1)        ; 0           ; 0            ; 0       ; 0         ; 0    ; 0            ; |Top_final|RF32x32:inst|RFC32x32:inst1|RFC32:inst40|RFC8:inst3|RFC:inst11 ; work         ;
;                |RFC:inst12|          ; 0 (0)             ; 1 (1)        ; 0           ; 0            ; 0       ; 0         ; 0    ; 0            ; |Top_final|RF32x32:inst|RFC32x32:inst1|RFC32:inst40|RFC8:inst3|RFC:inst12 ; work         ;
;                |RFC:inst13|          ; 0 (0)             ; 1 (1)        ; 0           ; 0            ; 0       ; 0         ; 0    ; 0            ; |Top_final|RF32x32:inst|RFC32x32:inst1|RFC32:inst40|RFC8:inst3|RFC:inst13 ; work         ;
;                |RFC:inst14|          ; 0 (0)             ; 1 (1)        ; 0           ; 0            ; 0       ; 0         ; 0    ; 0            ; |Top_final|RF32x32:inst|RFC32x32:inst1|RFC32:inst40|RFC8:inst3|RFC:inst14 ; work         ;
;                |RFC:inst18|          ; 0 (0)             ; 1 (1)        ; 0           ; 0            ; 0       ; 0         ; 0    ; 0            ; |Top_final|RF32x32:inst|RFC32x32:inst1|RFC32:inst40|RFC8:inst3|RFC:inst18 ; work         ;
;                |RFC:inst8|           ; 0 (0)             ; 1 (1)        ; 0           ; 0            ; 0       ; 0         ; 0    ; 0            ; |Top_final|RF32x32:inst|RFC32x32:inst1|RFC32:inst40|RFC8:inst3|RFC:inst8  ; work         ;
;                |RFC:inst9|           ; 0 (0)             ; 1 (1)        ; 0           ; 0            ; 0       ; 0         ; 0    ; 0            ; |Top_final|RF32x32:inst|RFC32x32:inst1|RFC32:inst40|RFC8:inst3|RFC:inst9  ; work         ;
;             |RFC8:inst|              ; 0 (0)             ; 8 (0)        ; 0           ; 0            ; 0       ; 0         ; 0    ; 0            ; |Top_final|RF32x32:inst|RFC32x32:inst1|RFC32:inst40|RFC8:inst             ; work         ;
;                |RFC:inst10|          ; 0 (0)             ; 1 (1)        ; 0           ; 0            ; 0       ; 0         ; 0    ; 0            ; |Top_final|RF32x32:inst|RFC32x32:inst1|RFC32:inst40|RFC8:inst|RFC:inst10  ; work         ;
;                |RFC:inst11|          ; 0 (0)             ; 1 (1)        ; 0           ; 0            ; 0       ; 0         ; 0    ; 0            ; |Top_final|RF32x32:inst|RFC32x32:inst1|RFC32:inst40|RFC8:inst|RFC:inst11  ; work         ;
;                |RFC:inst12|          ; 0 (0)             ; 1 (1)        ; 0           ; 0            ; 0       ; 0         ; 0    ; 0            ; |Top_final|RF32x32:inst|RFC32x32:inst1|RFC32:inst40|RFC8:inst|RFC:inst12  ; work         ;
;                |RFC:inst13|          ; 0 (0)             ; 1 (1)        ; 0           ; 0            ; 0       ; 0         ; 0    ; 0            ; |Top_final|RF32x32:inst|RFC32x32:inst1|RFC32:inst40|RFC8:inst|RFC:inst13  ; work         ;
;                |RFC:inst14|          ; 0 (0)             ; 1 (1)        ; 0           ; 0            ; 0       ; 0         ; 0    ; 0            ; |Top_final|RF32x32:inst|RFC32x32:inst1|RFC32:inst40|RFC8:inst|RFC:inst14  ; work         ;
;                |RFC:inst18|          ; 0 (0)             ; 1 (1)        ; 0           ; 0            ; 0       ; 0         ; 0    ; 0            ; |Top_final|RF32x32:inst|RFC32x32:inst1|RFC32:inst40|RFC8:inst|RFC:inst18  ; work         ;
;                |RFC:inst8|           ; 0 (0)             ; 1 (1)        ; 0           ; 0            ; 0       ; 0         ; 0    ; 0            ; |Top_final|RF32x32:inst|RFC32x32:inst1|RFC32:inst40|RFC8:inst|RFC:inst8   ; work         ;
;                |RFC:inst9|           ; 0 (0)             ; 1 (1)        ; 0           ; 0            ; 0       ; 0         ; 0    ; 0            ; |Top_final|RF32x32:inst|RFC32x32:inst1|RFC32:inst40|RFC8:inst|RFC:inst9   ; work         ;
;          |RFC32:inst5|               ; 0 (0)             ; 32 (0)       ; 0           ; 0            ; 0       ; 0         ; 0    ; 0            ; |Top_final|RF32x32:inst|RFC32x32:inst1|RFC32:inst5                        ; work         ;
;             |RFC8:inst1|             ; 0 (0)             ; 8 (0)        ; 0           ; 0            ; 0       ; 0         ; 0    ; 0            ; |Top_final|RF32x32:inst|RFC32x32:inst1|RFC32:inst5|RFC8:inst1             ; work         ;
;                |RFC:inst10|          ; 0 (0)             ; 1 (1)        ; 0           ; 0            ; 0       ; 0         ; 0    ; 0            ; |Top_final|RF32x32:inst|RFC32x32:inst1|RFC32:inst5|RFC8:inst1|RFC:inst10  ; work         ;
;                |RFC:inst11|          ; 0 (0)             ; 1 (1)        ; 0           ; 0            ; 0       ; 0         ; 0    ; 0            ; |Top_final|RF32x32:inst|RFC32x32:inst1|RFC32:inst5|RFC8:inst1|RFC:inst11  ; work         ;
;                |RFC:inst12|          ; 0 (0)             ; 1 (1)        ; 0           ; 0            ; 0       ; 0         ; 0    ; 0            ; |Top_final|RF32x32:inst|RFC32x32:inst1|RFC32:inst5|RFC8:inst1|RFC:inst12  ; work         ;
;                |RFC:inst13|          ; 0 (0)             ; 1 (1)        ; 0           ; 0            ; 0       ; 0         ; 0    ; 0            ; |Top_final|RF32x32:inst|RFC32x32:inst1|RFC32:inst5|RFC8:inst1|RFC:inst13  ; work         ;
;                |RFC:inst14|          ; 0 (0)             ; 1 (1)        ; 0           ; 0            ; 0       ; 0         ; 0    ; 0            ; |Top_final|RF32x32:inst|RFC32x32:inst1|RFC32:inst5|RFC8:inst1|RFC:inst14  ; work         ;
;                |RFC:inst18|          ; 0 (0)             ; 1 (1)        ; 0           ; 0            ; 0       ; 0         ; 0    ; 0            ; |Top_final|RF32x32:inst|RFC32x32:inst1|RFC32:inst5|RFC8:inst1|RFC:inst18  ; work         ;
;                |RFC:inst8|           ; 0 (0)             ; 1 (1)        ; 0           ; 0            ; 0       ; 0         ; 0    ; 0            ; |Top_final|RF32x32:inst|RFC32x32:inst1|RFC32:inst5|RFC8:inst1|RFC:inst8   ; work         ;
;                |RFC:inst9|           ; 0 (0)             ; 1 (1)        ; 0           ; 0            ; 0       ; 0         ; 0    ; 0            ; |Top_final|RF32x32:inst|RFC32x32:inst1|RFC32:inst5|RFC8:inst1|RFC:inst9   ; work         ;
;             |RFC8:inst2|             ; 0 (0)             ; 8 (0)        ; 0           ; 0            ; 0       ; 0         ; 0    ; 0            ; |Top_final|RF32x32:inst|RFC32x32:inst1|RFC32:inst5|RFC8:inst2             ; work         ;
;                |RFC:inst10|          ; 0 (0)             ; 1 (1)        ; 0           ; 0            ; 0       ; 0         ; 0    ; 0            ; |Top_final|RF32x32:inst|RFC32x32:inst1|RFC32:inst5|RFC8:inst2|RFC:inst10  ; work         ;
;                |RFC:inst11|          ; 0 (0)             ; 1 (1)        ; 0           ; 0            ; 0       ; 0         ; 0    ; 0            ; |Top_final|RF32x32:inst|RFC32x32:inst1|RFC32:inst5|RFC8:inst2|RFC:inst11  ; work         ;
;                |RFC:inst12|          ; 0 (0)             ; 1 (1)        ; 0           ; 0            ; 0       ; 0         ; 0    ; 0            ; |Top_final|RF32x32:inst|RFC32x32:inst1|RFC32:inst5|RFC8:inst2|RFC:inst12  ; work         ;
;                |RFC:inst13|          ; 0 (0)             ; 1 (1)        ; 0           ; 0            ; 0       ; 0         ; 0    ; 0            ; |Top_final|RF32x32:inst|RFC32x32:inst1|RFC32:inst5|RFC8:inst2|RFC:inst13  ; work         ;
;                |RFC:inst14|          ; 0 (0)             ; 1 (1)        ; 0           ; 0            ; 0       ; 0         ; 0    ; 0            ; |Top_final|RF32x32:inst|RFC32x32:inst1|RFC32:inst5|RFC8:inst2|RFC:inst14  ; work         ;
;                |RFC:inst18|          ; 0 (0)             ; 1 (1)        ; 0           ; 0            ; 0       ; 0         ; 0    ; 0            ; |Top_final|RF32x32:inst|RFC32x32:inst1|RFC32:inst5|RFC8:inst2|RFC:inst18  ; work         ;
;                |RFC:inst8|           ; 0 (0)             ; 1 (1)        ; 0           ; 0            ; 0       ; 0         ; 0    ; 0            ; |Top_final|RF32x32:inst|RFC32x32:inst1|RFC32:inst5|RFC8:inst2|RFC:inst8   ; work         ;
;                |RFC:inst9|           ; 0 (0)             ; 1 (1)        ; 0           ; 0            ; 0       ; 0         ; 0    ; 0            ; |Top_final|RF32x32:inst|RFC32x32:inst1|RFC32:inst5|RFC8:inst2|RFC:inst9   ; work         ;
;             |RFC8:inst3|             ; 0 (0)             ; 8 (0)        ; 0           ; 0            ; 0       ; 0         ; 0    ; 0            ; |Top_final|RF32x32:inst|RFC32x32:inst1|RFC32:inst5|RFC8:inst3             ; work         ;
;                |RFC:inst10|          ; 0 (0)             ; 1 (1)        ; 0           ; 0            ; 0       ; 0         ; 0    ; 0            ; |Top_final|RF32x32:inst|RFC32x32:inst1|RFC32:inst5|RFC8:inst3|RFC:inst10  ; work         ;
;                |RFC:inst11|          ; 0 (0)             ; 1 (1)        ; 0           ; 0            ; 0       ; 0         ; 0    ; 0            ; |Top_final|RF32x32:inst|RFC32x32:inst1|RFC32:inst5|RFC8:inst3|RFC:inst11  ; work         ;
;                |RFC:inst12|          ; 0 (0)             ; 1 (1)        ; 0           ; 0            ; 0       ; 0         ; 0    ; 0            ; |Top_final|RF32x32:inst|RFC32x32:inst1|RFC32:inst5|RFC8:inst3|RFC:inst12  ; work         ;
;                |RFC:inst13|          ; 0 (0)             ; 1 (1)        ; 0           ; 0            ; 0       ; 0         ; 0    ; 0            ; |Top_final|RF32x32:inst|RFC32x32:inst1|RFC32:inst5|RFC8:inst3|RFC:inst13  ; work         ;
;                |RFC:inst14|          ; 0 (0)             ; 1 (1)        ; 0           ; 0            ; 0       ; 0         ; 0    ; 0            ; |Top_final|RF32x32:inst|RFC32x32:inst1|RFC32:inst5|RFC8:inst3|RFC:inst14  ; work         ;
;                |RFC:inst18|          ; 0 (0)             ; 1 (1)        ; 0           ; 0            ; 0       ; 0         ; 0    ; 0            ; |Top_final|RF32x32:inst|RFC32x32:inst1|RFC32:inst5|RFC8:inst3|RFC:inst18  ; work         ;
;                |RFC:inst8|           ; 0 (0)             ; 1 (1)        ; 0           ; 0            ; 0       ; 0         ; 0    ; 0            ; |Top_final|RF32x32:inst|RFC32x32:inst1|RFC32:inst5|RFC8:inst3|RFC:inst8   ; work         ;
;                |RFC:inst9|           ; 0 (0)             ; 1 (1)        ; 0           ; 0            ; 0       ; 0         ; 0    ; 0            ; |Top_final|RF32x32:inst|RFC32x32:inst1|RFC32:inst5|RFC8:inst3|RFC:inst9   ; work         ;
;             |RFC8:inst|              ; 0 (0)             ; 8 (0)        ; 0           ; 0            ; 0       ; 0         ; 0    ; 0            ; |Top_final|RF32x32:inst|RFC32x32:inst1|RFC32:inst5|RFC8:inst              ; work         ;
;                |RFC:inst10|          ; 0 (0)             ; 1 (1)        ; 0           ; 0            ; 0       ; 0         ; 0    ; 0            ; |Top_final|RF32x32:inst|RFC32x32:inst1|RFC32:inst5|RFC8:inst|RFC:inst10   ; work         ;
;                |RFC:inst11|          ; 0 (0)             ; 1 (1)        ; 0           ; 0            ; 0       ; 0         ; 0    ; 0            ; |Top_final|RF32x32:inst|RFC32x32:inst1|RFC32:inst5|RFC8:inst|RFC:inst11   ; work         ;
;                |RFC:inst12|          ; 0 (0)             ; 1 (1)        ; 0           ; 0            ; 0       ; 0         ; 0    ; 0            ; |Top_final|RF32x32:inst|RFC32x32:inst1|RFC32:inst5|RFC8:inst|RFC:inst12   ; work         ;
;                |RFC:inst13|          ; 0 (0)             ; 1 (1)        ; 0           ; 0            ; 0       ; 0         ; 0    ; 0            ; |Top_final|RF32x32:inst|RFC32x32:inst1|RFC32:inst5|RFC8:inst|RFC:inst13   ; work         ;
;                |RFC:inst14|          ; 0 (0)             ; 1 (1)        ; 0           ; 0            ; 0       ; 0         ; 0    ; 0            ; |Top_final|RF32x32:inst|RFC32x32:inst1|RFC32:inst5|RFC8:inst|RFC:inst14   ; work         ;
;                |RFC:inst18|          ; 0 (0)             ; 1 (1)        ; 0           ; 0            ; 0       ; 0         ; 0    ; 0            ; |Top_final|RF32x32:inst|RFC32x32:inst1|RFC32:inst5|RFC8:inst|RFC:inst18   ; work         ;
;                |RFC:inst8|           ; 0 (0)             ; 1 (1)        ; 0           ; 0            ; 0       ; 0         ; 0    ; 0            ; |Top_final|RF32x32:inst|RFC32x32:inst1|RFC32:inst5|RFC8:inst|RFC:inst8    ; work         ;
;                |RFC:inst9|           ; 0 (0)             ; 1 (1)        ; 0           ; 0            ; 0       ; 0         ; 0    ; 0            ; |Top_final|RF32x32:inst|RFC32x32:inst1|RFC32:inst5|RFC8:inst|RFC:inst9    ; work         ;
;          |RFC32:inst6|               ; 0 (0)             ; 32 (0)       ; 0           ; 0            ; 0       ; 0         ; 0    ; 0            ; |Top_final|RF32x32:inst|RFC32x32:inst1|RFC32:inst6                        ; work         ;
;             |RFC8:inst1|             ; 0 (0)             ; 8 (0)        ; 0           ; 0            ; 0       ; 0         ; 0    ; 0            ; |Top_final|RF32x32:inst|RFC32x32:inst1|RFC32:inst6|RFC8:inst1             ; work         ;
;                |RFC:inst10|          ; 0 (0)             ; 1 (1)        ; 0           ; 0            ; 0       ; 0         ; 0    ; 0            ; |Top_final|RF32x32:inst|RFC32x32:inst1|RFC32:inst6|RFC8:inst1|RFC:inst10  ; work         ;
;                |RFC:inst11|          ; 0 (0)             ; 1 (1)        ; 0           ; 0            ; 0       ; 0         ; 0    ; 0            ; |Top_final|RF32x32:inst|RFC32x32:inst1|RFC32:inst6|RFC8:inst1|RFC:inst11  ; work         ;
;                |RFC:inst12|          ; 0 (0)             ; 1 (1)        ; 0           ; 0            ; 0       ; 0         ; 0    ; 0            ; |Top_final|RF32x32:inst|RFC32x32:inst1|RFC32:inst6|RFC8:inst1|RFC:inst12  ; work         ;
;                |RFC:inst13|          ; 0 (0)             ; 1 (1)        ; 0           ; 0            ; 0       ; 0         ; 0    ; 0            ; |Top_final|RF32x32:inst|RFC32x32:inst1|RFC32:inst6|RFC8:inst1|RFC:inst13  ; work         ;
;                |RFC:inst14|          ; 0 (0)             ; 1 (1)        ; 0           ; 0            ; 0       ; 0         ; 0    ; 0            ; |Top_final|RF32x32:inst|RFC32x32:inst1|RFC32:inst6|RFC8:inst1|RFC:inst14  ; work         ;
;                |RFC:inst18|          ; 0 (0)             ; 1 (1)        ; 0           ; 0            ; 0       ; 0         ; 0    ; 0            ; |Top_final|RF32x32:inst|RFC32x32:inst1|RFC32:inst6|RFC8:inst1|RFC:inst18  ; work         ;
;                |RFC:inst8|           ; 0 (0)             ; 1 (1)        ; 0           ; 0            ; 0       ; 0         ; 0    ; 0            ; |Top_final|RF32x32:inst|RFC32x32:inst1|RFC32:inst6|RFC8:inst1|RFC:inst8   ; work         ;
;                |RFC:inst9|           ; 0 (0)             ; 1 (1)        ; 0           ; 0            ; 0       ; 0         ; 0    ; 0            ; |Top_final|RF32x32:inst|RFC32x32:inst1|RFC32:inst6|RFC8:inst1|RFC:inst9   ; work         ;
;             |RFC8:inst2|             ; 0 (0)             ; 8 (0)        ; 0           ; 0            ; 0       ; 0         ; 0    ; 0            ; |Top_final|RF32x32:inst|RFC32x32:inst1|RFC32:inst6|RFC8:inst2             ; work         ;
;                |RFC:inst10|          ; 0 (0)             ; 1 (1)        ; 0           ; 0            ; 0       ; 0         ; 0    ; 0            ; |Top_final|RF32x32:inst|RFC32x32:inst1|RFC32:inst6|RFC8:inst2|RFC:inst10  ; work         ;
;                |RFC:inst11|          ; 0 (0)             ; 1 (1)        ; 0           ; 0            ; 0       ; 0         ; 0    ; 0            ; |Top_final|RF32x32:inst|RFC32x32:inst1|RFC32:inst6|RFC8:inst2|RFC:inst11  ; work         ;
;                |RFC:inst12|          ; 0 (0)             ; 1 (1)        ; 0           ; 0            ; 0       ; 0         ; 0    ; 0            ; |Top_final|RF32x32:inst|RFC32x32:inst1|RFC32:inst6|RFC8:inst2|RFC:inst12  ; work         ;
;                |RFC:inst13|          ; 0 (0)             ; 1 (1)        ; 0           ; 0            ; 0       ; 0         ; 0    ; 0            ; |Top_final|RF32x32:inst|RFC32x32:inst1|RFC32:inst6|RFC8:inst2|RFC:inst13  ; work         ;
;                |RFC:inst14|          ; 0 (0)             ; 1 (1)        ; 0           ; 0            ; 0       ; 0         ; 0    ; 0            ; |Top_final|RF32x32:inst|RFC32x32:inst1|RFC32:inst6|RFC8:inst2|RFC:inst14  ; work         ;
;                |RFC:inst18|          ; 0 (0)             ; 1 (1)        ; 0           ; 0            ; 0       ; 0         ; 0    ; 0            ; |Top_final|RF32x32:inst|RFC32x32:inst1|RFC32:inst6|RFC8:inst2|RFC:inst18  ; work         ;
;                |RFC:inst8|           ; 0 (0)             ; 1 (1)        ; 0           ; 0            ; 0       ; 0         ; 0    ; 0            ; |Top_final|RF32x32:inst|RFC32x32:inst1|RFC32:inst6|RFC8:inst2|RFC:inst8   ; work         ;
;                |RFC:inst9|           ; 0 (0)             ; 1 (1)        ; 0           ; 0            ; 0       ; 0         ; 0    ; 0            ; |Top_final|RF32x32:inst|RFC32x32:inst1|RFC32:inst6|RFC8:inst2|RFC:inst9   ; work         ;
;             |RFC8:inst3|             ; 0 (0)             ; 8 (0)        ; 0           ; 0            ; 0       ; 0         ; 0    ; 0            ; |Top_final|RF32x32:inst|RFC32x32:inst1|RFC32:inst6|RFC8:inst3             ; work         ;
;                |RFC:inst10|          ; 0 (0)             ; 1 (1)        ; 0           ; 0            ; 0       ; 0         ; 0    ; 0            ; |Top_final|RF32x32:inst|RFC32x32:inst1|RFC32:inst6|RFC8:inst3|RFC:inst10  ; work         ;
;                |RFC:inst11|          ; 0 (0)             ; 1 (1)        ; 0           ; 0            ; 0       ; 0         ; 0    ; 0            ; |Top_final|RF32x32:inst|RFC32x32:inst1|RFC32:inst6|RFC8:inst3|RFC:inst11  ; work         ;
;                |RFC:inst12|          ; 0 (0)             ; 1 (1)        ; 0           ; 0            ; 0       ; 0         ; 0    ; 0            ; |Top_final|RF32x32:inst|RFC32x32:inst1|RFC32:inst6|RFC8:inst3|RFC:inst12  ; work         ;
;                |RFC:inst13|          ; 0 (0)             ; 1 (1)        ; 0           ; 0            ; 0       ; 0         ; 0    ; 0            ; |Top_final|RF32x32:inst|RFC32x32:inst1|RFC32:inst6|RFC8:inst3|RFC:inst13  ; work         ;
;                |RFC:inst14|          ; 0 (0)             ; 1 (1)        ; 0           ; 0            ; 0       ; 0         ; 0    ; 0            ; |Top_final|RF32x32:inst|RFC32x32:inst1|RFC32:inst6|RFC8:inst3|RFC:inst14  ; work         ;
;                |RFC:inst18|          ; 0 (0)             ; 1 (1)        ; 0           ; 0            ; 0       ; 0         ; 0    ; 0            ; |Top_final|RF32x32:inst|RFC32x32:inst1|RFC32:inst6|RFC8:inst3|RFC:inst18  ; work         ;
;                |RFC:inst8|           ; 0 (0)             ; 1 (1)        ; 0           ; 0            ; 0       ; 0         ; 0    ; 0            ; |Top_final|RF32x32:inst|RFC32x32:inst1|RFC32:inst6|RFC8:inst3|RFC:inst8   ; work         ;
;                |RFC:inst9|           ; 0 (0)             ; 1 (1)        ; 0           ; 0            ; 0       ; 0         ; 0    ; 0            ; |Top_final|RF32x32:inst|RFC32x32:inst1|RFC32:inst6|RFC8:inst3|RFC:inst9   ; work         ;
;             |RFC8:inst|              ; 0 (0)             ; 8 (0)        ; 0           ; 0            ; 0       ; 0         ; 0    ; 0            ; |Top_final|RF32x32:inst|RFC32x32:inst1|RFC32:inst6|RFC8:inst              ; work         ;
;                |RFC:inst10|          ; 0 (0)             ; 1 (1)        ; 0           ; 0            ; 0       ; 0         ; 0    ; 0            ; |Top_final|RF32x32:inst|RFC32x32:inst1|RFC32:inst6|RFC8:inst|RFC:inst10   ; work         ;
;                |RFC:inst11|          ; 0 (0)             ; 1 (1)        ; 0           ; 0            ; 0       ; 0         ; 0    ; 0            ; |Top_final|RF32x32:inst|RFC32x32:inst1|RFC32:inst6|RFC8:inst|RFC:inst11   ; work         ;
;                |RFC:inst12|          ; 0 (0)             ; 1 (1)        ; 0           ; 0            ; 0       ; 0         ; 0    ; 0            ; |Top_final|RF32x32:inst|RFC32x32:inst1|RFC32:inst6|RFC8:inst|RFC:inst12   ; work         ;
;                |RFC:inst13|          ; 0 (0)             ; 1 (1)        ; 0           ; 0            ; 0       ; 0         ; 0    ; 0            ; |Top_final|RF32x32:inst|RFC32x32:inst1|RFC32:inst6|RFC8:inst|RFC:inst13   ; work         ;
;                |RFC:inst14|          ; 0 (0)             ; 1 (1)        ; 0           ; 0            ; 0       ; 0         ; 0    ; 0            ; |Top_final|RF32x32:inst|RFC32x32:inst1|RFC32:inst6|RFC8:inst|RFC:inst14   ; work         ;
;                |RFC:inst18|          ; 0 (0)             ; 1 (1)        ; 0           ; 0            ; 0       ; 0         ; 0    ; 0            ; |Top_final|RF32x32:inst|RFC32x32:inst1|RFC32:inst6|RFC8:inst|RFC:inst18   ; work         ;
;                |RFC:inst8|           ; 0 (0)             ; 1 (1)        ; 0           ; 0            ; 0       ; 0         ; 0    ; 0            ; |Top_final|RF32x32:inst|RFC32x32:inst1|RFC32:inst6|RFC8:inst|RFC:inst8    ; work         ;
;                |RFC:inst9|           ; 0 (0)             ; 1 (1)        ; 0           ; 0            ; 0       ; 0         ; 0    ; 0            ; |Top_final|RF32x32:inst|RFC32x32:inst1|RFC32:inst6|RFC8:inst|RFC:inst9    ; work         ;
;          |RFC32:inst7|               ; 0 (0)             ; 32 (0)       ; 0           ; 0            ; 0       ; 0         ; 0    ; 0            ; |Top_final|RF32x32:inst|RFC32x32:inst1|RFC32:inst7                        ; work         ;
;             |RFC8:inst1|             ; 0 (0)             ; 8 (0)        ; 0           ; 0            ; 0       ; 0         ; 0    ; 0            ; |Top_final|RF32x32:inst|RFC32x32:inst1|RFC32:inst7|RFC8:inst1             ; work         ;
;                |RFC:inst10|          ; 0 (0)             ; 1 (1)        ; 0           ; 0            ; 0       ; 0         ; 0    ; 0            ; |Top_final|RF32x32:inst|RFC32x32:inst1|RFC32:inst7|RFC8:inst1|RFC:inst10  ; work         ;
;                |RFC:inst11|          ; 0 (0)             ; 1 (1)        ; 0           ; 0            ; 0       ; 0         ; 0    ; 0            ; |Top_final|RF32x32:inst|RFC32x32:inst1|RFC32:inst7|RFC8:inst1|RFC:inst11  ; work         ;
;                |RFC:inst12|          ; 0 (0)             ; 1 (1)        ; 0           ; 0            ; 0       ; 0         ; 0    ; 0            ; |Top_final|RF32x32:inst|RFC32x32:inst1|RFC32:inst7|RFC8:inst1|RFC:inst12  ; work         ;
;                |RFC:inst13|          ; 0 (0)             ; 1 (1)        ; 0           ; 0            ; 0       ; 0         ; 0    ; 0            ; |Top_final|RF32x32:inst|RFC32x32:inst1|RFC32:inst7|RFC8:inst1|RFC:inst13  ; work         ;
;                |RFC:inst14|          ; 0 (0)             ; 1 (1)        ; 0           ; 0            ; 0       ; 0         ; 0    ; 0            ; |Top_final|RF32x32:inst|RFC32x32:inst1|RFC32:inst7|RFC8:inst1|RFC:inst14  ; work         ;
;                |RFC:inst18|          ; 0 (0)             ; 1 (1)        ; 0           ; 0            ; 0       ; 0         ; 0    ; 0            ; |Top_final|RF32x32:inst|RFC32x32:inst1|RFC32:inst7|RFC8:inst1|RFC:inst18  ; work         ;
;                |RFC:inst8|           ; 0 (0)             ; 1 (1)        ; 0           ; 0            ; 0       ; 0         ; 0    ; 0            ; |Top_final|RF32x32:inst|RFC32x32:inst1|RFC32:inst7|RFC8:inst1|RFC:inst8   ; work         ;
;                |RFC:inst9|           ; 0 (0)             ; 1 (1)        ; 0           ; 0            ; 0       ; 0         ; 0    ; 0            ; |Top_final|RF32x32:inst|RFC32x32:inst1|RFC32:inst7|RFC8:inst1|RFC:inst9   ; work         ;
;             |RFC8:inst2|             ; 0 (0)             ; 8 (0)        ; 0           ; 0            ; 0       ; 0         ; 0    ; 0            ; |Top_final|RF32x32:inst|RFC32x32:inst1|RFC32:inst7|RFC8:inst2             ; work         ;
;                |RFC:inst10|          ; 0 (0)             ; 1 (1)        ; 0           ; 0            ; 0       ; 0         ; 0    ; 0            ; |Top_final|RF32x32:inst|RFC32x32:inst1|RFC32:inst7|RFC8:inst2|RFC:inst10  ; work         ;
;                |RFC:inst11|          ; 0 (0)             ; 1 (1)        ; 0           ; 0            ; 0       ; 0         ; 0    ; 0            ; |Top_final|RF32x32:inst|RFC32x32:inst1|RFC32:inst7|RFC8:inst2|RFC:inst11  ; work         ;
;                |RFC:inst12|          ; 0 (0)             ; 1 (1)        ; 0           ; 0            ; 0       ; 0         ; 0    ; 0            ; |Top_final|RF32x32:inst|RFC32x32:inst1|RFC32:inst7|RFC8:inst2|RFC:inst12  ; work         ;
;                |RFC:inst13|          ; 0 (0)             ; 1 (1)        ; 0           ; 0            ; 0       ; 0         ; 0    ; 0            ; |Top_final|RF32x32:inst|RFC32x32:inst1|RFC32:inst7|RFC8:inst2|RFC:inst13  ; work         ;
;                |RFC:inst14|          ; 0 (0)             ; 1 (1)        ; 0           ; 0            ; 0       ; 0         ; 0    ; 0            ; |Top_final|RF32x32:inst|RFC32x32:inst1|RFC32:inst7|RFC8:inst2|RFC:inst14  ; work         ;
;                |RFC:inst18|          ; 0 (0)             ; 1 (1)        ; 0           ; 0            ; 0       ; 0         ; 0    ; 0            ; |Top_final|RF32x32:inst|RFC32x32:inst1|RFC32:inst7|RFC8:inst2|RFC:inst18  ; work         ;
;                |RFC:inst8|           ; 0 (0)             ; 1 (1)        ; 0           ; 0            ; 0       ; 0         ; 0    ; 0            ; |Top_final|RF32x32:inst|RFC32x32:inst1|RFC32:inst7|RFC8:inst2|RFC:inst8   ; work         ;
;                |RFC:inst9|           ; 0 (0)             ; 1 (1)        ; 0           ; 0            ; 0       ; 0         ; 0    ; 0            ; |Top_final|RF32x32:inst|RFC32x32:inst1|RFC32:inst7|RFC8:inst2|RFC:inst9   ; work         ;
;             |RFC8:inst3|             ; 0 (0)             ; 8 (0)        ; 0           ; 0            ; 0       ; 0         ; 0    ; 0            ; |Top_final|RF32x32:inst|RFC32x32:inst1|RFC32:inst7|RFC8:inst3             ; work         ;
;                |RFC:inst10|          ; 0 (0)             ; 1 (1)        ; 0           ; 0            ; 0       ; 0         ; 0    ; 0            ; |Top_final|RF32x32:inst|RFC32x32:inst1|RFC32:inst7|RFC8:inst3|RFC:inst10  ; work         ;
;                |RFC:inst11|          ; 0 (0)             ; 1 (1)        ; 0           ; 0            ; 0       ; 0         ; 0    ; 0            ; |Top_final|RF32x32:inst|RFC32x32:inst1|RFC32:inst7|RFC8:inst3|RFC:inst11  ; work         ;
;                |RFC:inst12|          ; 0 (0)             ; 1 (1)        ; 0           ; 0            ; 0       ; 0         ; 0    ; 0            ; |Top_final|RF32x32:inst|RFC32x32:inst1|RFC32:inst7|RFC8:inst3|RFC:inst12  ; work         ;
;                |RFC:inst13|          ; 0 (0)             ; 1 (1)        ; 0           ; 0            ; 0       ; 0         ; 0    ; 0            ; |Top_final|RF32x32:inst|RFC32x32:inst1|RFC32:inst7|RFC8:inst3|RFC:inst13  ; work         ;
;                |RFC:inst14|          ; 0 (0)             ; 1 (1)        ; 0           ; 0            ; 0       ; 0         ; 0    ; 0            ; |Top_final|RF32x32:inst|RFC32x32:inst1|RFC32:inst7|RFC8:inst3|RFC:inst14  ; work         ;
;                |RFC:inst18|          ; 0 (0)             ; 1 (1)        ; 0           ; 0            ; 0       ; 0         ; 0    ; 0            ; |Top_final|RF32x32:inst|RFC32x32:inst1|RFC32:inst7|RFC8:inst3|RFC:inst18  ; work         ;
;                |RFC:inst8|           ; 0 (0)             ; 1 (1)        ; 0           ; 0            ; 0       ; 0         ; 0    ; 0            ; |Top_final|RF32x32:inst|RFC32x32:inst1|RFC32:inst7|RFC8:inst3|RFC:inst8   ; work         ;
;                |RFC:inst9|           ; 0 (0)             ; 1 (1)        ; 0           ; 0            ; 0       ; 0         ; 0    ; 0            ; |Top_final|RF32x32:inst|RFC32x32:inst1|RFC32:inst7|RFC8:inst3|RFC:inst9   ; work         ;
;             |RFC8:inst|              ; 0 (0)             ; 8 (0)        ; 0           ; 0            ; 0       ; 0         ; 0    ; 0            ; |Top_final|RF32x32:inst|RFC32x32:inst1|RFC32:inst7|RFC8:inst              ; work         ;
;                |RFC:inst10|          ; 0 (0)             ; 1 (1)        ; 0           ; 0            ; 0       ; 0         ; 0    ; 0            ; |Top_final|RF32x32:inst|RFC32x32:inst1|RFC32:inst7|RFC8:inst|RFC:inst10   ; work         ;
;                |RFC:inst11|          ; 0 (0)             ; 1 (1)        ; 0           ; 0            ; 0       ; 0         ; 0    ; 0            ; |Top_final|RF32x32:inst|RFC32x32:inst1|RFC32:inst7|RFC8:inst|RFC:inst11   ; work         ;
;                |RFC:inst12|          ; 0 (0)             ; 1 (1)        ; 0           ; 0            ; 0       ; 0         ; 0    ; 0            ; |Top_final|RF32x32:inst|RFC32x32:inst1|RFC32:inst7|RFC8:inst|RFC:inst12   ; work         ;
;                |RFC:inst13|          ; 0 (0)             ; 1 (1)        ; 0           ; 0            ; 0       ; 0         ; 0    ; 0            ; |Top_final|RF32x32:inst|RFC32x32:inst1|RFC32:inst7|RFC8:inst|RFC:inst13   ; work         ;
;                |RFC:inst14|          ; 0 (0)             ; 1 (1)        ; 0           ; 0            ; 0       ; 0         ; 0    ; 0            ; |Top_final|RF32x32:inst|RFC32x32:inst1|RFC32:inst7|RFC8:inst|RFC:inst14   ; work         ;
;                |RFC:inst18|          ; 0 (0)             ; 1 (1)        ; 0           ; 0            ; 0       ; 0         ; 0    ; 0            ; |Top_final|RF32x32:inst|RFC32x32:inst1|RFC32:inst7|RFC8:inst|RFC:inst18   ; work         ;
;                |RFC:inst8|           ; 0 (0)             ; 1 (1)        ; 0           ; 0            ; 0       ; 0         ; 0    ; 0            ; |Top_final|RF32x32:inst|RFC32x32:inst1|RFC32:inst7|RFC8:inst|RFC:inst8    ; work         ;
;                |RFC:inst9|           ; 0 (0)             ; 1 (1)        ; 0           ; 0            ; 0       ; 0         ; 0    ; 0            ; |Top_final|RF32x32:inst|RFC32x32:inst1|RFC32:inst7|RFC8:inst|RFC:inst9    ; work         ;
;          |RFC32:inst8|               ; 0 (0)             ; 32 (0)       ; 0           ; 0            ; 0       ; 0         ; 0    ; 0            ; |Top_final|RF32x32:inst|RFC32x32:inst1|RFC32:inst8                        ; work         ;
;             |RFC8:inst1|             ; 0 (0)             ; 8 (0)        ; 0           ; 0            ; 0       ; 0         ; 0    ; 0            ; |Top_final|RF32x32:inst|RFC32x32:inst1|RFC32:inst8|RFC8:inst1             ; work         ;
;                |RFC:inst10|          ; 0 (0)             ; 1 (1)        ; 0           ; 0            ; 0       ; 0         ; 0    ; 0            ; |Top_final|RF32x32:inst|RFC32x32:inst1|RFC32:inst8|RFC8:inst1|RFC:inst10  ; work         ;
;                |RFC:inst11|          ; 0 (0)             ; 1 (1)        ; 0           ; 0            ; 0       ; 0         ; 0    ; 0            ; |Top_final|RF32x32:inst|RFC32x32:inst1|RFC32:inst8|RFC8:inst1|RFC:inst11  ; work         ;
;                |RFC:inst12|          ; 0 (0)             ; 1 (1)        ; 0           ; 0            ; 0       ; 0         ; 0    ; 0            ; |Top_final|RF32x32:inst|RFC32x32:inst1|RFC32:inst8|RFC8:inst1|RFC:inst12  ; work         ;
;                |RFC:inst13|          ; 0 (0)             ; 1 (1)        ; 0           ; 0            ; 0       ; 0         ; 0    ; 0            ; |Top_final|RF32x32:inst|RFC32x32:inst1|RFC32:inst8|RFC8:inst1|RFC:inst13  ; work         ;
;                |RFC:inst14|          ; 0 (0)             ; 1 (1)        ; 0           ; 0            ; 0       ; 0         ; 0    ; 0            ; |Top_final|RF32x32:inst|RFC32x32:inst1|RFC32:inst8|RFC8:inst1|RFC:inst14  ; work         ;
;                |RFC:inst18|          ; 0 (0)             ; 1 (1)        ; 0           ; 0            ; 0       ; 0         ; 0    ; 0            ; |Top_final|RF32x32:inst|RFC32x32:inst1|RFC32:inst8|RFC8:inst1|RFC:inst18  ; work         ;
;                |RFC:inst8|           ; 0 (0)             ; 1 (1)        ; 0           ; 0            ; 0       ; 0         ; 0    ; 0            ; |Top_final|RF32x32:inst|RFC32x32:inst1|RFC32:inst8|RFC8:inst1|RFC:inst8   ; work         ;
;                |RFC:inst9|           ; 0 (0)             ; 1 (1)        ; 0           ; 0            ; 0       ; 0         ; 0    ; 0            ; |Top_final|RF32x32:inst|RFC32x32:inst1|RFC32:inst8|RFC8:inst1|RFC:inst9   ; work         ;
;             |RFC8:inst2|             ; 0 (0)             ; 8 (0)        ; 0           ; 0            ; 0       ; 0         ; 0    ; 0            ; |Top_final|RF32x32:inst|RFC32x32:inst1|RFC32:inst8|RFC8:inst2             ; work         ;
;                |RFC:inst10|          ; 0 (0)             ; 1 (1)        ; 0           ; 0            ; 0       ; 0         ; 0    ; 0            ; |Top_final|RF32x32:inst|RFC32x32:inst1|RFC32:inst8|RFC8:inst2|RFC:inst10  ; work         ;
;                |RFC:inst11|          ; 0 (0)             ; 1 (1)        ; 0           ; 0            ; 0       ; 0         ; 0    ; 0            ; |Top_final|RF32x32:inst|RFC32x32:inst1|RFC32:inst8|RFC8:inst2|RFC:inst11  ; work         ;
;                |RFC:inst12|          ; 0 (0)             ; 1 (1)        ; 0           ; 0            ; 0       ; 0         ; 0    ; 0            ; |Top_final|RF32x32:inst|RFC32x32:inst1|RFC32:inst8|RFC8:inst2|RFC:inst12  ; work         ;
;                |RFC:inst13|          ; 0 (0)             ; 1 (1)        ; 0           ; 0            ; 0       ; 0         ; 0    ; 0            ; |Top_final|RF32x32:inst|RFC32x32:inst1|RFC32:inst8|RFC8:inst2|RFC:inst13  ; work         ;
;                |RFC:inst14|          ; 0 (0)             ; 1 (1)        ; 0           ; 0            ; 0       ; 0         ; 0    ; 0            ; |Top_final|RF32x32:inst|RFC32x32:inst1|RFC32:inst8|RFC8:inst2|RFC:inst14  ; work         ;
;                |RFC:inst18|          ; 0 (0)             ; 1 (1)        ; 0           ; 0            ; 0       ; 0         ; 0    ; 0            ; |Top_final|RF32x32:inst|RFC32x32:inst1|RFC32:inst8|RFC8:inst2|RFC:inst18  ; work         ;
;                |RFC:inst8|           ; 0 (0)             ; 1 (1)        ; 0           ; 0            ; 0       ; 0         ; 0    ; 0            ; |Top_final|RF32x32:inst|RFC32x32:inst1|RFC32:inst8|RFC8:inst2|RFC:inst8   ; work         ;
;                |RFC:inst9|           ; 0 (0)             ; 1 (1)        ; 0           ; 0            ; 0       ; 0         ; 0    ; 0            ; |Top_final|RF32x32:inst|RFC32x32:inst1|RFC32:inst8|RFC8:inst2|RFC:inst9   ; work         ;
;             |RFC8:inst3|             ; 0 (0)             ; 8 (0)        ; 0           ; 0            ; 0       ; 0         ; 0    ; 0            ; |Top_final|RF32x32:inst|RFC32x32:inst1|RFC32:inst8|RFC8:inst3             ; work         ;
;                |RFC:inst10|          ; 0 (0)             ; 1 (1)        ; 0           ; 0            ; 0       ; 0         ; 0    ; 0            ; |Top_final|RF32x32:inst|RFC32x32:inst1|RFC32:inst8|RFC8:inst3|RFC:inst10  ; work         ;
;                |RFC:inst11|          ; 0 (0)             ; 1 (1)        ; 0           ; 0            ; 0       ; 0         ; 0    ; 0            ; |Top_final|RF32x32:inst|RFC32x32:inst1|RFC32:inst8|RFC8:inst3|RFC:inst11  ; work         ;
;                |RFC:inst12|          ; 0 (0)             ; 1 (1)        ; 0           ; 0            ; 0       ; 0         ; 0    ; 0            ; |Top_final|RF32x32:inst|RFC32x32:inst1|RFC32:inst8|RFC8:inst3|RFC:inst12  ; work         ;
;                |RFC:inst13|          ; 0 (0)             ; 1 (1)        ; 0           ; 0            ; 0       ; 0         ; 0    ; 0            ; |Top_final|RF32x32:inst|RFC32x32:inst1|RFC32:inst8|RFC8:inst3|RFC:inst13  ; work         ;
;                |RFC:inst14|          ; 0 (0)             ; 1 (1)        ; 0           ; 0            ; 0       ; 0         ; 0    ; 0            ; |Top_final|RF32x32:inst|RFC32x32:inst1|RFC32:inst8|RFC8:inst3|RFC:inst14  ; work         ;
;                |RFC:inst18|          ; 0 (0)             ; 1 (1)        ; 0           ; 0            ; 0       ; 0         ; 0    ; 0            ; |Top_final|RF32x32:inst|RFC32x32:inst1|RFC32:inst8|RFC8:inst3|RFC:inst18  ; work         ;
;                |RFC:inst8|           ; 0 (0)             ; 1 (1)        ; 0           ; 0            ; 0       ; 0         ; 0    ; 0            ; |Top_final|RF32x32:inst|RFC32x32:inst1|RFC32:inst8|RFC8:inst3|RFC:inst8   ; work         ;
;                |RFC:inst9|           ; 0 (0)             ; 1 (1)        ; 0           ; 0            ; 0       ; 0         ; 0    ; 0            ; |Top_final|RF32x32:inst|RFC32x32:inst1|RFC32:inst8|RFC8:inst3|RFC:inst9   ; work         ;
;             |RFC8:inst|              ; 0 (0)             ; 8 (0)        ; 0           ; 0            ; 0       ; 0         ; 0    ; 0            ; |Top_final|RF32x32:inst|RFC32x32:inst1|RFC32:inst8|RFC8:inst              ; work         ;
;                |RFC:inst10|          ; 0 (0)             ; 1 (1)        ; 0           ; 0            ; 0       ; 0         ; 0    ; 0            ; |Top_final|RF32x32:inst|RFC32x32:inst1|RFC32:inst8|RFC8:inst|RFC:inst10   ; work         ;
;                |RFC:inst11|          ; 0 (0)             ; 1 (1)        ; 0           ; 0            ; 0       ; 0         ; 0    ; 0            ; |Top_final|RF32x32:inst|RFC32x32:inst1|RFC32:inst8|RFC8:inst|RFC:inst11   ; work         ;
;                |RFC:inst12|          ; 0 (0)             ; 1 (1)        ; 0           ; 0            ; 0       ; 0         ; 0    ; 0            ; |Top_final|RF32x32:inst|RFC32x32:inst1|RFC32:inst8|RFC8:inst|RFC:inst12   ; work         ;
;                |RFC:inst13|          ; 0 (0)             ; 1 (1)        ; 0           ; 0            ; 0       ; 0         ; 0    ; 0            ; |Top_final|RF32x32:inst|RFC32x32:inst1|RFC32:inst8|RFC8:inst|RFC:inst13   ; work         ;
;                |RFC:inst14|          ; 0 (0)             ; 1 (1)        ; 0           ; 0            ; 0       ; 0         ; 0    ; 0            ; |Top_final|RF32x32:inst|RFC32x32:inst1|RFC32:inst8|RFC8:inst|RFC:inst14   ; work         ;
;                |RFC:inst18|          ; 0 (0)             ; 1 (1)        ; 0           ; 0            ; 0       ; 0         ; 0    ; 0            ; |Top_final|RF32x32:inst|RFC32x32:inst1|RFC32:inst8|RFC8:inst|RFC:inst18   ; work         ;
;                |RFC:inst8|           ; 0 (0)             ; 1 (1)        ; 0           ; 0            ; 0       ; 0         ; 0    ; 0            ; |Top_final|RF32x32:inst|RFC32x32:inst1|RFC32:inst8|RFC8:inst|RFC:inst8    ; work         ;
;                |RFC:inst9|           ; 0 (0)             ; 1 (1)        ; 0           ; 0            ; 0       ; 0         ; 0    ; 0            ; |Top_final|RF32x32:inst|RFC32x32:inst1|RFC32:inst8|RFC8:inst|RFC:inst9    ; work         ;
;          |RFC32:inst9|               ; 0 (0)             ; 32 (0)       ; 0           ; 0            ; 0       ; 0         ; 0    ; 0            ; |Top_final|RF32x32:inst|RFC32x32:inst1|RFC32:inst9                        ; work         ;
;             |RFC8:inst1|             ; 0 (0)             ; 8 (0)        ; 0           ; 0            ; 0       ; 0         ; 0    ; 0            ; |Top_final|RF32x32:inst|RFC32x32:inst1|RFC32:inst9|RFC8:inst1             ; work         ;
;                |RFC:inst10|          ; 0 (0)             ; 1 (1)        ; 0           ; 0            ; 0       ; 0         ; 0    ; 0            ; |Top_final|RF32x32:inst|RFC32x32:inst1|RFC32:inst9|RFC8:inst1|RFC:inst10  ; work         ;
;                |RFC:inst11|          ; 0 (0)             ; 1 (1)        ; 0           ; 0            ; 0       ; 0         ; 0    ; 0            ; |Top_final|RF32x32:inst|RFC32x32:inst1|RFC32:inst9|RFC8:inst1|RFC:inst11  ; work         ;
;                |RFC:inst12|          ; 0 (0)             ; 1 (1)        ; 0           ; 0            ; 0       ; 0         ; 0    ; 0            ; |Top_final|RF32x32:inst|RFC32x32:inst1|RFC32:inst9|RFC8:inst1|RFC:inst12  ; work         ;
;                |RFC:inst13|          ; 0 (0)             ; 1 (1)        ; 0           ; 0            ; 0       ; 0         ; 0    ; 0            ; |Top_final|RF32x32:inst|RFC32x32:inst1|RFC32:inst9|RFC8:inst1|RFC:inst13  ; work         ;
;                |RFC:inst14|          ; 0 (0)             ; 1 (1)        ; 0           ; 0            ; 0       ; 0         ; 0    ; 0            ; |Top_final|RF32x32:inst|RFC32x32:inst1|RFC32:inst9|RFC8:inst1|RFC:inst14  ; work         ;
;                |RFC:inst18|          ; 0 (0)             ; 1 (1)        ; 0           ; 0            ; 0       ; 0         ; 0    ; 0            ; |Top_final|RF32x32:inst|RFC32x32:inst1|RFC32:inst9|RFC8:inst1|RFC:inst18  ; work         ;
;                |RFC:inst8|           ; 0 (0)             ; 1 (1)        ; 0           ; 0            ; 0       ; 0         ; 0    ; 0            ; |Top_final|RF32x32:inst|RFC32x32:inst1|RFC32:inst9|RFC8:inst1|RFC:inst8   ; work         ;
;                |RFC:inst9|           ; 0 (0)             ; 1 (1)        ; 0           ; 0            ; 0       ; 0         ; 0    ; 0            ; |Top_final|RF32x32:inst|RFC32x32:inst1|RFC32:inst9|RFC8:inst1|RFC:inst9   ; work         ;
;             |RFC8:inst2|             ; 0 (0)             ; 8 (0)        ; 0           ; 0            ; 0       ; 0         ; 0    ; 0            ; |Top_final|RF32x32:inst|RFC32x32:inst1|RFC32:inst9|RFC8:inst2             ; work         ;
;                |RFC:inst10|          ; 0 (0)             ; 1 (1)        ; 0           ; 0            ; 0       ; 0         ; 0    ; 0            ; |Top_final|RF32x32:inst|RFC32x32:inst1|RFC32:inst9|RFC8:inst2|RFC:inst10  ; work         ;
;                |RFC:inst11|          ; 0 (0)             ; 1 (1)        ; 0           ; 0            ; 0       ; 0         ; 0    ; 0            ; |Top_final|RF32x32:inst|RFC32x32:inst1|RFC32:inst9|RFC8:inst2|RFC:inst11  ; work         ;
;                |RFC:inst12|          ; 0 (0)             ; 1 (1)        ; 0           ; 0            ; 0       ; 0         ; 0    ; 0            ; |Top_final|RF32x32:inst|RFC32x32:inst1|RFC32:inst9|RFC8:inst2|RFC:inst12  ; work         ;
;                |RFC:inst13|          ; 0 (0)             ; 1 (1)        ; 0           ; 0            ; 0       ; 0         ; 0    ; 0            ; |Top_final|RF32x32:inst|RFC32x32:inst1|RFC32:inst9|RFC8:inst2|RFC:inst13  ; work         ;
;                |RFC:inst14|          ; 0 (0)             ; 1 (1)        ; 0           ; 0            ; 0       ; 0         ; 0    ; 0            ; |Top_final|RF32x32:inst|RFC32x32:inst1|RFC32:inst9|RFC8:inst2|RFC:inst14  ; work         ;
;                |RFC:inst18|          ; 0 (0)             ; 1 (1)        ; 0           ; 0            ; 0       ; 0         ; 0    ; 0            ; |Top_final|RF32x32:inst|RFC32x32:inst1|RFC32:inst9|RFC8:inst2|RFC:inst18  ; work         ;
;                |RFC:inst8|           ; 0 (0)             ; 1 (1)        ; 0           ; 0            ; 0       ; 0         ; 0    ; 0            ; |Top_final|RF32x32:inst|RFC32x32:inst1|RFC32:inst9|RFC8:inst2|RFC:inst8   ; work         ;
;                |RFC:inst9|           ; 0 (0)             ; 1 (1)        ; 0           ; 0            ; 0       ; 0         ; 0    ; 0            ; |Top_final|RF32x32:inst|RFC32x32:inst1|RFC32:inst9|RFC8:inst2|RFC:inst9   ; work         ;
;             |RFC8:inst3|             ; 0 (0)             ; 8 (0)        ; 0           ; 0            ; 0       ; 0         ; 0    ; 0            ; |Top_final|RF32x32:inst|RFC32x32:inst1|RFC32:inst9|RFC8:inst3             ; work         ;
;                |RFC:inst10|          ; 0 (0)             ; 1 (1)        ; 0           ; 0            ; 0       ; 0         ; 0    ; 0            ; |Top_final|RF32x32:inst|RFC32x32:inst1|RFC32:inst9|RFC8:inst3|RFC:inst10  ; work         ;
;                |RFC:inst11|          ; 0 (0)             ; 1 (1)        ; 0           ; 0            ; 0       ; 0         ; 0    ; 0            ; |Top_final|RF32x32:inst|RFC32x32:inst1|RFC32:inst9|RFC8:inst3|RFC:inst11  ; work         ;
;                |RFC:inst12|          ; 0 (0)             ; 1 (1)        ; 0           ; 0            ; 0       ; 0         ; 0    ; 0            ; |Top_final|RF32x32:inst|RFC32x32:inst1|RFC32:inst9|RFC8:inst3|RFC:inst12  ; work         ;
;                |RFC:inst13|          ; 0 (0)             ; 1 (1)        ; 0           ; 0            ; 0       ; 0         ; 0    ; 0            ; |Top_final|RF32x32:inst|RFC32x32:inst1|RFC32:inst9|RFC8:inst3|RFC:inst13  ; work         ;
;                |RFC:inst14|          ; 0 (0)             ; 1 (1)        ; 0           ; 0            ; 0       ; 0         ; 0    ; 0            ; |Top_final|RF32x32:inst|RFC32x32:inst1|RFC32:inst9|RFC8:inst3|RFC:inst14  ; work         ;
;                |RFC:inst18|          ; 0 (0)             ; 1 (1)        ; 0           ; 0            ; 0       ; 0         ; 0    ; 0            ; |Top_final|RF32x32:inst|RFC32x32:inst1|RFC32:inst9|RFC8:inst3|RFC:inst18  ; work         ;
;                |RFC:inst8|           ; 0 (0)             ; 1 (1)        ; 0           ; 0            ; 0       ; 0         ; 0    ; 0            ; |Top_final|RF32x32:inst|RFC32x32:inst1|RFC32:inst9|RFC8:inst3|RFC:inst8   ; work         ;
;                |RFC:inst9|           ; 0 (0)             ; 1 (1)        ; 0           ; 0            ; 0       ; 0         ; 0    ; 0            ; |Top_final|RF32x32:inst|RFC32x32:inst1|RFC32:inst9|RFC8:inst3|RFC:inst9   ; work         ;
;             |RFC8:inst|              ; 0 (0)             ; 8 (0)        ; 0           ; 0            ; 0       ; 0         ; 0    ; 0            ; |Top_final|RF32x32:inst|RFC32x32:inst1|RFC32:inst9|RFC8:inst              ; work         ;
;                |RFC:inst10|          ; 0 (0)             ; 1 (1)        ; 0           ; 0            ; 0       ; 0         ; 0    ; 0            ; |Top_final|RF32x32:inst|RFC32x32:inst1|RFC32:inst9|RFC8:inst|RFC:inst10   ; work         ;
;                |RFC:inst11|          ; 0 (0)             ; 1 (1)        ; 0           ; 0            ; 0       ; 0         ; 0    ; 0            ; |Top_final|RF32x32:inst|RFC32x32:inst1|RFC32:inst9|RFC8:inst|RFC:inst11   ; work         ;
;                |RFC:inst12|          ; 0 (0)             ; 1 (1)        ; 0           ; 0            ; 0       ; 0         ; 0    ; 0            ; |Top_final|RF32x32:inst|RFC32x32:inst1|RFC32:inst9|RFC8:inst|RFC:inst12   ; work         ;
;                |RFC:inst13|          ; 0 (0)             ; 1 (1)        ; 0           ; 0            ; 0       ; 0         ; 0    ; 0            ; |Top_final|RF32x32:inst|RFC32x32:inst1|RFC32:inst9|RFC8:inst|RFC:inst13   ; work         ;
;                |RFC:inst14|          ; 0 (0)             ; 1 (1)        ; 0           ; 0            ; 0       ; 0         ; 0    ; 0            ; |Top_final|RF32x32:inst|RFC32x32:inst1|RFC32:inst9|RFC8:inst|RFC:inst14   ; work         ;
;                |RFC:inst18|          ; 0 (0)             ; 1 (1)        ; 0           ; 0            ; 0       ; 0         ; 0    ; 0            ; |Top_final|RF32x32:inst|RFC32x32:inst1|RFC32:inst9|RFC8:inst|RFC:inst18   ; work         ;
;                |RFC:inst8|           ; 0 (0)             ; 1 (1)        ; 0           ; 0            ; 0       ; 0         ; 0    ; 0            ; |Top_final|RF32x32:inst|RFC32x32:inst1|RFC32:inst9|RFC8:inst|RFC:inst8    ; work         ;
;                |RFC:inst9|           ; 0 (0)             ; 1 (1)        ; 0           ; 0            ; 0       ; 0         ; 0    ; 0            ; |Top_final|RF32x32:inst|RFC32x32:inst1|RFC32:inst9|RFC8:inst|RFC:inst9    ; work         ;
;          |RFC32:inst|                ; 1363 (0)          ; 32 (0)       ; 0           ; 0            ; 0       ; 0         ; 0    ; 0            ; |Top_final|RF32x32:inst|RFC32x32:inst1|RFC32:inst                         ; work         ;
;             |RFC8:inst1|             ; 355 (0)           ; 8 (0)        ; 0           ; 0            ; 0       ; 0         ; 0    ; 0            ; |Top_final|RF32x32:inst|RFC32x32:inst1|RFC32:inst|RFC8:inst1              ; work         ;
;                |RFC:inst10|          ; 42 (42)           ; 1 (1)        ; 0           ; 0            ; 0       ; 0         ; 0    ; 0            ; |Top_final|RF32x32:inst|RFC32x32:inst1|RFC32:inst|RFC8:inst1|RFC:inst10   ; work         ;
;                |RFC:inst11|          ; 44 (44)           ; 1 (1)        ; 0           ; 0            ; 0       ; 0         ; 0    ; 0            ; |Top_final|RF32x32:inst|RFC32x32:inst1|RFC32:inst|RFC8:inst1|RFC:inst11   ; work         ;
;                |RFC:inst12|          ; 50 (50)           ; 1 (1)        ; 0           ; 0            ; 0       ; 0         ; 0    ; 0            ; |Top_final|RF32x32:inst|RFC32x32:inst1|RFC32:inst|RFC8:inst1|RFC:inst12   ; work         ;
;                |RFC:inst13|          ; 43 (43)           ; 1 (1)        ; 0           ; 0            ; 0       ; 0         ; 0    ; 0            ; |Top_final|RF32x32:inst|RFC32x32:inst1|RFC32:inst|RFC8:inst1|RFC:inst13   ; work         ;
;                |RFC:inst14|          ; 50 (50)           ; 1 (1)        ; 0           ; 0            ; 0       ; 0         ; 0    ; 0            ; |Top_final|RF32x32:inst|RFC32x32:inst1|RFC32:inst|RFC8:inst1|RFC:inst14   ; work         ;
;                |RFC:inst18|          ; 42 (42)           ; 1 (1)        ; 0           ; 0            ; 0       ; 0         ; 0    ; 0            ; |Top_final|RF32x32:inst|RFC32x32:inst1|RFC32:inst|RFC8:inst1|RFC:inst18   ; work         ;
;                |RFC:inst8|           ; 42 (42)           ; 1 (1)        ; 0           ; 0            ; 0       ; 0         ; 0    ; 0            ; |Top_final|RF32x32:inst|RFC32x32:inst1|RFC32:inst|RFC8:inst1|RFC:inst8    ; work         ;
;                |RFC:inst9|           ; 42 (42)           ; 1 (1)        ; 0           ; 0            ; 0       ; 0         ; 0    ; 0            ; |Top_final|RF32x32:inst|RFC32x32:inst1|RFC32:inst|RFC8:inst1|RFC:inst9    ; work         ;
;             |RFC8:inst2|             ; 336 (0)           ; 8 (0)        ; 0           ; 0            ; 0       ; 0         ; 0    ; 0            ; |Top_final|RF32x32:inst|RFC32x32:inst1|RFC32:inst|RFC8:inst2              ; work         ;
;                |RFC:inst10|          ; 42 (42)           ; 1 (1)        ; 0           ; 0            ; 0       ; 0         ; 0    ; 0            ; |Top_final|RF32x32:inst|RFC32x32:inst1|RFC32:inst|RFC8:inst2|RFC:inst10   ; work         ;
;                |RFC:inst11|          ; 42 (42)           ; 1 (1)        ; 0           ; 0            ; 0       ; 0         ; 0    ; 0            ; |Top_final|RF32x32:inst|RFC32x32:inst1|RFC32:inst|RFC8:inst2|RFC:inst11   ; work         ;
;                |RFC:inst12|          ; 42 (42)           ; 1 (1)        ; 0           ; 0            ; 0       ; 0         ; 0    ; 0            ; |Top_final|RF32x32:inst|RFC32x32:inst1|RFC32:inst|RFC8:inst2|RFC:inst12   ; work         ;
;                |RFC:inst13|          ; 42 (42)           ; 1 (1)        ; 0           ; 0            ; 0       ; 0         ; 0    ; 0            ; |Top_final|RF32x32:inst|RFC32x32:inst1|RFC32:inst|RFC8:inst2|RFC:inst13   ; work         ;
;                |RFC:inst14|          ; 42 (42)           ; 1 (1)        ; 0           ; 0            ; 0       ; 0         ; 0    ; 0            ; |Top_final|RF32x32:inst|RFC32x32:inst1|RFC32:inst|RFC8:inst2|RFC:inst14   ; work         ;
;                |RFC:inst18|          ; 42 (42)           ; 1 (1)        ; 0           ; 0            ; 0       ; 0         ; 0    ; 0            ; |Top_final|RF32x32:inst|RFC32x32:inst1|RFC32:inst|RFC8:inst2|RFC:inst18   ; work         ;
;                |RFC:inst8|           ; 42 (42)           ; 1 (1)        ; 0           ; 0            ; 0       ; 0         ; 0    ; 0            ; |Top_final|RF32x32:inst|RFC32x32:inst1|RFC32:inst|RFC8:inst2|RFC:inst8    ; work         ;
;                |RFC:inst9|           ; 42 (42)           ; 1 (1)        ; 0           ; 0            ; 0       ; 0         ; 0    ; 0            ; |Top_final|RF32x32:inst|RFC32x32:inst1|RFC32:inst|RFC8:inst2|RFC:inst9    ; work         ;
;             |RFC8:inst3|             ; 336 (0)           ; 8 (0)        ; 0           ; 0            ; 0       ; 0         ; 0    ; 0            ; |Top_final|RF32x32:inst|RFC32x32:inst1|RFC32:inst|RFC8:inst3              ; work         ;
;                |RFC:inst10|          ; 42 (42)           ; 1 (1)        ; 0           ; 0            ; 0       ; 0         ; 0    ; 0            ; |Top_final|RF32x32:inst|RFC32x32:inst1|RFC32:inst|RFC8:inst3|RFC:inst10   ; work         ;
;                |RFC:inst11|          ; 42 (42)           ; 1 (1)        ; 0           ; 0            ; 0       ; 0         ; 0    ; 0            ; |Top_final|RF32x32:inst|RFC32x32:inst1|RFC32:inst|RFC8:inst3|RFC:inst11   ; work         ;
;                |RFC:inst12|          ; 42 (42)           ; 1 (1)        ; 0           ; 0            ; 0       ; 0         ; 0    ; 0            ; |Top_final|RF32x32:inst|RFC32x32:inst1|RFC32:inst|RFC8:inst3|RFC:inst12   ; work         ;
;                |RFC:inst13|          ; 42 (42)           ; 1 (1)        ; 0           ; 0            ; 0       ; 0         ; 0    ; 0            ; |Top_final|RF32x32:inst|RFC32x32:inst1|RFC32:inst|RFC8:inst3|RFC:inst13   ; work         ;
;                |RFC:inst14|          ; 42 (42)           ; 1 (1)        ; 0           ; 0            ; 0       ; 0         ; 0    ; 0            ; |Top_final|RF32x32:inst|RFC32x32:inst1|RFC32:inst|RFC8:inst3|RFC:inst14   ; work         ;
;                |RFC:inst18|          ; 42 (42)           ; 1 (1)        ; 0           ; 0            ; 0       ; 0         ; 0    ; 0            ; |Top_final|RF32x32:inst|RFC32x32:inst1|RFC32:inst|RFC8:inst3|RFC:inst18   ; work         ;
;                |RFC:inst8|           ; 42 (42)           ; 1 (1)        ; 0           ; 0            ; 0       ; 0         ; 0    ; 0            ; |Top_final|RF32x32:inst|RFC32x32:inst1|RFC32:inst|RFC8:inst3|RFC:inst8    ; work         ;
;                |RFC:inst9|           ; 42 (42)           ; 1 (1)        ; 0           ; 0            ; 0       ; 0         ; 0    ; 0            ; |Top_final|RF32x32:inst|RFC32x32:inst1|RFC32:inst|RFC8:inst3|RFC:inst9    ; work         ;
;             |RFC8:inst|              ; 336 (0)           ; 8 (0)        ; 0           ; 0            ; 0       ; 0         ; 0    ; 0            ; |Top_final|RF32x32:inst|RFC32x32:inst1|RFC32:inst|RFC8:inst               ; work         ;
;                |RFC:inst10|          ; 42 (42)           ; 1 (1)        ; 0           ; 0            ; 0       ; 0         ; 0    ; 0            ; |Top_final|RF32x32:inst|RFC32x32:inst1|RFC32:inst|RFC8:inst|RFC:inst10    ; work         ;
;                |RFC:inst11|          ; 42 (42)           ; 1 (1)        ; 0           ; 0            ; 0       ; 0         ; 0    ; 0            ; |Top_final|RF32x32:inst|RFC32x32:inst1|RFC32:inst|RFC8:inst|RFC:inst11    ; work         ;
;                |RFC:inst12|          ; 42 (42)           ; 1 (1)        ; 0           ; 0            ; 0       ; 0         ; 0    ; 0            ; |Top_final|RF32x32:inst|RFC32x32:inst1|RFC32:inst|RFC8:inst|RFC:inst12    ; work         ;
;                |RFC:inst13|          ; 42 (42)           ; 1 (1)        ; 0           ; 0            ; 0       ; 0         ; 0    ; 0            ; |Top_final|RF32x32:inst|RFC32x32:inst1|RFC32:inst|RFC8:inst|RFC:inst13    ; work         ;
;                |RFC:inst14|          ; 42 (42)           ; 1 (1)        ; 0           ; 0            ; 0       ; 0         ; 0    ; 0            ; |Top_final|RF32x32:inst|RFC32x32:inst1|RFC32:inst|RFC8:inst|RFC:inst14    ; work         ;
;                |RFC:inst18|          ; 42 (42)           ; 1 (1)        ; 0           ; 0            ; 0       ; 0         ; 0    ; 0            ; |Top_final|RF32x32:inst|RFC32x32:inst1|RFC32:inst|RFC8:inst|RFC:inst18    ; work         ;
;                |RFC:inst8|           ; 42 (42)           ; 1 (1)        ; 0           ; 0            ; 0       ; 0         ; 0    ; 0            ; |Top_final|RF32x32:inst|RFC32x32:inst1|RFC32:inst|RFC8:inst|RFC:inst8     ; work         ;
;                |RFC:inst9|           ; 42 (42)           ; 1 (1)        ; 0           ; 0            ; 0       ; 0         ; 0    ; 0            ; |Top_final|RF32x32:inst|RFC32x32:inst1|RFC32:inst|RFC8:inst|RFC:inst9     ; work         ;
;    |busmux:inst4|                    ; 60 (0)            ; 0 (0)        ; 0           ; 0            ; 0       ; 0         ; 0    ; 0            ; |Top_final|busmux:inst4                                                   ; work         ;
;       |lpm_mux:$00000|               ; 60 (0)            ; 0 (0)        ; 0           ; 0            ; 0       ; 0         ; 0    ; 0            ; |Top_final|busmux:inst4|lpm_mux:$00000                                    ; work         ;
;          |mux_9oc:auto_generated|    ; 60 (60)           ; 0 (0)        ; 0           ; 0            ; 0       ; 0         ; 0    ; 0            ; |Top_final|busmux:inst4|lpm_mux:$00000|mux_9oc:auto_generated             ; work         ;
;    |busmux:inst5|                    ; 709 (0)           ; 0 (0)        ; 0           ; 0            ; 0       ; 0         ; 0    ; 0            ; |Top_final|busmux:inst5                                                   ; work         ;
;       |lpm_mux:$00000|               ; 709 (0)           ; 0 (0)        ; 0           ; 0            ; 0       ; 0         ; 0    ; 0            ; |Top_final|busmux:inst5|lpm_mux:$00000                                    ; work         ;
;          |mux_9oc:auto_generated|    ; 709 (709)         ; 0 (0)        ; 0           ; 0            ; 0       ; 0         ; 0    ; 0            ; |Top_final|busmux:inst5|lpm_mux:$00000|mux_9oc:auto_generated             ; work         ;
;    |busmux:inst7|                    ; 3 (0)             ; 0 (0)        ; 0           ; 0            ; 0       ; 0         ; 0    ; 0            ; |Top_final|busmux:inst7                                                   ; work         ;
;       |lpm_mux:$00000|               ; 3 (0)             ; 0 (0)        ; 0           ; 0            ; 0       ; 0         ; 0    ; 0            ; |Top_final|busmux:inst7|lpm_mux:$00000                                    ; work         ;
;          |mux_pmc:auto_generated|    ; 3 (3)             ; 0 (0)        ; 0           ; 0            ; 0       ; 0         ; 0    ; 0            ; |Top_final|busmux:inst7|lpm_mux:$00000|mux_pmc:auto_generated             ; work         ;
+--------------------------------------+-------------------+--------------+-------------+--------------+---------+-----------+------+--------------+---------------------------------------------------------------------------+--------------+
Note: For table entries with two numbers listed, the numbers in parentheses indicate the number of resources of the given type used by the specific entity alone. The numbers listed outside of parentheses indicate the total resources of the given type used by the specific entity and all of its sub-entities in the hierarchy.


+---------------------------------------------------------------------------------------------------------------------+
; User-Specified and Inferred Latches                                                                                 ;
+-------------------------------------------------------+------------------------------------+------------------------+
; Latch Name                                            ; Latch Enable Signal                ; Free of Timing Hazards ;
+-------------------------------------------------------+------------------------------------+------------------------+
; RAM32x32:inst1|MC1x32:inst36|inst[31]                 ; RAM32x32:inst1|MC1x32:inst36|inst2 ; yes                    ;
; RAM32x32:inst1|MC1x32:inst30|inst[31]                 ; RAM32x32:inst1|MC1x32:inst30|inst2 ; yes                    ;
; RAM32x32:inst1|MC1x32:inst28|inst[31]                 ; RAM32x32:inst1|MC1x32:inst28|inst2 ; yes                    ;
; RAM32x32:inst1|MC1x32:inst40|inst[31]                 ; RAM32x32:inst1|MC1x32:inst40|inst2 ; yes                    ;
; RAM32x32:inst1|MC1x32:inst43|inst[31]                 ; RAM32x32:inst1|MC1x32:inst43|inst2 ; yes                    ;
; RAM32x32:inst1|MC1x32:inst45|inst[31]                 ; RAM32x32:inst1|MC1x32:inst45|inst2 ; yes                    ;
; RAM32x32:inst1|MC1x32:inst51|inst[31]                 ; RAM32x32:inst1|MC1x32:inst51|inst2 ; yes                    ;
; RAM32x32:inst1|MC1x32:inst55|inst[31]                 ; RAM32x32:inst1|MC1x32:inst55|inst2 ; yes                    ;
; RAM32x32:inst1|MC1x32:inst54|inst[31]                 ; RAM32x32:inst1|MC1x32:inst54|inst2 ; yes                    ;
; RAM32x32:inst1|MC1x32:inst50|inst[31]                 ; RAM32x32:inst1|MC1x32:inst50|inst2 ; yes                    ;
; RAM32x32:inst1|MC1x32:inst47|inst[31]                 ; RAM32x32:inst1|MC1x32:inst47|inst2 ; yes                    ;
; RAM32x32:inst1|MC1x32:inst41|inst[31]                 ; RAM32x32:inst1|MC1x32:inst41|inst2 ; yes                    ;
; RAM32x32:inst1|MC1x32:inst39|inst[31]                 ; RAM32x32:inst1|MC1x32:inst39|inst2 ; yes                    ;
; RAM32x32:inst1|MC1x32:inst35|inst[31]                 ; RAM32x32:inst1|MC1x32:inst35|inst2 ; yes                    ;
; RAM32x32:inst1|MC1x32:inst32|inst[31]                 ; RAM32x32:inst1|MC1x32:inst32|inst2 ; yes                    ;
; RAM32x32:inst1|MC1x32:inst26|inst[31]                 ; RAM32x32:inst1|MC1x32:inst26|inst2 ; yes                    ;
; RAM32x32:inst1|MC1x32:inst53|inst[31]                 ; RAM32x32:inst1|MC1x32:inst53|inst2 ; yes                    ;
; RAM32x32:inst1|MC1x32:inst49|inst[31]                 ; RAM32x32:inst1|MC1x32:inst49|inst2 ; yes                    ;
; RAM32x32:inst1|MC1x32:inst46|inst[31]                 ; RAM32x32:inst1|MC1x32:inst46|inst2 ; yes                    ;
; RAM32x32:inst1|MC1x32:inst24|inst[31]                 ; RAM32x32:inst1|MC1x32:inst24|inst2 ; yes                    ;
; RAM32x32:inst1|MC1x32:inst38|inst[31]                 ; RAM32x32:inst1|MC1x32:inst38|inst2 ; yes                    ;
; RAM32x32:inst1|MC1x32:inst34|inst[31]                 ; RAM32x32:inst1|MC1x32:inst34|inst2 ; yes                    ;
; RAM32x32:inst1|MC1x32:inst31|inst[31]                 ; RAM32x32:inst1|MC1x32:inst31|inst2 ; yes                    ;
; RAM32x32:inst1|MC1x32:inst23|inst[31]                 ; RAM32x32:inst1|MC1x32:inst23|inst2 ; yes                    ;
; RAM32x32:inst1|MC1x32:inst52|inst[31]                 ; RAM32x32:inst1|MC1x32:inst52|inst2 ; yes                    ;
; RAM32x32:inst1|MC1x32:inst48|inst[31]                 ; RAM32x32:inst1|MC1x32:inst48|inst2 ; yes                    ;
; RAM32x32:inst1|MC1x32:inst44|inst[31]                 ; RAM32x32:inst1|MC1x32:inst44|inst2 ; yes                    ;
; RAM32x32:inst1|MC1x32:inst42|inst[31]                 ; RAM32x32:inst1|MC1x32:inst42|inst2 ; yes                    ;
; RAM32x32:inst1|MC1x32:inst37|inst[31]                 ; RAM32x32:inst1|MC1x32:inst37|inst2 ; yes                    ;
; RAM32x32:inst1|MC1x32:inst33|inst[31]                 ; RAM32x32:inst1|MC1x32:inst33|inst2 ; yes                    ;
; RAM32x32:inst1|MC1x32:inst29|inst[31]                 ; RAM32x32:inst1|MC1x32:inst29|inst2 ; yes                    ;
; RAM32x32:inst1|MC1x32:inst|inst[31]                   ; RAM32x32:inst1|MC1x32:inst|inst2   ; yes                    ;
; RAM32x32:inst1|MC1x32:inst36|inst[30]                 ; RAM32x32:inst1|MC1x32:inst36|inst2 ; yes                    ;
; RAM32x32:inst1|MC1x32:inst30|inst[30]                 ; RAM32x32:inst1|MC1x32:inst30|inst2 ; yes                    ;
; RAM32x32:inst1|MC1x32:inst28|inst[30]                 ; RAM32x32:inst1|MC1x32:inst28|inst2 ; yes                    ;
; RAM32x32:inst1|MC1x32:inst40|inst[30]                 ; RAM32x32:inst1|MC1x32:inst40|inst2 ; yes                    ;
; RAM32x32:inst1|MC1x32:inst43|inst[30]                 ; RAM32x32:inst1|MC1x32:inst43|inst2 ; yes                    ;
; RAM32x32:inst1|MC1x32:inst45|inst[30]                 ; RAM32x32:inst1|MC1x32:inst45|inst2 ; yes                    ;
; RAM32x32:inst1|MC1x32:inst51|inst[30]                 ; RAM32x32:inst1|MC1x32:inst51|inst2 ; yes                    ;
; RAM32x32:inst1|MC1x32:inst55|inst[30]                 ; RAM32x32:inst1|MC1x32:inst55|inst2 ; yes                    ;
; RAM32x32:inst1|MC1x32:inst54|inst[30]                 ; RAM32x32:inst1|MC1x32:inst54|inst2 ; yes                    ;
; RAM32x32:inst1|MC1x32:inst50|inst[30]                 ; RAM32x32:inst1|MC1x32:inst50|inst2 ; yes                    ;
; RAM32x32:inst1|MC1x32:inst47|inst[30]                 ; RAM32x32:inst1|MC1x32:inst47|inst2 ; yes                    ;
; RAM32x32:inst1|MC1x32:inst41|inst[30]                 ; RAM32x32:inst1|MC1x32:inst41|inst2 ; yes                    ;
; RAM32x32:inst1|MC1x32:inst39|inst[30]                 ; RAM32x32:inst1|MC1x32:inst39|inst2 ; yes                    ;
; RAM32x32:inst1|MC1x32:inst35|inst[30]                 ; RAM32x32:inst1|MC1x32:inst35|inst2 ; yes                    ;
; RAM32x32:inst1|MC1x32:inst32|inst[30]                 ; RAM32x32:inst1|MC1x32:inst32|inst2 ; yes                    ;
; RAM32x32:inst1|MC1x32:inst26|inst[30]                 ; RAM32x32:inst1|MC1x32:inst26|inst2 ; yes                    ;
; RAM32x32:inst1|MC1x32:inst53|inst[30]                 ; RAM32x32:inst1|MC1x32:inst53|inst2 ; yes                    ;
; RAM32x32:inst1|MC1x32:inst49|inst[30]                 ; RAM32x32:inst1|MC1x32:inst49|inst2 ; yes                    ;
; RAM32x32:inst1|MC1x32:inst46|inst[30]                 ; RAM32x32:inst1|MC1x32:inst46|inst2 ; yes                    ;
; RAM32x32:inst1|MC1x32:inst24|inst[30]                 ; RAM32x32:inst1|MC1x32:inst24|inst2 ; yes                    ;
; RAM32x32:inst1|MC1x32:inst38|inst[30]                 ; RAM32x32:inst1|MC1x32:inst38|inst2 ; yes                    ;
; RAM32x32:inst1|MC1x32:inst34|inst[30]                 ; RAM32x32:inst1|MC1x32:inst34|inst2 ; yes                    ;
; RAM32x32:inst1|MC1x32:inst31|inst[30]                 ; RAM32x32:inst1|MC1x32:inst31|inst2 ; yes                    ;
; RAM32x32:inst1|MC1x32:inst23|inst[30]                 ; RAM32x32:inst1|MC1x32:inst23|inst2 ; yes                    ;
; RAM32x32:inst1|MC1x32:inst52|inst[30]                 ; RAM32x32:inst1|MC1x32:inst52|inst2 ; yes                    ;
; RAM32x32:inst1|MC1x32:inst48|inst[30]                 ; RAM32x32:inst1|MC1x32:inst48|inst2 ; yes                    ;
; RAM32x32:inst1|MC1x32:inst44|inst[30]                 ; RAM32x32:inst1|MC1x32:inst44|inst2 ; yes                    ;
; RAM32x32:inst1|MC1x32:inst42|inst[30]                 ; RAM32x32:inst1|MC1x32:inst42|inst2 ; yes                    ;
; RAM32x32:inst1|MC1x32:inst37|inst[30]                 ; RAM32x32:inst1|MC1x32:inst37|inst2 ; yes                    ;
; RAM32x32:inst1|MC1x32:inst33|inst[30]                 ; RAM32x32:inst1|MC1x32:inst33|inst2 ; yes                    ;
; RAM32x32:inst1|MC1x32:inst29|inst[30]                 ; RAM32x32:inst1|MC1x32:inst29|inst2 ; yes                    ;
; RAM32x32:inst1|MC1x32:inst|inst[30]                   ; RAM32x32:inst1|MC1x32:inst|inst2   ; yes                    ;
; RAM32x32:inst1|MC1x32:inst36|inst[29]                 ; RAM32x32:inst1|MC1x32:inst36|inst2 ; yes                    ;
; RAM32x32:inst1|MC1x32:inst30|inst[29]                 ; RAM32x32:inst1|MC1x32:inst30|inst2 ; yes                    ;
; RAM32x32:inst1|MC1x32:inst28|inst[29]                 ; RAM32x32:inst1|MC1x32:inst28|inst2 ; yes                    ;
; RAM32x32:inst1|MC1x32:inst40|inst[29]                 ; RAM32x32:inst1|MC1x32:inst40|inst2 ; yes                    ;
; RAM32x32:inst1|MC1x32:inst43|inst[29]                 ; RAM32x32:inst1|MC1x32:inst43|inst2 ; yes                    ;
; RAM32x32:inst1|MC1x32:inst45|inst[29]                 ; RAM32x32:inst1|MC1x32:inst45|inst2 ; yes                    ;
; RAM32x32:inst1|MC1x32:inst51|inst[29]                 ; RAM32x32:inst1|MC1x32:inst51|inst2 ; yes                    ;
; RAM32x32:inst1|MC1x32:inst55|inst[29]                 ; RAM32x32:inst1|MC1x32:inst55|inst2 ; yes                    ;
; RAM32x32:inst1|MC1x32:inst54|inst[29]                 ; RAM32x32:inst1|MC1x32:inst54|inst2 ; yes                    ;
; RAM32x32:inst1|MC1x32:inst50|inst[29]                 ; RAM32x32:inst1|MC1x32:inst50|inst2 ; yes                    ;
; RAM32x32:inst1|MC1x32:inst47|inst[29]                 ; RAM32x32:inst1|MC1x32:inst47|inst2 ; yes                    ;
; RAM32x32:inst1|MC1x32:inst41|inst[29]                 ; RAM32x32:inst1|MC1x32:inst41|inst2 ; yes                    ;
; RAM32x32:inst1|MC1x32:inst39|inst[29]                 ; RAM32x32:inst1|MC1x32:inst39|inst2 ; yes                    ;
; RAM32x32:inst1|MC1x32:inst35|inst[29]                 ; RAM32x32:inst1|MC1x32:inst35|inst2 ; yes                    ;
; RAM32x32:inst1|MC1x32:inst32|inst[29]                 ; RAM32x32:inst1|MC1x32:inst32|inst2 ; yes                    ;
; RAM32x32:inst1|MC1x32:inst26|inst[29]                 ; RAM32x32:inst1|MC1x32:inst26|inst2 ; yes                    ;
; RAM32x32:inst1|MC1x32:inst53|inst[29]                 ; RAM32x32:inst1|MC1x32:inst53|inst2 ; yes                    ;
; RAM32x32:inst1|MC1x32:inst49|inst[29]                 ; RAM32x32:inst1|MC1x32:inst49|inst2 ; yes                    ;
; RAM32x32:inst1|MC1x32:inst46|inst[29]                 ; RAM32x32:inst1|MC1x32:inst46|inst2 ; yes                    ;
; RAM32x32:inst1|MC1x32:inst24|inst[29]                 ; RAM32x32:inst1|MC1x32:inst24|inst2 ; yes                    ;
; RAM32x32:inst1|MC1x32:inst38|inst[29]                 ; RAM32x32:inst1|MC1x32:inst38|inst2 ; yes                    ;
; RAM32x32:inst1|MC1x32:inst34|inst[29]                 ; RAM32x32:inst1|MC1x32:inst34|inst2 ; yes                    ;
; RAM32x32:inst1|MC1x32:inst31|inst[29]                 ; RAM32x32:inst1|MC1x32:inst31|inst2 ; yes                    ;
; RAM32x32:inst1|MC1x32:inst23|inst[29]                 ; RAM32x32:inst1|MC1x32:inst23|inst2 ; yes                    ;
; RAM32x32:inst1|MC1x32:inst52|inst[29]                 ; RAM32x32:inst1|MC1x32:inst52|inst2 ; yes                    ;
; RAM32x32:inst1|MC1x32:inst48|inst[29]                 ; RAM32x32:inst1|MC1x32:inst48|inst2 ; yes                    ;
; RAM32x32:inst1|MC1x32:inst44|inst[29]                 ; RAM32x32:inst1|MC1x32:inst44|inst2 ; yes                    ;
; RAM32x32:inst1|MC1x32:inst42|inst[29]                 ; RAM32x32:inst1|MC1x32:inst42|inst2 ; yes                    ;
; RAM32x32:inst1|MC1x32:inst37|inst[29]                 ; RAM32x32:inst1|MC1x32:inst37|inst2 ; yes                    ;
; RAM32x32:inst1|MC1x32:inst33|inst[29]                 ; RAM32x32:inst1|MC1x32:inst33|inst2 ; yes                    ;
; RAM32x32:inst1|MC1x32:inst29|inst[29]                 ; RAM32x32:inst1|MC1x32:inst29|inst2 ; yes                    ;
; RAM32x32:inst1|MC1x32:inst|inst[29]                   ; RAM32x32:inst1|MC1x32:inst|inst2   ; yes                    ;
; RAM32x32:inst1|MC1x32:inst36|inst[28]                 ; RAM32x32:inst1|MC1x32:inst36|inst2 ; yes                    ;
; RAM32x32:inst1|MC1x32:inst30|inst[28]                 ; RAM32x32:inst1|MC1x32:inst30|inst2 ; yes                    ;
; RAM32x32:inst1|MC1x32:inst28|inst[28]                 ; RAM32x32:inst1|MC1x32:inst28|inst2 ; yes                    ;
; RAM32x32:inst1|MC1x32:inst40|inst[28]                 ; RAM32x32:inst1|MC1x32:inst40|inst2 ; yes                    ;
; Number of user-specified and inferred latches = 1024  ;                                    ;                        ;
+-------------------------------------------------------+------------------------------------+------------------------+
Table restricted to first 100 entries. Note: All latches listed above may not be present at the end of synthesis due to various synthesis optimizations.


+------------------------------------------------------+
; General Register Statistics                          ;
+----------------------------------------------+-------+
; Statistic                                    ; Value ;
+----------------------------------------------+-------+
; Total registers                              ; 1024  ;
; Number of registers using Synchronous Clear  ; 0     ;
; Number of registers using Synchronous Load   ; 0     ;
; Number of registers using Asynchronous Clear ; 0     ;
; Number of registers using Asynchronous Load  ; 0     ;
; Number of registers using Clock Enable       ; 1024  ;
; Number of registers using Preset             ; 0     ;
+----------------------------------------------+-------+


+---------------------------------------------------------------------+
; Parameter Settings for User Entity Instance: ALU:inst8|BUSMUX:inst4 ;
+----------------+-------+--------------------------------------------+
; Parameter Name ; Value ; Type                                       ;
+----------------+-------+--------------------------------------------+
; WIDTH          ; 32    ; Untyped                                    ;
+----------------+-------+--------------------------------------------+
Note: In order to hide this table in the UI and the text report file, please set the "Show Parameter Settings in Synthesis Report" option in "Analysis and Synthesis Settings -> More Settings" to "Off".


+-----------------------------------------------------------+
; Parameter Settings for User Entity Instance: BUSMUX:inst5 ;
+----------------+-------+----------------------------------+
; Parameter Name ; Value ; Type                             ;
+----------------+-------+----------------------------------+
; WIDTH          ; 32    ; Untyped                          ;
+----------------+-------+----------------------------------+
Note: In order to hide this table in the UI and the text report file, please set the "Show Parameter Settings in Synthesis Report" option in "Analysis and Synthesis Settings -> More Settings" to "Off".


+-----------------------------------------------------------+
; Parameter Settings for User Entity Instance: BUSMUX:inst7 ;
+----------------+-------+----------------------------------+
; Parameter Name ; Value ; Type                             ;
+----------------+-------+----------------------------------+
; WIDTH          ; 5     ; Untyped                          ;
+----------------+-------+----------------------------------+
Note: In order to hide this table in the UI and the text report file, please set the "Show Parameter Settings in Synthesis Report" option in "Analysis and Synthesis Settings -> More Settings" to "Off".


+-----------------------------------------------------------+
; Parameter Settings for User Entity Instance: BUSMUX:inst4 ;
+----------------+-------+----------------------------------+
; Parameter Name ; Value ; Type                             ;
+----------------+-------+----------------------------------+
; WIDTH          ; 32    ; Untyped                          ;
+----------------+-------+----------------------------------+
Note: In order to hide this table in the UI and the text report file, please set the "Show Parameter Settings in Synthesis Report" option in "Analysis and Synthesis Settings -> More Settings" to "Off".


+-------------------------------+
; Elapsed Time Per Partition    ;
+----------------+--------------+
; Partition Name ; Elapsed Time ;
+----------------+--------------+
; Top            ; 00:00:07     ;
+----------------+--------------+


+-------------------------------+
; Analysis & Synthesis Messages ;
+-------------------------------+
Info: *******************************************************************
Info: Running Quartus II 64-Bit Analysis & Synthesis
    Info: Version 13.0.1 Build 232 06/12/2013 Service Pack 1 SJ Web Edition
    Info: Processing started: Sun Jan 04 19:44:57 2026
Info: Command: quartus_map --read_settings_files=on --write_settings_files=off MIPS -c MIPS
Warning (20028): Parallel compilation is not licensed and has been disabled
Info (12021): Found 1 design units, including 1 entities, in source file control.bdf
    Info (12023): Found entity 1: Control
Info (12021): Found 1 design units, including 1 entities, in source file alucontrol.bdf
    Info (12023): Found entity 1: ALUcontrol
Info (12021): Found 1 design units, including 1 entities, in source file controlunit.bdf
    Info (12023): Found entity 1: ControlUnit
Info (12021): Found 1 design units, including 1 entities, in source file rfc.bdf
    Info (12023): Found entity 1: RFC
Info (12021): Found 1 design units, including 1 entities, in source file rfc8.bdf
    Info (12023): Found entity 1: RFC8
Info (12021): Found 1 design units, including 1 entities, in source file rfc16.bdf
    Info (12023): Found entity 1: RFC16
Info (12021): Found 1 design units, including 1 entities, in source file rfc32.bdf
    Info (12023): Found entity 1: RFC32
Info (12021): Found 1 design units, including 1 entities, in source file rfc32x32.bdf
    Info (12023): Found entity 1: RFC32x32
Info (12021): Found 1 design units, including 1 entities, in source file 2to4decoder.bdf
    Info (12023): Found entity 1: 2to4decoder
Info (12021): Found 1 design units, including 1 entities, in source file 3to8decoder.bdf
    Info (12023): Found entity 1: 3to8decoder
Info (12021): Found 1 design units, including 1 entities, in source file 5to32decoder.bdf
    Info (12023): Found entity 1: 5to32decoder
Info (12021): Found 1 design units, including 1 entities, in source file rf32x32.bdf
    Info (12023): Found entity 1: RF32x32
Info (12021): Found 1 design units, including 1 entities, in source file fulladder.bdf
    Info (12023): Found entity 1: fulladder
Info (12021): Found 1 design units, including 1 entities, in source file add_32bit.bdf
    Info (12023): Found entity 1: add_32bit
Info (12021): Found 1 design units, including 1 entities, in source file mc1x32.bdf
    Info (12023): Found entity 1: MC1x32
Info (12021): Found 1 design units, including 1 entities, in source file ram32x32.bdf
    Info (12023): Found entity 1: RAM32x32
Info (12021): Found 1 design units, including 1 entities, in source file sign_extend.bdf
    Info (12023): Found entity 1: sign_extend
Info (12021): Found 1 design units, including 1 entities, in source file slt_32.v
    Info (12023): Found entity 1: slt_32
Info (12021): Found 1 design units, including 1 entities, in source file alu.bdf
    Info (12023): Found entity 1: ALU
Info (12021): Found 1 design units, including 1 entities, in source file top_final.bdf
    Info (12023): Found entity 1: Top_final
Info (12021): Found 1 design units, including 1 entities, in source file decode.v
    Info (12023): Found entity 1: decoder5to32
Info (12021): Found 1 design units, including 1 entities, in source file dmem32.bdf
    Info (12023): Found entity 1: Dmem32
Info (12021): Found 1 design units, including 1 entities, in source file ramcell32.bdf
    Info (12023): Found entity 1: Ramcell32
Info (12127): Elaborating entity "Top_final" for the top level hierarchy
Info (12128): Elaborating entity "ControlUnit" for hierarchy "ControlUnit:inst6"
Info (12128): Elaborating entity "Control" for hierarchy "ControlUnit:inst6|Control:inst1"
Info (12128): Elaborating entity "ALUcontrol" for hierarchy "ControlUnit:inst6|ALUcontrol:inst"
Warning (275008): Primitive "NOT" of instance "inst11" not used
Warning (275008): Primitive "NOT" of instance "inst1111" not used
Warning (275008): Primitive "NOT" of instance "inst13" not used
Warning (275008): Primitive "NOT" of instance "inst8" not used
Info (12128): Elaborating entity "ALU" for hierarchy "ALU:inst8"
Info (12128): Elaborating entity "BUSMUX" for hierarchy "ALU:inst8|BUSMUX:inst4"
Info (12130): Elaborated megafunction instantiation "ALU:inst8|BUSMUX:inst4"
Info (12133): Instantiated megafunction "ALU:inst8|BUSMUX:inst4" with the following parameter:
    Info (12134): Parameter "WIDTH" = "32"
Info (12128): Elaborating entity "lpm_mux" for hierarchy "ALU:inst8|BUSMUX:inst4|lpm_mux:$00000"
Info (12131): Elaborated megafunction instantiation "ALU:inst8|BUSMUX:inst4|lpm_mux:$00000", which is child of megafunction instantiation "ALU:inst8|BUSMUX:inst4"
Info (12021): Found 1 design units, including 1 entities, in source file db/mux_9oc.tdf
    Info (12023): Found entity 1: mux_9oc
Info (12128): Elaborating entity "mux_9oc" for hierarchy "ALU:inst8|BUSMUX:inst4|lpm_mux:$00000|mux_9oc:auto_generated"
Info (12128): Elaborating entity "add_32bit" for hierarchy "ALU:inst8|add_32bit:inst1"
Info (12128): Elaborating entity "fulladder" for hierarchy "ALU:inst8|add_32bit:inst1|fulladder:inst"
Info (12128): Elaborating entity "slt_32" for hierarchy "ALU:inst8|slt_32:inst"
Info (12128): Elaborating entity "RF32x32" for hierarchy "RF32x32:inst"
Info (12128): Elaborating entity "RFC32x32" for hierarchy "RF32x32:inst|RFC32x32:inst1"
Info (12128): Elaborating entity "RFC32" for hierarchy "RF32x32:inst|RFC32x32:inst1|RFC32:inst"
Info (12128): Elaborating entity "RFC8" for hierarchy "RF32x32:inst|RFC32x32:inst1|RFC32:inst|RFC8:inst"
Info (12128): Elaborating entity "RFC" for hierarchy "RF32x32:inst|RFC32x32:inst1|RFC32:inst|RFC8:inst|RFC:inst18"
Info (12128): Elaborating entity "5to32decoder" for hierarchy "RF32x32:inst|5to32decoder:inst2"
Info (12128): Elaborating entity "3to8decoder" for hierarchy "RF32x32:inst|5to32decoder:inst2|3to8decoder:inst1"
Info (12128): Elaborating entity "2to4decoder" for hierarchy "RF32x32:inst|5to32decoder:inst2|2to4decoder:inst"
Info (12128): Elaborating entity "RAM32x32" for hierarchy "RAM32x32:inst1"
Info (12128): Elaborating entity "MC1x32" for hierarchy "RAM32x32:inst1|MC1x32:inst36"
Info (12128): Elaborating entity "BUSMUX" for hierarchy "BUSMUX:inst7"
Info (12130): Elaborated megafunction instantiation "BUSMUX:inst7"
Info (12133): Instantiated megafunction "BUSMUX:inst7" with the following parameter:
    Info (12134): Parameter "WIDTH" = "5"
Info (12128): Elaborating entity "lpm_mux" for hierarchy "BUSMUX:inst7|lpm_mux:$00000"
Info (12131): Elaborated megafunction instantiation "BUSMUX:inst7|lpm_mux:$00000", which is child of megafunction instantiation "BUSMUX:inst7"
Info (12021): Found 1 design units, including 1 entities, in source file db/mux_pmc.tdf
    Info (12023): Found entity 1: mux_pmc
Info (12128): Elaborating entity "mux_pmc" for hierarchy "BUSMUX:inst7|lpm_mux:$00000|mux_pmc:auto_generated"
Info (12128): Elaborating entity "sign_extend" for hierarchy "sign_extend:inst3"
Warning (13046): Tri-state node(s) do not directly drive top-level pin(s)
    Warning (13047): Converted the fan-out from the tri-state buffer "RAM32x32:inst1|inst17[31]" to the node "busmux:inst5|lpm_mux:$00000|mux_9oc:auto_generated|result_node[31]" into an OR gate
    Warning (13047): Converted the fan-out from the tri-state buffer "RAM32x32:inst1|inst17[30]" to the node "busmux:inst5|lpm_mux:$00000|mux_9oc:auto_generated|result_node[30]" into an OR gate
    Warning (13047): Converted the fan-out from the tri-state buffer "RAM32x32:inst1|inst17[29]" to the node "busmux:inst5|lpm_mux:$00000|mux_9oc:auto_generated|result_node[29]" into an OR gate
    Warning (13047): Converted the fan-out from the tri-state buffer "RAM32x32:inst1|inst17[28]" to the node "busmux:inst5|lpm_mux:$00000|mux_9oc:auto_generated|result_node[28]" into an OR gate
    Warning (13047): Converted the fan-out from the tri-state buffer "RAM32x32:inst1|inst17[27]" to the node "busmux:inst5|lpm_mux:$00000|mux_9oc:auto_generated|result_node[27]" into an OR gate
    Warning (13047): Converted the fan-out from the tri-state buffer "RAM32x32:inst1|inst17[26]" to the node "busmux:inst5|lpm_mux:$00000|mux_9oc:auto_generated|result_node[26]" into an OR gate
    Warning (13047): Converted the fan-out from the tri-state buffer "RAM32x32:inst1|inst17[25]" to the node "busmux:inst5|lpm_mux:$00000|mux_9oc:auto_generated|result_node[25]" into an OR gate
    Warning (13047): Converted the fan-out from the tri-state buffer "RAM32x32:inst1|inst17[24]" to the node "busmux:inst5|lpm_mux:$00000|mux_9oc:auto_generated|result_node[24]" into an OR gate
    Warning (13047): Converted the fan-out from the tri-state buffer "RAM32x32:inst1|inst17[23]" to the node "busmux:inst5|lpm_mux:$00000|mux_9oc:auto_generated|result_node[23]" into an OR gate
    Warning (13047): Converted the fan-out from the tri-state buffer "RAM32x32:inst1|inst17[22]" to the node "busmux:inst5|lpm_mux:$00000|mux_9oc:auto_generated|result_node[22]" into an OR gate
    Warning (13047): Converted the fan-out from the tri-state buffer "RAM32x32:inst1|inst17[21]" to the node "busmux:inst5|lpm_mux:$00000|mux_9oc:auto_generated|result_node[21]" into an OR gate
    Warning (13047): Converted the fan-out from the tri-state buffer "RAM32x32:inst1|inst17[20]" to the node "busmux:inst5|lpm_mux:$00000|mux_9oc:auto_generated|result_node[20]" into an OR gate
    Warning (13047): Converted the fan-out from the tri-state buffer "RAM32x32:inst1|inst17[19]" to the node "busmux:inst5|lpm_mux:$00000|mux_9oc:auto_generated|result_node[19]" into an OR gate
    Warning (13047): Converted the fan-out from the tri-state buffer "RAM32x32:inst1|inst17[18]" to the node "busmux:inst5|lpm_mux:$00000|mux_9oc:auto_generated|result_node[18]" into an OR gate
    Warning (13047): Converted the fan-out from the tri-state buffer "RAM32x32:inst1|inst17[17]" to the node "busmux:inst5|lpm_mux:$00000|mux_9oc:auto_generated|result_node[17]" into an OR gate
    Warning (13047): Converted the fan-out from the tri-state buffer "RAM32x32:inst1|inst17[16]" to the node "busmux:inst5|lpm_mux:$00000|mux_9oc:auto_generated|result_node[16]" into an OR gate
    Warning (13047): Converted the fan-out from the tri-state buffer "RAM32x32:inst1|inst17[15]" to the node "busmux:inst5|lpm_mux:$00000|mux_9oc:auto_generated|result_node[15]" into an OR gate
    Warning (13047): Converted the fan-out from the tri-state buffer "RAM32x32:inst1|inst17[14]" to the node "busmux:inst5|lpm_mux:$00000|mux_9oc:auto_generated|result_node[14]" into an OR gate
    Warning (13047): Converted the fan-out from the tri-state buffer "RAM32x32:inst1|inst17[13]" to the node "busmux:inst5|lpm_mux:$00000|mux_9oc:auto_generated|result_node[13]" into an OR gate
    Warning (13047): Converted the fan-out from the tri-state buffer "RAM32x32:inst1|inst17[12]" to the node "busmux:inst5|lpm_mux:$00000|mux_9oc:auto_generated|result_node[12]" into an OR gate
    Warning (13047): Converted the fan-out from the tri-state buffer "RAM32x32:inst1|inst17[11]" to the node "busmux:inst5|lpm_mux:$00000|mux_9oc:auto_generated|result_node[11]" into an OR gate
    Warning (13047): Converted the fan-out from the tri-state buffer "RAM32x32:inst1|inst17[10]" to the node "busmux:inst5|lpm_mux:$00000|mux_9oc:auto_generated|result_node[10]" into an OR gate
    Warning (13047): Converted the fan-out from the tri-state buffer "RAM32x32:inst1|inst17[9]" to the node "busmux:inst5|lpm_mux:$00000|mux_9oc:auto_generated|result_node[9]" into an OR gate
    Warning (13047): Converted the fan-out from the tri-state buffer "RAM32x32:inst1|inst17[8]" to the node "busmux:inst5|lpm_mux:$00000|mux_9oc:auto_generated|result_node[8]" into an OR gate
    Warning (13047): Converted the fan-out from the tri-state buffer "RAM32x32:inst1|inst17[7]" to the node "busmux:inst5|lpm_mux:$00000|mux_9oc:auto_generated|result_node[7]" into an OR gate
    Warning (13047): Converted the fan-out from the tri-state buffer "RAM32x32:inst1|inst17[6]" to the node "busmux:inst5|lpm_mux:$00000|mux_9oc:auto_generated|result_node[6]" into an OR gate
    Warning (13047): Converted the fan-out from the tri-state buffer "RAM32x32:inst1|inst17[5]" to the node "busmux:inst5|lpm_mux:$00000|mux_9oc:auto_generated|result_node[5]" into an OR gate
    Warning (13047): Converted the fan-out from the tri-state buffer "RAM32x32:inst1|inst17[4]" to the node "busmux:inst5|lpm_mux:$00000|mux_9oc:auto_generated|result_node[4]" into an OR gate
    Warning (13047): Converted the fan-out from the tri-state buffer "RAM32x32:inst1|inst17[3]" to the node "busmux:inst5|lpm_mux:$00000|mux_9oc:auto_generated|result_node[3]" into an OR gate
    Warning (13047): Converted the fan-out from the tri-state buffer "RAM32x32:inst1|inst17[2]" to the node "busmux:inst5|lpm_mux:$00000|mux_9oc:auto_generated|result_node[2]" into an OR gate
    Warning (13047): Converted the fan-out from the tri-state buffer "RAM32x32:inst1|inst17[0]" to the node "busmux:inst5|lpm_mux:$00000|mux_9oc:auto_generated|result_node[0]" into an OR gate
    Warning (13047): Converted the fan-out from the tri-state buffer "RAM32x32:inst1|inst17[1]" to the node "busmux:inst5|lpm_mux:$00000|mux_9oc:auto_generated|result_node[1]" into an OR gate
Warning (13046): Tri-state node(s) do not directly drive top-level pin(s)
    Warning (13047): Converted the fan-out from the tri-state buffer "RAM32x32:inst1|MC1x32:inst36|inst1[31]" to the node "RAM32x32:inst1|inst17[31]" into an OR gate
    Warning (13047): Converted the fan-out from the tri-state buffer "RAM32x32:inst1|MC1x32:inst36|inst1[30]" to the node "RAM32x32:inst1|inst17[30]" into an OR gate
    Warning (13047): Converted the fan-out from the tri-state buffer "RAM32x32:inst1|MC1x32:inst36|inst1[29]" to the node "RAM32x32:inst1|inst17[29]" into an OR gate
    Warning (13047): Converted the fan-out from the tri-state buffer "RAM32x32:inst1|MC1x32:inst36|inst1[28]" to the node "RAM32x32:inst1|inst17[28]" into an OR gate
    Warning (13047): Converted the fan-out from the tri-state buffer "RAM32x32:inst1|MC1x32:inst36|inst1[27]" to the node "RAM32x32:inst1|inst17[27]" into an OR gate
    Warning (13047): Converted the fan-out from the tri-state buffer "RAM32x32:inst1|MC1x32:inst36|inst1[26]" to the node "RAM32x32:inst1|inst17[26]" into an OR gate
    Warning (13047): Converted the fan-out from the tri-state buffer "RAM32x32:inst1|MC1x32:inst36|inst1[25]" to the node "RAM32x32:inst1|inst17[25]" into an OR gate
    Warning (13047): Converted the fan-out from the tri-state buffer "RAM32x32:inst1|MC1x32:inst36|inst1[24]" to the node "RAM32x32:inst1|inst17[24]" into an OR gate
    Warning (13047): Converted the fan-out from the tri-state buffer "RAM32x32:inst1|MC1x32:inst36|inst1[23]" to the node "RAM32x32:inst1|inst17[23]" into an OR gate
    Warning (13047): Converted the fan-out from the tri-state buffer "RAM32x32:inst1|MC1x32:inst36|inst1[22]" to the node "RAM32x32:inst1|inst17[22]" into an OR gate
    Warning (13047): Converted the fan-out from the tri-state buffer "RAM32x32:inst1|MC1x32:inst36|inst1[21]" to the node "RAM32x32:inst1|inst17[21]" into an OR gate
    Warning (13047): Converted the fan-out from the tri-state buffer "RAM32x32:inst1|MC1x32:inst36|inst1[20]" to the node "RAM32x32:inst1|inst17[20]" into an OR gate
    Warning (13047): Converted the fan-out from the tri-state buffer "RAM32x32:inst1|MC1x32:inst36|inst1[19]" to the node "RAM32x32:inst1|inst17[19]" into an OR gate
    Warning (13047): Converted the fan-out from the tri-state buffer "RAM32x32:inst1|MC1x32:inst36|inst1[18]" to the node "RAM32x32:inst1|inst17[18]" into an OR gate
    Warning (13047): Converted the fan-out from the tri-state buffer "RAM32x32:inst1|MC1x32:inst36|inst1[17]" to the node "RAM32x32:inst1|inst17[17]" into an OR gate
    Warning (13047): Converted the fan-out from the tri-state buffer "RAM32x32:inst1|MC1x32:inst36|inst1[16]" to the node "RAM32x32:inst1|inst17[16]" into an OR gate
    Warning (13047): Converted the fan-out from the tri-state buffer "RAM32x32:inst1|MC1x32:inst36|inst1[15]" to the node "RAM32x32:inst1|inst17[15]" into an OR gate
    Warning (13047): Converted the fan-out from the tri-state buffer "RAM32x32:inst1|MC1x32:inst36|inst1[14]" to the node "RAM32x32:inst1|inst17[14]" into an OR gate
    Warning (13047): Converted the fan-out from the tri-state buffer "RAM32x32:inst1|MC1x32:inst36|inst1[13]" to the node "RAM32x32:inst1|inst17[13]" into an OR gate
    Warning (13047): Converted the fan-out from the tri-state buffer "RAM32x32:inst1|MC1x32:inst36|inst1[12]" to the node "RAM32x32:inst1|inst17[12]" into an OR gate
    Warning (13047): Converted the fan-out from the tri-state buffer "RAM32x32:inst1|MC1x32:inst36|inst1[11]" to the node "RAM32x32:inst1|inst17[11]" into an OR gate
    Warning (13047): Converted the fan-out from the tri-state buffer "RAM32x32:inst1|MC1x32:inst36|inst1[10]" to the node "RAM32x32:inst1|inst17[10]" into an OR gate
    Warning (13047): Converted the fan-out from the tri-state buffer "RAM32x32:inst1|MC1x32:inst36|inst1[9]" to the node "RAM32x32:inst1|inst17[9]" into an OR gate
    Warning (13047): Converted the fan-out from the tri-state buffer "RAM32x32:inst1|MC1x32:inst36|inst1[8]" to the node "RAM32x32:inst1|inst17[8]" into an OR gate
    Warning (13047): Converted the fan-out from the tri-state buffer "RAM32x32:inst1|MC1x32:inst36|inst1[7]" to the node "RAM32x32:inst1|inst17[7]" into an OR gate
    Warning (13047): Converted the fan-out from the tri-state buffer "RAM32x32:inst1|MC1x32:inst36|inst1[6]" to the node "RAM32x32:inst1|inst17[6]" into an OR gate
    Warning (13047): Converted the fan-out from the tri-state buffer "RAM32x32:inst1|MC1x32:inst36|inst1[5]" to the node "RAM32x32:inst1|inst17[5]" into an OR gate
    Warning (13047): Converted the fan-out from the tri-state buffer "RAM32x32:inst1|MC1x32:inst36|inst1[4]" to the node "RAM32x32:inst1|inst17[4]" into an OR gate
    Warning (13047): Converted the fan-out from the tri-state buffer "RAM32x32:inst1|MC1x32:inst36|inst1[3]" to the node "RAM32x32:inst1|inst17[3]" into an OR gate
    Warning (13047): Converted the fan-out from the tri-state buffer "RAM32x32:inst1|MC1x32:inst36|inst1[2]" to the node "RAM32x32:inst1|inst17[2]" into an OR gate
    Warning (13047): Converted the fan-out from the tri-state buffer "RAM32x32:inst1|MC1x32:inst36|inst1[0]" to the node "RAM32x32:inst1|inst17[0]" into an OR gate
    Warning (13047): Converted the fan-out from the tri-state buffer "RAM32x32:inst1|MC1x32:inst36|inst1[1]" to the node "RAM32x32:inst1|inst17[1]" into an OR gate
    Warning (13047): Converted the fan-out from the tri-state buffer "RF32x32:inst|RFC32x32:inst1|RFC32:inst|RFC8:inst3|RFC:inst18|inst5" to the node "ALU:inst8|add_32bit:inst1|fulladder:inst31|inst1" into an OR gate
    Warning (13047): Converted the fan-out from the tri-state buffer "RF32x32:inst|RFC32x32:inst1|RFC32:inst|RFC8:inst3|RFC:inst18|inst6" to the node "RAM32x32:inst1|MC1x32:inst36|inst[31]" into an OR gate
    Warning (13047): Converted the fan-out from the tri-state buffer "RF32x32:inst|RFC32x32:inst1|RFC32:inst|RFC8:inst3|RFC:inst8|inst6" to the node "RAM32x32:inst1|MC1x32:inst36|inst[30]" into an OR gate
    Warning (13047): Converted the fan-out from the tri-state buffer "RF32x32:inst|RFC32x32:inst1|RFC32:inst|RFC8:inst3|RFC:inst8|inst5" to the node "ALU:inst8|add_32bit:inst1|fulladder:inst30|inst4" into an OR gate
    Warning (13047): Converted the fan-out from the tri-state buffer "RF32x32:inst|RFC32x32:inst1|RFC32:inst|RFC8:inst3|RFC:inst9|inst6" to the node "RAM32x32:inst1|MC1x32:inst36|inst[29]" into an OR gate
    Warning (13047): Converted the fan-out from the tri-state buffer "RF32x32:inst|RFC32x32:inst1|RFC32:inst|RFC8:inst3|RFC:inst9|inst5" to the node "ALU:inst8|add_32bit:inst1|fulladder:inst29|inst4" into an OR gate
    Warning (13047): Converted the fan-out from the tri-state buffer "RF32x32:inst|RFC32x32:inst1|RFC32:inst|RFC8:inst3|RFC:inst10|inst6" to the node "RAM32x32:inst1|MC1x32:inst36|inst[28]" into an OR gate
    Warning (13047): Converted the fan-out from the tri-state buffer "RF32x32:inst|RFC32x32:inst1|RFC32:inst|RFC8:inst3|RFC:inst10|inst5" to the node "ALU:inst8|add_32bit:inst1|fulladder:inst28|inst4" into an OR gate
    Warning (13047): Converted the fan-out from the tri-state buffer "RF32x32:inst|RFC32x32:inst1|RFC32:inst|RFC8:inst3|RFC:inst11|inst6" to the node "RAM32x32:inst1|MC1x32:inst36|inst[27]" into an OR gate
    Warning (13047): Converted the fan-out from the tri-state buffer "RF32x32:inst|RFC32x32:inst1|RFC32:inst|RFC8:inst3|RFC:inst11|inst5" to the node "ALU:inst8|add_32bit:inst1|fulladder:inst27|inst4" into an OR gate
    Warning (13047): Converted the fan-out from the tri-state buffer "RF32x32:inst|RFC32x32:inst1|RFC32:inst|RFC8:inst3|RFC:inst13|inst6" to the node "RAM32x32:inst1|MC1x32:inst36|inst[26]" into an OR gate
    Warning (13047): Converted the fan-out from the tri-state buffer "RF32x32:inst|RFC32x32:inst1|RFC32:inst|RFC8:inst3|RFC:inst13|inst5" to the node "ALU:inst8|add_32bit:inst1|fulladder:inst26|inst4" into an OR gate
    Warning (13047): Converted the fan-out from the tri-state buffer "RF32x32:inst|RFC32x32:inst1|RFC32:inst|RFC8:inst3|RFC:inst12|inst6" to the node "RAM32x32:inst1|MC1x32:inst36|inst[25]" into an OR gate
    Warning (13047): Converted the fan-out from the tri-state buffer "RF32x32:inst|RFC32x32:inst1|RFC32:inst|RFC8:inst3|RFC:inst12|inst5" to the node "ALU:inst8|add_32bit:inst1|fulladder:inst25|inst4" into an OR gate
    Warning (13047): Converted the fan-out from the tri-state buffer "RF32x32:inst|RFC32x32:inst1|RFC32:inst|RFC8:inst3|RFC:inst14|inst6" to the node "RAM32x32:inst1|MC1x32:inst36|inst[24]" into an OR gate
    Warning (13047): Converted the fan-out from the tri-state buffer "RF32x32:inst|RFC32x32:inst1|RFC32:inst|RFC8:inst3|RFC:inst14|inst5" to the node "ALU:inst8|add_32bit:inst1|fulladder:inst24|inst4" into an OR gate
    Warning (13047): Converted the fan-out from the tri-state buffer "RF32x32:inst|RFC32x32:inst1|RFC32:inst|RFC8:inst2|RFC:inst18|inst6" to the node "RAM32x32:inst1|MC1x32:inst36|inst[23]" into an OR gate
    Warning (13047): Converted the fan-out from the tri-state buffer "RF32x32:inst|RFC32x32:inst1|RFC32:inst|RFC8:inst2|RFC:inst18|inst5" to the node "ALU:inst8|add_32bit:inst1|fulladder:inst23|inst4" into an OR gate
    Warning (13047): Converted the fan-out from the tri-state buffer "RF32x32:inst|RFC32x32:inst1|RFC32:inst|RFC8:inst2|RFC:inst8|inst6" to the node "RAM32x32:inst1|MC1x32:inst36|inst[22]" into an OR gate
    Warning (13047): Converted the fan-out from the tri-state buffer "RF32x32:inst|RFC32x32:inst1|RFC32:inst|RFC8:inst2|RFC:inst8|inst5" to the node "ALU:inst8|add_32bit:inst1|fulladder:inst22|inst4" into an OR gate
    Warning (13047): Converted the fan-out from the tri-state buffer "RF32x32:inst|RFC32x32:inst1|RFC32:inst|RFC8:inst2|RFC:inst9|inst6" to the node "RAM32x32:inst1|MC1x32:inst36|inst[21]" into an OR gate
    Warning (13047): Converted the fan-out from the tri-state buffer "RF32x32:inst|RFC32x32:inst1|RFC32:inst|RFC8:inst2|RFC:inst9|inst5" to the node "ALU:inst8|add_32bit:inst1|fulladder:inst21|inst4" into an OR gate
    Warning (13047): Converted the fan-out from the tri-state buffer "RF32x32:inst|RFC32x32:inst1|RFC32:inst|RFC8:inst2|RFC:inst10|inst6" to the node "RAM32x32:inst1|MC1x32:inst36|inst[20]" into an OR gate
    Warning (13047): Converted the fan-out from the tri-state buffer "RF32x32:inst|RFC32x32:inst1|RFC32:inst|RFC8:inst2|RFC:inst10|inst5" to the node "ALU:inst8|add_32bit:inst1|fulladder:inst20|inst4" into an OR gate
    Warning (13047): Converted the fan-out from the tri-state buffer "RF32x32:inst|RFC32x32:inst1|RFC32:inst|RFC8:inst2|RFC:inst11|inst6" to the node "RAM32x32:inst1|MC1x32:inst36|inst[19]" into an OR gate
    Warning (13047): Converted the fan-out from the tri-state buffer "RF32x32:inst|RFC32x32:inst1|RFC32:inst|RFC8:inst2|RFC:inst11|inst5" to the node "ALU:inst8|add_32bit:inst1|fulladder:inst19|inst4" into an OR gate
    Warning (13047): Converted the fan-out from the tri-state buffer "RF32x32:inst|RFC32x32:inst1|RFC32:inst|RFC8:inst2|RFC:inst13|inst6" to the node "RAM32x32:inst1|MC1x32:inst36|inst[18]" into an OR gate
    Warning (13047): Converted the fan-out from the tri-state buffer "RF32x32:inst|RFC32x32:inst1|RFC32:inst|RFC8:inst2|RFC:inst13|inst5" to the node "ALU:inst8|add_32bit:inst1|fulladder:inst18|inst4" into an OR gate
    Warning (13047): Converted the fan-out from the tri-state buffer "RF32x32:inst|RFC32x32:inst1|RFC32:inst|RFC8:inst2|RFC:inst12|inst6" to the node "RAM32x32:inst1|MC1x32:inst36|inst[17]" into an OR gate
    Warning (13047): Converted the fan-out from the tri-state buffer "RF32x32:inst|RFC32x32:inst1|RFC32:inst|RFC8:inst2|RFC:inst12|inst5" to the node "ALU:inst8|add_32bit:inst1|fulladder:inst17|inst4" into an OR gate
    Warning (13047): Converted the fan-out from the tri-state buffer "RF32x32:inst|RFC32x32:inst1|RFC32:inst|RFC8:inst2|RFC:inst14|inst6" to the node "RAM32x32:inst1|MC1x32:inst36|inst[16]" into an OR gate
    Warning (13047): Converted the fan-out from the tri-state buffer "RF32x32:inst|RFC32x32:inst1|RFC32:inst|RFC8:inst2|RFC:inst14|inst5" to the node "ALU:inst8|add_32bit:inst1|fulladder:inst16|inst4" into an OR gate
    Warning (13047): Converted the fan-out from the tri-state buffer "RF32x32:inst|RFC32x32:inst1|RFC32:inst|RFC8:inst|RFC:inst18|inst6" to the node "RAM32x32:inst1|MC1x32:inst36|inst[15]" into an OR gate
    Warning (13047): Converted the fan-out from the tri-state buffer "RF32x32:inst|RFC32x32:inst1|RFC32:inst|RFC8:inst|RFC:inst18|inst5" to the node "ALU:inst8|add_32bit:inst1|fulladder:inst15|inst4" into an OR gate
    Warning (13047): Converted the fan-out from the tri-state buffer "RF32x32:inst|RFC32x32:inst1|RFC32:inst|RFC8:inst|RFC:inst8|inst6" to the node "RAM32x32:inst1|MC1x32:inst36|inst[14]" into an OR gate
    Warning (13047): Converted the fan-out from the tri-state buffer "RF32x32:inst|RFC32x32:inst1|RFC32:inst|RFC8:inst|RFC:inst8|inst5" to the node "ALU:inst8|add_32bit:inst1|fulladder:inst14|inst4" into an OR gate
    Warning (13047): Converted the fan-out from the tri-state buffer "RF32x32:inst|RFC32x32:inst1|RFC32:inst|RFC8:inst|RFC:inst9|inst6" to the node "RAM32x32:inst1|MC1x32:inst36|inst[13]" into an OR gate
    Warning (13047): Converted the fan-out from the tri-state buffer "RF32x32:inst|RFC32x32:inst1|RFC32:inst|RFC8:inst|RFC:inst9|inst5" to the node "ALU:inst8|add_32bit:inst1|fulladder:inst13|inst4" into an OR gate
    Warning (13047): Converted the fan-out from the tri-state buffer "RF32x32:inst|RFC32x32:inst1|RFC32:inst|RFC8:inst|RFC:inst10|inst6" to the node "RAM32x32:inst1|MC1x32:inst36|inst[12]" into an OR gate
    Warning (13047): Converted the fan-out from the tri-state buffer "RF32x32:inst|RFC32x32:inst1|RFC32:inst|RFC8:inst|RFC:inst10|inst5" to the node "ALU:inst8|add_32bit:inst1|fulladder:inst12|inst4" into an OR gate
    Warning (13047): Converted the fan-out from the tri-state buffer "RF32x32:inst|RFC32x32:inst1|RFC32:inst|RFC8:inst|RFC:inst11|inst6" to the node "RAM32x32:inst1|MC1x32:inst36|inst[11]" into an OR gate
    Warning (13047): Converted the fan-out from the tri-state buffer "RF32x32:inst|RFC32x32:inst1|RFC32:inst|RFC8:inst|RFC:inst11|inst5" to the node "ALU:inst8|add_32bit:inst1|fulladder:inst11|inst4" into an OR gate
    Warning (13047): Converted the fan-out from the tri-state buffer "RF32x32:inst|RFC32x32:inst1|RFC32:inst|RFC8:inst|RFC:inst13|inst6" to the node "RAM32x32:inst1|MC1x32:inst36|inst[10]" into an OR gate
    Warning (13047): Converted the fan-out from the tri-state buffer "RF32x32:inst|RFC32x32:inst1|RFC32:inst|RFC8:inst|RFC:inst13|inst5" to the node "ALU:inst8|add_32bit:inst1|fulladder:inst10|inst4" into an OR gate
    Warning (13047): Converted the fan-out from the tri-state buffer "RF32x32:inst|RFC32x32:inst1|RFC32:inst|RFC8:inst|RFC:inst12|inst6" to the node "RAM32x32:inst1|MC1x32:inst36|inst[9]" into an OR gate
    Warning (13047): Converted the fan-out from the tri-state buffer "RF32x32:inst|RFC32x32:inst1|RFC32:inst|RFC8:inst|RFC:inst12|inst5" to the node "ALU:inst8|add_32bit:inst1|fulladder:inst9|inst4" into an OR gate
    Warning (13047): Converted the fan-out from the tri-state buffer "RF32x32:inst|RFC32x32:inst1|RFC32:inst|RFC8:inst|RFC:inst14|inst6" to the node "RAM32x32:inst1|MC1x32:inst36|inst[8]" into an OR gate
    Warning (13047): Converted the fan-out from the tri-state buffer "RF32x32:inst|RFC32x32:inst1|RFC32:inst|RFC8:inst|RFC:inst14|inst5" to the node "ALU:inst8|add_32bit:inst1|fulladder:inst8|inst4" into an OR gate
    Warning (13047): Converted the fan-out from the tri-state buffer "RF32x32:inst|RFC32x32:inst1|RFC32:inst|RFC8:inst1|RFC:inst18|inst6" to the node "RAM32x32:inst1|MC1x32:inst36|inst[7]" into an OR gate
    Warning (13047): Converted the fan-out from the tri-state buffer "RF32x32:inst|RFC32x32:inst1|RFC32:inst|RFC8:inst1|RFC:inst18|inst5" to the node "ALU:inst8|add_32bit:inst1|fulladder:inst7|inst4" into an OR gate
    Warning (13047): Converted the fan-out from the tri-state buffer "RF32x32:inst|RFC32x32:inst1|RFC32:inst|RFC8:inst1|RFC:inst8|inst6" to the node "RAM32x32:inst1|MC1x32:inst36|inst[6]" into an OR gate
    Warning (13047): Converted the fan-out from the tri-state buffer "RF32x32:inst|RFC32x32:inst1|RFC32:inst|RFC8:inst1|RFC:inst8|inst5" to the node "ALU:inst8|add_32bit:inst1|fulladder:inst6|inst4" into an OR gate
    Warning (13047): Converted the fan-out from the tri-state buffer "RF32x32:inst|RFC32x32:inst1|RFC32:inst|RFC8:inst1|RFC:inst9|inst6" to the node "RAM32x32:inst1|MC1x32:inst36|inst[5]" into an OR gate
    Warning (13047): Converted the fan-out from the tri-state buffer "RF32x32:inst|RFC32x32:inst1|RFC32:inst|RFC8:inst1|RFC:inst9|inst5" to the node "ALU:inst8|add_32bit:inst1|fulladder:inst5|inst4" into an OR gate
    Warning (13047): Converted the fan-out from the tri-state buffer "RF32x32:inst|RFC32x32:inst1|RFC32:inst|RFC8:inst1|RFC:inst10|inst6" to the node "RAM32x32:inst1|MC1x32:inst36|inst[4]" into an OR gate
    Warning (13047): Converted the fan-out from the tri-state buffer "RF32x32:inst|RFC32x32:inst1|RFC32:inst|RFC8:inst1|RFC:inst10|inst5" to the node "ALU:inst8|add_32bit:inst1|fulladder:inst4|inst4" into an OR gate
    Warning (13047): Converted the fan-out from the tri-state buffer "RF32x32:inst|RFC32x32:inst1|RFC32:inst|RFC8:inst1|RFC:inst11|inst6" to the node "RAM32x32:inst1|MC1x32:inst36|inst[3]" into an OR gate
    Warning (13047): Converted the fan-out from the tri-state buffer "RF32x32:inst|RFC32x32:inst1|RFC32:inst|RFC8:inst1|RFC:inst11|inst5" to the node "ALU:inst8|add_32bit:inst1|fulladder:inst3|inst4" into an OR gate
    Warning (13047): Converted the fan-out from the tri-state buffer "RF32x32:inst|RFC32x32:inst1|RFC32:inst|RFC8:inst1|RFC:inst13|inst6" to the node "RAM32x32:inst1|MC1x32:inst36|inst[2]" into an OR gate
    Warning (13047): Converted the fan-out from the tri-state buffer "RF32x32:inst|RFC32x32:inst1|RFC32:inst|RFC8:inst1|RFC:inst13|inst5" to the node "ALU:inst8|add_32bit:inst1|fulladder:inst2|inst4" into an OR gate
    Warning (13047): Converted the fan-out from the tri-state buffer "RF32x32:inst|RFC32x32:inst1|RFC32:inst|RFC8:inst1|RFC:inst14|inst6" to the node "RAM32x32:inst1|MC1x32:inst36|inst[0]" into an OR gate
    Warning (13047): Converted the fan-out from the tri-state buffer "RF32x32:inst|RFC32x32:inst1|RFC32:inst|RFC8:inst1|RFC:inst14|inst5" to the node "ALU:inst8|add_32bit:inst1|fulladder:inst|inst" into an OR gate
    Warning (13047): Converted the fan-out from the tri-state buffer "RF32x32:inst|RFC32x32:inst1|RFC32:inst|RFC8:inst1|RFC:inst12|inst5" to the node "ALU:inst8|add_32bit:inst1|fulladder:inst1|inst4" into an OR gate
    Warning (13047): Converted the fan-out from the tri-state buffer "RF32x32:inst|RFC32x32:inst1|RFC32:inst|RFC8:inst1|RFC:inst12|inst6" to the node "RAM32x32:inst1|MC1x32:inst36|inst[1]" into an OR gate
Warning (13012): Latch RAM32x32:inst1|MC1x32:inst51|inst[31] has unsafe behavior
    Warning (13013): Ports D and ENA on the latch are fed by the same signal RF32x32:inst|5to32decoder:inst3|3to8decoder:inst1|inst
Warning (13012): Latch RAM32x32:inst1|MC1x32:inst55|inst[31] has unsafe behavior
    Warning (13013): Ports D and ENA on the latch are fed by the same signal RF32x32:inst|5to32decoder:inst3|3to8decoder:inst1|inst
Warning (13012): Latch RAM32x32:inst1|MC1x32:inst54|inst[31] has unsafe behavior
    Warning (13013): Ports D and ENA on the latch are fed by the same signal RF32x32:inst|5to32decoder:inst3|3to8decoder:inst1|inst
Warning (13012): Latch RAM32x32:inst1|MC1x32:inst50|inst[31] has unsafe behavior
    Warning (13013): Ports D and ENA on the latch are fed by the same signal RF32x32:inst|5to32decoder:inst3|3to8decoder:inst1|inst
Warning (13012): Latch RAM32x32:inst1|MC1x32:inst53|inst[31] has unsafe behavior
    Warning (13013): Ports D and ENA on the latch are fed by the same signal RF32x32:inst|5to32decoder:inst3|3to8decoder:inst1|inst
Warning (13012): Latch RAM32x32:inst1|MC1x32:inst49|inst[31] has unsafe behavior
    Warning (13013): Ports D and ENA on the latch are fed by the same signal RF32x32:inst|5to32decoder:inst3|3to8decoder:inst1|inst
Warning (13012): Latch RAM32x32:inst1|MC1x32:inst52|inst[31] has unsafe behavior
    Warning (13013): Ports D and ENA on the latch are fed by the same signal RF32x32:inst|5to32decoder:inst3|3to8decoder:inst1|inst
Warning (13012): Latch RAM32x32:inst1|MC1x32:inst48|inst[31] has unsafe behavior
    Warning (13013): Ports D and ENA on the latch are fed by the same signal RF32x32:inst|5to32decoder:inst3|3to8decoder:inst1|inst
Warning (13012): Latch RAM32x32:inst1|MC1x32:inst51|inst[30] has unsafe behavior
    Warning (13013): Ports D and ENA on the latch are fed by the same signal RF32x32:inst|5to32decoder:inst3|3to8decoder:inst1|inst
Warning (13012): Latch RAM32x32:inst1|MC1x32:inst55|inst[30] has unsafe behavior
    Warning (13013): Ports D and ENA on the latch are fed by the same signal RF32x32:inst|5to32decoder:inst3|3to8decoder:inst1|inst
Warning (13012): Latch RAM32x32:inst1|MC1x32:inst54|inst[30] has unsafe behavior
    Warning (13013): Ports D and ENA on the latch are fed by the same signal RF32x32:inst|5to32decoder:inst3|3to8decoder:inst1|inst
Warning (13012): Latch RAM32x32:inst1|MC1x32:inst50|inst[30] has unsafe behavior
    Warning (13013): Ports D and ENA on the latch are fed by the same signal RF32x32:inst|5to32decoder:inst3|3to8decoder:inst1|inst
Warning (13012): Latch RAM32x32:inst1|MC1x32:inst53|inst[30] has unsafe behavior
    Warning (13013): Ports D and ENA on the latch are fed by the same signal RF32x32:inst|5to32decoder:inst3|3to8decoder:inst1|inst
Warning (13012): Latch RAM32x32:inst1|MC1x32:inst49|inst[30] has unsafe behavior
    Warning (13013): Ports D and ENA on the latch are fed by the same signal RF32x32:inst|5to32decoder:inst3|3to8decoder:inst1|inst
Warning (13012): Latch RAM32x32:inst1|MC1x32:inst52|inst[30] has unsafe behavior
    Warning (13013): Ports D and ENA on the latch are fed by the same signal RF32x32:inst|5to32decoder:inst3|3to8decoder:inst1|inst
Warning (13012): Latch RAM32x32:inst1|MC1x32:inst48|inst[30] has unsafe behavior
    Warning (13013): Ports D and ENA on the latch are fed by the same signal RF32x32:inst|5to32decoder:inst3|3to8decoder:inst1|inst
Warning (13012): Latch RAM32x32:inst1|MC1x32:inst51|inst[29] has unsafe behavior
    Warning (13013): Ports D and ENA on the latch are fed by the same signal RF32x32:inst|5to32decoder:inst3|3to8decoder:inst1|inst
Warning (13012): Latch RAM32x32:inst1|MC1x32:inst55|inst[29] has unsafe behavior
    Warning (13013): Ports D and ENA on the latch are fed by the same signal RF32x32:inst|5to32decoder:inst3|3to8decoder:inst1|inst
Warning (13012): Latch RAM32x32:inst1|MC1x32:inst54|inst[29] has unsafe behavior
    Warning (13013): Ports D and ENA on the latch are fed by the same signal RF32x32:inst|5to32decoder:inst3|3to8decoder:inst1|inst
Warning (13012): Latch RAM32x32:inst1|MC1x32:inst50|inst[29] has unsafe behavior
    Warning (13013): Ports D and ENA on the latch are fed by the same signal RF32x32:inst|5to32decoder:inst3|3to8decoder:inst1|inst
Warning (13012): Latch RAM32x32:inst1|MC1x32:inst53|inst[29] has unsafe behavior
    Warning (13013): Ports D and ENA on the latch are fed by the same signal RF32x32:inst|5to32decoder:inst3|3to8decoder:inst1|inst
Warning (13012): Latch RAM32x32:inst1|MC1x32:inst49|inst[29] has unsafe behavior
    Warning (13013): Ports D and ENA on the latch are fed by the same signal RF32x32:inst|5to32decoder:inst3|3to8decoder:inst1|inst
Warning (13012): Latch RAM32x32:inst1|MC1x32:inst52|inst[29] has unsafe behavior
    Warning (13013): Ports D and ENA on the latch are fed by the same signal RF32x32:inst|5to32decoder:inst3|3to8decoder:inst1|inst
Warning (13012): Latch RAM32x32:inst1|MC1x32:inst48|inst[29] has unsafe behavior
    Warning (13013): Ports D and ENA on the latch are fed by the same signal RF32x32:inst|5to32decoder:inst3|3to8decoder:inst1|inst
Warning (13012): Latch RAM32x32:inst1|MC1x32:inst51|inst[28] has unsafe behavior
    Warning (13013): Ports D and ENA on the latch are fed by the same signal RF32x32:inst|5to32decoder:inst3|3to8decoder:inst1|inst
Warning (13012): Latch RAM32x32:inst1|MC1x32:inst55|inst[28] has unsafe behavior
    Warning (13013): Ports D and ENA on the latch are fed by the same signal RF32x32:inst|5to32decoder:inst3|3to8decoder:inst1|inst
Warning (13012): Latch RAM32x32:inst1|MC1x32:inst54|inst[28] has unsafe behavior
    Warning (13013): Ports D and ENA on the latch are fed by the same signal RF32x32:inst|5to32decoder:inst3|3to8decoder:inst1|inst
Warning (13012): Latch RAM32x32:inst1|MC1x32:inst50|inst[28] has unsafe behavior
    Warning (13013): Ports D and ENA on the latch are fed by the same signal RF32x32:inst|5to32decoder:inst3|3to8decoder:inst1|inst
Warning (13012): Latch RAM32x32:inst1|MC1x32:inst53|inst[28] has unsafe behavior
    Warning (13013): Ports D and ENA on the latch are fed by the same signal RF32x32:inst|5to32decoder:inst3|3to8decoder:inst1|inst
Warning (13012): Latch RAM32x32:inst1|MC1x32:inst49|inst[28] has unsafe behavior
    Warning (13013): Ports D and ENA on the latch are fed by the same signal RF32x32:inst|5to32decoder:inst3|3to8decoder:inst1|inst
Warning (13012): Latch RAM32x32:inst1|MC1x32:inst52|inst[28] has unsafe behavior
    Warning (13013): Ports D and ENA on the latch are fed by the same signal RF32x32:inst|5to32decoder:inst3|3to8decoder:inst1|inst
Warning (13012): Latch RAM32x32:inst1|MC1x32:inst48|inst[28] has unsafe behavior
    Warning (13013): Ports D and ENA on the latch are fed by the same signal RF32x32:inst|5to32decoder:inst3|3to8decoder:inst1|inst
Warning (13012): Latch RAM32x32:inst1|MC1x32:inst51|inst[27] has unsafe behavior
    Warning (13013): Ports D and ENA on the latch are fed by the same signal RF32x32:inst|5to32decoder:inst3|3to8decoder:inst1|inst
Warning (13012): Latch RAM32x32:inst1|MC1x32:inst55|inst[27] has unsafe behavior
    Warning (13013): Ports D and ENA on the latch are fed by the same signal RF32x32:inst|5to32decoder:inst3|3to8decoder:inst1|inst
Warning (13012): Latch RAM32x32:inst1|MC1x32:inst54|inst[27] has unsafe behavior
    Warning (13013): Ports D and ENA on the latch are fed by the same signal RF32x32:inst|5to32decoder:inst3|3to8decoder:inst1|inst
Warning (13012): Latch RAM32x32:inst1|MC1x32:inst50|inst[27] has unsafe behavior
    Warning (13013): Ports D and ENA on the latch are fed by the same signal RF32x32:inst|5to32decoder:inst3|3to8decoder:inst1|inst
Warning (13012): Latch RAM32x32:inst1|MC1x32:inst53|inst[27] has unsafe behavior
    Warning (13013): Ports D and ENA on the latch are fed by the same signal RF32x32:inst|5to32decoder:inst3|3to8decoder:inst1|inst
Warning (13012): Latch RAM32x32:inst1|MC1x32:inst49|inst[27] has unsafe behavior
    Warning (13013): Ports D and ENA on the latch are fed by the same signal RF32x32:inst|5to32decoder:inst3|3to8decoder:inst1|inst
Warning (13012): Latch RAM32x32:inst1|MC1x32:inst52|inst[27] has unsafe behavior
    Warning (13013): Ports D and ENA on the latch are fed by the same signal RF32x32:inst|5to32decoder:inst3|3to8decoder:inst1|inst
Warning (13012): Latch RAM32x32:inst1|MC1x32:inst48|inst[27] has unsafe behavior
    Warning (13013): Ports D and ENA on the latch are fed by the same signal RF32x32:inst|5to32decoder:inst3|3to8decoder:inst1|inst
Warning (13012): Latch RAM32x32:inst1|MC1x32:inst51|inst[26] has unsafe behavior
    Warning (13013): Ports D and ENA on the latch are fed by the same signal RF32x32:inst|5to32decoder:inst3|3to8decoder:inst1|inst
Warning (13012): Latch RAM32x32:inst1|MC1x32:inst55|inst[26] has unsafe behavior
    Warning (13013): Ports D and ENA on the latch are fed by the same signal RF32x32:inst|5to32decoder:inst3|3to8decoder:inst1|inst
Warning (13012): Latch RAM32x32:inst1|MC1x32:inst54|inst[26] has unsafe behavior
    Warning (13013): Ports D and ENA on the latch are fed by the same signal RF32x32:inst|5to32decoder:inst3|3to8decoder:inst1|inst
Warning (13012): Latch RAM32x32:inst1|MC1x32:inst50|inst[26] has unsafe behavior
    Warning (13013): Ports D and ENA on the latch are fed by the same signal RF32x32:inst|5to32decoder:inst3|3to8decoder:inst1|inst
Warning (13012): Latch RAM32x32:inst1|MC1x32:inst53|inst[26] has unsafe behavior
    Warning (13013): Ports D and ENA on the latch are fed by the same signal RF32x32:inst|5to32decoder:inst3|3to8decoder:inst1|inst
Warning (13012): Latch RAM32x32:inst1|MC1x32:inst49|inst[26] has unsafe behavior
    Warning (13013): Ports D and ENA on the latch are fed by the same signal RF32x32:inst|5to32decoder:inst3|3to8decoder:inst1|inst
Warning (13012): Latch RAM32x32:inst1|MC1x32:inst52|inst[26] has unsafe behavior
    Warning (13013): Ports D and ENA on the latch are fed by the same signal RF32x32:inst|5to32decoder:inst3|3to8decoder:inst1|inst
Warning (13012): Latch RAM32x32:inst1|MC1x32:inst48|inst[26] has unsafe behavior
    Warning (13013): Ports D and ENA on the latch are fed by the same signal RF32x32:inst|5to32decoder:inst3|3to8decoder:inst1|inst
Warning (13012): Latch RAM32x32:inst1|MC1x32:inst51|inst[25] has unsafe behavior
    Warning (13013): Ports D and ENA on the latch are fed by the same signal RF32x32:inst|5to32decoder:inst3|3to8decoder:inst1|inst
Warning (13012): Latch RAM32x32:inst1|MC1x32:inst55|inst[25] has unsafe behavior
    Warning (13013): Ports D and ENA on the latch are fed by the same signal RF32x32:inst|5to32decoder:inst3|3to8decoder:inst1|inst
Warning (13012): Latch RAM32x32:inst1|MC1x32:inst54|inst[25] has unsafe behavior
    Warning (13013): Ports D and ENA on the latch are fed by the same signal RF32x32:inst|5to32decoder:inst3|3to8decoder:inst1|inst
Warning (13012): Latch RAM32x32:inst1|MC1x32:inst50|inst[25] has unsafe behavior
    Warning (13013): Ports D and ENA on the latch are fed by the same signal RF32x32:inst|5to32decoder:inst3|3to8decoder:inst1|inst
Warning (13012): Latch RAM32x32:inst1|MC1x32:inst53|inst[25] has unsafe behavior
    Warning (13013): Ports D and ENA on the latch are fed by the same signal RF32x32:inst|5to32decoder:inst3|3to8decoder:inst1|inst
Warning (13012): Latch RAM32x32:inst1|MC1x32:inst49|inst[25] has unsafe behavior
    Warning (13013): Ports D and ENA on the latch are fed by the same signal RF32x32:inst|5to32decoder:inst3|3to8decoder:inst1|inst
Warning (13012): Latch RAM32x32:inst1|MC1x32:inst52|inst[25] has unsafe behavior
    Warning (13013): Ports D and ENA on the latch are fed by the same signal RF32x32:inst|5to32decoder:inst3|3to8decoder:inst1|inst
Warning (13012): Latch RAM32x32:inst1|MC1x32:inst48|inst[25] has unsafe behavior
    Warning (13013): Ports D and ENA on the latch are fed by the same signal RF32x32:inst|5to32decoder:inst3|3to8decoder:inst1|inst
Warning (13012): Latch RAM32x32:inst1|MC1x32:inst51|inst[24] has unsafe behavior
    Warning (13013): Ports D and ENA on the latch are fed by the same signal RF32x32:inst|5to32decoder:inst3|3to8decoder:inst1|inst
Warning (13012): Latch RAM32x32:inst1|MC1x32:inst55|inst[24] has unsafe behavior
    Warning (13013): Ports D and ENA on the latch are fed by the same signal RF32x32:inst|5to32decoder:inst3|3to8decoder:inst1|inst
Warning (13012): Latch RAM32x32:inst1|MC1x32:inst54|inst[24] has unsafe behavior
    Warning (13013): Ports D and ENA on the latch are fed by the same signal RF32x32:inst|5to32decoder:inst3|3to8decoder:inst1|inst
Warning (13012): Latch RAM32x32:inst1|MC1x32:inst50|inst[24] has unsafe behavior
    Warning (13013): Ports D and ENA on the latch are fed by the same signal RF32x32:inst|5to32decoder:inst3|3to8decoder:inst1|inst
Warning (13012): Latch RAM32x32:inst1|MC1x32:inst53|inst[24] has unsafe behavior
    Warning (13013): Ports D and ENA on the latch are fed by the same signal RF32x32:inst|5to32decoder:inst3|3to8decoder:inst1|inst
Warning (13012): Latch RAM32x32:inst1|MC1x32:inst49|inst[24] has unsafe behavior
    Warning (13013): Ports D and ENA on the latch are fed by the same signal RF32x32:inst|5to32decoder:inst3|3to8decoder:inst1|inst
Warning (13012): Latch RAM32x32:inst1|MC1x32:inst52|inst[24] has unsafe behavior
    Warning (13013): Ports D and ENA on the latch are fed by the same signal RF32x32:inst|5to32decoder:inst3|3to8decoder:inst1|inst
Warning (13012): Latch RAM32x32:inst1|MC1x32:inst48|inst[24] has unsafe behavior
    Warning (13013): Ports D and ENA on the latch are fed by the same signal RF32x32:inst|5to32decoder:inst3|3to8decoder:inst1|inst
Warning (13012): Latch RAM32x32:inst1|MC1x32:inst51|inst[23] has unsafe behavior
    Warning (13013): Ports D and ENA on the latch are fed by the same signal RF32x32:inst|5to32decoder:inst3|3to8decoder:inst1|inst
Warning (13012): Latch RAM32x32:inst1|MC1x32:inst55|inst[23] has unsafe behavior
    Warning (13013): Ports D and ENA on the latch are fed by the same signal RF32x32:inst|5to32decoder:inst3|3to8decoder:inst1|inst
Warning (13012): Latch RAM32x32:inst1|MC1x32:inst54|inst[23] has unsafe behavior
    Warning (13013): Ports D and ENA on the latch are fed by the same signal RF32x32:inst|5to32decoder:inst3|3to8decoder:inst1|inst
Warning (13012): Latch RAM32x32:inst1|MC1x32:inst50|inst[23] has unsafe behavior
    Warning (13013): Ports D and ENA on the latch are fed by the same signal RF32x32:inst|5to32decoder:inst3|3to8decoder:inst1|inst
Warning (13012): Latch RAM32x32:inst1|MC1x32:inst53|inst[23] has unsafe behavior
    Warning (13013): Ports D and ENA on the latch are fed by the same signal RF32x32:inst|5to32decoder:inst3|3to8decoder:inst1|inst
Warning (13012): Latch RAM32x32:inst1|MC1x32:inst49|inst[23] has unsafe behavior
    Warning (13013): Ports D and ENA on the latch are fed by the same signal RF32x32:inst|5to32decoder:inst3|3to8decoder:inst1|inst
Warning (13012): Latch RAM32x32:inst1|MC1x32:inst52|inst[23] has unsafe behavior
    Warning (13013): Ports D and ENA on the latch are fed by the same signal RF32x32:inst|5to32decoder:inst3|3to8decoder:inst1|inst
Warning (13012): Latch RAM32x32:inst1|MC1x32:inst48|inst[23] has unsafe behavior
    Warning (13013): Ports D and ENA on the latch are fed by the same signal RF32x32:inst|5to32decoder:inst3|3to8decoder:inst1|inst
Warning (13012): Latch RAM32x32:inst1|MC1x32:inst51|inst[22] has unsafe behavior
    Warning (13013): Ports D and ENA on the latch are fed by the same signal RF32x32:inst|5to32decoder:inst3|3to8decoder:inst1|inst
Warning (13012): Latch RAM32x32:inst1|MC1x32:inst55|inst[22] has unsafe behavior
    Warning (13013): Ports D and ENA on the latch are fed by the same signal RF32x32:inst|5to32decoder:inst3|3to8decoder:inst1|inst
Warning (13012): Latch RAM32x32:inst1|MC1x32:inst54|inst[22] has unsafe behavior
    Warning (13013): Ports D and ENA on the latch are fed by the same signal RF32x32:inst|5to32decoder:inst3|3to8decoder:inst1|inst
Warning (13012): Latch RAM32x32:inst1|MC1x32:inst50|inst[22] has unsafe behavior
    Warning (13013): Ports D and ENA on the latch are fed by the same signal RF32x32:inst|5to32decoder:inst3|3to8decoder:inst1|inst
Warning (13012): Latch RAM32x32:inst1|MC1x32:inst53|inst[22] has unsafe behavior
    Warning (13013): Ports D and ENA on the latch are fed by the same signal RF32x32:inst|5to32decoder:inst3|3to8decoder:inst1|inst
Warning (13012): Latch RAM32x32:inst1|MC1x32:inst49|inst[22] has unsafe behavior
    Warning (13013): Ports D and ENA on the latch are fed by the same signal RF32x32:inst|5to32decoder:inst3|3to8decoder:inst1|inst
Warning (13012): Latch RAM32x32:inst1|MC1x32:inst52|inst[22] has unsafe behavior
    Warning (13013): Ports D and ENA on the latch are fed by the same signal RF32x32:inst|5to32decoder:inst3|3to8decoder:inst1|inst
Warning (13012): Latch RAM32x32:inst1|MC1x32:inst48|inst[22] has unsafe behavior
    Warning (13013): Ports D and ENA on the latch are fed by the same signal RF32x32:inst|5to32decoder:inst3|3to8decoder:inst1|inst
Warning (13012): Latch RAM32x32:inst1|MC1x32:inst51|inst[21] has unsafe behavior
    Warning (13013): Ports D and ENA on the latch are fed by the same signal RF32x32:inst|5to32decoder:inst3|3to8decoder:inst1|inst
Warning (13012): Latch RAM32x32:inst1|MC1x32:inst55|inst[21] has unsafe behavior
    Warning (13013): Ports D and ENA on the latch are fed by the same signal RF32x32:inst|5to32decoder:inst3|3to8decoder:inst1|inst
Warning (13012): Latch RAM32x32:inst1|MC1x32:inst54|inst[21] has unsafe behavior
    Warning (13013): Ports D and ENA on the latch are fed by the same signal RF32x32:inst|5to32decoder:inst3|3to8decoder:inst1|inst
Warning (13012): Latch RAM32x32:inst1|MC1x32:inst50|inst[21] has unsafe behavior
    Warning (13013): Ports D and ENA on the latch are fed by the same signal RF32x32:inst|5to32decoder:inst3|3to8decoder:inst1|inst
Warning (13012): Latch RAM32x32:inst1|MC1x32:inst53|inst[21] has unsafe behavior
    Warning (13013): Ports D and ENA on the latch are fed by the same signal RF32x32:inst|5to32decoder:inst3|3to8decoder:inst1|inst
Warning (13012): Latch RAM32x32:inst1|MC1x32:inst49|inst[21] has unsafe behavior
    Warning (13013): Ports D and ENA on the latch are fed by the same signal RF32x32:inst|5to32decoder:inst3|3to8decoder:inst1|inst
Warning (13012): Latch RAM32x32:inst1|MC1x32:inst52|inst[21] has unsafe behavior
    Warning (13013): Ports D and ENA on the latch are fed by the same signal RF32x32:inst|5to32decoder:inst3|3to8decoder:inst1|inst
Warning (13012): Latch RAM32x32:inst1|MC1x32:inst48|inst[21] has unsafe behavior
    Warning (13013): Ports D and ENA on the latch are fed by the same signal RF32x32:inst|5to32decoder:inst3|3to8decoder:inst1|inst
Warning (13012): Latch RAM32x32:inst1|MC1x32:inst51|inst[20] has unsafe behavior
    Warning (13013): Ports D and ENA on the latch are fed by the same signal RF32x32:inst|5to32decoder:inst3|3to8decoder:inst1|inst
Warning (13012): Latch RAM32x32:inst1|MC1x32:inst55|inst[20] has unsafe behavior
    Warning (13013): Ports D and ENA on the latch are fed by the same signal RF32x32:inst|5to32decoder:inst3|3to8decoder:inst1|inst
Warning (13012): Latch RAM32x32:inst1|MC1x32:inst54|inst[20] has unsafe behavior
    Warning (13013): Ports D and ENA on the latch are fed by the same signal RF32x32:inst|5to32decoder:inst3|3to8decoder:inst1|inst
Warning (13012): Latch RAM32x32:inst1|MC1x32:inst50|inst[20] has unsafe behavior
    Warning (13013): Ports D and ENA on the latch are fed by the same signal RF32x32:inst|5to32decoder:inst3|3to8decoder:inst1|inst
Warning (13012): Latch RAM32x32:inst1|MC1x32:inst53|inst[20] has unsafe behavior
    Warning (13013): Ports D and ENA on the latch are fed by the same signal RF32x32:inst|5to32decoder:inst3|3to8decoder:inst1|inst
Warning (13012): Latch RAM32x32:inst1|MC1x32:inst49|inst[20] has unsafe behavior
    Warning (13013): Ports D and ENA on the latch are fed by the same signal RF32x32:inst|5to32decoder:inst3|3to8decoder:inst1|inst
Warning (13012): Latch RAM32x32:inst1|MC1x32:inst52|inst[20] has unsafe behavior
    Warning (13013): Ports D and ENA on the latch are fed by the same signal RF32x32:inst|5to32decoder:inst3|3to8decoder:inst1|inst
Warning (13012): Latch RAM32x32:inst1|MC1x32:inst48|inst[20] has unsafe behavior
    Warning (13013): Ports D and ENA on the latch are fed by the same signal RF32x32:inst|5to32decoder:inst3|3to8decoder:inst1|inst
Warning (13012): Latch RAM32x32:inst1|MC1x32:inst51|inst[19] has unsafe behavior
    Warning (13013): Ports D and ENA on the latch are fed by the same signal RF32x32:inst|5to32decoder:inst3|3to8decoder:inst1|inst
Warning (13012): Latch RAM32x32:inst1|MC1x32:inst55|inst[19] has unsafe behavior
    Warning (13013): Ports D and ENA on the latch are fed by the same signal RF32x32:inst|5to32decoder:inst3|3to8decoder:inst1|inst
Warning (13012): Latch RAM32x32:inst1|MC1x32:inst54|inst[19] has unsafe behavior
    Warning (13013): Ports D and ENA on the latch are fed by the same signal RF32x32:inst|5to32decoder:inst3|3to8decoder:inst1|inst
Warning (13012): Latch RAM32x32:inst1|MC1x32:inst50|inst[19] has unsafe behavior
    Warning (13013): Ports D and ENA on the latch are fed by the same signal RF32x32:inst|5to32decoder:inst3|3to8decoder:inst1|inst
Warning (13012): Latch RAM32x32:inst1|MC1x32:inst53|inst[19] has unsafe behavior
    Warning (13013): Ports D and ENA on the latch are fed by the same signal RF32x32:inst|5to32decoder:inst3|3to8decoder:inst1|inst
Warning (13012): Latch RAM32x32:inst1|MC1x32:inst49|inst[19] has unsafe behavior
    Warning (13013): Ports D and ENA on the latch are fed by the same signal RF32x32:inst|5to32decoder:inst3|3to8decoder:inst1|inst
Warning (13012): Latch RAM32x32:inst1|MC1x32:inst52|inst[19] has unsafe behavior
    Warning (13013): Ports D and ENA on the latch are fed by the same signal RF32x32:inst|5to32decoder:inst3|3to8decoder:inst1|inst
Warning (13012): Latch RAM32x32:inst1|MC1x32:inst48|inst[19] has unsafe behavior
    Warning (13013): Ports D and ENA on the latch are fed by the same signal RF32x32:inst|5to32decoder:inst3|3to8decoder:inst1|inst
Warning (13012): Latch RAM32x32:inst1|MC1x32:inst51|inst[18] has unsafe behavior
    Warning (13013): Ports D and ENA on the latch are fed by the same signal RF32x32:inst|5to32decoder:inst3|3to8decoder:inst1|inst
Warning (13012): Latch RAM32x32:inst1|MC1x32:inst55|inst[18] has unsafe behavior
    Warning (13013): Ports D and ENA on the latch are fed by the same signal RF32x32:inst|5to32decoder:inst3|3to8decoder:inst1|inst
Warning (13012): Latch RAM32x32:inst1|MC1x32:inst54|inst[18] has unsafe behavior
    Warning (13013): Ports D and ENA on the latch are fed by the same signal RF32x32:inst|5to32decoder:inst3|3to8decoder:inst1|inst
Warning (13012): Latch RAM32x32:inst1|MC1x32:inst50|inst[18] has unsafe behavior
    Warning (13013): Ports D and ENA on the latch are fed by the same signal RF32x32:inst|5to32decoder:inst3|3to8decoder:inst1|inst
Warning (13012): Latch RAM32x32:inst1|MC1x32:inst53|inst[18] has unsafe behavior
    Warning (13013): Ports D and ENA on the latch are fed by the same signal RF32x32:inst|5to32decoder:inst3|3to8decoder:inst1|inst
Warning (13012): Latch RAM32x32:inst1|MC1x32:inst49|inst[18] has unsafe behavior
    Warning (13013): Ports D and ENA on the latch are fed by the same signal RF32x32:inst|5to32decoder:inst3|3to8decoder:inst1|inst
Warning (13012): Latch RAM32x32:inst1|MC1x32:inst52|inst[18] has unsafe behavior
    Warning (13013): Ports D and ENA on the latch are fed by the same signal RF32x32:inst|5to32decoder:inst3|3to8decoder:inst1|inst
Warning (13012): Latch RAM32x32:inst1|MC1x32:inst48|inst[18] has unsafe behavior
    Warning (13013): Ports D and ENA on the latch are fed by the same signal RF32x32:inst|5to32decoder:inst3|3to8decoder:inst1|inst
Warning (13012): Latch RAM32x32:inst1|MC1x32:inst51|inst[17] has unsafe behavior
    Warning (13013): Ports D and ENA on the latch are fed by the same signal RF32x32:inst|5to32decoder:inst3|3to8decoder:inst1|inst
Warning (13012): Latch RAM32x32:inst1|MC1x32:inst55|inst[17] has unsafe behavior
    Warning (13013): Ports D and ENA on the latch are fed by the same signal RF32x32:inst|5to32decoder:inst3|3to8decoder:inst1|inst
Warning (13012): Latch RAM32x32:inst1|MC1x32:inst54|inst[17] has unsafe behavior
    Warning (13013): Ports D and ENA on the latch are fed by the same signal RF32x32:inst|5to32decoder:inst3|3to8decoder:inst1|inst
Warning (13012): Latch RAM32x32:inst1|MC1x32:inst50|inst[17] has unsafe behavior
    Warning (13013): Ports D and ENA on the latch are fed by the same signal RF32x32:inst|5to32decoder:inst3|3to8decoder:inst1|inst
Warning (13012): Latch RAM32x32:inst1|MC1x32:inst53|inst[17] has unsafe behavior
    Warning (13013): Ports D and ENA on the latch are fed by the same signal RF32x32:inst|5to32decoder:inst3|3to8decoder:inst1|inst
Warning (13012): Latch RAM32x32:inst1|MC1x32:inst49|inst[17] has unsafe behavior
    Warning (13013): Ports D and ENA on the latch are fed by the same signal RF32x32:inst|5to32decoder:inst3|3to8decoder:inst1|inst
Warning (13012): Latch RAM32x32:inst1|MC1x32:inst52|inst[17] has unsafe behavior
    Warning (13013): Ports D and ENA on the latch are fed by the same signal RF32x32:inst|5to32decoder:inst3|3to8decoder:inst1|inst
Warning (13012): Latch RAM32x32:inst1|MC1x32:inst48|inst[17] has unsafe behavior
    Warning (13013): Ports D and ENA on the latch are fed by the same signal RF32x32:inst|5to32decoder:inst3|3to8decoder:inst1|inst
Warning (13012): Latch RAM32x32:inst1|MC1x32:inst51|inst[16] has unsafe behavior
    Warning (13013): Ports D and ENA on the latch are fed by the same signal RF32x32:inst|5to32decoder:inst3|3to8decoder:inst1|inst
Warning (13012): Latch RAM32x32:inst1|MC1x32:inst55|inst[16] has unsafe behavior
    Warning (13013): Ports D and ENA on the latch are fed by the same signal RF32x32:inst|5to32decoder:inst3|3to8decoder:inst1|inst
Warning (13012): Latch RAM32x32:inst1|MC1x32:inst54|inst[16] has unsafe behavior
    Warning (13013): Ports D and ENA on the latch are fed by the same signal RF32x32:inst|5to32decoder:inst3|3to8decoder:inst1|inst
Warning (13012): Latch RAM32x32:inst1|MC1x32:inst50|inst[16] has unsafe behavior
    Warning (13013): Ports D and ENA on the latch are fed by the same signal RF32x32:inst|5to32decoder:inst3|3to8decoder:inst1|inst
Warning (13012): Latch RAM32x32:inst1|MC1x32:inst53|inst[16] has unsafe behavior
    Warning (13013): Ports D and ENA on the latch are fed by the same signal RF32x32:inst|5to32decoder:inst3|3to8decoder:inst1|inst
Warning (13012): Latch RAM32x32:inst1|MC1x32:inst49|inst[16] has unsafe behavior
    Warning (13013): Ports D and ENA on the latch are fed by the same signal RF32x32:inst|5to32decoder:inst3|3to8decoder:inst1|inst
Warning (13012): Latch RAM32x32:inst1|MC1x32:inst52|inst[16] has unsafe behavior
    Warning (13013): Ports D and ENA on the latch are fed by the same signal RF32x32:inst|5to32decoder:inst3|3to8decoder:inst1|inst
Warning (13012): Latch RAM32x32:inst1|MC1x32:inst48|inst[16] has unsafe behavior
    Warning (13013): Ports D and ENA on the latch are fed by the same signal RF32x32:inst|5to32decoder:inst3|3to8decoder:inst1|inst
Warning (13012): Latch RAM32x32:inst1|MC1x32:inst51|inst[15] has unsafe behavior
    Warning (13013): Ports D and ENA on the latch are fed by the same signal RF32x32:inst|5to32decoder:inst3|3to8decoder:inst1|inst
Warning (13012): Latch RAM32x32:inst1|MC1x32:inst55|inst[15] has unsafe behavior
    Warning (13013): Ports D and ENA on the latch are fed by the same signal RF32x32:inst|5to32decoder:inst3|3to8decoder:inst1|inst
Warning (13012): Latch RAM32x32:inst1|MC1x32:inst54|inst[15] has unsafe behavior
    Warning (13013): Ports D and ENA on the latch are fed by the same signal RF32x32:inst|5to32decoder:inst3|3to8decoder:inst1|inst
Warning (13012): Latch RAM32x32:inst1|MC1x32:inst50|inst[15] has unsafe behavior
    Warning (13013): Ports D and ENA on the latch are fed by the same signal RF32x32:inst|5to32decoder:inst3|3to8decoder:inst1|inst
Warning (13012): Latch RAM32x32:inst1|MC1x32:inst53|inst[15] has unsafe behavior
    Warning (13013): Ports D and ENA on the latch are fed by the same signal RF32x32:inst|5to32decoder:inst3|3to8decoder:inst1|inst
Warning (13012): Latch RAM32x32:inst1|MC1x32:inst49|inst[15] has unsafe behavior
    Warning (13013): Ports D and ENA on the latch are fed by the same signal RF32x32:inst|5to32decoder:inst3|3to8decoder:inst1|inst
Warning (13012): Latch RAM32x32:inst1|MC1x32:inst52|inst[15] has unsafe behavior
    Warning (13013): Ports D and ENA on the latch are fed by the same signal RF32x32:inst|5to32decoder:inst3|3to8decoder:inst1|inst
Warning (13012): Latch RAM32x32:inst1|MC1x32:inst48|inst[15] has unsafe behavior
    Warning (13013): Ports D and ENA on the latch are fed by the same signal RF32x32:inst|5to32decoder:inst3|3to8decoder:inst1|inst
Warning (13012): Latch RAM32x32:inst1|MC1x32:inst51|inst[14] has unsafe behavior
    Warning (13013): Ports D and ENA on the latch are fed by the same signal RF32x32:inst|5to32decoder:inst3|3to8decoder:inst1|inst
Warning (13012): Latch RAM32x32:inst1|MC1x32:inst55|inst[14] has unsafe behavior
    Warning (13013): Ports D and ENA on the latch are fed by the same signal RF32x32:inst|5to32decoder:inst3|3to8decoder:inst1|inst
Warning (13012): Latch RAM32x32:inst1|MC1x32:inst54|inst[14] has unsafe behavior
    Warning (13013): Ports D and ENA on the latch are fed by the same signal RF32x32:inst|5to32decoder:inst3|3to8decoder:inst1|inst
Warning (13012): Latch RAM32x32:inst1|MC1x32:inst50|inst[14] has unsafe behavior
    Warning (13013): Ports D and ENA on the latch are fed by the same signal RF32x32:inst|5to32decoder:inst3|3to8decoder:inst1|inst
Warning (13012): Latch RAM32x32:inst1|MC1x32:inst53|inst[14] has unsafe behavior
    Warning (13013): Ports D and ENA on the latch are fed by the same signal RF32x32:inst|5to32decoder:inst3|3to8decoder:inst1|inst
Warning (13012): Latch RAM32x32:inst1|MC1x32:inst49|inst[14] has unsafe behavior
    Warning (13013): Ports D and ENA on the latch are fed by the same signal RF32x32:inst|5to32decoder:inst3|3to8decoder:inst1|inst
Warning (13012): Latch RAM32x32:inst1|MC1x32:inst52|inst[14] has unsafe behavior
    Warning (13013): Ports D and ENA on the latch are fed by the same signal RF32x32:inst|5to32decoder:inst3|3to8decoder:inst1|inst
Warning (13012): Latch RAM32x32:inst1|MC1x32:inst48|inst[14] has unsafe behavior
    Warning (13013): Ports D and ENA on the latch are fed by the same signal RF32x32:inst|5to32decoder:inst3|3to8decoder:inst1|inst
Warning (13012): Latch RAM32x32:inst1|MC1x32:inst51|inst[13] has unsafe behavior
    Warning (13013): Ports D and ENA on the latch are fed by the same signal RF32x32:inst|5to32decoder:inst3|3to8decoder:inst1|inst
Warning (13012): Latch RAM32x32:inst1|MC1x32:inst55|inst[13] has unsafe behavior
    Warning (13013): Ports D and ENA on the latch are fed by the same signal RF32x32:inst|5to32decoder:inst3|3to8decoder:inst1|inst
Warning (13012): Latch RAM32x32:inst1|MC1x32:inst54|inst[13] has unsafe behavior
    Warning (13013): Ports D and ENA on the latch are fed by the same signal RF32x32:inst|5to32decoder:inst3|3to8decoder:inst1|inst
Warning (13012): Latch RAM32x32:inst1|MC1x32:inst50|inst[13] has unsafe behavior
    Warning (13013): Ports D and ENA on the latch are fed by the same signal RF32x32:inst|5to32decoder:inst3|3to8decoder:inst1|inst
Warning (13012): Latch RAM32x32:inst1|MC1x32:inst53|inst[13] has unsafe behavior
    Warning (13013): Ports D and ENA on the latch are fed by the same signal RF32x32:inst|5to32decoder:inst3|3to8decoder:inst1|inst
Warning (13012): Latch RAM32x32:inst1|MC1x32:inst49|inst[13] has unsafe behavior
    Warning (13013): Ports D and ENA on the latch are fed by the same signal RF32x32:inst|5to32decoder:inst3|3to8decoder:inst1|inst
Warning (13012): Latch RAM32x32:inst1|MC1x32:inst52|inst[13] has unsafe behavior
    Warning (13013): Ports D and ENA on the latch are fed by the same signal RF32x32:inst|5to32decoder:inst3|3to8decoder:inst1|inst
Warning (13012): Latch RAM32x32:inst1|MC1x32:inst48|inst[13] has unsafe behavior
    Warning (13013): Ports D and ENA on the latch are fed by the same signal RF32x32:inst|5to32decoder:inst3|3to8decoder:inst1|inst
Warning (13012): Latch RAM32x32:inst1|MC1x32:inst51|inst[12] has unsafe behavior
    Warning (13013): Ports D and ENA on the latch are fed by the same signal RF32x32:inst|5to32decoder:inst3|3to8decoder:inst1|inst
Warning (13012): Latch RAM32x32:inst1|MC1x32:inst55|inst[12] has unsafe behavior
    Warning (13013): Ports D and ENA on the latch are fed by the same signal RF32x32:inst|5to32decoder:inst3|3to8decoder:inst1|inst
Warning (13012): Latch RAM32x32:inst1|MC1x32:inst54|inst[12] has unsafe behavior
    Warning (13013): Ports D and ENA on the latch are fed by the same signal RF32x32:inst|5to32decoder:inst3|3to8decoder:inst1|inst
Warning (13012): Latch RAM32x32:inst1|MC1x32:inst50|inst[12] has unsafe behavior
    Warning (13013): Ports D and ENA on the latch are fed by the same signal RF32x32:inst|5to32decoder:inst3|3to8decoder:inst1|inst
Warning (13012): Latch RAM32x32:inst1|MC1x32:inst53|inst[12] has unsafe behavior
    Warning (13013): Ports D and ENA on the latch are fed by the same signal RF32x32:inst|5to32decoder:inst3|3to8decoder:inst1|inst
Warning (13012): Latch RAM32x32:inst1|MC1x32:inst49|inst[12] has unsafe behavior
    Warning (13013): Ports D and ENA on the latch are fed by the same signal RF32x32:inst|5to32decoder:inst3|3to8decoder:inst1|inst
Warning (13012): Latch RAM32x32:inst1|MC1x32:inst52|inst[12] has unsafe behavior
    Warning (13013): Ports D and ENA on the latch are fed by the same signal RF32x32:inst|5to32decoder:inst3|3to8decoder:inst1|inst
Warning (13012): Latch RAM32x32:inst1|MC1x32:inst48|inst[12] has unsafe behavior
    Warning (13013): Ports D and ENA on the latch are fed by the same signal RF32x32:inst|5to32decoder:inst3|3to8decoder:inst1|inst
Warning (13012): Latch RAM32x32:inst1|MC1x32:inst51|inst[11] has unsafe behavior
    Warning (13013): Ports D and ENA on the latch are fed by the same signal RF32x32:inst|5to32decoder:inst3|3to8decoder:inst1|inst
Warning (13012): Latch RAM32x32:inst1|MC1x32:inst55|inst[11] has unsafe behavior
    Warning (13013): Ports D and ENA on the latch are fed by the same signal RF32x32:inst|5to32decoder:inst3|3to8decoder:inst1|inst
Warning (13012): Latch RAM32x32:inst1|MC1x32:inst54|inst[11] has unsafe behavior
    Warning (13013): Ports D and ENA on the latch are fed by the same signal RF32x32:inst|5to32decoder:inst3|3to8decoder:inst1|inst
Warning (13012): Latch RAM32x32:inst1|MC1x32:inst50|inst[11] has unsafe behavior
    Warning (13013): Ports D and ENA on the latch are fed by the same signal RF32x32:inst|5to32decoder:inst3|3to8decoder:inst1|inst
Warning (13012): Latch RAM32x32:inst1|MC1x32:inst53|inst[11] has unsafe behavior
    Warning (13013): Ports D and ENA on the latch are fed by the same signal RF32x32:inst|5to32decoder:inst3|3to8decoder:inst1|inst
Warning (13012): Latch RAM32x32:inst1|MC1x32:inst49|inst[11] has unsafe behavior
    Warning (13013): Ports D and ENA on the latch are fed by the same signal RF32x32:inst|5to32decoder:inst3|3to8decoder:inst1|inst
Warning (13012): Latch RAM32x32:inst1|MC1x32:inst52|inst[11] has unsafe behavior
    Warning (13013): Ports D and ENA on the latch are fed by the same signal RF32x32:inst|5to32decoder:inst3|3to8decoder:inst1|inst
Warning (13012): Latch RAM32x32:inst1|MC1x32:inst48|inst[11] has unsafe behavior
    Warning (13013): Ports D and ENA on the latch are fed by the same signal RF32x32:inst|5to32decoder:inst3|3to8decoder:inst1|inst
Warning (13012): Latch RAM32x32:inst1|MC1x32:inst51|inst[10] has unsafe behavior
    Warning (13013): Ports D and ENA on the latch are fed by the same signal RF32x32:inst|5to32decoder:inst3|3to8decoder:inst1|inst
Warning (13012): Latch RAM32x32:inst1|MC1x32:inst55|inst[10] has unsafe behavior
    Warning (13013): Ports D and ENA on the latch are fed by the same signal RF32x32:inst|5to32decoder:inst3|3to8decoder:inst1|inst
Warning (13012): Latch RAM32x32:inst1|MC1x32:inst54|inst[10] has unsafe behavior
    Warning (13013): Ports D and ENA on the latch are fed by the same signal RF32x32:inst|5to32decoder:inst3|3to8decoder:inst1|inst
Warning (13012): Latch RAM32x32:inst1|MC1x32:inst50|inst[10] has unsafe behavior
    Warning (13013): Ports D and ENA on the latch are fed by the same signal RF32x32:inst|5to32decoder:inst3|3to8decoder:inst1|inst
Warning (13012): Latch RAM32x32:inst1|MC1x32:inst53|inst[10] has unsafe behavior
    Warning (13013): Ports D and ENA on the latch are fed by the same signal RF32x32:inst|5to32decoder:inst3|3to8decoder:inst1|inst
Warning (13012): Latch RAM32x32:inst1|MC1x32:inst49|inst[10] has unsafe behavior
    Warning (13013): Ports D and ENA on the latch are fed by the same signal RF32x32:inst|5to32decoder:inst3|3to8decoder:inst1|inst
Warning (13012): Latch RAM32x32:inst1|MC1x32:inst52|inst[10] has unsafe behavior
    Warning (13013): Ports D and ENA on the latch are fed by the same signal RF32x32:inst|5to32decoder:inst3|3to8decoder:inst1|inst
Warning (13012): Latch RAM32x32:inst1|MC1x32:inst48|inst[10] has unsafe behavior
    Warning (13013): Ports D and ENA on the latch are fed by the same signal RF32x32:inst|5to32decoder:inst3|3to8decoder:inst1|inst
Warning (13012): Latch RAM32x32:inst1|MC1x32:inst51|inst[9] has unsafe behavior
    Warning (13013): Ports D and ENA on the latch are fed by the same signal RF32x32:inst|5to32decoder:inst3|3to8decoder:inst1|inst
Warning (13012): Latch RAM32x32:inst1|MC1x32:inst55|inst[9] has unsafe behavior
    Warning (13013): Ports D and ENA on the latch are fed by the same signal RF32x32:inst|5to32decoder:inst3|3to8decoder:inst1|inst
Warning (13012): Latch RAM32x32:inst1|MC1x32:inst54|inst[9] has unsafe behavior
    Warning (13013): Ports D and ENA on the latch are fed by the same signal RF32x32:inst|5to32decoder:inst3|3to8decoder:inst1|inst
Warning (13012): Latch RAM32x32:inst1|MC1x32:inst50|inst[9] has unsafe behavior
    Warning (13013): Ports D and ENA on the latch are fed by the same signal RF32x32:inst|5to32decoder:inst3|3to8decoder:inst1|inst
Warning (13012): Latch RAM32x32:inst1|MC1x32:inst53|inst[9] has unsafe behavior
    Warning (13013): Ports D and ENA on the latch are fed by the same signal RF32x32:inst|5to32decoder:inst3|3to8decoder:inst1|inst
Warning (13012): Latch RAM32x32:inst1|MC1x32:inst49|inst[9] has unsafe behavior
    Warning (13013): Ports D and ENA on the latch are fed by the same signal RF32x32:inst|5to32decoder:inst3|3to8decoder:inst1|inst
Warning (13012): Latch RAM32x32:inst1|MC1x32:inst52|inst[9] has unsafe behavior
    Warning (13013): Ports D and ENA on the latch are fed by the same signal RF32x32:inst|5to32decoder:inst3|3to8decoder:inst1|inst
Warning (13012): Latch RAM32x32:inst1|MC1x32:inst48|inst[9] has unsafe behavior
    Warning (13013): Ports D and ENA on the latch are fed by the same signal RF32x32:inst|5to32decoder:inst3|3to8decoder:inst1|inst
Warning (13012): Latch RAM32x32:inst1|MC1x32:inst51|inst[8] has unsafe behavior
    Warning (13013): Ports D and ENA on the latch are fed by the same signal RF32x32:inst|5to32decoder:inst3|3to8decoder:inst1|inst
Warning (13012): Latch RAM32x32:inst1|MC1x32:inst55|inst[8] has unsafe behavior
    Warning (13013): Ports D and ENA on the latch are fed by the same signal RF32x32:inst|5to32decoder:inst3|3to8decoder:inst1|inst
Warning (13012): Latch RAM32x32:inst1|MC1x32:inst54|inst[8] has unsafe behavior
    Warning (13013): Ports D and ENA on the latch are fed by the same signal RF32x32:inst|5to32decoder:inst3|3to8decoder:inst1|inst
Warning (13012): Latch RAM32x32:inst1|MC1x32:inst50|inst[8] has unsafe behavior
    Warning (13013): Ports D and ENA on the latch are fed by the same signal RF32x32:inst|5to32decoder:inst3|3to8decoder:inst1|inst
Warning (13012): Latch RAM32x32:inst1|MC1x32:inst53|inst[8] has unsafe behavior
    Warning (13013): Ports D and ENA on the latch are fed by the same signal RF32x32:inst|5to32decoder:inst3|3to8decoder:inst1|inst
Warning (13012): Latch RAM32x32:inst1|MC1x32:inst49|inst[8] has unsafe behavior
    Warning (13013): Ports D and ENA on the latch are fed by the same signal RF32x32:inst|5to32decoder:inst3|3to8decoder:inst1|inst
Warning (13012): Latch RAM32x32:inst1|MC1x32:inst52|inst[8] has unsafe behavior
    Warning (13013): Ports D and ENA on the latch are fed by the same signal RF32x32:inst|5to32decoder:inst3|3to8decoder:inst1|inst
Warning (13012): Latch RAM32x32:inst1|MC1x32:inst48|inst[8] has unsafe behavior
    Warning (13013): Ports D and ENA on the latch are fed by the same signal RF32x32:inst|5to32decoder:inst3|3to8decoder:inst1|inst
Warning (13012): Latch RAM32x32:inst1|MC1x32:inst51|inst[7] has unsafe behavior
    Warning (13013): Ports D and ENA on the latch are fed by the same signal RF32x32:inst|5to32decoder:inst3|3to8decoder:inst1|inst
Warning (13012): Latch RAM32x32:inst1|MC1x32:inst55|inst[7] has unsafe behavior
    Warning (13013): Ports D and ENA on the latch are fed by the same signal RF32x32:inst|5to32decoder:inst3|3to8decoder:inst1|inst
Warning (13012): Latch RAM32x32:inst1|MC1x32:inst54|inst[7] has unsafe behavior
    Warning (13013): Ports D and ENA on the latch are fed by the same signal RF32x32:inst|5to32decoder:inst3|3to8decoder:inst1|inst
Warning (13012): Latch RAM32x32:inst1|MC1x32:inst50|inst[7] has unsafe behavior
    Warning (13013): Ports D and ENA on the latch are fed by the same signal RF32x32:inst|5to32decoder:inst3|3to8decoder:inst1|inst
Warning (13012): Latch RAM32x32:inst1|MC1x32:inst53|inst[7] has unsafe behavior
    Warning (13013): Ports D and ENA on the latch are fed by the same signal RF32x32:inst|5to32decoder:inst3|3to8decoder:inst1|inst
Warning (13012): Latch RAM32x32:inst1|MC1x32:inst49|inst[7] has unsafe behavior
    Warning (13013): Ports D and ENA on the latch are fed by the same signal RF32x32:inst|5to32decoder:inst3|3to8decoder:inst1|inst
Warning (13012): Latch RAM32x32:inst1|MC1x32:inst52|inst[7] has unsafe behavior
    Warning (13013): Ports D and ENA on the latch are fed by the same signal RF32x32:inst|5to32decoder:inst3|3to8decoder:inst1|inst
Warning (13012): Latch RAM32x32:inst1|MC1x32:inst48|inst[7] has unsafe behavior
    Warning (13013): Ports D and ENA on the latch are fed by the same signal RF32x32:inst|5to32decoder:inst3|3to8decoder:inst1|inst
Warning (13012): Latch RAM32x32:inst1|MC1x32:inst51|inst[6] has unsafe behavior
    Warning (13013): Ports D and ENA on the latch are fed by the same signal RF32x32:inst|5to32decoder:inst3|3to8decoder:inst1|inst
Warning (13012): Latch RAM32x32:inst1|MC1x32:inst55|inst[6] has unsafe behavior
    Warning (13013): Ports D and ENA on the latch are fed by the same signal RF32x32:inst|5to32decoder:inst3|3to8decoder:inst1|inst
Warning (13012): Latch RAM32x32:inst1|MC1x32:inst54|inst[6] has unsafe behavior
    Warning (13013): Ports D and ENA on the latch are fed by the same signal RF32x32:inst|5to32decoder:inst3|3to8decoder:inst1|inst
Warning (13012): Latch RAM32x32:inst1|MC1x32:inst50|inst[6] has unsafe behavior
    Warning (13013): Ports D and ENA on the latch are fed by the same signal RF32x32:inst|5to32decoder:inst3|3to8decoder:inst1|inst
Warning (13012): Latch RAM32x32:inst1|MC1x32:inst53|inst[6] has unsafe behavior
    Warning (13013): Ports D and ENA on the latch are fed by the same signal RF32x32:inst|5to32decoder:inst3|3to8decoder:inst1|inst
Warning (13012): Latch RAM32x32:inst1|MC1x32:inst49|inst[6] has unsafe behavior
    Warning (13013): Ports D and ENA on the latch are fed by the same signal RF32x32:inst|5to32decoder:inst3|3to8decoder:inst1|inst
Warning (13012): Latch RAM32x32:inst1|MC1x32:inst52|inst[6] has unsafe behavior
    Warning (13013): Ports D and ENA on the latch are fed by the same signal RF32x32:inst|5to32decoder:inst3|3to8decoder:inst1|inst
Warning (13012): Latch RAM32x32:inst1|MC1x32:inst48|inst[6] has unsafe behavior
    Warning (13013): Ports D and ENA on the latch are fed by the same signal RF32x32:inst|5to32decoder:inst3|3to8decoder:inst1|inst
Warning (13012): Latch RAM32x32:inst1|MC1x32:inst51|inst[5] has unsafe behavior
    Warning (13013): Ports D and ENA on the latch are fed by the same signal RF32x32:inst|5to32decoder:inst3|3to8decoder:inst1|inst
Warning (13012): Latch RAM32x32:inst1|MC1x32:inst55|inst[5] has unsafe behavior
    Warning (13013): Ports D and ENA on the latch are fed by the same signal RF32x32:inst|5to32decoder:inst3|3to8decoder:inst1|inst
Warning (13012): Latch RAM32x32:inst1|MC1x32:inst54|inst[5] has unsafe behavior
    Warning (13013): Ports D and ENA on the latch are fed by the same signal RF32x32:inst|5to32decoder:inst3|3to8decoder:inst1|inst
Warning (13012): Latch RAM32x32:inst1|MC1x32:inst50|inst[5] has unsafe behavior
    Warning (13013): Ports D and ENA on the latch are fed by the same signal RF32x32:inst|5to32decoder:inst3|3to8decoder:inst1|inst
Warning (13012): Latch RAM32x32:inst1|MC1x32:inst53|inst[5] has unsafe behavior
    Warning (13013): Ports D and ENA on the latch are fed by the same signal RF32x32:inst|5to32decoder:inst3|3to8decoder:inst1|inst
Warning (13012): Latch RAM32x32:inst1|MC1x32:inst49|inst[5] has unsafe behavior
    Warning (13013): Ports D and ENA on the latch are fed by the same signal RF32x32:inst|5to32decoder:inst3|3to8decoder:inst1|inst
Warning (13012): Latch RAM32x32:inst1|MC1x32:inst52|inst[5] has unsafe behavior
    Warning (13013): Ports D and ENA on the latch are fed by the same signal RF32x32:inst|5to32decoder:inst3|3to8decoder:inst1|inst
Warning (13012): Latch RAM32x32:inst1|MC1x32:inst48|inst[5] has unsafe behavior
    Warning (13013): Ports D and ENA on the latch are fed by the same signal RF32x32:inst|5to32decoder:inst3|3to8decoder:inst1|inst
Warning (13012): Latch RAM32x32:inst1|MC1x32:inst36|inst[4] has unsafe behavior
    Warning (13013): Ports D and ENA on the latch are fed by the same signal RF32x32:inst|RFC32x32:inst1|RFC32:inst|RFC8:inst1|RFC:inst10|inst6~synth
Warning (13012): Latch RAM32x32:inst1|MC1x32:inst30|inst[4] has unsafe behavior
    Warning (13013): Ports D and ENA on the latch are fed by the same signal RF32x32:inst|RFC32x32:inst1|RFC32:inst|RFC8:inst1|RFC:inst10|inst6~synth
Warning (13012): Latch RAM32x32:inst1|MC1x32:inst28|inst[4] has unsafe behavior
    Warning (13013): Ports D and ENA on the latch are fed by the same signal RF32x32:inst|RFC32x32:inst1|RFC32:inst|RFC8:inst1|RFC:inst10|inst6~synth
Warning (13012): Latch RAM32x32:inst1|MC1x32:inst40|inst[4] has unsafe behavior
    Warning (13013): Ports D and ENA on the latch are fed by the same signal RF32x32:inst|RFC32x32:inst1|RFC32:inst|RFC8:inst1|RFC:inst10|inst6~synth
Warning (13012): Latch RAM32x32:inst1|MC1x32:inst43|inst[4] has unsafe behavior
    Warning (13013): Ports D and ENA on the latch are fed by the same signal RF32x32:inst|RFC32x32:inst1|RFC32:inst|RFC8:inst1|RFC:inst10|inst6~synth
Warning (13012): Latch RAM32x32:inst1|MC1x32:inst45|inst[4] has unsafe behavior
    Warning (13013): Ports D and ENA on the latch are fed by the same signal RF32x32:inst|RFC32x32:inst1|RFC32:inst|RFC8:inst1|RFC:inst10|inst6~synth
Warning (13012): Latch RAM32x32:inst1|MC1x32:inst51|inst[4] has unsafe behavior
    Warning (13013): Ports D and ENA on the latch are fed by the same signal RF32x32:inst|5to32decoder:inst3|3to8decoder:inst1|inst
Warning (13012): Latch RAM32x32:inst1|MC1x32:inst55|inst[4] has unsafe behavior
    Warning (13013): Ports D and ENA on the latch are fed by the same signal RF32x32:inst|5to32decoder:inst3|3to8decoder:inst1|inst
Warning (13012): Latch RAM32x32:inst1|MC1x32:inst54|inst[4] has unsafe behavior
    Warning (13013): Ports D and ENA on the latch are fed by the same signal RF32x32:inst|5to32decoder:inst3|3to8decoder:inst1|inst
Warning (13012): Latch RAM32x32:inst1|MC1x32:inst50|inst[4] has unsafe behavior
    Warning (13013): Ports D and ENA on the latch are fed by the same signal RF32x32:inst|5to32decoder:inst3|3to8decoder:inst1|inst
Warning (13012): Latch RAM32x32:inst1|MC1x32:inst47|inst[4] has unsafe behavior
    Warning (13013): Ports D and ENA on the latch are fed by the same signal RF32x32:inst|RFC32x32:inst1|RFC32:inst|RFC8:inst1|RFC:inst10|inst6~synth
Warning (13012): Latch RAM32x32:inst1|MC1x32:inst41|inst[4] has unsafe behavior
    Warning (13013): Ports D and ENA on the latch are fed by the same signal RF32x32:inst|RFC32x32:inst1|RFC32:inst|RFC8:inst1|RFC:inst10|inst6~synth
Warning (13012): Latch RAM32x32:inst1|MC1x32:inst39|inst[4] has unsafe behavior
    Warning (13013): Ports D and ENA on the latch are fed by the same signal RF32x32:inst|RFC32x32:inst1|RFC32:inst|RFC8:inst1|RFC:inst10|inst6~synth
Warning (13012): Latch RAM32x32:inst1|MC1x32:inst35|inst[4] has unsafe behavior
    Warning (13013): Ports D and ENA on the latch are fed by the same signal RF32x32:inst|RFC32x32:inst1|RFC32:inst|RFC8:inst1|RFC:inst10|inst6~synth
Warning (13012): Latch RAM32x32:inst1|MC1x32:inst32|inst[4] has unsafe behavior
    Warning (13013): Ports D and ENA on the latch are fed by the same signal RF32x32:inst|RFC32x32:inst1|RFC32:inst|RFC8:inst1|RFC:inst10|inst6~synth
Warning (13012): Latch RAM32x32:inst1|MC1x32:inst26|inst[4] has unsafe behavior
    Warning (13013): Ports D and ENA on the latch are fed by the same signal RF32x32:inst|RFC32x32:inst1|RFC32:inst|RFC8:inst1|RFC:inst10|inst6~synth
Warning (13012): Latch RAM32x32:inst1|MC1x32:inst53|inst[4] has unsafe behavior
    Warning (13013): Ports D and ENA on the latch are fed by the same signal RF32x32:inst|5to32decoder:inst3|3to8decoder:inst1|inst
Warning (13012): Latch RAM32x32:inst1|MC1x32:inst49|inst[4] has unsafe behavior
    Warning (13013): Ports D and ENA on the latch are fed by the same signal RF32x32:inst|5to32decoder:inst3|3to8decoder:inst1|inst
Warning (13012): Latch RAM32x32:inst1|MC1x32:inst46|inst[4] has unsafe behavior
    Warning (13013): Ports D and ENA on the latch are fed by the same signal RF32x32:inst|RFC32x32:inst1|RFC32:inst|RFC8:inst1|RFC:inst10|inst6~synth
Warning (13012): Latch RAM32x32:inst1|MC1x32:inst24|inst[4] has unsafe behavior
    Warning (13013): Ports D and ENA on the latch are fed by the same signal RF32x32:inst|RFC32x32:inst1|RFC32:inst|RFC8:inst1|RFC:inst10|inst6~synth
Warning (13012): Latch RAM32x32:inst1|MC1x32:inst38|inst[4] has unsafe behavior
    Warning (13013): Ports D and ENA on the latch are fed by the same signal RF32x32:inst|RFC32x32:inst1|RFC32:inst|RFC8:inst1|RFC:inst10|inst6~synth
Warning (13012): Latch RAM32x32:inst1|MC1x32:inst34|inst[4] has unsafe behavior
    Warning (13013): Ports D and ENA on the latch are fed by the same signal RF32x32:inst|RFC32x32:inst1|RFC32:inst|RFC8:inst1|RFC:inst10|inst6~synth
Warning (13012): Latch RAM32x32:inst1|MC1x32:inst31|inst[4] has unsafe behavior
    Warning (13013): Ports D and ENA on the latch are fed by the same signal RF32x32:inst|RFC32x32:inst1|RFC32:inst|RFC8:inst1|RFC:inst10|inst6~synth
Warning (13012): Latch RAM32x32:inst1|MC1x32:inst23|inst[4] has unsafe behavior
    Warning (13013): Ports D and ENA on the latch are fed by the same signal RF32x32:inst|RFC32x32:inst1|RFC32:inst|RFC8:inst1|RFC:inst10|inst6~synth
Warning (13012): Latch RAM32x32:inst1|MC1x32:inst52|inst[4] has unsafe behavior
    Warning (13013): Ports D and ENA on the latch are fed by the same signal RF32x32:inst|5to32decoder:inst3|3to8decoder:inst1|inst
Warning (13012): Latch RAM32x32:inst1|MC1x32:inst48|inst[4] has unsafe behavior
    Warning (13013): Ports D and ENA on the latch are fed by the same signal RF32x32:inst|5to32decoder:inst3|3to8decoder:inst1|inst
Warning (13012): Latch RAM32x32:inst1|MC1x32:inst44|inst[4] has unsafe behavior
    Warning (13013): Ports D and ENA on the latch are fed by the same signal RF32x32:inst|RFC32x32:inst1|RFC32:inst|RFC8:inst1|RFC:inst10|inst6~synth
Warning (13012): Latch RAM32x32:inst1|MC1x32:inst42|inst[4] has unsafe behavior
    Warning (13013): Ports D and ENA on the latch are fed by the same signal RF32x32:inst|RFC32x32:inst1|RFC32:inst|RFC8:inst1|RFC:inst10|inst6~synth
Warning (13012): Latch RAM32x32:inst1|MC1x32:inst37|inst[4] has unsafe behavior
    Warning (13013): Ports D and ENA on the latch are fed by the same signal RF32x32:inst|RFC32x32:inst1|RFC32:inst|RFC8:inst1|RFC:inst10|inst6~synth
Warning (13012): Latch RAM32x32:inst1|MC1x32:inst33|inst[4] has unsafe behavior
    Warning (13013): Ports D and ENA on the latch are fed by the same signal RF32x32:inst|RFC32x32:inst1|RFC32:inst|RFC8:inst1|RFC:inst10|inst6~synth
Warning (13012): Latch RAM32x32:inst1|MC1x32:inst29|inst[4] has unsafe behavior
    Warning (13013): Ports D and ENA on the latch are fed by the same signal RF32x32:inst|RFC32x32:inst1|RFC32:inst|RFC8:inst1|RFC:inst10|inst6~synth
Warning (13012): Latch RAM32x32:inst1|MC1x32:inst|inst[4] has unsafe behavior
    Warning (13013): Ports D and ENA on the latch are fed by the same signal RF32x32:inst|RFC32x32:inst1|RFC32:inst|RFC8:inst1|RFC:inst10|inst6~synth
Warning (13012): Latch RAM32x32:inst1|MC1x32:inst36|inst[3] has unsafe behavior
    Warning (13013): Ports D and ENA on the latch are fed by the same signal RF32x32:inst|RFC32x32:inst1|RFC32:inst|RFC8:inst1|RFC:inst11|inst6~synth
Warning (13012): Latch RAM32x32:inst1|MC1x32:inst30|inst[3] has unsafe behavior
    Warning (13013): Ports D and ENA on the latch are fed by the same signal RF32x32:inst|RFC32x32:inst1|RFC32:inst|RFC8:inst1|RFC:inst11|inst6~synth
Warning (13012): Latch RAM32x32:inst1|MC1x32:inst28|inst[3] has unsafe behavior
    Warning (13013): Ports D and ENA on the latch are fed by the same signal RF32x32:inst|RFC32x32:inst1|RFC32:inst|RFC8:inst1|RFC:inst11|inst6~synth
Warning (13012): Latch RAM32x32:inst1|MC1x32:inst40|inst[3] has unsafe behavior
    Warning (13013): Ports D and ENA on the latch are fed by the same signal RF32x32:inst|RFC32x32:inst1|RFC32:inst|RFC8:inst1|RFC:inst11|inst6~synth
Warning (13012): Latch RAM32x32:inst1|MC1x32:inst43|inst[3] has unsafe behavior
    Warning (13013): Ports D and ENA on the latch are fed by the same signal RF32x32:inst|RFC32x32:inst1|RFC32:inst|RFC8:inst1|RFC:inst11|inst6~synth
Warning (13012): Latch RAM32x32:inst1|MC1x32:inst45|inst[3] has unsafe behavior
    Warning (13013): Ports D and ENA on the latch are fed by the same signal RF32x32:inst|RFC32x32:inst1|RFC32:inst|RFC8:inst1|RFC:inst11|inst6~synth
Warning (13012): Latch RAM32x32:inst1|MC1x32:inst51|inst[3] has unsafe behavior
    Warning (13013): Ports D and ENA on the latch are fed by the same signal RF32x32:inst|5to32decoder:inst3|3to8decoder:inst1|inst
Warning (13012): Latch RAM32x32:inst1|MC1x32:inst55|inst[3] has unsafe behavior
    Warning (13013): Ports D and ENA on the latch are fed by the same signal RF32x32:inst|5to32decoder:inst3|3to8decoder:inst1|inst
Warning (13012): Latch RAM32x32:inst1|MC1x32:inst54|inst[3] has unsafe behavior
    Warning (13013): Ports D and ENA on the latch are fed by the same signal RF32x32:inst|5to32decoder:inst3|3to8decoder:inst1|inst
Warning (13012): Latch RAM32x32:inst1|MC1x32:inst50|inst[3] has unsafe behavior
    Warning (13013): Ports D and ENA on the latch are fed by the same signal RF32x32:inst|5to32decoder:inst3|3to8decoder:inst1|inst
Warning (13012): Latch RAM32x32:inst1|MC1x32:inst47|inst[3] has unsafe behavior
    Warning (13013): Ports D and ENA on the latch are fed by the same signal RF32x32:inst|RFC32x32:inst1|RFC32:inst|RFC8:inst1|RFC:inst11|inst6~synth
Warning (13012): Latch RAM32x32:inst1|MC1x32:inst41|inst[3] has unsafe behavior
    Warning (13013): Ports D and ENA on the latch are fed by the same signal RF32x32:inst|RFC32x32:inst1|RFC32:inst|RFC8:inst1|RFC:inst11|inst6~synth
Warning (13012): Latch RAM32x32:inst1|MC1x32:inst39|inst[3] has unsafe behavior
    Warning (13013): Ports D and ENA on the latch are fed by the same signal RF32x32:inst|RFC32x32:inst1|RFC32:inst|RFC8:inst1|RFC:inst11|inst6~synth
Warning (13012): Latch RAM32x32:inst1|MC1x32:inst35|inst[3] has unsafe behavior
    Warning (13013): Ports D and ENA on the latch are fed by the same signal RF32x32:inst|RFC32x32:inst1|RFC32:inst|RFC8:inst1|RFC:inst11|inst6~synth
Warning (13012): Latch RAM32x32:inst1|MC1x32:inst32|inst[3] has unsafe behavior
    Warning (13013): Ports D and ENA on the latch are fed by the same signal RF32x32:inst|RFC32x32:inst1|RFC32:inst|RFC8:inst1|RFC:inst11|inst6~synth
Warning (13012): Latch RAM32x32:inst1|MC1x32:inst26|inst[3] has unsafe behavior
    Warning (13013): Ports D and ENA on the latch are fed by the same signal RF32x32:inst|RFC32x32:inst1|RFC32:inst|RFC8:inst1|RFC:inst11|inst6~synth
Warning (13012): Latch RAM32x32:inst1|MC1x32:inst53|inst[3] has unsafe behavior
    Warning (13013): Ports D and ENA on the latch are fed by the same signal RF32x32:inst|5to32decoder:inst3|3to8decoder:inst1|inst
Warning (13012): Latch RAM32x32:inst1|MC1x32:inst49|inst[3] has unsafe behavior
    Warning (13013): Ports D and ENA on the latch are fed by the same signal RF32x32:inst|5to32decoder:inst3|3to8decoder:inst1|inst
Warning (13012): Latch RAM32x32:inst1|MC1x32:inst46|inst[3] has unsafe behavior
    Warning (13013): Ports D and ENA on the latch are fed by the same signal RF32x32:inst|RFC32x32:inst1|RFC32:inst|RFC8:inst1|RFC:inst11|inst6~synth
Warning (13012): Latch RAM32x32:inst1|MC1x32:inst24|inst[3] has unsafe behavior
    Warning (13013): Ports D and ENA on the latch are fed by the same signal RF32x32:inst|RFC32x32:inst1|RFC32:inst|RFC8:inst1|RFC:inst11|inst6~synth
Warning (13012): Latch RAM32x32:inst1|MC1x32:inst38|inst[3] has unsafe behavior
    Warning (13013): Ports D and ENA on the latch are fed by the same signal RF32x32:inst|RFC32x32:inst1|RFC32:inst|RFC8:inst1|RFC:inst11|inst6~synth
Warning (13012): Latch RAM32x32:inst1|MC1x32:inst34|inst[3] has unsafe behavior
    Warning (13013): Ports D and ENA on the latch are fed by the same signal RF32x32:inst|RFC32x32:inst1|RFC32:inst|RFC8:inst1|RFC:inst11|inst6~synth
Warning (13012): Latch RAM32x32:inst1|MC1x32:inst31|inst[3] has unsafe behavior
    Warning (13013): Ports D and ENA on the latch are fed by the same signal RF32x32:inst|RFC32x32:inst1|RFC32:inst|RFC8:inst1|RFC:inst11|inst6~synth
Warning (13012): Latch RAM32x32:inst1|MC1x32:inst23|inst[3] has unsafe behavior
    Warning (13013): Ports D and ENA on the latch are fed by the same signal RF32x32:inst|RFC32x32:inst1|RFC32:inst|RFC8:inst1|RFC:inst11|inst6~synth
Warning (13012): Latch RAM32x32:inst1|MC1x32:inst52|inst[3] has unsafe behavior
    Warning (13013): Ports D and ENA on the latch are fed by the same signal RF32x32:inst|5to32decoder:inst3|3to8decoder:inst1|inst
Warning (13012): Latch RAM32x32:inst1|MC1x32:inst48|inst[3] has unsafe behavior
    Warning (13013): Ports D and ENA on the latch are fed by the same signal RF32x32:inst|5to32decoder:inst3|3to8decoder:inst1|inst
Warning (13012): Latch RAM32x32:inst1|MC1x32:inst44|inst[3] has unsafe behavior
    Warning (13013): Ports D and ENA on the latch are fed by the same signal RF32x32:inst|RFC32x32:inst1|RFC32:inst|RFC8:inst1|RFC:inst11|inst6~synth
Warning (13012): Latch RAM32x32:inst1|MC1x32:inst42|inst[3] has unsafe behavior
    Warning (13013): Ports D and ENA on the latch are fed by the same signal RF32x32:inst|RFC32x32:inst1|RFC32:inst|RFC8:inst1|RFC:inst11|inst6~synth
Warning (13012): Latch RAM32x32:inst1|MC1x32:inst37|inst[3] has unsafe behavior
    Warning (13013): Ports D and ENA on the latch are fed by the same signal RF32x32:inst|RFC32x32:inst1|RFC32:inst|RFC8:inst1|RFC:inst11|inst6~synth
Warning (13012): Latch RAM32x32:inst1|MC1x32:inst33|inst[3] has unsafe behavior
    Warning (13013): Ports D and ENA on the latch are fed by the same signal RF32x32:inst|RFC32x32:inst1|RFC32:inst|RFC8:inst1|RFC:inst11|inst6~synth
Warning (13012): Latch RAM32x32:inst1|MC1x32:inst29|inst[3] has unsafe behavior
    Warning (13013): Ports D and ENA on the latch are fed by the same signal RF32x32:inst|RFC32x32:inst1|RFC32:inst|RFC8:inst1|RFC:inst11|inst6~synth
Warning (13012): Latch RAM32x32:inst1|MC1x32:inst|inst[3] has unsafe behavior
    Warning (13013): Ports D and ENA on the latch are fed by the same signal RF32x32:inst|RFC32x32:inst1|RFC32:inst|RFC8:inst1|RFC:inst11|inst6~synth
Warning (13012): Latch RAM32x32:inst1|MC1x32:inst36|inst[2] has unsafe behavior
    Warning (13013): Ports D and ENA on the latch are fed by the same signal RF32x32:inst|RFC32x32:inst1|RFC32:inst|RFC8:inst1|RFC:inst13|inst6~synth
Warning (13012): Latch RAM32x32:inst1|MC1x32:inst30|inst[2] has unsafe behavior
    Warning (13013): Ports D and ENA on the latch are fed by the same signal RF32x32:inst|RFC32x32:inst1|RFC32:inst|RFC8:inst1|RFC:inst13|inst6~synth
Warning (13012): Latch RAM32x32:inst1|MC1x32:inst28|inst[2] has unsafe behavior
    Warning (13013): Ports D and ENA on the latch are fed by the same signal RF32x32:inst|RFC32x32:inst1|RFC32:inst|RFC8:inst1|RFC:inst13|inst6~synth
Warning (13012): Latch RAM32x32:inst1|MC1x32:inst40|inst[2] has unsafe behavior
    Warning (13013): Ports D and ENA on the latch are fed by the same signal RF32x32:inst|RFC32x32:inst1|RFC32:inst|RFC8:inst1|RFC:inst13|inst6~synth
Warning (13012): Latch RAM32x32:inst1|MC1x32:inst43|inst[2] has unsafe behavior
    Warning (13013): Ports D and ENA on the latch are fed by the same signal RF32x32:inst|RFC32x32:inst1|RFC32:inst|RFC8:inst1|RFC:inst13|inst6~synth
Warning (13012): Latch RAM32x32:inst1|MC1x32:inst45|inst[2] has unsafe behavior
    Warning (13013): Ports D and ENA on the latch are fed by the same signal RF32x32:inst|RFC32x32:inst1|RFC32:inst|RFC8:inst1|RFC:inst13|inst6~synth
Warning (13012): Latch RAM32x32:inst1|MC1x32:inst51|inst[2] has unsafe behavior
    Warning (13013): Ports D and ENA on the latch are fed by the same signal RF32x32:inst|5to32decoder:inst3|3to8decoder:inst1|inst
Warning (13012): Latch RAM32x32:inst1|MC1x32:inst55|inst[2] has unsafe behavior
    Warning (13013): Ports D and ENA on the latch are fed by the same signal RF32x32:inst|5to32decoder:inst3|3to8decoder:inst1|inst
Warning (13012): Latch RAM32x32:inst1|MC1x32:inst54|inst[2] has unsafe behavior
    Warning (13013): Ports D and ENA on the latch are fed by the same signal RF32x32:inst|5to32decoder:inst3|3to8decoder:inst1|inst
Warning (13012): Latch RAM32x32:inst1|MC1x32:inst50|inst[2] has unsafe behavior
    Warning (13013): Ports D and ENA on the latch are fed by the same signal RF32x32:inst|5to32decoder:inst3|3to8decoder:inst1|inst
Warning (13012): Latch RAM32x32:inst1|MC1x32:inst47|inst[2] has unsafe behavior
    Warning (13013): Ports D and ENA on the latch are fed by the same signal RF32x32:inst|RFC32x32:inst1|RFC32:inst|RFC8:inst1|RFC:inst13|inst6~synth
Warning (13012): Latch RAM32x32:inst1|MC1x32:inst41|inst[2] has unsafe behavior
    Warning (13013): Ports D and ENA on the latch are fed by the same signal RF32x32:inst|RFC32x32:inst1|RFC32:inst|RFC8:inst1|RFC:inst13|inst6~synth
Warning (13012): Latch RAM32x32:inst1|MC1x32:inst39|inst[2] has unsafe behavior
    Warning (13013): Ports D and ENA on the latch are fed by the same signal RF32x32:inst|RFC32x32:inst1|RFC32:inst|RFC8:inst1|RFC:inst13|inst6~synth
Warning (13012): Latch RAM32x32:inst1|MC1x32:inst35|inst[2] has unsafe behavior
    Warning (13013): Ports D and ENA on the latch are fed by the same signal RF32x32:inst|RFC32x32:inst1|RFC32:inst|RFC8:inst1|RFC:inst13|inst6~synth
Warning (13012): Latch RAM32x32:inst1|MC1x32:inst32|inst[2] has unsafe behavior
    Warning (13013): Ports D and ENA on the latch are fed by the same signal RF32x32:inst|RFC32x32:inst1|RFC32:inst|RFC8:inst1|RFC:inst13|inst6~synth
Warning (13012): Latch RAM32x32:inst1|MC1x32:inst26|inst[2] has unsafe behavior
    Warning (13013): Ports D and ENA on the latch are fed by the same signal RF32x32:inst|RFC32x32:inst1|RFC32:inst|RFC8:inst1|RFC:inst13|inst6~synth
Warning (13012): Latch RAM32x32:inst1|MC1x32:inst53|inst[2] has unsafe behavior
    Warning (13013): Ports D and ENA on the latch are fed by the same signal RF32x32:inst|5to32decoder:inst3|3to8decoder:inst1|inst
Warning (13012): Latch RAM32x32:inst1|MC1x32:inst49|inst[2] has unsafe behavior
    Warning (13013): Ports D and ENA on the latch are fed by the same signal RF32x32:inst|5to32decoder:inst3|3to8decoder:inst1|inst
Warning (13012): Latch RAM32x32:inst1|MC1x32:inst46|inst[2] has unsafe behavior
    Warning (13013): Ports D and ENA on the latch are fed by the same signal RF32x32:inst|RFC32x32:inst1|RFC32:inst|RFC8:inst1|RFC:inst13|inst6~synth
Warning (13012): Latch RAM32x32:inst1|MC1x32:inst24|inst[2] has unsafe behavior
    Warning (13013): Ports D and ENA on the latch are fed by the same signal RF32x32:inst|RFC32x32:inst1|RFC32:inst|RFC8:inst1|RFC:inst13|inst6~synth
Warning (13012): Latch RAM32x32:inst1|MC1x32:inst38|inst[2] has unsafe behavior
    Warning (13013): Ports D and ENA on the latch are fed by the same signal RF32x32:inst|RFC32x32:inst1|RFC32:inst|RFC8:inst1|RFC:inst13|inst6~synth
Warning (13012): Latch RAM32x32:inst1|MC1x32:inst34|inst[2] has unsafe behavior
    Warning (13013): Ports D and ENA on the latch are fed by the same signal RF32x32:inst|RFC32x32:inst1|RFC32:inst|RFC8:inst1|RFC:inst13|inst6~synth
Warning (13012): Latch RAM32x32:inst1|MC1x32:inst31|inst[2] has unsafe behavior
    Warning (13013): Ports D and ENA on the latch are fed by the same signal RF32x32:inst|RFC32x32:inst1|RFC32:inst|RFC8:inst1|RFC:inst13|inst6~synth
Warning (13012): Latch RAM32x32:inst1|MC1x32:inst23|inst[2] has unsafe behavior
    Warning (13013): Ports D and ENA on the latch are fed by the same signal RF32x32:inst|RFC32x32:inst1|RFC32:inst|RFC8:inst1|RFC:inst13|inst6~synth
Warning (13012): Latch RAM32x32:inst1|MC1x32:inst52|inst[2] has unsafe behavior
    Warning (13013): Ports D and ENA on the latch are fed by the same signal RF32x32:inst|5to32decoder:inst3|3to8decoder:inst1|inst
Warning (13012): Latch RAM32x32:inst1|MC1x32:inst48|inst[2] has unsafe behavior
    Warning (13013): Ports D and ENA on the latch are fed by the same signal RF32x32:inst|5to32decoder:inst3|3to8decoder:inst1|inst
Warning (13012): Latch RAM32x32:inst1|MC1x32:inst44|inst[2] has unsafe behavior
    Warning (13013): Ports D and ENA on the latch are fed by the same signal RF32x32:inst|RFC32x32:inst1|RFC32:inst|RFC8:inst1|RFC:inst13|inst6~synth
Warning (13012): Latch RAM32x32:inst1|MC1x32:inst42|inst[2] has unsafe behavior
    Warning (13013): Ports D and ENA on the latch are fed by the same signal RF32x32:inst|RFC32x32:inst1|RFC32:inst|RFC8:inst1|RFC:inst13|inst6~synth
Warning (13012): Latch RAM32x32:inst1|MC1x32:inst37|inst[2] has unsafe behavior
    Warning (13013): Ports D and ENA on the latch are fed by the same signal RF32x32:inst|RFC32x32:inst1|RFC32:inst|RFC8:inst1|RFC:inst13|inst6~synth
Warning (13012): Latch RAM32x32:inst1|MC1x32:inst33|inst[2] has unsafe behavior
    Warning (13013): Ports D and ENA on the latch are fed by the same signal RF32x32:inst|RFC32x32:inst1|RFC32:inst|RFC8:inst1|RFC:inst13|inst6~synth
Warning (13012): Latch RAM32x32:inst1|MC1x32:inst29|inst[2] has unsafe behavior
    Warning (13013): Ports D and ENA on the latch are fed by the same signal RF32x32:inst|RFC32x32:inst1|RFC32:inst|RFC8:inst1|RFC:inst13|inst6~synth
Warning (13012): Latch RAM32x32:inst1|MC1x32:inst|inst[2] has unsafe behavior
    Warning (13013): Ports D and ENA on the latch are fed by the same signal RF32x32:inst|RFC32x32:inst1|RFC32:inst|RFC8:inst1|RFC:inst13|inst6~synth
Warning (13012): Latch RAM32x32:inst1|MC1x32:inst36|inst[0] has unsafe behavior
    Warning (13013): Ports D and ENA on the latch are fed by the same signal RF32x32:inst|RFC32x32:inst1|RFC32:inst|RFC8:inst1|RFC:inst14|inst6~synth
Warning (13012): Latch RAM32x32:inst1|MC1x32:inst30|inst[0] has unsafe behavior
    Warning (13013): Ports D and ENA on the latch are fed by the same signal RF32x32:inst|RFC32x32:inst1|RFC32:inst|RFC8:inst1|RFC:inst14|inst6~synth
Warning (13012): Latch RAM32x32:inst1|MC1x32:inst28|inst[0] has unsafe behavior
    Warning (13013): Ports D and ENA on the latch are fed by the same signal RF32x32:inst|RFC32x32:inst1|RFC32:inst|RFC8:inst1|RFC:inst14|inst6~synth
Warning (13012): Latch RAM32x32:inst1|MC1x32:inst40|inst[0] has unsafe behavior
    Warning (13013): Ports D and ENA on the latch are fed by the same signal RF32x32:inst|RFC32x32:inst1|RFC32:inst|RFC8:inst1|RFC:inst14|inst6~synth
Warning (13012): Latch RAM32x32:inst1|MC1x32:inst43|inst[0] has unsafe behavior
    Warning (13013): Ports D and ENA on the latch are fed by the same signal RF32x32:inst|RFC32x32:inst1|RFC32:inst|RFC8:inst1|RFC:inst14|inst6~synth
Warning (13012): Latch RAM32x32:inst1|MC1x32:inst45|inst[0] has unsafe behavior
    Warning (13013): Ports D and ENA on the latch are fed by the same signal RF32x32:inst|RFC32x32:inst1|RFC32:inst|RFC8:inst1|RFC:inst14|inst6~synth
Warning (13012): Latch RAM32x32:inst1|MC1x32:inst51|inst[0] has unsafe behavior
    Warning (13013): Ports D and ENA on the latch are fed by the same signal RF32x32:inst|5to32decoder:inst3|3to8decoder:inst1|inst
Warning (13012): Latch RAM32x32:inst1|MC1x32:inst55|inst[0] has unsafe behavior
    Warning (13013): Ports D and ENA on the latch are fed by the same signal RF32x32:inst|5to32decoder:inst3|3to8decoder:inst1|inst
Warning (13012): Latch RAM32x32:inst1|MC1x32:inst54|inst[0] has unsafe behavior
    Warning (13013): Ports D and ENA on the latch are fed by the same signal RF32x32:inst|5to32decoder:inst3|3to8decoder:inst1|inst
Warning (13012): Latch RAM32x32:inst1|MC1x32:inst50|inst[0] has unsafe behavior
    Warning (13013): Ports D and ENA on the latch are fed by the same signal RF32x32:inst|5to32decoder:inst3|3to8decoder:inst1|inst
Warning (13012): Latch RAM32x32:inst1|MC1x32:inst47|inst[0] has unsafe behavior
    Warning (13013): Ports D and ENA on the latch are fed by the same signal RF32x32:inst|RFC32x32:inst1|RFC32:inst|RFC8:inst1|RFC:inst14|inst6~synth
Warning (13012): Latch RAM32x32:inst1|MC1x32:inst41|inst[0] has unsafe behavior
    Warning (13013): Ports D and ENA on the latch are fed by the same signal RF32x32:inst|RFC32x32:inst1|RFC32:inst|RFC8:inst1|RFC:inst14|inst6~synth
Warning (13012): Latch RAM32x32:inst1|MC1x32:inst39|inst[0] has unsafe behavior
    Warning (13013): Ports D and ENA on the latch are fed by the same signal RF32x32:inst|RFC32x32:inst1|RFC32:inst|RFC8:inst1|RFC:inst14|inst6~synth
Warning (13012): Latch RAM32x32:inst1|MC1x32:inst35|inst[0] has unsafe behavior
    Warning (13013): Ports D and ENA on the latch are fed by the same signal RF32x32:inst|RFC32x32:inst1|RFC32:inst|RFC8:inst1|RFC:inst14|inst6~synth
Warning (13012): Latch RAM32x32:inst1|MC1x32:inst32|inst[0] has unsafe behavior
    Warning (13013): Ports D and ENA on the latch are fed by the same signal RF32x32:inst|RFC32x32:inst1|RFC32:inst|RFC8:inst1|RFC:inst14|inst6~synth
Warning (13012): Latch RAM32x32:inst1|MC1x32:inst26|inst[0] has unsafe behavior
    Warning (13013): Ports D and ENA on the latch are fed by the same signal RF32x32:inst|RFC32x32:inst1|RFC32:inst|RFC8:inst1|RFC:inst14|inst6~synth
Warning (13012): Latch RAM32x32:inst1|MC1x32:inst53|inst[0] has unsafe behavior
    Warning (13013): Ports D and ENA on the latch are fed by the same signal RF32x32:inst|5to32decoder:inst3|3to8decoder:inst1|inst
Warning (13012): Latch RAM32x32:inst1|MC1x32:inst49|inst[0] has unsafe behavior
    Warning (13013): Ports D and ENA on the latch are fed by the same signal RF32x32:inst|5to32decoder:inst3|3to8decoder:inst1|inst
Warning (13012): Latch RAM32x32:inst1|MC1x32:inst46|inst[0] has unsafe behavior
    Warning (13013): Ports D and ENA on the latch are fed by the same signal RF32x32:inst|RFC32x32:inst1|RFC32:inst|RFC8:inst1|RFC:inst14|inst6~synth
Warning (13012): Latch RAM32x32:inst1|MC1x32:inst24|inst[0] has unsafe behavior
    Warning (13013): Ports D and ENA on the latch are fed by the same signal RF32x32:inst|RFC32x32:inst1|RFC32:inst|RFC8:inst1|RFC:inst14|inst6~synth
Warning (13012): Latch RAM32x32:inst1|MC1x32:inst38|inst[0] has unsafe behavior
    Warning (13013): Ports D and ENA on the latch are fed by the same signal RF32x32:inst|RFC32x32:inst1|RFC32:inst|RFC8:inst1|RFC:inst14|inst6~synth
Warning (13012): Latch RAM32x32:inst1|MC1x32:inst34|inst[0] has unsafe behavior
    Warning (13013): Ports D and ENA on the latch are fed by the same signal RF32x32:inst|RFC32x32:inst1|RFC32:inst|RFC8:inst1|RFC:inst14|inst6~synth
Warning (13012): Latch RAM32x32:inst1|MC1x32:inst31|inst[0] has unsafe behavior
    Warning (13013): Ports D and ENA on the latch are fed by the same signal RF32x32:inst|RFC32x32:inst1|RFC32:inst|RFC8:inst1|RFC:inst14|inst6~synth
Warning (13012): Latch RAM32x32:inst1|MC1x32:inst23|inst[0] has unsafe behavior
    Warning (13013): Ports D and ENA on the latch are fed by the same signal RF32x32:inst|RFC32x32:inst1|RFC32:inst|RFC8:inst1|RFC:inst14|inst6~synth
Warning (13012): Latch RAM32x32:inst1|MC1x32:inst52|inst[0] has unsafe behavior
    Warning (13013): Ports D and ENA on the latch are fed by the same signal RF32x32:inst|5to32decoder:inst3|3to8decoder:inst1|inst
Warning (13012): Latch RAM32x32:inst1|MC1x32:inst48|inst[0] has unsafe behavior
    Warning (13013): Ports D and ENA on the latch are fed by the same signal RF32x32:inst|5to32decoder:inst3|3to8decoder:inst1|inst
Warning (13012): Latch RAM32x32:inst1|MC1x32:inst44|inst[0] has unsafe behavior
    Warning (13013): Ports D and ENA on the latch are fed by the same signal RF32x32:inst|RFC32x32:inst1|RFC32:inst|RFC8:inst1|RFC:inst14|inst6~synth
Warning (13012): Latch RAM32x32:inst1|MC1x32:inst42|inst[0] has unsafe behavior
    Warning (13013): Ports D and ENA on the latch are fed by the same signal RF32x32:inst|RFC32x32:inst1|RFC32:inst|RFC8:inst1|RFC:inst14|inst6~synth
Warning (13012): Latch RAM32x32:inst1|MC1x32:inst37|inst[0] has unsafe behavior
    Warning (13013): Ports D and ENA on the latch are fed by the same signal RF32x32:inst|RFC32x32:inst1|RFC32:inst|RFC8:inst1|RFC:inst14|inst6~synth
Warning (13012): Latch RAM32x32:inst1|MC1x32:inst33|inst[0] has unsafe behavior
    Warning (13013): Ports D and ENA on the latch are fed by the same signal RF32x32:inst|RFC32x32:inst1|RFC32:inst|RFC8:inst1|RFC:inst14|inst6~synth
Warning (13012): Latch RAM32x32:inst1|MC1x32:inst29|inst[0] has unsafe behavior
    Warning (13013): Ports D and ENA on the latch are fed by the same signal RF32x32:inst|RFC32x32:inst1|RFC32:inst|RFC8:inst1|RFC:inst14|inst6~synth
Warning (13012): Latch RAM32x32:inst1|MC1x32:inst|inst[0] has unsafe behavior
    Warning (13013): Ports D and ENA on the latch are fed by the same signal RF32x32:inst|RFC32x32:inst1|RFC32:inst|RFC8:inst1|RFC:inst14|inst6~synth
Warning (13012): Latch RAM32x32:inst1|MC1x32:inst36|inst[1] has unsafe behavior
    Warning (13013): Ports D and ENA on the latch are fed by the same signal RF32x32:inst|RFC32x32:inst1|RFC32:inst|RFC8:inst1|RFC:inst12|inst6~synth
Warning (13012): Latch RAM32x32:inst1|MC1x32:inst30|inst[1] has unsafe behavior
    Warning (13013): Ports D and ENA on the latch are fed by the same signal RF32x32:inst|RFC32x32:inst1|RFC32:inst|RFC8:inst1|RFC:inst12|inst6~synth
Warning (13012): Latch RAM32x32:inst1|MC1x32:inst28|inst[1] has unsafe behavior
    Warning (13013): Ports D and ENA on the latch are fed by the same signal RF32x32:inst|RFC32x32:inst1|RFC32:inst|RFC8:inst1|RFC:inst12|inst6~synth
Warning (13012): Latch RAM32x32:inst1|MC1x32:inst40|inst[1] has unsafe behavior
    Warning (13013): Ports D and ENA on the latch are fed by the same signal RF32x32:inst|RFC32x32:inst1|RFC32:inst|RFC8:inst1|RFC:inst12|inst6~synth
Warning (13012): Latch RAM32x32:inst1|MC1x32:inst43|inst[1] has unsafe behavior
    Warning (13013): Ports D and ENA on the latch are fed by the same signal RF32x32:inst|RFC32x32:inst1|RFC32:inst|RFC8:inst1|RFC:inst12|inst6~synth
Warning (13012): Latch RAM32x32:inst1|MC1x32:inst45|inst[1] has unsafe behavior
    Warning (13013): Ports D and ENA on the latch are fed by the same signal RF32x32:inst|RFC32x32:inst1|RFC32:inst|RFC8:inst1|RFC:inst12|inst6~synth
Warning (13012): Latch RAM32x32:inst1|MC1x32:inst51|inst[1] has unsafe behavior
    Warning (13013): Ports D and ENA on the latch are fed by the same signal RF32x32:inst|5to32decoder:inst3|3to8decoder:inst1|inst
Warning (13012): Latch RAM32x32:inst1|MC1x32:inst55|inst[1] has unsafe behavior
    Warning (13013): Ports D and ENA on the latch are fed by the same signal RF32x32:inst|5to32decoder:inst3|3to8decoder:inst1|inst
Warning (13012): Latch RAM32x32:inst1|MC1x32:inst54|inst[1] has unsafe behavior
    Warning (13013): Ports D and ENA on the latch are fed by the same signal RF32x32:inst|5to32decoder:inst3|3to8decoder:inst1|inst
Warning (13012): Latch RAM32x32:inst1|MC1x32:inst50|inst[1] has unsafe behavior
    Warning (13013): Ports D and ENA on the latch are fed by the same signal RF32x32:inst|5to32decoder:inst3|3to8decoder:inst1|inst
Warning (13012): Latch RAM32x32:inst1|MC1x32:inst47|inst[1] has unsafe behavior
    Warning (13013): Ports D and ENA on the latch are fed by the same signal RF32x32:inst|RFC32x32:inst1|RFC32:inst|RFC8:inst1|RFC:inst12|inst6~synth
Warning (13012): Latch RAM32x32:inst1|MC1x32:inst41|inst[1] has unsafe behavior
    Warning (13013): Ports D and ENA on the latch are fed by the same signal RF32x32:inst|RFC32x32:inst1|RFC32:inst|RFC8:inst1|RFC:inst12|inst6~synth
Warning (13012): Latch RAM32x32:inst1|MC1x32:inst39|inst[1] has unsafe behavior
    Warning (13013): Ports D and ENA on the latch are fed by the same signal RF32x32:inst|RFC32x32:inst1|RFC32:inst|RFC8:inst1|RFC:inst12|inst6~synth
Warning (13012): Latch RAM32x32:inst1|MC1x32:inst35|inst[1] has unsafe behavior
    Warning (13013): Ports D and ENA on the latch are fed by the same signal RF32x32:inst|RFC32x32:inst1|RFC32:inst|RFC8:inst1|RFC:inst12|inst6~synth
Warning (13012): Latch RAM32x32:inst1|MC1x32:inst32|inst[1] has unsafe behavior
    Warning (13013): Ports D and ENA on the latch are fed by the same signal RF32x32:inst|RFC32x32:inst1|RFC32:inst|RFC8:inst1|RFC:inst12|inst6~synth
Warning (13012): Latch RAM32x32:inst1|MC1x32:inst26|inst[1] has unsafe behavior
    Warning (13013): Ports D and ENA on the latch are fed by the same signal RF32x32:inst|RFC32x32:inst1|RFC32:inst|RFC8:inst1|RFC:inst12|inst6~synth
Warning (13012): Latch RAM32x32:inst1|MC1x32:inst53|inst[1] has unsafe behavior
    Warning (13013): Ports D and ENA on the latch are fed by the same signal RF32x32:inst|5to32decoder:inst3|3to8decoder:inst1|inst
Warning (13012): Latch RAM32x32:inst1|MC1x32:inst49|inst[1] has unsafe behavior
    Warning (13013): Ports D and ENA on the latch are fed by the same signal RF32x32:inst|5to32decoder:inst3|3to8decoder:inst1|inst
Warning (13012): Latch RAM32x32:inst1|MC1x32:inst46|inst[1] has unsafe behavior
    Warning (13013): Ports D and ENA on the latch are fed by the same signal RF32x32:inst|RFC32x32:inst1|RFC32:inst|RFC8:inst1|RFC:inst12|inst6~synth
Warning (13012): Latch RAM32x32:inst1|MC1x32:inst24|inst[1] has unsafe behavior
    Warning (13013): Ports D and ENA on the latch are fed by the same signal RF32x32:inst|RFC32x32:inst1|RFC32:inst|RFC8:inst1|RFC:inst12|inst6~synth
Warning (13012): Latch RAM32x32:inst1|MC1x32:inst38|inst[1] has unsafe behavior
    Warning (13013): Ports D and ENA on the latch are fed by the same signal RF32x32:inst|RFC32x32:inst1|RFC32:inst|RFC8:inst1|RFC:inst12|inst6~synth
Warning (13012): Latch RAM32x32:inst1|MC1x32:inst34|inst[1] has unsafe behavior
    Warning (13013): Ports D and ENA on the latch are fed by the same signal RF32x32:inst|RFC32x32:inst1|RFC32:inst|RFC8:inst1|RFC:inst12|inst6~synth
Warning (13012): Latch RAM32x32:inst1|MC1x32:inst31|inst[1] has unsafe behavior
    Warning (13013): Ports D and ENA on the latch are fed by the same signal RF32x32:inst|RFC32x32:inst1|RFC32:inst|RFC8:inst1|RFC:inst12|inst6~synth
Warning (13012): Latch RAM32x32:inst1|MC1x32:inst23|inst[1] has unsafe behavior
    Warning (13013): Ports D and ENA on the latch are fed by the same signal RF32x32:inst|RFC32x32:inst1|RFC32:inst|RFC8:inst1|RFC:inst12|inst6~synth
Warning (13012): Latch RAM32x32:inst1|MC1x32:inst52|inst[1] has unsafe behavior
    Warning (13013): Ports D and ENA on the latch are fed by the same signal RF32x32:inst|5to32decoder:inst3|3to8decoder:inst1|inst
Warning (13012): Latch RAM32x32:inst1|MC1x32:inst48|inst[1] has unsafe behavior
    Warning (13013): Ports D and ENA on the latch are fed by the same signal RF32x32:inst|5to32decoder:inst3|3to8decoder:inst1|inst
Warning (13012): Latch RAM32x32:inst1|MC1x32:inst44|inst[1] has unsafe behavior
    Warning (13013): Ports D and ENA on the latch are fed by the same signal RF32x32:inst|RFC32x32:inst1|RFC32:inst|RFC8:inst1|RFC:inst12|inst6~synth
Warning (13012): Latch RAM32x32:inst1|MC1x32:inst42|inst[1] has unsafe behavior
    Warning (13013): Ports D and ENA on the latch are fed by the same signal RF32x32:inst|RFC32x32:inst1|RFC32:inst|RFC8:inst1|RFC:inst12|inst6~synth
Warning (13012): Latch RAM32x32:inst1|MC1x32:inst37|inst[1] has unsafe behavior
    Warning (13013): Ports D and ENA on the latch are fed by the same signal RF32x32:inst|RFC32x32:inst1|RFC32:inst|RFC8:inst1|RFC:inst12|inst6~synth
Warning (13012): Latch RAM32x32:inst1|MC1x32:inst33|inst[1] has unsafe behavior
    Warning (13013): Ports D and ENA on the latch are fed by the same signal RF32x32:inst|RFC32x32:inst1|RFC32:inst|RFC8:inst1|RFC:inst12|inst6~synth
Warning (13012): Latch RAM32x32:inst1|MC1x32:inst29|inst[1] has unsafe behavior
    Warning (13013): Ports D and ENA on the latch are fed by the same signal RF32x32:inst|RFC32x32:inst1|RFC32:inst|RFC8:inst1|RFC:inst12|inst6~synth
Warning (13012): Latch RAM32x32:inst1|MC1x32:inst|inst[1] has unsafe behavior
    Warning (13013): Ports D and ENA on the latch are fed by the same signal RF32x32:inst|RFC32x32:inst1|RFC32:inst|RFC8:inst1|RFC:inst12|inst6~synth
Warning (13009): TRI or OPNDRN buffers permanently enabled
    Warning (13010): Node "RF32x32:inst|RFC32x32:inst1|RFC32:inst|RFC8:inst3|RFC:inst18|inst5~synth"
    Warning (13010): Node "RF32x32:inst|RFC32x32:inst1|RFC32:inst|RFC8:inst3|RFC:inst8|inst5~synth"
    Warning (13010): Node "RF32x32:inst|RFC32x32:inst1|RFC32:inst|RFC8:inst3|RFC:inst9|inst5~synth"
    Warning (13010): Node "RF32x32:inst|RFC32x32:inst1|RFC32:inst|RFC8:inst3|RFC:inst10|inst5~synth"
    Warning (13010): Node "RF32x32:inst|RFC32x32:inst1|RFC32:inst|RFC8:inst3|RFC:inst11|inst5~synth"
    Warning (13010): Node "RF32x32:inst|RFC32x32:inst1|RFC32:inst|RFC8:inst3|RFC:inst13|inst5~synth"
    Warning (13010): Node "RF32x32:inst|RFC32x32:inst1|RFC32:inst|RFC8:inst3|RFC:inst12|inst5~synth"
    Warning (13010): Node "RF32x32:inst|RFC32x32:inst1|RFC32:inst|RFC8:inst3|RFC:inst14|inst5~synth"
    Warning (13010): Node "RF32x32:inst|RFC32x32:inst1|RFC32:inst|RFC8:inst2|RFC:inst18|inst5~synth"
    Warning (13010): Node "RF32x32:inst|RFC32x32:inst1|RFC32:inst|RFC8:inst2|RFC:inst8|inst5~synth"
    Warning (13010): Node "RF32x32:inst|RFC32x32:inst1|RFC32:inst|RFC8:inst2|RFC:inst9|inst5~synth"
    Warning (13010): Node "RF32x32:inst|RFC32x32:inst1|RFC32:inst|RFC8:inst2|RFC:inst10|inst5~synth"
    Warning (13010): Node "RF32x32:inst|RFC32x32:inst1|RFC32:inst|RFC8:inst2|RFC:inst11|inst5~synth"
    Warning (13010): Node "RF32x32:inst|RFC32x32:inst1|RFC32:inst|RFC8:inst2|RFC:inst13|inst5~synth"
    Warning (13010): Node "RF32x32:inst|RFC32x32:inst1|RFC32:inst|RFC8:inst2|RFC:inst12|inst5~synth"
    Warning (13010): Node "RF32x32:inst|RFC32x32:inst1|RFC32:inst|RFC8:inst2|RFC:inst14|inst5~synth"
    Warning (13010): Node "RF32x32:inst|RFC32x32:inst1|RFC32:inst|RFC8:inst|RFC:inst18|inst5~synth"
    Warning (13010): Node "RF32x32:inst|RFC32x32:inst1|RFC32:inst|RFC8:inst|RFC:inst8|inst5~synth"
    Warning (13010): Node "RF32x32:inst|RFC32x32:inst1|RFC32:inst|RFC8:inst|RFC:inst9|inst5~synth"
    Warning (13010): Node "RF32x32:inst|RFC32x32:inst1|RFC32:inst|RFC8:inst|RFC:inst10|inst5~synth"
    Warning (13010): Node "RF32x32:inst|RFC32x32:inst1|RFC32:inst|RFC8:inst|RFC:inst11|inst5~synth"
    Warning (13010): Node "RF32x32:inst|RFC32x32:inst1|RFC32:inst|RFC8:inst|RFC:inst13|inst5~synth"
    Warning (13010): Node "RF32x32:inst|RFC32x32:inst1|RFC32:inst|RFC8:inst|RFC:inst12|inst5~synth"
    Warning (13010): Node "RF32x32:inst|RFC32x32:inst1|RFC32:inst|RFC8:inst|RFC:inst14|inst5~synth"
    Warning (13010): Node "RF32x32:inst|RFC32x32:inst1|RFC32:inst|RFC8:inst1|RFC:inst18|inst5~synth"
    Warning (13010): Node "RF32x32:inst|RFC32x32:inst1|RFC32:inst|RFC8:inst1|RFC:inst8|inst5~synth"
    Warning (13010): Node "RF32x32:inst|RFC32x32:inst1|RFC32:inst|RFC8:inst1|RFC:inst9|inst5~synth"
    Warning (13010): Node "RF32x32:inst|RFC32x32:inst1|RFC32:inst|RFC8:inst1|RFC:inst10|inst5~synth"
    Warning (13010): Node "RF32x32:inst|RFC32x32:inst1|RFC32:inst|RFC8:inst1|RFC:inst11|inst5~synth"
    Warning (13010): Node "RF32x32:inst|RFC32x32:inst1|RFC32:inst|RFC8:inst1|RFC:inst13|inst5~synth"
    Warning (13010): Node "RF32x32:inst|RFC32x32:inst1|RFC32:inst|RFC8:inst1|RFC:inst12|inst5~synth"
    Warning (13010): Node "RF32x32:inst|RFC32x32:inst1|RFC32:inst|RFC8:inst1|RFC:inst14|inst5~synth"
    Warning (13010): Node "RF32x32:inst|RFC32x32:inst1|RFC32:inst|RFC8:inst3|RFC:inst18|inst6~synth"
    Warning (13010): Node "RF32x32:inst|RFC32x32:inst1|RFC32:inst|RFC8:inst3|RFC:inst8|inst6~synth"
    Warning (13010): Node "RF32x32:inst|RFC32x32:inst1|RFC32:inst|RFC8:inst3|RFC:inst9|inst6~synth"
    Warning (13010): Node "RF32x32:inst|RFC32x32:inst1|RFC32:inst|RFC8:inst3|RFC:inst10|inst6~synth"
    Warning (13010): Node "RF32x32:inst|RFC32x32:inst1|RFC32:inst|RFC8:inst3|RFC:inst11|inst6~synth"
    Warning (13010): Node "RF32x32:inst|RFC32x32:inst1|RFC32:inst|RFC8:inst3|RFC:inst13|inst6~synth"
    Warning (13010): Node "RF32x32:inst|RFC32x32:inst1|RFC32:inst|RFC8:inst3|RFC:inst12|inst6~synth"
    Warning (13010): Node "RF32x32:inst|RFC32x32:inst1|RFC32:inst|RFC8:inst3|RFC:inst14|inst6~synth"
    Warning (13010): Node "RF32x32:inst|RFC32x32:inst1|RFC32:inst|RFC8:inst2|RFC:inst18|inst6~synth"
    Warning (13010): Node "RF32x32:inst|RFC32x32:inst1|RFC32:inst|RFC8:inst2|RFC:inst8|inst6~synth"
    Warning (13010): Node "RF32x32:inst|RFC32x32:inst1|RFC32:inst|RFC8:inst2|RFC:inst9|inst6~synth"
    Warning (13010): Node "RF32x32:inst|RFC32x32:inst1|RFC32:inst|RFC8:inst2|RFC:inst10|inst6~synth"
    Warning (13010): Node "RF32x32:inst|RFC32x32:inst1|RFC32:inst|RFC8:inst2|RFC:inst11|inst6~synth"
    Warning (13010): Node "RF32x32:inst|RFC32x32:inst1|RFC32:inst|RFC8:inst2|RFC:inst13|inst6~synth"
    Warning (13010): Node "RF32x32:inst|RFC32x32:inst1|RFC32:inst|RFC8:inst2|RFC:inst12|inst6~synth"
    Warning (13010): Node "RF32x32:inst|RFC32x32:inst1|RFC32:inst|RFC8:inst2|RFC:inst14|inst6~synth"
    Warning (13010): Node "RF32x32:inst|RFC32x32:inst1|RFC32:inst|RFC8:inst|RFC:inst18|inst6~synth"
    Warning (13010): Node "RF32x32:inst|RFC32x32:inst1|RFC32:inst|RFC8:inst|RFC:inst8|inst6~synth"
    Warning (13010): Node "RF32x32:inst|RFC32x32:inst1|RFC32:inst|RFC8:inst|RFC:inst9|inst6~synth"
    Warning (13010): Node "RF32x32:inst|RFC32x32:inst1|RFC32:inst|RFC8:inst|RFC:inst10|inst6~synth"
    Warning (13010): Node "RF32x32:inst|RFC32x32:inst1|RFC32:inst|RFC8:inst|RFC:inst11|inst6~synth"
    Warning (13010): Node "RF32x32:inst|RFC32x32:inst1|RFC32:inst|RFC8:inst|RFC:inst13|inst6~synth"
    Warning (13010): Node "RF32x32:inst|RFC32x32:inst1|RFC32:inst|RFC8:inst|RFC:inst12|inst6~synth"
    Warning (13010): Node "RF32x32:inst|RFC32x32:inst1|RFC32:inst|RFC8:inst|RFC:inst14|inst6~synth"
    Warning (13010): Node "RF32x32:inst|RFC32x32:inst1|RFC32:inst|RFC8:inst1|RFC:inst18|inst6~synth"
    Warning (13010): Node "RF32x32:inst|RFC32x32:inst1|RFC32:inst|RFC8:inst1|RFC:inst8|inst6~synth"
    Warning (13010): Node "RF32x32:inst|RFC32x32:inst1|RFC32:inst|RFC8:inst1|RFC:inst9|inst6~synth"
    Warning (13010): Node "RF32x32:inst|RFC32x32:inst1|RFC32:inst|RFC8:inst1|RFC:inst10|inst6~synth"
    Warning (13010): Node "RF32x32:inst|RFC32x32:inst1|RFC32:inst|RFC8:inst1|RFC:inst11|inst6~synth"
    Warning (13010): Node "RF32x32:inst|RFC32x32:inst1|RFC32:inst|RFC8:inst1|RFC:inst13|inst6~synth"
    Warning (13010): Node "RF32x32:inst|RFC32x32:inst1|RFC32:inst|RFC8:inst1|RFC:inst12|inst6~synth"
    Warning (13010): Node "RF32x32:inst|RFC32x32:inst1|RFC32:inst|RFC8:inst1|RFC:inst14|inst6~synth"
Warning (13024): Output pins are stuck at VCC or GND
    Warning (13410): Pin "ALUControl[3]" is stuck at GND
    Warning (13410): Pin "ALUControl[1]" is stuck at VCC
Info (16010): Generating hard_block partition "hard_block:auto_generated_inst"
    Info (16011): Adding 0 node(s), including 0 DDIO, 0 PLL, 0 transceiver and 0 LCELL
Info (21057): Implemented 4602 device resources after synthesis - the final resource count might be different
    Info (21058): Implemented 33 input pins
    Info (21059): Implemented 100 output pins
    Info (21061): Implemented 4469 logic cells
Info: Quartus II 64-Bit Analysis & Synthesis was successful. 0 errors, 955 warnings
    Info: Peak virtual memory: 4631 megabytes
    Info: Processing ended: Sun Jan 04 19:45:11 2026
    Info: Elapsed time: 00:00:14
    Info: Total CPU time (on all processors): 00:00:13


