Simulator report for Mulw4ln
Wed Dec 10 16:05:40 2025
Quartus II 64-Bit Version 13.0.1 Build 232 06/12/2013 Service Pack 1 SJ Web Edition


---------------------
; Table of Contents ;
---------------------
  1. Legal Notice
  2. Simulator Summary
  3. Simulator Settings
  4. Simulation Waveforms
  5. Coverage Summary
  6. Complete 1/0-Value Coverage
  7. Missing 1-Value Coverage
  8. Missing 0-Value Coverage
  9. Simulator INI Usage
 10. Simulator Messages



----------------
; Legal Notice ;
----------------
Copyright (C) 1991-2013 Altera Corporation
Your use of Altera Corporation's design tools, logic functions 
and other software and tools, and its AMPP partner logic 
functions, and any output files from any of the foregoing 
(including device programming or simulation files), and any 
associated documentation or information are expressly subject 
to the terms and conditions of the Altera Program License 
Subscription Agreement, Altera MegaCore Function License 
Agreement, or other applicable license agreement, including, 
without limitation, that your use is for the sole purpose of 
programming logic devices manufactured by Altera and sold by 
Altera or its authorized distributors.  Please refer to the 
applicable agreement for further details.



+--------------------------------------------+
; Simulator Summary                          ;
+-----------------------------+--------------+
; Type                        ; Value        ;
+-----------------------------+--------------+
; Simulation Start Time       ; 0 ps         ;
; Simulation End Time         ; 300.0 ns     ;
; Simulation Netlist Size     ; 622 nodes    ;
; Simulation Coverage         ;      71.06 % ;
; Total Number of Transitions ; 3200         ;
; Simulation Breakpoints      ; 0            ;
; Family                      ; Cyclone II   ;
+-----------------------------+--------------+


+-------------------------------------------------------------------------------------------------------------------------------------------------------------------------+
; Simulator Settings                                                                                                                                                      ;
+--------------------------------------------------------------------------------------------+------------------------------------------------------------+---------------+
; Option                                                                                     ; Setting                                                    ; Default Value ;
+--------------------------------------------------------------------------------------------+------------------------------------------------------------+---------------+
; Simulation mode                                                                            ; Functional                                                 ; Timing        ;
; Start time                                                                                 ; 0 ns                                                       ; 0 ns          ;
; Simulation results format                                                                  ; VWF                                                        ;               ;
; Vector input source                                                                        ; D:/HK5/CE118_DigitalLogicDesign/TH_Quartus/LAB45/test1.vwf ;               ;
; Add pins automatically to simulation output waveforms                                      ; On                                                         ; On            ;
; Check outputs                                                                              ; Off                                                        ; Off           ;
; Report simulation coverage                                                                 ; On                                                         ; On            ;
; Display complete 1/0 value coverage report                                                 ; On                                                         ; On            ;
; Display missing 1-value coverage report                                                    ; On                                                         ; On            ;
; Display missing 0-value coverage report                                                    ; On                                                         ; On            ;
; Detect setup and hold time violations                                                      ; Off                                                        ; Off           ;
; Detect glitches                                                                            ; Off                                                        ; Off           ;
; Disable timing delays in Timing Simulation                                                 ; Off                                                        ; Off           ;
; Generate Signal Activity File                                                              ; Off                                                        ; Off           ;
; Generate VCD File for PowerPlay Power Analyzer                                             ; Off                                                        ; Off           ;
; Group bus channels in simulation results                                                   ; Off                                                        ; Off           ;
; Preserve fewer signal transitions to reduce memory requirements                            ; On                                                         ; On            ;
; Trigger vector comparison with the specified mode                                          ; INPUT_EDGE                                                 ; INPUT_EDGE    ;
; Disable setup and hold time violations detection in input registers of bi-directional pins ; Off                                                        ; Off           ;
; Overwrite Waveform Inputs With Simulation Outputs                                          ; Off                                                        ;               ;
; Perform Glitch Filtering in Timing Simulation                                              ; Auto                                                       ; Auto          ;
+--------------------------------------------------------------------------------------------+------------------------------------------------------------+---------------+


+----------------------+
; Simulation Waveforms ;
+----------------------+
Waveform report data cannot be output to ASCII.
Please use Quartus II 64-Bit to view the waveform report data.


+--------------------------------------------------------------------+
; Coverage Summary                                                   ;
+-----------------------------------------------------+--------------+
; Type                                                ; Value        ;
+-----------------------------------------------------+--------------+
; Total coverage as a percentage                      ;      71.06 % ;
; Total nodes checked                                 ; 622          ;
; Total output ports checked                          ; 622          ;
; Total output ports with complete 1/0-value coverage ; 442          ;
; Total output ports with no 1/0-value coverage       ; 60           ;
; Total output ports with no 1-value coverage         ; 152          ;
; Total output ports with no 0-value coverage         ; 88           ;
+-----------------------------------------------------+--------------+


The following table displays output ports that toggle between 1 and 0 during simulation.
+------------------------------------------------------------------------------------------------------------------------------------------------------------------------------------------------------------------------+
; Complete 1/0-Value Coverage                                                                                                                                                                                            ;
+--------------------------------------------------------------------------------------------------+--------------------------------------------------------------------------------------------------+------------------+
; Node Name                                                                                        ; Output Port Name                                                                                 ; Output Port Type ;
+--------------------------------------------------------------------------------------------------+--------------------------------------------------------------------------------------------------+------------------+
; |Mulw4ln|CLK                                                                                     ; |Mulw4ln|CLK                                                                                     ; out              ;
; |Mulw4ln|I[3]                                                                                    ; |Mulw4ln|I[3]                                                                                    ; out              ;
; |Mulw4ln|I[2]                                                                                    ; |Mulw4ln|I[2]                                                                                    ; out              ;
; |Mulw4ln|I[1]                                                                                    ; |Mulw4ln|I[1]                                                                                    ; out              ;
; |Mulw4ln|I[0]                                                                                    ; |Mulw4ln|I[0]                                                                                    ; out              ;
; |Mulw4ln|A0                                                                                      ; |Mulw4ln|A0                                                                                      ; pin_out          ;
; |Mulw4ln|B0                                                                                      ; |Mulw4ln|B0                                                                                      ; pin_out          ;
; |Mulw4ln|C0                                                                                      ; |Mulw4ln|C0                                                                                      ; pin_out          ;
; |Mulw4ln|D0                                                                                      ; |Mulw4ln|D0                                                                                      ; pin_out          ;
; |Mulw4ln|E0                                                                                      ; |Mulw4ln|E0                                                                                      ; pin_out          ;
; |Mulw4ln|G0                                                                                      ; |Mulw4ln|G0                                                                                      ; pin_out          ;
; |Mulw4ln|A1                                                                                      ; |Mulw4ln|A1                                                                                      ; pin_out          ;
; |Mulw4ln|B1                                                                                      ; |Mulw4ln|B1                                                                                      ; pin_out          ;
; |Mulw4ln|C1                                                                                      ; |Mulw4ln|C1                                                                                      ; pin_out          ;
; |Mulw4ln|D1                                                                                      ; |Mulw4ln|D1                                                                                      ; pin_out          ;
; |Mulw4ln|E1                                                                                      ; |Mulw4ln|E1                                                                                      ; pin_out          ;
; |Mulw4ln|F1                                                                                      ; |Mulw4ln|F1                                                                                      ; pin_out          ;
; |Mulw4ln|G1                                                                                      ; |Mulw4ln|G1                                                                                      ; pin_out          ;
; |Mulw4ln|A2                                                                                      ; |Mulw4ln|A2                                                                                      ; pin_out          ;
; |Mulw4ln|D2                                                                                      ; |Mulw4ln|D2                                                                                      ; pin_out          ;
; |Mulw4ln|E2                                                                                      ; |Mulw4ln|E2                                                                                      ; pin_out          ;
; |Mulw4ln|F2                                                                                      ; |Mulw4ln|F2                                                                                      ; pin_out          ;
; |Mulw4ln|DD8:inst2|7447:inst9|86                                                                 ; |Mulw4ln|DD8:inst2|7447:inst9|86                                                                 ; out0             ;
; |Mulw4ln|DD8:inst2|7447:inst9|5                                                                  ; |Mulw4ln|DD8:inst2|7447:inst9|5                                                                  ; out0             ;
; |Mulw4ln|DD8:inst2|7447:inst9|39                                                                 ; |Mulw4ln|DD8:inst2|7447:inst9|39                                                                 ; out0             ;
; |Mulw4ln|DD8:inst2|ComparativeAdder4:inst4|Adder4:inst|inst1                                     ; |Mulw4ln|DD8:inst2|ComparativeAdder4:inst4|Adder4:inst|inst1                                     ; out0             ;
; |Mulw4ln|DD8:inst2|ComparativeAdder4:inst4|Adder4:inst|inst4                                     ; |Mulw4ln|DD8:inst2|ComparativeAdder4:inst4|Adder4:inst|inst4                                     ; out0             ;
; |Mulw4ln|DD8:inst2|ComparativeAdder4:inst4|Adder4:inst|inst12                                    ; |Mulw4ln|DD8:inst2|ComparativeAdder4:inst4|Adder4:inst|inst12                                    ; out0             ;
; |Mulw4ln|DD8:inst2|ComparativeAdder4:inst4|Adder4:inst|inst9                                     ; |Mulw4ln|DD8:inst2|ComparativeAdder4:inst4|Adder4:inst|inst9                                     ; out0             ;
; |Mulw4ln|DD8:inst2|ComparativeAdder4:inst4|4mux21:inst3|inst2[1]                                 ; |Mulw4ln|DD8:inst2|ComparativeAdder4:inst4|4mux21:inst3|inst2[1]                                 ; out0             ;
; |Mulw4ln|DD8:inst2|ComparativeAdder4:inst4|4mux21:inst3|inst2[0]                                 ; |Mulw4ln|DD8:inst2|ComparativeAdder4:inst4|4mux21:inst3|inst2[0]                                 ; out0             ;
; |Mulw4ln|DD8:inst2|ComparativeAdder4:inst4|4mux21:inst3|inst1[1]                                 ; |Mulw4ln|DD8:inst2|ComparativeAdder4:inst4|4mux21:inst3|inst1[1]                                 ; out0             ;
; |Mulw4ln|DD8:inst2|ComparativeAdder4:inst4|4mux21:inst3|inst1[0]                                 ; |Mulw4ln|DD8:inst2|ComparativeAdder4:inst4|4mux21:inst3|inst1[0]                                 ; out0             ;
; |Mulw4ln|DD8:inst2|ComparativeAdder4:inst6|Adder4:inst|inst1                                     ; |Mulw4ln|DD8:inst2|ComparativeAdder4:inst6|Adder4:inst|inst1                                     ; out0             ;
; |Mulw4ln|DD8:inst2|ComparativeAdder4:inst6|Adder4:inst|inst4                                     ; |Mulw4ln|DD8:inst2|ComparativeAdder4:inst6|Adder4:inst|inst4                                     ; out0             ;
; |Mulw4ln|DD8:inst2|ComparativeAdder4:inst6|Adder4:inst|inst12                                    ; |Mulw4ln|DD8:inst2|ComparativeAdder4:inst6|Adder4:inst|inst12                                    ; out0             ;
; |Mulw4ln|DD8:inst2|ComparativeAdder4:inst6|Adder4:inst|inst9                                     ; |Mulw4ln|DD8:inst2|ComparativeAdder4:inst6|Adder4:inst|inst9                                     ; out0             ;
; |Mulw4ln|DD8:inst2|ComparativeAdder4:inst6|Adder4:inst|inst6                                     ; |Mulw4ln|DD8:inst2|ComparativeAdder4:inst6|Adder4:inst|inst6                                     ; out0             ;
; |Mulw4ln|DD8:inst2|ComparativeAdder4:inst6|Adder4:inst|inst11                                    ; |Mulw4ln|DD8:inst2|ComparativeAdder4:inst6|Adder4:inst|inst11                                    ; out0             ;
; |Mulw4ln|DD8:inst2|ComparativeAdder4:inst6|Comparator4:inst1|inst13                              ; |Mulw4ln|DD8:inst2|ComparativeAdder4:inst6|Comparator4:inst1|inst13                              ; out0             ;
; |Mulw4ln|DD8:inst2|ComparativeAdder4:inst6|Comparator4:inst1|inst2                               ; |Mulw4ln|DD8:inst2|ComparativeAdder4:inst6|Comparator4:inst1|inst2                               ; out0             ;
; |Mulw4ln|DD8:inst2|ComparativeAdder4:inst6|4mux21:inst3|inst2[3]                                 ; |Mulw4ln|DD8:inst2|ComparativeAdder4:inst6|4mux21:inst3|inst2[3]                                 ; out0             ;
; |Mulw4ln|DD8:inst2|ComparativeAdder4:inst6|4mux21:inst3|inst2[2]                                 ; |Mulw4ln|DD8:inst2|ComparativeAdder4:inst6|4mux21:inst3|inst2[2]                                 ; out0             ;
; |Mulw4ln|DD8:inst2|ComparativeAdder4:inst6|4mux21:inst3|inst2[1]                                 ; |Mulw4ln|DD8:inst2|ComparativeAdder4:inst6|4mux21:inst3|inst2[1]                                 ; out0             ;
; |Mulw4ln|DD8:inst2|ComparativeAdder4:inst6|4mux21:inst3|inst2[0]                                 ; |Mulw4ln|DD8:inst2|ComparativeAdder4:inst6|4mux21:inst3|inst2[0]                                 ; out0             ;
; |Mulw4ln|DD8:inst2|ComparativeAdder4:inst6|4mux21:inst3|inst1[2]                                 ; |Mulw4ln|DD8:inst2|ComparativeAdder4:inst6|4mux21:inst3|inst1[2]                                 ; out0             ;
; |Mulw4ln|DD8:inst2|ComparativeAdder4:inst6|4mux21:inst3|inst1[1]                                 ; |Mulw4ln|DD8:inst2|ComparativeAdder4:inst6|4mux21:inst3|inst1[1]                                 ; out0             ;
; |Mulw4ln|DD8:inst2|ComparativeAdder4:inst6|4mux21:inst3|inst1[0]                                 ; |Mulw4ln|DD8:inst2|ComparativeAdder4:inst6|4mux21:inst3|inst1[0]                                 ; out0             ;
; |Mulw4ln|DD8:inst2|ComparativeAdder4:inst6|4mux21:inst3|inst[3]                                  ; |Mulw4ln|DD8:inst2|ComparativeAdder4:inst6|4mux21:inst3|inst[3]                                  ; out0             ;
; |Mulw4ln|DD8:inst2|ComparativeAdder4:inst6|4mux21:inst3|inst[2]                                  ; |Mulw4ln|DD8:inst2|ComparativeAdder4:inst6|4mux21:inst3|inst[2]                                  ; out0             ;
; |Mulw4ln|DD8:inst2|ComparativeAdder4:inst6|4mux21:inst3|inst[1]                                  ; |Mulw4ln|DD8:inst2|ComparativeAdder4:inst6|4mux21:inst3|inst[1]                                  ; out0             ;
; |Mulw4ln|DD8:inst2|ComparativeAdder4:inst6|4mux21:inst3|inst[0]                                  ; |Mulw4ln|DD8:inst2|ComparativeAdder4:inst6|4mux21:inst3|inst[0]                                  ; out0             ;
; |Mulw4ln|DD8:inst2|7447:inst8|87                                                                 ; |Mulw4ln|DD8:inst2|7447:inst8|87                                                                 ; out0             ;
; |Mulw4ln|DD8:inst2|7447:inst8|1                                                                  ; |Mulw4ln|DD8:inst2|7447:inst8|1                                                                  ; out0             ;
; |Mulw4ln|DD8:inst2|7447:inst8|38                                                                 ; |Mulw4ln|DD8:inst2|7447:inst8|38                                                                 ; out0             ;
; |Mulw4ln|DD8:inst2|7447:inst8|86                                                                 ; |Mulw4ln|DD8:inst2|7447:inst8|86                                                                 ; out0             ;
; |Mulw4ln|DD8:inst2|7447:inst8|31                                                                 ; |Mulw4ln|DD8:inst2|7447:inst8|31                                                                 ; out0             ;
; |Mulw4ln|DD8:inst2|7447:inst8|2                                                                  ; |Mulw4ln|DD8:inst2|7447:inst8|2                                                                  ; out0             ;
; |Mulw4ln|DD8:inst2|7447:inst8|30                                                                 ; |Mulw4ln|DD8:inst2|7447:inst8|30                                                                 ; out0             ;
; |Mulw4ln|DD8:inst2|7447:inst8|85                                                                 ; |Mulw4ln|DD8:inst2|7447:inst8|85                                                                 ; out0             ;
; |Mulw4ln|DD8:inst2|7447:inst8|32                                                                 ; |Mulw4ln|DD8:inst2|7447:inst8|32                                                                 ; out0             ;
; |Mulw4ln|DD8:inst2|7447:inst8|84                                                                 ; |Mulw4ln|DD8:inst2|7447:inst8|84                                                                 ; out0             ;
; |Mulw4ln|DD8:inst2|7447:inst8|5                                                                  ; |Mulw4ln|DD8:inst2|7447:inst8|5                                                                  ; out0             ;
; |Mulw4ln|DD8:inst2|7447:inst8|3                                                                  ; |Mulw4ln|DD8:inst2|7447:inst8|3                                                                  ; out0             ;
; |Mulw4ln|DD8:inst2|7447:inst8|4                                                                  ; |Mulw4ln|DD8:inst2|7447:inst8|4                                                                  ; out0             ;
; |Mulw4ln|DD8:inst2|7447:inst8|83                                                                 ; |Mulw4ln|DD8:inst2|7447:inst8|83                                                                 ; out0             ;
; |Mulw4ln|DD8:inst2|7447:inst8|33                                                                 ; |Mulw4ln|DD8:inst2|7447:inst8|33                                                                 ; out0             ;
; |Mulw4ln|DD8:inst2|7447:inst8|6                                                                  ; |Mulw4ln|DD8:inst2|7447:inst8|6                                                                  ; out0             ;
; |Mulw4ln|DD8:inst2|7447:inst8|82                                                                 ; |Mulw4ln|DD8:inst2|7447:inst8|82                                                                 ; out0             ;
; |Mulw4ln|DD8:inst2|7447:inst8|34                                                                 ; |Mulw4ln|DD8:inst2|7447:inst8|34                                                                 ; out0             ;
; |Mulw4ln|DD8:inst2|7447:inst8|7                                                                  ; |Mulw4ln|DD8:inst2|7447:inst8|7                                                                  ; out0             ;
; |Mulw4ln|DD8:inst2|7447:inst8|81                                                                 ; |Mulw4ln|DD8:inst2|7447:inst8|81                                                                 ; out0             ;
; |Mulw4ln|DD8:inst2|7447:inst8|36                                                                 ; |Mulw4ln|DD8:inst2|7447:inst8|36                                                                 ; out0             ;
; |Mulw4ln|DD8:inst2|7447:inst8|39                                                                 ; |Mulw4ln|DD8:inst2|7447:inst8|39                                                                 ; out0             ;
; |Mulw4ln|DD8:inst2|7447:inst8|35                                                                 ; |Mulw4ln|DD8:inst2|7447:inst8|35                                                                 ; out0             ;
; |Mulw4ln|DD8:inst2|ComparativeAdder4:inst|Adder4:inst|inst1                                      ; |Mulw4ln|DD8:inst2|ComparativeAdder4:inst|Adder4:inst|inst1                                      ; out0             ;
; |Mulw4ln|DD8:inst2|ComparativeAdder4:inst|Adder4:inst|inst4                                      ; |Mulw4ln|DD8:inst2|ComparativeAdder4:inst|Adder4:inst|inst4                                      ; out0             ;
; |Mulw4ln|DD8:inst2|ComparativeAdder4:inst|Adder4:inst|inst12                                     ; |Mulw4ln|DD8:inst2|ComparativeAdder4:inst|Adder4:inst|inst12                                     ; out0             ;
; |Mulw4ln|DD8:inst2|ComparativeAdder4:inst|Adder4:inst|inst9                                      ; |Mulw4ln|DD8:inst2|ComparativeAdder4:inst|Adder4:inst|inst9                                      ; out0             ;
; |Mulw4ln|DD8:inst2|ComparativeAdder4:inst|Adder4:inst|inst11                                     ; |Mulw4ln|DD8:inst2|ComparativeAdder4:inst|Adder4:inst|inst11                                     ; out0             ;
; |Mulw4ln|DD8:inst2|ComparativeAdder4:inst|Comparator4:inst1|inst2                                ; |Mulw4ln|DD8:inst2|ComparativeAdder4:inst|Comparator4:inst1|inst2                                ; out0             ;
; |Mulw4ln|DD8:inst2|ComparativeAdder4:inst|4mux21:inst3|inst2[2]                                  ; |Mulw4ln|DD8:inst2|ComparativeAdder4:inst|4mux21:inst3|inst2[2]                                  ; out0             ;
; |Mulw4ln|DD8:inst2|ComparativeAdder4:inst|4mux21:inst3|inst2[1]                                  ; |Mulw4ln|DD8:inst2|ComparativeAdder4:inst|4mux21:inst3|inst2[1]                                  ; out0             ;
; |Mulw4ln|DD8:inst2|ComparativeAdder4:inst|4mux21:inst3|inst2[0]                                  ; |Mulw4ln|DD8:inst2|ComparativeAdder4:inst|4mux21:inst3|inst2[0]                                  ; out0             ;
; |Mulw4ln|DD8:inst2|ComparativeAdder4:inst|4mux21:inst3|inst1[2]                                  ; |Mulw4ln|DD8:inst2|ComparativeAdder4:inst|4mux21:inst3|inst1[2]                                  ; out0             ;
; |Mulw4ln|DD8:inst2|ComparativeAdder4:inst|4mux21:inst3|inst1[0]                                  ; |Mulw4ln|DD8:inst2|ComparativeAdder4:inst|4mux21:inst3|inst1[0]                                  ; out0             ;
; |Mulw4ln|DD8:inst2|ComparativeAdder4:inst|4mux21:inst3|inst[1]                                   ; |Mulw4ln|DD8:inst2|ComparativeAdder4:inst|4mux21:inst3|inst[1]                                   ; out0             ;
; |Mulw4ln|DD8:inst2|ComparativeAdder4:inst1|Adder4:inst|inst1                                     ; |Mulw4ln|DD8:inst2|ComparativeAdder4:inst1|Adder4:inst|inst1                                     ; out0             ;
; |Mulw4ln|DD8:inst2|ComparativeAdder4:inst1|Adder4:inst|inst4                                     ; |Mulw4ln|DD8:inst2|ComparativeAdder4:inst1|Adder4:inst|inst4                                     ; out0             ;
; |Mulw4ln|DD8:inst2|ComparativeAdder4:inst1|Adder4:inst|inst12                                    ; |Mulw4ln|DD8:inst2|ComparativeAdder4:inst1|Adder4:inst|inst12                                    ; out0             ;
; |Mulw4ln|DD8:inst2|ComparativeAdder4:inst1|Adder4:inst|inst9                                     ; |Mulw4ln|DD8:inst2|ComparativeAdder4:inst1|Adder4:inst|inst9                                     ; out0             ;
; |Mulw4ln|DD8:inst2|ComparativeAdder4:inst1|Adder4:inst|inst6                                     ; |Mulw4ln|DD8:inst2|ComparativeAdder4:inst1|Adder4:inst|inst6                                     ; out0             ;
; |Mulw4ln|DD8:inst2|ComparativeAdder4:inst1|Comparator4:inst1|inst13                              ; |Mulw4ln|DD8:inst2|ComparativeAdder4:inst1|Comparator4:inst1|inst13                              ; out0             ;
; |Mulw4ln|DD8:inst2|ComparativeAdder4:inst1|4mux21:inst3|inst2[3]                                 ; |Mulw4ln|DD8:inst2|ComparativeAdder4:inst1|4mux21:inst3|inst2[3]                                 ; out0             ;
; |Mulw4ln|DD8:inst2|ComparativeAdder4:inst1|4mux21:inst3|inst2[2]                                 ; |Mulw4ln|DD8:inst2|ComparativeAdder4:inst1|4mux21:inst3|inst2[2]                                 ; out0             ;
; |Mulw4ln|DD8:inst2|ComparativeAdder4:inst1|4mux21:inst3|inst2[1]                                 ; |Mulw4ln|DD8:inst2|ComparativeAdder4:inst1|4mux21:inst3|inst2[1]                                 ; out0             ;
; |Mulw4ln|DD8:inst2|ComparativeAdder4:inst1|4mux21:inst3|inst2[0]                                 ; |Mulw4ln|DD8:inst2|ComparativeAdder4:inst1|4mux21:inst3|inst2[0]                                 ; out0             ;
; |Mulw4ln|DD8:inst2|ComparativeAdder4:inst1|4mux21:inst3|inst1[1]                                 ; |Mulw4ln|DD8:inst2|ComparativeAdder4:inst1|4mux21:inst3|inst1[1]                                 ; out0             ;
; |Mulw4ln|DD8:inst2|ComparativeAdder4:inst1|4mux21:inst3|inst1[0]                                 ; |Mulw4ln|DD8:inst2|ComparativeAdder4:inst1|4mux21:inst3|inst1[0]                                 ; out0             ;
; |Mulw4ln|DD8:inst2|ComparativeAdder4:inst1|4mux21:inst3|inst[3]                                  ; |Mulw4ln|DD8:inst2|ComparativeAdder4:inst1|4mux21:inst3|inst[3]                                  ; out0             ;
; |Mulw4ln|DD8:inst2|ComparativeAdder4:inst1|4mux21:inst3|inst[2]                                  ; |Mulw4ln|DD8:inst2|ComparativeAdder4:inst1|4mux21:inst3|inst[2]                                  ; out0             ;
; |Mulw4ln|DD8:inst2|ComparativeAdder4:inst1|4mux21:inst3|inst[1]                                  ; |Mulw4ln|DD8:inst2|ComparativeAdder4:inst1|4mux21:inst3|inst[1]                                  ; out0             ;
; |Mulw4ln|DD8:inst2|ComparativeAdder4:inst1|4mux21:inst3|inst[0]                                  ; |Mulw4ln|DD8:inst2|ComparativeAdder4:inst1|4mux21:inst3|inst[0]                                  ; out0             ;
; |Mulw4ln|DD8:inst2|ComparativeAdder4:inst2|Adder4:inst|inst1                                     ; |Mulw4ln|DD8:inst2|ComparativeAdder4:inst2|Adder4:inst|inst1                                     ; out0             ;
; |Mulw4ln|DD8:inst2|ComparativeAdder4:inst2|Adder4:inst|inst4                                     ; |Mulw4ln|DD8:inst2|ComparativeAdder4:inst2|Adder4:inst|inst4                                     ; out0             ;
; |Mulw4ln|DD8:inst2|ComparativeAdder4:inst2|Adder4:inst|inst12                                    ; |Mulw4ln|DD8:inst2|ComparativeAdder4:inst2|Adder4:inst|inst12                                    ; out0             ;
; |Mulw4ln|DD8:inst2|ComparativeAdder4:inst2|Adder4:inst|inst9                                     ; |Mulw4ln|DD8:inst2|ComparativeAdder4:inst2|Adder4:inst|inst9                                     ; out0             ;
; |Mulw4ln|DD8:inst2|ComparativeAdder4:inst2|Adder4:inst|inst6                                     ; |Mulw4ln|DD8:inst2|ComparativeAdder4:inst2|Adder4:inst|inst6                                     ; out0             ;
; |Mulw4ln|DD8:inst2|ComparativeAdder4:inst2|Adder4:inst|inst11                                    ; |Mulw4ln|DD8:inst2|ComparativeAdder4:inst2|Adder4:inst|inst11                                    ; out0             ;
; |Mulw4ln|DD8:inst2|ComparativeAdder4:inst2|Comparator4:inst1|inst13                              ; |Mulw4ln|DD8:inst2|ComparativeAdder4:inst2|Comparator4:inst1|inst13                              ; out0             ;
; |Mulw4ln|DD8:inst2|ComparativeAdder4:inst2|4mux21:inst3|inst2[3]                                 ; |Mulw4ln|DD8:inst2|ComparativeAdder4:inst2|4mux21:inst3|inst2[3]                                 ; out0             ;
; |Mulw4ln|DD8:inst2|ComparativeAdder4:inst2|4mux21:inst3|inst2[2]                                 ; |Mulw4ln|DD8:inst2|ComparativeAdder4:inst2|4mux21:inst3|inst2[2]                                 ; out0             ;
; |Mulw4ln|DD8:inst2|ComparativeAdder4:inst2|4mux21:inst3|inst2[1]                                 ; |Mulw4ln|DD8:inst2|ComparativeAdder4:inst2|4mux21:inst3|inst2[1]                                 ; out0             ;
; |Mulw4ln|DD8:inst2|ComparativeAdder4:inst2|4mux21:inst3|inst2[0]                                 ; |Mulw4ln|DD8:inst2|ComparativeAdder4:inst2|4mux21:inst3|inst2[0]                                 ; out0             ;
; |Mulw4ln|DD8:inst2|ComparativeAdder4:inst2|4mux21:inst3|inst1[2]                                 ; |Mulw4ln|DD8:inst2|ComparativeAdder4:inst2|4mux21:inst3|inst1[2]                                 ; out0             ;
; |Mulw4ln|DD8:inst2|ComparativeAdder4:inst2|4mux21:inst3|inst[3]                                  ; |Mulw4ln|DD8:inst2|ComparativeAdder4:inst2|4mux21:inst3|inst[3]                                  ; out0             ;
; |Mulw4ln|DD8:inst2|ComparativeAdder4:inst2|4mux21:inst3|inst[2]                                  ; |Mulw4ln|DD8:inst2|ComparativeAdder4:inst2|4mux21:inst3|inst[2]                                  ; out0             ;
; |Mulw4ln|DD8:inst2|ComparativeAdder4:inst2|4mux21:inst3|inst[1]                                  ; |Mulw4ln|DD8:inst2|ComparativeAdder4:inst2|4mux21:inst3|inst[1]                                  ; out0             ;
; |Mulw4ln|DD8:inst2|ComparativeAdder4:inst2|4mux21:inst3|inst[0]                                  ; |Mulw4ln|DD8:inst2|ComparativeAdder4:inst2|4mux21:inst3|inst[0]                                  ; out0             ;
; |Mulw4ln|DD8:inst2|ComparativeAdder4:inst3|Adder4:inst|inst1                                     ; |Mulw4ln|DD8:inst2|ComparativeAdder4:inst3|Adder4:inst|inst1                                     ; out0             ;
; |Mulw4ln|DD8:inst2|ComparativeAdder4:inst3|Adder4:inst|inst4                                     ; |Mulw4ln|DD8:inst2|ComparativeAdder4:inst3|Adder4:inst|inst4                                     ; out0             ;
; |Mulw4ln|DD8:inst2|ComparativeAdder4:inst3|Adder4:inst|inst12                                    ; |Mulw4ln|DD8:inst2|ComparativeAdder4:inst3|Adder4:inst|inst12                                    ; out0             ;
; |Mulw4ln|DD8:inst2|ComparativeAdder4:inst3|Adder4:inst|inst9                                     ; |Mulw4ln|DD8:inst2|ComparativeAdder4:inst3|Adder4:inst|inst9                                     ; out0             ;
; |Mulw4ln|DD8:inst2|ComparativeAdder4:inst3|Adder4:inst|inst6                                     ; |Mulw4ln|DD8:inst2|ComparativeAdder4:inst3|Adder4:inst|inst6                                     ; out0             ;
; |Mulw4ln|DD8:inst2|ComparativeAdder4:inst3|Adder4:inst|inst11                                    ; |Mulw4ln|DD8:inst2|ComparativeAdder4:inst3|Adder4:inst|inst11                                    ; out0             ;
; |Mulw4ln|DD8:inst2|ComparativeAdder4:inst3|Comparator4:inst1|inst13                              ; |Mulw4ln|DD8:inst2|ComparativeAdder4:inst3|Comparator4:inst1|inst13                              ; out0             ;
; |Mulw4ln|DD8:inst2|ComparativeAdder4:inst3|Comparator4:inst1|inst2                               ; |Mulw4ln|DD8:inst2|ComparativeAdder4:inst3|Comparator4:inst1|inst2                               ; out0             ;
; |Mulw4ln|DD8:inst2|ComparativeAdder4:inst3|4mux21:inst3|inst2[3]                                 ; |Mulw4ln|DD8:inst2|ComparativeAdder4:inst3|4mux21:inst3|inst2[3]                                 ; out0             ;
; |Mulw4ln|DD8:inst2|ComparativeAdder4:inst3|4mux21:inst3|inst2[2]                                 ; |Mulw4ln|DD8:inst2|ComparativeAdder4:inst3|4mux21:inst3|inst2[2]                                 ; out0             ;
; |Mulw4ln|DD8:inst2|ComparativeAdder4:inst3|4mux21:inst3|inst2[1]                                 ; |Mulw4ln|DD8:inst2|ComparativeAdder4:inst3|4mux21:inst3|inst2[1]                                 ; out0             ;
; |Mulw4ln|DD8:inst2|ComparativeAdder4:inst3|4mux21:inst3|inst2[0]                                 ; |Mulw4ln|DD8:inst2|ComparativeAdder4:inst3|4mux21:inst3|inst2[0]                                 ; out0             ;
; |Mulw4ln|DD8:inst2|ComparativeAdder4:inst3|4mux21:inst3|inst1[0]                                 ; |Mulw4ln|DD8:inst2|ComparativeAdder4:inst3|4mux21:inst3|inst1[0]                                 ; out0             ;
; |Mulw4ln|DD8:inst2|ComparativeAdder4:inst3|4mux21:inst3|inst[3]                                  ; |Mulw4ln|DD8:inst2|ComparativeAdder4:inst3|4mux21:inst3|inst[3]                                  ; out0             ;
; |Mulw4ln|DD8:inst2|ComparativeAdder4:inst3|4mux21:inst3|inst[2]                                  ; |Mulw4ln|DD8:inst2|ComparativeAdder4:inst3|4mux21:inst3|inst[2]                                  ; out0             ;
; |Mulw4ln|DD8:inst2|ComparativeAdder4:inst3|4mux21:inst3|inst[1]                                  ; |Mulw4ln|DD8:inst2|ComparativeAdder4:inst3|4mux21:inst3|inst[1]                                  ; out0             ;
; |Mulw4ln|DD8:inst2|ComparativeAdder4:inst3|4mux21:inst3|inst[0]                                  ; |Mulw4ln|DD8:inst2|ComparativeAdder4:inst3|4mux21:inst3|inst[0]                                  ; out0             ;
; |Mulw4ln|DD8:inst2|ComparativeAdder4:inst5|Adder4:inst|inst1                                     ; |Mulw4ln|DD8:inst2|ComparativeAdder4:inst5|Adder4:inst|inst1                                     ; out0             ;
; |Mulw4ln|DD8:inst2|ComparativeAdder4:inst5|Adder4:inst|inst4                                     ; |Mulw4ln|DD8:inst2|ComparativeAdder4:inst5|Adder4:inst|inst4                                     ; out0             ;
; |Mulw4ln|DD8:inst2|ComparativeAdder4:inst5|Adder4:inst|inst12                                    ; |Mulw4ln|DD8:inst2|ComparativeAdder4:inst5|Adder4:inst|inst12                                    ; out0             ;
; |Mulw4ln|DD8:inst2|ComparativeAdder4:inst5|Adder4:inst|inst6                                     ; |Mulw4ln|DD8:inst2|ComparativeAdder4:inst5|Adder4:inst|inst6                                     ; out0             ;
; |Mulw4ln|DD8:inst2|ComparativeAdder4:inst5|Comparator4:inst1|inst13                              ; |Mulw4ln|DD8:inst2|ComparativeAdder4:inst5|Comparator4:inst1|inst13                              ; out0             ;
; |Mulw4ln|DD8:inst2|ComparativeAdder4:inst5|4mux21:inst3|inst2[3]                                 ; |Mulw4ln|DD8:inst2|ComparativeAdder4:inst5|4mux21:inst3|inst2[3]                                 ; out0             ;
; |Mulw4ln|DD8:inst2|ComparativeAdder4:inst5|4mux21:inst3|inst2[2]                                 ; |Mulw4ln|DD8:inst2|ComparativeAdder4:inst5|4mux21:inst3|inst2[2]                                 ; out0             ;
; |Mulw4ln|DD8:inst2|ComparativeAdder4:inst5|4mux21:inst3|inst2[1]                                 ; |Mulw4ln|DD8:inst2|ComparativeAdder4:inst5|4mux21:inst3|inst2[1]                                 ; out0             ;
; |Mulw4ln|DD8:inst2|ComparativeAdder4:inst5|4mux21:inst3|inst2[0]                                 ; |Mulw4ln|DD8:inst2|ComparativeAdder4:inst5|4mux21:inst3|inst2[0]                                 ; out0             ;
; |Mulw4ln|DD8:inst2|ComparativeAdder4:inst5|4mux21:inst3|inst1[2]                                 ; |Mulw4ln|DD8:inst2|ComparativeAdder4:inst5|4mux21:inst3|inst1[2]                                 ; out0             ;
; |Mulw4ln|DD8:inst2|ComparativeAdder4:inst5|4mux21:inst3|inst1[1]                                 ; |Mulw4ln|DD8:inst2|ComparativeAdder4:inst5|4mux21:inst3|inst1[1]                                 ; out0             ;
; |Mulw4ln|DD8:inst2|ComparativeAdder4:inst5|4mux21:inst3|inst[3]                                  ; |Mulw4ln|DD8:inst2|ComparativeAdder4:inst5|4mux21:inst3|inst[3]                                  ; out0             ;
; |Mulw4ln|DD8:inst2|ComparativeAdder4:inst5|4mux21:inst3|inst[2]                                  ; |Mulw4ln|DD8:inst2|ComparativeAdder4:inst5|4mux21:inst3|inst[2]                                  ; out0             ;
; |Mulw4ln|DD8:inst2|ComparativeAdder4:inst5|4mux21:inst3|inst[1]                                  ; |Mulw4ln|DD8:inst2|ComparativeAdder4:inst5|4mux21:inst3|inst[1]                                  ; out0             ;
; |Mulw4ln|DD8:inst2|ComparativeAdder4:inst5|4mux21:inst3|inst[0]                                  ; |Mulw4ln|DD8:inst2|ComparativeAdder4:inst5|4mux21:inst3|inst[0]                                  ; out0             ;
; |Mulw4ln|DD8:inst2|7447:inst7|87                                                                 ; |Mulw4ln|DD8:inst2|7447:inst7|87                                                                 ; out0             ;
; |Mulw4ln|DD8:inst2|7447:inst7|38                                                                 ; |Mulw4ln|DD8:inst2|7447:inst7|38                                                                 ; out0             ;
; |Mulw4ln|DD8:inst2|7447:inst7|85                                                                 ; |Mulw4ln|DD8:inst2|7447:inst7|85                                                                 ; out0             ;
; |Mulw4ln|DD8:inst2|7447:inst7|32                                                                 ; |Mulw4ln|DD8:inst2|7447:inst7|32                                                                 ; out0             ;
; |Mulw4ln|DD8:inst2|7447:inst7|84                                                                 ; |Mulw4ln|DD8:inst2|7447:inst7|84                                                                 ; out0             ;
; |Mulw4ln|DD8:inst2|7447:inst7|4                                                                  ; |Mulw4ln|DD8:inst2|7447:inst7|4                                                                  ; out0             ;
; |Mulw4ln|DD8:inst2|7447:inst7|83                                                                 ; |Mulw4ln|DD8:inst2|7447:inst7|83                                                                 ; out0             ;
; |Mulw4ln|DD8:inst2|7447:inst7|33                                                                 ; |Mulw4ln|DD8:inst2|7447:inst7|33                                                                 ; out0             ;
; |Mulw4ln|DD8:inst2|7447:inst7|82                                                                 ; |Mulw4ln|DD8:inst2|7447:inst7|82                                                                 ; out0             ;
; |Mulw4ln|DD8:inst2|7447:inst7|34                                                                 ; |Mulw4ln|DD8:inst2|7447:inst7|34                                                                 ; out0             ;
; |Mulw4ln|DD8:inst2|7447:inst7|7                                                                  ; |Mulw4ln|DD8:inst2|7447:inst7|7                                                                  ; out0             ;
; |Mulw4ln|DD8:inst2|7447:inst7|81                                                                 ; |Mulw4ln|DD8:inst2|7447:inst7|81                                                                 ; out0             ;
; |Mulw4ln|DD8:inst2|7447:inst7|36                                                                 ; |Mulw4ln|DD8:inst2|7447:inst7|36                                                                 ; out0             ;
; |Mulw4ln|DD8:inst2|7447:inst7|35                                                                 ; |Mulw4ln|DD8:inst2|7447:inst7|35                                                                 ; out0             ;
; |Mulw4ln|Controller:inst|NextStateLogic:inst|inst7                                               ; |Mulw4ln|Controller:inst|NextStateLogic:inst|inst7                                               ; out0             ;
; |Mulw4ln|Controller:inst|NextStateLogic:inst|inst32                                              ; |Mulw4ln|Controller:inst|NextStateLogic:inst|inst32                                              ; out0             ;
; |Mulw4ln|Controller:inst|NextStateLogic:inst|inst11                                              ; |Mulw4ln|Controller:inst|NextStateLogic:inst|inst11                                              ; out0             ;
; |Mulw4ln|Controller:inst|NextStateLogic:inst|inst26                                              ; |Mulw4ln|Controller:inst|NextStateLogic:inst|inst26                                              ; out0             ;
; |Mulw4ln|Controller:inst|NextStateLogic:inst|inst25                                              ; |Mulw4ln|Controller:inst|NextStateLogic:inst|inst25                                              ; out0             ;
; |Mulw4ln|Controller:inst|NextStateLogic:inst|inst23                                              ; |Mulw4ln|Controller:inst|NextStateLogic:inst|inst23                                              ; out0             ;
; |Mulw4ln|Controller:inst|NextStateLogic:inst|inst24                                              ; |Mulw4ln|Controller:inst|NextStateLogic:inst|inst24                                              ; out0             ;
; |Mulw4ln|Controller:inst|NextStateLogic:inst|inst33                                              ; |Mulw4ln|Controller:inst|NextStateLogic:inst|inst33                                              ; out0             ;
; |Mulw4ln|Controller:inst|NextStateLogic:inst|inst31                                              ; |Mulw4ln|Controller:inst|NextStateLogic:inst|inst31                                              ; out0             ;
; |Mulw4ln|Controller:inst|NextStateLogic:inst|inst30                                              ; |Mulw4ln|Controller:inst|NextStateLogic:inst|inst30                                              ; out0             ;
; |Mulw4ln|Controller:inst|NextStateLogic:inst|inst35                                              ; |Mulw4ln|Controller:inst|NextStateLogic:inst|inst35                                              ; out0             ;
; |Mulw4ln|Controller:inst|DFFs:inst1|inst[1]                                                      ; |Mulw4ln|Controller:inst|DFFs:inst1|inst[1]                                                      ; regout           ;
; |Mulw4ln|Controller:inst|DFFs:inst1|inst[0]                                                      ; |Mulw4ln|Controller:inst|DFFs:inst1|inst[0]                                                      ; regout           ;
; |Mulw4ln|Controller:inst|OutputLogic:inst2|inst9                                                 ; |Mulw4ln|Controller:inst|OutputLogic:inst2|inst9                                                 ; out0             ;
; |Mulw4ln|Controller:inst|OutputLogic:inst2|inst15                                                ; |Mulw4ln|Controller:inst|OutputLogic:inst2|inst15                                                ; out0             ;
; |Mulw4ln|Controller:inst|OutputLogic:inst2|inst18                                                ; |Mulw4ln|Controller:inst|OutputLogic:inst2|inst18                                                ; out0             ;
; |Mulw4ln|Controller:inst|OutputLogic:inst2|inst21                                                ; |Mulw4ln|Controller:inst|OutputLogic:inst2|inst21                                                ; out0             ;
; |Mulw4ln|Controller:inst|OutputLogic:inst2|inst20                                                ; |Mulw4ln|Controller:inst|OutputLogic:inst2|inst20                                                ; out0             ;
; |Mulw4ln|Controller:inst|OutputLogic:inst2|inst36                                                ; |Mulw4ln|Controller:inst|OutputLogic:inst2|inst36                                                ; out0             ;
; |Mulw4ln|Controller:inst|OutputLogic:inst2|inst37                                                ; |Mulw4ln|Controller:inst|OutputLogic:inst2|inst37                                                ; out0             ;
; |Mulw4ln|Controller:inst|OutputLogic:inst2|inst39                                                ; |Mulw4ln|Controller:inst|OutputLogic:inst2|inst39                                                ; out0             ;
; |Mulw4ln|Controller:inst|OutputLogic:inst2|inst40                                                ; |Mulw4ln|Controller:inst|OutputLogic:inst2|inst40                                                ; out0             ;
; |Mulw4ln|Controller:inst|OutputLogic:inst2|inst38                                                ; |Mulw4ln|Controller:inst|OutputLogic:inst2|inst38                                                ; out0             ;
; |Mulw4ln|Controller:inst|OutputLogic:inst2|inst24                                                ; |Mulw4ln|Controller:inst|OutputLogic:inst2|inst24                                                ; out0             ;
; |Mulw4ln|Controller:inst|OutputLogic:inst2|inst41                                                ; |Mulw4ln|Controller:inst|OutputLogic:inst2|inst41                                                ; out0             ;
; |Mulw4ln|Controller:inst|OutputLogic:inst2|inst42                                                ; |Mulw4ln|Controller:inst|OutputLogic:inst2|inst42                                                ; out0             ;
; |Mulw4ln|Controller:inst|OutputLogic:inst2|inst8                                                 ; |Mulw4ln|Controller:inst|OutputLogic:inst2|inst8                                                 ; out0             ;
; |Mulw4ln|Controller:inst|OutputLogic:inst2|inst6                                                 ; |Mulw4ln|Controller:inst|OutputLogic:inst2|inst6                                                 ; out0             ;
; |Mulw4ln|Controller:inst|OutputLogic:inst2|inst31                                                ; |Mulw4ln|Controller:inst|OutputLogic:inst2|inst31                                                ; out0             ;
; |Mulw4ln|Controller:inst|OutputLogic:inst2|inst32                                                ; |Mulw4ln|Controller:inst|OutputLogic:inst2|inst32                                                ; out0             ;
; |Mulw4ln|Controller:inst|OutputLogic:inst2|inst5                                                 ; |Mulw4ln|Controller:inst|OutputLogic:inst2|inst5                                                 ; out0             ;
; |Mulw4ln|Controller:inst|OutputLogic:inst2|inst7                                                 ; |Mulw4ln|Controller:inst|OutputLogic:inst2|inst7                                                 ; out0             ;
; |Mulw4ln|Datapath:inst1|inst6[7]                                                                 ; |Mulw4ln|Datapath:inst1|inst6[7]                                                                 ; out              ;
; |Mulw4ln|Datapath:inst1|inst6[6]                                                                 ; |Mulw4ln|Datapath:inst1|inst6[6]                                                                 ; out              ;
; |Mulw4ln|Datapath:inst1|inst6[5]                                                                 ; |Mulw4ln|Datapath:inst1|inst6[5]                                                                 ; out              ;
; |Mulw4ln|Datapath:inst1|inst6[4]                                                                 ; |Mulw4ln|Datapath:inst1|inst6[4]                                                                 ; out              ;
; |Mulw4ln|Datapath:inst1|inst6[3]                                                                 ; |Mulw4ln|Datapath:inst1|inst6[3]                                                                 ; out              ;
; |Mulw4ln|Datapath:inst1|inst6[2]                                                                 ; |Mulw4ln|Datapath:inst1|inst6[2]                                                                 ; out              ;
; |Mulw4ln|Datapath:inst1|ShiftLeft:inst5|8mux41:inst3|inst4[7]                                    ; |Mulw4ln|Datapath:inst1|ShiftLeft:inst5|8mux41:inst3|inst4[7]                                    ; out0             ;
; |Mulw4ln|Datapath:inst1|ShiftLeft:inst5|8mux41:inst3|inst4[6]                                    ; |Mulw4ln|Datapath:inst1|ShiftLeft:inst5|8mux41:inst3|inst4[6]                                    ; out0             ;
; |Mulw4ln|Datapath:inst1|ShiftLeft:inst5|8mux41:inst3|inst4[5]                                    ; |Mulw4ln|Datapath:inst1|ShiftLeft:inst5|8mux41:inst3|inst4[5]                                    ; out0             ;
; |Mulw4ln|Datapath:inst1|ShiftLeft:inst5|8mux41:inst3|inst4[4]                                    ; |Mulw4ln|Datapath:inst1|ShiftLeft:inst5|8mux41:inst3|inst4[4]                                    ; out0             ;
; |Mulw4ln|Datapath:inst1|ShiftLeft:inst5|8mux41:inst3|inst4[3]                                    ; |Mulw4ln|Datapath:inst1|ShiftLeft:inst5|8mux41:inst3|inst4[3]                                    ; out0             ;
; |Mulw4ln|Datapath:inst1|ShiftLeft:inst5|8mux41:inst3|inst4[2]                                    ; |Mulw4ln|Datapath:inst1|ShiftLeft:inst5|8mux41:inst3|inst4[2]                                    ; out0             ;
; |Mulw4ln|Datapath:inst1|ShiftLeft:inst5|8mux41:inst3|inst4[1]                                    ; |Mulw4ln|Datapath:inst1|ShiftLeft:inst5|8mux41:inst3|inst4[1]                                    ; out0             ;
; |Mulw4ln|Datapath:inst1|ShiftLeft:inst5|8mux41:inst3|inst[7]                                     ; |Mulw4ln|Datapath:inst1|ShiftLeft:inst5|8mux41:inst3|inst[7]                                     ; out0             ;
; |Mulw4ln|Datapath:inst1|ShiftLeft:inst5|8mux41:inst3|inst[5]                                     ; |Mulw4ln|Datapath:inst1|ShiftLeft:inst5|8mux41:inst3|inst[5]                                     ; out0             ;
; |Mulw4ln|Datapath:inst1|ShiftLeft:inst5|8mux41:inst3|inst[4]                                     ; |Mulw4ln|Datapath:inst1|ShiftLeft:inst5|8mux41:inst3|inst[4]                                     ; out0             ;
; |Mulw4ln|Datapath:inst1|ShiftLeft:inst5|8mux41:inst3|inst[3]                                     ; |Mulw4ln|Datapath:inst1|ShiftLeft:inst5|8mux41:inst3|inst[3]                                     ; out0             ;
; |Mulw4ln|Datapath:inst1|ShiftLeft:inst5|8mux41:inst3|inst[2]                                     ; |Mulw4ln|Datapath:inst1|ShiftLeft:inst5|8mux41:inst3|inst[2]                                     ; out0             ;
; |Mulw4ln|Datapath:inst1|ShiftLeft:inst5|8mux41:inst3|inst[1]                                     ; |Mulw4ln|Datapath:inst1|ShiftLeft:inst5|8mux41:inst3|inst[1]                                     ; out0             ;
; |Mulw4ln|Datapath:inst1|ShiftLeft:inst5|8mux41:inst3|inst[0]                                     ; |Mulw4ln|Datapath:inst1|ShiftLeft:inst5|8mux41:inst3|inst[0]                                     ; out0             ;
; |Mulw4ln|Datapath:inst1|ShiftLeft:inst5|8mux41:inst3|inst2[5]                                    ; |Mulw4ln|Datapath:inst1|ShiftLeft:inst5|8mux41:inst3|inst2[5]                                    ; out0             ;
; |Mulw4ln|Datapath:inst1|ShiftLeft:inst5|8mux41:inst3|inst2[4]                                    ; |Mulw4ln|Datapath:inst1|ShiftLeft:inst5|8mux41:inst3|inst2[4]                                    ; out0             ;
; |Mulw4ln|Datapath:inst1|ShiftLeft:inst5|8mux41:inst3|inst2[3]                                    ; |Mulw4ln|Datapath:inst1|ShiftLeft:inst5|8mux41:inst3|inst2[3]                                    ; out0             ;
; |Mulw4ln|Datapath:inst1|ShiftLeft:inst5|8mux41:inst3|inst2[2]                                    ; |Mulw4ln|Datapath:inst1|ShiftLeft:inst5|8mux41:inst3|inst2[2]                                    ; out0             ;
; |Mulw4ln|Datapath:inst1|ShiftLeft:inst5|8mux41:inst3|inst3[6]                                    ; |Mulw4ln|Datapath:inst1|ShiftLeft:inst5|8mux41:inst3|inst3[6]                                    ; out0             ;
; |Mulw4ln|Datapath:inst1|ShiftLeft:inst5|8mux41:inst3|inst3[5]                                    ; |Mulw4ln|Datapath:inst1|ShiftLeft:inst5|8mux41:inst3|inst3[5]                                    ; out0             ;
; |Mulw4ln|Datapath:inst1|ShiftLeft:inst5|8mux41:inst3|inst3[4]                                    ; |Mulw4ln|Datapath:inst1|ShiftLeft:inst5|8mux41:inst3|inst3[4]                                    ; out0             ;
; |Mulw4ln|Datapath:inst1|ShiftLeft:inst5|8mux41:inst3|inst3[3]                                    ; |Mulw4ln|Datapath:inst1|ShiftLeft:inst5|8mux41:inst3|inst3[3]                                    ; out0             ;
; |Mulw4ln|Datapath:inst1|ShiftLeft:inst5|8mux41:inst3|inst1[4]                                    ; |Mulw4ln|Datapath:inst1|ShiftLeft:inst5|8mux41:inst3|inst1[4]                                    ; out0             ;
; |Mulw4ln|Datapath:inst1|ShiftLeft:inst5|8mux41:inst3|inst1[3]                                    ; |Mulw4ln|Datapath:inst1|ShiftLeft:inst5|8mux41:inst3|inst1[3]                                    ; out0             ;
; |Mulw4ln|Datapath:inst1|ShiftLeft:inst5|8mux41:inst3|inst1[2]                                    ; |Mulw4ln|Datapath:inst1|ShiftLeft:inst5|8mux41:inst3|inst1[2]                                    ; out0             ;
; |Mulw4ln|Datapath:inst1|ShiftLeft:inst5|8mux41:inst3|inst1[1]                                    ; |Mulw4ln|Datapath:inst1|ShiftLeft:inst5|8mux41:inst3|inst1[1]                                    ; out0             ;
; |Mulw4ln|Datapath:inst1|AU:inst2|Sub8S:inst1|Adder8:inst|Adder4S:inst|FA:inst|inst2              ; |Mulw4ln|Datapath:inst1|AU:inst2|Sub8S:inst1|Adder8:inst|Adder4S:inst|FA:inst|inst2              ; out0             ;
; |Mulw4ln|Datapath:inst1|AU:inst2|Sub8S:inst1|Adder8:inst|Adder4S:inst|FA:inst|HA:inst|inst       ; |Mulw4ln|Datapath:inst1|AU:inst2|Sub8S:inst1|Adder8:inst|Adder4S:inst|FA:inst|HA:inst|inst       ; out0             ;
; |Mulw4ln|Datapath:inst1|AU:inst2|Sub8S:inst1|Adder8:inst|Adder4S:inst|FA:inst|HA:inst|inst1      ; |Mulw4ln|Datapath:inst1|AU:inst2|Sub8S:inst1|Adder8:inst|Adder4S:inst|FA:inst|HA:inst|inst1      ; out0             ;
; |Mulw4ln|Datapath:inst1|AU:inst2|Sub8S:inst1|Adder8:inst|Adder4S:inst|FA:inst17|inst2            ; |Mulw4ln|Datapath:inst1|AU:inst2|Sub8S:inst1|Adder8:inst|Adder4S:inst|FA:inst17|inst2            ; out0             ;
; |Mulw4ln|Datapath:inst1|AU:inst2|Sub8S:inst1|Adder8:inst|Adder4S:inst|FA:inst17|HA:inst|inst     ; |Mulw4ln|Datapath:inst1|AU:inst2|Sub8S:inst1|Adder8:inst|Adder4S:inst|FA:inst17|HA:inst|inst     ; out0             ;
; |Mulw4ln|Datapath:inst1|AU:inst2|Sub8S:inst1|Adder8:inst|Adder4S:inst|FA:inst17|HA:inst|inst1    ; |Mulw4ln|Datapath:inst1|AU:inst2|Sub8S:inst1|Adder8:inst|Adder4S:inst|FA:inst17|HA:inst|inst1    ; out0             ;
; |Mulw4ln|Datapath:inst1|AU:inst2|Sub8S:inst1|Adder8:inst|Adder4S:inst|FA:inst17|HA:inst1|inst    ; |Mulw4ln|Datapath:inst1|AU:inst2|Sub8S:inst1|Adder8:inst|Adder4S:inst|FA:inst17|HA:inst1|inst    ; out0             ;
; |Mulw4ln|Datapath:inst1|AU:inst2|Sub8S:inst1|Adder8:inst|Adder4S:inst|FA:inst17|HA:inst1|inst1   ; |Mulw4ln|Datapath:inst1|AU:inst2|Sub8S:inst1|Adder8:inst|Adder4S:inst|FA:inst17|HA:inst1|inst1   ; out0             ;
; |Mulw4ln|Datapath:inst1|AU:inst2|Sub8S:inst1|Adder8:inst|Adder4S:inst|FA:inst18|inst2            ; |Mulw4ln|Datapath:inst1|AU:inst2|Sub8S:inst1|Adder8:inst|Adder4S:inst|FA:inst18|inst2            ; out0             ;
; |Mulw4ln|Datapath:inst1|AU:inst2|Sub8S:inst1|Adder8:inst|Adder4S:inst|FA:inst18|HA:inst|inst     ; |Mulw4ln|Datapath:inst1|AU:inst2|Sub8S:inst1|Adder8:inst|Adder4S:inst|FA:inst18|HA:inst|inst     ; out0             ;
; |Mulw4ln|Datapath:inst1|AU:inst2|Sub8S:inst1|Adder8:inst|Adder4S:inst|FA:inst18|HA:inst|inst1    ; |Mulw4ln|Datapath:inst1|AU:inst2|Sub8S:inst1|Adder8:inst|Adder4S:inst|FA:inst18|HA:inst|inst1    ; out0             ;
; |Mulw4ln|Datapath:inst1|AU:inst2|Sub8S:inst1|Adder8:inst|Adder4S:inst|FA:inst18|HA:inst1|inst    ; |Mulw4ln|Datapath:inst1|AU:inst2|Sub8S:inst1|Adder8:inst|Adder4S:inst|FA:inst18|HA:inst1|inst    ; out0             ;
; |Mulw4ln|Datapath:inst1|AU:inst2|Sub8S:inst1|Adder8:inst|Adder4S:inst|FA:inst18|HA:inst1|inst1   ; |Mulw4ln|Datapath:inst1|AU:inst2|Sub8S:inst1|Adder8:inst|Adder4S:inst|FA:inst18|HA:inst1|inst1   ; out0             ;
; |Mulw4ln|Datapath:inst1|AU:inst2|Sub8S:inst1|Adder8:inst|Adder4S:inst|FA:inst19|inst2            ; |Mulw4ln|Datapath:inst1|AU:inst2|Sub8S:inst1|Adder8:inst|Adder4S:inst|FA:inst19|inst2            ; out0             ;
; |Mulw4ln|Datapath:inst1|AU:inst2|Sub8S:inst1|Adder8:inst|Adder4S:inst|FA:inst19|HA:inst|inst     ; |Mulw4ln|Datapath:inst1|AU:inst2|Sub8S:inst1|Adder8:inst|Adder4S:inst|FA:inst19|HA:inst|inst     ; out0             ;
; |Mulw4ln|Datapath:inst1|AU:inst2|Sub8S:inst1|Adder8:inst|Adder4S:inst|FA:inst19|HA:inst|inst1    ; |Mulw4ln|Datapath:inst1|AU:inst2|Sub8S:inst1|Adder8:inst|Adder4S:inst|FA:inst19|HA:inst|inst1    ; out0             ;
; |Mulw4ln|Datapath:inst1|AU:inst2|Sub8S:inst1|Adder8:inst|Adder4S:inst|FA:inst19|HA:inst1|inst    ; |Mulw4ln|Datapath:inst1|AU:inst2|Sub8S:inst1|Adder8:inst|Adder4S:inst|FA:inst19|HA:inst1|inst    ; out0             ;
; |Mulw4ln|Datapath:inst1|AU:inst2|Sub8S:inst1|Adder8:inst|Adder4S:inst|FA:inst19|HA:inst1|inst1   ; |Mulw4ln|Datapath:inst1|AU:inst2|Sub8S:inst1|Adder8:inst|Adder4S:inst|FA:inst19|HA:inst1|inst1   ; out0             ;
; |Mulw4ln|Datapath:inst1|AU:inst2|Sub8S:inst1|Adder8:inst|Adder4S:inst3|FA:inst|inst2             ; |Mulw4ln|Datapath:inst1|AU:inst2|Sub8S:inst1|Adder8:inst|Adder4S:inst3|FA:inst|inst2             ; out0             ;
; |Mulw4ln|Datapath:inst1|AU:inst2|Sub8S:inst1|Adder8:inst|Adder4S:inst3|FA:inst|HA:inst|inst      ; |Mulw4ln|Datapath:inst1|AU:inst2|Sub8S:inst1|Adder8:inst|Adder4S:inst3|FA:inst|HA:inst|inst      ; out0             ;
; |Mulw4ln|Datapath:inst1|AU:inst2|Sub8S:inst1|Adder8:inst|Adder4S:inst3|FA:inst|HA:inst|inst1     ; |Mulw4ln|Datapath:inst1|AU:inst2|Sub8S:inst1|Adder8:inst|Adder4S:inst3|FA:inst|HA:inst|inst1     ; out0             ;
; |Mulw4ln|Datapath:inst1|AU:inst2|Sub8S:inst1|Adder8:inst|Adder4S:inst3|FA:inst|HA:inst1|inst     ; |Mulw4ln|Datapath:inst1|AU:inst2|Sub8S:inst1|Adder8:inst|Adder4S:inst3|FA:inst|HA:inst1|inst     ; out0             ;
; |Mulw4ln|Datapath:inst1|AU:inst2|Sub8S:inst1|Adder8:inst|Adder4S:inst3|FA:inst|HA:inst1|inst1    ; |Mulw4ln|Datapath:inst1|AU:inst2|Sub8S:inst1|Adder8:inst|Adder4S:inst3|FA:inst|HA:inst1|inst1    ; out0             ;
; |Mulw4ln|Datapath:inst1|AU:inst2|Sub8S:inst1|Adder8:inst|Adder4S:inst3|FA:inst17|inst2           ; |Mulw4ln|Datapath:inst1|AU:inst2|Sub8S:inst1|Adder8:inst|Adder4S:inst3|FA:inst17|inst2           ; out0             ;
; |Mulw4ln|Datapath:inst1|AU:inst2|Sub8S:inst1|Adder8:inst|Adder4S:inst3|FA:inst17|HA:inst|inst    ; |Mulw4ln|Datapath:inst1|AU:inst2|Sub8S:inst1|Adder8:inst|Adder4S:inst3|FA:inst17|HA:inst|inst    ; out0             ;
; |Mulw4ln|Datapath:inst1|AU:inst2|Sub8S:inst1|Adder8:inst|Adder4S:inst3|FA:inst17|HA:inst|inst1   ; |Mulw4ln|Datapath:inst1|AU:inst2|Sub8S:inst1|Adder8:inst|Adder4S:inst3|FA:inst17|HA:inst|inst1   ; out0             ;
; |Mulw4ln|Datapath:inst1|AU:inst2|Sub8S:inst1|Adder8:inst|Adder4S:inst3|FA:inst17|HA:inst1|inst   ; |Mulw4ln|Datapath:inst1|AU:inst2|Sub8S:inst1|Adder8:inst|Adder4S:inst3|FA:inst17|HA:inst1|inst   ; out0             ;
; |Mulw4ln|Datapath:inst1|AU:inst2|Sub8S:inst1|Adder8:inst|Adder4S:inst3|FA:inst17|HA:inst1|inst1  ; |Mulw4ln|Datapath:inst1|AU:inst2|Sub8S:inst1|Adder8:inst|Adder4S:inst3|FA:inst17|HA:inst1|inst1  ; out0             ;
; |Mulw4ln|Datapath:inst1|AU:inst2|Sub8S:inst1|Adder8:inst|Adder4S:inst3|FA:inst18|inst2           ; |Mulw4ln|Datapath:inst1|AU:inst2|Sub8S:inst1|Adder8:inst|Adder4S:inst3|FA:inst18|inst2           ; out0             ;
; |Mulw4ln|Datapath:inst1|AU:inst2|Sub8S:inst1|Adder8:inst|Adder4S:inst3|FA:inst18|HA:inst|inst    ; |Mulw4ln|Datapath:inst1|AU:inst2|Sub8S:inst1|Adder8:inst|Adder4S:inst3|FA:inst18|HA:inst|inst    ; out0             ;
; |Mulw4ln|Datapath:inst1|AU:inst2|Sub8S:inst1|Adder8:inst|Adder4S:inst3|FA:inst18|HA:inst|inst1   ; |Mulw4ln|Datapath:inst1|AU:inst2|Sub8S:inst1|Adder8:inst|Adder4S:inst3|FA:inst18|HA:inst|inst1   ; out0             ;
; |Mulw4ln|Datapath:inst1|AU:inst2|Sub8S:inst1|Adder8:inst|Adder4S:inst3|FA:inst18|HA:inst1|inst   ; |Mulw4ln|Datapath:inst1|AU:inst2|Sub8S:inst1|Adder8:inst|Adder4S:inst3|FA:inst18|HA:inst1|inst   ; out0             ;
; |Mulw4ln|Datapath:inst1|AU:inst2|Sub8S:inst1|Adder8:inst|Adder4S:inst3|FA:inst18|HA:inst1|inst1  ; |Mulw4ln|Datapath:inst1|AU:inst2|Sub8S:inst1|Adder8:inst|Adder4S:inst3|FA:inst18|HA:inst1|inst1  ; out0             ;
; |Mulw4ln|Datapath:inst1|AU:inst2|Sub8S:inst1|Adder8:inst|Adder4S:inst3|FA:inst19|HA:inst|inst    ; |Mulw4ln|Datapath:inst1|AU:inst2|Sub8S:inst1|Adder8:inst|Adder4S:inst3|FA:inst19|HA:inst|inst    ; out0             ;
; |Mulw4ln|Datapath:inst1|AU:inst2|Sub8S:inst1|Adder8:inst|Adder4S:inst3|FA:inst19|HA:inst1|inst   ; |Mulw4ln|Datapath:inst1|AU:inst2|Sub8S:inst1|Adder8:inst|Adder4S:inst3|FA:inst19|HA:inst1|inst   ; out0             ;
; |Mulw4ln|Datapath:inst1|AU:inst2|Adder8S:inst|Adder8:inst|Adder4S:inst|FA:inst|HA:inst|inst      ; |Mulw4ln|Datapath:inst1|AU:inst2|Adder8S:inst|Adder8:inst|Adder4S:inst|FA:inst|HA:inst|inst      ; out0             ;
; |Mulw4ln|Datapath:inst1|AU:inst2|Adder8S:inst|Adder8:inst|Adder4S:inst|FA:inst|HA:inst|inst1     ; |Mulw4ln|Datapath:inst1|AU:inst2|Adder8S:inst|Adder8:inst|Adder4S:inst|FA:inst|HA:inst|inst1     ; out0             ;
; |Mulw4ln|Datapath:inst1|AU:inst2|Adder8S:inst|Adder8:inst|Adder4S:inst|FA:inst17|inst2           ; |Mulw4ln|Datapath:inst1|AU:inst2|Adder8S:inst|Adder8:inst|Adder4S:inst|FA:inst17|inst2           ; out0             ;
; |Mulw4ln|Datapath:inst1|AU:inst2|Adder8S:inst|Adder8:inst|Adder4S:inst|FA:inst17|HA:inst|inst    ; |Mulw4ln|Datapath:inst1|AU:inst2|Adder8S:inst|Adder8:inst|Adder4S:inst|FA:inst17|HA:inst|inst    ; out0             ;
; |Mulw4ln|Datapath:inst1|AU:inst2|Adder8S:inst|Adder8:inst|Adder4S:inst|FA:inst17|HA:inst|inst1   ; |Mulw4ln|Datapath:inst1|AU:inst2|Adder8S:inst|Adder8:inst|Adder4S:inst|FA:inst17|HA:inst|inst1   ; out0             ;
; |Mulw4ln|Datapath:inst1|AU:inst2|Adder8S:inst|Adder8:inst|Adder4S:inst|FA:inst17|HA:inst1|inst   ; |Mulw4ln|Datapath:inst1|AU:inst2|Adder8S:inst|Adder8:inst|Adder4S:inst|FA:inst17|HA:inst1|inst   ; out0             ;
; |Mulw4ln|Datapath:inst1|AU:inst2|Adder8S:inst|Adder8:inst|Adder4S:inst|FA:inst17|HA:inst1|inst1  ; |Mulw4ln|Datapath:inst1|AU:inst2|Adder8S:inst|Adder8:inst|Adder4S:inst|FA:inst17|HA:inst1|inst1  ; out0             ;
; |Mulw4ln|Datapath:inst1|AU:inst2|Adder8S:inst|Adder8:inst|Adder4S:inst|FA:inst18|inst2           ; |Mulw4ln|Datapath:inst1|AU:inst2|Adder8S:inst|Adder8:inst|Adder4S:inst|FA:inst18|inst2           ; out0             ;
; |Mulw4ln|Datapath:inst1|AU:inst2|Adder8S:inst|Adder8:inst|Adder4S:inst|FA:inst18|HA:inst|inst    ; |Mulw4ln|Datapath:inst1|AU:inst2|Adder8S:inst|Adder8:inst|Adder4S:inst|FA:inst18|HA:inst|inst    ; out0             ;
; |Mulw4ln|Datapath:inst1|AU:inst2|Adder8S:inst|Adder8:inst|Adder4S:inst|FA:inst18|HA:inst|inst1   ; |Mulw4ln|Datapath:inst1|AU:inst2|Adder8S:inst|Adder8:inst|Adder4S:inst|FA:inst18|HA:inst|inst1   ; out0             ;
; |Mulw4ln|Datapath:inst1|AU:inst2|Adder8S:inst|Adder8:inst|Adder4S:inst|FA:inst18|HA:inst1|inst   ; |Mulw4ln|Datapath:inst1|AU:inst2|Adder8S:inst|Adder8:inst|Adder4S:inst|FA:inst18|HA:inst1|inst   ; out0             ;
; |Mulw4ln|Datapath:inst1|AU:inst2|Adder8S:inst|Adder8:inst|Adder4S:inst|FA:inst18|HA:inst1|inst1  ; |Mulw4ln|Datapath:inst1|AU:inst2|Adder8S:inst|Adder8:inst|Adder4S:inst|FA:inst18|HA:inst1|inst1  ; out0             ;
; |Mulw4ln|Datapath:inst1|AU:inst2|Adder8S:inst|Adder8:inst|Adder4S:inst|FA:inst19|inst2           ; |Mulw4ln|Datapath:inst1|AU:inst2|Adder8S:inst|Adder8:inst|Adder4S:inst|FA:inst19|inst2           ; out0             ;
; |Mulw4ln|Datapath:inst1|AU:inst2|Adder8S:inst|Adder8:inst|Adder4S:inst|FA:inst19|HA:inst|inst    ; |Mulw4ln|Datapath:inst1|AU:inst2|Adder8S:inst|Adder8:inst|Adder4S:inst|FA:inst19|HA:inst|inst    ; out0             ;
; |Mulw4ln|Datapath:inst1|AU:inst2|Adder8S:inst|Adder8:inst|Adder4S:inst|FA:inst19|HA:inst|inst1   ; |Mulw4ln|Datapath:inst1|AU:inst2|Adder8S:inst|Adder8:inst|Adder4S:inst|FA:inst19|HA:inst|inst1   ; out0             ;
; |Mulw4ln|Datapath:inst1|AU:inst2|Adder8S:inst|Adder8:inst|Adder4S:inst|FA:inst19|HA:inst1|inst   ; |Mulw4ln|Datapath:inst1|AU:inst2|Adder8S:inst|Adder8:inst|Adder4S:inst|FA:inst19|HA:inst1|inst   ; out0             ;
; |Mulw4ln|Datapath:inst1|AU:inst2|Adder8S:inst|Adder8:inst|Adder4S:inst|FA:inst19|HA:inst1|inst1  ; |Mulw4ln|Datapath:inst1|AU:inst2|Adder8S:inst|Adder8:inst|Adder4S:inst|FA:inst19|HA:inst1|inst1  ; out0             ;
; |Mulw4ln|Datapath:inst1|AU:inst2|Adder8S:inst|Adder8:inst|Adder4S:inst3|FA:inst|inst2            ; |Mulw4ln|Datapath:inst1|AU:inst2|Adder8S:inst|Adder8:inst|Adder4S:inst3|FA:inst|inst2            ; out0             ;
; |Mulw4ln|Datapath:inst1|AU:inst2|Adder8S:inst|Adder8:inst|Adder4S:inst3|FA:inst|HA:inst|inst     ; |Mulw4ln|Datapath:inst1|AU:inst2|Adder8S:inst|Adder8:inst|Adder4S:inst3|FA:inst|HA:inst|inst     ; out0             ;
; |Mulw4ln|Datapath:inst1|AU:inst2|Adder8S:inst|Adder8:inst|Adder4S:inst3|FA:inst|HA:inst1|inst    ; |Mulw4ln|Datapath:inst1|AU:inst2|Adder8S:inst|Adder8:inst|Adder4S:inst3|FA:inst|HA:inst1|inst    ; out0             ;
; |Mulw4ln|Datapath:inst1|AU:inst2|Adder8S:inst|Adder8:inst|Adder4S:inst3|FA:inst|HA:inst1|inst1   ; |Mulw4ln|Datapath:inst1|AU:inst2|Adder8S:inst|Adder8:inst|Adder4S:inst3|FA:inst|HA:inst1|inst1   ; out0             ;
; |Mulw4ln|Datapath:inst1|AU:inst2|Adder8S:inst|Adder8:inst|Adder4S:inst3|FA:inst17|inst2          ; |Mulw4ln|Datapath:inst1|AU:inst2|Adder8S:inst|Adder8:inst|Adder4S:inst3|FA:inst17|inst2          ; out0             ;
; |Mulw4ln|Datapath:inst1|AU:inst2|Adder8S:inst|Adder8:inst|Adder4S:inst3|FA:inst17|HA:inst|inst   ; |Mulw4ln|Datapath:inst1|AU:inst2|Adder8S:inst|Adder8:inst|Adder4S:inst3|FA:inst17|HA:inst|inst   ; out0             ;
; |Mulw4ln|Datapath:inst1|AU:inst2|Adder8S:inst|Adder8:inst|Adder4S:inst3|FA:inst17|HA:inst1|inst  ; |Mulw4ln|Datapath:inst1|AU:inst2|Adder8S:inst|Adder8:inst|Adder4S:inst3|FA:inst17|HA:inst1|inst  ; out0             ;
; |Mulw4ln|Datapath:inst1|AU:inst2|Adder8S:inst|Adder8:inst|Adder4S:inst3|FA:inst17|HA:inst1|inst1 ; |Mulw4ln|Datapath:inst1|AU:inst2|Adder8S:inst|Adder8:inst|Adder4S:inst3|FA:inst17|HA:inst1|inst1 ; out0             ;
; |Mulw4ln|Datapath:inst1|AU:inst2|Adder8S:inst|Adder8:inst|Adder4S:inst3|FA:inst18|inst2          ; |Mulw4ln|Datapath:inst1|AU:inst2|Adder8S:inst|Adder8:inst|Adder4S:inst3|FA:inst18|inst2          ; out0             ;
; |Mulw4ln|Datapath:inst1|AU:inst2|Adder8S:inst|Adder8:inst|Adder4S:inst3|FA:inst18|HA:inst|inst   ; |Mulw4ln|Datapath:inst1|AU:inst2|Adder8S:inst|Adder8:inst|Adder4S:inst3|FA:inst18|HA:inst|inst   ; out0             ;
; |Mulw4ln|Datapath:inst1|AU:inst2|Adder8S:inst|Adder8:inst|Adder4S:inst3|FA:inst18|HA:inst1|inst  ; |Mulw4ln|Datapath:inst1|AU:inst2|Adder8S:inst|Adder8:inst|Adder4S:inst3|FA:inst18|HA:inst1|inst  ; out0             ;
; |Mulw4ln|Datapath:inst1|AU:inst2|Adder8S:inst|Adder8:inst|Adder4S:inst3|FA:inst18|HA:inst1|inst1 ; |Mulw4ln|Datapath:inst1|AU:inst2|Adder8S:inst|Adder8:inst|Adder4S:inst3|FA:inst18|HA:inst1|inst1 ; out0             ;
; |Mulw4ln|Datapath:inst1|AU:inst2|Adder8S:inst|Adder8:inst|Adder4S:inst3|FA:inst19|HA:inst|inst   ; |Mulw4ln|Datapath:inst1|AU:inst2|Adder8S:inst|Adder8:inst|Adder4S:inst3|FA:inst19|HA:inst|inst   ; out0             ;
; |Mulw4ln|Datapath:inst1|AU:inst2|Adder8S:inst|Adder8:inst|Adder4S:inst3|FA:inst19|HA:inst1|inst  ; |Mulw4ln|Datapath:inst1|AU:inst2|Adder8S:inst|Adder8:inst|Adder4S:inst3|FA:inst19|HA:inst1|inst  ; out0             ;
; |Mulw4ln|Datapath:inst1|AU:inst2|8mux21:inst2|inst3[7]                                           ; |Mulw4ln|Datapath:inst1|AU:inst2|8mux21:inst2|inst3[7]                                           ; out0             ;
; |Mulw4ln|Datapath:inst1|AU:inst2|8mux21:inst2|inst3[6]                                           ; |Mulw4ln|Datapath:inst1|AU:inst2|8mux21:inst2|inst3[6]                                           ; out0             ;
; |Mulw4ln|Datapath:inst1|AU:inst2|8mux21:inst2|inst3[5]                                           ; |Mulw4ln|Datapath:inst1|AU:inst2|8mux21:inst2|inst3[5]                                           ; out0             ;
; |Mulw4ln|Datapath:inst1|AU:inst2|8mux21:inst2|inst3[4]                                           ; |Mulw4ln|Datapath:inst1|AU:inst2|8mux21:inst2|inst3[4]                                           ; out0             ;
; |Mulw4ln|Datapath:inst1|AU:inst2|8mux21:inst2|inst3[3]                                           ; |Mulw4ln|Datapath:inst1|AU:inst2|8mux21:inst2|inst3[3]                                           ; out0             ;
; |Mulw4ln|Datapath:inst1|AU:inst2|8mux21:inst2|inst3[2]                                           ; |Mulw4ln|Datapath:inst1|AU:inst2|8mux21:inst2|inst3[2]                                           ; out0             ;
; |Mulw4ln|Datapath:inst1|AU:inst2|8mux21:inst2|inst3[1]                                           ; |Mulw4ln|Datapath:inst1|AU:inst2|8mux21:inst2|inst3[1]                                           ; out0             ;
; |Mulw4ln|Datapath:inst1|AU:inst2|8mux21:inst2|inst3[0]                                           ; |Mulw4ln|Datapath:inst1|AU:inst2|8mux21:inst2|inst3[0]                                           ; out0             ;
; |Mulw4ln|Datapath:inst1|AU:inst2|8mux21:inst2|inst1[7]                                           ; |Mulw4ln|Datapath:inst1|AU:inst2|8mux21:inst2|inst1[7]                                           ; out0             ;
; |Mulw4ln|Datapath:inst1|AU:inst2|8mux21:inst2|inst1[6]                                           ; |Mulw4ln|Datapath:inst1|AU:inst2|8mux21:inst2|inst1[6]                                           ; out0             ;
; |Mulw4ln|Datapath:inst1|AU:inst2|8mux21:inst2|inst1[5]                                           ; |Mulw4ln|Datapath:inst1|AU:inst2|8mux21:inst2|inst1[5]                                           ; out0             ;
; |Mulw4ln|Datapath:inst1|AU:inst2|8mux21:inst2|inst1[4]                                           ; |Mulw4ln|Datapath:inst1|AU:inst2|8mux21:inst2|inst1[4]                                           ; out0             ;
; |Mulw4ln|Datapath:inst1|AU:inst2|8mux21:inst2|inst1[3]                                           ; |Mulw4ln|Datapath:inst1|AU:inst2|8mux21:inst2|inst1[3]                                           ; out0             ;
; |Mulw4ln|Datapath:inst1|AU:inst2|8mux21:inst2|inst1[2]                                           ; |Mulw4ln|Datapath:inst1|AU:inst2|8mux21:inst2|inst1[2]                                           ; out0             ;
; |Mulw4ln|Datapath:inst1|AU:inst2|8mux21:inst2|inst1[1]                                           ; |Mulw4ln|Datapath:inst1|AU:inst2|8mux21:inst2|inst1[1]                                           ; out0             ;
; |Mulw4ln|Datapath:inst1|AU:inst2|8mux21:inst2|inst1[0]                                           ; |Mulw4ln|Datapath:inst1|AU:inst2|8mux21:inst2|inst1[0]                                           ; out0             ;
; |Mulw4ln|Datapath:inst1|AU:inst2|8mux21:inst2|inst[7]                                            ; |Mulw4ln|Datapath:inst1|AU:inst2|8mux21:inst2|inst[7]                                            ; out0             ;
; |Mulw4ln|Datapath:inst1|AU:inst2|8mux21:inst2|inst[6]                                            ; |Mulw4ln|Datapath:inst1|AU:inst2|8mux21:inst2|inst[6]                                            ; out0             ;
; |Mulw4ln|Datapath:inst1|AU:inst2|8mux21:inst2|inst[5]                                            ; |Mulw4ln|Datapath:inst1|AU:inst2|8mux21:inst2|inst[5]                                            ; out0             ;
; |Mulw4ln|Datapath:inst1|AU:inst2|8mux21:inst2|inst[4]                                            ; |Mulw4ln|Datapath:inst1|AU:inst2|8mux21:inst2|inst[4]                                            ; out0             ;
; |Mulw4ln|Datapath:inst1|AU:inst2|8mux21:inst2|inst[3]                                            ; |Mulw4ln|Datapath:inst1|AU:inst2|8mux21:inst2|inst[3]                                            ; out0             ;
; |Mulw4ln|Datapath:inst1|AU:inst2|8mux21:inst2|inst[2]                                            ; |Mulw4ln|Datapath:inst1|AU:inst2|8mux21:inst2|inst[2]                                            ; out0             ;
; |Mulw4ln|Datapath:inst1|AU:inst2|8mux21:inst2|inst[1]                                            ; |Mulw4ln|Datapath:inst1|AU:inst2|8mux21:inst2|inst[1]                                            ; out0             ;
; |Mulw4ln|Datapath:inst1|AU:inst2|8mux21:inst2|inst[0]                                            ; |Mulw4ln|Datapath:inst1|AU:inst2|8mux21:inst2|inst[0]                                            ; out0             ;
; |Mulw4ln|Datapath:inst1|8mux21:inst1|inst3[3]                                                    ; |Mulw4ln|Datapath:inst1|8mux21:inst1|inst3[3]                                                    ; out0             ;
; |Mulw4ln|Datapath:inst1|8mux21:inst1|inst3[2]                                                    ; |Mulw4ln|Datapath:inst1|8mux21:inst1|inst3[2]                                                    ; out0             ;
; |Mulw4ln|Datapath:inst1|8mux21:inst1|inst3[1]                                                    ; |Mulw4ln|Datapath:inst1|8mux21:inst1|inst3[1]                                                    ; out0             ;
; |Mulw4ln|Datapath:inst1|8mux21:inst1|inst3[0]                                                    ; |Mulw4ln|Datapath:inst1|8mux21:inst1|inst3[0]                                                    ; out0             ;
; |Mulw4ln|Datapath:inst1|8mux21:inst1|inst1[3]                                                    ; |Mulw4ln|Datapath:inst1|8mux21:inst1|inst1[3]                                                    ; out0             ;
; |Mulw4ln|Datapath:inst1|8mux21:inst1|inst1[2]                                                    ; |Mulw4ln|Datapath:inst1|8mux21:inst1|inst1[2]                                                    ; out0             ;
; |Mulw4ln|Datapath:inst1|8mux21:inst1|inst1[1]                                                    ; |Mulw4ln|Datapath:inst1|8mux21:inst1|inst1[1]                                                    ; out0             ;
; |Mulw4ln|Datapath:inst1|8mux21:inst1|inst1[0]                                                    ; |Mulw4ln|Datapath:inst1|8mux21:inst1|inst1[0]                                                    ; out0             ;
; |Mulw4ln|Datapath:inst1|8mux21:inst1|inst[7]                                                     ; |Mulw4ln|Datapath:inst1|8mux21:inst1|inst[7]                                                     ; out0             ;
; |Mulw4ln|Datapath:inst1|8mux21:inst1|inst[6]                                                     ; |Mulw4ln|Datapath:inst1|8mux21:inst1|inst[6]                                                     ; out0             ;
; |Mulw4ln|Datapath:inst1|8mux21:inst1|inst[5]                                                     ; |Mulw4ln|Datapath:inst1|8mux21:inst1|inst[5]                                                     ; out0             ;
; |Mulw4ln|Datapath:inst1|8mux21:inst1|inst[4]                                                     ; |Mulw4ln|Datapath:inst1|8mux21:inst1|inst[4]                                                     ; out0             ;
; |Mulw4ln|Datapath:inst1|8mux21:inst1|inst[3]                                                     ; |Mulw4ln|Datapath:inst1|8mux21:inst1|inst[3]                                                     ; out0             ;
; |Mulw4ln|Datapath:inst1|8mux21:inst1|inst[2]                                                     ; |Mulw4ln|Datapath:inst1|8mux21:inst1|inst[2]                                                     ; out0             ;
; |Mulw4ln|Datapath:inst1|8mux21:inst1|inst[1]                                                     ; |Mulw4ln|Datapath:inst1|8mux21:inst1|inst[1]                                                     ; out0             ;
; |Mulw4ln|Datapath:inst1|8mux21:inst1|inst[0]                                                     ; |Mulw4ln|Datapath:inst1|8mux21:inst1|inst[0]                                                     ; out0             ;
; |Mulw4ln|Datapath:inst1|RegisterFile:inst|Decoder2to4:inst1|Y[3]                                 ; |Mulw4ln|Datapath:inst1|RegisterFile:inst|Decoder2to4:inst1|Y[3]                                 ; out              ;
; |Mulw4ln|Datapath:inst1|RegisterFile:inst|Decoder2to4:inst1|Y[2]                                 ; |Mulw4ln|Datapath:inst1|RegisterFile:inst|Decoder2to4:inst1|Y[2]                                 ; out              ;
; |Mulw4ln|Datapath:inst1|RegisterFile:inst|Decoder2to4:inst1|Y[1]                                 ; |Mulw4ln|Datapath:inst1|RegisterFile:inst|Decoder2to4:inst1|Y[1]                                 ; out              ;
; |Mulw4ln|Datapath:inst1|RegisterFile:inst|Decoder2to4:inst3|Y[3]                                 ; |Mulw4ln|Datapath:inst1|RegisterFile:inst|Decoder2to4:inst3|Y[3]                                 ; out              ;
; |Mulw4ln|Datapath:inst1|RegisterFile:inst|Decoder2to4:inst3|Y[2]                                 ; |Mulw4ln|Datapath:inst1|RegisterFile:inst|Decoder2to4:inst3|Y[2]                                 ; out              ;
; |Mulw4ln|Datapath:inst1|RegisterFile:inst|Decoder2to4:inst3|Y[1]                                 ; |Mulw4ln|Datapath:inst1|RegisterFile:inst|Decoder2to4:inst3|Y[1]                                 ; out              ;
; |Mulw4ln|Datapath:inst1|RegisterFile:inst|Decoder2to4:inst2|Y[3]                                 ; |Mulw4ln|Datapath:inst1|RegisterFile:inst|Decoder2to4:inst2|Y[3]                                 ; out              ;
; |Mulw4ln|Datapath:inst1|RegisterFile:inst|Decoder2to4:inst2|Y[2]                                 ; |Mulw4ln|Datapath:inst1|RegisterFile:inst|Decoder2to4:inst2|Y[2]                                 ; out              ;
; |Mulw4ln|Datapath:inst1|RegisterFile:inst|Decoder2to4:inst2|Y[1]                                 ; |Mulw4ln|Datapath:inst1|RegisterFile:inst|Decoder2to4:inst2|Y[1]                                 ; out              ;
; |Mulw4ln|Datapath:inst1|RegisterFile:inst|RF:inst|OA[7]                                          ; |Mulw4ln|Datapath:inst1|RegisterFile:inst|RF:inst|OA[7]                                          ; out0             ;
; |Mulw4ln|Datapath:inst1|RegisterFile:inst|RF:inst|OA[5]                                          ; |Mulw4ln|Datapath:inst1|RegisterFile:inst|RF:inst|OA[5]                                          ; out0             ;
; |Mulw4ln|Datapath:inst1|RegisterFile:inst|RF:inst|OA[4]                                          ; |Mulw4ln|Datapath:inst1|RegisterFile:inst|RF:inst|OA[4]                                          ; out0             ;
; |Mulw4ln|Datapath:inst1|RegisterFile:inst|RF:inst|OA[3]                                          ; |Mulw4ln|Datapath:inst1|RegisterFile:inst|RF:inst|OA[3]                                          ; out0             ;
; |Mulw4ln|Datapath:inst1|RegisterFile:inst|RF:inst|OA[2]                                          ; |Mulw4ln|Datapath:inst1|RegisterFile:inst|RF:inst|OA[2]                                          ; out0             ;
; |Mulw4ln|Datapath:inst1|RegisterFile:inst|RF:inst|OA[1]                                          ; |Mulw4ln|Datapath:inst1|RegisterFile:inst|RF:inst|OA[1]                                          ; out0             ;
; |Mulw4ln|Datapath:inst1|RegisterFile:inst|RF:inst|OA[0]                                          ; |Mulw4ln|Datapath:inst1|RegisterFile:inst|RF:inst|OA[0]                                          ; out0             ;
; |Mulw4ln|Datapath:inst1|RegisterFile:inst|RF:inst|OB[7]                                          ; |Mulw4ln|Datapath:inst1|RegisterFile:inst|RF:inst|OB[7]                                          ; out0             ;
; |Mulw4ln|Datapath:inst1|RegisterFile:inst|RF:inst|OB[3]                                          ; |Mulw4ln|Datapath:inst1|RegisterFile:inst|RF:inst|OB[3]                                          ; out0             ;
; |Mulw4ln|Datapath:inst1|RegisterFile:inst|RF:inst|OB[2]                                          ; |Mulw4ln|Datapath:inst1|RegisterFile:inst|RF:inst|OB[2]                                          ; out0             ;
; |Mulw4ln|Datapath:inst1|RegisterFile:inst|RF:inst|OB[1]                                          ; |Mulw4ln|Datapath:inst1|RegisterFile:inst|RF:inst|OB[1]                                          ; out0             ;
; |Mulw4ln|Datapath:inst1|RegisterFile:inst|RF:inst|OB[0]                                          ; |Mulw4ln|Datapath:inst1|RegisterFile:inst|RF:inst|OB[0]                                          ; out0             ;
; |Mulw4ln|Datapath:inst1|RegisterFile:inst|RF:inst|RF8:inst5|RFC1:inst7|inst5                     ; |Mulw4ln|Datapath:inst1|RegisterFile:inst|RF:inst|RF8:inst5|RFC1:inst7|inst5                     ; out              ;
; |Mulw4ln|Datapath:inst1|RegisterFile:inst|RF:inst|RF8:inst5|RFC1:inst7|21mux:inst|5              ; |Mulw4ln|Datapath:inst1|RegisterFile:inst|RF:inst|RF8:inst5|RFC1:inst7|21mux:inst|5              ; out0             ;
; |Mulw4ln|Datapath:inst1|RegisterFile:inst|RF:inst|RF8:inst5|RFC1:inst7|21mux:inst|7              ; |Mulw4ln|Datapath:inst1|RegisterFile:inst|RF:inst|RF8:inst5|RFC1:inst7|21mux:inst|7              ; out0             ;
; |Mulw4ln|Datapath:inst1|RegisterFile:inst|RF:inst|RF8:inst5|RFC1:inst6|21mux:inst|5              ; |Mulw4ln|Datapath:inst1|RegisterFile:inst|RF:inst|RF8:inst5|RFC1:inst6|21mux:inst|5              ; out0             ;
; |Mulw4ln|Datapath:inst1|RegisterFile:inst|RF:inst|RF8:inst5|RFC1:inst6|21mux:inst|7              ; |Mulw4ln|Datapath:inst1|RegisterFile:inst|RF:inst|RF8:inst5|RFC1:inst6|21mux:inst|7              ; out0             ;
; |Mulw4ln|Datapath:inst1|RegisterFile:inst|RF:inst|RF8:inst5|RFC1:inst3|inst5                     ; |Mulw4ln|Datapath:inst1|RegisterFile:inst|RF:inst|RF8:inst5|RFC1:inst3|inst5                     ; out              ;
; |Mulw4ln|Datapath:inst1|RegisterFile:inst|RF:inst|RF8:inst5|RFC1:inst3|inst4                     ; |Mulw4ln|Datapath:inst1|RegisterFile:inst|RF:inst|RF8:inst5|RFC1:inst3|inst4                     ; regout           ;
; |Mulw4ln|Datapath:inst1|RegisterFile:inst|RF:inst|RF8:inst5|RFC1:inst3|21mux:inst|5              ; |Mulw4ln|Datapath:inst1|RegisterFile:inst|RF:inst|RF8:inst5|RFC1:inst3|21mux:inst|5              ; out0             ;
; |Mulw4ln|Datapath:inst1|RegisterFile:inst|RF:inst|RF8:inst5|RFC1:inst3|21mux:inst|6              ; |Mulw4ln|Datapath:inst1|RegisterFile:inst|RF:inst|RF8:inst5|RFC1:inst3|21mux:inst|6              ; out0             ;
; |Mulw4ln|Datapath:inst1|RegisterFile:inst|RF:inst|RF8:inst5|RFC1:inst3|21mux:inst|7              ; |Mulw4ln|Datapath:inst1|RegisterFile:inst|RF:inst|RF8:inst5|RFC1:inst3|21mux:inst|7              ; out0             ;
; |Mulw4ln|Datapath:inst1|RegisterFile:inst|RF:inst|RF8:inst5|RFC1:inst2|inst5                     ; |Mulw4ln|Datapath:inst1|RegisterFile:inst|RF:inst|RF8:inst5|RFC1:inst2|inst5                     ; out              ;
; |Mulw4ln|Datapath:inst1|RegisterFile:inst|RF:inst|RF8:inst5|RFC1:inst2|21mux:inst|5              ; |Mulw4ln|Datapath:inst1|RegisterFile:inst|RF:inst|RF8:inst5|RFC1:inst2|21mux:inst|5              ; out0             ;
; |Mulw4ln|Datapath:inst1|RegisterFile:inst|RF:inst|RF8:inst5|RFC1:inst2|21mux:inst|6              ; |Mulw4ln|Datapath:inst1|RegisterFile:inst|RF:inst|RF8:inst5|RFC1:inst2|21mux:inst|6              ; out0             ;
; |Mulw4ln|Datapath:inst1|RegisterFile:inst|RF:inst|RF8:inst5|RFC1:inst2|21mux:inst|7              ; |Mulw4ln|Datapath:inst1|RegisterFile:inst|RF:inst|RF8:inst5|RFC1:inst2|21mux:inst|7              ; out0             ;
; |Mulw4ln|Datapath:inst1|RegisterFile:inst|RF:inst|RF8:inst5|RFC1:inst1|inst5                     ; |Mulw4ln|Datapath:inst1|RegisterFile:inst|RF:inst|RF8:inst5|RFC1:inst1|inst5                     ; out              ;
; |Mulw4ln|Datapath:inst1|RegisterFile:inst|RF:inst|RF8:inst5|RFC1:inst1|inst4                     ; |Mulw4ln|Datapath:inst1|RegisterFile:inst|RF:inst|RF8:inst5|RFC1:inst1|inst4                     ; regout           ;
; |Mulw4ln|Datapath:inst1|RegisterFile:inst|RF:inst|RF8:inst5|RFC1:inst1|inst6                     ; |Mulw4ln|Datapath:inst1|RegisterFile:inst|RF:inst|RF8:inst5|RFC1:inst1|inst6                     ; out              ;
; |Mulw4ln|Datapath:inst1|RegisterFile:inst|RF:inst|RF8:inst5|RFC1:inst1|21mux:inst|5              ; |Mulw4ln|Datapath:inst1|RegisterFile:inst|RF:inst|RF8:inst5|RFC1:inst1|21mux:inst|5              ; out0             ;
; |Mulw4ln|Datapath:inst1|RegisterFile:inst|RF:inst|RF8:inst5|RFC1:inst1|21mux:inst|6              ; |Mulw4ln|Datapath:inst1|RegisterFile:inst|RF:inst|RF8:inst5|RFC1:inst1|21mux:inst|6              ; out0             ;
; |Mulw4ln|Datapath:inst1|RegisterFile:inst|RF:inst|RF8:inst5|RFC1:inst1|21mux:inst|7              ; |Mulw4ln|Datapath:inst1|RegisterFile:inst|RF:inst|RF8:inst5|RFC1:inst1|21mux:inst|7              ; out0             ;
; |Mulw4ln|Datapath:inst1|RegisterFile:inst|RF:inst|RF8:inst5|RFC1:inst|inst5                      ; |Mulw4ln|Datapath:inst1|RegisterFile:inst|RF:inst|RF8:inst5|RFC1:inst|inst5                      ; out              ;
; |Mulw4ln|Datapath:inst1|RegisterFile:inst|RF:inst|RF8:inst5|RFC1:inst|inst4                      ; |Mulw4ln|Datapath:inst1|RegisterFile:inst|RF:inst|RF8:inst5|RFC1:inst|inst4                      ; regout           ;
; |Mulw4ln|Datapath:inst1|RegisterFile:inst|RF:inst|RF8:inst5|RFC1:inst|21mux:inst|5               ; |Mulw4ln|Datapath:inst1|RegisterFile:inst|RF:inst|RF8:inst5|RFC1:inst|21mux:inst|5               ; out0             ;
; |Mulw4ln|Datapath:inst1|RegisterFile:inst|RF:inst|RF8:inst5|RFC1:inst|21mux:inst|6               ; |Mulw4ln|Datapath:inst1|RegisterFile:inst|RF:inst|RF8:inst5|RFC1:inst|21mux:inst|6               ; out0             ;
; |Mulw4ln|Datapath:inst1|RegisterFile:inst|RF:inst|RF8:inst5|RFC1:inst|21mux:inst|7               ; |Mulw4ln|Datapath:inst1|RegisterFile:inst|RF:inst|RF8:inst5|RFC1:inst|21mux:inst|7               ; out0             ;
; |Mulw4ln|Datapath:inst1|RegisterFile:inst|RF:inst|RF8:inst5|RFC1:inst5|inst5                     ; |Mulw4ln|Datapath:inst1|RegisterFile:inst|RF:inst|RF8:inst5|RFC1:inst5|inst5                     ; out              ;
; |Mulw4ln|Datapath:inst1|RegisterFile:inst|RF:inst|RF8:inst5|RFC1:inst5|inst6                     ; |Mulw4ln|Datapath:inst1|RegisterFile:inst|RF:inst|RF8:inst5|RFC1:inst5|inst6                     ; out              ;
; |Mulw4ln|Datapath:inst1|RegisterFile:inst|RF:inst|RF8:inst5|RFC1:inst5|21mux:inst|5              ; |Mulw4ln|Datapath:inst1|RegisterFile:inst|RF:inst|RF8:inst5|RFC1:inst5|21mux:inst|5              ; out0             ;
; |Mulw4ln|Datapath:inst1|RegisterFile:inst|RF:inst|RF8:inst5|RFC1:inst5|21mux:inst|6              ; |Mulw4ln|Datapath:inst1|RegisterFile:inst|RF:inst|RF8:inst5|RFC1:inst5|21mux:inst|6              ; out0             ;
; |Mulw4ln|Datapath:inst1|RegisterFile:inst|RF:inst|RF8:inst5|RFC1:inst5|21mux:inst|7              ; |Mulw4ln|Datapath:inst1|RegisterFile:inst|RF:inst|RF8:inst5|RFC1:inst5|21mux:inst|7              ; out0             ;
; |Mulw4ln|Datapath:inst1|RegisterFile:inst|RF:inst|RF8:inst5|RFC1:inst4|inst5                     ; |Mulw4ln|Datapath:inst1|RegisterFile:inst|RF:inst|RF8:inst5|RFC1:inst4|inst5                     ; out              ;
; |Mulw4ln|Datapath:inst1|RegisterFile:inst|RF:inst|RF8:inst5|RFC1:inst4|21mux:inst|5              ; |Mulw4ln|Datapath:inst1|RegisterFile:inst|RF:inst|RF8:inst5|RFC1:inst4|21mux:inst|5              ; out0             ;
; |Mulw4ln|Datapath:inst1|RegisterFile:inst|RF:inst|RF8:inst5|RFC1:inst4|21mux:inst|7              ; |Mulw4ln|Datapath:inst1|RegisterFile:inst|RF:inst|RF8:inst5|RFC1:inst4|21mux:inst|7              ; out0             ;
; |Mulw4ln|Datapath:inst1|RegisterFile:inst|RF:inst|RF8:inst6|RFC1:inst6|21mux:inst|5              ; |Mulw4ln|Datapath:inst1|RegisterFile:inst|RF:inst|RF8:inst6|RFC1:inst6|21mux:inst|5              ; out0             ;
; |Mulw4ln|Datapath:inst1|RegisterFile:inst|RF:inst|RF8:inst6|RFC1:inst6|21mux:inst|7              ; |Mulw4ln|Datapath:inst1|RegisterFile:inst|RF:inst|RF8:inst6|RFC1:inst6|21mux:inst|7              ; out0             ;
; |Mulw4ln|Datapath:inst1|RegisterFile:inst|RF:inst|RF8:inst6|RFC1:inst3|21mux:inst|5              ; |Mulw4ln|Datapath:inst1|RegisterFile:inst|RF:inst|RF8:inst6|RFC1:inst3|21mux:inst|5              ; out0             ;
; |Mulw4ln|Datapath:inst1|RegisterFile:inst|RF:inst|RF8:inst6|RFC1:inst3|21mux:inst|7              ; |Mulw4ln|Datapath:inst1|RegisterFile:inst|RF:inst|RF8:inst6|RFC1:inst3|21mux:inst|7              ; out0             ;
; |Mulw4ln|Datapath:inst1|RegisterFile:inst|RF:inst|RF8:inst6|RFC1:inst2|21mux:inst|5              ; |Mulw4ln|Datapath:inst1|RegisterFile:inst|RF:inst|RF8:inst6|RFC1:inst2|21mux:inst|5              ; out0             ;
; |Mulw4ln|Datapath:inst1|RegisterFile:inst|RF:inst|RF8:inst6|RFC1:inst2|21mux:inst|7              ; |Mulw4ln|Datapath:inst1|RegisterFile:inst|RF:inst|RF8:inst6|RFC1:inst2|21mux:inst|7              ; out0             ;
; |Mulw4ln|Datapath:inst1|RegisterFile:inst|RF:inst|RF8:inst6|RFC1:inst1|21mux:inst|5              ; |Mulw4ln|Datapath:inst1|RegisterFile:inst|RF:inst|RF8:inst6|RFC1:inst1|21mux:inst|5              ; out0             ;
; |Mulw4ln|Datapath:inst1|RegisterFile:inst|RF:inst|RF8:inst6|RFC1:inst1|21mux:inst|7              ; |Mulw4ln|Datapath:inst1|RegisterFile:inst|RF:inst|RF8:inst6|RFC1:inst1|21mux:inst|7              ; out0             ;
; |Mulw4ln|Datapath:inst1|RegisterFile:inst|RF:inst|RF8:inst6|RFC1:inst|21mux:inst|5               ; |Mulw4ln|Datapath:inst1|RegisterFile:inst|RF:inst|RF8:inst6|RFC1:inst|21mux:inst|5               ; out0             ;
; |Mulw4ln|Datapath:inst1|RegisterFile:inst|RF:inst|RF8:inst6|RFC1:inst|21mux:inst|7               ; |Mulw4ln|Datapath:inst1|RegisterFile:inst|RF:inst|RF8:inst6|RFC1:inst|21mux:inst|7               ; out0             ;
; |Mulw4ln|Datapath:inst1|RegisterFile:inst|RF:inst|RF8:inst6|RFC1:inst5|21mux:inst|5              ; |Mulw4ln|Datapath:inst1|RegisterFile:inst|RF:inst|RF8:inst6|RFC1:inst5|21mux:inst|5              ; out0             ;
; |Mulw4ln|Datapath:inst1|RegisterFile:inst|RF:inst|RF8:inst6|RFC1:inst5|21mux:inst|7              ; |Mulw4ln|Datapath:inst1|RegisterFile:inst|RF:inst|RF8:inst6|RFC1:inst5|21mux:inst|7              ; out0             ;
; |Mulw4ln|Datapath:inst1|RegisterFile:inst|RF:inst|RF8:inst6|RFC1:inst4|21mux:inst|5              ; |Mulw4ln|Datapath:inst1|RegisterFile:inst|RF:inst|RF8:inst6|RFC1:inst4|21mux:inst|5              ; out0             ;
; |Mulw4ln|Datapath:inst1|RegisterFile:inst|RF:inst|RF8:inst6|RFC1:inst4|21mux:inst|7              ; |Mulw4ln|Datapath:inst1|RegisterFile:inst|RF:inst|RF8:inst6|RFC1:inst4|21mux:inst|7              ; out0             ;
; |Mulw4ln|Datapath:inst1|RegisterFile:inst|RF:inst|RF8:inst7|RFC1:inst7|inst5                     ; |Mulw4ln|Datapath:inst1|RegisterFile:inst|RF:inst|RF8:inst7|RFC1:inst7|inst5                     ; out              ;
; |Mulw4ln|Datapath:inst1|RegisterFile:inst|RF:inst|RF8:inst7|RFC1:inst7|inst6                     ; |Mulw4ln|Datapath:inst1|RegisterFile:inst|RF:inst|RF8:inst7|RFC1:inst7|inst6                     ; out              ;
; |Mulw4ln|Datapath:inst1|RegisterFile:inst|RF:inst|RF8:inst7|RFC1:inst7|21mux:inst|7              ; |Mulw4ln|Datapath:inst1|RegisterFile:inst|RF:inst|RF8:inst7|RFC1:inst7|21mux:inst|7              ; out0             ;
; |Mulw4ln|Datapath:inst1|RegisterFile:inst|RF:inst|RF8:inst7|RFC1:inst6|21mux:inst|5              ; |Mulw4ln|Datapath:inst1|RegisterFile:inst|RF:inst|RF8:inst7|RFC1:inst6|21mux:inst|5              ; out0             ;
; |Mulw4ln|Datapath:inst1|RegisterFile:inst|RF:inst|RF8:inst7|RFC1:inst6|21mux:inst|7              ; |Mulw4ln|Datapath:inst1|RegisterFile:inst|RF:inst|RF8:inst7|RFC1:inst6|21mux:inst|7              ; out0             ;
; |Mulw4ln|Datapath:inst1|RegisterFile:inst|RF:inst|RF8:inst7|RFC1:inst3|inst5                     ; |Mulw4ln|Datapath:inst1|RegisterFile:inst|RF:inst|RF8:inst7|RFC1:inst3|inst5                     ; out              ;
; |Mulw4ln|Datapath:inst1|RegisterFile:inst|RF:inst|RF8:inst7|RFC1:inst3|inst4                     ; |Mulw4ln|Datapath:inst1|RegisterFile:inst|RF:inst|RF8:inst7|RFC1:inst3|inst4                     ; regout           ;
; |Mulw4ln|Datapath:inst1|RegisterFile:inst|RF:inst|RF8:inst7|RFC1:inst3|inst6                     ; |Mulw4ln|Datapath:inst1|RegisterFile:inst|RF:inst|RF8:inst7|RFC1:inst3|inst6                     ; out              ;
; |Mulw4ln|Datapath:inst1|RegisterFile:inst|RF:inst|RF8:inst7|RFC1:inst3|21mux:inst|5              ; |Mulw4ln|Datapath:inst1|RegisterFile:inst|RF:inst|RF8:inst7|RFC1:inst3|21mux:inst|5              ; out0             ;
; |Mulw4ln|Datapath:inst1|RegisterFile:inst|RF:inst|RF8:inst7|RFC1:inst3|21mux:inst|6              ; |Mulw4ln|Datapath:inst1|RegisterFile:inst|RF:inst|RF8:inst7|RFC1:inst3|21mux:inst|6              ; out0             ;
; |Mulw4ln|Datapath:inst1|RegisterFile:inst|RF:inst|RF8:inst7|RFC1:inst3|21mux:inst|7              ; |Mulw4ln|Datapath:inst1|RegisterFile:inst|RF:inst|RF8:inst7|RFC1:inst3|21mux:inst|7              ; out0             ;
; |Mulw4ln|Datapath:inst1|RegisterFile:inst|RF:inst|RF8:inst7|RFC1:inst2|inst5                     ; |Mulw4ln|Datapath:inst1|RegisterFile:inst|RF:inst|RF8:inst7|RFC1:inst2|inst5                     ; out              ;
; |Mulw4ln|Datapath:inst1|RegisterFile:inst|RF:inst|RF8:inst7|RFC1:inst2|inst6                     ; |Mulw4ln|Datapath:inst1|RegisterFile:inst|RF:inst|RF8:inst7|RFC1:inst2|inst6                     ; out              ;
; |Mulw4ln|Datapath:inst1|RegisterFile:inst|RF:inst|RF8:inst7|RFC1:inst2|21mux:inst|5              ; |Mulw4ln|Datapath:inst1|RegisterFile:inst|RF:inst|RF8:inst7|RFC1:inst2|21mux:inst|5              ; out0             ;
; |Mulw4ln|Datapath:inst1|RegisterFile:inst|RF:inst|RF8:inst7|RFC1:inst2|21mux:inst|6              ; |Mulw4ln|Datapath:inst1|RegisterFile:inst|RF:inst|RF8:inst7|RFC1:inst2|21mux:inst|6              ; out0             ;
; |Mulw4ln|Datapath:inst1|RegisterFile:inst|RF:inst|RF8:inst7|RFC1:inst2|21mux:inst|7              ; |Mulw4ln|Datapath:inst1|RegisterFile:inst|RF:inst|RF8:inst7|RFC1:inst2|21mux:inst|7              ; out0             ;
; |Mulw4ln|Datapath:inst1|RegisterFile:inst|RF:inst|RF8:inst7|RFC1:inst1|inst5                     ; |Mulw4ln|Datapath:inst1|RegisterFile:inst|RF:inst|RF8:inst7|RFC1:inst1|inst5                     ; out              ;
; |Mulw4ln|Datapath:inst1|RegisterFile:inst|RF:inst|RF8:inst7|RFC1:inst1|inst6                     ; |Mulw4ln|Datapath:inst1|RegisterFile:inst|RF:inst|RF8:inst7|RFC1:inst1|inst6                     ; out              ;
; |Mulw4ln|Datapath:inst1|RegisterFile:inst|RF:inst|RF8:inst7|RFC1:inst1|21mux:inst|5              ; |Mulw4ln|Datapath:inst1|RegisterFile:inst|RF:inst|RF8:inst7|RFC1:inst1|21mux:inst|5              ; out0             ;
; |Mulw4ln|Datapath:inst1|RegisterFile:inst|RF:inst|RF8:inst7|RFC1:inst1|21mux:inst|6              ; |Mulw4ln|Datapath:inst1|RegisterFile:inst|RF:inst|RF8:inst7|RFC1:inst1|21mux:inst|6              ; out0             ;
; |Mulw4ln|Datapath:inst1|RegisterFile:inst|RF:inst|RF8:inst7|RFC1:inst1|21mux:inst|7              ; |Mulw4ln|Datapath:inst1|RegisterFile:inst|RF:inst|RF8:inst7|RFC1:inst1|21mux:inst|7              ; out0             ;
; |Mulw4ln|Datapath:inst1|RegisterFile:inst|RF:inst|RF8:inst7|RFC1:inst|inst5                      ; |Mulw4ln|Datapath:inst1|RegisterFile:inst|RF:inst|RF8:inst7|RFC1:inst|inst5                      ; out              ;
; |Mulw4ln|Datapath:inst1|RegisterFile:inst|RF:inst|RF8:inst7|RFC1:inst|inst6                      ; |Mulw4ln|Datapath:inst1|RegisterFile:inst|RF:inst|RF8:inst7|RFC1:inst|inst6                      ; out              ;
; |Mulw4ln|Datapath:inst1|RegisterFile:inst|RF:inst|RF8:inst7|RFC1:inst|21mux:inst|5               ; |Mulw4ln|Datapath:inst1|RegisterFile:inst|RF:inst|RF8:inst7|RFC1:inst|21mux:inst|5               ; out0             ;
; |Mulw4ln|Datapath:inst1|RegisterFile:inst|RF:inst|RF8:inst7|RFC1:inst|21mux:inst|6               ; |Mulw4ln|Datapath:inst1|RegisterFile:inst|RF:inst|RF8:inst7|RFC1:inst|21mux:inst|6               ; out0             ;
; |Mulw4ln|Datapath:inst1|RegisterFile:inst|RF:inst|RF8:inst7|RFC1:inst|21mux:inst|7               ; |Mulw4ln|Datapath:inst1|RegisterFile:inst|RF:inst|RF8:inst7|RFC1:inst|21mux:inst|7               ; out0             ;
; |Mulw4ln|Datapath:inst1|RegisterFile:inst|RF:inst|RF8:inst7|RFC1:inst5|21mux:inst|5              ; |Mulw4ln|Datapath:inst1|RegisterFile:inst|RF:inst|RF8:inst7|RFC1:inst5|21mux:inst|5              ; out0             ;
; |Mulw4ln|Datapath:inst1|RegisterFile:inst|RF:inst|RF8:inst7|RFC1:inst5|21mux:inst|7              ; |Mulw4ln|Datapath:inst1|RegisterFile:inst|RF:inst|RF8:inst7|RFC1:inst5|21mux:inst|7              ; out0             ;
; |Mulw4ln|Datapath:inst1|RegisterFile:inst|RF:inst|RF8:inst7|RFC1:inst4|21mux:inst|5              ; |Mulw4ln|Datapath:inst1|RegisterFile:inst|RF:inst|RF8:inst7|RFC1:inst4|21mux:inst|5              ; out0             ;
; |Mulw4ln|Datapath:inst1|RegisterFile:inst|RF:inst|RF8:inst7|RFC1:inst4|21mux:inst|7              ; |Mulw4ln|Datapath:inst1|RegisterFile:inst|RF:inst|RF8:inst7|RFC1:inst4|21mux:inst|7              ; out0             ;
; |Mulw4ln|Datapath:inst1|RegisterFile:inst|Decoder2to4:inst1|Decoder0~1                           ; |Mulw4ln|Datapath:inst1|RegisterFile:inst|Decoder2to4:inst1|Decoder0~1                           ; out0             ;
; |Mulw4ln|Datapath:inst1|RegisterFile:inst|Decoder2to4:inst1|Decoder0~2                           ; |Mulw4ln|Datapath:inst1|RegisterFile:inst|Decoder2to4:inst1|Decoder0~2                           ; out0             ;
; |Mulw4ln|Datapath:inst1|RegisterFile:inst|Decoder2to4:inst1|Decoder0~3                           ; |Mulw4ln|Datapath:inst1|RegisterFile:inst|Decoder2to4:inst1|Decoder0~3                           ; out0             ;
; |Mulw4ln|Datapath:inst1|RegisterFile:inst|Decoder2to4:inst3|Decoder0~1                           ; |Mulw4ln|Datapath:inst1|RegisterFile:inst|Decoder2to4:inst3|Decoder0~1                           ; out0             ;
; |Mulw4ln|Datapath:inst1|RegisterFile:inst|Decoder2to4:inst3|Decoder0~2                           ; |Mulw4ln|Datapath:inst1|RegisterFile:inst|Decoder2to4:inst3|Decoder0~2                           ; out0             ;
; |Mulw4ln|Datapath:inst1|RegisterFile:inst|Decoder2to4:inst3|Decoder0~3                           ; |Mulw4ln|Datapath:inst1|RegisterFile:inst|Decoder2to4:inst3|Decoder0~3                           ; out0             ;
; |Mulw4ln|Datapath:inst1|RegisterFile:inst|Decoder2to4:inst2|Decoder0~1                           ; |Mulw4ln|Datapath:inst1|RegisterFile:inst|Decoder2to4:inst2|Decoder0~1                           ; out0             ;
; |Mulw4ln|Datapath:inst1|RegisterFile:inst|Decoder2to4:inst2|Decoder0~2                           ; |Mulw4ln|Datapath:inst1|RegisterFile:inst|Decoder2to4:inst2|Decoder0~2                           ; out0             ;
; |Mulw4ln|Datapath:inst1|RegisterFile:inst|Decoder2to4:inst2|Decoder0~3                           ; |Mulw4ln|Datapath:inst1|RegisterFile:inst|Decoder2to4:inst2|Decoder0~3                           ; out0             ;
+--------------------------------------------------------------------------------------------------+--------------------------------------------------------------------------------------------------+------------------+


The following table displays output ports that do not toggle to 1 during simulation.
+----------------------------------------------------------------------------------------------------------------------------------------------------------------------------------------------------------------------+
; Missing 1-Value Coverage                                                                                                                                                                                             ;
+-------------------------------------------------------------------------------------------------+-------------------------------------------------------------------------------------------------+------------------+
; Node Name                                                                                       ; Output Port Name                                                                                ; Output Port Type ;
+-------------------------------------------------------------------------------------------------+-------------------------------------------------------------------------------------------------+------------------+
; |Mulw4ln|F0                                                                                     ; |Mulw4ln|F0                                                                                     ; pin_out          ;
; |Mulw4ln|B2                                                                                     ; |Mulw4ln|B2                                                                                     ; pin_out          ;
; |Mulw4ln|C2                                                                                     ; |Mulw4ln|C2                                                                                     ; pin_out          ;
; |Mulw4ln|DD8:inst2|7447:inst9|31                                                                ; |Mulw4ln|DD8:inst2|7447:inst9|31                                                                ; out0             ;
; |Mulw4ln|DD8:inst2|7447:inst9|6                                                                 ; |Mulw4ln|DD8:inst2|7447:inst9|6                                                                 ; out0             ;
; |Mulw4ln|DD8:inst2|ComparativeAdder4:inst4|Adder4:inst|inst11                                   ; |Mulw4ln|DD8:inst2|ComparativeAdder4:inst4|Adder4:inst|inst11                                   ; out0             ;
; |Mulw4ln|DD8:inst2|ComparativeAdder4:inst4|Comparator4:inst1|inst2                              ; |Mulw4ln|DD8:inst2|ComparativeAdder4:inst4|Comparator4:inst1|inst2                              ; out0             ;
; |Mulw4ln|DD8:inst2|ComparativeAdder4:inst4|4mux21:inst3|inst2[2]                                ; |Mulw4ln|DD8:inst2|ComparativeAdder4:inst4|4mux21:inst3|inst2[2]                                ; out0             ;
; |Mulw4ln|DD8:inst2|ComparativeAdder4:inst4|4mux21:inst3|inst1[2]                                ; |Mulw4ln|DD8:inst2|ComparativeAdder4:inst4|4mux21:inst3|inst1[2]                                ; out0             ;
; |Mulw4ln|DD8:inst2|ComparativeAdder4:inst4|4mux21:inst3|inst[3]                                 ; |Mulw4ln|DD8:inst2|ComparativeAdder4:inst4|4mux21:inst3|inst[3]                                 ; out0             ;
; |Mulw4ln|DD8:inst2|ComparativeAdder4:inst4|4mux21:inst3|inst[2]                                 ; |Mulw4ln|DD8:inst2|ComparativeAdder4:inst4|4mux21:inst3|inst[2]                                 ; out0             ;
; |Mulw4ln|DD8:inst2|ComparativeAdder4:inst4|4mux21:inst3|inst[1]                                 ; |Mulw4ln|DD8:inst2|ComparativeAdder4:inst4|4mux21:inst3|inst[1]                                 ; out0             ;
; |Mulw4ln|DD8:inst2|ComparativeAdder4:inst4|4mux21:inst3|inst[0]                                 ; |Mulw4ln|DD8:inst2|ComparativeAdder4:inst4|4mux21:inst3|inst[0]                                 ; out0             ;
; |Mulw4ln|DD8:inst2|ComparativeAdder4:inst6|4mux21:inst3|inst1[3]                                ; |Mulw4ln|DD8:inst2|ComparativeAdder4:inst6|4mux21:inst3|inst1[3]                                ; out0             ;
; |Mulw4ln|DD8:inst2|7447:inst8|8                                                                 ; |Mulw4ln|DD8:inst2|7447:inst8|8                                                                 ; out0             ;
; |Mulw4ln|DD8:inst2|ComparativeAdder4:inst|4mux21:inst3|inst1[1]                                 ; |Mulw4ln|DD8:inst2|ComparativeAdder4:inst|4mux21:inst3|inst1[1]                                 ; out0             ;
; |Mulw4ln|DD8:inst2|ComparativeAdder4:inst|4mux21:inst3|inst[3]                                  ; |Mulw4ln|DD8:inst2|ComparativeAdder4:inst|4mux21:inst3|inst[3]                                  ; out0             ;
; |Mulw4ln|DD8:inst2|ComparativeAdder4:inst|4mux21:inst3|inst[2]                                  ; |Mulw4ln|DD8:inst2|ComparativeAdder4:inst|4mux21:inst3|inst[2]                                  ; out0             ;
; |Mulw4ln|DD8:inst2|ComparativeAdder4:inst|4mux21:inst3|inst[0]                                  ; |Mulw4ln|DD8:inst2|ComparativeAdder4:inst|4mux21:inst3|inst[0]                                  ; out0             ;
; |Mulw4ln|DD8:inst2|ComparativeAdder4:inst1|Adder4:inst|inst11                                   ; |Mulw4ln|DD8:inst2|ComparativeAdder4:inst1|Adder4:inst|inst11                                   ; out0             ;
; |Mulw4ln|DD8:inst2|ComparativeAdder4:inst1|Comparator4:inst1|inst2                              ; |Mulw4ln|DD8:inst2|ComparativeAdder4:inst1|Comparator4:inst1|inst2                              ; out0             ;
; |Mulw4ln|DD8:inst2|ComparativeAdder4:inst1|4mux21:inst3|inst1[3]                                ; |Mulw4ln|DD8:inst2|ComparativeAdder4:inst1|4mux21:inst3|inst1[3]                                ; out0             ;
; |Mulw4ln|DD8:inst2|ComparativeAdder4:inst1|4mux21:inst3|inst1[2]                                ; |Mulw4ln|DD8:inst2|ComparativeAdder4:inst1|4mux21:inst3|inst1[2]                                ; out0             ;
; |Mulw4ln|DD8:inst2|ComparativeAdder4:inst2|Comparator4:inst1|inst2                              ; |Mulw4ln|DD8:inst2|ComparativeAdder4:inst2|Comparator4:inst1|inst2                              ; out0             ;
; |Mulw4ln|DD8:inst2|ComparativeAdder4:inst2|4mux21:inst3|inst1[3]                                ; |Mulw4ln|DD8:inst2|ComparativeAdder4:inst2|4mux21:inst3|inst1[3]                                ; out0             ;
; |Mulw4ln|DD8:inst2|ComparativeAdder4:inst2|4mux21:inst3|inst1[1]                                ; |Mulw4ln|DD8:inst2|ComparativeAdder4:inst2|4mux21:inst3|inst1[1]                                ; out0             ;
; |Mulw4ln|DD8:inst2|ComparativeAdder4:inst2|4mux21:inst3|inst1[0]                                ; |Mulw4ln|DD8:inst2|ComparativeAdder4:inst2|4mux21:inst3|inst1[0]                                ; out0             ;
; |Mulw4ln|DD8:inst2|ComparativeAdder4:inst3|4mux21:inst3|inst1[3]                                ; |Mulw4ln|DD8:inst2|ComparativeAdder4:inst3|4mux21:inst3|inst1[3]                                ; out0             ;
; |Mulw4ln|DD8:inst2|ComparativeAdder4:inst3|4mux21:inst3|inst1[2]                                ; |Mulw4ln|DD8:inst2|ComparativeAdder4:inst3|4mux21:inst3|inst1[2]                                ; out0             ;
; |Mulw4ln|DD8:inst2|ComparativeAdder4:inst3|4mux21:inst3|inst1[1]                                ; |Mulw4ln|DD8:inst2|ComparativeAdder4:inst3|4mux21:inst3|inst1[1]                                ; out0             ;
; |Mulw4ln|DD8:inst2|ComparativeAdder4:inst5|Adder4:inst|inst9                                    ; |Mulw4ln|DD8:inst2|ComparativeAdder4:inst5|Adder4:inst|inst9                                    ; out0             ;
; |Mulw4ln|DD8:inst2|ComparativeAdder4:inst5|Adder4:inst|inst11                                   ; |Mulw4ln|DD8:inst2|ComparativeAdder4:inst5|Adder4:inst|inst11                                   ; out0             ;
; |Mulw4ln|DD8:inst2|ComparativeAdder4:inst5|Comparator4:inst1|inst2                              ; |Mulw4ln|DD8:inst2|ComparativeAdder4:inst5|Comparator4:inst1|inst2                              ; out0             ;
; |Mulw4ln|DD8:inst2|ComparativeAdder4:inst5|4mux21:inst3|inst1[3]                                ; |Mulw4ln|DD8:inst2|ComparativeAdder4:inst5|4mux21:inst3|inst1[3]                                ; out0             ;
; |Mulw4ln|DD8:inst2|ComparativeAdder4:inst5|4mux21:inst3|inst1[0]                                ; |Mulw4ln|DD8:inst2|ComparativeAdder4:inst5|4mux21:inst3|inst1[0]                                ; out0             ;
; |Mulw4ln|DD8:inst2|7447:inst7|1                                                                 ; |Mulw4ln|DD8:inst2|7447:inst7|1                                                                 ; out0             ;
; |Mulw4ln|DD8:inst2|7447:inst7|86                                                                ; |Mulw4ln|DD8:inst2|7447:inst7|86                                                                ; out0             ;
; |Mulw4ln|DD8:inst2|7447:inst7|31                                                                ; |Mulw4ln|DD8:inst2|7447:inst7|31                                                                ; out0             ;
; |Mulw4ln|DD8:inst2|7447:inst7|2                                                                 ; |Mulw4ln|DD8:inst2|7447:inst7|2                                                                 ; out0             ;
; |Mulw4ln|DD8:inst2|7447:inst7|30                                                                ; |Mulw4ln|DD8:inst2|7447:inst7|30                                                                ; out0             ;
; |Mulw4ln|DD8:inst2|7447:inst7|5                                                                 ; |Mulw4ln|DD8:inst2|7447:inst7|5                                                                 ; out0             ;
; |Mulw4ln|DD8:inst2|7447:inst7|3                                                                 ; |Mulw4ln|DD8:inst2|7447:inst7|3                                                                 ; out0             ;
; |Mulw4ln|DD8:inst2|7447:inst7|6                                                                 ; |Mulw4ln|DD8:inst2|7447:inst7|6                                                                 ; out0             ;
; |Mulw4ln|DD8:inst2|7447:inst7|8                                                                 ; |Mulw4ln|DD8:inst2|7447:inst7|8                                                                 ; out0             ;
; |Mulw4ln|DD8:inst2|7447:inst7|39                                                                ; |Mulw4ln|DD8:inst2|7447:inst7|39                                                                ; out0             ;
; |Mulw4ln|Controller:inst|NextStateLogic:inst|inst29                                             ; |Mulw4ln|Controller:inst|NextStateLogic:inst|inst29                                             ; out0             ;
; |Mulw4ln|Datapath:inst1|inst6[1]                                                                ; |Mulw4ln|Datapath:inst1|inst6[1]                                                                ; out              ;
; |Mulw4ln|Datapath:inst1|inst6[0]                                                                ; |Mulw4ln|Datapath:inst1|inst6[0]                                                                ; out              ;
; |Mulw4ln|Datapath:inst1|ShiftLeft:inst5|8mux41:inst3|inst[6]                                    ; |Mulw4ln|Datapath:inst1|ShiftLeft:inst5|8mux41:inst3|inst[6]                                    ; out0             ;
; |Mulw4ln|Datapath:inst1|ShiftLeft:inst5|8mux41:inst3|inst2[7]                                   ; |Mulw4ln|Datapath:inst1|ShiftLeft:inst5|8mux41:inst3|inst2[7]                                   ; out0             ;
; |Mulw4ln|Datapath:inst1|ShiftLeft:inst5|8mux41:inst3|inst2[6]                                   ; |Mulw4ln|Datapath:inst1|ShiftLeft:inst5|8mux41:inst3|inst2[6]                                   ; out0             ;
; |Mulw4ln|Datapath:inst1|ShiftLeft:inst5|8mux41:inst3|inst3[7]                                   ; |Mulw4ln|Datapath:inst1|ShiftLeft:inst5|8mux41:inst3|inst3[7]                                   ; out0             ;
; |Mulw4ln|Datapath:inst1|ShiftLeft:inst5|8mux41:inst3|inst1[7]                                   ; |Mulw4ln|Datapath:inst1|ShiftLeft:inst5|8mux41:inst3|inst1[7]                                   ; out0             ;
; |Mulw4ln|Datapath:inst1|ShiftLeft:inst5|8mux41:inst3|inst1[6]                                   ; |Mulw4ln|Datapath:inst1|ShiftLeft:inst5|8mux41:inst3|inst1[6]                                   ; out0             ;
; |Mulw4ln|Datapath:inst1|ShiftLeft:inst5|8mux41:inst3|inst1[5]                                   ; |Mulw4ln|Datapath:inst1|ShiftLeft:inst5|8mux41:inst3|inst1[5]                                   ; out0             ;
; |Mulw4ln|Datapath:inst1|AU:inst2|Adder8S:inst|Adder8:inst|Adder4S:inst3|FA:inst|HA:inst|inst1   ; |Mulw4ln|Datapath:inst1|AU:inst2|Adder8S:inst|Adder8:inst|Adder4S:inst3|FA:inst|HA:inst|inst1   ; out0             ;
; |Mulw4ln|Datapath:inst1|AU:inst2|Adder8S:inst|Adder8:inst|Adder4S:inst3|FA:inst17|HA:inst|inst1 ; |Mulw4ln|Datapath:inst1|AU:inst2|Adder8S:inst|Adder8:inst|Adder4S:inst3|FA:inst17|HA:inst|inst1 ; out0             ;
; |Mulw4ln|Datapath:inst1|AU:inst2|Adder8S:inst|Adder8:inst|Adder4S:inst3|FA:inst18|HA:inst|inst1 ; |Mulw4ln|Datapath:inst1|AU:inst2|Adder8S:inst|Adder8:inst|Adder4S:inst3|FA:inst18|HA:inst|inst1 ; out0             ;
; |Mulw4ln|Datapath:inst1|RegisterFile:inst|Decoder2to4:inst1|Y[0]                                ; |Mulw4ln|Datapath:inst1|RegisterFile:inst|Decoder2to4:inst1|Y[0]                                ; out              ;
; |Mulw4ln|Datapath:inst1|RegisterFile:inst|Decoder2to4:inst2|Y[0]                                ; |Mulw4ln|Datapath:inst1|RegisterFile:inst|Decoder2to4:inst2|Y[0]                                ; out              ;
; |Mulw4ln|Datapath:inst1|RegisterFile:inst|RF:inst|OA[6]                                         ; |Mulw4ln|Datapath:inst1|RegisterFile:inst|RF:inst|OA[6]                                         ; out0             ;
; |Mulw4ln|Datapath:inst1|RegisterFile:inst|RF:inst|OB[6]                                         ; |Mulw4ln|Datapath:inst1|RegisterFile:inst|RF:inst|OB[6]                                         ; out0             ;
; |Mulw4ln|Datapath:inst1|RegisterFile:inst|RF:inst|OB[5]                                         ; |Mulw4ln|Datapath:inst1|RegisterFile:inst|RF:inst|OB[5]                                         ; out0             ;
; |Mulw4ln|Datapath:inst1|RegisterFile:inst|RF:inst|OB[4]                                         ; |Mulw4ln|Datapath:inst1|RegisterFile:inst|RF:inst|OB[4]                                         ; out0             ;
; |Mulw4ln|Datapath:inst1|RegisterFile:inst|RF:inst|RF8:inst|RFC1:inst7|inst5                     ; |Mulw4ln|Datapath:inst1|RegisterFile:inst|RF:inst|RF8:inst|RFC1:inst7|inst5                     ; out              ;
; |Mulw4ln|Datapath:inst1|RegisterFile:inst|RF:inst|RF8:inst|RFC1:inst7|inst4                     ; |Mulw4ln|Datapath:inst1|RegisterFile:inst|RF:inst|RF8:inst|RFC1:inst7|inst4                     ; regout           ;
; |Mulw4ln|Datapath:inst1|RegisterFile:inst|RF:inst|RF8:inst|RFC1:inst7|inst6                     ; |Mulw4ln|Datapath:inst1|RegisterFile:inst|RF:inst|RF8:inst|RFC1:inst7|inst6                     ; out              ;
; |Mulw4ln|Datapath:inst1|RegisterFile:inst|RF:inst|RF8:inst|RFC1:inst7|21mux:inst|6              ; |Mulw4ln|Datapath:inst1|RegisterFile:inst|RF:inst|RF8:inst|RFC1:inst7|21mux:inst|6              ; out0             ;
; |Mulw4ln|Datapath:inst1|RegisterFile:inst|RF:inst|RF8:inst|RFC1:inst6|inst5                     ; |Mulw4ln|Datapath:inst1|RegisterFile:inst|RF:inst|RF8:inst|RFC1:inst6|inst5                     ; out              ;
; |Mulw4ln|Datapath:inst1|RegisterFile:inst|RF:inst|RF8:inst|RFC1:inst6|inst4                     ; |Mulw4ln|Datapath:inst1|RegisterFile:inst|RF:inst|RF8:inst|RFC1:inst6|inst4                     ; regout           ;
; |Mulw4ln|Datapath:inst1|RegisterFile:inst|RF:inst|RF8:inst|RFC1:inst6|inst6                     ; |Mulw4ln|Datapath:inst1|RegisterFile:inst|RF:inst|RF8:inst|RFC1:inst6|inst6                     ; out              ;
; |Mulw4ln|Datapath:inst1|RegisterFile:inst|RF:inst|RF8:inst|RFC1:inst6|21mux:inst|6              ; |Mulw4ln|Datapath:inst1|RegisterFile:inst|RF:inst|RF8:inst|RFC1:inst6|21mux:inst|6              ; out0             ;
; |Mulw4ln|Datapath:inst1|RegisterFile:inst|RF:inst|RF8:inst|RFC1:inst3|inst5                     ; |Mulw4ln|Datapath:inst1|RegisterFile:inst|RF:inst|RF8:inst|RFC1:inst3|inst5                     ; out              ;
; |Mulw4ln|Datapath:inst1|RegisterFile:inst|RF:inst|RF8:inst|RFC1:inst3|inst4                     ; |Mulw4ln|Datapath:inst1|RegisterFile:inst|RF:inst|RF8:inst|RFC1:inst3|inst4                     ; regout           ;
; |Mulw4ln|Datapath:inst1|RegisterFile:inst|RF:inst|RF8:inst|RFC1:inst3|inst6                     ; |Mulw4ln|Datapath:inst1|RegisterFile:inst|RF:inst|RF8:inst|RFC1:inst3|inst6                     ; out              ;
; |Mulw4ln|Datapath:inst1|RegisterFile:inst|RF:inst|RF8:inst|RFC1:inst3|21mux:inst|6              ; |Mulw4ln|Datapath:inst1|RegisterFile:inst|RF:inst|RF8:inst|RFC1:inst3|21mux:inst|6              ; out0             ;
; |Mulw4ln|Datapath:inst1|RegisterFile:inst|RF:inst|RF8:inst|RFC1:inst2|inst5                     ; |Mulw4ln|Datapath:inst1|RegisterFile:inst|RF:inst|RF8:inst|RFC1:inst2|inst5                     ; out              ;
; |Mulw4ln|Datapath:inst1|RegisterFile:inst|RF:inst|RF8:inst|RFC1:inst2|inst4                     ; |Mulw4ln|Datapath:inst1|RegisterFile:inst|RF:inst|RF8:inst|RFC1:inst2|inst4                     ; regout           ;
; |Mulw4ln|Datapath:inst1|RegisterFile:inst|RF:inst|RF8:inst|RFC1:inst2|inst6                     ; |Mulw4ln|Datapath:inst1|RegisterFile:inst|RF:inst|RF8:inst|RFC1:inst2|inst6                     ; out              ;
; |Mulw4ln|Datapath:inst1|RegisterFile:inst|RF:inst|RF8:inst|RFC1:inst2|21mux:inst|6              ; |Mulw4ln|Datapath:inst1|RegisterFile:inst|RF:inst|RF8:inst|RFC1:inst2|21mux:inst|6              ; out0             ;
; |Mulw4ln|Datapath:inst1|RegisterFile:inst|RF:inst|RF8:inst|RFC1:inst1|inst5                     ; |Mulw4ln|Datapath:inst1|RegisterFile:inst|RF:inst|RF8:inst|RFC1:inst1|inst5                     ; out              ;
; |Mulw4ln|Datapath:inst1|RegisterFile:inst|RF:inst|RF8:inst|RFC1:inst1|inst4                     ; |Mulw4ln|Datapath:inst1|RegisterFile:inst|RF:inst|RF8:inst|RFC1:inst1|inst4                     ; regout           ;
; |Mulw4ln|Datapath:inst1|RegisterFile:inst|RF:inst|RF8:inst|RFC1:inst1|inst6                     ; |Mulw4ln|Datapath:inst1|RegisterFile:inst|RF:inst|RF8:inst|RFC1:inst1|inst6                     ; out              ;
; |Mulw4ln|Datapath:inst1|RegisterFile:inst|RF:inst|RF8:inst|RFC1:inst1|21mux:inst|6              ; |Mulw4ln|Datapath:inst1|RegisterFile:inst|RF:inst|RF8:inst|RFC1:inst1|21mux:inst|6              ; out0             ;
; |Mulw4ln|Datapath:inst1|RegisterFile:inst|RF:inst|RF8:inst|RFC1:inst|inst5                      ; |Mulw4ln|Datapath:inst1|RegisterFile:inst|RF:inst|RF8:inst|RFC1:inst|inst5                      ; out              ;
; |Mulw4ln|Datapath:inst1|RegisterFile:inst|RF:inst|RF8:inst|RFC1:inst|inst4                      ; |Mulw4ln|Datapath:inst1|RegisterFile:inst|RF:inst|RF8:inst|RFC1:inst|inst4                      ; regout           ;
; |Mulw4ln|Datapath:inst1|RegisterFile:inst|RF:inst|RF8:inst|RFC1:inst|inst6                      ; |Mulw4ln|Datapath:inst1|RegisterFile:inst|RF:inst|RF8:inst|RFC1:inst|inst6                      ; out              ;
; |Mulw4ln|Datapath:inst1|RegisterFile:inst|RF:inst|RF8:inst|RFC1:inst|21mux:inst|6               ; |Mulw4ln|Datapath:inst1|RegisterFile:inst|RF:inst|RF8:inst|RFC1:inst|21mux:inst|6               ; out0             ;
; |Mulw4ln|Datapath:inst1|RegisterFile:inst|RF:inst|RF8:inst|RFC1:inst5|inst5                     ; |Mulw4ln|Datapath:inst1|RegisterFile:inst|RF:inst|RF8:inst|RFC1:inst5|inst5                     ; out              ;
; |Mulw4ln|Datapath:inst1|RegisterFile:inst|RF:inst|RF8:inst|RFC1:inst5|inst4                     ; |Mulw4ln|Datapath:inst1|RegisterFile:inst|RF:inst|RF8:inst|RFC1:inst5|inst4                     ; regout           ;
; |Mulw4ln|Datapath:inst1|RegisterFile:inst|RF:inst|RF8:inst|RFC1:inst5|inst6                     ; |Mulw4ln|Datapath:inst1|RegisterFile:inst|RF:inst|RF8:inst|RFC1:inst5|inst6                     ; out              ;
; |Mulw4ln|Datapath:inst1|RegisterFile:inst|RF:inst|RF8:inst|RFC1:inst5|21mux:inst|6              ; |Mulw4ln|Datapath:inst1|RegisterFile:inst|RF:inst|RF8:inst|RFC1:inst5|21mux:inst|6              ; out0             ;
; |Mulw4ln|Datapath:inst1|RegisterFile:inst|RF:inst|RF8:inst|RFC1:inst4|inst5                     ; |Mulw4ln|Datapath:inst1|RegisterFile:inst|RF:inst|RF8:inst|RFC1:inst4|inst5                     ; out              ;
; |Mulw4ln|Datapath:inst1|RegisterFile:inst|RF:inst|RF8:inst|RFC1:inst4|inst4                     ; |Mulw4ln|Datapath:inst1|RegisterFile:inst|RF:inst|RF8:inst|RFC1:inst4|inst4                     ; regout           ;
; |Mulw4ln|Datapath:inst1|RegisterFile:inst|RF:inst|RF8:inst|RFC1:inst4|inst6                     ; |Mulw4ln|Datapath:inst1|RegisterFile:inst|RF:inst|RF8:inst|RFC1:inst4|inst6                     ; out              ;
; |Mulw4ln|Datapath:inst1|RegisterFile:inst|RF:inst|RF8:inst|RFC1:inst4|21mux:inst|6              ; |Mulw4ln|Datapath:inst1|RegisterFile:inst|RF:inst|RF8:inst|RFC1:inst4|21mux:inst|6              ; out0             ;
; |Mulw4ln|Datapath:inst1|RegisterFile:inst|RF:inst|RF8:inst5|RFC1:inst7|inst6                    ; |Mulw4ln|Datapath:inst1|RegisterFile:inst|RF:inst|RF8:inst5|RFC1:inst7|inst6                    ; out              ;
; |Mulw4ln|Datapath:inst1|RegisterFile:inst|RF:inst|RF8:inst5|RFC1:inst7|21mux:inst|6             ; |Mulw4ln|Datapath:inst1|RegisterFile:inst|RF:inst|RF8:inst5|RFC1:inst7|21mux:inst|6             ; out0             ;
; |Mulw4ln|Datapath:inst1|RegisterFile:inst|RF:inst|RF8:inst5|RFC1:inst6|inst5                    ; |Mulw4ln|Datapath:inst1|RegisterFile:inst|RF:inst|RF8:inst5|RFC1:inst6|inst5                    ; out              ;
; |Mulw4ln|Datapath:inst1|RegisterFile:inst|RF:inst|RF8:inst5|RFC1:inst6|inst4                    ; |Mulw4ln|Datapath:inst1|RegisterFile:inst|RF:inst|RF8:inst5|RFC1:inst6|inst4                    ; regout           ;
; |Mulw4ln|Datapath:inst1|RegisterFile:inst|RF:inst|RF8:inst5|RFC1:inst6|inst6                    ; |Mulw4ln|Datapath:inst1|RegisterFile:inst|RF:inst|RF8:inst5|RFC1:inst6|inst6                    ; out              ;
; |Mulw4ln|Datapath:inst1|RegisterFile:inst|RF:inst|RF8:inst5|RFC1:inst6|21mux:inst|6             ; |Mulw4ln|Datapath:inst1|RegisterFile:inst|RF:inst|RF8:inst5|RFC1:inst6|21mux:inst|6             ; out0             ;
; |Mulw4ln|Datapath:inst1|RegisterFile:inst|RF:inst|RF8:inst5|RFC1:inst4|inst6                    ; |Mulw4ln|Datapath:inst1|RegisterFile:inst|RF:inst|RF8:inst5|RFC1:inst4|inst6                    ; out              ;
; |Mulw4ln|Datapath:inst1|RegisterFile:inst|RF:inst|RF8:inst5|RFC1:inst4|21mux:inst|6             ; |Mulw4ln|Datapath:inst1|RegisterFile:inst|RF:inst|RF8:inst5|RFC1:inst4|21mux:inst|6             ; out0             ;
; |Mulw4ln|Datapath:inst1|RegisterFile:inst|RF:inst|RF8:inst6|RFC1:inst7|inst5                    ; |Mulw4ln|Datapath:inst1|RegisterFile:inst|RF:inst|RF8:inst6|RFC1:inst7|inst5                    ; out              ;
; |Mulw4ln|Datapath:inst1|RegisterFile:inst|RF:inst|RF8:inst6|RFC1:inst7|inst4                    ; |Mulw4ln|Datapath:inst1|RegisterFile:inst|RF:inst|RF8:inst6|RFC1:inst7|inst4                    ; regout           ;
; |Mulw4ln|Datapath:inst1|RegisterFile:inst|RF:inst|RF8:inst6|RFC1:inst7|inst6                    ; |Mulw4ln|Datapath:inst1|RegisterFile:inst|RF:inst|RF8:inst6|RFC1:inst7|inst6                    ; out              ;
; |Mulw4ln|Datapath:inst1|RegisterFile:inst|RF:inst|RF8:inst6|RFC1:inst7|21mux:inst|5             ; |Mulw4ln|Datapath:inst1|RegisterFile:inst|RF:inst|RF8:inst6|RFC1:inst7|21mux:inst|5             ; out0             ;
; |Mulw4ln|Datapath:inst1|RegisterFile:inst|RF:inst|RF8:inst6|RFC1:inst7|21mux:inst|6             ; |Mulw4ln|Datapath:inst1|RegisterFile:inst|RF:inst|RF8:inst6|RFC1:inst7|21mux:inst|6             ; out0             ;
; |Mulw4ln|Datapath:inst1|RegisterFile:inst|RF:inst|RF8:inst6|RFC1:inst7|21mux:inst|7             ; |Mulw4ln|Datapath:inst1|RegisterFile:inst|RF:inst|RF8:inst6|RFC1:inst7|21mux:inst|7             ; out0             ;
; |Mulw4ln|Datapath:inst1|RegisterFile:inst|RF:inst|RF8:inst6|RFC1:inst6|inst5                    ; |Mulw4ln|Datapath:inst1|RegisterFile:inst|RF:inst|RF8:inst6|RFC1:inst6|inst5                    ; out              ;
; |Mulw4ln|Datapath:inst1|RegisterFile:inst|RF:inst|RF8:inst6|RFC1:inst6|inst4                    ; |Mulw4ln|Datapath:inst1|RegisterFile:inst|RF:inst|RF8:inst6|RFC1:inst6|inst4                    ; regout           ;
; |Mulw4ln|Datapath:inst1|RegisterFile:inst|RF:inst|RF8:inst6|RFC1:inst6|inst6                    ; |Mulw4ln|Datapath:inst1|RegisterFile:inst|RF:inst|RF8:inst6|RFC1:inst6|inst6                    ; out              ;
; |Mulw4ln|Datapath:inst1|RegisterFile:inst|RF:inst|RF8:inst6|RFC1:inst6|21mux:inst|6             ; |Mulw4ln|Datapath:inst1|RegisterFile:inst|RF:inst|RF8:inst6|RFC1:inst6|21mux:inst|6             ; out0             ;
; |Mulw4ln|Datapath:inst1|RegisterFile:inst|RF:inst|RF8:inst6|RFC1:inst3|inst5                    ; |Mulw4ln|Datapath:inst1|RegisterFile:inst|RF:inst|RF8:inst6|RFC1:inst3|inst5                    ; out              ;
; |Mulw4ln|Datapath:inst1|RegisterFile:inst|RF:inst|RF8:inst6|RFC1:inst3|inst4                    ; |Mulw4ln|Datapath:inst1|RegisterFile:inst|RF:inst|RF8:inst6|RFC1:inst3|inst4                    ; regout           ;
; |Mulw4ln|Datapath:inst1|RegisterFile:inst|RF:inst|RF8:inst6|RFC1:inst3|inst6                    ; |Mulw4ln|Datapath:inst1|RegisterFile:inst|RF:inst|RF8:inst6|RFC1:inst3|inst6                    ; out              ;
; |Mulw4ln|Datapath:inst1|RegisterFile:inst|RF:inst|RF8:inst6|RFC1:inst3|21mux:inst|6             ; |Mulw4ln|Datapath:inst1|RegisterFile:inst|RF:inst|RF8:inst6|RFC1:inst3|21mux:inst|6             ; out0             ;
; |Mulw4ln|Datapath:inst1|RegisterFile:inst|RF:inst|RF8:inst6|RFC1:inst2|inst5                    ; |Mulw4ln|Datapath:inst1|RegisterFile:inst|RF:inst|RF8:inst6|RFC1:inst2|inst5                    ; out              ;
; |Mulw4ln|Datapath:inst1|RegisterFile:inst|RF:inst|RF8:inst6|RFC1:inst2|inst4                    ; |Mulw4ln|Datapath:inst1|RegisterFile:inst|RF:inst|RF8:inst6|RFC1:inst2|inst4                    ; regout           ;
; |Mulw4ln|Datapath:inst1|RegisterFile:inst|RF:inst|RF8:inst6|RFC1:inst2|inst6                    ; |Mulw4ln|Datapath:inst1|RegisterFile:inst|RF:inst|RF8:inst6|RFC1:inst2|inst6                    ; out              ;
; |Mulw4ln|Datapath:inst1|RegisterFile:inst|RF:inst|RF8:inst6|RFC1:inst2|21mux:inst|6             ; |Mulw4ln|Datapath:inst1|RegisterFile:inst|RF:inst|RF8:inst6|RFC1:inst2|21mux:inst|6             ; out0             ;
; |Mulw4ln|Datapath:inst1|RegisterFile:inst|RF:inst|RF8:inst6|RFC1:inst1|inst5                    ; |Mulw4ln|Datapath:inst1|RegisterFile:inst|RF:inst|RF8:inst6|RFC1:inst1|inst5                    ; out              ;
; |Mulw4ln|Datapath:inst1|RegisterFile:inst|RF:inst|RF8:inst6|RFC1:inst1|inst4                    ; |Mulw4ln|Datapath:inst1|RegisterFile:inst|RF:inst|RF8:inst6|RFC1:inst1|inst4                    ; regout           ;
; |Mulw4ln|Datapath:inst1|RegisterFile:inst|RF:inst|RF8:inst6|RFC1:inst1|inst6                    ; |Mulw4ln|Datapath:inst1|RegisterFile:inst|RF:inst|RF8:inst6|RFC1:inst1|inst6                    ; out              ;
; |Mulw4ln|Datapath:inst1|RegisterFile:inst|RF:inst|RF8:inst6|RFC1:inst1|21mux:inst|6             ; |Mulw4ln|Datapath:inst1|RegisterFile:inst|RF:inst|RF8:inst6|RFC1:inst1|21mux:inst|6             ; out0             ;
; |Mulw4ln|Datapath:inst1|RegisterFile:inst|RF:inst|RF8:inst6|RFC1:inst|inst5                     ; |Mulw4ln|Datapath:inst1|RegisterFile:inst|RF:inst|RF8:inst6|RFC1:inst|inst5                     ; out              ;
; |Mulw4ln|Datapath:inst1|RegisterFile:inst|RF:inst|RF8:inst6|RFC1:inst|inst4                     ; |Mulw4ln|Datapath:inst1|RegisterFile:inst|RF:inst|RF8:inst6|RFC1:inst|inst4                     ; regout           ;
; |Mulw4ln|Datapath:inst1|RegisterFile:inst|RF:inst|RF8:inst6|RFC1:inst|inst6                     ; |Mulw4ln|Datapath:inst1|RegisterFile:inst|RF:inst|RF8:inst6|RFC1:inst|inst6                     ; out              ;
; |Mulw4ln|Datapath:inst1|RegisterFile:inst|RF:inst|RF8:inst6|RFC1:inst|21mux:inst|6              ; |Mulw4ln|Datapath:inst1|RegisterFile:inst|RF:inst|RF8:inst6|RFC1:inst|21mux:inst|6              ; out0             ;
; |Mulw4ln|Datapath:inst1|RegisterFile:inst|RF:inst|RF8:inst6|RFC1:inst5|inst5                    ; |Mulw4ln|Datapath:inst1|RegisterFile:inst|RF:inst|RF8:inst6|RFC1:inst5|inst5                    ; out              ;
; |Mulw4ln|Datapath:inst1|RegisterFile:inst|RF:inst|RF8:inst6|RFC1:inst5|inst4                    ; |Mulw4ln|Datapath:inst1|RegisterFile:inst|RF:inst|RF8:inst6|RFC1:inst5|inst4                    ; regout           ;
; |Mulw4ln|Datapath:inst1|RegisterFile:inst|RF:inst|RF8:inst6|RFC1:inst5|inst6                    ; |Mulw4ln|Datapath:inst1|RegisterFile:inst|RF:inst|RF8:inst6|RFC1:inst5|inst6                    ; out              ;
; |Mulw4ln|Datapath:inst1|RegisterFile:inst|RF:inst|RF8:inst6|RFC1:inst5|21mux:inst|6             ; |Mulw4ln|Datapath:inst1|RegisterFile:inst|RF:inst|RF8:inst6|RFC1:inst5|21mux:inst|6             ; out0             ;
; |Mulw4ln|Datapath:inst1|RegisterFile:inst|RF:inst|RF8:inst6|RFC1:inst4|inst5                    ; |Mulw4ln|Datapath:inst1|RegisterFile:inst|RF:inst|RF8:inst6|RFC1:inst4|inst5                    ; out              ;
; |Mulw4ln|Datapath:inst1|RegisterFile:inst|RF:inst|RF8:inst6|RFC1:inst4|inst4                    ; |Mulw4ln|Datapath:inst1|RegisterFile:inst|RF:inst|RF8:inst6|RFC1:inst4|inst4                    ; regout           ;
; |Mulw4ln|Datapath:inst1|RegisterFile:inst|RF:inst|RF8:inst6|RFC1:inst4|inst6                    ; |Mulw4ln|Datapath:inst1|RegisterFile:inst|RF:inst|RF8:inst6|RFC1:inst4|inst6                    ; out              ;
; |Mulw4ln|Datapath:inst1|RegisterFile:inst|RF:inst|RF8:inst6|RFC1:inst4|21mux:inst|6             ; |Mulw4ln|Datapath:inst1|RegisterFile:inst|RF:inst|RF8:inst6|RFC1:inst4|21mux:inst|6             ; out0             ;
; |Mulw4ln|Datapath:inst1|RegisterFile:inst|RF:inst|RF8:inst7|RFC1:inst6|inst5                    ; |Mulw4ln|Datapath:inst1|RegisterFile:inst|RF:inst|RF8:inst7|RFC1:inst6|inst5                    ; out              ;
; |Mulw4ln|Datapath:inst1|RegisterFile:inst|RF:inst|RF8:inst7|RFC1:inst6|inst4                    ; |Mulw4ln|Datapath:inst1|RegisterFile:inst|RF:inst|RF8:inst7|RFC1:inst6|inst4                    ; regout           ;
; |Mulw4ln|Datapath:inst1|RegisterFile:inst|RF:inst|RF8:inst7|RFC1:inst6|inst6                    ; |Mulw4ln|Datapath:inst1|RegisterFile:inst|RF:inst|RF8:inst7|RFC1:inst6|inst6                    ; out              ;
; |Mulw4ln|Datapath:inst1|RegisterFile:inst|RF:inst|RF8:inst7|RFC1:inst6|21mux:inst|6             ; |Mulw4ln|Datapath:inst1|RegisterFile:inst|RF:inst|RF8:inst7|RFC1:inst6|21mux:inst|6             ; out0             ;
; |Mulw4ln|Datapath:inst1|RegisterFile:inst|RF:inst|RF8:inst7|RFC1:inst5|inst5                    ; |Mulw4ln|Datapath:inst1|RegisterFile:inst|RF:inst|RF8:inst7|RFC1:inst5|inst5                    ; out              ;
; |Mulw4ln|Datapath:inst1|RegisterFile:inst|RF:inst|RF8:inst7|RFC1:inst5|inst4                    ; |Mulw4ln|Datapath:inst1|RegisterFile:inst|RF:inst|RF8:inst7|RFC1:inst5|inst4                    ; regout           ;
; |Mulw4ln|Datapath:inst1|RegisterFile:inst|RF:inst|RF8:inst7|RFC1:inst5|inst6                    ; |Mulw4ln|Datapath:inst1|RegisterFile:inst|RF:inst|RF8:inst7|RFC1:inst5|inst6                    ; out              ;
; |Mulw4ln|Datapath:inst1|RegisterFile:inst|RF:inst|RF8:inst7|RFC1:inst5|21mux:inst|6             ; |Mulw4ln|Datapath:inst1|RegisterFile:inst|RF:inst|RF8:inst7|RFC1:inst5|21mux:inst|6             ; out0             ;
; |Mulw4ln|Datapath:inst1|RegisterFile:inst|RF:inst|RF8:inst7|RFC1:inst4|inst5                    ; |Mulw4ln|Datapath:inst1|RegisterFile:inst|RF:inst|RF8:inst7|RFC1:inst4|inst5                    ; out              ;
; |Mulw4ln|Datapath:inst1|RegisterFile:inst|RF:inst|RF8:inst7|RFC1:inst4|inst4                    ; |Mulw4ln|Datapath:inst1|RegisterFile:inst|RF:inst|RF8:inst7|RFC1:inst4|inst4                    ; regout           ;
; |Mulw4ln|Datapath:inst1|RegisterFile:inst|RF:inst|RF8:inst7|RFC1:inst4|inst6                    ; |Mulw4ln|Datapath:inst1|RegisterFile:inst|RF:inst|RF8:inst7|RFC1:inst4|inst6                    ; out              ;
; |Mulw4ln|Datapath:inst1|RegisterFile:inst|RF:inst|RF8:inst7|RFC1:inst4|21mux:inst|6             ; |Mulw4ln|Datapath:inst1|RegisterFile:inst|RF:inst|RF8:inst7|RFC1:inst4|21mux:inst|6             ; out0             ;
; |Mulw4ln|Datapath:inst1|RegisterFile:inst|Decoder2to4:inst1|Decoder0~0                          ; |Mulw4ln|Datapath:inst1|RegisterFile:inst|Decoder2to4:inst1|Decoder0~0                          ; out0             ;
; |Mulw4ln|Datapath:inst1|RegisterFile:inst|Decoder2to4:inst2|Decoder0~0                          ; |Mulw4ln|Datapath:inst1|RegisterFile:inst|Decoder2to4:inst2|Decoder0~0                          ; out0             ;
+-------------------------------------------------------------------------------------------------+-------------------------------------------------------------------------------------------------+------------------+


The following table displays output ports that do not toggle to 0 during simulation.
+----------------------------------------------------------------------------------------------------------------------------------------------------------------------------------------------+
; Missing 0-Value Coverage                                                                                                                                                                     ;
+-------------------------------------------------------------------------------------+-------------------------------------------------------------------------------------+------------------+
; Node Name                                                                           ; Output Port Name                                                                    ; Output Port Type ;
+-------------------------------------------------------------------------------------+-------------------------------------------------------------------------------------+------------------+
; |Mulw4ln|DONE                                                                       ; |Mulw4ln|DONE                                                                       ; pin_out          ;
; |Mulw4ln|START                                                                      ; |Mulw4ln|START                                                                      ; out              ;
; |Mulw4ln|B2                                                                         ; |Mulw4ln|B2                                                                         ; pin_out          ;
; |Mulw4ln|G2                                                                         ; |Mulw4ln|G2                                                                         ; pin_out          ;
; |Mulw4ln|Controller:inst|NextStateLogic:inst|inst10                                 ; |Mulw4ln|Controller:inst|NextStateLogic:inst|inst10                                 ; out0             ;
; |Mulw4ln|Controller:inst|NextStateLogic:inst|inst9                                  ; |Mulw4ln|Controller:inst|NextStateLogic:inst|inst9                                  ; out0             ;
; |Mulw4ln|Controller:inst|NextStateLogic:inst|inst16                                 ; |Mulw4ln|Controller:inst|NextStateLogic:inst|inst16                                 ; out0             ;
; |Mulw4ln|Controller:inst|NextStateLogic:inst|inst21                                 ; |Mulw4ln|Controller:inst|NextStateLogic:inst|inst21                                 ; out0             ;
; |Mulw4ln|Controller:inst|NextStateLogic:inst|inst12                                 ; |Mulw4ln|Controller:inst|NextStateLogic:inst|inst12                                 ; out0             ;
; |Mulw4ln|Controller:inst|NextStateLogic:inst|inst28                                 ; |Mulw4ln|Controller:inst|NextStateLogic:inst|inst28                                 ; out0             ;
; |Mulw4ln|Controller:inst|DFFs:inst1|inst[3]                                         ; |Mulw4ln|Controller:inst|DFFs:inst1|inst[3]                                         ; regout           ;
; |Mulw4ln|Controller:inst|DFFs:inst1|inst[2]                                         ; |Mulw4ln|Controller:inst|DFFs:inst1|inst[2]                                         ; regout           ;
; |Mulw4ln|Controller:inst|OutputLogic:inst2|inst2                                    ; |Mulw4ln|Controller:inst|OutputLogic:inst2|inst2                                    ; out0             ;
; |Mulw4ln|Controller:inst|OutputLogic:inst2|inst10                                   ; |Mulw4ln|Controller:inst|OutputLogic:inst2|inst10                                   ; out0             ;
; |Mulw4ln|Datapath:inst1|ShiftLeft:inst5|8mux41:inst3|inst1[7]                       ; |Mulw4ln|Datapath:inst1|ShiftLeft:inst5|8mux41:inst3|inst1[7]                       ; out0             ;
; |Mulw4ln|Datapath:inst1|ShiftLeft:inst5|8mux41:inst3|inst1[6]                       ; |Mulw4ln|Datapath:inst1|ShiftLeft:inst5|8mux41:inst3|inst1[6]                       ; out0             ;
; |Mulw4ln|Datapath:inst1|ShiftLeft:inst5|8mux41:inst3|inst1[5]                       ; |Mulw4ln|Datapath:inst1|ShiftLeft:inst5|8mux41:inst3|inst1[5]                       ; out0             ;
; |Mulw4ln|Datapath:inst1|RegisterFile:inst|Decoder2to4:inst1|Y[0]                    ; |Mulw4ln|Datapath:inst1|RegisterFile:inst|Decoder2to4:inst1|Y[0]                    ; out              ;
; |Mulw4ln|Datapath:inst1|RegisterFile:inst|Decoder2to4:inst3|Y[0]                    ; |Mulw4ln|Datapath:inst1|RegisterFile:inst|Decoder2to4:inst3|Y[0]                    ; out              ;
; |Mulw4ln|Datapath:inst1|RegisterFile:inst|Decoder2to4:inst2|Y[0]                    ; |Mulw4ln|Datapath:inst1|RegisterFile:inst|Decoder2to4:inst2|Y[0]                    ; out              ;
; |Mulw4ln|Datapath:inst1|RegisterFile:inst|RF:inst|RF8:inst|RFC1:inst7|inst5         ; |Mulw4ln|Datapath:inst1|RegisterFile:inst|RF:inst|RF8:inst|RFC1:inst7|inst5         ; out              ;
; |Mulw4ln|Datapath:inst1|RegisterFile:inst|RF:inst|RF8:inst|RFC1:inst7|inst4         ; |Mulw4ln|Datapath:inst1|RegisterFile:inst|RF:inst|RF8:inst|RFC1:inst7|inst4         ; regout           ;
; |Mulw4ln|Datapath:inst1|RegisterFile:inst|RF:inst|RF8:inst|RFC1:inst7|21mux:inst|6  ; |Mulw4ln|Datapath:inst1|RegisterFile:inst|RF:inst|RF8:inst|RFC1:inst7|21mux:inst|6  ; out0             ;
; |Mulw4ln|Datapath:inst1|RegisterFile:inst|RF:inst|RF8:inst|RFC1:inst6|inst5         ; |Mulw4ln|Datapath:inst1|RegisterFile:inst|RF:inst|RF8:inst|RFC1:inst6|inst5         ; out              ;
; |Mulw4ln|Datapath:inst1|RegisterFile:inst|RF:inst|RF8:inst|RFC1:inst6|inst4         ; |Mulw4ln|Datapath:inst1|RegisterFile:inst|RF:inst|RF8:inst|RFC1:inst6|inst4         ; regout           ;
; |Mulw4ln|Datapath:inst1|RegisterFile:inst|RF:inst|RF8:inst|RFC1:inst6|21mux:inst|6  ; |Mulw4ln|Datapath:inst1|RegisterFile:inst|RF:inst|RF8:inst|RFC1:inst6|21mux:inst|6  ; out0             ;
; |Mulw4ln|Datapath:inst1|RegisterFile:inst|RF:inst|RF8:inst|RFC1:inst3|inst5         ; |Mulw4ln|Datapath:inst1|RegisterFile:inst|RF:inst|RF8:inst|RFC1:inst3|inst5         ; out              ;
; |Mulw4ln|Datapath:inst1|RegisterFile:inst|RF:inst|RF8:inst|RFC1:inst3|inst4         ; |Mulw4ln|Datapath:inst1|RegisterFile:inst|RF:inst|RF8:inst|RFC1:inst3|inst4         ; regout           ;
; |Mulw4ln|Datapath:inst1|RegisterFile:inst|RF:inst|RF8:inst|RFC1:inst3|21mux:inst|6  ; |Mulw4ln|Datapath:inst1|RegisterFile:inst|RF:inst|RF8:inst|RFC1:inst3|21mux:inst|6  ; out0             ;
; |Mulw4ln|Datapath:inst1|RegisterFile:inst|RF:inst|RF8:inst|RFC1:inst2|inst5         ; |Mulw4ln|Datapath:inst1|RegisterFile:inst|RF:inst|RF8:inst|RFC1:inst2|inst5         ; out              ;
; |Mulw4ln|Datapath:inst1|RegisterFile:inst|RF:inst|RF8:inst|RFC1:inst2|inst4         ; |Mulw4ln|Datapath:inst1|RegisterFile:inst|RF:inst|RF8:inst|RFC1:inst2|inst4         ; regout           ;
; |Mulw4ln|Datapath:inst1|RegisterFile:inst|RF:inst|RF8:inst|RFC1:inst2|21mux:inst|6  ; |Mulw4ln|Datapath:inst1|RegisterFile:inst|RF:inst|RF8:inst|RFC1:inst2|21mux:inst|6  ; out0             ;
; |Mulw4ln|Datapath:inst1|RegisterFile:inst|RF:inst|RF8:inst|RFC1:inst1|inst5         ; |Mulw4ln|Datapath:inst1|RegisterFile:inst|RF:inst|RF8:inst|RFC1:inst1|inst5         ; out              ;
; |Mulw4ln|Datapath:inst1|RegisterFile:inst|RF:inst|RF8:inst|RFC1:inst1|inst4         ; |Mulw4ln|Datapath:inst1|RegisterFile:inst|RF:inst|RF8:inst|RFC1:inst1|inst4         ; regout           ;
; |Mulw4ln|Datapath:inst1|RegisterFile:inst|RF:inst|RF8:inst|RFC1:inst1|21mux:inst|6  ; |Mulw4ln|Datapath:inst1|RegisterFile:inst|RF:inst|RF8:inst|RFC1:inst1|21mux:inst|6  ; out0             ;
; |Mulw4ln|Datapath:inst1|RegisterFile:inst|RF:inst|RF8:inst|RFC1:inst|inst5          ; |Mulw4ln|Datapath:inst1|RegisterFile:inst|RF:inst|RF8:inst|RFC1:inst|inst5          ; out              ;
; |Mulw4ln|Datapath:inst1|RegisterFile:inst|RF:inst|RF8:inst|RFC1:inst|inst4          ; |Mulw4ln|Datapath:inst1|RegisterFile:inst|RF:inst|RF8:inst|RFC1:inst|inst4          ; regout           ;
; |Mulw4ln|Datapath:inst1|RegisterFile:inst|RF:inst|RF8:inst|RFC1:inst|21mux:inst|6   ; |Mulw4ln|Datapath:inst1|RegisterFile:inst|RF:inst|RF8:inst|RFC1:inst|21mux:inst|6   ; out0             ;
; |Mulw4ln|Datapath:inst1|RegisterFile:inst|RF:inst|RF8:inst|RFC1:inst5|inst5         ; |Mulw4ln|Datapath:inst1|RegisterFile:inst|RF:inst|RF8:inst|RFC1:inst5|inst5         ; out              ;
; |Mulw4ln|Datapath:inst1|RegisterFile:inst|RF:inst|RF8:inst|RFC1:inst5|inst4         ; |Mulw4ln|Datapath:inst1|RegisterFile:inst|RF:inst|RF8:inst|RFC1:inst5|inst4         ; regout           ;
; |Mulw4ln|Datapath:inst1|RegisterFile:inst|RF:inst|RF8:inst|RFC1:inst5|21mux:inst|6  ; |Mulw4ln|Datapath:inst1|RegisterFile:inst|RF:inst|RF8:inst|RFC1:inst5|21mux:inst|6  ; out0             ;
; |Mulw4ln|Datapath:inst1|RegisterFile:inst|RF:inst|RF8:inst|RFC1:inst4|inst5         ; |Mulw4ln|Datapath:inst1|RegisterFile:inst|RF:inst|RF8:inst|RFC1:inst4|inst5         ; out              ;
; |Mulw4ln|Datapath:inst1|RegisterFile:inst|RF:inst|RF8:inst|RFC1:inst4|inst4         ; |Mulw4ln|Datapath:inst1|RegisterFile:inst|RF:inst|RF8:inst|RFC1:inst4|inst4         ; regout           ;
; |Mulw4ln|Datapath:inst1|RegisterFile:inst|RF:inst|RF8:inst|RFC1:inst4|21mux:inst|6  ; |Mulw4ln|Datapath:inst1|RegisterFile:inst|RF:inst|RF8:inst|RFC1:inst4|21mux:inst|6  ; out0             ;
; |Mulw4ln|Datapath:inst1|RegisterFile:inst|RF:inst|RF8:inst5|RFC1:inst7|inst4        ; |Mulw4ln|Datapath:inst1|RegisterFile:inst|RF:inst|RF8:inst5|RFC1:inst7|inst4        ; regout           ;
; |Mulw4ln|Datapath:inst1|RegisterFile:inst|RF:inst|RF8:inst5|RFC1:inst7|21mux:inst|6 ; |Mulw4ln|Datapath:inst1|RegisterFile:inst|RF:inst|RF8:inst5|RFC1:inst7|21mux:inst|6 ; out0             ;
; |Mulw4ln|Datapath:inst1|RegisterFile:inst|RF:inst|RF8:inst5|RFC1:inst6|inst4        ; |Mulw4ln|Datapath:inst1|RegisterFile:inst|RF:inst|RF8:inst5|RFC1:inst6|inst4        ; regout           ;
; |Mulw4ln|Datapath:inst1|RegisterFile:inst|RF:inst|RF8:inst5|RFC1:inst6|21mux:inst|6 ; |Mulw4ln|Datapath:inst1|RegisterFile:inst|RF:inst|RF8:inst5|RFC1:inst6|21mux:inst|6 ; out0             ;
; |Mulw4ln|Datapath:inst1|RegisterFile:inst|RF:inst|RF8:inst5|RFC1:inst3|inst6        ; |Mulw4ln|Datapath:inst1|RegisterFile:inst|RF:inst|RF8:inst5|RFC1:inst3|inst6        ; out              ;
; |Mulw4ln|Datapath:inst1|RegisterFile:inst|RF:inst|RF8:inst5|RFC1:inst2|inst4        ; |Mulw4ln|Datapath:inst1|RegisterFile:inst|RF:inst|RF8:inst5|RFC1:inst2|inst4        ; regout           ;
; |Mulw4ln|Datapath:inst1|RegisterFile:inst|RF:inst|RF8:inst5|RFC1:inst2|inst6        ; |Mulw4ln|Datapath:inst1|RegisterFile:inst|RF:inst|RF8:inst5|RFC1:inst2|inst6        ; out              ;
; |Mulw4ln|Datapath:inst1|RegisterFile:inst|RF:inst|RF8:inst5|RFC1:inst|inst6         ; |Mulw4ln|Datapath:inst1|RegisterFile:inst|RF:inst|RF8:inst5|RFC1:inst|inst6         ; out              ;
; |Mulw4ln|Datapath:inst1|RegisterFile:inst|RF:inst|RF8:inst5|RFC1:inst5|inst4        ; |Mulw4ln|Datapath:inst1|RegisterFile:inst|RF:inst|RF8:inst5|RFC1:inst5|inst4        ; regout           ;
; |Mulw4ln|Datapath:inst1|RegisterFile:inst|RF:inst|RF8:inst5|RFC1:inst4|inst4        ; |Mulw4ln|Datapath:inst1|RegisterFile:inst|RF:inst|RF8:inst5|RFC1:inst4|inst4        ; regout           ;
; |Mulw4ln|Datapath:inst1|RegisterFile:inst|RF:inst|RF8:inst5|RFC1:inst4|21mux:inst|6 ; |Mulw4ln|Datapath:inst1|RegisterFile:inst|RF:inst|RF8:inst5|RFC1:inst4|21mux:inst|6 ; out0             ;
; |Mulw4ln|Datapath:inst1|RegisterFile:inst|RF:inst|RF8:inst6|RFC1:inst7|inst4        ; |Mulw4ln|Datapath:inst1|RegisterFile:inst|RF:inst|RF8:inst6|RFC1:inst7|inst4        ; regout           ;
; |Mulw4ln|Datapath:inst1|RegisterFile:inst|RF:inst|RF8:inst6|RFC1:inst7|21mux:inst|5 ; |Mulw4ln|Datapath:inst1|RegisterFile:inst|RF:inst|RF8:inst6|RFC1:inst7|21mux:inst|5 ; out0             ;
; |Mulw4ln|Datapath:inst1|RegisterFile:inst|RF:inst|RF8:inst6|RFC1:inst7|21mux:inst|6 ; |Mulw4ln|Datapath:inst1|RegisterFile:inst|RF:inst|RF8:inst6|RFC1:inst7|21mux:inst|6 ; out0             ;
; |Mulw4ln|Datapath:inst1|RegisterFile:inst|RF:inst|RF8:inst6|RFC1:inst7|21mux:inst|7 ; |Mulw4ln|Datapath:inst1|RegisterFile:inst|RF:inst|RF8:inst6|RFC1:inst7|21mux:inst|7 ; out0             ;
; |Mulw4ln|Datapath:inst1|RegisterFile:inst|RF:inst|RF8:inst6|RFC1:inst6|inst4        ; |Mulw4ln|Datapath:inst1|RegisterFile:inst|RF:inst|RF8:inst6|RFC1:inst6|inst4        ; regout           ;
; |Mulw4ln|Datapath:inst1|RegisterFile:inst|RF:inst|RF8:inst6|RFC1:inst6|21mux:inst|6 ; |Mulw4ln|Datapath:inst1|RegisterFile:inst|RF:inst|RF8:inst6|RFC1:inst6|21mux:inst|6 ; out0             ;
; |Mulw4ln|Datapath:inst1|RegisterFile:inst|RF:inst|RF8:inst6|RFC1:inst3|inst4        ; |Mulw4ln|Datapath:inst1|RegisterFile:inst|RF:inst|RF8:inst6|RFC1:inst3|inst4        ; regout           ;
; |Mulw4ln|Datapath:inst1|RegisterFile:inst|RF:inst|RF8:inst6|RFC1:inst3|21mux:inst|6 ; |Mulw4ln|Datapath:inst1|RegisterFile:inst|RF:inst|RF8:inst6|RFC1:inst3|21mux:inst|6 ; out0             ;
; |Mulw4ln|Datapath:inst1|RegisterFile:inst|RF:inst|RF8:inst6|RFC1:inst2|inst4        ; |Mulw4ln|Datapath:inst1|RegisterFile:inst|RF:inst|RF8:inst6|RFC1:inst2|inst4        ; regout           ;
; |Mulw4ln|Datapath:inst1|RegisterFile:inst|RF:inst|RF8:inst6|RFC1:inst2|21mux:inst|6 ; |Mulw4ln|Datapath:inst1|RegisterFile:inst|RF:inst|RF8:inst6|RFC1:inst2|21mux:inst|6 ; out0             ;
; |Mulw4ln|Datapath:inst1|RegisterFile:inst|RF:inst|RF8:inst6|RFC1:inst1|inst4        ; |Mulw4ln|Datapath:inst1|RegisterFile:inst|RF:inst|RF8:inst6|RFC1:inst1|inst4        ; regout           ;
; |Mulw4ln|Datapath:inst1|RegisterFile:inst|RF:inst|RF8:inst6|RFC1:inst1|21mux:inst|6 ; |Mulw4ln|Datapath:inst1|RegisterFile:inst|RF:inst|RF8:inst6|RFC1:inst1|21mux:inst|6 ; out0             ;
; |Mulw4ln|Datapath:inst1|RegisterFile:inst|RF:inst|RF8:inst6|RFC1:inst|inst4         ; |Mulw4ln|Datapath:inst1|RegisterFile:inst|RF:inst|RF8:inst6|RFC1:inst|inst4         ; regout           ;
; |Mulw4ln|Datapath:inst1|RegisterFile:inst|RF:inst|RF8:inst6|RFC1:inst|21mux:inst|6  ; |Mulw4ln|Datapath:inst1|RegisterFile:inst|RF:inst|RF8:inst6|RFC1:inst|21mux:inst|6  ; out0             ;
; |Mulw4ln|Datapath:inst1|RegisterFile:inst|RF:inst|RF8:inst6|RFC1:inst5|inst4        ; |Mulw4ln|Datapath:inst1|RegisterFile:inst|RF:inst|RF8:inst6|RFC1:inst5|inst4        ; regout           ;
; |Mulw4ln|Datapath:inst1|RegisterFile:inst|RF:inst|RF8:inst6|RFC1:inst5|21mux:inst|6 ; |Mulw4ln|Datapath:inst1|RegisterFile:inst|RF:inst|RF8:inst6|RFC1:inst5|21mux:inst|6 ; out0             ;
; |Mulw4ln|Datapath:inst1|RegisterFile:inst|RF:inst|RF8:inst6|RFC1:inst4|inst4        ; |Mulw4ln|Datapath:inst1|RegisterFile:inst|RF:inst|RF8:inst6|RFC1:inst4|inst4        ; regout           ;
; |Mulw4ln|Datapath:inst1|RegisterFile:inst|RF:inst|RF8:inst6|RFC1:inst4|21mux:inst|6 ; |Mulw4ln|Datapath:inst1|RegisterFile:inst|RF:inst|RF8:inst6|RFC1:inst4|21mux:inst|6 ; out0             ;
; |Mulw4ln|Datapath:inst1|RegisterFile:inst|RF:inst|RF8:inst7|RFC1:inst7|inst4        ; |Mulw4ln|Datapath:inst1|RegisterFile:inst|RF:inst|RF8:inst7|RFC1:inst7|inst4        ; regout           ;
; |Mulw4ln|Datapath:inst1|RegisterFile:inst|RF:inst|RF8:inst7|RFC1:inst7|21mux:inst|5 ; |Mulw4ln|Datapath:inst1|RegisterFile:inst|RF:inst|RF8:inst7|RFC1:inst7|21mux:inst|5 ; out0             ;
; |Mulw4ln|Datapath:inst1|RegisterFile:inst|RF:inst|RF8:inst7|RFC1:inst7|21mux:inst|6 ; |Mulw4ln|Datapath:inst1|RegisterFile:inst|RF:inst|RF8:inst7|RFC1:inst7|21mux:inst|6 ; out0             ;
; |Mulw4ln|Datapath:inst1|RegisterFile:inst|RF:inst|RF8:inst7|RFC1:inst6|inst4        ; |Mulw4ln|Datapath:inst1|RegisterFile:inst|RF:inst|RF8:inst7|RFC1:inst6|inst4        ; regout           ;
; |Mulw4ln|Datapath:inst1|RegisterFile:inst|RF:inst|RF8:inst7|RFC1:inst6|21mux:inst|6 ; |Mulw4ln|Datapath:inst1|RegisterFile:inst|RF:inst|RF8:inst7|RFC1:inst6|21mux:inst|6 ; out0             ;
; |Mulw4ln|Datapath:inst1|RegisterFile:inst|RF:inst|RF8:inst7|RFC1:inst2|inst4        ; |Mulw4ln|Datapath:inst1|RegisterFile:inst|RF:inst|RF8:inst7|RFC1:inst2|inst4        ; regout           ;
; |Mulw4ln|Datapath:inst1|RegisterFile:inst|RF:inst|RF8:inst7|RFC1:inst1|inst4        ; |Mulw4ln|Datapath:inst1|RegisterFile:inst|RF:inst|RF8:inst7|RFC1:inst1|inst4        ; regout           ;
; |Mulw4ln|Datapath:inst1|RegisterFile:inst|RF:inst|RF8:inst7|RFC1:inst|inst4         ; |Mulw4ln|Datapath:inst1|RegisterFile:inst|RF:inst|RF8:inst7|RFC1:inst|inst4         ; regout           ;
; |Mulw4ln|Datapath:inst1|RegisterFile:inst|RF:inst|RF8:inst7|RFC1:inst5|inst4        ; |Mulw4ln|Datapath:inst1|RegisterFile:inst|RF:inst|RF8:inst7|RFC1:inst5|inst4        ; regout           ;
; |Mulw4ln|Datapath:inst1|RegisterFile:inst|RF:inst|RF8:inst7|RFC1:inst5|21mux:inst|6 ; |Mulw4ln|Datapath:inst1|RegisterFile:inst|RF:inst|RF8:inst7|RFC1:inst5|21mux:inst|6 ; out0             ;
; |Mulw4ln|Datapath:inst1|RegisterFile:inst|RF:inst|RF8:inst7|RFC1:inst4|inst4        ; |Mulw4ln|Datapath:inst1|RegisterFile:inst|RF:inst|RF8:inst7|RFC1:inst4|inst4        ; regout           ;
; |Mulw4ln|Datapath:inst1|RegisterFile:inst|RF:inst|RF8:inst7|RFC1:inst4|21mux:inst|6 ; |Mulw4ln|Datapath:inst1|RegisterFile:inst|RF:inst|RF8:inst7|RFC1:inst4|21mux:inst|6 ; out0             ;
; |Mulw4ln|Datapath:inst1|RegisterFile:inst|Decoder2to4:inst1|Decoder0~0              ; |Mulw4ln|Datapath:inst1|RegisterFile:inst|Decoder2to4:inst1|Decoder0~0              ; out0             ;
; |Mulw4ln|Datapath:inst1|RegisterFile:inst|Decoder2to4:inst3|Decoder0~0              ; |Mulw4ln|Datapath:inst1|RegisterFile:inst|Decoder2to4:inst3|Decoder0~0              ; out0             ;
; |Mulw4ln|Datapath:inst1|RegisterFile:inst|Decoder2to4:inst2|Decoder0~0              ; |Mulw4ln|Datapath:inst1|RegisterFile:inst|Decoder2to4:inst2|Decoder0~0              ; out0             ;
+-------------------------------------------------------------------------------------+-------------------------------------------------------------------------------------+------------------+


+---------------------+
; Simulator INI Usage ;
+--------+------------+
; Option ; Usage      ;
+--------+------------+


+--------------------+
; Simulator Messages ;
+--------------------+
Info: *******************************************************************
Info: Running Quartus II 64-Bit Simulator
    Info: Version 13.0.1 Build 232 06/12/2013 Service Pack 1 SJ Web Edition
    Info: Processing started: Wed Dec 10 16:05:39 2025
Info: Command: quartus_sim --simulation_results_format=VWF Mulw4ln -c Mulw4ln
Info (324025): Using vector source file "D:/HK5/CE118_DigitalLogicDesign/TH_Quartus/LAB45/test1.vwf"
Warning (328013): Ignored node in vector source file. Can't find corresponding node name "O[7]" in design.
Warning (328013): Ignored node in vector source file. Can't find corresponding node name "O[6]" in design.
Warning (328013): Ignored node in vector source file. Can't find corresponding node name "O[5]" in design.
Warning (328013): Ignored node in vector source file. Can't find corresponding node name "O[4]" in design.
Warning (328013): Ignored node in vector source file. Can't find corresponding node name "O[3]" in design.
Warning (328013): Ignored node in vector source file. Can't find corresponding node name "O[2]" in design.
Warning (328013): Ignored node in vector source file. Can't find corresponding node name "O[1]" in design.
Warning (328013): Ignored node in vector source file. Can't find corresponding node name "O[0]" in design.
Info (310003): Option to preserve fewer signal transitions to reduce memory requirements is enabled
    Info (310004): Simulation has been partitioned into sub-simulations according to the maximum transition count determined by the engine. Transitions from memory will be flushed out to disk at the end of each sub-simulation to reduce memory requirements.
Warning (324036): Found clock-sensitive change during active clock edge at time 50.0 ns on register "|Mulw4ln|Datapath:inst1|RegisterFile:inst|RF:inst|RF8:inst5|RFC1:inst3|inst4"
Warning (324036): Found clock-sensitive change during active clock edge at time 50.0 ns on register "|Mulw4ln|Datapath:inst1|RegisterFile:inst|RF:inst|RF8:inst5|RFC1:inst2|inst4"
Warning (324036): Found clock-sensitive change during active clock edge at time 50.0 ns on register "|Mulw4ln|Datapath:inst1|RegisterFile:inst|RF:inst|RF8:inst5|RFC1:inst1|inst4"
Warning (324036): Found clock-sensitive change during active clock edge at time 50.0 ns on register "|Mulw4ln|Datapath:inst1|RegisterFile:inst|RF:inst|RF8:inst5|RFC1:inst|inst4"
Warning (324036): Found clock-sensitive change during active clock edge at time 70.0 ns on register "|Mulw4ln|Datapath:inst1|RegisterFile:inst|RF:inst|RF8:inst6|RFC1:inst3|inst4"
Warning (324036): Found clock-sensitive change during active clock edge at time 70.0 ns on register "|Mulw4ln|Datapath:inst1|RegisterFile:inst|RF:inst|RF8:inst6|RFC1:inst2|inst4"
Warning (324036): Found clock-sensitive change during active clock edge at time 70.0 ns on register "|Mulw4ln|Datapath:inst1|RegisterFile:inst|RF:inst|RF8:inst6|RFC1:inst1|inst4"
Warning (324036): Found clock-sensitive change during active clock edge at time 70.0 ns on register "|Mulw4ln|Datapath:inst1|RegisterFile:inst|RF:inst|RF8:inst6|RFC1:inst|inst4"
Warning (324036): Found clock-sensitive change during active clock edge at time 90.0 ns on register "|Mulw4ln|Datapath:inst1|RegisterFile:inst|RF:inst|RF8:inst7|RFC1:inst3|inst4"
Warning (324036): Found clock-sensitive change during active clock edge at time 90.0 ns on register "|Mulw4ln|Datapath:inst1|RegisterFile:inst|RF:inst|RF8:inst7|RFC1:inst2|inst4"
Warning (324036): Found clock-sensitive change during active clock edge at time 90.0 ns on register "|Mulw4ln|Datapath:inst1|RegisterFile:inst|RF:inst|RF8:inst7|RFC1:inst1|inst4"
Warning (324036): Found clock-sensitive change during active clock edge at time 90.0 ns on register "|Mulw4ln|Datapath:inst1|RegisterFile:inst|RF:inst|RF8:inst7|RFC1:inst|inst4"
Info (310002): Simulation partitioned into 1 sub-simulations
Info (328053): Simulation coverage is      71.06 %
Info (328052): Number of transitions in simulation is 3200
Info (324045): Vector file Mulw4ln.sim.vwf is saved in VWF text format. You can compress it into CVWF format in order to reduce file size. For more details please refer to the Quartus II Help.
Info: Quartus II 64-Bit Simulator was successful. 0 errors, 20 warnings
    Info: Peak virtual memory: 4445 megabytes
    Info: Processing ended: Wed Dec 10 16:05:40 2025
    Info: Elapsed time: 00:00:01
    Info: Total CPU time (on all processors): 00:00:01


