Copyright 1986-2022 Xilinx, Inc. All Rights Reserved. Copyright 2022-2025 Advanced Micro Devices, Inc. All Rights Reserved.
------------------------------------------------------------------------------------------------------------------------------------------------------------------------------------------------------------------------------------------
| Tool Version : Vivado v.2025.2 (win64) Build 6299465 Fri Nov 14 19:35:11 GMT 2025
| Date         : Thu Apr 23 23:11:53 2026
| Host         : VuDuong-32 running 64-bit major release  (build 9200)
| Command      : report_timing_summary -max_paths 10 -routable_nets -report_unconstrained -file mac_engine_timing_summary_routed.rpt -pb mac_engine_timing_summary_routed.pb -rpx mac_engine_timing_summary_routed.rpx -warn_on_violation
| Design       : mac_engine
| Device       : 7k70t-fbv676
| Speed File   : -1  PRODUCTION 1.12 2017-02-17
| Design State : Routed
------------------------------------------------------------------------------------------------------------------------------------------------------------------------------------------------------------------------------------------

Timing Summary Report

------------------------------------------------------------------------------------------------
| Timer Settings
| --------------
------------------------------------------------------------------------------------------------

  Enable Multi Corner Analysis               :  Yes
  Enable Pessimism Removal                   :  Yes
  Pessimism Removal Resolution               :  Nearest Common Node
  Enable Input Delay Default Clock           :  No
  Enable Preset / Clear Arcs                 :  No
  Disable Flight Delays                      :  No
  Ignore I/O Paths                           :  No
  Timing Early Launch at Borrowing Latches   :  No
  Borrow Time for Max Delay Exceptions       :  Yes
  Merge Timing Exceptions                    :  Yes
  Inter-SLR Compensation                     :  Conservative

  Corner  Analyze    Analyze    
  Name    Max Paths  Min Paths  
  ------  ---------  ---------  
  Slow    Yes        Yes        
  Fast    Yes        Yes        


------------------------------------------------------------------------------------------------
| Report Methodology
| ------------------
------------------------------------------------------------------------------------------------

Rule       Severity  Description                    Violations  
---------  --------  -----------------------------  ----------  
TIMING-18  Warning   Missing input or output delay  59          

Note: This report is based on the most recent report_methodology run and may not be up-to-date. Run report_methodology on the current design for the latest report.



check_timing report

Table of Contents
-----------------
1. checking no_clock (0)
2. checking constant_clock (0)
3. checking pulse_width_clock (0)
4. checking unconstrained_internal_endpoints (0)
5. checking no_input_delay (26)
6. checking no_output_delay (33)
7. checking multiple_clock (0)
8. checking generated_clocks (0)
9. checking loops (0)
10. checking partial_input_delay (0)
11. checking partial_output_delay (0)
12. checking latch_loops (0)

1. checking no_clock (0)
------------------------
 There are 0 register/latch pins with no clock.


2. checking constant_clock (0)
------------------------------
 There are 0 register/latch pins with constant_clock.


3. checking pulse_width_clock (0)
---------------------------------
 There are 0 register/latch pins which need pulse_width check


4. checking unconstrained_internal_endpoints (0)
------------------------------------------------
 There are 0 pins that are not constrained for maximum delay.

 There are 0 pins that are not constrained for maximum delay due to constant clock.


5. checking no_input_delay (26)
-------------------------------
 There are 26 input ports with no input delay specified. (HIGH)

 There are 0 input ports with no input delay but user has a false path constraint.


6. checking no_output_delay (33)
--------------------------------
 There are 33 ports with no output delay specified. (HIGH)

 There are 0 ports with no output delay but user has a false path constraint

 There are 0 ports with no output delay but with a timing clock defined on it or propagating through it


7. checking multiple_clock (0)
------------------------------
 There are 0 register/latch pins with multiple clocks.


8. checking generated_clocks (0)
--------------------------------
 There are 0 generated clocks that are not connected to a clock source.


9. checking loops (0)
---------------------
 There are 0 combinational loops in the design.


10. checking partial_input_delay (0)
------------------------------------
 There are 0 input ports with partial input delay specified.


11. checking partial_output_delay (0)
-------------------------------------
 There are 0 ports with partial output delay specified.


12. checking latch_loops (0)
----------------------------
 There are 0 combinational latch loops in the design through latch input



------------------------------------------------------------------------------------------------
| Design Timing Summary
| ---------------------
------------------------------------------------------------------------------------------------

    WNS(ns)      TNS(ns)  TNS Failing Endpoints  TNS Total Endpoints      WHS(ns)      THS(ns)  THS Failing Endpoints  THS Total Endpoints     WPWS(ns)     TPWS(ns)  TPWS Failing Endpoints  TPWS Total Endpoints  
    -------      -------  ---------------------  -------------------      -------      -------  ---------------------  -------------------     --------     --------  ----------------------  --------------------  
      6.847        0.000                      0                  102        0.166        0.000                      0                  102        4.600        0.000                       0                    58  


All user specified timing constraints are met.


------------------------------------------------------------------------------------------------
| Clock Summary
| -------------
------------------------------------------------------------------------------------------------

Clock  Waveform(ns)       Period(ns)      Frequency(MHz)
-----  ------------       ----------      --------------
clk    {0.000 5.000}      10.000          100.000         


------------------------------------------------------------------------------------------------
| Intra Clock Table
| -----------------
------------------------------------------------------------------------------------------------

Clock             WNS(ns)      TNS(ns)  TNS Failing Endpoints  TNS Total Endpoints      WHS(ns)      THS(ns)  THS Failing Endpoints  THS Total Endpoints     WPWS(ns)     TPWS(ns)  TPWS Failing Endpoints  TPWS Total Endpoints  
-----             -------      -------  ---------------------  -------------------      -------      -------  ---------------------  -------------------     --------     --------  ----------------------  --------------------  
clk                 6.847        0.000                      0                  102        0.166        0.000                      0                  102        4.600        0.000                       0                    58  


------------------------------------------------------------------------------------------------
| Inter Clock Table
| -----------------
------------------------------------------------------------------------------------------------

From Clock    To Clock          WNS(ns)      TNS(ns)  TNS Failing Endpoints  TNS Total Endpoints      WHS(ns)      THS(ns)  THS Failing Endpoints  THS Total Endpoints  
----------    --------          -------      -------  ---------------------  -------------------      -------      -------  ---------------------  -------------------  


------------------------------------------------------------------------------------------------
| Other Path Groups Table
| -----------------------
------------------------------------------------------------------------------------------------

Path Group    From Clock    To Clock          WNS(ns)      TNS(ns)  TNS Failing Endpoints  TNS Total Endpoints      WHS(ns)      THS(ns)  THS Failing Endpoints  THS Total Endpoints  
----------    ----------    --------          -------      -------  ---------------------  -------------------      -------      -------  ---------------------  -------------------  


------------------------------------------------------------------------------------------------
| User Ignored Path Table
| -----------------------
------------------------------------------------------------------------------------------------

Path Group    From Clock    To Clock    
----------    ----------    --------    


------------------------------------------------------------------------------------------------
| Unconstrained Path Table
| ------------------------
------------------------------------------------------------------------------------------------

Path Group    From Clock    To Clock    
----------    ----------    --------    
(none)        clk                         
(none)                      clk           


------------------------------------------------------------------------------------------------
| Timing Details
| --------------
------------------------------------------------------------------------------------------------


---------------------------------------------------------------------------------------------------
From Clock:  clk
  To Clock:  clk

Setup :            0  Failing Endpoints,  Worst Slack        6.847ns,  Total Violation        0.000ns
Hold  :            0  Failing Endpoints,  Worst Slack        0.166ns,  Total Violation        0.000ns
PW    :            0  Failing Endpoints,  Worst Slack        4.600ns,  Total Violation        0.000ns
---------------------------------------------------------------------------------------------------


Max Delay Paths
--------------------------------------------------------------------------------------
Slack (MET) :             6.847ns  (required time - arrival time)
  Source:                 u_controller/count_reg[5]/C
                            (rising edge-triggered cell FDCE clocked by clk  {rise@0.000ns fall@5.000ns period=10.000ns})
  Destination:            u_controller/count_reg[6]/CE
                            (rising edge-triggered cell FDCE clocked by clk  {rise@0.000ns fall@5.000ns period=10.000ns})
  Path Group:             clk
  Path Type:              Setup (Max at Slow Process Corner)
  Requirement:            10.000ns  (clk rise@10.000ns - clk rise@0.000ns)
  Data Path Delay:        2.856ns  (logic 1.089ns (38.129%)  route 1.767ns (61.871%))
  Logic Levels:           6  (CARRY4=3 LUT2=1 LUT3=1 LUT6=1)
  Clock Path Skew:        -0.018ns (DCD - SCD + CPR)
    Destination Clock Delay (DCD):    4.397ns = ( 14.397 - 10.000 ) 
    Source Clock Delay      (SCD):    4.690ns
    Clock Pessimism Removal (CPR):    0.275ns
  Clock Uncertainty:      0.035ns  ((TSJ^2 + TIJ^2)^1/2 + DJ) / 2 + PE
    Total System Jitter     (TSJ):    0.071ns
    Total Input Jitter      (TIJ):    0.000ns
    Discrete Jitter          (DJ):    0.000ns
    Phase Error              (PE):    0.000ns

    Location             Delay type                Incr(ns)  Path(ns)    Netlist Resource(s)
  -------------------------------------------------------------------    -------------------
                         (clock clk rise edge)        0.000     0.000 r  
    P23                                               0.000     0.000 r  clk (IN)
                         net (fo=0)                   0.000     0.000    clk
    P23                  IBUF (Prop_ibuf_I_O)         0.845     0.845 r  clk_IBUF_inst/O
                         net (fo=1, routed)           2.140     2.985    clk_IBUF
    BUFGCTRL_X0Y0        BUFG (Prop_bufg_I_O)         0.120     3.105 r  clk_IBUF_BUFG_inst/O
                         net (fo=57, routed)          1.585     4.690    u_controller/clk
    SLICE_X14Y30         FDCE                                         r  u_controller/count_reg[5]/C
  -------------------------------------------------------------------    -------------------
    SLICE_X14Y30         FDCE (Prop_fdce_C_Q)         0.308     4.998 r  u_controller/count_reg[5]/Q
                         net (fo=3, routed)           0.445     5.443    u_controller/count_reg_n_0_[5]
    SLICE_X12Y31         LUT2 (Prop_lut2_I1_O)        0.053     5.496 r  u_controller/valid_in_i_19/O
                         net (fo=2, routed)           0.354     5.850    u_controller/valid_in_i_19_n_0
    SLICE_X11Y31         LUT6 (Prop_lut6_I2_O)        0.053     5.903 r  u_controller/valid_in_i_16/O
                         net (fo=1, routed)           0.000     5.903    u_controller/valid_in_i_16_n_0
    SLICE_X11Y31         CARRY4 (Prop_carry4_S[1]_CO[3])
                                                      0.324     6.227 r  u_controller/valid_in_reg_i_8/CO[3]
                         net (fo=1, routed)           0.000     6.227    u_controller/valid_in_reg_i_8_n_0
    SLICE_X11Y32         CARRY4 (Prop_carry4_CI_CO[3])
                                                      0.058     6.285 r  u_controller/valid_in_reg_i_4/CO[3]
                         net (fo=1, routed)           0.000     6.285    u_controller/valid_in_reg_i_4_n_0
    SLICE_X11Y33         CARRY4 (Prop_carry4_CI_CO[2])
                                                      0.132     6.417 f  u_controller/valid_in_reg_i_3/CO[2]
                         net (fo=6, routed)           0.605     7.022    u_controller/next_state0
    SLICE_X13Y33         LUT3 (Prop_lut3_I0_O)        0.161     7.183 r  u_controller/count[7]_i_1/O
                         net (fo=8, routed)           0.364     7.546    u_controller/count[0]
    SLICE_X15Y31         FDCE                                         r  u_controller/count_reg[6]/CE
  -------------------------------------------------------------------    -------------------

                         (clock clk rise edge)       10.000    10.000 r  
    P23                                               0.000    10.000 r  clk (IN)
                         net (fo=0)                   0.000    10.000    clk
    P23                  IBUF (Prop_ibuf_I_O)         0.769    10.769 r  clk_IBUF_inst/O
                         net (fo=1, routed)           2.040    12.809    clk_IBUF
    BUFGCTRL_X0Y0        BUFG (Prop_bufg_I_O)         0.113    12.922 r  clk_IBUF_BUFG_inst/O
                         net (fo=57, routed)          1.475    14.397    u_controller/clk
    SLICE_X15Y31         FDCE                                         r  u_controller/count_reg[6]/C
                         clock pessimism              0.275    14.672    
                         clock uncertainty           -0.035    14.637    
    SLICE_X15Y31         FDCE (Setup_fdce_C_CE)      -0.244    14.393    u_controller/count_reg[6]
  -------------------------------------------------------------------
                         required time                         14.393    
                         arrival time                          -7.546    
  -------------------------------------------------------------------
                         slack                                  6.847    

Slack (MET) :             6.847ns  (required time - arrival time)
  Source:                 u_controller/count_reg[5]/C
                            (rising edge-triggered cell FDCE clocked by clk  {rise@0.000ns fall@5.000ns period=10.000ns})
  Destination:            u_controller/count_reg[7]/CE
                            (rising edge-triggered cell FDCE clocked by clk  {rise@0.000ns fall@5.000ns period=10.000ns})
  Path Group:             clk
  Path Type:              Setup (Max at Slow Process Corner)
  Requirement:            10.000ns  (clk rise@10.000ns - clk rise@0.000ns)
  Data Path Delay:        2.856ns  (logic 1.089ns (38.129%)  route 1.767ns (61.871%))
  Logic Levels:           6  (CARRY4=3 LUT2=1 LUT3=1 LUT6=1)
  Clock Path Skew:        -0.018ns (DCD - SCD + CPR)
    Destination Clock Delay (DCD):    4.397ns = ( 14.397 - 10.000 ) 
    Source Clock Delay      (SCD):    4.690ns
    Clock Pessimism Removal (CPR):    0.275ns
  Clock Uncertainty:      0.035ns  ((TSJ^2 + TIJ^2)^1/2 + DJ) / 2 + PE
    Total System Jitter     (TSJ):    0.071ns
    Total Input Jitter      (TIJ):    0.000ns
    Discrete Jitter          (DJ):    0.000ns
    Phase Error              (PE):    0.000ns

    Location             Delay type                Incr(ns)  Path(ns)    Netlist Resource(s)
  -------------------------------------------------------------------    -------------------
                         (clock clk rise edge)        0.000     0.000 r  
    P23                                               0.000     0.000 r  clk (IN)
                         net (fo=0)                   0.000     0.000    clk
    P23                  IBUF (Prop_ibuf_I_O)         0.845     0.845 r  clk_IBUF_inst/O
                         net (fo=1, routed)           2.140     2.985    clk_IBUF
    BUFGCTRL_X0Y0        BUFG (Prop_bufg_I_O)         0.120     3.105 r  clk_IBUF_BUFG_inst/O
                         net (fo=57, routed)          1.585     4.690    u_controller/clk
    SLICE_X14Y30         FDCE                                         r  u_controller/count_reg[5]/C
  -------------------------------------------------------------------    -------------------
    SLICE_X14Y30         FDCE (Prop_fdce_C_Q)         0.308     4.998 r  u_controller/count_reg[5]/Q
                         net (fo=3, routed)           0.445     5.443    u_controller/count_reg_n_0_[5]
    SLICE_X12Y31         LUT2 (Prop_lut2_I1_O)        0.053     5.496 r  u_controller/valid_in_i_19/O
                         net (fo=2, routed)           0.354     5.850    u_controller/valid_in_i_19_n_0
    SLICE_X11Y31         LUT6 (Prop_lut6_I2_O)        0.053     5.903 r  u_controller/valid_in_i_16/O
                         net (fo=1, routed)           0.000     5.903    u_controller/valid_in_i_16_n_0
    SLICE_X11Y31         CARRY4 (Prop_carry4_S[1]_CO[3])
                                                      0.324     6.227 r  u_controller/valid_in_reg_i_8/CO[3]
                         net (fo=1, routed)           0.000     6.227    u_controller/valid_in_reg_i_8_n_0
    SLICE_X11Y32         CARRY4 (Prop_carry4_CI_CO[3])
                                                      0.058     6.285 r  u_controller/valid_in_reg_i_4/CO[3]
                         net (fo=1, routed)           0.000     6.285    u_controller/valid_in_reg_i_4_n_0
    SLICE_X11Y33         CARRY4 (Prop_carry4_CI_CO[2])
                                                      0.132     6.417 f  u_controller/valid_in_reg_i_3/CO[2]
                         net (fo=6, routed)           0.605     7.022    u_controller/next_state0
    SLICE_X13Y33         LUT3 (Prop_lut3_I0_O)        0.161     7.183 r  u_controller/count[7]_i_1/O
                         net (fo=8, routed)           0.364     7.546    u_controller/count[0]
    SLICE_X15Y31         FDCE                                         r  u_controller/count_reg[7]/CE
  -------------------------------------------------------------------    -------------------

                         (clock clk rise edge)       10.000    10.000 r  
    P23                                               0.000    10.000 r  clk (IN)
                         net (fo=0)                   0.000    10.000    clk
    P23                  IBUF (Prop_ibuf_I_O)         0.769    10.769 r  clk_IBUF_inst/O
                         net (fo=1, routed)           2.040    12.809    clk_IBUF
    BUFGCTRL_X0Y0        BUFG (Prop_bufg_I_O)         0.113    12.922 r  clk_IBUF_BUFG_inst/O
                         net (fo=57, routed)          1.475    14.397    u_controller/clk
    SLICE_X15Y31         FDCE                                         r  u_controller/count_reg[7]/C
                         clock pessimism              0.275    14.672    
                         clock uncertainty           -0.035    14.637    
    SLICE_X15Y31         FDCE (Setup_fdce_C_CE)      -0.244    14.393    u_controller/count_reg[7]
  -------------------------------------------------------------------
                         required time                         14.393    
                         arrival time                          -7.546    
  -------------------------------------------------------------------
                         slack                                  6.847    

Slack (MET) :             6.863ns  (required time - arrival time)
  Source:                 u_controller/count_reg[5]/C
                            (rising edge-triggered cell FDCE clocked by clk  {rise@0.000ns fall@5.000ns period=10.000ns})
  Destination:            u_controller/count_reg[0]/CE
                            (rising edge-triggered cell FDCE clocked by clk  {rise@0.000ns fall@5.000ns period=10.000ns})
  Path Group:             clk
  Path Type:              Setup (Max at Slow Process Corner)
  Requirement:            10.000ns  (clk rise@10.000ns - clk rise@0.000ns)
  Data Path Delay:        2.864ns  (logic 1.089ns (38.024%)  route 1.775ns (61.976%))
  Logic Levels:           6  (CARRY4=3 LUT2=1 LUT3=1 LUT6=1)
  Clock Path Skew:        -0.019ns (DCD - SCD + CPR)
    Destination Clock Delay (DCD):    4.396ns = ( 14.396 - 10.000 ) 
    Source Clock Delay      (SCD):    4.690ns
    Clock Pessimism Removal (CPR):    0.275ns
  Clock Uncertainty:      0.035ns  ((TSJ^2 + TIJ^2)^1/2 + DJ) / 2 + PE
    Total System Jitter     (TSJ):    0.071ns
    Total Input Jitter      (TIJ):    0.000ns
    Discrete Jitter          (DJ):    0.000ns
    Phase Error              (PE):    0.000ns

    Location             Delay type                Incr(ns)  Path(ns)    Netlist Resource(s)
  -------------------------------------------------------------------    -------------------
                         (clock clk rise edge)        0.000     0.000 r  
    P23                                               0.000     0.000 r  clk (IN)
                         net (fo=0)                   0.000     0.000    clk
    P23                  IBUF (Prop_ibuf_I_O)         0.845     0.845 r  clk_IBUF_inst/O
                         net (fo=1, routed)           2.140     2.985    clk_IBUF
    BUFGCTRL_X0Y0        BUFG (Prop_bufg_I_O)         0.120     3.105 r  clk_IBUF_BUFG_inst/O
                         net (fo=57, routed)          1.585     4.690    u_controller/clk
    SLICE_X14Y30         FDCE                                         r  u_controller/count_reg[5]/C
  -------------------------------------------------------------------    -------------------
    SLICE_X14Y30         FDCE (Prop_fdce_C_Q)         0.308     4.998 r  u_controller/count_reg[5]/Q
                         net (fo=3, routed)           0.445     5.443    u_controller/count_reg_n_0_[5]
    SLICE_X12Y31         LUT2 (Prop_lut2_I1_O)        0.053     5.496 r  u_controller/valid_in_i_19/O
                         net (fo=2, routed)           0.354     5.850    u_controller/valid_in_i_19_n_0
    SLICE_X11Y31         LUT6 (Prop_lut6_I2_O)        0.053     5.903 r  u_controller/valid_in_i_16/O
                         net (fo=1, routed)           0.000     5.903    u_controller/valid_in_i_16_n_0
    SLICE_X11Y31         CARRY4 (Prop_carry4_S[1]_CO[3])
                                                      0.324     6.227 r  u_controller/valid_in_reg_i_8/CO[3]
                         net (fo=1, routed)           0.000     6.227    u_controller/valid_in_reg_i_8_n_0
    SLICE_X11Y32         CARRY4 (Prop_carry4_CI_CO[3])
                                                      0.058     6.285 r  u_controller/valid_in_reg_i_4/CO[3]
                         net (fo=1, routed)           0.000     6.285    u_controller/valid_in_reg_i_4_n_0
    SLICE_X11Y33         CARRY4 (Prop_carry4_CI_CO[2])
                                                      0.132     6.417 f  u_controller/valid_in_reg_i_3/CO[2]
                         net (fo=6, routed)           0.605     7.022    u_controller/next_state0
    SLICE_X13Y33         LUT3 (Prop_lut3_I0_O)        0.161     7.183 r  u_controller/count[7]_i_1/O
                         net (fo=8, routed)           0.371     7.554    u_controller/count[0]
    SLICE_X12Y30         FDCE                                         r  u_controller/count_reg[0]/CE
  -------------------------------------------------------------------    -------------------

                         (clock clk rise edge)       10.000    10.000 r  
    P23                                               0.000    10.000 r  clk (IN)
                         net (fo=0)                   0.000    10.000    clk
    P23                  IBUF (Prop_ibuf_I_O)         0.769    10.769 r  clk_IBUF_inst/O
                         net (fo=1, routed)           2.040    12.809    clk_IBUF
    BUFGCTRL_X0Y0        BUFG (Prop_bufg_I_O)         0.113    12.922 r  clk_IBUF_BUFG_inst/O
                         net (fo=57, routed)          1.474    14.396    u_controller/clk
    SLICE_X12Y30         FDCE                                         r  u_controller/count_reg[0]/C
                         clock pessimism              0.275    14.671    
                         clock uncertainty           -0.035    14.636    
    SLICE_X12Y30         FDCE (Setup_fdce_C_CE)      -0.219    14.417    u_controller/count_reg[0]
  -------------------------------------------------------------------
                         required time                         14.417    
                         arrival time                          -7.554    
  -------------------------------------------------------------------
                         slack                                  6.863    

Slack (MET) :             6.863ns  (required time - arrival time)
  Source:                 u_controller/count_reg[5]/C
                            (rising edge-triggered cell FDCE clocked by clk  {rise@0.000ns fall@5.000ns period=10.000ns})
  Destination:            u_controller/count_reg[1]/CE
                            (rising edge-triggered cell FDCE clocked by clk  {rise@0.000ns fall@5.000ns period=10.000ns})
  Path Group:             clk
  Path Type:              Setup (Max at Slow Process Corner)
  Requirement:            10.000ns  (clk rise@10.000ns - clk rise@0.000ns)
  Data Path Delay:        2.864ns  (logic 1.089ns (38.024%)  route 1.775ns (61.976%))
  Logic Levels:           6  (CARRY4=3 LUT2=1 LUT3=1 LUT6=1)
  Clock Path Skew:        -0.019ns (DCD - SCD + CPR)
    Destination Clock Delay (DCD):    4.396ns = ( 14.396 - 10.000 ) 
    Source Clock Delay      (SCD):    4.690ns
    Clock Pessimism Removal (CPR):    0.275ns
  Clock Uncertainty:      0.035ns  ((TSJ^2 + TIJ^2)^1/2 + DJ) / 2 + PE
    Total System Jitter     (TSJ):    0.071ns
    Total Input Jitter      (TIJ):    0.000ns
    Discrete Jitter          (DJ):    0.000ns
    Phase Error              (PE):    0.000ns

    Location             Delay type                Incr(ns)  Path(ns)    Netlist Resource(s)
  -------------------------------------------------------------------    -------------------
                         (clock clk rise edge)        0.000     0.000 r  
    P23                                               0.000     0.000 r  clk (IN)
                         net (fo=0)                   0.000     0.000    clk
    P23                  IBUF (Prop_ibuf_I_O)         0.845     0.845 r  clk_IBUF_inst/O
                         net (fo=1, routed)           2.140     2.985    clk_IBUF
    BUFGCTRL_X0Y0        BUFG (Prop_bufg_I_O)         0.120     3.105 r  clk_IBUF_BUFG_inst/O
                         net (fo=57, routed)          1.585     4.690    u_controller/clk
    SLICE_X14Y30         FDCE                                         r  u_controller/count_reg[5]/C
  -------------------------------------------------------------------    -------------------
    SLICE_X14Y30         FDCE (Prop_fdce_C_Q)         0.308     4.998 r  u_controller/count_reg[5]/Q
                         net (fo=3, routed)           0.445     5.443    u_controller/count_reg_n_0_[5]
    SLICE_X12Y31         LUT2 (Prop_lut2_I1_O)        0.053     5.496 r  u_controller/valid_in_i_19/O
                         net (fo=2, routed)           0.354     5.850    u_controller/valid_in_i_19_n_0
    SLICE_X11Y31         LUT6 (Prop_lut6_I2_O)        0.053     5.903 r  u_controller/valid_in_i_16/O
                         net (fo=1, routed)           0.000     5.903    u_controller/valid_in_i_16_n_0
    SLICE_X11Y31         CARRY4 (Prop_carry4_S[1]_CO[3])
                                                      0.324     6.227 r  u_controller/valid_in_reg_i_8/CO[3]
                         net (fo=1, routed)           0.000     6.227    u_controller/valid_in_reg_i_8_n_0
    SLICE_X11Y32         CARRY4 (Prop_carry4_CI_CO[3])
                                                      0.058     6.285 r  u_controller/valid_in_reg_i_4/CO[3]
                         net (fo=1, routed)           0.000     6.285    u_controller/valid_in_reg_i_4_n_0
    SLICE_X11Y33         CARRY4 (Prop_carry4_CI_CO[2])
                                                      0.132     6.417 f  u_controller/valid_in_reg_i_3/CO[2]
                         net (fo=6, routed)           0.605     7.022    u_controller/next_state0
    SLICE_X13Y33         LUT3 (Prop_lut3_I0_O)        0.161     7.183 r  u_controller/count[7]_i_1/O
                         net (fo=8, routed)           0.371     7.554    u_controller/count[0]
    SLICE_X12Y30         FDCE                                         r  u_controller/count_reg[1]/CE
  -------------------------------------------------------------------    -------------------

                         (clock clk rise edge)       10.000    10.000 r  
    P23                                               0.000    10.000 r  clk (IN)
                         net (fo=0)                   0.000    10.000    clk
    P23                  IBUF (Prop_ibuf_I_O)         0.769    10.769 r  clk_IBUF_inst/O
                         net (fo=1, routed)           2.040    12.809    clk_IBUF
    BUFGCTRL_X0Y0        BUFG (Prop_bufg_I_O)         0.113    12.922 r  clk_IBUF_BUFG_inst/O
                         net (fo=57, routed)          1.474    14.396    u_controller/clk
    SLICE_X12Y30         FDCE                                         r  u_controller/count_reg[1]/C
                         clock pessimism              0.275    14.671    
                         clock uncertainty           -0.035    14.636    
    SLICE_X12Y30         FDCE (Setup_fdce_C_CE)      -0.219    14.417    u_controller/count_reg[1]
  -------------------------------------------------------------------
                         required time                         14.417    
                         arrival time                          -7.554    
  -------------------------------------------------------------------
                         slack                                  6.863    

Slack (MET) :             6.863ns  (required time - arrival time)
  Source:                 u_controller/count_reg[5]/C
                            (rising edge-triggered cell FDCE clocked by clk  {rise@0.000ns fall@5.000ns period=10.000ns})
  Destination:            u_controller/count_reg[2]/CE
                            (rising edge-triggered cell FDCE clocked by clk  {rise@0.000ns fall@5.000ns period=10.000ns})
  Path Group:             clk
  Path Type:              Setup (Max at Slow Process Corner)
  Requirement:            10.000ns  (clk rise@10.000ns - clk rise@0.000ns)
  Data Path Delay:        2.864ns  (logic 1.089ns (38.024%)  route 1.775ns (61.976%))
  Logic Levels:           6  (CARRY4=3 LUT2=1 LUT3=1 LUT6=1)
  Clock Path Skew:        -0.019ns (DCD - SCD + CPR)
    Destination Clock Delay (DCD):    4.396ns = ( 14.396 - 10.000 ) 
    Source Clock Delay      (SCD):    4.690ns
    Clock Pessimism Removal (CPR):    0.275ns
  Clock Uncertainty:      0.035ns  ((TSJ^2 + TIJ^2)^1/2 + DJ) / 2 + PE
    Total System Jitter     (TSJ):    0.071ns
    Total Input Jitter      (TIJ):    0.000ns
    Discrete Jitter          (DJ):    0.000ns
    Phase Error              (PE):    0.000ns

    Location             Delay type                Incr(ns)  Path(ns)    Netlist Resource(s)
  -------------------------------------------------------------------    -------------------
                         (clock clk rise edge)        0.000     0.000 r  
    P23                                               0.000     0.000 r  clk (IN)
                         net (fo=0)                   0.000     0.000    clk
    P23                  IBUF (Prop_ibuf_I_O)         0.845     0.845 r  clk_IBUF_inst/O
                         net (fo=1, routed)           2.140     2.985    clk_IBUF
    BUFGCTRL_X0Y0        BUFG (Prop_bufg_I_O)         0.120     3.105 r  clk_IBUF_BUFG_inst/O
                         net (fo=57, routed)          1.585     4.690    u_controller/clk
    SLICE_X14Y30         FDCE                                         r  u_controller/count_reg[5]/C
  -------------------------------------------------------------------    -------------------
    SLICE_X14Y30         FDCE (Prop_fdce_C_Q)         0.308     4.998 r  u_controller/count_reg[5]/Q
                         net (fo=3, routed)           0.445     5.443    u_controller/count_reg_n_0_[5]
    SLICE_X12Y31         LUT2 (Prop_lut2_I1_O)        0.053     5.496 r  u_controller/valid_in_i_19/O
                         net (fo=2, routed)           0.354     5.850    u_controller/valid_in_i_19_n_0
    SLICE_X11Y31         LUT6 (Prop_lut6_I2_O)        0.053     5.903 r  u_controller/valid_in_i_16/O
                         net (fo=1, routed)           0.000     5.903    u_controller/valid_in_i_16_n_0
    SLICE_X11Y31         CARRY4 (Prop_carry4_S[1]_CO[3])
                                                      0.324     6.227 r  u_controller/valid_in_reg_i_8/CO[3]
                         net (fo=1, routed)           0.000     6.227    u_controller/valid_in_reg_i_8_n_0
    SLICE_X11Y32         CARRY4 (Prop_carry4_CI_CO[3])
                                                      0.058     6.285 r  u_controller/valid_in_reg_i_4/CO[3]
                         net (fo=1, routed)           0.000     6.285    u_controller/valid_in_reg_i_4_n_0
    SLICE_X11Y33         CARRY4 (Prop_carry4_CI_CO[2])
                                                      0.132     6.417 f  u_controller/valid_in_reg_i_3/CO[2]
                         net (fo=6, routed)           0.605     7.022    u_controller/next_state0
    SLICE_X13Y33         LUT3 (Prop_lut3_I0_O)        0.161     7.183 r  u_controller/count[7]_i_1/O
                         net (fo=8, routed)           0.371     7.554    u_controller/count[0]
    SLICE_X12Y30         FDCE                                         r  u_controller/count_reg[2]/CE
  -------------------------------------------------------------------    -------------------

                         (clock clk rise edge)       10.000    10.000 r  
    P23                                               0.000    10.000 r  clk (IN)
                         net (fo=0)                   0.000    10.000    clk
    P23                  IBUF (Prop_ibuf_I_O)         0.769    10.769 r  clk_IBUF_inst/O
                         net (fo=1, routed)           2.040    12.809    clk_IBUF
    BUFGCTRL_X0Y0        BUFG (Prop_bufg_I_O)         0.113    12.922 r  clk_IBUF_BUFG_inst/O
                         net (fo=57, routed)          1.474    14.396    u_controller/clk
    SLICE_X12Y30         FDCE                                         r  u_controller/count_reg[2]/C
                         clock pessimism              0.275    14.671    
                         clock uncertainty           -0.035    14.636    
    SLICE_X12Y30         FDCE (Setup_fdce_C_CE)      -0.219    14.417    u_controller/count_reg[2]
  -------------------------------------------------------------------
                         required time                         14.417    
                         arrival time                          -7.554    
  -------------------------------------------------------------------
                         slack                                  6.863    

Slack (MET) :             6.863ns  (required time - arrival time)
  Source:                 u_controller/count_reg[5]/C
                            (rising edge-triggered cell FDCE clocked by clk  {rise@0.000ns fall@5.000ns period=10.000ns})
  Destination:            u_controller/count_reg[3]/CE
                            (rising edge-triggered cell FDCE clocked by clk  {rise@0.000ns fall@5.000ns period=10.000ns})
  Path Group:             clk
  Path Type:              Setup (Max at Slow Process Corner)
  Requirement:            10.000ns  (clk rise@10.000ns - clk rise@0.000ns)
  Data Path Delay:        2.864ns  (logic 1.089ns (38.024%)  route 1.775ns (61.976%))
  Logic Levels:           6  (CARRY4=3 LUT2=1 LUT3=1 LUT6=1)
  Clock Path Skew:        -0.019ns (DCD - SCD + CPR)
    Destination Clock Delay (DCD):    4.396ns = ( 14.396 - 10.000 ) 
    Source Clock Delay      (SCD):    4.690ns
    Clock Pessimism Removal (CPR):    0.275ns
  Clock Uncertainty:      0.035ns  ((TSJ^2 + TIJ^2)^1/2 + DJ) / 2 + PE
    Total System Jitter     (TSJ):    0.071ns
    Total Input Jitter      (TIJ):    0.000ns
    Discrete Jitter          (DJ):    0.000ns
    Phase Error              (PE):    0.000ns

    Location             Delay type                Incr(ns)  Path(ns)    Netlist Resource(s)
  -------------------------------------------------------------------    -------------------
                         (clock clk rise edge)        0.000     0.000 r  
    P23                                               0.000     0.000 r  clk (IN)
                         net (fo=0)                   0.000     0.000    clk
    P23                  IBUF (Prop_ibuf_I_O)         0.845     0.845 r  clk_IBUF_inst/O
                         net (fo=1, routed)           2.140     2.985    clk_IBUF
    BUFGCTRL_X0Y0        BUFG (Prop_bufg_I_O)         0.120     3.105 r  clk_IBUF_BUFG_inst/O
                         net (fo=57, routed)          1.585     4.690    u_controller/clk
    SLICE_X14Y30         FDCE                                         r  u_controller/count_reg[5]/C
  -------------------------------------------------------------------    -------------------
    SLICE_X14Y30         FDCE (Prop_fdce_C_Q)         0.308     4.998 r  u_controller/count_reg[5]/Q
                         net (fo=3, routed)           0.445     5.443    u_controller/count_reg_n_0_[5]
    SLICE_X12Y31         LUT2 (Prop_lut2_I1_O)        0.053     5.496 r  u_controller/valid_in_i_19/O
                         net (fo=2, routed)           0.354     5.850    u_controller/valid_in_i_19_n_0
    SLICE_X11Y31         LUT6 (Prop_lut6_I2_O)        0.053     5.903 r  u_controller/valid_in_i_16/O
                         net (fo=1, routed)           0.000     5.903    u_controller/valid_in_i_16_n_0
    SLICE_X11Y31         CARRY4 (Prop_carry4_S[1]_CO[3])
                                                      0.324     6.227 r  u_controller/valid_in_reg_i_8/CO[3]
                         net (fo=1, routed)           0.000     6.227    u_controller/valid_in_reg_i_8_n_0
    SLICE_X11Y32         CARRY4 (Prop_carry4_CI_CO[3])
                                                      0.058     6.285 r  u_controller/valid_in_reg_i_4/CO[3]
                         net (fo=1, routed)           0.000     6.285    u_controller/valid_in_reg_i_4_n_0
    SLICE_X11Y33         CARRY4 (Prop_carry4_CI_CO[2])
                                                      0.132     6.417 f  u_controller/valid_in_reg_i_3/CO[2]
                         net (fo=6, routed)           0.605     7.022    u_controller/next_state0
    SLICE_X13Y33         LUT3 (Prop_lut3_I0_O)        0.161     7.183 r  u_controller/count[7]_i_1/O
                         net (fo=8, routed)           0.371     7.554    u_controller/count[0]
    SLICE_X12Y30         FDCE                                         r  u_controller/count_reg[3]/CE
  -------------------------------------------------------------------    -------------------

                         (clock clk rise edge)       10.000    10.000 r  
    P23                                               0.000    10.000 r  clk (IN)
                         net (fo=0)                   0.000    10.000    clk
    P23                  IBUF (Prop_ibuf_I_O)         0.769    10.769 r  clk_IBUF_inst/O
                         net (fo=1, routed)           2.040    12.809    clk_IBUF
    BUFGCTRL_X0Y0        BUFG (Prop_bufg_I_O)         0.113    12.922 r  clk_IBUF_BUFG_inst/O
                         net (fo=57, routed)          1.474    14.396    u_controller/clk
    SLICE_X12Y30         FDCE                                         r  u_controller/count_reg[3]/C
                         clock pessimism              0.275    14.671    
                         clock uncertainty           -0.035    14.636    
    SLICE_X12Y30         FDCE (Setup_fdce_C_CE)      -0.219    14.417    u_controller/count_reg[3]
  -------------------------------------------------------------------
                         required time                         14.417    
                         arrival time                          -7.554    
  -------------------------------------------------------------------
                         slack                                  6.863    

Slack (MET) :             6.863ns  (required time - arrival time)
  Source:                 u_controller/count_reg[5]/C
                            (rising edge-triggered cell FDCE clocked by clk  {rise@0.000ns fall@5.000ns period=10.000ns})
  Destination:            u_controller/count_reg[4]/CE
                            (rising edge-triggered cell FDCE clocked by clk  {rise@0.000ns fall@5.000ns period=10.000ns})
  Path Group:             clk
  Path Type:              Setup (Max at Slow Process Corner)
  Requirement:            10.000ns  (clk rise@10.000ns - clk rise@0.000ns)
  Data Path Delay:        2.864ns  (logic 1.089ns (38.024%)  route 1.775ns (61.976%))
  Logic Levels:           6  (CARRY4=3 LUT2=1 LUT3=1 LUT6=1)
  Clock Path Skew:        -0.019ns (DCD - SCD + CPR)
    Destination Clock Delay (DCD):    4.396ns = ( 14.396 - 10.000 ) 
    Source Clock Delay      (SCD):    4.690ns
    Clock Pessimism Removal (CPR):    0.275ns
  Clock Uncertainty:      0.035ns  ((TSJ^2 + TIJ^2)^1/2 + DJ) / 2 + PE
    Total System Jitter     (TSJ):    0.071ns
    Total Input Jitter      (TIJ):    0.000ns
    Discrete Jitter          (DJ):    0.000ns
    Phase Error              (PE):    0.000ns

    Location             Delay type                Incr(ns)  Path(ns)    Netlist Resource(s)
  -------------------------------------------------------------------    -------------------
                         (clock clk rise edge)        0.000     0.000 r  
    P23                                               0.000     0.000 r  clk (IN)
                         net (fo=0)                   0.000     0.000    clk
    P23                  IBUF (Prop_ibuf_I_O)         0.845     0.845 r  clk_IBUF_inst/O
                         net (fo=1, routed)           2.140     2.985    clk_IBUF
    BUFGCTRL_X0Y0        BUFG (Prop_bufg_I_O)         0.120     3.105 r  clk_IBUF_BUFG_inst/O
                         net (fo=57, routed)          1.585     4.690    u_controller/clk
    SLICE_X14Y30         FDCE                                         r  u_controller/count_reg[5]/C
  -------------------------------------------------------------------    -------------------
    SLICE_X14Y30         FDCE (Prop_fdce_C_Q)         0.308     4.998 r  u_controller/count_reg[5]/Q
                         net (fo=3, routed)           0.445     5.443    u_controller/count_reg_n_0_[5]
    SLICE_X12Y31         LUT2 (Prop_lut2_I1_O)        0.053     5.496 r  u_controller/valid_in_i_19/O
                         net (fo=2, routed)           0.354     5.850    u_controller/valid_in_i_19_n_0
    SLICE_X11Y31         LUT6 (Prop_lut6_I2_O)        0.053     5.903 r  u_controller/valid_in_i_16/O
                         net (fo=1, routed)           0.000     5.903    u_controller/valid_in_i_16_n_0
    SLICE_X11Y31         CARRY4 (Prop_carry4_S[1]_CO[3])
                                                      0.324     6.227 r  u_controller/valid_in_reg_i_8/CO[3]
                         net (fo=1, routed)           0.000     6.227    u_controller/valid_in_reg_i_8_n_0
    SLICE_X11Y32         CARRY4 (Prop_carry4_CI_CO[3])
                                                      0.058     6.285 r  u_controller/valid_in_reg_i_4/CO[3]
                         net (fo=1, routed)           0.000     6.285    u_controller/valid_in_reg_i_4_n_0
    SLICE_X11Y33         CARRY4 (Prop_carry4_CI_CO[2])
                                                      0.132     6.417 f  u_controller/valid_in_reg_i_3/CO[2]
                         net (fo=6, routed)           0.605     7.022    u_controller/next_state0
    SLICE_X13Y33         LUT3 (Prop_lut3_I0_O)        0.161     7.183 r  u_controller/count[7]_i_1/O
                         net (fo=8, routed)           0.371     7.554    u_controller/count[0]
    SLICE_X12Y30         FDCE                                         r  u_controller/count_reg[4]/CE
  -------------------------------------------------------------------    -------------------

                         (clock clk rise edge)       10.000    10.000 r  
    P23                                               0.000    10.000 r  clk (IN)
                         net (fo=0)                   0.000    10.000    clk
    P23                  IBUF (Prop_ibuf_I_O)         0.769    10.769 r  clk_IBUF_inst/O
                         net (fo=1, routed)           2.040    12.809    clk_IBUF
    BUFGCTRL_X0Y0        BUFG (Prop_bufg_I_O)         0.113    12.922 r  clk_IBUF_BUFG_inst/O
                         net (fo=57, routed)          1.474    14.396    u_controller/clk
    SLICE_X12Y30         FDCE                                         r  u_controller/count_reg[4]/C
                         clock pessimism              0.275    14.671    
                         clock uncertainty           -0.035    14.636    
    SLICE_X12Y30         FDCE (Setup_fdce_C_CE)      -0.219    14.417    u_controller/count_reg[4]
  -------------------------------------------------------------------
                         required time                         14.417    
                         arrival time                          -7.554    
  -------------------------------------------------------------------
                         slack                                  6.863    

Slack (MET) :             6.873ns  (required time - arrival time)
  Source:                 u_controller/count_reg[5]/C
                            (rising edge-triggered cell FDCE clocked by clk  {rise@0.000ns fall@5.000ns period=10.000ns})
  Destination:            u_controller/count_reg[5]/CE
                            (rising edge-triggered cell FDCE clocked by clk  {rise@0.000ns fall@5.000ns period=10.000ns})
  Path Group:             clk
  Path Type:              Setup (Max at Slow Process Corner)
  Requirement:            10.000ns  (clk rise@10.000ns - clk rise@0.000ns)
  Data Path Delay:        2.873ns  (logic 1.089ns (37.909%)  route 1.784ns (62.091%))
  Logic Levels:           6  (CARRY4=3 LUT2=1 LUT3=1 LUT6=1)
  Clock Path Skew:        0.000ns (DCD - SCD + CPR)
    Destination Clock Delay (DCD):    4.396ns = ( 14.396 - 10.000 ) 
    Source Clock Delay      (SCD):    4.690ns
    Clock Pessimism Removal (CPR):    0.294ns
  Clock Uncertainty:      0.035ns  ((TSJ^2 + TIJ^2)^1/2 + DJ) / 2 + PE
    Total System Jitter     (TSJ):    0.071ns
    Total Input Jitter      (TIJ):    0.000ns
    Discrete Jitter          (DJ):    0.000ns
    Phase Error              (PE):    0.000ns

    Location             Delay type                Incr(ns)  Path(ns)    Netlist Resource(s)
  -------------------------------------------------------------------    -------------------
                         (clock clk rise edge)        0.000     0.000 r  
    P23                                               0.000     0.000 r  clk (IN)
                         net (fo=0)                   0.000     0.000    clk
    P23                  IBUF (Prop_ibuf_I_O)         0.845     0.845 r  clk_IBUF_inst/O
                         net (fo=1, routed)           2.140     2.985    clk_IBUF
    BUFGCTRL_X0Y0        BUFG (Prop_bufg_I_O)         0.120     3.105 r  clk_IBUF_BUFG_inst/O
                         net (fo=57, routed)          1.585     4.690    u_controller/clk
    SLICE_X14Y30         FDCE                                         r  u_controller/count_reg[5]/C
  -------------------------------------------------------------------    -------------------
    SLICE_X14Y30         FDCE (Prop_fdce_C_Q)         0.308     4.998 r  u_controller/count_reg[5]/Q
                         net (fo=3, routed)           0.445     5.443    u_controller/count_reg_n_0_[5]
    SLICE_X12Y31         LUT2 (Prop_lut2_I1_O)        0.053     5.496 r  u_controller/valid_in_i_19/O
                         net (fo=2, routed)           0.354     5.850    u_controller/valid_in_i_19_n_0
    SLICE_X11Y31         LUT6 (Prop_lut6_I2_O)        0.053     5.903 r  u_controller/valid_in_i_16/O
                         net (fo=1, routed)           0.000     5.903    u_controller/valid_in_i_16_n_0
    SLICE_X11Y31         CARRY4 (Prop_carry4_S[1]_CO[3])
                                                      0.324     6.227 r  u_controller/valid_in_reg_i_8/CO[3]
                         net (fo=1, routed)           0.000     6.227    u_controller/valid_in_reg_i_8_n_0
    SLICE_X11Y32         CARRY4 (Prop_carry4_CI_CO[3])
                                                      0.058     6.285 r  u_controller/valid_in_reg_i_4/CO[3]
                         net (fo=1, routed)           0.000     6.285    u_controller/valid_in_reg_i_4_n_0
    SLICE_X11Y33         CARRY4 (Prop_carry4_CI_CO[2])
                                                      0.132     6.417 f  u_controller/valid_in_reg_i_3/CO[2]
                         net (fo=6, routed)           0.605     7.022    u_controller/next_state0
    SLICE_X13Y33         LUT3 (Prop_lut3_I0_O)        0.161     7.183 r  u_controller/count[7]_i_1/O
                         net (fo=8, routed)           0.380     7.563    u_controller/count[0]
    SLICE_X14Y30         FDCE                                         r  u_controller/count_reg[5]/CE
  -------------------------------------------------------------------    -------------------

                         (clock clk rise edge)       10.000    10.000 r  
    P23                                               0.000    10.000 r  clk (IN)
                         net (fo=0)                   0.000    10.000    clk
    P23                  IBUF (Prop_ibuf_I_O)         0.769    10.769 r  clk_IBUF_inst/O
                         net (fo=1, routed)           2.040    12.809    clk_IBUF
    BUFGCTRL_X0Y0        BUFG (Prop_bufg_I_O)         0.113    12.922 r  clk_IBUF_BUFG_inst/O
                         net (fo=57, routed)          1.474    14.396    u_controller/clk
    SLICE_X14Y30         FDCE                                         r  u_controller/count_reg[5]/C
                         clock pessimism              0.294    14.690    
                         clock uncertainty           -0.035    14.655    
    SLICE_X14Y30         FDCE (Setup_fdce_C_CE)      -0.219    14.436    u_controller/count_reg[5]
  -------------------------------------------------------------------
                         required time                         14.436    
                         arrival time                          -7.563    
  -------------------------------------------------------------------
                         slack                                  6.873    

Slack (MET) :             7.384ns  (required time - arrival time)
  Source:                 u_core/c_reg2_reg/C
                            (rising edge-triggered cell FDRE clocked by clk  {rise@0.000ns fall@5.000ns period=10.000ns})
  Destination:            u_core/p_reg_reg/OPMODE[5]
                            (rising edge-triggered cell DSP48E1 clocked by clk  {rise@0.000ns fall@5.000ns period=10.000ns})
  Path Group:             clk
  Path Type:              Setup (Max at Slow Process Corner)
  Requirement:            10.000ns  (clk rise@10.000ns - clk rise@0.000ns)
  Data Path Delay:        0.746ns  (logic 0.308ns (41.305%)  route 0.438ns (58.695%))
  Logic Levels:           0  
  Clock Path Skew:        0.037ns (DCD - SCD + CPR)
    Destination Clock Delay (DCD):    4.461ns = ( 14.461 - 10.000 ) 
    Source Clock Delay      (SCD):    4.691ns
    Clock Pessimism Removal (CPR):    0.267ns
  Clock Uncertainty:      0.035ns  ((TSJ^2 + TIJ^2)^1/2 + DJ) / 2 + PE
    Total System Jitter     (TSJ):    0.071ns
    Total Input Jitter      (TIJ):    0.000ns
    Discrete Jitter          (DJ):    0.000ns
    Phase Error              (PE):    0.000ns

    Location             Delay type                Incr(ns)  Path(ns)    Netlist Resource(s)
  -------------------------------------------------------------------    -------------------
                         (clock clk rise edge)        0.000     0.000 r  
    P23                                               0.000     0.000 r  clk (IN)
                         net (fo=0)                   0.000     0.000    clk
    P23                  IBUF (Prop_ibuf_I_O)         0.845     0.845 r  clk_IBUF_inst/O
                         net (fo=1, routed)           2.140     2.985    clk_IBUF
    BUFGCTRL_X0Y0        BUFG (Prop_bufg_I_O)         0.120     3.105 r  clk_IBUF_BUFG_inst/O
                         net (fo=57, routed)          1.586     4.691    u_core/clk
    SLICE_X12Y31         FDRE                                         r  u_core/c_reg2_reg/C
  -------------------------------------------------------------------    -------------------
    SLICE_X12Y31         FDRE (Prop_fdre_C_Q)         0.308     4.999 f  u_core/c_reg2_reg/Q
                         net (fo=1, routed)           0.438     5.437    u_core/c_reg2
    DSP48_X0Y12          DSP48E1                                      r  u_core/p_reg_reg/OPMODE[5]  (IS_INVERTED)
  -------------------------------------------------------------------    -------------------

                         (clock clk rise edge)       10.000    10.000 r  
    P23                                               0.000    10.000 r  clk (IN)
                         net (fo=0)                   0.000    10.000    clk
    P23                  IBUF (Prop_ibuf_I_O)         0.769    10.769 r  clk_IBUF_inst/O
                         net (fo=1, routed)           2.040    12.809    clk_IBUF
    BUFGCTRL_X0Y0        BUFG (Prop_bufg_I_O)         0.113    12.922 r  clk_IBUF_BUFG_inst/O
                         net (fo=57, routed)          1.539    14.461    u_core/clk
    DSP48_X0Y12          DSP48E1                                      r  u_core/p_reg_reg/CLK
                         clock pessimism              0.267    14.728    
                         clock uncertainty           -0.035    14.693    
    DSP48_X0Y12          DSP48E1 (Setup_dsp48e1_CLK_OPMODE[5])
                                                     -1.872    12.821    u_core/p_reg_reg
  -------------------------------------------------------------------
                         required time                         12.821    
                         arrival time                          -5.437    
  -------------------------------------------------------------------
                         slack                                  7.384    

Slack (MET) :             7.501ns  (required time - arrival time)
  Source:                 u_core/v_reg3_reg/C
                            (rising edge-triggered cell FDRE clocked by clk  {rise@0.000ns fall@5.000ns period=10.000ns})
  Destination:            u_core/psum_out_reg[10]/CE
                            (rising edge-triggered cell FDRE clocked by clk  {rise@0.000ns fall@5.000ns period=10.000ns})
  Path Group:             clk
  Path Type:              Setup (Max at Slow Process Corner)
  Requirement:            10.000ns  (clk rise@10.000ns - clk rise@0.000ns)
  Data Path Delay:        2.229ns  (logic 0.361ns (16.194%)  route 1.868ns (83.806%))
  Logic Levels:           1  (LUT2=1)
  Clock Path Skew:        -0.015ns (DCD - SCD + CPR)
    Destination Clock Delay (DCD):    4.399ns = ( 14.399 - 10.000 ) 
    Source Clock Delay      (SCD):    4.689ns
    Clock Pessimism Removal (CPR):    0.275ns
  Clock Uncertainty:      0.035ns  ((TSJ^2 + TIJ^2)^1/2 + DJ) / 2 + PE
    Total System Jitter     (TSJ):    0.071ns
    Total Input Jitter      (TIJ):    0.000ns
    Discrete Jitter          (DJ):    0.000ns
    Phase Error              (PE):    0.000ns

    Location             Delay type                Incr(ns)  Path(ns)    Netlist Resource(s)
  -------------------------------------------------------------------    -------------------
                         (clock clk rise edge)        0.000     0.000 r  
    P23                                               0.000     0.000 r  clk (IN)
                         net (fo=0)                   0.000     0.000    clk
    P23                  IBUF (Prop_ibuf_I_O)         0.845     0.845 r  clk_IBUF_inst/O
                         net (fo=1, routed)           2.140     2.985    clk_IBUF
    BUFGCTRL_X0Y0        BUFG (Prop_bufg_I_O)         0.120     3.105 r  clk_IBUF_BUFG_inst/O
                         net (fo=57, routed)          1.584     4.689    u_core/clk
    SLICE_X12Y29         FDRE                                         r  u_core/v_reg3_reg/C
  -------------------------------------------------------------------    -------------------
    SLICE_X12Y29         FDRE (Prop_fdre_C_Q)         0.308     4.997 r  u_core/v_reg3_reg/Q
                         net (fo=1, routed)           0.463     5.460    u_core/v_reg3
    SLICE_X12Y29         LUT2 (Prop_lut2_I0_O)        0.053     5.513 r  u_core/psum_out[31]_i_2/O
                         net (fo=33, routed)          1.405     6.918    u_core/psum_out[31]_i_2_n_0
    SLICE_X12Y32         FDRE                                         r  u_core/psum_out_reg[10]/CE
  -------------------------------------------------------------------    -------------------

                         (clock clk rise edge)       10.000    10.000 r  
    P23                                               0.000    10.000 r  clk (IN)
                         net (fo=0)                   0.000    10.000    clk
    P23                  IBUF (Prop_ibuf_I_O)         0.769    10.769 r  clk_IBUF_inst/O
                         net (fo=1, routed)           2.040    12.809    clk_IBUF
    BUFGCTRL_X0Y0        BUFG (Prop_bufg_I_O)         0.113    12.922 r  clk_IBUF_BUFG_inst/O
                         net (fo=57, routed)          1.477    14.399    u_core/clk
    SLICE_X12Y32         FDRE                                         r  u_core/psum_out_reg[10]/C
                         clock pessimism              0.275    14.674    
                         clock uncertainty           -0.035    14.639    
    SLICE_X12Y32         FDRE (Setup_fdre_C_CE)      -0.219    14.420    u_core/psum_out_reg[10]
  -------------------------------------------------------------------
                         required time                         14.420    
                         arrival time                          -6.918    
  -------------------------------------------------------------------
                         slack                                  7.501    





Min Delay Paths
--------------------------------------------------------------------------------------
Slack (MET) :             0.166ns  (arrival time - required time)
  Source:                 u_core/v_reg2_reg/C
                            (rising edge-triggered cell FDRE clocked by clk  {rise@0.000ns fall@5.000ns period=10.000ns})
  Destination:            u_core/v_reg3_reg/D
                            (rising edge-triggered cell FDRE clocked by clk  {rise@0.000ns fall@5.000ns period=10.000ns})
  Path Group:             clk
  Path Type:              Hold (Min at Fast Process Corner)
  Requirement:            0.000ns  (clk rise@0.000ns - clk rise@0.000ns)
  Data Path Delay:        0.216ns  (logic 0.100ns (46.223%)  route 0.116ns (53.777%))
  Logic Levels:           0  
  Clock Path Skew:        0.010ns (DCD - SCD - CPR)
    Destination Clock Delay (DCD):    2.127ns
    Source Clock Delay      (SCD):    1.593ns
    Clock Pessimism Removal (CPR):    0.524ns

    Location             Delay type                Incr(ns)  Path(ns)    Netlist Resource(s)
  -------------------------------------------------------------------    -------------------
                         (clock clk rise edge)        0.000     0.000 r  
    P23                                               0.000     0.000 r  clk (IN)
                         net (fo=0)                   0.000     0.000    clk
    P23                  IBUF (Prop_ibuf_I_O)         0.109     0.109 r  clk_IBUF_inst/O
                         net (fo=1, routed)           0.863     0.972    clk_IBUF
    BUFGCTRL_X0Y0        BUFG (Prop_bufg_I_O)         0.026     0.998 r  clk_IBUF_BUFG_inst/O
                         net (fo=57, routed)          0.595     1.593    u_core/clk
    SLICE_X13Y31         FDRE                                         r  u_core/v_reg2_reg/C
  -------------------------------------------------------------------    -------------------
    SLICE_X13Y31         FDRE (Prop_fdre_C_Q)         0.100     1.693 r  u_core/v_reg2_reg/Q
                         net (fo=2, routed)           0.116     1.809    u_core/v_reg2
    SLICE_X12Y29         FDRE                                         r  u_core/v_reg3_reg/D
  -------------------------------------------------------------------    -------------------

                         (clock clk rise edge)        0.000     0.000 r  
    P23                                               0.000     0.000 r  clk (IN)
                         net (fo=0)                   0.000     0.000    clk
    P23                  IBUF (Prop_ibuf_I_O)         0.357     0.357 r  clk_IBUF_inst/O
                         net (fo=1, routed)           0.928     1.285    clk_IBUF
    BUFGCTRL_X0Y0        BUFG (Prop_bufg_I_O)         0.030     1.315 r  clk_IBUF_BUFG_inst/O
                         net (fo=57, routed)          0.812     2.127    u_core/clk
    SLICE_X12Y29         FDRE                                         r  u_core/v_reg3_reg/C
                         clock pessimism             -0.524     1.603    
    SLICE_X12Y29         FDRE (Hold_fdre_C_D)         0.040     1.643    u_core/v_reg3_reg
  -------------------------------------------------------------------
                         required time                         -1.643    
                         arrival time                           1.809    
  -------------------------------------------------------------------
                         slack                                  0.166    

Slack (MET) :             0.175ns  (arrival time - required time)
  Source:                 u_controller/FSM_onehot_state_reg[2]/C
                            (rising edge-triggered cell FDCE clocked by clk  {rise@0.000ns fall@5.000ns period=10.000ns})
  Destination:            u_controller/done_reg/D
                            (rising edge-triggered cell FDCE clocked by clk  {rise@0.000ns fall@5.000ns period=10.000ns})
  Path Group:             clk
  Path Type:              Hold (Min at Fast Process Corner)
  Requirement:            0.000ns  (clk rise@0.000ns - clk rise@0.000ns)
  Data Path Delay:        0.246ns  (logic 0.146ns (59.284%)  route 0.100ns (40.716%))
  Logic Levels:           1  (LUT2=1)
  Clock Path Skew:        0.011ns (DCD - SCD - CPR)
    Destination Clock Delay (DCD):    2.131ns
    Source Clock Delay      (SCD):    1.595ns
    Clock Pessimism Removal (CPR):    0.525ns

    Location             Delay type                Incr(ns)  Path(ns)    Netlist Resource(s)
  -------------------------------------------------------------------    -------------------
                         (clock clk rise edge)        0.000     0.000 r  
    P23                                               0.000     0.000 r  clk (IN)
                         net (fo=0)                   0.000     0.000    clk
    P23                  IBUF (Prop_ibuf_I_O)         0.109     0.109 r  clk_IBUF_inst/O
                         net (fo=1, routed)           0.863     0.972    clk_IBUF
    BUFGCTRL_X0Y0        BUFG (Prop_bufg_I_O)         0.026     0.998 r  clk_IBUF_BUFG_inst/O
                         net (fo=57, routed)          0.597     1.595    u_controller/clk
    SLICE_X12Y33         FDCE                                         r  u_controller/FSM_onehot_state_reg[2]/C
  -------------------------------------------------------------------    -------------------
    SLICE_X12Y33         FDCE (Prop_fdce_C_Q)         0.118     1.713 r  u_controller/FSM_onehot_state_reg[2]/Q
                         net (fo=7, routed)           0.100     1.813    u_controller/FSM_onehot_state_reg_n_0_[2]
    SLICE_X13Y33         LUT2 (Prop_lut2_I1_O)        0.028     1.841 r  u_controller/done_i_2/O
                         net (fo=1, routed)           0.000     1.841    u_controller/done_i_2_n_0
    SLICE_X13Y33         FDCE                                         r  u_controller/done_reg/D
  -------------------------------------------------------------------    -------------------

                         (clock clk rise edge)        0.000     0.000 r  
    P23                                               0.000     0.000 r  clk (IN)
                         net (fo=0)                   0.000     0.000    clk
    P23                  IBUF (Prop_ibuf_I_O)         0.357     0.357 r  clk_IBUF_inst/O
                         net (fo=1, routed)           0.928     1.285    clk_IBUF
    BUFGCTRL_X0Y0        BUFG (Prop_bufg_I_O)         0.030     1.315 r  clk_IBUF_BUFG_inst/O
                         net (fo=57, routed)          0.816     2.131    u_controller/clk
    SLICE_X13Y33         FDCE                                         r  u_controller/done_reg/C
                         clock pessimism             -0.525     1.606    
    SLICE_X13Y33         FDCE (Hold_fdce_C_D)         0.060     1.666    u_controller/done_reg
  -------------------------------------------------------------------
                         required time                         -1.666    
                         arrival time                           1.841    
  -------------------------------------------------------------------
                         slack                                  0.175    

Slack (MET) :             0.176ns  (arrival time - required time)
  Source:                 u_core/valid_out_reg/C
                            (rising edge-triggered cell FDRE clocked by clk  {rise@0.000ns fall@5.000ns period=10.000ns})
  Destination:            u_controller/FSM_onehot_state_reg[0]/D
                            (rising edge-triggered cell FDPE clocked by clk  {rise@0.000ns fall@5.000ns period=10.000ns})
  Path Group:             clk
  Path Type:              Hold (Min at Fast Process Corner)
  Requirement:            0.000ns  (clk rise@0.000ns - clk rise@0.000ns)
  Data Path Delay:        0.277ns  (logic 0.146ns (52.795%)  route 0.131ns (47.205%))
  Logic Levels:           1  (LUT6=1)
  Clock Path Skew:        0.014ns (DCD - SCD - CPR)
    Destination Clock Delay (DCD):    2.131ns
    Source Clock Delay      (SCD):    1.593ns
    Clock Pessimism Removal (CPR):    0.524ns

    Location             Delay type                Incr(ns)  Path(ns)    Netlist Resource(s)
  -------------------------------------------------------------------    -------------------
                         (clock clk rise edge)        0.000     0.000 r  
    P23                                               0.000     0.000 r  clk (IN)
                         net (fo=0)                   0.000     0.000    clk
    P23                  IBUF (Prop_ibuf_I_O)         0.109     0.109 r  clk_IBUF_inst/O
                         net (fo=1, routed)           0.863     0.972    clk_IBUF
    BUFGCTRL_X0Y0        BUFG (Prop_bufg_I_O)         0.026     0.998 r  clk_IBUF_BUFG_inst/O
                         net (fo=57, routed)          0.595     1.593    u_core/clk
    SLICE_X12Y31         FDRE                                         r  u_core/valid_out_reg/C
  -------------------------------------------------------------------    -------------------
    SLICE_X12Y31         FDRE (Prop_fdre_C_Q)         0.118     1.711 r  u_core/valid_out_reg/Q
                         net (fo=5, routed)           0.131     1.841    u_controller/valid_out_core
    SLICE_X12Y33         LUT6 (Prop_lut6_I5_O)        0.028     1.869 r  u_controller/FSM_onehot_state[0]_i_1/O
                         net (fo=1, routed)           0.000     1.869    u_controller/FSM_onehot_state[0]_i_1_n_0
    SLICE_X12Y33         FDPE                                         r  u_controller/FSM_onehot_state_reg[0]/D
  -------------------------------------------------------------------    -------------------

                         (clock clk rise edge)        0.000     0.000 r  
    P23                                               0.000     0.000 r  clk (IN)
                         net (fo=0)                   0.000     0.000    clk
    P23                  IBUF (Prop_ibuf_I_O)         0.357     0.357 r  clk_IBUF_inst/O
                         net (fo=1, routed)           0.928     1.285    clk_IBUF
    BUFGCTRL_X0Y0        BUFG (Prop_bufg_I_O)         0.030     1.315 r  clk_IBUF_BUFG_inst/O
                         net (fo=57, routed)          0.816     2.131    u_controller/clk
    SLICE_X12Y33         FDPE                                         r  u_controller/FSM_onehot_state_reg[0]/C
                         clock pessimism             -0.524     1.607    
    SLICE_X12Y33         FDPE (Hold_fdpe_C_D)         0.087     1.694    u_controller/FSM_onehot_state_reg[0]
  -------------------------------------------------------------------
                         required time                         -1.694    
                         arrival time                           1.869    
  -------------------------------------------------------------------
                         slack                                  0.176    

Slack (MET) :             0.177ns  (arrival time - required time)
  Source:                 u_core/valid_out_reg/C
                            (rising edge-triggered cell FDRE clocked by clk  {rise@0.000ns fall@5.000ns period=10.000ns})
  Destination:            u_controller/FSM_onehot_state_reg[2]/D
                            (rising edge-triggered cell FDCE clocked by clk  {rise@0.000ns fall@5.000ns period=10.000ns})
  Path Group:             clk
  Path Type:              Hold (Min at Fast Process Corner)
  Requirement:            0.000ns  (clk rise@0.000ns - clk rise@0.000ns)
  Data Path Delay:        0.278ns  (logic 0.146ns (52.605%)  route 0.132ns (47.395%))
  Logic Levels:           1  (LUT6=1)
  Clock Path Skew:        0.014ns (DCD - SCD - CPR)
    Destination Clock Delay (DCD):    2.131ns
    Source Clock Delay      (SCD):    1.593ns
    Clock Pessimism Removal (CPR):    0.524ns

    Location             Delay type                Incr(ns)  Path(ns)    Netlist Resource(s)
  -------------------------------------------------------------------    -------------------
                         (clock clk rise edge)        0.000     0.000 r  
    P23                                               0.000     0.000 r  clk (IN)
                         net (fo=0)                   0.000     0.000    clk
    P23                  IBUF (Prop_ibuf_I_O)         0.109     0.109 r  clk_IBUF_inst/O
                         net (fo=1, routed)           0.863     0.972    clk_IBUF
    BUFGCTRL_X0Y0        BUFG (Prop_bufg_I_O)         0.026     0.998 r  clk_IBUF_BUFG_inst/O
                         net (fo=57, routed)          0.595     1.593    u_core/clk
    SLICE_X12Y31         FDRE                                         r  u_core/valid_out_reg/C
  -------------------------------------------------------------------    -------------------
    SLICE_X12Y31         FDRE (Prop_fdre_C_Q)         0.118     1.711 f  u_core/valid_out_reg/Q
                         net (fo=5, routed)           0.132     1.842    u_controller/valid_out_core
    SLICE_X12Y33         LUT6 (Prop_lut6_I5_O)        0.028     1.870 r  u_controller/FSM_onehot_state[2]_i_1/O
                         net (fo=1, routed)           0.000     1.870    u_controller/FSM_onehot_state[2]_i_1_n_0
    SLICE_X12Y33         FDCE                                         r  u_controller/FSM_onehot_state_reg[2]/D
  -------------------------------------------------------------------    -------------------

                         (clock clk rise edge)        0.000     0.000 r  
    P23                                               0.000     0.000 r  clk (IN)
                         net (fo=0)                   0.000     0.000    clk
    P23                  IBUF (Prop_ibuf_I_O)         0.357     0.357 r  clk_IBUF_inst/O
                         net (fo=1, routed)           0.928     1.285    clk_IBUF
    BUFGCTRL_X0Y0        BUFG (Prop_bufg_I_O)         0.030     1.315 r  clk_IBUF_BUFG_inst/O
                         net (fo=57, routed)          0.816     2.131    u_controller/clk
    SLICE_X12Y33         FDCE                                         r  u_controller/FSM_onehot_state_reg[2]/C
                         clock pessimism             -0.524     1.607    
    SLICE_X12Y33         FDCE (Hold_fdce_C_D)         0.087     1.694    u_controller/FSM_onehot_state_reg[2]
  -------------------------------------------------------------------
                         required time                         -1.694    
                         arrival time                           1.870    
  -------------------------------------------------------------------
                         slack                                  0.177    

Slack (MET) :             0.186ns  (arrival time - required time)
  Source:                 u_core/v_reg1_reg/C
                            (rising edge-triggered cell FDRE clocked by clk  {rise@0.000ns fall@5.000ns period=10.000ns})
  Destination:            u_core/p_reg_reg/CEM
                            (rising edge-triggered cell DSP48E1 clocked by clk  {rise@0.000ns fall@5.000ns period=10.000ns})
  Path Group:             clk
  Path Type:              Hold (Min at Fast Process Corner)
  Requirement:            0.000ns  (clk rise@0.000ns - clk rise@0.000ns)
  Data Path Delay:        0.366ns  (logic 0.128ns (34.972%)  route 0.238ns (65.028%))
  Logic Levels:           1  (LUT2=1)
  Clock Path Skew:        0.095ns (DCD - SCD - CPR)
    Destination Clock Delay (DCD):    2.193ns
    Source Clock Delay      (SCD):    1.593ns
    Clock Pessimism Removal (CPR):    0.505ns

    Location             Delay type                Incr(ns)  Path(ns)    Netlist Resource(s)
  -------------------------------------------------------------------    -------------------
                         (clock clk rise edge)        0.000     0.000 r  
    P23                                               0.000     0.000 r  clk (IN)
                         net (fo=0)                   0.000     0.000    clk
    P23                  IBUF (Prop_ibuf_I_O)         0.109     0.109 r  clk_IBUF_inst/O
                         net (fo=1, routed)           0.863     0.972    clk_IBUF
    BUFGCTRL_X0Y0        BUFG (Prop_bufg_I_O)         0.026     0.998 r  clk_IBUF_BUFG_inst/O
                         net (fo=57, routed)          0.595     1.593    u_core/clk
    SLICE_X13Y31         FDRE                                         r  u_core/v_reg1_reg/C
  -------------------------------------------------------------------    -------------------
    SLICE_X13Y31         FDRE (Prop_fdre_C_Q)         0.100     1.693 r  u_core/v_reg1_reg/Q
                         net (fo=2, routed)           0.132     1.825    u_core/v_reg1
    SLICE_X12Y31         LUT2 (Prop_lut2_I1_O)        0.028     1.853 r  u_core/p_reg_reg_i_2/O
                         net (fo=1, routed)           0.106     1.959    u_core/m_reg[0]
    DSP48_X0Y12          DSP48E1                                      r  u_core/p_reg_reg/CEM
  -------------------------------------------------------------------    -------------------

                         (clock clk rise edge)        0.000     0.000 r  
    P23                                               0.000     0.000 r  clk (IN)
                         net (fo=0)                   0.000     0.000    clk
    P23                  IBUF (Prop_ibuf_I_O)         0.357     0.357 r  clk_IBUF_inst/O
                         net (fo=1, routed)           0.928     1.285    clk_IBUF
    BUFGCTRL_X0Y0        BUFG (Prop_bufg_I_O)         0.030     1.315 r  clk_IBUF_BUFG_inst/O
                         net (fo=57, routed)          0.878     2.193    u_core/clk
    DSP48_X0Y12          DSP48E1                                      r  u_core/p_reg_reg/CLK
                         clock pessimism             -0.505     1.688    
    DSP48_X0Y12          DSP48E1 (Hold_dsp48e1_CLK_CEM)
                                                      0.085     1.773    u_core/p_reg_reg
  -------------------------------------------------------------------
                         required time                         -1.773    
                         arrival time                           1.959    
  -------------------------------------------------------------------
                         slack                                  0.186    

Slack (MET) :             0.195ns  (arrival time - required time)
  Source:                 u_controller/count_reg[6]/C
                            (rising edge-triggered cell FDCE clocked by clk  {rise@0.000ns fall@5.000ns period=10.000ns})
  Destination:            u_controller/count_reg[7]/D
                            (rising edge-triggered cell FDCE clocked by clk  {rise@0.000ns fall@5.000ns period=10.000ns})
  Path Group:             clk
  Path Type:              Hold (Min at Fast Process Corner)
  Requirement:            0.000ns  (clk rise@0.000ns - clk rise@0.000ns)
  Data Path Delay:        0.270ns  (logic 0.129ns (47.817%)  route 0.141ns (52.183%))
  Logic Levels:           1  (LUT4=1)
  Clock Path Skew:        0.000ns (DCD - SCD - CPR)
    Destination Clock Delay (DCD):    2.129ns
    Source Clock Delay      (SCD):    1.593ns
    Clock Pessimism Removal (CPR):    0.536ns

    Location             Delay type                Incr(ns)  Path(ns)    Netlist Resource(s)
  -------------------------------------------------------------------    -------------------
                         (clock clk rise edge)        0.000     0.000 r  
    P23                                               0.000     0.000 r  clk (IN)
                         net (fo=0)                   0.000     0.000    clk
    P23                  IBUF (Prop_ibuf_I_O)         0.109     0.109 r  clk_IBUF_inst/O
                         net (fo=1, routed)           0.863     0.972    clk_IBUF
    BUFGCTRL_X0Y0        BUFG (Prop_bufg_I_O)         0.026     0.998 r  clk_IBUF_BUFG_inst/O
                         net (fo=57, routed)          0.595     1.593    u_controller/clk
    SLICE_X15Y31         FDCE                                         r  u_controller/count_reg[6]/C
  -------------------------------------------------------------------    -------------------
    SLICE_X15Y31         FDCE (Prop_fdce_C_Q)         0.100     1.693 r  u_controller/count_reg[6]/Q
                         net (fo=4, routed)           0.141     1.834    u_controller/count_reg_n_0_[6]
    SLICE_X15Y31         LUT4 (Prop_lut4_I1_O)        0.029     1.863 r  u_controller/count[7]_i_2/O
                         net (fo=1, routed)           0.000     1.863    u_controller/count[7]_i_2_n_0
    SLICE_X15Y31         FDCE                                         r  u_controller/count_reg[7]/D
  -------------------------------------------------------------------    -------------------

                         (clock clk rise edge)        0.000     0.000 r  
    P23                                               0.000     0.000 r  clk (IN)
                         net (fo=0)                   0.000     0.000    clk
    P23                  IBUF (Prop_ibuf_I_O)         0.357     0.357 r  clk_IBUF_inst/O
                         net (fo=1, routed)           0.928     1.285    clk_IBUF
    BUFGCTRL_X0Y0        BUFG (Prop_bufg_I_O)         0.030     1.315 r  clk_IBUF_BUFG_inst/O
                         net (fo=57, routed)          0.814     2.129    u_controller/clk
    SLICE_X15Y31         FDCE                                         r  u_controller/count_reg[7]/C
                         clock pessimism             -0.536     1.593    
    SLICE_X15Y31         FDCE (Hold_fdce_C_D)         0.075     1.668    u_controller/count_reg[7]
  -------------------------------------------------------------------
                         required time                         -1.668    
                         arrival time                           1.863    
  -------------------------------------------------------------------
                         slack                                  0.195    

Slack (MET) :             0.206ns  (arrival time - required time)
  Source:                 u_core/c_reg1_reg/C
                            (rising edge-triggered cell FDRE clocked by clk  {rise@0.000ns fall@5.000ns period=10.000ns})
  Destination:            u_core/c_reg2_reg/D
                            (rising edge-triggered cell FDRE clocked by clk  {rise@0.000ns fall@5.000ns period=10.000ns})
  Path Group:             clk
  Path Type:              Hold (Min at Fast Process Corner)
  Requirement:            0.000ns  (clk rise@0.000ns - clk rise@0.000ns)
  Data Path Delay:        0.254ns  (logic 0.100ns (39.302%)  route 0.154ns (60.698%))
  Logic Levels:           0  
  Clock Path Skew:        0.011ns (DCD - SCD - CPR)
    Destination Clock Delay (DCD):    2.129ns
    Source Clock Delay      (SCD):    1.593ns
    Clock Pessimism Removal (CPR):    0.525ns

    Location             Delay type                Incr(ns)  Path(ns)    Netlist Resource(s)
  -------------------------------------------------------------------    -------------------
                         (clock clk rise edge)        0.000     0.000 r  
    P23                                               0.000     0.000 r  clk (IN)
                         net (fo=0)                   0.000     0.000    clk
    P23                  IBUF (Prop_ibuf_I_O)         0.109     0.109 r  clk_IBUF_inst/O
                         net (fo=1, routed)           0.863     0.972    clk_IBUF
    BUFGCTRL_X0Y0        BUFG (Prop_bufg_I_O)         0.026     0.998 r  clk_IBUF_BUFG_inst/O
                         net (fo=57, routed)          0.595     1.593    u_core/clk
    SLICE_X13Y31         FDRE                                         r  u_core/c_reg1_reg/C
  -------------------------------------------------------------------    -------------------
    SLICE_X13Y31         FDRE (Prop_fdre_C_Q)         0.100     1.693 r  u_core/c_reg1_reg/Q
                         net (fo=1, routed)           0.154     1.847    u_core/c_reg1
    SLICE_X12Y31         FDRE                                         r  u_core/c_reg2_reg/D
  -------------------------------------------------------------------    -------------------

                         (clock clk rise edge)        0.000     0.000 r  
    P23                                               0.000     0.000 r  clk (IN)
                         net (fo=0)                   0.000     0.000    clk
    P23                  IBUF (Prop_ibuf_I_O)         0.357     0.357 r  clk_IBUF_inst/O
                         net (fo=1, routed)           0.928     1.285    clk_IBUF
    BUFGCTRL_X0Y0        BUFG (Prop_bufg_I_O)         0.030     1.315 r  clk_IBUF_BUFG_inst/O
                         net (fo=57, routed)          0.814     2.129    u_core/clk
    SLICE_X12Y31         FDRE                                         r  u_core/c_reg2_reg/C
                         clock pessimism             -0.525     1.604    
    SLICE_X12Y31         FDRE (Hold_fdre_C_D)         0.037     1.641    u_core/c_reg2_reg
  -------------------------------------------------------------------
                         required time                         -1.641    
                         arrival time                           1.847    
  -------------------------------------------------------------------
                         slack                                  0.206    

Slack (MET) :             0.208ns  (arrival time - required time)
  Source:                 u_controller/valid_in_reg/C
                            (rising edge-triggered cell FDCE clocked by clk  {rise@0.000ns fall@5.000ns period=10.000ns})
  Destination:            u_core/v_reg1_reg/D
                            (rising edge-triggered cell FDRE clocked by clk  {rise@0.000ns fall@5.000ns period=10.000ns})
  Path Group:             clk
  Path Type:              Hold (Min at Fast Process Corner)
  Requirement:            0.000ns  (clk rise@0.000ns - clk rise@0.000ns)
  Data Path Delay:        0.256ns  (logic 0.118ns (46.011%)  route 0.138ns (53.989%))
  Logic Levels:           0  
  Clock Path Skew:        0.012ns (DCD - SCD - CPR)
    Destination Clock Delay (DCD):    2.129ns
    Source Clock Delay      (SCD):    1.593ns
    Clock Pessimism Removal (CPR):    0.524ns

    Location             Delay type                Incr(ns)  Path(ns)    Netlist Resource(s)
  -------------------------------------------------------------------    -------------------
                         (clock clk rise edge)        0.000     0.000 r  
    P23                                               0.000     0.000 r  clk (IN)
                         net (fo=0)                   0.000     0.000    clk
    P23                  IBUF (Prop_ibuf_I_O)         0.109     0.109 r  clk_IBUF_inst/O
                         net (fo=1, routed)           0.863     0.972    clk_IBUF
    BUFGCTRL_X0Y0        BUFG (Prop_bufg_I_O)         0.026     0.998 r  clk_IBUF_BUFG_inst/O
                         net (fo=57, routed)          0.595     1.593    u_controller/clk
    SLICE_X14Y31         FDCE                                         r  u_controller/valid_in_reg/C
  -------------------------------------------------------------------    -------------------
    SLICE_X14Y31         FDCE (Prop_fdce_C_Q)         0.118     1.711 r  u_controller/valid_in_reg/Q
                         net (fo=3, routed)           0.138     1.849    u_core/valid_in
    SLICE_X13Y31         FDRE                                         r  u_core/v_reg1_reg/D
  -------------------------------------------------------------------    -------------------

                         (clock clk rise edge)        0.000     0.000 r  
    P23                                               0.000     0.000 r  clk (IN)
                         net (fo=0)                   0.000     0.000    clk
    P23                  IBUF (Prop_ibuf_I_O)         0.357     0.357 r  clk_IBUF_inst/O
                         net (fo=1, routed)           0.928     1.285    clk_IBUF
    BUFGCTRL_X0Y0        BUFG (Prop_bufg_I_O)         0.030     1.315 r  clk_IBUF_BUFG_inst/O
                         net (fo=57, routed)          0.814     2.129    u_core/clk
    SLICE_X13Y31         FDRE                                         r  u_core/v_reg1_reg/C
                         clock pessimism             -0.524     1.605    
    SLICE_X13Y31         FDRE (Hold_fdre_C_D)         0.036     1.641    u_core/v_reg1_reg
  -------------------------------------------------------------------
                         required time                         -1.641    
                         arrival time                           1.849    
  -------------------------------------------------------------------
                         slack                                  0.208    

Slack (MET) :             0.209ns  (arrival time - required time)
  Source:                 u_controller/count_reg[6]/C
                            (rising edge-triggered cell FDCE clocked by clk  {rise@0.000ns fall@5.000ns period=10.000ns})
  Destination:            u_controller/count_reg[6]/D
                            (rising edge-triggered cell FDCE clocked by clk  {rise@0.000ns fall@5.000ns period=10.000ns})
  Path Group:             clk
  Path Type:              Hold (Min at Fast Process Corner)
  Requirement:            0.000ns  (clk rise@0.000ns - clk rise@0.000ns)
  Data Path Delay:        0.269ns  (logic 0.128ns (47.623%)  route 0.141ns (52.377%))
  Logic Levels:           1  (LUT3=1)
  Clock Path Skew:        0.000ns (DCD - SCD - CPR)
    Destination Clock Delay (DCD):    2.129ns
    Source Clock Delay      (SCD):    1.593ns
    Clock Pessimism Removal (CPR):    0.536ns

    Location             Delay type                Incr(ns)  Path(ns)    Netlist Resource(s)
  -------------------------------------------------------------------    -------------------
                         (clock clk rise edge)        0.000     0.000 r  
    P23                                               0.000     0.000 r  clk (IN)
                         net (fo=0)                   0.000     0.000    clk
    P23                  IBUF (Prop_ibuf_I_O)         0.109     0.109 r  clk_IBUF_inst/O
                         net (fo=1, routed)           0.863     0.972    clk_IBUF
    BUFGCTRL_X0Y0        BUFG (Prop_bufg_I_O)         0.026     0.998 r  clk_IBUF_BUFG_inst/O
                         net (fo=57, routed)          0.595     1.593    u_controller/clk
    SLICE_X15Y31         FDCE                                         r  u_controller/count_reg[6]/C
  -------------------------------------------------------------------    -------------------
    SLICE_X15Y31         FDCE (Prop_fdce_C_Q)         0.100     1.693 r  u_controller/count_reg[6]/Q
                         net (fo=4, routed)           0.141     1.834    u_controller/count_reg_n_0_[6]
    SLICE_X15Y31         LUT3 (Prop_lut3_I2_O)        0.028     1.862 r  u_controller/count[6]_i_1/O
                         net (fo=1, routed)           0.000     1.862    u_controller/count[6]_i_1_n_0
    SLICE_X15Y31         FDCE                                         r  u_controller/count_reg[6]/D
  -------------------------------------------------------------------    -------------------

                         (clock clk rise edge)        0.000     0.000 r  
    P23                                               0.000     0.000 r  clk (IN)
                         net (fo=0)                   0.000     0.000    clk
    P23                  IBUF (Prop_ibuf_I_O)         0.357     0.357 r  clk_IBUF_inst/O
                         net (fo=1, routed)           0.928     1.285    clk_IBUF
    BUFGCTRL_X0Y0        BUFG (Prop_bufg_I_O)         0.030     1.315 r  clk_IBUF_BUFG_inst/O
                         net (fo=57, routed)          0.814     2.129    u_controller/clk
    SLICE_X15Y31         FDCE                                         r  u_controller/count_reg[6]/C
                         clock pessimism             -0.536     1.593    
    SLICE_X15Y31         FDCE (Hold_fdce_C_D)         0.060     1.653    u_controller/count_reg[6]
  -------------------------------------------------------------------
                         required time                         -1.653    
                         arrival time                           1.862    
  -------------------------------------------------------------------
                         slack                                  0.209    

Slack (MET) :             0.210ns  (arrival time - required time)
  Source:                 u_controller/last_mac_in_reg/C
                            (rising edge-triggered cell FDCE clocked by clk  {rise@0.000ns fall@5.000ns period=10.000ns})
  Destination:            u_controller/last_mac_in_reg/D
                            (rising edge-triggered cell FDCE clocked by clk  {rise@0.000ns fall@5.000ns period=10.000ns})
  Path Group:             clk
  Path Type:              Hold (Min at Fast Process Corner)
  Requirement:            0.000ns  (clk rise@0.000ns - clk rise@0.000ns)
  Data Path Delay:        0.297ns  (logic 0.146ns (49.195%)  route 0.151ns (50.805%))
  Logic Levels:           1  (LUT6=1)
  Clock Path Skew:        0.000ns (DCD - SCD - CPR)
    Destination Clock Delay (DCD):    2.131ns
    Source Clock Delay      (SCD):    1.595ns
    Clock Pessimism Removal (CPR):    0.536ns

    Location             Delay type                Incr(ns)  Path(ns)    Netlist Resource(s)
  -------------------------------------------------------------------    -------------------
                         (clock clk rise edge)        0.000     0.000 r  
    P23                                               0.000     0.000 r  clk (IN)
                         net (fo=0)                   0.000     0.000    clk
    P23                  IBUF (Prop_ibuf_I_O)         0.109     0.109 r  clk_IBUF_inst/O
                         net (fo=1, routed)           0.863     0.972    clk_IBUF
    BUFGCTRL_X0Y0        BUFG (Prop_bufg_I_O)         0.026     0.998 r  clk_IBUF_BUFG_inst/O
                         net (fo=57, routed)          0.597     1.595    u_controller/clk
    SLICE_X12Y33         FDCE                                         r  u_controller/last_mac_in_reg/C
  -------------------------------------------------------------------    -------------------
    SLICE_X12Y33         FDCE (Prop_fdce_C_Q)         0.118     1.713 r  u_controller/last_mac_in_reg/Q
                         net (fo=2, routed)           0.151     1.864    u_controller/last_mac_in
    SLICE_X12Y33         LUT6 (Prop_lut6_I5_O)        0.028     1.892 r  u_controller/last_mac_in_i_1/O
                         net (fo=1, routed)           0.000     1.892    u_controller/last_mac_in_i_1_n_0
    SLICE_X12Y33         FDCE                                         r  u_controller/last_mac_in_reg/D
  -------------------------------------------------------------------    -------------------

                         (clock clk rise edge)        0.000     0.000 r  
    P23                                               0.000     0.000 r  clk (IN)
                         net (fo=0)                   0.000     0.000    clk
    P23                  IBUF (Prop_ibuf_I_O)         0.357     0.357 r  clk_IBUF_inst/O
                         net (fo=1, routed)           0.928     1.285    clk_IBUF
    BUFGCTRL_X0Y0        BUFG (Prop_bufg_I_O)         0.030     1.315 r  clk_IBUF_BUFG_inst/O
                         net (fo=57, routed)          0.816     2.131    u_controller/clk
    SLICE_X12Y33         FDCE                                         r  u_controller/last_mac_in_reg/C
                         clock pessimism             -0.536     1.595    
    SLICE_X12Y33         FDCE (Hold_fdce_C_D)         0.087     1.682    u_controller/last_mac_in_reg
  -------------------------------------------------------------------
                         required time                         -1.682    
                         arrival time                           1.892    
  -------------------------------------------------------------------
                         slack                                  0.210    





Pulse Width Checks
--------------------------------------------------------------------------------------
Clock Name:         clk
Waveform(ns):       { 0.000 5.000 }
Period(ns):         10.000
Sources:            { clk }

Check Type        Corner  Lib Pin      Reference Pin  Required(ns)  Actual(ns)  Slack(ns)  Location       Pin
Min Period        n/a     DSP48E1/CLK  n/a            1.825         10.000      8.175      DSP48_X0Y12    u_core/p_reg_reg/CLK
Min Period        n/a     BUFG/I       n/a            1.600         10.000      8.400      BUFGCTRL_X0Y0  clk_IBUF_BUFG_inst/I
Min Period        n/a     FDCE/C       n/a            0.750         10.000      9.250      SLICE_X12Y30   u_controller/count_reg[1]/C
Min Period        n/a     FDCE/C       n/a            0.750         10.000      9.250      SLICE_X12Y30   u_controller/count_reg[3]/C
Min Period        n/a     FDCE/C       n/a            0.750         10.000      9.250      SLICE_X15Y31   u_controller/count_reg[7]/C
Min Period        n/a     FDRE/C       n/a            0.750         10.000      9.250      SLICE_X12Y32   u_core/psum_out_reg[24]/C
Min Period        n/a     FDRE/C       n/a            0.750         10.000      9.250      SLICE_X12Y32   u_core/psum_out_reg[28]/C
Min Period        n/a     FDRE/C       n/a            0.750         10.000      9.250      SLICE_X12Y32   u_core/psum_out_reg[29]/C
Min Period        n/a     FDRE/C       n/a            0.750         10.000      9.250      SLICE_X12Y32   u_core/psum_out_reg[31]/C
Min Period        n/a     FDPE/C       n/a            0.700         10.000      9.300      SLICE_X12Y33   u_controller/FSM_onehot_state_reg[0]/C
Low Pulse Width   Slow    FDCE/C       n/a            0.400         5.000       4.600      SLICE_X12Y30   u_controller/count_reg[1]/C
Low Pulse Width   Fast    FDCE/C       n/a            0.400         5.000       4.600      SLICE_X12Y30   u_controller/count_reg[1]/C
Low Pulse Width   Slow    FDCE/C       n/a            0.400         5.000       4.600      SLICE_X12Y30   u_controller/count_reg[3]/C
Low Pulse Width   Fast    FDCE/C       n/a            0.400         5.000       4.600      SLICE_X12Y30   u_controller/count_reg[3]/C
Low Pulse Width   Slow    FDCE/C       n/a            0.400         5.000       4.600      SLICE_X15Y31   u_controller/count_reg[7]/C
Low Pulse Width   Fast    FDCE/C       n/a            0.400         5.000       4.600      SLICE_X15Y31   u_controller/count_reg[7]/C
Low Pulse Width   Slow    FDRE/C       n/a            0.400         5.000       4.600      SLICE_X12Y32   u_core/psum_out_reg[24]/C
Low Pulse Width   Fast    FDRE/C       n/a            0.400         5.000       4.600      SLICE_X12Y32   u_core/psum_out_reg[24]/C
Low Pulse Width   Slow    FDRE/C       n/a            0.400         5.000       4.600      SLICE_X12Y32   u_core/psum_out_reg[28]/C
Low Pulse Width   Fast    FDRE/C       n/a            0.400         5.000       4.600      SLICE_X12Y32   u_core/psum_out_reg[28]/C
High Pulse Width  Slow    FDPE/C       n/a            0.350         5.000       4.650      SLICE_X12Y33   u_controller/FSM_onehot_state_reg[0]/C
High Pulse Width  Fast    FDPE/C       n/a            0.350         5.000       4.650      SLICE_X12Y33   u_controller/FSM_onehot_state_reg[0]/C
High Pulse Width  Slow    FDCE/C       n/a            0.350         5.000       4.650      SLICE_X12Y33   u_controller/FSM_onehot_state_reg[1]/C
High Pulse Width  Fast    FDCE/C       n/a            0.350         5.000       4.650      SLICE_X12Y33   u_controller/FSM_onehot_state_reg[1]/C
High Pulse Width  Slow    FDCE/C       n/a            0.350         5.000       4.650      SLICE_X12Y33   u_controller/FSM_onehot_state_reg[2]/C
High Pulse Width  Fast    FDCE/C       n/a            0.350         5.000       4.650      SLICE_X12Y33   u_controller/FSM_onehot_state_reg[2]/C
High Pulse Width  Slow    FDCE/C       n/a            0.350         5.000       4.650      SLICE_X13Y32   u_controller/clear_acc_reg/C
High Pulse Width  Fast    FDCE/C       n/a            0.350         5.000       4.650      SLICE_X13Y32   u_controller/clear_acc_reg/C
High Pulse Width  Slow    FDCE/C       n/a            0.350         5.000       4.650      SLICE_X12Y30   u_controller/count_reg[0]/C
High Pulse Width  Fast    FDCE/C       n/a            0.350         5.000       4.650      SLICE_X12Y30   u_controller/count_reg[0]/C



--------------------------------------------------------------------------------------
Path Group:  (none)
From Clock:  clk
  To Clock:  

Max Delay            33 Endpoints
Min Delay            33 Endpoints
--------------------------------------------------------------------------------------


Max Delay Paths
--------------------------------------------------------------------------------------
Slack:                    inf
  Source:                 u_core/psum_out_reg[0]/C
                            (rising edge-triggered cell FDRE clocked by clk  {rise@0.000ns fall@5.000ns period=10.000ns})
  Destination:            psum_out[0]
                            (output port)
  Path Group:             (none)
  Path Type:              Max at Slow Process Corner
  Data Path Delay:        4.598ns  (logic 2.695ns (58.609%)  route 1.903ns (41.391%))
  Logic Levels:           1  (OBUF=1)
  Clock Uncertainty:      0.025ns  ((TSJ^2 + TIJ^2)^1/2 + DJ) / 2 + PE
    Total System Jitter     (TSJ):    0.050ns
    Total Input Jitter      (TIJ):    0.000ns
    Discrete Jitter          (DJ):    0.000ns
    Phase Error              (PE):    0.000ns

    Location             Delay type                Incr(ns)  Path(ns)    Netlist Resource(s)
  -------------------------------------------------------------------    -------------------
                         (clock clk rise edge)        0.000     0.000 r  
    P23                                               0.000     0.000 r  clk (IN)
                         net (fo=0)                   0.000     0.000    clk
    P23                  IBUF (Prop_ibuf_I_O)         0.845     0.845 r  clk_IBUF_inst/O
                         net (fo=1, routed)           2.140     2.985    clk_IBUF
    BUFGCTRL_X0Y0        BUFG (Prop_bufg_I_O)         0.120     3.105 r  clk_IBUF_BUFG_inst/O
                         net (fo=57, routed)          1.585     4.690    u_core/clk
    SLICE_X11Y29         FDRE                                         r  u_core/psum_out_reg[0]/C
  -------------------------------------------------------------------    -------------------
    SLICE_X11Y29         FDRE (Prop_fdre_C_Q)         0.269     4.959 r  u_core/psum_out_reg[0]/Q
                         net (fo=1, routed)           1.903     6.862    psum_out_OBUF[0]
    P16                  OBUF (Prop_obuf_I_O)         2.426     9.289 r  psum_out_OBUF[0]_inst/O
                         net (fo=0)                   0.000     9.289    psum_out[0]
    P16                                                               r  psum_out[0] (OUT)
  -------------------------------------------------------------------    -------------------

Slack:                    inf
  Source:                 u_core/psum_out_reg[28]/C
                            (rising edge-triggered cell FDRE clocked by clk  {rise@0.000ns fall@5.000ns period=10.000ns})
  Destination:            psum_out[28]
                            (output port)
  Path Group:             (none)
  Path Type:              Max at Slow Process Corner
  Data Path Delay:        4.591ns  (logic 2.882ns (62.780%)  route 1.709ns (37.220%))
  Logic Levels:           1  (OBUF=1)
  Clock Uncertainty:      0.025ns  ((TSJ^2 + TIJ^2)^1/2 + DJ) / 2 + PE
    Total System Jitter     (TSJ):    0.050ns
    Total Input Jitter      (TIJ):    0.000ns
    Discrete Jitter          (DJ):    0.000ns
    Phase Error              (PE):    0.000ns

    Location             Delay type                Incr(ns)  Path(ns)    Netlist Resource(s)
  -------------------------------------------------------------------    -------------------
                         (clock clk rise edge)        0.000     0.000 r  
    P23                                               0.000     0.000 r  clk (IN)
                         net (fo=0)                   0.000     0.000    clk
    P23                  IBUF (Prop_ibuf_I_O)         0.845     0.845 r  clk_IBUF_inst/O
                         net (fo=1, routed)           2.140     2.985    clk_IBUF
    BUFGCTRL_X0Y0        BUFG (Prop_bufg_I_O)         0.120     3.105 r  clk_IBUF_BUFG_inst/O
                         net (fo=57, routed)          1.588     4.693    u_core/clk
    SLICE_X12Y32         FDRE                                         r  u_core/psum_out_reg[28]/C
  -------------------------------------------------------------------    -------------------
    SLICE_X12Y32         FDRE (Prop_fdre_C_Q)         0.282     4.975 r  u_core/psum_out_reg[28]/Q
                         net (fo=1, routed)           1.709     6.684    psum_out_OBUF[28]
    M26                  OBUF (Prop_obuf_I_O)         2.600     9.284 r  psum_out_OBUF[28]_inst/O
                         net (fo=0)                   0.000     9.284    psum_out[28]
    M26                                                               r  psum_out[28] (OUT)
  -------------------------------------------------------------------    -------------------

Slack:                    inf
  Source:                 u_core/psum_out_reg[29]/C
                            (rising edge-triggered cell FDRE clocked by clk  {rise@0.000ns fall@5.000ns period=10.000ns})
  Destination:            psum_out[29]
                            (output port)
  Path Group:             (none)
  Path Type:              Max at Slow Process Corner
  Data Path Delay:        4.586ns  (logic 2.874ns (62.664%)  route 1.712ns (37.336%))
  Logic Levels:           1  (OBUF=1)
  Clock Uncertainty:      0.025ns  ((TSJ^2 + TIJ^2)^1/2 + DJ) / 2 + PE
    Total System Jitter     (TSJ):    0.050ns
    Total Input Jitter      (TIJ):    0.000ns
    Discrete Jitter          (DJ):    0.000ns
    Phase Error              (PE):    0.000ns

    Location             Delay type                Incr(ns)  Path(ns)    Netlist Resource(s)
  -------------------------------------------------------------------    -------------------
                         (clock clk rise edge)        0.000     0.000 r  
    P23                                               0.000     0.000 r  clk (IN)
                         net (fo=0)                   0.000     0.000    clk
    P23                  IBUF (Prop_ibuf_I_O)         0.845     0.845 r  clk_IBUF_inst/O
                         net (fo=1, routed)           2.140     2.985    clk_IBUF
    BUFGCTRL_X0Y0        BUFG (Prop_bufg_I_O)         0.120     3.105 r  clk_IBUF_BUFG_inst/O
                         net (fo=57, routed)          1.588     4.693    u_core/clk
    SLICE_X12Y32         FDRE                                         r  u_core/psum_out_reg[29]/C
  -------------------------------------------------------------------    -------------------
    SLICE_X12Y32         FDRE (Prop_fdre_C_Q)         0.282     4.975 r  u_core/psum_out_reg[29]/Q
                         net (fo=1, routed)           1.712     6.687    psum_out_OBUF[29]
    N26                  OBUF (Prop_obuf_I_O)         2.592     9.279 r  psum_out_OBUF[29]_inst/O
                         net (fo=0)                   0.000     9.279    psum_out[29]
    N26                                                               r  psum_out[29] (OUT)
  -------------------------------------------------------------------    -------------------

Slack:                    inf
  Source:                 u_core/psum_out_reg[31]/C
                            (rising edge-triggered cell FDRE clocked by clk  {rise@0.000ns fall@5.000ns period=10.000ns})
  Destination:            psum_out[31]
                            (output port)
  Path Group:             (none)
  Path Type:              Max at Slow Process Corner
  Data Path Delay:        4.585ns  (logic 2.853ns (62.232%)  route 1.732ns (37.768%))
  Logic Levels:           1  (OBUF=1)
  Clock Uncertainty:      0.025ns  ((TSJ^2 + TIJ^2)^1/2 + DJ) / 2 + PE
    Total System Jitter     (TSJ):    0.050ns
    Total Input Jitter      (TIJ):    0.000ns
    Discrete Jitter          (DJ):    0.000ns
    Phase Error              (PE):    0.000ns

    Location             Delay type                Incr(ns)  Path(ns)    Netlist Resource(s)
  -------------------------------------------------------------------    -------------------
                         (clock clk rise edge)        0.000     0.000 r  
    P23                                               0.000     0.000 r  clk (IN)
                         net (fo=0)                   0.000     0.000    clk
    P23                  IBUF (Prop_ibuf_I_O)         0.845     0.845 r  clk_IBUF_inst/O
                         net (fo=1, routed)           2.140     2.985    clk_IBUF
    BUFGCTRL_X0Y0        BUFG (Prop_bufg_I_O)         0.120     3.105 r  clk_IBUF_BUFG_inst/O
                         net (fo=57, routed)          1.588     4.693    u_core/clk
    SLICE_X12Y32         FDRE                                         r  u_core/psum_out_reg[31]/C
  -------------------------------------------------------------------    -------------------
    SLICE_X12Y32         FDRE (Prop_fdre_C_Q)         0.282     4.975 r  u_core/psum_out_reg[31]/Q
                         net (fo=1, routed)           1.732     6.707    psum_out_OBUF[31]
    P24                  OBUF (Prop_obuf_I_O)         2.571     9.278 r  psum_out_OBUF[31]_inst/O
                         net (fo=0)                   0.000     9.278    psum_out[31]
    P24                                                               r  psum_out[31] (OUT)
  -------------------------------------------------------------------    -------------------

Slack:                    inf
  Source:                 u_core/psum_out_reg[11]/C
                            (rising edge-triggered cell FDRE clocked by clk  {rise@0.000ns fall@5.000ns period=10.000ns})
  Destination:            psum_out[11]
                            (output port)
  Path Group:             (none)
  Path Type:              Max at Slow Process Corner
  Data Path Delay:        4.565ns  (logic 2.777ns (60.835%)  route 1.788ns (39.165%))
  Logic Levels:           1  (OBUF=1)
  Clock Uncertainty:      0.025ns  ((TSJ^2 + TIJ^2)^1/2 + DJ) / 2 + PE
    Total System Jitter     (TSJ):    0.050ns
    Total Input Jitter      (TIJ):    0.000ns
    Discrete Jitter          (DJ):    0.000ns
    Phase Error              (PE):    0.000ns

    Location             Delay type                Incr(ns)  Path(ns)    Netlist Resource(s)
  -------------------------------------------------------------------    -------------------
                         (clock clk rise edge)        0.000     0.000 r  
    P23                                               0.000     0.000 r  clk (IN)
                         net (fo=0)                   0.000     0.000    clk
    P23                  IBUF (Prop_ibuf_I_O)         0.845     0.845 r  clk_IBUF_inst/O
                         net (fo=1, routed)           2.140     2.985    clk_IBUF
    BUFGCTRL_X0Y0        BUFG (Prop_bufg_I_O)         0.120     3.105 r  clk_IBUF_BUFG_inst/O
                         net (fo=57, routed)          1.588     4.693    u_core/clk
    SLICE_X12Y32         FDRE                                         r  u_core/psum_out_reg[11]/C
  -------------------------------------------------------------------    -------------------
    SLICE_X12Y32         FDRE (Prop_fdre_C_Q)         0.308     5.001 r  u_core/psum_out_reg[11]/Q
                         net (fo=1, routed)           1.788     6.789    psum_out_OBUF[11]
    R23                  OBUF (Prop_obuf_I_O)         2.469     9.258 r  psum_out_OBUF[11]_inst/O
                         net (fo=0)                   0.000     9.258    psum_out[11]
    R23                                                               r  psum_out[11] (OUT)
  -------------------------------------------------------------------    -------------------

Slack:                    inf
  Source:                 u_core/psum_out_reg[9]/C
                            (rising edge-triggered cell FDRE clocked by clk  {rise@0.000ns fall@5.000ns period=10.000ns})
  Destination:            psum_out[9]
                            (output port)
  Path Group:             (none)
  Path Type:              Max at Slow Process Corner
  Data Path Delay:        4.562ns  (logic 2.780ns (60.940%)  route 1.782ns (39.060%))
  Logic Levels:           1  (OBUF=1)
  Clock Uncertainty:      0.025ns  ((TSJ^2 + TIJ^2)^1/2 + DJ) / 2 + PE
    Total System Jitter     (TSJ):    0.050ns
    Total Input Jitter      (TIJ):    0.000ns
    Discrete Jitter          (DJ):    0.000ns
    Phase Error              (PE):    0.000ns

    Location             Delay type                Incr(ns)  Path(ns)    Netlist Resource(s)
  -------------------------------------------------------------------    -------------------
                         (clock clk rise edge)        0.000     0.000 r  
    P23                                               0.000     0.000 r  clk (IN)
                         net (fo=0)                   0.000     0.000    clk
    P23                  IBUF (Prop_ibuf_I_O)         0.845     0.845 r  clk_IBUF_inst/O
                         net (fo=1, routed)           2.140     2.985    clk_IBUF
    BUFGCTRL_X0Y0        BUFG (Prop_bufg_I_O)         0.120     3.105 r  clk_IBUF_BUFG_inst/O
                         net (fo=57, routed)          1.587     4.692    u_core/clk
    SLICE_X10Y31         FDRE                                         r  u_core/psum_out_reg[9]/C
  -------------------------------------------------------------------    -------------------
    SLICE_X10Y31         FDRE (Prop_fdre_C_Q)         0.308     5.000 r  u_core/psum_out_reg[9]/Q
                         net (fo=1, routed)           1.782     6.782    psum_out_OBUF[9]
    T25                  OBUF (Prop_obuf_I_O)         2.472     9.254 r  psum_out_OBUF[9]_inst/O
                         net (fo=0)                   0.000     9.254    psum_out[9]
    T25                                                               r  psum_out[9] (OUT)
  -------------------------------------------------------------------    -------------------

Slack:                    inf
  Source:                 u_core/psum_out_reg[6]/C
                            (rising edge-triggered cell FDRE clocked by clk  {rise@0.000ns fall@5.000ns period=10.000ns})
  Destination:            psum_out[6]
                            (output port)
  Path Group:             (none)
  Path Type:              Max at Slow Process Corner
  Data Path Delay:        4.562ns  (logic 2.773ns (60.782%)  route 1.789ns (39.218%))
  Logic Levels:           1  (OBUF=1)
  Clock Uncertainty:      0.025ns  ((TSJ^2 + TIJ^2)^1/2 + DJ) / 2 + PE
    Total System Jitter     (TSJ):    0.050ns
    Total Input Jitter      (TIJ):    0.000ns
    Discrete Jitter          (DJ):    0.000ns
    Phase Error              (PE):    0.000ns

    Location             Delay type                Incr(ns)  Path(ns)    Netlist Resource(s)
  -------------------------------------------------------------------    -------------------
                         (clock clk rise edge)        0.000     0.000 r  
    P23                                               0.000     0.000 r  clk (IN)
                         net (fo=0)                   0.000     0.000    clk
    P23                  IBUF (Prop_ibuf_I_O)         0.845     0.845 r  clk_IBUF_inst/O
                         net (fo=1, routed)           2.140     2.985    clk_IBUF
    BUFGCTRL_X0Y0        BUFG (Prop_bufg_I_O)         0.120     3.105 r  clk_IBUF_BUFG_inst/O
                         net (fo=57, routed)          1.581     4.686    u_core/clk
    SLICE_X12Y27         FDRE                                         r  u_core/psum_out_reg[6]/C
  -------------------------------------------------------------------    -------------------
    SLICE_X12Y27         FDRE (Prop_fdre_C_Q)         0.308     4.994 r  u_core/psum_out_reg[6]/Q
                         net (fo=1, routed)           1.789     6.783    psum_out_OBUF[6]
    T22                  OBUF (Prop_obuf_I_O)         2.465     9.248 r  psum_out_OBUF[6]_inst/O
                         net (fo=0)                   0.000     9.248    psum_out[6]
    T22                                                               r  psum_out[6] (OUT)
  -------------------------------------------------------------------    -------------------

Slack:                    inf
  Source:                 u_core/psum_out_reg[10]/C
                            (rising edge-triggered cell FDRE clocked by clk  {rise@0.000ns fall@5.000ns period=10.000ns})
  Destination:            psum_out[10]
                            (output port)
  Path Group:             (none)
  Path Type:              Max at Slow Process Corner
  Data Path Delay:        4.545ns  (logic 2.777ns (61.107%)  route 1.768ns (38.893%))
  Logic Levels:           1  (OBUF=1)
  Clock Uncertainty:      0.025ns  ((TSJ^2 + TIJ^2)^1/2 + DJ) / 2 + PE
    Total System Jitter     (TSJ):    0.050ns
    Total Input Jitter      (TIJ):    0.000ns
    Discrete Jitter          (DJ):    0.000ns
    Phase Error              (PE):    0.000ns

    Location             Delay type                Incr(ns)  Path(ns)    Netlist Resource(s)
  -------------------------------------------------------------------    -------------------
                         (clock clk rise edge)        0.000     0.000 r  
    P23                                               0.000     0.000 r  clk (IN)
                         net (fo=0)                   0.000     0.000    clk
    P23                  IBUF (Prop_ibuf_I_O)         0.845     0.845 r  clk_IBUF_inst/O
                         net (fo=1, routed)           2.140     2.985    clk_IBUF
    BUFGCTRL_X0Y0        BUFG (Prop_bufg_I_O)         0.120     3.105 r  clk_IBUF_BUFG_inst/O
                         net (fo=57, routed)          1.588     4.693    u_core/clk
    SLICE_X12Y32         FDRE                                         r  u_core/psum_out_reg[10]/C
  -------------------------------------------------------------------    -------------------
    SLICE_X12Y32         FDRE (Prop_fdre_C_Q)         0.308     5.001 r  u_core/psum_out_reg[10]/Q
                         net (fo=1, routed)           1.768     6.769    psum_out_OBUF[10]
    T24                  OBUF (Prop_obuf_I_O)         2.469     9.238 r  psum_out_OBUF[10]_inst/O
                         net (fo=0)                   0.000     9.238    psum_out[10]
    T24                                                               r  psum_out[10] (OUT)
  -------------------------------------------------------------------    -------------------

Slack:                    inf
  Source:                 u_core/psum_out_reg[5]/C
                            (rising edge-triggered cell FDRE clocked by clk  {rise@0.000ns fall@5.000ns period=10.000ns})
  Destination:            psum_out[5]
                            (output port)
  Path Group:             (none)
  Path Type:              Max at Slow Process Corner
  Data Path Delay:        4.543ns  (logic 2.769ns (60.947%)  route 1.774ns (39.053%))
  Logic Levels:           1  (OBUF=1)
  Clock Uncertainty:      0.025ns  ((TSJ^2 + TIJ^2)^1/2 + DJ) / 2 + PE
    Total System Jitter     (TSJ):    0.050ns
    Total Input Jitter      (TIJ):    0.000ns
    Discrete Jitter          (DJ):    0.000ns
    Phase Error              (PE):    0.000ns

    Location             Delay type                Incr(ns)  Path(ns)    Netlist Resource(s)
  -------------------------------------------------------------------    -------------------
                         (clock clk rise edge)        0.000     0.000 r  
    P23                                               0.000     0.000 r  clk (IN)
                         net (fo=0)                   0.000     0.000    clk
    P23                  IBUF (Prop_ibuf_I_O)         0.845     0.845 r  clk_IBUF_inst/O
                         net (fo=1, routed)           2.140     2.985    clk_IBUF
    BUFGCTRL_X0Y0        BUFG (Prop_bufg_I_O)         0.120     3.105 r  clk_IBUF_BUFG_inst/O
                         net (fo=57, routed)          1.582     4.687    u_core/clk
    SLICE_X10Y27         FDRE                                         r  u_core/psum_out_reg[5]/C
  -------------------------------------------------------------------    -------------------
    SLICE_X10Y27         FDRE (Prop_fdre_C_Q)         0.308     4.995 r  u_core/psum_out_reg[5]/Q
                         net (fo=1, routed)           1.774     6.769    psum_out_OBUF[5]
    T23                  OBUF (Prop_obuf_I_O)         2.461     9.230 r  psum_out_OBUF[5]_inst/O
                         net (fo=0)                   0.000     9.230    psum_out[5]
    T23                                                               r  psum_out[5] (OUT)
  -------------------------------------------------------------------    -------------------

Slack:                    inf
  Source:                 u_core/psum_out_reg[2]/C
                            (rising edge-triggered cell FDRE clocked by clk  {rise@0.000ns fall@5.000ns period=10.000ns})
  Destination:            psum_out[2]
                            (output port)
  Path Group:             (none)
  Path Type:              Max at Slow Process Corner
  Data Path Delay:        4.540ns  (logic 2.755ns (60.672%)  route 1.786ns (39.328%))
  Logic Levels:           1  (OBUF=1)
  Clock Uncertainty:      0.025ns  ((TSJ^2 + TIJ^2)^1/2 + DJ) / 2 + PE
    Total System Jitter     (TSJ):    0.050ns
    Total Input Jitter      (TIJ):    0.000ns
    Discrete Jitter          (DJ):    0.000ns
    Phase Error              (PE):    0.000ns

    Location             Delay type                Incr(ns)  Path(ns)    Netlist Resource(s)
  -------------------------------------------------------------------    -------------------
                         (clock clk rise edge)        0.000     0.000 r  
    P23                                               0.000     0.000 r  clk (IN)
                         net (fo=0)                   0.000     0.000    clk
    P23                  IBUF (Prop_ibuf_I_O)         0.845     0.845 r  clk_IBUF_inst/O
                         net (fo=1, routed)           2.140     2.985    clk_IBUF
    BUFGCTRL_X0Y0        BUFG (Prop_bufg_I_O)         0.120     3.105 r  clk_IBUF_BUFG_inst/O
                         net (fo=57, routed)          1.582     4.687    u_core/clk
    SLICE_X10Y27         FDRE                                         r  u_core/psum_out_reg[2]/C
  -------------------------------------------------------------------    -------------------
    SLICE_X10Y27         FDRE (Prop_fdre_C_Q)         0.308     4.995 r  u_core/psum_out_reg[2]/Q
                         net (fo=1, routed)           1.786     6.781    psum_out_OBUF[2]
    T18                  OBUF (Prop_obuf_I_O)         2.447     9.228 r  psum_out_OBUF[2]_inst/O
                         net (fo=0)                   0.000     9.228    psum_out[2]
    T18                                                               r  psum_out[2] (OUT)
  -------------------------------------------------------------------    -------------------





Min Delay Paths
--------------------------------------------------------------------------------------
Slack:                    inf
  Source:                 u_core/psum_out_reg[25]/C
                            (rising edge-triggered cell FDRE clocked by clk  {rise@0.000ns fall@5.000ns period=10.000ns})
  Destination:            psum_out[25]
                            (output port)
  Path Group:             (none)
  Path Type:              Min at Fast Process Corner
  Data Path Delay:        1.812ns  (logic 1.387ns (76.561%)  route 0.425ns (23.439%))
  Logic Levels:           1  (OBUF=1)
  Clock Uncertainty:      0.025ns  ((TSJ^2 + TIJ^2)^1/2 + DJ) / 2 + PE
    Total System Jitter     (TSJ):    0.050ns
    Total Input Jitter      (TIJ):    0.000ns
    Discrete Jitter          (DJ):    0.000ns
    Phase Error              (PE):    0.000ns

    Location             Delay type                Incr(ns)  Path(ns)    Netlist Resource(s)
  -------------------------------------------------------------------    -------------------
                         (clock clk rise edge)        0.000     0.000 r  
    P23                                               0.000     0.000 r  clk (IN)
                         net (fo=0)                   0.000     0.000    clk
    P23                  IBUF (Prop_ibuf_I_O)         0.109     0.109 r  clk_IBUF_inst/O
                         net (fo=1, routed)           0.863     0.972    clk_IBUF
    BUFGCTRL_X0Y0        BUFG (Prop_bufg_I_O)         0.026     0.998 r  clk_IBUF_BUFG_inst/O
                         net (fo=57, routed)          0.597     1.595    u_core/clk
    SLICE_X11Y32         FDRE                                         r  u_core/psum_out_reg[25]/C
  -------------------------------------------------------------------    -------------------
    SLICE_X11Y32         FDRE (Prop_fdre_C_Q)         0.100     1.695 r  u_core/psum_out_reg[25]/Q
                         net (fo=1, routed)           0.425     2.120    psum_out_OBUF[25]
    N19                  OBUF (Prop_obuf_I_O)         1.287     3.407 r  psum_out_OBUF[25]_inst/O
                         net (fo=0)                   0.000     3.407    psum_out[25]
    N19                                                               r  psum_out[25] (OUT)
  -------------------------------------------------------------------    -------------------

Slack:                    inf
  Source:                 u_core/psum_out_reg[15]/C
                            (rising edge-triggered cell FDRE clocked by clk  {rise@0.000ns fall@5.000ns period=10.000ns})
  Destination:            psum_out[15]
                            (output port)
  Path Group:             (none)
  Path Type:              Min at Fast Process Corner
  Data Path Delay:        1.826ns  (logic 1.410ns (77.202%)  route 0.416ns (22.798%))
  Logic Levels:           1  (OBUF=1)
  Clock Uncertainty:      0.025ns  ((TSJ^2 + TIJ^2)^1/2 + DJ) / 2 + PE
    Total System Jitter     (TSJ):    0.050ns
    Total Input Jitter      (TIJ):    0.000ns
    Discrete Jitter          (DJ):    0.000ns
    Phase Error              (PE):    0.000ns

    Location             Delay type                Incr(ns)  Path(ns)    Netlist Resource(s)
  -------------------------------------------------------------------    -------------------
                         (clock clk rise edge)        0.000     0.000 r  
    P23                                               0.000     0.000 r  clk (IN)
                         net (fo=0)                   0.000     0.000    clk
    P23                  IBUF (Prop_ibuf_I_O)         0.109     0.109 r  clk_IBUF_inst/O
                         net (fo=1, routed)           0.863     0.972    clk_IBUF
    BUFGCTRL_X0Y0        BUFG (Prop_bufg_I_O)         0.026     0.998 r  clk_IBUF_BUFG_inst/O
                         net (fo=57, routed)          0.592     1.590    u_core/clk
    SLICE_X11Y27         FDRE                                         r  u_core/psum_out_reg[15]/C
  -------------------------------------------------------------------    -------------------
    SLICE_X11Y27         FDRE (Prop_fdre_C_Q)         0.100     1.690 r  u_core/psum_out_reg[15]/Q
                         net (fo=1, routed)           0.416     2.106    psum_out_OBUF[15]
    N22                  OBUF (Prop_obuf_I_O)         1.310     3.416 r  psum_out_OBUF[15]_inst/O
                         net (fo=0)                   0.000     3.416    psum_out[15]
    N22                                                               r  psum_out[15] (OUT)
  -------------------------------------------------------------------    -------------------

Slack:                    inf
  Source:                 u_core/psum_out_reg[13]/C
                            (rising edge-triggered cell FDRE clocked by clk  {rise@0.000ns fall@5.000ns period=10.000ns})
  Destination:            psum_out[13]
                            (output port)
  Path Group:             (none)
  Path Type:              Min at Fast Process Corner
  Data Path Delay:        1.830ns  (logic 1.386ns (75.759%)  route 0.444ns (24.241%))
  Logic Levels:           1  (OBUF=1)
  Clock Uncertainty:      0.025ns  ((TSJ^2 + TIJ^2)^1/2 + DJ) / 2 + PE
    Total System Jitter     (TSJ):    0.050ns
    Total Input Jitter      (TIJ):    0.000ns
    Discrete Jitter          (DJ):    0.000ns
    Phase Error              (PE):    0.000ns

    Location             Delay type                Incr(ns)  Path(ns)    Netlist Resource(s)
  -------------------------------------------------------------------    -------------------
                         (clock clk rise edge)        0.000     0.000 r  
    P23                                               0.000     0.000 r  clk (IN)
                         net (fo=0)                   0.000     0.000    clk
    P23                  IBUF (Prop_ibuf_I_O)         0.109     0.109 r  clk_IBUF_inst/O
                         net (fo=1, routed)           0.863     0.972    clk_IBUF
    BUFGCTRL_X0Y0        BUFG (Prop_bufg_I_O)         0.026     0.998 r  clk_IBUF_BUFG_inst/O
                         net (fo=57, routed)          0.592     1.590    u_core/clk
    SLICE_X11Y27         FDRE                                         r  u_core/psum_out_reg[13]/C
  -------------------------------------------------------------------    -------------------
    SLICE_X11Y27         FDRE (Prop_fdre_C_Q)         0.100     1.690 r  u_core/psum_out_reg[13]/Q
                         net (fo=1, routed)           0.444     2.134    psum_out_OBUF[13]
    P21                  OBUF (Prop_obuf_I_O)         1.286     3.420 r  psum_out_OBUF[13]_inst/O
                         net (fo=0)                   0.000     3.420    psum_out[13]
    P21                                                               r  psum_out[13] (OUT)
  -------------------------------------------------------------------    -------------------

Slack:                    inf
  Source:                 u_core/psum_out_reg[21]/C
                            (rising edge-triggered cell FDRE clocked by clk  {rise@0.000ns fall@5.000ns period=10.000ns})
  Destination:            psum_out[21]
                            (output port)
  Path Group:             (none)
  Path Type:              Min at Fast Process Corner
  Data Path Delay:        1.827ns  (logic 1.410ns (77.158%)  route 0.417ns (22.842%))
  Logic Levels:           1  (OBUF=1)
  Clock Uncertainty:      0.025ns  ((TSJ^2 + TIJ^2)^1/2 + DJ) / 2 + PE
    Total System Jitter     (TSJ):    0.050ns
    Total Input Jitter      (TIJ):    0.000ns
    Discrete Jitter          (DJ):    0.000ns
    Phase Error              (PE):    0.000ns

    Location             Delay type                Incr(ns)  Path(ns)    Netlist Resource(s)
  -------------------------------------------------------------------    -------------------
                         (clock clk rise edge)        0.000     0.000 r  
    P23                                               0.000     0.000 r  clk (IN)
                         net (fo=0)                   0.000     0.000    clk
    P23                  IBUF (Prop_ibuf_I_O)         0.109     0.109 r  clk_IBUF_inst/O
                         net (fo=1, routed)           0.863     0.972    clk_IBUF
    BUFGCTRL_X0Y0        BUFG (Prop_bufg_I_O)         0.026     0.998 r  clk_IBUF_BUFG_inst/O
                         net (fo=57, routed)          0.595     1.593    u_core/clk
    SLICE_X11Y30         FDRE                                         r  u_core/psum_out_reg[21]/C
  -------------------------------------------------------------------    -------------------
    SLICE_X11Y30         FDRE (Prop_fdre_C_Q)         0.100     1.693 r  u_core/psum_out_reg[21]/Q
                         net (fo=1, routed)           0.417     2.110    psum_out_OBUF[21]
    P19                  OBUF (Prop_obuf_I_O)         1.310     3.420 r  psum_out_OBUF[21]_inst/O
                         net (fo=0)                   0.000     3.420    psum_out[21]
    P19                                                               r  psum_out[21] (OUT)
  -------------------------------------------------------------------    -------------------

Slack:                    inf
  Source:                 u_core/psum_out_reg[23]/C
                            (rising edge-triggered cell FDRE clocked by clk  {rise@0.000ns fall@5.000ns period=10.000ns})
  Destination:            psum_out[23]
                            (output port)
  Path Group:             (none)
  Path Type:              Min at Fast Process Corner
  Data Path Delay:        1.827ns  (logic 1.417ns (77.553%)  route 0.410ns (22.447%))
  Logic Levels:           1  (OBUF=1)
  Clock Uncertainty:      0.025ns  ((TSJ^2 + TIJ^2)^1/2 + DJ) / 2 + PE
    Total System Jitter     (TSJ):    0.050ns
    Total Input Jitter      (TIJ):    0.000ns
    Discrete Jitter          (DJ):    0.000ns
    Phase Error              (PE):    0.000ns

    Location             Delay type                Incr(ns)  Path(ns)    Netlist Resource(s)
  -------------------------------------------------------------------    -------------------
                         (clock clk rise edge)        0.000     0.000 r  
    P23                                               0.000     0.000 r  clk (IN)
                         net (fo=0)                   0.000     0.000    clk
    P23                  IBUF (Prop_ibuf_I_O)         0.109     0.109 r  clk_IBUF_inst/O
                         net (fo=1, routed)           0.863     0.972    clk_IBUF
    BUFGCTRL_X0Y0        BUFG (Prop_bufg_I_O)         0.026     0.998 r  clk_IBUF_BUFG_inst/O
                         net (fo=57, routed)          0.598     1.596    u_core/clk
    SLICE_X11Y33         FDRE                                         r  u_core/psum_out_reg[23]/C
  -------------------------------------------------------------------    -------------------
    SLICE_X11Y33         FDRE (Prop_fdre_C_Q)         0.100     1.696 r  u_core/psum_out_reg[23]/Q
                         net (fo=1, routed)           0.410     2.106    psum_out_OBUF[23]
    M24                  OBUF (Prop_obuf_I_O)         1.317     3.423 r  psum_out_OBUF[23]_inst/O
                         net (fo=0)                   0.000     3.423    psum_out[23]
    M24                                                               r  psum_out[23] (OUT)
  -------------------------------------------------------------------    -------------------

Slack:                    inf
  Source:                 u_core/psum_out_reg[22]/C
                            (rising edge-triggered cell FDRE clocked by clk  {rise@0.000ns fall@5.000ns period=10.000ns})
  Destination:            psum_out[22]
                            (output port)
  Path Group:             (none)
  Path Type:              Min at Fast Process Corner
  Data Path Delay:        1.836ns  (logic 1.429ns (77.833%)  route 0.407ns (22.167%))
  Logic Levels:           1  (OBUF=1)
  Clock Uncertainty:      0.025ns  ((TSJ^2 + TIJ^2)^1/2 + DJ) / 2 + PE
    Total System Jitter     (TSJ):    0.050ns
    Total Input Jitter      (TIJ):    0.000ns
    Discrete Jitter          (DJ):    0.000ns
    Phase Error              (PE):    0.000ns

    Location             Delay type                Incr(ns)  Path(ns)    Netlist Resource(s)
  -------------------------------------------------------------------    -------------------
                         (clock clk rise edge)        0.000     0.000 r  
    P23                                               0.000     0.000 r  clk (IN)
                         net (fo=0)                   0.000     0.000    clk
    P23                  IBUF (Prop_ibuf_I_O)         0.109     0.109 r  clk_IBUF_inst/O
                         net (fo=1, routed)           0.863     0.972    clk_IBUF
    BUFGCTRL_X0Y0        BUFG (Prop_bufg_I_O)         0.026     0.998 r  clk_IBUF_BUFG_inst/O
                         net (fo=57, routed)          0.598     1.596    u_core/clk
    SLICE_X11Y33         FDRE                                         r  u_core/psum_out_reg[22]/C
  -------------------------------------------------------------------    -------------------
    SLICE_X11Y33         FDRE (Prop_fdre_C_Q)         0.100     1.696 r  u_core/psum_out_reg[22]/Q
                         net (fo=1, routed)           0.407     2.103    psum_out_OBUF[22]
    L24                  OBUF (Prop_obuf_I_O)         1.329     3.432 r  psum_out_OBUF[22]_inst/O
                         net (fo=0)                   0.000     3.432    psum_out[22]
    L24                                                               r  psum_out[22] (OUT)
  -------------------------------------------------------------------    -------------------

Slack:                    inf
  Source:                 u_core/psum_out_reg[14]/C
                            (rising edge-triggered cell FDRE clocked by clk  {rise@0.000ns fall@5.000ns period=10.000ns})
  Destination:            psum_out[14]
                            (output port)
  Path Group:             (none)
  Path Type:              Min at Fast Process Corner
  Data Path Delay:        1.871ns  (logic 1.387ns (74.117%)  route 0.484ns (25.883%))
  Logic Levels:           1  (OBUF=1)
  Clock Uncertainty:      0.025ns  ((TSJ^2 + TIJ^2)^1/2 + DJ) / 2 + PE
    Total System Jitter     (TSJ):    0.050ns
    Total Input Jitter      (TIJ):    0.000ns
    Discrete Jitter          (DJ):    0.000ns
    Phase Error              (PE):    0.000ns

    Location             Delay type                Incr(ns)  Path(ns)    Netlist Resource(s)
  -------------------------------------------------------------------    -------------------
                         (clock clk rise edge)        0.000     0.000 r  
    P23                                               0.000     0.000 r  clk (IN)
                         net (fo=0)                   0.000     0.000    clk
    P23                  IBUF (Prop_ibuf_I_O)         0.109     0.109 r  clk_IBUF_inst/O
                         net (fo=1, routed)           0.863     0.972    clk_IBUF
    BUFGCTRL_X0Y0        BUFG (Prop_bufg_I_O)         0.026     0.998 r  clk_IBUF_BUFG_inst/O
                         net (fo=57, routed)          0.592     1.590    u_core/clk
    SLICE_X11Y27         FDRE                                         r  u_core/psum_out_reg[14]/C
  -------------------------------------------------------------------    -------------------
    SLICE_X11Y27         FDRE (Prop_fdre_C_Q)         0.100     1.690 r  u_core/psum_out_reg[14]/Q
                         net (fo=1, routed)           0.484     2.174    psum_out_OBUF[14]
    R21                  OBUF (Prop_obuf_I_O)         1.287     3.461 r  psum_out_OBUF[14]_inst/O
                         net (fo=0)                   0.000     3.461    psum_out[14]
    R21                                                               r  psum_out[14] (OUT)
  -------------------------------------------------------------------    -------------------

Slack:                    inf
  Source:                 u_core/psum_out_reg[20]/C
                            (rising edge-triggered cell FDRE clocked by clk  {rise@0.000ns fall@5.000ns period=10.000ns})
  Destination:            psum_out[20]
                            (output port)
  Path Group:             (none)
  Path Type:              Min at Fast Process Corner
  Data Path Delay:        1.873ns  (logic 1.413ns (75.433%)  route 0.460ns (24.567%))
  Logic Levels:           1  (OBUF=1)
  Clock Uncertainty:      0.025ns  ((TSJ^2 + TIJ^2)^1/2 + DJ) / 2 + PE
    Total System Jitter     (TSJ):    0.050ns
    Total Input Jitter      (TIJ):    0.000ns
    Discrete Jitter          (DJ):    0.000ns
    Phase Error              (PE):    0.000ns

    Location             Delay type                Incr(ns)  Path(ns)    Netlist Resource(s)
  -------------------------------------------------------------------    -------------------
                         (clock clk rise edge)        0.000     0.000 r  
    P23                                               0.000     0.000 r  clk (IN)
                         net (fo=0)                   0.000     0.000    clk
    P23                  IBUF (Prop_ibuf_I_O)         0.109     0.109 r  clk_IBUF_inst/O
                         net (fo=1, routed)           0.863     0.972    clk_IBUF
    BUFGCTRL_X0Y0        BUFG (Prop_bufg_I_O)         0.026     0.998 r  clk_IBUF_BUFG_inst/O
                         net (fo=57, routed)          0.595     1.593    u_core/clk
    SLICE_X11Y30         FDRE                                         r  u_core/psum_out_reg[20]/C
  -------------------------------------------------------------------    -------------------
    SLICE_X11Y30         FDRE (Prop_fdre_C_Q)         0.100     1.693 r  u_core/psum_out_reg[20]/Q
                         net (fo=1, routed)           0.460     2.153    psum_out_OBUF[20]
    P20                  OBUF (Prop_obuf_I_O)         1.313     3.466 r  psum_out_OBUF[20]_inst/O
                         net (fo=0)                   0.000     3.466    psum_out[20]
    P20                                                               r  psum_out[20] (OUT)
  -------------------------------------------------------------------    -------------------

Slack:                    inf
  Source:                 u_core/psum_out_reg[26]/C
                            (rising edge-triggered cell FDRE clocked by clk  {rise@0.000ns fall@5.000ns period=10.000ns})
  Destination:            psum_out[26]
                            (output port)
  Path Group:             (none)
  Path Type:              Min at Fast Process Corner
  Data Path Delay:        1.878ns  (logic 1.406ns (74.850%)  route 0.472ns (25.150%))
  Logic Levels:           1  (OBUF=1)
  Clock Uncertainty:      0.025ns  ((TSJ^2 + TIJ^2)^1/2 + DJ) / 2 + PE
    Total System Jitter     (TSJ):    0.050ns
    Total Input Jitter      (TIJ):    0.000ns
    Discrete Jitter          (DJ):    0.000ns
    Phase Error              (PE):    0.000ns

    Location             Delay type                Incr(ns)  Path(ns)    Netlist Resource(s)
  -------------------------------------------------------------------    -------------------
                         (clock clk rise edge)        0.000     0.000 r  
    P23                                               0.000     0.000 r  clk (IN)
                         net (fo=0)                   0.000     0.000    clk
    P23                  IBUF (Prop_ibuf_I_O)         0.109     0.109 r  clk_IBUF_inst/O
                         net (fo=1, routed)           0.863     0.972    clk_IBUF
    BUFGCTRL_X0Y0        BUFG (Prop_bufg_I_O)         0.026     0.998 r  clk_IBUF_BUFG_inst/O
                         net (fo=57, routed)          0.598     1.596    u_core/clk
    SLICE_X11Y33         FDRE                                         r  u_core/psum_out_reg[26]/C
  -------------------------------------------------------------------    -------------------
    SLICE_X11Y33         FDRE (Prop_fdre_C_Q)         0.100     1.696 r  u_core/psum_out_reg[26]/Q
                         net (fo=1, routed)           0.472     2.168    psum_out_OBUF[26]
    P25                  OBUF (Prop_obuf_I_O)         1.306     3.474 r  psum_out_OBUF[26]_inst/O
                         net (fo=0)                   0.000     3.474    psum_out[26]
    P25                                                               r  psum_out[26] (OUT)
  -------------------------------------------------------------------    -------------------

Slack:                    inf
  Source:                 u_core/psum_out_reg[19]/C
                            (rising edge-triggered cell FDRE clocked by clk  {rise@0.000ns fall@5.000ns period=10.000ns})
  Destination:            psum_out[19]
                            (output port)
  Path Group:             (none)
  Path Type:              Min at Fast Process Corner
  Data Path Delay:        1.881ns  (logic 1.405ns (74.713%)  route 0.476ns (25.287%))
  Logic Levels:           1  (OBUF=1)
  Clock Uncertainty:      0.025ns  ((TSJ^2 + TIJ^2)^1/2 + DJ) / 2 + PE
    Total System Jitter     (TSJ):    0.050ns
    Total Input Jitter      (TIJ):    0.000ns
    Discrete Jitter          (DJ):    0.000ns
    Phase Error              (PE):    0.000ns

    Location             Delay type                Incr(ns)  Path(ns)    Netlist Resource(s)
  -------------------------------------------------------------------    -------------------
                         (clock clk rise edge)        0.000     0.000 r  
    P23                                               0.000     0.000 r  clk (IN)
                         net (fo=0)                   0.000     0.000    clk
    P23                  IBUF (Prop_ibuf_I_O)         0.109     0.109 r  clk_IBUF_inst/O
                         net (fo=1, routed)           0.863     0.972    clk_IBUF
    BUFGCTRL_X0Y0        BUFG (Prop_bufg_I_O)         0.026     0.998 r  clk_IBUF_BUFG_inst/O
                         net (fo=57, routed)          0.598     1.596    u_core/clk
    SLICE_X11Y33         FDRE                                         r  u_core/psum_out_reg[19]/C
  -------------------------------------------------------------------    -------------------
    SLICE_X11Y33         FDRE (Prop_fdre_C_Q)         0.100     1.696 r  u_core/psum_out_reg[19]/Q
                         net (fo=1, routed)           0.476     2.172    psum_out_OBUF[19]
    M21                  OBUF (Prop_obuf_I_O)         1.305     3.477 r  psum_out_OBUF[19]_inst/O
                         net (fo=0)                   0.000     3.477    psum_out[19]
    M21                                                               r  psum_out[19] (OUT)
  -------------------------------------------------------------------    -------------------





--------------------------------------------------------------------------------------
Path Group:  (none)
From Clock:  
  To Clock:  clk

Max Delay           122 Endpoints
Min Delay           122 Endpoints
--------------------------------------------------------------------------------------


Max Delay Paths
--------------------------------------------------------------------------------------
Slack:                    inf
  Source:                 N[5]
                            (input port)
  Destination:            u_controller/count_reg[5]/CE
                            (rising edge-triggered cell FDCE clocked by clk  {rise@0.000ns fall@5.000ns period=10.000ns})
  Path Group:             (none)
  Path Type:              Setup (Max at Slow Process Corner)
  Data Path Delay:        5.555ns  (logic 1.425ns (25.647%)  route 4.131ns (74.353%))
  Logic Levels:           5  (CARRY4=1 IBUF=1 LUT3=2 LUT6=1)
  Clock Path Skew:        4.396ns (DCD - SCD + CPR)
    Destination Clock Delay (DCD):    4.396ns
    Source Clock Delay      (SCD):    0.000ns
    Clock Pessimism Removal (CPR):    0.000ns
  Clock Uncertainty:      0.025ns  ((TSJ^2 + TIJ^2)^1/2 + DJ) / 2 + PE
    Total System Jitter     (TSJ):    0.050ns
    Total Input Jitter      (TIJ):    0.000ns
    Discrete Jitter          (DJ):    0.000ns
    Phase Error              (PE):    0.000ns

    Location             Delay type                Incr(ns)  Path(ns)    Netlist Resource(s)
  -------------------------------------------------------------------    -------------------
    M19                                               0.000     0.000 r  N[5] (IN)
                         net (fo=0)                   0.000     0.000    N[5]
    M19                  IBUF (Prop_ibuf_I_O)         0.829     0.829 r  N_IBUF[5]_inst/O
                         net (fo=3, routed)           2.328     3.157    u_controller/N[5]
    SLICE_X10Y31         LUT6 (Prop_lut6_I0_O)        0.053     3.210 r  u_controller/valid_in_i_13/O
                         net (fo=9, routed)           0.818     4.027    u_controller/valid_in_i_13_n_0
    SLICE_X11Y33         LUT3 (Prop_lut3_I2_O)        0.053     4.080 r  u_controller/valid_in_i_7/O
                         net (fo=1, routed)           0.000     4.080    u_controller/valid_in_i_7_n_0
    SLICE_X11Y33         CARRY4 (Prop_carry4_S[0]_CO[2])
                                                      0.329     4.409 f  u_controller/valid_in_reg_i_3/CO[2]
                         net (fo=6, routed)           0.605     5.014    u_controller/next_state0
    SLICE_X13Y33         LUT3 (Prop_lut3_I0_O)        0.161     5.175 r  u_controller/count[7]_i_1/O
                         net (fo=8, routed)           0.380     5.555    u_controller/count[0]
    SLICE_X14Y30         FDCE                                         r  u_controller/count_reg[5]/CE
  -------------------------------------------------------------------    -------------------

                         (clock clk rise edge)        0.000     0.000 r  
    P23                                               0.000     0.000 r  clk (IN)
                         net (fo=0)                   0.000     0.000    clk
    P23                  IBUF (Prop_ibuf_I_O)         0.769     0.769 r  clk_IBUF_inst/O
                         net (fo=1, routed)           2.040     2.809    clk_IBUF
    BUFGCTRL_X0Y0        BUFG (Prop_bufg_I_O)         0.113     2.922 r  clk_IBUF_BUFG_inst/O
                         net (fo=57, routed)          1.474     4.396    u_controller/clk
    SLICE_X14Y30         FDCE                                         r  u_controller/count_reg[5]/C

Slack:                    inf
  Source:                 N[5]
                            (input port)
  Destination:            u_controller/count_reg[0]/CE
                            (rising edge-triggered cell FDCE clocked by clk  {rise@0.000ns fall@5.000ns period=10.000ns})
  Path Group:             (none)
  Path Type:              Setup (Max at Slow Process Corner)
  Data Path Delay:        5.547ns  (logic 1.425ns (25.688%)  route 4.122ns (74.312%))
  Logic Levels:           5  (CARRY4=1 IBUF=1 LUT3=2 LUT6=1)
  Clock Path Skew:        4.396ns (DCD - SCD + CPR)
    Destination Clock Delay (DCD):    4.396ns
    Source Clock Delay      (SCD):    0.000ns
    Clock Pessimism Removal (CPR):    0.000ns
  Clock Uncertainty:      0.025ns  ((TSJ^2 + TIJ^2)^1/2 + DJ) / 2 + PE
    Total System Jitter     (TSJ):    0.050ns
    Total Input Jitter      (TIJ):    0.000ns
    Discrete Jitter          (DJ):    0.000ns
    Phase Error              (PE):    0.000ns

    Location             Delay type                Incr(ns)  Path(ns)    Netlist Resource(s)
  -------------------------------------------------------------------    -------------------
    M19                                               0.000     0.000 r  N[5] (IN)
                         net (fo=0)                   0.000     0.000    N[5]
    M19                  IBUF (Prop_ibuf_I_O)         0.829     0.829 r  N_IBUF[5]_inst/O
                         net (fo=3, routed)           2.328     3.157    u_controller/N[5]
    SLICE_X10Y31         LUT6 (Prop_lut6_I0_O)        0.053     3.210 r  u_controller/valid_in_i_13/O
                         net (fo=9, routed)           0.818     4.027    u_controller/valid_in_i_13_n_0
    SLICE_X11Y33         LUT3 (Prop_lut3_I2_O)        0.053     4.080 r  u_controller/valid_in_i_7/O
                         net (fo=1, routed)           0.000     4.080    u_controller/valid_in_i_7_n_0
    SLICE_X11Y33         CARRY4 (Prop_carry4_S[0]_CO[2])
                                                      0.329     4.409 f  u_controller/valid_in_reg_i_3/CO[2]
                         net (fo=6, routed)           0.605     5.014    u_controller/next_state0
    SLICE_X13Y33         LUT3 (Prop_lut3_I0_O)        0.161     5.175 r  u_controller/count[7]_i_1/O
                         net (fo=8, routed)           0.371     5.547    u_controller/count[0]
    SLICE_X12Y30         FDCE                                         r  u_controller/count_reg[0]/CE
  -------------------------------------------------------------------    -------------------

                         (clock clk rise edge)        0.000     0.000 r  
    P23                                               0.000     0.000 r  clk (IN)
                         net (fo=0)                   0.000     0.000    clk
    P23                  IBUF (Prop_ibuf_I_O)         0.769     0.769 r  clk_IBUF_inst/O
                         net (fo=1, routed)           2.040     2.809    clk_IBUF
    BUFGCTRL_X0Y0        BUFG (Prop_bufg_I_O)         0.113     2.922 r  clk_IBUF_BUFG_inst/O
                         net (fo=57, routed)          1.474     4.396    u_controller/clk
    SLICE_X12Y30         FDCE                                         r  u_controller/count_reg[0]/C

Slack:                    inf
  Source:                 N[5]
                            (input port)
  Destination:            u_controller/count_reg[1]/CE
                            (rising edge-triggered cell FDCE clocked by clk  {rise@0.000ns fall@5.000ns period=10.000ns})
  Path Group:             (none)
  Path Type:              Setup (Max at Slow Process Corner)
  Data Path Delay:        5.547ns  (logic 1.425ns (25.688%)  route 4.122ns (74.312%))
  Logic Levels:           5  (CARRY4=1 IBUF=1 LUT3=2 LUT6=1)
  Clock Path Skew:        4.396ns (DCD - SCD + CPR)
    Destination Clock Delay (DCD):    4.396ns
    Source Clock Delay      (SCD):    0.000ns
    Clock Pessimism Removal (CPR):    0.000ns
  Clock Uncertainty:      0.025ns  ((TSJ^2 + TIJ^2)^1/2 + DJ) / 2 + PE
    Total System Jitter     (TSJ):    0.050ns
    Total Input Jitter      (TIJ):    0.000ns
    Discrete Jitter          (DJ):    0.000ns
    Phase Error              (PE):    0.000ns

    Location             Delay type                Incr(ns)  Path(ns)    Netlist Resource(s)
  -------------------------------------------------------------------    -------------------
    M19                                               0.000     0.000 r  N[5] (IN)
                         net (fo=0)                   0.000     0.000    N[5]
    M19                  IBUF (Prop_ibuf_I_O)         0.829     0.829 r  N_IBUF[5]_inst/O
                         net (fo=3, routed)           2.328     3.157    u_controller/N[5]
    SLICE_X10Y31         LUT6 (Prop_lut6_I0_O)        0.053     3.210 r  u_controller/valid_in_i_13/O
                         net (fo=9, routed)           0.818     4.027    u_controller/valid_in_i_13_n_0
    SLICE_X11Y33         LUT3 (Prop_lut3_I2_O)        0.053     4.080 r  u_controller/valid_in_i_7/O
                         net (fo=1, routed)           0.000     4.080    u_controller/valid_in_i_7_n_0
    SLICE_X11Y33         CARRY4 (Prop_carry4_S[0]_CO[2])
                                                      0.329     4.409 f  u_controller/valid_in_reg_i_3/CO[2]
                         net (fo=6, routed)           0.605     5.014    u_controller/next_state0
    SLICE_X13Y33         LUT3 (Prop_lut3_I0_O)        0.161     5.175 r  u_controller/count[7]_i_1/O
                         net (fo=8, routed)           0.371     5.547    u_controller/count[0]
    SLICE_X12Y30         FDCE                                         r  u_controller/count_reg[1]/CE
  -------------------------------------------------------------------    -------------------

                         (clock clk rise edge)        0.000     0.000 r  
    P23                                               0.000     0.000 r  clk (IN)
                         net (fo=0)                   0.000     0.000    clk
    P23                  IBUF (Prop_ibuf_I_O)         0.769     0.769 r  clk_IBUF_inst/O
                         net (fo=1, routed)           2.040     2.809    clk_IBUF
    BUFGCTRL_X0Y0        BUFG (Prop_bufg_I_O)         0.113     2.922 r  clk_IBUF_BUFG_inst/O
                         net (fo=57, routed)          1.474     4.396    u_controller/clk
    SLICE_X12Y30         FDCE                                         r  u_controller/count_reg[1]/C

Slack:                    inf
  Source:                 N[5]
                            (input port)
  Destination:            u_controller/count_reg[2]/CE
                            (rising edge-triggered cell FDCE clocked by clk  {rise@0.000ns fall@5.000ns period=10.000ns})
  Path Group:             (none)
  Path Type:              Setup (Max at Slow Process Corner)
  Data Path Delay:        5.547ns  (logic 1.425ns (25.688%)  route 4.122ns (74.312%))
  Logic Levels:           5  (CARRY4=1 IBUF=1 LUT3=2 LUT6=1)
  Clock Path Skew:        4.396ns (DCD - SCD + CPR)
    Destination Clock Delay (DCD):    4.396ns
    Source Clock Delay      (SCD):    0.000ns
    Clock Pessimism Removal (CPR):    0.000ns
  Clock Uncertainty:      0.025ns  ((TSJ^2 + TIJ^2)^1/2 + DJ) / 2 + PE
    Total System Jitter     (TSJ):    0.050ns
    Total Input Jitter      (TIJ):    0.000ns
    Discrete Jitter          (DJ):    0.000ns
    Phase Error              (PE):    0.000ns

    Location             Delay type                Incr(ns)  Path(ns)    Netlist Resource(s)
  -------------------------------------------------------------------    -------------------
    M19                                               0.000     0.000 r  N[5] (IN)
                         net (fo=0)                   0.000     0.000    N[5]
    M19                  IBUF (Prop_ibuf_I_O)         0.829     0.829 r  N_IBUF[5]_inst/O
                         net (fo=3, routed)           2.328     3.157    u_controller/N[5]
    SLICE_X10Y31         LUT6 (Prop_lut6_I0_O)        0.053     3.210 r  u_controller/valid_in_i_13/O
                         net (fo=9, routed)           0.818     4.027    u_controller/valid_in_i_13_n_0
    SLICE_X11Y33         LUT3 (Prop_lut3_I2_O)        0.053     4.080 r  u_controller/valid_in_i_7/O
                         net (fo=1, routed)           0.000     4.080    u_controller/valid_in_i_7_n_0
    SLICE_X11Y33         CARRY4 (Prop_carry4_S[0]_CO[2])
                                                      0.329     4.409 f  u_controller/valid_in_reg_i_3/CO[2]
                         net (fo=6, routed)           0.605     5.014    u_controller/next_state0
    SLICE_X13Y33         LUT3 (Prop_lut3_I0_O)        0.161     5.175 r  u_controller/count[7]_i_1/O
                         net (fo=8, routed)           0.371     5.547    u_controller/count[0]
    SLICE_X12Y30         FDCE                                         r  u_controller/count_reg[2]/CE
  -------------------------------------------------------------------    -------------------

                         (clock clk rise edge)        0.000     0.000 r  
    P23                                               0.000     0.000 r  clk (IN)
                         net (fo=0)                   0.000     0.000    clk
    P23                  IBUF (Prop_ibuf_I_O)         0.769     0.769 r  clk_IBUF_inst/O
                         net (fo=1, routed)           2.040     2.809    clk_IBUF
    BUFGCTRL_X0Y0        BUFG (Prop_bufg_I_O)         0.113     2.922 r  clk_IBUF_BUFG_inst/O
                         net (fo=57, routed)          1.474     4.396    u_controller/clk
    SLICE_X12Y30         FDCE                                         r  u_controller/count_reg[2]/C

Slack:                    inf
  Source:                 N[5]
                            (input port)
  Destination:            u_controller/count_reg[3]/CE
                            (rising edge-triggered cell FDCE clocked by clk  {rise@0.000ns fall@5.000ns period=10.000ns})
  Path Group:             (none)
  Path Type:              Setup (Max at Slow Process Corner)
  Data Path Delay:        5.547ns  (logic 1.425ns (25.688%)  route 4.122ns (74.312%))
  Logic Levels:           5  (CARRY4=1 IBUF=1 LUT3=2 LUT6=1)
  Clock Path Skew:        4.396ns (DCD - SCD + CPR)
    Destination Clock Delay (DCD):    4.396ns
    Source Clock Delay      (SCD):    0.000ns
    Clock Pessimism Removal (CPR):    0.000ns
  Clock Uncertainty:      0.025ns  ((TSJ^2 + TIJ^2)^1/2 + DJ) / 2 + PE
    Total System Jitter     (TSJ):    0.050ns
    Total Input Jitter      (TIJ):    0.000ns
    Discrete Jitter          (DJ):    0.000ns
    Phase Error              (PE):    0.000ns

    Location             Delay type                Incr(ns)  Path(ns)    Netlist Resource(s)
  -------------------------------------------------------------------    -------------------
    M19                                               0.000     0.000 r  N[5] (IN)
                         net (fo=0)                   0.000     0.000    N[5]
    M19                  IBUF (Prop_ibuf_I_O)         0.829     0.829 r  N_IBUF[5]_inst/O
                         net (fo=3, routed)           2.328     3.157    u_controller/N[5]
    SLICE_X10Y31         LUT6 (Prop_lut6_I0_O)        0.053     3.210 r  u_controller/valid_in_i_13/O
                         net (fo=9, routed)           0.818     4.027    u_controller/valid_in_i_13_n_0
    SLICE_X11Y33         LUT3 (Prop_lut3_I2_O)        0.053     4.080 r  u_controller/valid_in_i_7/O
                         net (fo=1, routed)           0.000     4.080    u_controller/valid_in_i_7_n_0
    SLICE_X11Y33         CARRY4 (Prop_carry4_S[0]_CO[2])
                                                      0.329     4.409 f  u_controller/valid_in_reg_i_3/CO[2]
                         net (fo=6, routed)           0.605     5.014    u_controller/next_state0
    SLICE_X13Y33         LUT3 (Prop_lut3_I0_O)        0.161     5.175 r  u_controller/count[7]_i_1/O
                         net (fo=8, routed)           0.371     5.547    u_controller/count[0]
    SLICE_X12Y30         FDCE                                         r  u_controller/count_reg[3]/CE
  -------------------------------------------------------------------    -------------------

                         (clock clk rise edge)        0.000     0.000 r  
    P23                                               0.000     0.000 r  clk (IN)
                         net (fo=0)                   0.000     0.000    clk
    P23                  IBUF (Prop_ibuf_I_O)         0.769     0.769 r  clk_IBUF_inst/O
                         net (fo=1, routed)           2.040     2.809    clk_IBUF
    BUFGCTRL_X0Y0        BUFG (Prop_bufg_I_O)         0.113     2.922 r  clk_IBUF_BUFG_inst/O
                         net (fo=57, routed)          1.474     4.396    u_controller/clk
    SLICE_X12Y30         FDCE                                         r  u_controller/count_reg[3]/C

Slack:                    inf
  Source:                 N[5]
                            (input port)
  Destination:            u_controller/count_reg[4]/CE
                            (rising edge-triggered cell FDCE clocked by clk  {rise@0.000ns fall@5.000ns period=10.000ns})
  Path Group:             (none)
  Path Type:              Setup (Max at Slow Process Corner)
  Data Path Delay:        5.547ns  (logic 1.425ns (25.688%)  route 4.122ns (74.312%))
  Logic Levels:           5  (CARRY4=1 IBUF=1 LUT3=2 LUT6=1)
  Clock Path Skew:        4.396ns (DCD - SCD + CPR)
    Destination Clock Delay (DCD):    4.396ns
    Source Clock Delay      (SCD):    0.000ns
    Clock Pessimism Removal (CPR):    0.000ns
  Clock Uncertainty:      0.025ns  ((TSJ^2 + TIJ^2)^1/2 + DJ) / 2 + PE
    Total System Jitter     (TSJ):    0.050ns
    Total Input Jitter      (TIJ):    0.000ns
    Discrete Jitter          (DJ):    0.000ns
    Phase Error              (PE):    0.000ns

    Location             Delay type                Incr(ns)  Path(ns)    Netlist Resource(s)
  -------------------------------------------------------------------    -------------------
    M19                                               0.000     0.000 r  N[5] (IN)
                         net (fo=0)                   0.000     0.000    N[5]
    M19                  IBUF (Prop_ibuf_I_O)         0.829     0.829 r  N_IBUF[5]_inst/O
                         net (fo=3, routed)           2.328     3.157    u_controller/N[5]
    SLICE_X10Y31         LUT6 (Prop_lut6_I0_O)        0.053     3.210 r  u_controller/valid_in_i_13/O
                         net (fo=9, routed)           0.818     4.027    u_controller/valid_in_i_13_n_0
    SLICE_X11Y33         LUT3 (Prop_lut3_I2_O)        0.053     4.080 r  u_controller/valid_in_i_7/O
                         net (fo=1, routed)           0.000     4.080    u_controller/valid_in_i_7_n_0
    SLICE_X11Y33         CARRY4 (Prop_carry4_S[0]_CO[2])
                                                      0.329     4.409 f  u_controller/valid_in_reg_i_3/CO[2]
                         net (fo=6, routed)           0.605     5.014    u_controller/next_state0
    SLICE_X13Y33         LUT3 (Prop_lut3_I0_O)        0.161     5.175 r  u_controller/count[7]_i_1/O
                         net (fo=8, routed)           0.371     5.547    u_controller/count[0]
    SLICE_X12Y30         FDCE                                         r  u_controller/count_reg[4]/CE
  -------------------------------------------------------------------    -------------------

                         (clock clk rise edge)        0.000     0.000 r  
    P23                                               0.000     0.000 r  clk (IN)
                         net (fo=0)                   0.000     0.000    clk
    P23                  IBUF (Prop_ibuf_I_O)         0.769     0.769 r  clk_IBUF_inst/O
                         net (fo=1, routed)           2.040     2.809    clk_IBUF
    BUFGCTRL_X0Y0        BUFG (Prop_bufg_I_O)         0.113     2.922 r  clk_IBUF_BUFG_inst/O
                         net (fo=57, routed)          1.474     4.396    u_controller/clk
    SLICE_X12Y30         FDCE                                         r  u_controller/count_reg[4]/C

Slack:                    inf
  Source:                 N[5]
                            (input port)
  Destination:            u_controller/count_reg[6]/CE
                            (rising edge-triggered cell FDCE clocked by clk  {rise@0.000ns fall@5.000ns period=10.000ns})
  Path Group:             (none)
  Path Type:              Setup (Max at Slow Process Corner)
  Data Path Delay:        5.539ns  (logic 1.425ns (25.724%)  route 4.114ns (74.276%))
  Logic Levels:           5  (CARRY4=1 IBUF=1 LUT3=2 LUT6=1)
  Clock Path Skew:        4.397ns (DCD - SCD + CPR)
    Destination Clock Delay (DCD):    4.397ns
    Source Clock Delay      (SCD):    0.000ns
    Clock Pessimism Removal (CPR):    0.000ns
  Clock Uncertainty:      0.025ns  ((TSJ^2 + TIJ^2)^1/2 + DJ) / 2 + PE
    Total System Jitter     (TSJ):    0.050ns
    Total Input Jitter      (TIJ):    0.000ns
    Discrete Jitter          (DJ):    0.000ns
    Phase Error              (PE):    0.000ns

    Location             Delay type                Incr(ns)  Path(ns)    Netlist Resource(s)
  -------------------------------------------------------------------    -------------------
    M19                                               0.000     0.000 r  N[5] (IN)
                         net (fo=0)                   0.000     0.000    N[5]
    M19                  IBUF (Prop_ibuf_I_O)         0.829     0.829 r  N_IBUF[5]_inst/O
                         net (fo=3, routed)           2.328     3.157    u_controller/N[5]
    SLICE_X10Y31         LUT6 (Prop_lut6_I0_O)        0.053     3.210 r  u_controller/valid_in_i_13/O
                         net (fo=9, routed)           0.818     4.027    u_controller/valid_in_i_13_n_0
    SLICE_X11Y33         LUT3 (Prop_lut3_I2_O)        0.053     4.080 r  u_controller/valid_in_i_7/O
                         net (fo=1, routed)           0.000     4.080    u_controller/valid_in_i_7_n_0
    SLICE_X11Y33         CARRY4 (Prop_carry4_S[0]_CO[2])
                                                      0.329     4.409 f  u_controller/valid_in_reg_i_3/CO[2]
                         net (fo=6, routed)           0.605     5.014    u_controller/next_state0
    SLICE_X13Y33         LUT3 (Prop_lut3_I0_O)        0.161     5.175 r  u_controller/count[7]_i_1/O
                         net (fo=8, routed)           0.364     5.539    u_controller/count[0]
    SLICE_X15Y31         FDCE                                         r  u_controller/count_reg[6]/CE
  -------------------------------------------------------------------    -------------------

                         (clock clk rise edge)        0.000     0.000 r  
    P23                                               0.000     0.000 r  clk (IN)
                         net (fo=0)                   0.000     0.000    clk
    P23                  IBUF (Prop_ibuf_I_O)         0.769     0.769 r  clk_IBUF_inst/O
                         net (fo=1, routed)           2.040     2.809    clk_IBUF
    BUFGCTRL_X0Y0        BUFG (Prop_bufg_I_O)         0.113     2.922 r  clk_IBUF_BUFG_inst/O
                         net (fo=57, routed)          1.475     4.397    u_controller/clk
    SLICE_X15Y31         FDCE                                         r  u_controller/count_reg[6]/C

Slack:                    inf
  Source:                 N[5]
                            (input port)
  Destination:            u_controller/count_reg[7]/CE
                            (rising edge-triggered cell FDCE clocked by clk  {rise@0.000ns fall@5.000ns period=10.000ns})
  Path Group:             (none)
  Path Type:              Setup (Max at Slow Process Corner)
  Data Path Delay:        5.539ns  (logic 1.425ns (25.724%)  route 4.114ns (74.276%))
  Logic Levels:           5  (CARRY4=1 IBUF=1 LUT3=2 LUT6=1)
  Clock Path Skew:        4.397ns (DCD - SCD + CPR)
    Destination Clock Delay (DCD):    4.397ns
    Source Clock Delay      (SCD):    0.000ns
    Clock Pessimism Removal (CPR):    0.000ns
  Clock Uncertainty:      0.025ns  ((TSJ^2 + TIJ^2)^1/2 + DJ) / 2 + PE
    Total System Jitter     (TSJ):    0.050ns
    Total Input Jitter      (TIJ):    0.000ns
    Discrete Jitter          (DJ):    0.000ns
    Phase Error              (PE):    0.000ns

    Location             Delay type                Incr(ns)  Path(ns)    Netlist Resource(s)
  -------------------------------------------------------------------    -------------------
    M19                                               0.000     0.000 r  N[5] (IN)
                         net (fo=0)                   0.000     0.000    N[5]
    M19                  IBUF (Prop_ibuf_I_O)         0.829     0.829 r  N_IBUF[5]_inst/O
                         net (fo=3, routed)           2.328     3.157    u_controller/N[5]
    SLICE_X10Y31         LUT6 (Prop_lut6_I0_O)        0.053     3.210 r  u_controller/valid_in_i_13/O
                         net (fo=9, routed)           0.818     4.027    u_controller/valid_in_i_13_n_0
    SLICE_X11Y33         LUT3 (Prop_lut3_I2_O)        0.053     4.080 r  u_controller/valid_in_i_7/O
                         net (fo=1, routed)           0.000     4.080    u_controller/valid_in_i_7_n_0
    SLICE_X11Y33         CARRY4 (Prop_carry4_S[0]_CO[2])
                                                      0.329     4.409 f  u_controller/valid_in_reg_i_3/CO[2]
                         net (fo=6, routed)           0.605     5.014    u_controller/next_state0
    SLICE_X13Y33         LUT3 (Prop_lut3_I0_O)        0.161     5.175 r  u_controller/count[7]_i_1/O
                         net (fo=8, routed)           0.364     5.539    u_controller/count[0]
    SLICE_X15Y31         FDCE                                         r  u_controller/count_reg[7]/CE
  -------------------------------------------------------------------    -------------------

                         (clock clk rise edge)        0.000     0.000 r  
    P23                                               0.000     0.000 r  clk (IN)
                         net (fo=0)                   0.000     0.000    clk
    P23                  IBUF (Prop_ibuf_I_O)         0.769     0.769 r  clk_IBUF_inst/O
                         net (fo=1, routed)           2.040     2.809    clk_IBUF
    BUFGCTRL_X0Y0        BUFG (Prop_bufg_I_O)         0.113     2.922 r  clk_IBUF_BUFG_inst/O
                         net (fo=57, routed)          1.475     4.397    u_controller/clk
    SLICE_X15Y31         FDCE                                         r  u_controller/count_reg[7]/C

Slack:                    inf
  Source:                 N[5]
                            (input port)
  Destination:            u_controller/last_mac_in_reg/D
                            (rising edge-triggered cell FDCE clocked by clk  {rise@0.000ns fall@5.000ns period=10.000ns})
  Path Group:             (none)
  Path Type:              Setup (Max at Slow Process Corner)
  Data Path Delay:        5.186ns  (logic 1.425ns (27.473%)  route 3.761ns (72.527%))
  Logic Levels:           5  (CARRY4=1 IBUF=1 LUT3=1 LUT6=2)
  Clock Path Skew:        4.399ns (DCD - SCD + CPR)
    Destination Clock Delay (DCD):    4.399ns
    Source Clock Delay      (SCD):    0.000ns
    Clock Pessimism Removal (CPR):    0.000ns
  Clock Uncertainty:      0.025ns  ((TSJ^2 + TIJ^2)^1/2 + DJ) / 2 + PE
    Total System Jitter     (TSJ):    0.050ns
    Total Input Jitter      (TIJ):    0.000ns
    Discrete Jitter          (DJ):    0.000ns
    Phase Error              (PE):    0.000ns

    Location             Delay type                Incr(ns)  Path(ns)    Netlist Resource(s)
  -------------------------------------------------------------------    -------------------
    M19                                               0.000     0.000 r  N[5] (IN)
                         net (fo=0)                   0.000     0.000    N[5]
    M19                  IBUF (Prop_ibuf_I_O)         0.829     0.829 r  N_IBUF[5]_inst/O
                         net (fo=3, routed)           2.328     3.157    u_controller/N[5]
    SLICE_X10Y31         LUT6 (Prop_lut6_I0_O)        0.053     3.210 r  u_controller/valid_in_i_13/O
                         net (fo=9, routed)           0.818     4.027    u_controller/valid_in_i_13_n_0
    SLICE_X11Y33         LUT3 (Prop_lut3_I2_O)        0.053     4.080 r  u_controller/valid_in_i_7/O
                         net (fo=1, routed)           0.000     4.080    u_controller/valid_in_i_7_n_0
    SLICE_X11Y33         CARRY4 (Prop_carry4_S[0]_CO[2])
                                                      0.329     4.409 r  u_controller/valid_in_reg_i_3/CO[2]
                         net (fo=6, routed)           0.616     5.025    u_controller/next_state0
    SLICE_X12Y33         LUT6 (Prop_lut6_I3_O)        0.161     5.186 r  u_controller/last_mac_in_i_1/O
                         net (fo=1, routed)           0.000     5.186    u_controller/last_mac_in_i_1_n_0
    SLICE_X12Y33         FDCE                                         r  u_controller/last_mac_in_reg/D
  -------------------------------------------------------------------    -------------------

                         (clock clk rise edge)        0.000     0.000 r  
    P23                                               0.000     0.000 r  clk (IN)
                         net (fo=0)                   0.000     0.000    clk
    P23                  IBUF (Prop_ibuf_I_O)         0.769     0.769 r  clk_IBUF_inst/O
                         net (fo=1, routed)           2.040     2.809    clk_IBUF
    BUFGCTRL_X0Y0        BUFG (Prop_bufg_I_O)         0.113     2.922 r  clk_IBUF_BUFG_inst/O
                         net (fo=57, routed)          1.477     4.399    u_controller/clk
    SLICE_X12Y33         FDCE                                         r  u_controller/last_mac_in_reg/C

Slack:                    inf
  Source:                 N[5]
                            (input port)
  Destination:            u_controller/FSM_onehot_state_reg[1]/D
                            (rising edge-triggered cell FDCE clocked by clk  {rise@0.000ns fall@5.000ns period=10.000ns})
  Path Group:             (none)
  Path Type:              Setup (Max at Slow Process Corner)
  Data Path Delay:        5.175ns  (logic 1.425ns (27.531%)  route 3.750ns (72.469%))
  Logic Levels:           5  (CARRY4=1 IBUF=1 LUT3=1 LUT6=2)
  Clock Path Skew:        4.399ns (DCD - SCD + CPR)
    Destination Clock Delay (DCD):    4.399ns
    Source Clock Delay      (SCD):    0.000ns
    Clock Pessimism Removal (CPR):    0.000ns
  Clock Uncertainty:      0.025ns  ((TSJ^2 + TIJ^2)^1/2 + DJ) / 2 + PE
    Total System Jitter     (TSJ):    0.050ns
    Total Input Jitter      (TIJ):    0.000ns
    Discrete Jitter          (DJ):    0.000ns
    Phase Error              (PE):    0.000ns

    Location             Delay type                Incr(ns)  Path(ns)    Netlist Resource(s)
  -------------------------------------------------------------------    -------------------
    M19                                               0.000     0.000 r  N[5] (IN)
                         net (fo=0)                   0.000     0.000    N[5]
    M19                  IBUF (Prop_ibuf_I_O)         0.829     0.829 r  N_IBUF[5]_inst/O
                         net (fo=3, routed)           2.328     3.157    u_controller/N[5]
    SLICE_X10Y31         LUT6 (Prop_lut6_I0_O)        0.053     3.210 r  u_controller/valid_in_i_13/O
                         net (fo=9, routed)           0.818     4.027    u_controller/valid_in_i_13_n_0
    SLICE_X11Y33         LUT3 (Prop_lut3_I2_O)        0.053     4.080 r  u_controller/valid_in_i_7/O
                         net (fo=1, routed)           0.000     4.080    u_controller/valid_in_i_7_n_0
    SLICE_X11Y33         CARRY4 (Prop_carry4_S[0]_CO[2])
                                                      0.329     4.409 f  u_controller/valid_in_reg_i_3/CO[2]
                         net (fo=6, routed)           0.605     5.014    u_controller/next_state0
    SLICE_X12Y33         LUT6 (Prop_lut6_I3_O)        0.161     5.175 r  u_controller/FSM_onehot_state[1]_i_1/O
                         net (fo=1, routed)           0.000     5.175    u_controller/FSM_onehot_state[1]_i_1_n_0
    SLICE_X12Y33         FDCE                                         r  u_controller/FSM_onehot_state_reg[1]/D
  -------------------------------------------------------------------    -------------------

                         (clock clk rise edge)        0.000     0.000 r  
    P23                                               0.000     0.000 r  clk (IN)
                         net (fo=0)                   0.000     0.000    clk
    P23                  IBUF (Prop_ibuf_I_O)         0.769     0.769 r  clk_IBUF_inst/O
                         net (fo=1, routed)           2.040     2.809    clk_IBUF
    BUFGCTRL_X0Y0        BUFG (Prop_bufg_I_O)         0.113     2.922 r  clk_IBUF_BUFG_inst/O
                         net (fo=57, routed)          1.477     4.399    u_controller/clk
    SLICE_X12Y33         FDCE                                         r  u_controller/FSM_onehot_state_reg[1]/C





Min Delay Paths
--------------------------------------------------------------------------------------
Slack:                    inf
  Source:                 w_in[0]
                            (input port)
  Destination:            u_core/p_reg_reg/A[0]
                            (rising edge-triggered cell DSP48E1 clocked by clk  {rise@0.000ns fall@5.000ns period=10.000ns})
  Path Group:             (none)
  Path Type:              Hold (Min at Fast Process Corner)
  Data Path Delay:        0.866ns  (logic 0.137ns (15.844%)  route 0.729ns (84.156%))
  Logic Levels:           1  (IBUF=1)
  Clock Path Skew:        2.193ns (DCD - SCD - CPR)
    Destination Clock Delay (DCD):    2.193ns
    Source Clock Delay      (SCD):    0.000ns
    Clock Pessimism Removal (CPR):    -0.000ns

    Location             Delay type                Incr(ns)  Path(ns)    Netlist Resource(s)
  -------------------------------------------------------------------    -------------------
    L23                                               0.000     0.000 r  w_in[0] (IN)
                         net (fo=0)                   0.000     0.000    w_in[0]
    L23                  IBUF (Prop_ibuf_I_O)         0.137     0.137 r  w_in_IBUF[0]_inst/O
                         net (fo=1, routed)           0.729     0.866    u_core/w_in[0]
    DSP48_X0Y12          DSP48E1                                      r  u_core/p_reg_reg/A[0]
  -------------------------------------------------------------------    -------------------

                         (clock clk rise edge)        0.000     0.000 r  
    P23                                               0.000     0.000 r  clk (IN)
                         net (fo=0)                   0.000     0.000    clk
    P23                  IBUF (Prop_ibuf_I_O)         0.357     0.357 r  clk_IBUF_inst/O
                         net (fo=1, routed)           0.928     1.285    clk_IBUF
    BUFGCTRL_X0Y0        BUFG (Prop_bufg_I_O)         0.030     1.315 r  clk_IBUF_BUFG_inst/O
                         net (fo=57, routed)          0.878     2.193    u_core/clk
    DSP48_X0Y12          DSP48E1                                      r  u_core/p_reg_reg/CLK

Slack:                    inf
  Source:                 w_in[1]
                            (input port)
  Destination:            u_core/p_reg_reg/A[1]
                            (rising edge-triggered cell DSP48E1 clocked by clk  {rise@0.000ns fall@5.000ns period=10.000ns})
  Path Group:             (none)
  Path Type:              Hold (Min at Fast Process Corner)
  Data Path Delay:        0.887ns  (logic 0.130ns (14.605%)  route 0.757ns (85.395%))
  Logic Levels:           1  (IBUF=1)
  Clock Path Skew:        2.193ns (DCD - SCD - CPR)
    Destination Clock Delay (DCD):    2.193ns
    Source Clock Delay      (SCD):    0.000ns
    Clock Pessimism Removal (CPR):    -0.000ns

    Location             Delay type                Incr(ns)  Path(ns)    Netlist Resource(s)
  -------------------------------------------------------------------    -------------------
    J23                                               0.000     0.000 r  w_in[1] (IN)
                         net (fo=0)                   0.000     0.000    w_in[1]
    J23                  IBUF (Prop_ibuf_I_O)         0.130     0.130 r  w_in_IBUF[1]_inst/O
                         net (fo=1, routed)           0.757     0.887    u_core/w_in[1]
    DSP48_X0Y12          DSP48E1                                      r  u_core/p_reg_reg/A[1]
  -------------------------------------------------------------------    -------------------

                         (clock clk rise edge)        0.000     0.000 r  
    P23                                               0.000     0.000 r  clk (IN)
                         net (fo=0)                   0.000     0.000    clk
    P23                  IBUF (Prop_ibuf_I_O)         0.357     0.357 r  clk_IBUF_inst/O
                         net (fo=1, routed)           0.928     1.285    clk_IBUF
    BUFGCTRL_X0Y0        BUFG (Prop_bufg_I_O)         0.030     1.315 r  clk_IBUF_BUFG_inst/O
                         net (fo=57, routed)          0.878     2.193    u_core/clk
    DSP48_X0Y12          DSP48E1                                      r  u_core/p_reg_reg/CLK

Slack:                    inf
  Source:                 w_in[5]
                            (input port)
  Destination:            u_core/p_reg_reg/A[5]
                            (rising edge-triggered cell DSP48E1 clocked by clk  {rise@0.000ns fall@5.000ns period=10.000ns})
  Path Group:             (none)
  Path Type:              Hold (Min at Fast Process Corner)
  Data Path Delay:        0.889ns  (logic 0.130ns (14.629%)  route 0.759ns (85.371%))
  Logic Levels:           1  (IBUF=1)
  Clock Path Skew:        2.193ns (DCD - SCD - CPR)
    Destination Clock Delay (DCD):    2.193ns
    Source Clock Delay      (SCD):    0.000ns
    Clock Pessimism Removal (CPR):    -0.000ns

    Location             Delay type                Incr(ns)  Path(ns)    Netlist Resource(s)
  -------------------------------------------------------------------    -------------------
    J25                                               0.000     0.000 r  w_in[5] (IN)
                         net (fo=0)                   0.000     0.000    w_in[5]
    J25                  IBUF (Prop_ibuf_I_O)         0.130     0.130 r  w_in_IBUF[5]_inst/O
                         net (fo=1, routed)           0.759     0.889    u_core/w_in[5]
    DSP48_X0Y12          DSP48E1                                      r  u_core/p_reg_reg/A[5]
  -------------------------------------------------------------------    -------------------

                         (clock clk rise edge)        0.000     0.000 r  
    P23                                               0.000     0.000 r  clk (IN)
                         net (fo=0)                   0.000     0.000    clk
    P23                  IBUF (Prop_ibuf_I_O)         0.357     0.357 r  clk_IBUF_inst/O
                         net (fo=1, routed)           0.928     1.285    clk_IBUF
    BUFGCTRL_X0Y0        BUFG (Prop_bufg_I_O)         0.030     1.315 r  clk_IBUF_BUFG_inst/O
                         net (fo=57, routed)          0.878     2.193    u_core/clk
    DSP48_X0Y12          DSP48E1                                      r  u_core/p_reg_reg/CLK

Slack:                    inf
  Source:                 w_in[2]
                            (input port)
  Destination:            u_core/p_reg_reg/A[2]
                            (rising edge-triggered cell DSP48E1 clocked by clk  {rise@0.000ns fall@5.000ns period=10.000ns})
  Path Group:             (none)
  Path Type:              Hold (Min at Fast Process Corner)
  Data Path Delay:        0.900ns  (logic 0.130ns (14.480%)  route 0.770ns (85.520%))
  Logic Levels:           1  (IBUF=1)
  Clock Path Skew:        2.193ns (DCD - SCD - CPR)
    Destination Clock Delay (DCD):    2.193ns
    Source Clock Delay      (SCD):    0.000ns
    Clock Pessimism Removal (CPR):    -0.000ns

    Location             Delay type                Incr(ns)  Path(ns)    Netlist Resource(s)
  -------------------------------------------------------------------    -------------------
    K23                                               0.000     0.000 r  w_in[2] (IN)
                         net (fo=0)                   0.000     0.000    w_in[2]
    K23                  IBUF (Prop_ibuf_I_O)         0.130     0.130 r  w_in_IBUF[2]_inst/O
                         net (fo=1, routed)           0.770     0.900    u_core/w_in[2]
    DSP48_X0Y12          DSP48E1                                      r  u_core/p_reg_reg/A[2]
  -------------------------------------------------------------------    -------------------

                         (clock clk rise edge)        0.000     0.000 r  
    P23                                               0.000     0.000 r  clk (IN)
                         net (fo=0)                   0.000     0.000    clk
    P23                  IBUF (Prop_ibuf_I_O)         0.357     0.357 r  clk_IBUF_inst/O
                         net (fo=1, routed)           0.928     1.285    clk_IBUF
    BUFGCTRL_X0Y0        BUFG (Prop_bufg_I_O)         0.030     1.315 r  clk_IBUF_BUFG_inst/O
                         net (fo=57, routed)          0.878     2.193    u_core/clk
    DSP48_X0Y12          DSP48E1                                      r  u_core/p_reg_reg/CLK

Slack:                    inf
  Source:                 start
                            (input port)
  Destination:            u_controller/valid_in_reg/D
                            (rising edge-triggered cell FDCE clocked by clk  {rise@0.000ns fall@5.000ns period=10.000ns})
  Path Group:             (none)
  Path Type:              Hold (Min at Fast Process Corner)
  Data Path Delay:        0.918ns  (logic 0.105ns (11.401%)  route 0.814ns (88.599%))
  Logic Levels:           2  (IBUF=1 LUT6=1)
  Clock Path Skew:        2.129ns (DCD - SCD - CPR)
    Destination Clock Delay (DCD):    2.129ns
    Source Clock Delay      (SCD):    0.000ns
    Clock Pessimism Removal (CPR):    -0.000ns

    Location             Delay type                Incr(ns)  Path(ns)    Netlist Resource(s)
  -------------------------------------------------------------------    -------------------
    N17                                               0.000     0.000 r  start (IN)
                         net (fo=0)                   0.000     0.000    start
    N17                  IBUF (Prop_ibuf_I_O)         0.077     0.077 r  start_IBUF_inst/O
                         net (fo=6, routed)           0.814     0.890    u_controller/start
    SLICE_X14Y31         LUT6 (Prop_lut6_I1_O)        0.028     0.918 r  u_controller/valid_in_i_1/O
                         net (fo=1, routed)           0.000     0.918    u_controller/valid_in_i_1_n_0
    SLICE_X14Y31         FDCE                                         r  u_controller/valid_in_reg/D
  -------------------------------------------------------------------    -------------------

                         (clock clk rise edge)        0.000     0.000 r  
    P23                                               0.000     0.000 r  clk (IN)
                         net (fo=0)                   0.000     0.000    clk
    P23                  IBUF (Prop_ibuf_I_O)         0.357     0.357 r  clk_IBUF_inst/O
                         net (fo=1, routed)           0.928     1.285    clk_IBUF
    BUFGCTRL_X0Y0        BUFG (Prop_bufg_I_O)         0.030     1.315 r  clk_IBUF_BUFG_inst/O
                         net (fo=57, routed)          0.814     2.129    u_controller/clk
    SLICE_X14Y31         FDCE                                         r  u_controller/valid_in_reg/C

Slack:                    inf
  Source:                 w_in[6]
                            (input port)
  Destination:            u_core/p_reg_reg/A[6]
                            (rising edge-triggered cell DSP48E1 clocked by clk  {rise@0.000ns fall@5.000ns period=10.000ns})
  Path Group:             (none)
  Path Type:              Hold (Min at Fast Process Corner)
  Data Path Delay:        0.936ns  (logic 0.132ns (14.095%)  route 0.804ns (85.905%))
  Logic Levels:           1  (IBUF=1)
  Clock Path Skew:        2.193ns (DCD - SCD - CPR)
    Destination Clock Delay (DCD):    2.193ns
    Source Clock Delay      (SCD):    0.000ns
    Clock Pessimism Removal (CPR):    -0.000ns

    Location             Delay type                Incr(ns)  Path(ns)    Netlist Resource(s)
  -------------------------------------------------------------------    -------------------
    J24                                               0.000     0.000 r  w_in[6] (IN)
                         net (fo=0)                   0.000     0.000    w_in[6]
    J24                  IBUF (Prop_ibuf_I_O)         0.132     0.132 r  w_in_IBUF[6]_inst/O
                         net (fo=1, routed)           0.804     0.936    u_core/w_in[6]
    DSP48_X0Y12          DSP48E1                                      r  u_core/p_reg_reg/A[6]
  -------------------------------------------------------------------    -------------------

                         (clock clk rise edge)        0.000     0.000 r  
    P23                                               0.000     0.000 r  clk (IN)
                         net (fo=0)                   0.000     0.000    clk
    P23                  IBUF (Prop_ibuf_I_O)         0.357     0.357 r  clk_IBUF_inst/O
                         net (fo=1, routed)           0.928     1.285    clk_IBUF
    BUFGCTRL_X0Y0        BUFG (Prop_bufg_I_O)         0.030     1.315 r  clk_IBUF_BUFG_inst/O
                         net (fo=57, routed)          0.878     2.193    u_core/clk
    DSP48_X0Y12          DSP48E1                                      r  u_core/p_reg_reg/CLK

Slack:                    inf
  Source:                 w_in[7]
                            (input port)
  Destination:            u_core/p_reg_reg/A[11]
                            (rising edge-triggered cell DSP48E1 clocked by clk  {rise@0.000ns fall@5.000ns period=10.000ns})
  Path Group:             (none)
  Path Type:              Hold (Min at Fast Process Corner)
  Data Path Delay:        0.941ns  (logic 0.148ns (15.670%)  route 0.794ns (84.330%))
  Logic Levels:           1  (IBUF=1)
  Clock Path Skew:        2.193ns (DCD - SCD - CPR)
    Destination Clock Delay (DCD):    2.193ns
    Source Clock Delay      (SCD):    0.000ns
    Clock Pessimism Removal (CPR):    -0.000ns

    Location             Delay type                Incr(ns)  Path(ns)    Netlist Resource(s)
  -------------------------------------------------------------------    -------------------
    H22                                               0.000     0.000 r  w_in[7] (IN)
                         net (fo=0)                   0.000     0.000    w_in[7]
    H22                  IBUF (Prop_ibuf_I_O)         0.148     0.148 r  w_in_IBUF[7]_inst/O
                         net (fo=23, routed)          0.794     0.941    u_core/w_in[7]
    DSP48_X0Y12          DSP48E1                                      r  u_core/p_reg_reg/A[11]
  -------------------------------------------------------------------    -------------------

                         (clock clk rise edge)        0.000     0.000 r  
    P23                                               0.000     0.000 r  clk (IN)
                         net (fo=0)                   0.000     0.000    clk
    P23                  IBUF (Prop_ibuf_I_O)         0.357     0.357 r  clk_IBUF_inst/O
                         net (fo=1, routed)           0.928     1.285    clk_IBUF
    BUFGCTRL_X0Y0        BUFG (Prop_bufg_I_O)         0.030     1.315 r  clk_IBUF_BUFG_inst/O
                         net (fo=57, routed)          0.878     2.193    u_core/clk
    DSP48_X0Y12          DSP48E1                                      r  u_core/p_reg_reg/CLK

Slack:                    inf
  Source:                 w_in[7]
                            (input port)
  Destination:            u_core/p_reg_reg/A[29]
                            (rising edge-triggered cell DSP48E1 clocked by clk  {rise@0.000ns fall@5.000ns period=10.000ns})
  Path Group:             (none)
  Path Type:              Hold (Min at Fast Process Corner)
  Data Path Delay:        0.945ns  (logic 0.148ns (15.603%)  route 0.798ns (84.397%))
  Logic Levels:           1  (IBUF=1)
  Clock Path Skew:        2.193ns (DCD - SCD - CPR)
    Destination Clock Delay (DCD):    2.193ns
    Source Clock Delay      (SCD):    0.000ns
    Clock Pessimism Removal (CPR):    -0.000ns

    Location             Delay type                Incr(ns)  Path(ns)    Netlist Resource(s)
  -------------------------------------------------------------------    -------------------
    H22                                               0.000     0.000 r  w_in[7] (IN)
                         net (fo=0)                   0.000     0.000    w_in[7]
    H22                  IBUF (Prop_ibuf_I_O)         0.148     0.148 r  w_in_IBUF[7]_inst/O
                         net (fo=23, routed)          0.798     0.945    u_core/w_in[7]
    DSP48_X0Y12          DSP48E1                                      r  u_core/p_reg_reg/A[29]
  -------------------------------------------------------------------    -------------------

                         (clock clk rise edge)        0.000     0.000 r  
    P23                                               0.000     0.000 r  clk (IN)
                         net (fo=0)                   0.000     0.000    clk
    P23                  IBUF (Prop_ibuf_I_O)         0.357     0.357 r  clk_IBUF_inst/O
                         net (fo=1, routed)           0.928     1.285    clk_IBUF
    BUFGCTRL_X0Y0        BUFG (Prop_bufg_I_O)         0.030     1.315 r  clk_IBUF_BUFG_inst/O
                         net (fo=57, routed)          0.878     2.193    u_core/clk
    DSP48_X0Y12          DSP48E1                                      r  u_core/p_reg_reg/CLK

Slack:                    inf
  Source:                 w_in[7]
                            (input port)
  Destination:            u_core/p_reg_reg/A[8]
                            (rising edge-triggered cell DSP48E1 clocked by clk  {rise@0.000ns fall@5.000ns period=10.000ns})
  Path Group:             (none)
  Path Type:              Hold (Min at Fast Process Corner)
  Data Path Delay:        0.945ns  (logic 0.148ns (15.603%)  route 0.798ns (84.397%))
  Logic Levels:           1  (IBUF=1)
  Clock Path Skew:        2.193ns (DCD - SCD - CPR)
    Destination Clock Delay (DCD):    2.193ns
    Source Clock Delay      (SCD):    0.000ns
    Clock Pessimism Removal (CPR):    -0.000ns

    Location             Delay type                Incr(ns)  Path(ns)    Netlist Resource(s)
  -------------------------------------------------------------------    -------------------
    H22                                               0.000     0.000 r  w_in[7] (IN)
                         net (fo=0)                   0.000     0.000    w_in[7]
    H22                  IBUF (Prop_ibuf_I_O)         0.148     0.148 r  w_in_IBUF[7]_inst/O
                         net (fo=23, routed)          0.798     0.945    u_core/w_in[7]
    DSP48_X0Y12          DSP48E1                                      r  u_core/p_reg_reg/A[8]
  -------------------------------------------------------------------    -------------------

                         (clock clk rise edge)        0.000     0.000 r  
    P23                                               0.000     0.000 r  clk (IN)
                         net (fo=0)                   0.000     0.000    clk
    P23                  IBUF (Prop_ibuf_I_O)         0.357     0.357 r  clk_IBUF_inst/O
                         net (fo=1, routed)           0.928     1.285    clk_IBUF
    BUFGCTRL_X0Y0        BUFG (Prop_bufg_I_O)         0.030     1.315 r  clk_IBUF_BUFG_inst/O
                         net (fo=57, routed)          0.878     2.193    u_core/clk
    DSP48_X0Y12          DSP48E1                                      r  u_core/p_reg_reg/CLK

Slack:                    inf
  Source:                 start
                            (input port)
  Destination:            u_controller/FSM_onehot_state_reg[0]/D
                            (rising edge-triggered cell FDPE clocked by clk  {rise@0.000ns fall@5.000ns period=10.000ns})
  Path Group:             (none)
  Path Type:              Hold (Min at Fast Process Corner)
  Data Path Delay:        0.963ns  (logic 0.105ns (10.873%)  route 0.858ns (89.127%))
  Logic Levels:           2  (IBUF=1 LUT6=1)
  Clock Path Skew:        2.131ns (DCD - SCD - CPR)
    Destination Clock Delay (DCD):    2.131ns
    Source Clock Delay      (SCD):    0.000ns
    Clock Pessimism Removal (CPR):    -0.000ns

    Location             Delay type                Incr(ns)  Path(ns)    Netlist Resource(s)
  -------------------------------------------------------------------    -------------------
    N17                                               0.000     0.000 f  start (IN)
                         net (fo=0)                   0.000     0.000    start
    N17                  IBUF (Prop_ibuf_I_O)         0.077     0.077 f  start_IBUF_inst/O
                         net (fo=6, routed)           0.858     0.935    u_controller/start
    SLICE_X12Y33         LUT6 (Prop_lut6_I0_O)        0.028     0.963 r  u_controller/FSM_onehot_state[0]_i_1/O
                         net (fo=1, routed)           0.000     0.963    u_controller/FSM_onehot_state[0]_i_1_n_0
    SLICE_X12Y33         FDPE                                         r  u_controller/FSM_onehot_state_reg[0]/D
  -------------------------------------------------------------------    -------------------

                         (clock clk rise edge)        0.000     0.000 r  
    P23                                               0.000     0.000 r  clk (IN)
                         net (fo=0)                   0.000     0.000    clk
    P23                  IBUF (Prop_ibuf_I_O)         0.357     0.357 r  clk_IBUF_inst/O
                         net (fo=1, routed)           0.928     1.285    clk_IBUF
    BUFGCTRL_X0Y0        BUFG (Prop_bufg_I_O)         0.030     1.315 r  clk_IBUF_BUFG_inst/O
                         net (fo=57, routed)          0.816     2.131    u_controller/clk
    SLICE_X12Y33         FDPE                                         r  u_controller/FSM_onehot_state_reg[0]/C





