Fitter report for MIPS
Sun Jan 04 22:21:20 2026
Quartus II 64-Bit Version 13.0.1 Build 232 06/12/2013 Service Pack 1 SJ Web Edition


---------------------
; Table of Contents ;
---------------------
  1. Legal Notice
  2. Fitter Summary
  3. Fitter Settings
  4. Parallel Compilation
  5. Incremental Compilation Preservation Summary
  6. Incremental Compilation Partition Settings
  7. Incremental Compilation Placement Preservation
  8. Pin-Out File
  9. Fitter Resource Usage Summary
 10. Fitter Partition Statistics
 11. Input Pins
 12. Output Pins
 13. I/O Bank Usage
 14. All Package Pins
 15. Output Pin Default Load For Reported TCO
 16. Fitter Resource Utilization by Entity
 17. Delay Chain Summary
 18. Pad To Core Delay Chain Fanout
 19. Control Signals
 20. Global & Other Fast Signals
 21. Non-Global High Fan-Out Signals
 22. Other Routing Usage Summary
 23. LAB Logic Elements
 24. LAB-wide Signals
 25. LAB Signals Sourced
 26. LAB Signals Sourced Out
 27. LAB Distinct Inputs
 28. Fitter Device Options
 29. Operating Settings and Conditions
 30. Fitter Messages
 31. Fitter Suppressed Messages



----------------
; Legal Notice ;
----------------
Copyright (C) 1991-2013 Altera Corporation
Your use of Altera Corporation's design tools, logic functions 
and other software and tools, and its AMPP partner logic 
functions, and any output files from any of the foregoing 
(including device programming or simulation files), and any 
associated documentation or information are expressly subject 
to the terms and conditions of the Altera Program License 
Subscription Agreement, Altera MegaCore Function License 
Agreement, or other applicable license agreement, including, 
without limitation, that your use is for the sole purpose of 
programming logic devices manufactured by Altera and sold by 
Altera or its authorized distributors.  Please refer to the 
applicable agreement for further details.



+--------------------------------------------------------------------------------------+
; Fitter Summary                                                                       ;
+------------------------------------+-------------------------------------------------+
; Fitter Status                      ; Successful - Sun Jan 04 22:21:20 2026           ;
; Quartus II 64-Bit Version          ; 13.0.1 Build 232 06/12/2013 SP 1 SJ Web Edition ;
; Revision Name                      ; MIPS                                            ;
; Top-level Entity Name              ; MIPS                                            ;
; Family                             ; Cyclone II                                      ;
; Device                             ; EP2C35F672C6                                    ;
; Timing Models                      ; Final                                           ;
; Total logic elements               ; 497 / 33,216 ( 1 % )                            ;
;     Total combinational functions  ; 453 / 33,216 ( 1 % )                            ;
;     Dedicated logic registers      ; 126 / 33,216 ( < 1 % )                          ;
; Total registers                    ; 126                                             ;
; Total pins                         ; 82 / 475 ( 17 % )                               ;
; Total virtual pins                 ; 0                                               ;
; Total memory bits                  ; 0 / 483,840 ( 0 % )                             ;
; Embedded Multiplier 9-bit elements ; 0 / 70 ( 0 % )                                  ;
; Total PLLs                         ; 0 / 4 ( 0 % )                                   ;
+------------------------------------+-------------------------------------------------+


+----------------------------------------------------------------------------------------------------------------------------------------------+
; Fitter Settings                                                                                                                              ;
+----------------------------------------------------------------------------+--------------------------------+--------------------------------+
; Option                                                                     ; Setting                        ; Default Value                  ;
+----------------------------------------------------------------------------+--------------------------------+--------------------------------+
; Device                                                                     ; EP2C35F672C6                   ;                                ;
; Minimum Core Junction Temperature                                          ; 0                              ;                                ;
; Maximum Core Junction Temperature                                          ; 85                             ;                                ;
; Fit Attempts to Skip                                                       ; 0                              ; 0.0                            ;
; Use smart compilation                                                      ; Off                            ; Off                            ;
; Enable parallel Assembler and TimeQuest Timing Analyzer during compilation ; On                             ; On                             ;
; Enable compact report table                                                ; Off                            ; Off                            ;
; Auto Merge PLLs                                                            ; On                             ; On                             ;
; Ignore PLL Mode When Merging PLLs                                          ; Off                            ; Off                            ;
; Router Timing Optimization Level                                           ; Normal                         ; Normal                         ;
; Placement Effort Multiplier                                                ; 1.0                            ; 1.0                            ;
; Router Effort Multiplier                                                   ; 1.0                            ; 1.0                            ;
; Always Enable Input Buffers                                                ; Off                            ; Off                            ;
; Optimize Hold Timing                                                       ; IO Paths and Minimum TPD Paths ; IO Paths and Minimum TPD Paths ;
; Optimize Multi-Corner Timing                                               ; On                             ; On                             ;
; PowerPlay Power Optimization                                               ; Normal compilation             ; Normal compilation             ;
; Optimize Timing                                                            ; Normal compilation             ; Normal compilation             ;
; Optimize Timing for ECOs                                                   ; Off                            ; Off                            ;
; Regenerate full fit report during ECO compiles                             ; Off                            ; Off                            ;
; Optimize IOC Register Placement for Timing                                 ; Normal                         ; Normal                         ;
; Limit to One Fitting Attempt                                               ; Off                            ; Off                            ;
; Final Placement Optimizations                                              ; Automatically                  ; Automatically                  ;
; Fitter Aggressive Routability Optimizations                                ; Automatically                  ; Automatically                  ;
; Fitter Initial Placement Seed                                              ; 1                              ; 1                              ;
; PCI I/O                                                                    ; Off                            ; Off                            ;
; Weak Pull-Up Resistor                                                      ; Off                            ; Off                            ;
; Enable Bus-Hold Circuitry                                                  ; Off                            ; Off                            ;
; Auto Global Memory Control Signals                                         ; Off                            ; Off                            ;
; Auto Packed Registers                                                      ; Auto                           ; Auto                           ;
; Auto Delay Chains                                                          ; On                             ; On                             ;
; Auto Delay Chains for High Fanout Input Pins                               ; Off                            ; Off                            ;
; Perform Physical Synthesis for Combinational Logic for Fitting             ; Off                            ; Off                            ;
; Perform Physical Synthesis for Combinational Logic for Performance         ; Off                            ; Off                            ;
; Perform Register Duplication for Performance                               ; Off                            ; Off                            ;
; Perform Logic to Memory Mapping for Fitting                                ; Off                            ; Off                            ;
; Perform Register Retiming for Performance                                  ; Off                            ; Off                            ;
; Perform Asynchronous Signal Pipelining                                     ; Off                            ; Off                            ;
; Fitter Effort                                                              ; Auto Fit                       ; Auto Fit                       ;
; Physical Synthesis Effort Level                                            ; Normal                         ; Normal                         ;
; Auto Global Clock                                                          ; On                             ; On                             ;
; Auto Global Register Control Signals                                       ; On                             ; On                             ;
; Force Fitter to Avoid Periphery Placement Warnings                         ; Off                            ; Off                            ;
+----------------------------------------------------------------------------+--------------------------------+--------------------------------+


Parallel compilation was disabled, but you have multiple processors available. Enable parallel compilation to reduce compilation time.
+-------------------------------------+
; Parallel Compilation                ;
+----------------------------+--------+
; Processors                 ; Number ;
+----------------------------+--------+
; Number detected on machine ; 8      ;
; Maximum allowed            ; 1      ;
+----------------------------+--------+


+----------------------------------------------+
; Incremental Compilation Preservation Summary ;
+---------------------+------------------------+
; Type                ; Value                  ;
+---------------------+------------------------+
; Placement (by node) ;                        ;
;     -- Requested    ; 0 / 667 ( 0.00 % )     ;
;     -- Achieved     ; 0 / 667 ( 0.00 % )     ;
;                     ;                        ;
; Routing (by net)    ;                        ;
;     -- Requested    ; 0 / 0 ( 0.00 % )       ;
;     -- Achieved     ; 0 / 0 ( 0.00 % )       ;
+---------------------+------------------------+


+----------------------------------------------------------------------------------------------------------------------------------------------------------------------------------------+
; Incremental Compilation Partition Settings                                                                                                                                             ;
+--------------------------------+----------------+-------------------+-------------------------+------------------------+------------------------------+--------------------------------+
; Partition Name                 ; Partition Type ; Netlist Type Used ; Preservation Level Used ; Netlist Type Requested ; Preservation Level Requested ; Contents                       ;
+--------------------------------+----------------+-------------------+-------------------------+------------------------+------------------------------+--------------------------------+
; Top                            ; User-created   ; Source File       ; N/A                     ; Source File            ; N/A                          ;                                ;
; hard_block:auto_generated_inst ; Auto-generated ; Source File       ; N/A                     ; Source File            ; N/A                          ; hard_block:auto_generated_inst ;
+--------------------------------+----------------+-------------------+-------------------------+------------------------+------------------------------+--------------------------------+


+------------------------------------------------------------------------------------------------------------+
; Incremental Compilation Placement Preservation                                                             ;
+--------------------------------+---------+-------------------+-------------------------+-------------------+
; Partition Name                 ; # Nodes ; # Preserved Nodes ; Preservation Level Used ; Netlist Type Used ;
+--------------------------------+---------+-------------------+-------------------------+-------------------+
; Top                            ; 664     ; 0                 ; N/A                     ; Source File       ;
; hard_block:auto_generated_inst ; 3       ; 0                 ; N/A                     ; Source File       ;
+--------------------------------+---------+-------------------+-------------------------+-------------------+


+--------------+
; Pin-Out File ;
+--------------+
The pin-out file can be found in D:/HK5/CE118_DigitalLogicDesign/TH_Quartus/LAB6/output_files/MIPS.pin.


+----------------------------------------------------------------------+
; Fitter Resource Usage Summary                                        ;
+---------------------------------------------+------------------------+
; Resource                                    ; Usage                  ;
+---------------------------------------------+------------------------+
; Total logic elements                        ; 497 / 33,216 ( 1 % )   ;
;     -- Combinational with no register       ; 371                    ;
;     -- Register only                        ; 44                     ;
;     -- Combinational with a register        ; 82                     ;
;                                             ;                        ;
; Logic element usage by number of LUT inputs ;                        ;
;     -- 4 input functions                    ; 384                    ;
;     -- 3 input functions                    ; 41                     ;
;     -- <=2 input functions                  ; 28                     ;
;     -- Register only                        ; 44                     ;
;                                             ;                        ;
; Logic elements by mode                      ;                        ;
;     -- normal mode                          ; 453                    ;
;     -- arithmetic mode                      ; 0                      ;
;                                             ;                        ;
; Total registers*                            ; 126 / 34,593 ( < 1 % ) ;
;     -- Dedicated logic registers            ; 126 / 33,216 ( < 1 % ) ;
;     -- I/O registers                        ; 0 / 1,377 ( 0 % )      ;
;                                             ;                        ;
; Total LABs:  partially or completely used   ; 35 / 2,076 ( 2 % )     ;
; Virtual pins                                ; 0                      ;
; I/O pins                                    ; 82 / 475 ( 17 % )      ;
;     -- Clock pins                           ; 1 / 8 ( 13 % )         ;
;                                             ;                        ;
; Global signals                              ; 2                      ;
; M4Ks                                        ; 0 / 105 ( 0 % )        ;
; Total block memory bits                     ; 0 / 483,840 ( 0 % )    ;
; Total block memory implementation bits      ; 0 / 483,840 ( 0 % )    ;
; Embedded Multiplier 9-bit elements          ; 0 / 70 ( 0 % )         ;
; PLLs                                        ; 0 / 4 ( 0 % )          ;
; Global clocks                               ; 2 / 16 ( 13 % )        ;
; JTAGs                                       ; 0 / 1 ( 0 % )          ;
; ASMI blocks                                 ; 0 / 1 ( 0 % )          ;
; CRC blocks                                  ; 0 / 1 ( 0 % )          ;
; Average interconnect usage (total/H/V)      ; 0% / 0% / 0%           ;
; Peak interconnect usage (total/H/V)         ; 10% / 9% / 13%         ;
; Maximum fan-out                             ; 126                    ;
; Highest non-global fan-out                  ; 84                     ;
; Total fan-out                               ; 2314                   ;
; Average fan-out                             ; 3.33                   ;
+---------------------------------------------+------------------------+
*  Register count does not include registers inside RAM blocks or DSP blocks.



+------------------------------------------------------------------------------------------------------+
; Fitter Partition Statistics                                                                          ;
+---------------------------------------------+-----------------------+--------------------------------+
; Statistic                                   ; Top                   ; hard_block:auto_generated_inst ;
+---------------------------------------------+-----------------------+--------------------------------+
; Difficulty Clustering Region                ; Low                   ; Low                            ;
;                                             ;                       ;                                ;
; Total logic elements                        ; 497 / 33216 ( 1 % )   ; 0 / 33216 ( 0 % )              ;
;     -- Combinational with no register       ; 371                   ; 0                              ;
;     -- Register only                        ; 44                    ; 0                              ;
;     -- Combinational with a register        ; 82                    ; 0                              ;
;                                             ;                       ;                                ;
; Logic element usage by number of LUT inputs ;                       ;                                ;
;     -- 4 input functions                    ; 384                   ; 0                              ;
;     -- 3 input functions                    ; 41                    ; 0                              ;
;     -- <=2 input functions                  ; 28                    ; 0                              ;
;     -- Register only                        ; 44                    ; 0                              ;
;                                             ;                       ;                                ;
; Logic elements by mode                      ;                       ;                                ;
;     -- normal mode                          ; 453                   ; 0                              ;
;     -- arithmetic mode                      ; 0                     ; 0                              ;
;                                             ;                       ;                                ;
; Total registers                             ; 126                   ; 0                              ;
;     -- Dedicated logic registers            ; 126 / 33216 ( < 1 % ) ; 0 / 33216 ( 0 % )              ;
;                                             ;                       ;                                ;
; Total LABs:  partially or completely used   ; 35 / 2076 ( 2 % )     ; 0 / 2076 ( 0 % )               ;
;                                             ;                       ;                                ;
; Virtual pins                                ; 0                     ; 0                              ;
; I/O pins                                    ; 82                    ; 0                              ;
; Embedded Multiplier 9-bit elements          ; 0 / 70 ( 0 % )        ; 0 / 70 ( 0 % )                 ;
; Total memory bits                           ; 0                     ; 0                              ;
; Total RAM block bits                        ; 0                     ; 0                              ;
; Clock control block                         ; 2 / 20 ( 10 % )       ; 0 / 20 ( 0 % )                 ;
;                                             ;                       ;                                ;
; Connections                                 ;                       ;                                ;
;     -- Input Connections                    ; 0                     ; 0                              ;
;     -- Registered Input Connections         ; 0                     ; 0                              ;
;     -- Output Connections                   ; 0                     ; 0                              ;
;     -- Registered Output Connections        ; 0                     ; 0                              ;
;                                             ;                       ;                                ;
; Internal Connections                        ;                       ;                                ;
;     -- Total Connections                    ; 2314                  ; 0                              ;
;     -- Registered Connections               ; 482                   ; 0                              ;
;                                             ;                       ;                                ;
; External Connections                        ;                       ;                                ;
;     -- Top                                  ; 0                     ; 0                              ;
;     -- hard_block:auto_generated_inst       ; 0                     ; 0                              ;
;                                             ;                       ;                                ;
; Partition Interface                         ;                       ;                                ;
;     -- Input Ports                          ; 2                     ; 0                              ;
;     -- Output Ports                         ; 80                    ; 0                              ;
;     -- Bidir Ports                          ; 0                     ; 0                              ;
;                                             ;                       ;                                ;
; Registered Ports                            ;                       ;                                ;
;     -- Registered Input Ports               ; 0                     ; 0                              ;
;     -- Registered Output Ports              ; 0                     ; 0                              ;
;                                             ;                       ;                                ;
; Port Connectivity                           ;                       ;                                ;
;     -- Input Ports driven by GND            ; 0                     ; 0                              ;
;     -- Output Ports driven by GND           ; 0                     ; 0                              ;
;     -- Input Ports driven by VCC            ; 0                     ; 0                              ;
;     -- Output Ports driven by VCC           ; 0                     ; 0                              ;
;     -- Input Ports with no Source           ; 0                     ; 0                              ;
;     -- Output Ports with no Source          ; 0                     ; 0                              ;
;     -- Input Ports with no Fanout           ; 0                     ; 0                              ;
;     -- Output Ports with no Fanout          ; 0                     ; 0                              ;
+---------------------------------------------+-----------------------+--------------------------------+


+------------------------------------------------------------------------------------------------------------------------------------------------------------------------------------------------------------------------------------------------------------+
; Input Pins                                                                                                                                                                                                                                                 ;
+------+-------+----------+--------------+--------------+-------------+-----------------------+--------------------+--------+----------------+---------------+-----------------+----------+--------------+--------------+-------------+----------------------+
; Name ; Pin # ; I/O Bank ; X coordinate ; Y coordinate ; Cell number ; Combinational Fan-Out ; Registered Fan-Out ; Global ; Input Register ; Power Up High ; PCI I/O Enabled ; Bus Hold ; Weak Pull Up ; I/O Standard ; Termination ; Location assigned by ;
+------+-------+----------+--------------+--------------+-------------+-----------------------+--------------------+--------+----------------+---------------+-----------------+----------+--------------+--------------+-------------+----------------------+
; CLK  ; P2    ; 1        ; 0            ; 18           ; 2           ; 1                     ; 0                  ; yes    ; no             ; no            ; no              ; no       ; Off          ; 3.3-V LVTTL  ; Off         ; Fitter               ;
; CLR  ; P1    ; 1        ; 0            ; 18           ; 3           ; 1                     ; 0                  ; yes    ; no             ; no            ; no              ; no       ; Off          ; 3.3-V LVTTL  ; Off         ; Fitter               ;
+------+-------+----------+--------------+--------------+-------------+-----------------------+--------------------+--------+----------------+---------------+-----------------+----------+--------------+--------------+-------------+----------------------+


+---------------------------------------------------------------------------------------------------------------------------------------------------------------------------------------------------------------------------------------------------------------------------------------------------------------------------------------------+
; Output Pins                                                                                                                                                                                                                                                                                                                                 ;
+---------------+-------+----------+--------------+--------------+-------------+-----------------+------------------------+---------------+-----------------+------------+---------------+----------+--------------+--------------+------------------+-------------+----------------------+------+----------------------+---------------------+
; Name          ; Pin # ; I/O Bank ; X coordinate ; Y coordinate ; Cell number ; Output Register ; Output Enable Register ; Power Up High ; PCI I/O Enabled ; Open Drain ; TRI Primitive ; Bus Hold ; Weak Pull Up ; I/O Standard ; Current Strength ; Termination ; Location assigned by ; Load ; Output Enable Source ; Output Enable Group ;
+---------------+-------+----------+--------------+--------------+-------------+-----------------+------------------------+---------------+-----------------+------------+---------------+----------+--------------+--------------+------------------+-------------+----------------------+------+----------------------+---------------------+
; ALURes[0]     ; G11   ; 3        ; 22           ; 36           ; 1           ; no              ; no                     ; no            ; no              ; no         ; no            ; no       ; Off          ; 3.3-V LVTTL  ; 24mA             ; Off         ; Fitter               ; 0 pF ; -                    ; -                   ;
; ALURes[10]    ; B15   ; 4        ; 37           ; 36           ; 2           ; no              ; no                     ; no            ; no              ; no         ; no            ; no       ; Off          ; 3.3-V LVTTL  ; 24mA             ; Off         ; Fitter               ; 0 pF ; -                    ; -                   ;
; ALURes[11]    ; H16   ; 4        ; 42           ; 36           ; 2           ; no              ; no                     ; no            ; no              ; no         ; no            ; no       ; Off          ; 3.3-V LVTTL  ; 24mA             ; Off         ; Fitter               ; 0 pF ; -                    ; -                   ;
; ALURes[12]    ; B18   ; 4        ; 46           ; 36           ; 2           ; no              ; no                     ; no            ; no              ; no         ; no            ; no       ; Off          ; 3.3-V LVTTL  ; 24mA             ; Off         ; Fitter               ; 0 pF ; -                    ; -                   ;
; ALURes[13]    ; B14   ; 4        ; 33           ; 36           ; 2           ; no              ; no                     ; no            ; no              ; no         ; no            ; no       ; Off          ; 3.3-V LVTTL  ; 24mA             ; Off         ; Fitter               ; 0 pF ; -                    ; -                   ;
; ALURes[14]    ; F13   ; 4        ; 35           ; 36           ; 1           ; no              ; no                     ; no            ; no              ; no         ; no            ; no       ; Off          ; 3.3-V LVTTL  ; 24mA             ; Off         ; Fitter               ; 0 pF ; -                    ; -                   ;
; ALURes[15]    ; D17   ; 4        ; 46           ; 36           ; 0           ; no              ; no                     ; no            ; no              ; no         ; no            ; no       ; Off          ; 3.3-V LVTTL  ; 24mA             ; Off         ; Fitter               ; 0 pF ; -                    ; -                   ;
; ALURes[1]     ; B7    ; 3        ; 11           ; 36           ; 1           ; no              ; no                     ; no            ; no              ; no         ; no            ; no       ; Off          ; 3.3-V LVTTL  ; 24mA             ; Off         ; Fitter               ; 0 pF ; -                    ; -                   ;
; ALURes[2]     ; C9    ; 3        ; 16           ; 36           ; 2           ; no              ; no                     ; no            ; no              ; no         ; no            ; no       ; Off          ; 3.3-V LVTTL  ; 24mA             ; Off         ; Fitter               ; 0 pF ; -                    ; -                   ;
; ALURes[3]     ; B9    ; 3        ; 20           ; 36           ; 3           ; no              ; no                     ; no            ; no              ; no         ; no            ; no       ; Off          ; 3.3-V LVTTL  ; 24mA             ; Off         ; Fitter               ; 0 pF ; -                    ; -                   ;
; ALURes[4]     ; H11   ; 3        ; 18           ; 36           ; 3           ; no              ; no                     ; no            ; no              ; no         ; no            ; no       ; Off          ; 3.3-V LVTTL  ; 24mA             ; Off         ; Fitter               ; 0 pF ; -                    ; -                   ;
; ALURes[5]     ; C11   ; 3        ; 29           ; 36           ; 3           ; no              ; no                     ; no            ; no              ; no         ; no            ; no       ; Off          ; 3.3-V LVTTL  ; 24mA             ; Off         ; Fitter               ; 0 pF ; -                    ; -                   ;
; ALURes[6]     ; B11   ; 3        ; 29           ; 36           ; 2           ; no              ; no                     ; no            ; no              ; no         ; no            ; no       ; Off          ; 3.3-V LVTTL  ; 24mA             ; Off         ; Fitter               ; 0 pF ; -                    ; -                   ;
; ALURes[7]     ; H12   ; 3        ; 18           ; 36           ; 2           ; no              ; no                     ; no            ; no              ; no         ; no            ; no       ; Off          ; 3.3-V LVTTL  ; 24mA             ; Off         ; Fitter               ; 0 pF ; -                    ; -                   ;
; ALURes[8]     ; D6    ; 3        ; 11           ; 36           ; 2           ; no              ; no                     ; no            ; no              ; no         ; no            ; no       ; Off          ; 3.3-V LVTTL  ; 24mA             ; Off         ; Fitter               ; 0 pF ; -                    ; -                   ;
; ALURes[9]     ; D10   ; 3        ; 20           ; 36           ; 0           ; no              ; no                     ; no            ; no              ; no         ; no            ; no       ; Off          ; 3.3-V LVTTL  ; 24mA             ; Off         ; Fitter               ; 0 pF ; -                    ; -                   ;
; DMEM[0]       ; J21   ; 5        ; 65           ; 30           ; 2           ; no              ; no                     ; no            ; no              ; yes        ; no            ; no       ; Off          ; 3.3-V LVTTL  ; 24mA             ; Off         ; Fitter               ; 0 pF ; -                    ; -                   ;
; DMEM[10]      ; J22   ; 5        ; 65           ; 31           ; 2           ; no              ; no                     ; no            ; no              ; yes        ; no            ; no       ; Off          ; 3.3-V LVTTL  ; 24mA             ; Off         ; Fitter               ; 0 pF ; -                    ; -                   ;
; DMEM[11]      ; AF13  ; 8        ; 31           ; 0            ; 0           ; no              ; no                     ; no            ; no              ; yes        ; no            ; no       ; Off          ; 3.3-V LVTTL  ; 24mA             ; Off         ; Fitter               ; 0 pF ; -                    ; -                   ;
; DMEM[12]      ; D26   ; 5        ; 65           ; 31           ; 0           ; no              ; no                     ; no            ; no              ; yes        ; no            ; no       ; Off          ; 3.3-V LVTTL  ; 24mA             ; Off         ; Fitter               ; 0 pF ; -                    ; -                   ;
; DMEM[13]      ; K22   ; 5        ; 65           ; 28           ; 2           ; no              ; no                     ; no            ; no              ; yes        ; no            ; no       ; Off          ; 3.3-V LVTTL  ; 24mA             ; Off         ; Fitter               ; 0 pF ; -                    ; -                   ;
; DMEM[14]      ; J20   ; 5        ; 65           ; 30           ; 3           ; no              ; no                     ; no            ; no              ; yes        ; no            ; no       ; Off          ; 3.3-V LVTTL  ; 24mA             ; Off         ; Fitter               ; 0 pF ; -                    ; -                   ;
; DMEM[15]      ; D25   ; 5        ; 65           ; 31           ; 1           ; no              ; no                     ; no            ; no              ; yes        ; no            ; no       ; Off          ; 3.3-V LVTTL  ; 24mA             ; Off         ; Fitter               ; 0 pF ; -                    ; -                   ;
; DMEM[1]       ; AD17  ; 7        ; 44           ; 0            ; 0           ; no              ; no                     ; no            ; no              ; yes        ; no            ; no       ; Off          ; 3.3-V LVTTL  ; 24mA             ; Off         ; Fitter               ; 0 pF ; -                    ; -                   ;
; DMEM[2]       ; F24   ; 5        ; 65           ; 30           ; 0           ; no              ; no                     ; no            ; no              ; yes        ; no            ; no       ; Off          ; 3.3-V LVTTL  ; 24mA             ; Off         ; Fitter               ; 0 pF ; -                    ; -                   ;
; DMEM[3]       ; AC17  ; 7        ; 44           ; 0            ; 1           ; no              ; no                     ; no            ; no              ; yes        ; no            ; no       ; Off          ; 3.3-V LVTTL  ; 24mA             ; Off         ; Fitter               ; 0 pF ; -                    ; -                   ;
; DMEM[4]       ; V11   ; 8        ; 29           ; 0            ; 3           ; no              ; no                     ; no            ; no              ; yes        ; no            ; no       ; Off          ; 3.3-V LVTTL  ; 24mA             ; Off         ; Fitter               ; 0 pF ; -                    ; -                   ;
; DMEM[5]       ; AE13  ; 8        ; 31           ; 0            ; 1           ; no              ; no                     ; no            ; no              ; yes        ; no            ; no       ; Off          ; 3.3-V LVTTL  ; 24mA             ; Off         ; Fitter               ; 0 pF ; -                    ; -                   ;
; DMEM[6]       ; U12   ; 8        ; 29           ; 0            ; 2           ; no              ; no                     ; no            ; no              ; yes        ; no            ; no       ; Off          ; 3.3-V LVTTL  ; 24mA             ; Off         ; Fitter               ; 0 pF ; -                    ; -                   ;
; DMEM[7]       ; AA12  ; 8        ; 29           ; 0            ; 1           ; no              ; no                     ; no            ; no              ; yes        ; no            ; no       ; Off          ; 3.3-V LVTTL  ; 24mA             ; Off         ; Fitter               ; 0 pF ; -                    ; -                   ;
; DMEM[8]       ; E26   ; 5        ; 65           ; 31           ; 3           ; no              ; no                     ; no            ; no              ; yes        ; no            ; no       ; Off          ; 3.3-V LVTTL  ; 24mA             ; Off         ; Fitter               ; 0 pF ; -                    ; -                   ;
; DMEM[9]       ; Y12   ; 8        ; 29           ; 0            ; 0           ; no              ; no                     ; no            ; no              ; yes        ; no            ; no       ; Off          ; 3.3-V LVTTL  ; 24mA             ; Off         ; Fitter               ; 0 pF ; -                    ; -                   ;
; PC[0]         ; H2    ; 2        ; 0            ; 27           ; 3           ; no              ; no                     ; no            ; no              ; no         ; no            ; no       ; Off          ; 3.3-V LVTTL  ; 24mA             ; Off         ; Fitter               ; 0 pF ; -                    ; -                   ;
; PC[10]        ; B8    ; 3        ; 16           ; 36           ; 1           ; no              ; no                     ; no            ; no              ; no         ; no            ; no       ; Off          ; 3.3-V LVTTL  ; 24mA             ; Off         ; Fitter               ; 0 pF ; -                    ; -                   ;
; PC[11]        ; A8    ; 3        ; 16           ; 36           ; 0           ; no              ; no                     ; no            ; no              ; no         ; no            ; no       ; Off          ; 3.3-V LVTTL  ; 24mA             ; Off         ; Fitter               ; 0 pF ; -                    ; -                   ;
; PC[12]        ; C17   ; 4        ; 46           ; 36           ; 1           ; no              ; no                     ; no            ; no              ; no         ; no            ; no       ; Off          ; 3.3-V LVTTL  ; 24mA             ; Off         ; Fitter               ; 0 pF ; -                    ; -                   ;
; PC[13]        ; G15   ; 4        ; 44           ; 36           ; 3           ; no              ; no                     ; no            ; no              ; no         ; no            ; no       ; Off          ; 3.3-V LVTTL  ; 24mA             ; Off         ; Fitter               ; 0 pF ; -                    ; -                   ;
; PC[14]        ; D15   ; 4        ; 40           ; 36           ; 2           ; no              ; no                     ; no            ; no              ; no         ; no            ; no       ; Off          ; 3.3-V LVTTL  ; 24mA             ; Off         ; Fitter               ; 0 pF ; -                    ; -                   ;
; PC[15]        ; F15   ; 4        ; 44           ; 36           ; 2           ; no              ; no                     ; no            ; no              ; no         ; no            ; no       ; Off          ; 3.3-V LVTTL  ; 24mA             ; Off         ; Fitter               ; 0 pF ; -                    ; -                   ;
; PC[1]         ; J17   ; 4        ; 48           ; 36           ; 0           ; no              ; no                     ; no            ; no              ; no         ; no            ; no       ; Off          ; 3.3-V LVTTL  ; 24mA             ; Off         ; Fitter               ; 0 pF ; -                    ; -                   ;
; PC[2]         ; D12   ; 3        ; 24           ; 36           ; 2           ; no              ; no                     ; no            ; no              ; no         ; no            ; no       ; Off          ; 3.3-V LVTTL  ; 24mA             ; Off         ; Fitter               ; 0 pF ; -                    ; -                   ;
; PC[3]         ; J14   ; 3        ; 24           ; 36           ; 0           ; no              ; no                     ; no            ; no              ; no         ; no            ; no       ; Off          ; 3.3-V LVTTL  ; 24mA             ; Off         ; Fitter               ; 0 pF ; -                    ; -                   ;
; PC[4]         ; D11   ; 3        ; 22           ; 36           ; 0           ; no              ; no                     ; no            ; no              ; no         ; no            ; no       ; Off          ; 3.3-V LVTTL  ; 24mA             ; Off         ; Fitter               ; 0 pF ; -                    ; -                   ;
; PC[5]         ; J13   ; 3        ; 24           ; 36           ; 1           ; no              ; no                     ; no            ; no              ; no         ; no            ; no       ; Off          ; 3.3-V LVTTL  ; 24mA             ; Off         ; Fitter               ; 0 pF ; -                    ; -                   ;
; PC[6]         ; E12   ; 3        ; 24           ; 36           ; 3           ; no              ; no                     ; no            ; no              ; no         ; no            ; no       ; Off          ; 3.3-V LVTTL  ; 24mA             ; Off         ; Fitter               ; 0 pF ; -                    ; -                   ;
; PC[7]         ; B10   ; 3        ; 22           ; 36           ; 3           ; no              ; no                     ; no            ; no              ; no         ; no            ; no       ; Off          ; 3.3-V LVTTL  ; 24mA             ; Off         ; Fitter               ; 0 pF ; -                    ; -                   ;
; PC[8]         ; D8    ; 3        ; 14           ; 36           ; 3           ; no              ; no                     ; no            ; no              ; no         ; no            ; no       ; Off          ; 3.3-V LVTTL  ; 24mA             ; Off         ; Fitter               ; 0 pF ; -                    ; -                   ;
; PC[9]         ; C8    ; 3        ; 14           ; 36           ; 2           ; no              ; no                     ; no            ; no              ; no         ; no            ; no       ; Off          ; 3.3-V LVTTL  ; 24mA             ; Off         ; Fitter               ; 0 pF ; -                    ; -                   ;
; ReadData1[0]  ; F9    ; 3        ; 9            ; 36           ; 2           ; no              ; no                     ; no            ; no              ; no         ; yes           ; no       ; Off          ; 3.3-V LVTTL  ; 24mA             ; Off         ; Fitter               ; 0 pF ; -                    ; -                   ;
; ReadData1[10] ; C12   ; 3        ; 29           ; 36           ; 1           ; no              ; no                     ; no            ; no              ; no         ; yes           ; no       ; Off          ; 3.3-V LVTTL  ; 24mA             ; Off         ; Fitter               ; 0 pF ; -                    ; -                   ;
; ReadData1[11] ; F14   ; 4        ; 35           ; 36           ; 3           ; no              ; no                     ; no            ; no              ; no         ; yes           ; no       ; Off          ; 3.3-V LVTTL  ; 24mA             ; Off         ; Fitter               ; 0 pF ; -                    ; -                   ;
; ReadData1[12] ; D14   ; 4        ; 33           ; 36           ; 0           ; no              ; no                     ; no            ; no              ; no         ; yes           ; no       ; Off          ; 3.3-V LVTTL  ; 24mA             ; Off         ; Fitter               ; 0 pF ; -                    ; -                   ;
; ReadData1[13] ; A14   ; 4        ; 33           ; 36           ; 1           ; no              ; no                     ; no            ; no              ; no         ; yes           ; no       ; Off          ; 3.3-V LVTTL  ; 24mA             ; Off         ; Fitter               ; 0 pF ; -                    ; -                   ;
; ReadData1[14] ; E15   ; 4        ; 40           ; 36           ; 1           ; no              ; no                     ; no            ; no              ; no         ; yes           ; no       ; Off          ; 3.3-V LVTTL  ; 24mA             ; Off         ; Fitter               ; 0 pF ; -                    ; -                   ;
; ReadData1[15] ; D16   ; 4        ; 40           ; 36           ; 0           ; no              ; no                     ; no            ; no              ; no         ; yes           ; no       ; Off          ; 3.3-V LVTTL  ; 24mA             ; Off         ; Fitter               ; 0 pF ; -                    ; -                   ;
; ReadData1[1]  ; F12   ; 3        ; 27           ; 36           ; 3           ; no              ; no                     ; no            ; no              ; no         ; yes           ; no       ; Off          ; 3.3-V LVTTL  ; 24mA             ; Off         ; Fitter               ; 0 pF ; -                    ; -                   ;
; ReadData1[2]  ; G14   ; 4        ; 35           ; 36           ; 2           ; no              ; no                     ; no            ; no              ; no         ; yes           ; no       ; Off          ; 3.3-V LVTTL  ; 24mA             ; Off         ; Fitter               ; 0 pF ; -                    ; -                   ;
; ReadData1[3]  ; J11   ; 3        ; 27           ; 36           ; 0           ; no              ; no                     ; no            ; no              ; no         ; yes           ; no       ; Off          ; 3.3-V LVTTL  ; 24mA             ; Off         ; Fitter               ; 0 pF ; -                    ; -                   ;
; ReadData1[4]  ; J10   ; 3        ; 27           ; 36           ; 1           ; no              ; no                     ; no            ; no              ; no         ; yes           ; no       ; Off          ; 3.3-V LVTTL  ; 24mA             ; Off         ; Fitter               ; 0 pF ; -                    ; -                   ;
; ReadData1[5]  ; G13   ; 4        ; 35           ; 36           ; 0           ; no              ; no                     ; no            ; no              ; no         ; yes           ; no       ; Off          ; 3.3-V LVTTL  ; 24mA             ; Off         ; Fitter               ; 0 pF ; -                    ; -                   ;
; ReadData1[6]  ; A7    ; 3        ; 11           ; 36           ; 0           ; no              ; no                     ; no            ; no              ; no         ; yes           ; no       ; Off          ; 3.3-V LVTTL  ; 24mA             ; Off         ; Fitter               ; 0 pF ; -                    ; -                   ;
; ReadData1[7]  ; E10   ; 3        ; 18           ; 36           ; 0           ; no              ; no                     ; no            ; no              ; no         ; yes           ; no       ; Off          ; 3.3-V LVTTL  ; 24mA             ; Off         ; Fitter               ; 0 pF ; -                    ; -                   ;
; ReadData1[8]  ; G12   ; 3        ; 27           ; 36           ; 2           ; no              ; no                     ; no            ; no              ; no         ; yes           ; no       ; Off          ; 3.3-V LVTTL  ; 24mA             ; Off         ; Fitter               ; 0 pF ; -                    ; -                   ;
; ReadData1[9]  ; D9    ; 3        ; 16           ; 36           ; 3           ; no              ; no                     ; no            ; no              ; no         ; yes           ; no       ; Off          ; 3.3-V LVTTL  ; 24mA             ; Off         ; Fitter               ; 0 pF ; -                    ; -                   ;
; ReadData2[0]  ; F11   ; 3        ; 18           ; 36           ; 1           ; no              ; no                     ; no            ; no              ; no         ; yes           ; no       ; Off          ; 3.3-V LVTTL  ; 24mA             ; Off         ; Fitter               ; 0 pF ; -                    ; -                   ;
; ReadData2[10] ; F16   ; 4        ; 44           ; 36           ; 1           ; no              ; no                     ; no            ; no              ; no         ; yes           ; no       ; Off          ; 3.3-V LVTTL  ; 24mA             ; Off         ; Fitter               ; 0 pF ; -                    ; -                   ;
; ReadData2[11] ; A18   ; 4        ; 46           ; 36           ; 3           ; no              ; no                     ; no            ; no              ; no         ; yes           ; no       ; Off          ; 3.3-V LVTTL  ; 24mA             ; Off         ; Fitter               ; 0 pF ; -                    ; -                   ;
; ReadData2[12] ; H15   ; 4        ; 42           ; 36           ; 3           ; no              ; no                     ; no            ; no              ; no         ; yes           ; no       ; Off          ; 3.3-V LVTTL  ; 24mA             ; Off         ; Fitter               ; 0 pF ; -                    ; -                   ;
; ReadData2[13] ; C16   ; 4        ; 37           ; 36           ; 0           ; no              ; no                     ; no            ; no              ; no         ; yes           ; no       ; Off          ; 3.3-V LVTTL  ; 24mA             ; Off         ; Fitter               ; 0 pF ; -                    ; -                   ;
; ReadData2[14] ; G16   ; 4        ; 44           ; 36           ; 0           ; no              ; no                     ; no            ; no              ; no         ; yes           ; no       ; Off          ; 3.3-V LVTTL  ; 24mA             ; Off         ; Fitter               ; 0 pF ; -                    ; -                   ;
; ReadData2[15] ; B12   ; 3        ; 29           ; 36           ; 0           ; no              ; no                     ; no            ; no              ; no         ; yes           ; no       ; Off          ; 3.3-V LVTTL  ; 24mA             ; Off         ; Fitter               ; 0 pF ; -                    ; -                   ;
; ReadData2[1]  ; G10   ; 3        ; 14           ; 36           ; 0           ; no              ; no                     ; no            ; no              ; no         ; yes           ; no       ; Off          ; 3.3-V LVTTL  ; 24mA             ; Off         ; Fitter               ; 0 pF ; -                    ; -                   ;
; ReadData2[2]  ; F10   ; 3        ; 14           ; 36           ; 1           ; no              ; no                     ; no            ; no              ; no         ; yes           ; no       ; Off          ; 3.3-V LVTTL  ; 24mA             ; Off         ; Fitter               ; 0 pF ; -                    ; -                   ;
; ReadData2[3]  ; A9    ; 3        ; 20           ; 36           ; 2           ; no              ; no                     ; no            ; no              ; no         ; yes           ; no       ; Off          ; 3.3-V LVTTL  ; 24mA             ; Off         ; Fitter               ; 0 pF ; -                    ; -                   ;
; ReadData2[4]  ; A10   ; 3        ; 22           ; 36           ; 2           ; no              ; no                     ; no            ; no              ; no         ; yes           ; no       ; Off          ; 3.3-V LVTTL  ; 24mA             ; Off         ; Fitter               ; 0 pF ; -                    ; -                   ;
; ReadData2[5]  ; C15   ; 4        ; 37           ; 36           ; 3           ; no              ; no                     ; no            ; no              ; no         ; yes           ; no       ; Off          ; 3.3-V LVTTL  ; 24mA             ; Off         ; Fitter               ; 0 pF ; -                    ; -                   ;
; ReadData2[6]  ; C10   ; 3        ; 20           ; 36           ; 1           ; no              ; no                     ; no            ; no              ; no         ; yes           ; no       ; Off          ; 3.3-V LVTTL  ; 24mA             ; Off         ; Fitter               ; 0 pF ; -                    ; -                   ;
; ReadData2[7]  ; B17   ; 4        ; 42           ; 36           ; 0           ; no              ; no                     ; no            ; no              ; no         ; yes           ; no       ; Off          ; 3.3-V LVTTL  ; 24mA             ; Off         ; Fitter               ; 0 pF ; -                    ; -                   ;
; ReadData2[8]  ; A17   ; 4        ; 42           ; 36           ; 1           ; no              ; no                     ; no            ; no              ; no         ; yes           ; no       ; Off          ; 3.3-V LVTTL  ; 24mA             ; Off         ; Fitter               ; 0 pF ; -                    ; -                   ;
; ReadData2[9]  ; B16   ; 4        ; 37           ; 36           ; 1           ; no              ; no                     ; no            ; no              ; no         ; yes           ; no       ; Off          ; 3.3-V LVTTL  ; 24mA             ; Off         ; Fitter               ; 0 pF ; -                    ; -                   ;
+---------------+-------+----------+--------------+--------------+-------------+-----------------+------------------------+---------------+-----------------+------------+---------------+----------+--------------+--------------+------------------+-------------+----------------------+------+----------------------+---------------------+


+------------------------------------------------------------+
; I/O Bank Usage                                             ;
+----------+------------------+---------------+--------------+
; I/O Bank ; Usage            ; VCCIO Voltage ; VREF Voltage ;
+----------+------------------+---------------+--------------+
; 1        ; 2 / 64 ( 3 % )   ; 3.3V          ; --           ;
; 2        ; 3 / 59 ( 5 % )   ; 3.3V          ; --           ;
; 3        ; 36 / 56 ( 64 % ) ; 3.3V          ; --           ;
; 4        ; 27 / 58 ( 47 % ) ; 3.3V          ; --           ;
; 5        ; 8 / 65 ( 12 % )  ; 3.3V          ; --           ;
; 6        ; 1 / 59 ( 2 % )   ; 3.3V          ; --           ;
; 7        ; 2 / 58 ( 3 % )   ; 3.3V          ; --           ;
; 8        ; 6 / 56 ( 11 % )  ; 3.3V          ; --           ;
+----------+------------------+---------------+--------------+


+------------------------------------------------------------------------------------------------------------------------------------------------------------------------+
; All Package Pins                                                                                                                                                       ;
+----------+------------+----------+------------------------------------------+--------+--------------+---------+------------+-----------------+----------+--------------+
; Location ; Pad Number ; I/O Bank ; Pin Name/Usage                           ; Dir.   ; I/O Standard ; Voltage ; I/O Type   ; User Assignment ; Bus Hold ; Weak Pull Up ;
+----------+------------+----------+------------------------------------------+--------+--------------+---------+------------+-----------------+----------+--------------+
; A2       ;            ;          ; GND                                      ; gnd    ;              ;         ; --         ;                 ; --       ; --           ;
; A3       ;            ; 3        ; VCCIO3                                   ; power  ;              ; 3.3V    ; --         ;                 ; --       ; --           ;
; A4       ; 484        ; 3        ; GND*                                     ;        ;              ;         ; Column I/O ;                 ; no       ; Off          ;
; A5       ; 482        ; 3        ; GND*                                     ;        ;              ;         ; Column I/O ;                 ; no       ; Off          ;
; A6       ; 479        ; 3        ; GND*                                     ;        ;              ;         ; Column I/O ;                 ; no       ; Off          ;
; A7       ; 465        ; 3        ; ReadData1[6]                             ; output ; 3.3-V LVTTL  ;         ; Column I/O ; N               ; no       ; Off          ;
; A8       ; 457        ; 3        ; PC[11]                                   ; output ; 3.3-V LVTTL  ;         ; Column I/O ; N               ; no       ; Off          ;
; A9       ; 451        ; 3        ; ReadData2[3]                             ; output ; 3.3-V LVTTL  ;         ; Column I/O ; N               ; no       ; Off          ;
; A10      ; 447        ; 3        ; ReadData2[4]                             ; output ; 3.3-V LVTTL  ;         ; Column I/O ; N               ; no       ; Off          ;
; A11      ;            ; 3        ; VCCIO3                                   ; power  ;              ; 3.3V    ; --         ;                 ; --       ; --           ;
; A12      ;            ;          ; GND                                      ; gnd    ;              ;         ; --         ;                 ; --       ; --           ;
; A13      ; 430        ; 4        ; GND+                                     ;        ;              ;         ; Column I/O ;                 ; --       ; --           ;
; A14      ; 427        ; 4        ; ReadData1[13]                            ; output ; 3.3-V LVTTL  ;         ; Column I/O ; N               ; no       ; Off          ;
; A15      ;            ;          ; GND                                      ; gnd    ;              ;         ; --         ;                 ; --       ; --           ;
; A16      ;            ; 4        ; VCCIO4                                   ; power  ;              ; 3.3V    ; --         ;                 ; --       ; --           ;
; A17      ; 412        ; 4        ; ReadData2[8]                             ; output ; 3.3-V LVTTL  ;         ; Column I/O ; N               ; no       ; Off          ;
; A18      ; 406        ; 4        ; ReadData2[11]                            ; output ; 3.3-V LVTTL  ;         ; Column I/O ; N               ; no       ; Off          ;
; A19      ; 394        ; 4        ; GND*                                     ;        ;              ;         ; Column I/O ;                 ; no       ; Off          ;
; A20      ; 390        ; 4        ; GND*                                     ;        ;              ;         ; Column I/O ;                 ; no       ; Off          ;
; A21      ; 382        ; 4        ; GND*                                     ;        ;              ;         ; Column I/O ;                 ; no       ; Off          ;
; A22      ; 379        ; 4        ; GND*                                     ;        ;              ;         ; Column I/O ;                 ; no       ; Off          ;
; A23      ; 378        ; 4        ; GND*                                     ;        ;              ;         ; Column I/O ;                 ; no       ; Off          ;
; A24      ;            ; 4        ; VCCIO4                                   ; power  ;              ; 3.3V    ; --         ;                 ; --       ; --           ;
; A25      ;            ;          ; GND                                      ; gnd    ;              ;         ; --         ;                 ; --       ; --           ;
; AA1      ; 107        ; 1        ; GND*                                     ;        ;              ;         ; Row I/O    ;                 ; no       ; Off          ;
; AA2      ; 106        ; 1        ; GND*                                     ;        ;              ;         ; Row I/O    ;                 ; no       ; Off          ;
; AA3      ; 117        ; 1        ; GND*                                     ;        ;              ;         ; Row I/O    ;                 ; no       ; Off          ;
; AA4      ; 116        ; 1        ; GND*                                     ;        ;              ;         ; Row I/O    ;                 ; no       ; Off          ;
; AA5      ; 120        ; 1        ; GND*                                     ;        ;              ;         ; Row I/O    ;                 ; no       ; Off          ;
; AA6      ; 130        ; 1        ; GND*                                     ;        ;              ;         ; Row I/O    ;                 ; no       ; Off          ;
; AA7      ; 129        ; 1        ; GND*                                     ;        ;              ;         ; Row I/O    ;                 ; no       ; Off          ;
; AA8      ;            ;          ; VCCA_PLL1                                ; power  ;              ; 1.2V    ; --         ;                 ; --       ; --           ;
; AA9      ; 152        ; 8        ; GND*                                     ;        ;              ;         ; Column I/O ;                 ; no       ; Off          ;
; AA10     ; 153        ; 8        ; GND*                                     ;        ;              ;         ; Column I/O ;                 ; no       ; Off          ;
; AA11     ; 155        ; 8        ; GND*                                     ;        ;              ;         ; Column I/O ;                 ; no       ; Off          ;
; AA12     ; 179        ; 8        ; DMEM[7]                                  ; output ; 3.3-V LVTTL  ;         ; Column I/O ; N               ; no       ; Off          ;
; AA13     ; 192        ; 7        ; GND*                                     ;        ;              ;         ; Column I/O ;                 ; no       ; Off          ;
; AA14     ; 194        ; 7        ; GND*                                     ;        ;              ;         ; Column I/O ;                 ; no       ; Off          ;
; AA15     ; 197        ; 7        ; GND*                                     ;        ;              ;         ; Column I/O ;                 ; no       ; Off          ;
; AA16     ; 209        ; 7        ; GND*                                     ;        ;              ;         ; Column I/O ;                 ; no       ; Off          ;
; AA17     ; 219        ; 7        ; GND*                                     ;        ;              ;         ; Column I/O ;                 ; no       ; Off          ;
; AA18     ; 220        ; 7        ; GND*                                     ;        ;              ;         ; Column I/O ;                 ; no       ; Off          ;
; AA19     ;            ;          ; VCCA_PLL4                                ; power  ;              ; 1.2V    ; --         ;                 ; --       ; --           ;
; AA20     ; 230        ; 7        ; GND*                                     ;        ;              ;         ; Column I/O ;                 ; no       ; Off          ;
; AA21     ;            ;          ; GND_PLL4                                 ; gnd    ;              ;         ; --         ;                 ; --       ; --           ;
; AA22     ;            ; 6        ; VCCIO6                                   ; power  ;              ; 3.3V    ; --         ;                 ; --       ; --           ;
; AA23     ; 256        ; 6        ; GND*                                     ;        ;              ;         ; Row I/O    ;                 ; no       ; Off          ;
; AA24     ; 255        ; 6        ; GND*                                     ;        ;              ;         ; Row I/O    ;                 ; no       ; Off          ;
; AA25     ; 266        ; 6        ; GND*                                     ;        ;              ;         ; Row I/O    ;                 ; no       ; Off          ;
; AA26     ; 267        ; 6        ; GND*                                     ;        ;              ;         ; Row I/O    ;                 ; no       ; Off          ;
; AB1      ; 115        ; 1        ; GND*                                     ;        ;              ;         ; Row I/O    ;                 ; no       ; Off          ;
; AB2      ; 114        ; 1        ; GND*                                     ;        ;              ;         ; Row I/O    ;                 ; no       ; Off          ;
; AB3      ; 126        ; 1        ; GND*                                     ;        ;              ;         ; Row I/O    ;                 ; no       ; Off          ;
; AB4      ; 127        ; 1        ; GND*                                     ;        ;              ;         ; Row I/O    ;                 ; no       ; Off          ;
; AB5      ;            ; 1        ; VCCIO1                                   ; power  ;              ; 3.3V    ; --         ;                 ; --       ; --           ;
; AB6      ;            ; 8        ; VCCIO8                                   ; power  ;              ; 3.3V    ; --         ;                 ; --       ; --           ;
; AB7      ;            ;          ; GND                                      ; gnd    ;              ;         ; --         ;                 ; --       ; --           ;
; AB8      ; 147        ; 8        ; GND*                                     ;        ;              ;         ; Column I/O ;                 ; no       ; Off          ;
; AB9      ;            ; 8        ; VCCIO8                                   ; power  ;              ; 3.3V    ; --         ;                 ; --       ; --           ;
; AB10     ; 154        ; 8        ; GND*                                     ;        ;              ;         ; Column I/O ;                 ; no       ; Off          ;
; AB11     ;            ;          ; GND                                      ; gnd    ;              ;         ; --         ;                 ; --       ; --           ;
; AB12     ; 171        ; 8        ; GND*                                     ;        ;              ;         ; Column I/O ;                 ; no       ; Off          ;
; AB13     ;            ; 8        ; VCCIO8                                   ; power  ;              ; 3.3V    ; --         ;                 ; --       ; --           ;
; AB14     ;            ; 7        ; VCCIO7                                   ; power  ;              ; 3.3V    ; --         ;                 ; --       ; --           ;
; AB15     ; 198        ; 7        ; GND*                                     ;        ;              ;         ; Column I/O ;                 ; no       ; Off          ;
; AB16     ;            ;          ; GND                                      ; gnd    ;              ;         ; --         ;                 ; --       ; --           ;
; AB17     ;            ; 7        ; VCCIO7                                   ; power  ;              ; 3.3V    ; --         ;                 ; --       ; --           ;
; AB18     ; 215        ; 7        ; GND*                                     ;        ;              ;         ; Column I/O ;                 ; no       ; Off          ;
; AB19     ;            ;          ; GND                                      ; gnd    ;              ;         ; --         ;                 ; --       ; --           ;
; AB20     ; 225        ; 7        ; GND*                                     ;        ;              ;         ; Column I/O ;                 ; no       ; Off          ;
; AB21     ; 242        ; 7        ; GND*                                     ;        ;              ;         ; Column I/O ;                 ; no       ; Off          ;
; AB22     ;            ; 7        ; VCCIO7                                   ; power  ;              ; 3.3V    ; --         ;                 ; --       ; --           ;
; AB23     ; 258        ; 6        ; GND*                                     ;        ;              ;         ; Row I/O    ;                 ; no       ; Off          ;
; AB24     ; 257        ; 6        ; GND*                                     ;        ;              ;         ; Row I/O    ;                 ; no       ; Off          ;
; AB25     ; 263        ; 6        ; GND*                                     ;        ;              ;         ; Row I/O    ;                 ; no       ; Off          ;
; AB26     ; 262        ; 6        ; GND*                                     ;        ;              ;         ; Row I/O    ;                 ; no       ; Off          ;
; AC1      ; 119        ; 1        ; GND*                                     ;        ;              ;         ; Row I/O    ;                 ; no       ; Off          ;
; AC2      ; 118        ; 1        ; GND*                                     ;        ;              ;         ; Row I/O    ;                 ; no       ; Off          ;
; AC3      ; 128        ; 1        ; GND*                                     ;        ;              ;         ; Row I/O    ;                 ; no       ; Off          ;
; AC4      ;            ;          ; GND                                      ; gnd    ;              ;         ; --         ;                 ; --       ; --           ;
; AC5      ; 133        ; 8        ; GND*                                     ;        ;              ;         ; Column I/O ;                 ; no       ; Off          ;
; AC6      ; 134        ; 8        ; GND*                                     ;        ;              ;         ; Column I/O ;                 ; no       ; Off          ;
; AC7      ; 143        ; 8        ; GND*                                     ;        ;              ;         ; Column I/O ;                 ; --       ; --           ;
; AC8      ; 148        ; 8        ; GND*                                     ;        ;              ;         ; Column I/O ;                 ; no       ; Off          ;
; AC9      ; 163        ; 8        ; GND*                                     ;        ;              ;         ; Column I/O ;                 ; no       ; Off          ;
; AC10     ; 164        ; 8        ; GND*                                     ;        ;              ;         ; Column I/O ;                 ; no       ; Off          ;
; AC11     ; 168        ; 8        ; GND*                                     ;        ;              ;         ; Column I/O ;                 ; no       ; Off          ;
; AC12     ; 172        ; 8        ; GND*                                     ;        ;              ;         ; Column I/O ;                 ; --       ; --           ;
; AC13     ; 185        ; 8        ; GND+                                     ;        ;              ;         ; Column I/O ;                 ; --       ; --           ;
; AC14     ; 191        ; 7        ; GND*                                     ;        ;              ;         ; Column I/O ;                 ; no       ; Off          ;
; AC15     ; 199        ; 7        ; GND*                                     ;        ;              ;         ; Column I/O ;                 ; no       ; Off          ;
; AC16     ; 202        ; 7        ; GND*                                     ;        ;              ;         ; Column I/O ;                 ; --       ; --           ;
; AC17     ; 207        ; 7        ; DMEM[3]                                  ; output ; 3.3-V LVTTL  ;         ; Column I/O ; N               ; no       ; Off          ;
; AC18     ; 216        ; 7        ; GND*                                     ;        ;              ;         ; Column I/O ;                 ; no       ; Off          ;
; AC19     ; 222        ; 7        ; GND*                                     ;        ;              ;         ; Column I/O ;                 ; no       ; Off          ;
; AC20     ; 226        ; 7        ; GND*                                     ;        ;              ;         ; Column I/O ;                 ; no       ; Off          ;
; AC21     ; 237        ; 7        ; GND*                                     ;        ;              ;         ; Column I/O ;                 ; no       ; Off          ;
; AC22     ; 241        ; 7        ; GND*                                     ;        ;              ;         ; Column I/O ;                 ; no       ; Off          ;
; AC23     ; 245        ; 6        ; GND*                                     ;        ;              ;         ; Row I/O    ;                 ; no       ; Off          ;
; AC24     ;            ;          ; NC                                       ;        ;              ;         ; --         ;                 ; --       ; --           ;
; AC25     ; 260        ; 6        ; GND*                                     ;        ;              ;         ; Row I/O    ;                 ; no       ; Off          ;
; AC26     ; 261        ; 6        ; GND*                                     ;        ;              ;         ; Row I/O    ;                 ; no       ; Off          ;
; AD1      ;            ; 1        ; VCCIO1                                   ; power  ;              ; 3.3V    ; --         ;                 ; --       ; --           ;
; AD2      ; 122        ; 1        ; GND*                                     ;        ;              ;         ; Row I/O    ;                 ; no       ; Off          ;
; AD3      ; 123        ; 1        ; GND*                                     ;        ;              ;         ; Row I/O    ;                 ; no       ; Off          ;
; AD4      ; 135        ; 8        ; GND*                                     ;        ;              ;         ; Column I/O ;                 ; no       ; Off          ;
; AD5      ; 136        ; 8        ; GND*                                     ;        ;              ;         ; Column I/O ;                 ; no       ; Off          ;
; AD6      ; 139        ; 8        ; GND*                                     ;        ;              ;         ; Column I/O ;                 ; no       ; Off          ;
; AD7      ; 140        ; 8        ; GND*                                     ;        ;              ;         ; Column I/O ;                 ; no       ; Off          ;
; AD8      ; 149        ; 8        ; GND*                                     ;        ;              ;         ; Column I/O ;                 ; no       ; Off          ;
; AD9      ;            ;          ; GND                                      ; gnd    ;              ;         ; --         ;                 ; --       ; --           ;
; AD10     ; 167        ; 8        ; GND*                                     ;        ;              ;         ; Column I/O ;                 ; no       ; Off          ;
; AD11     ; 173        ; 8        ; GND*                                     ;        ;              ;         ; Column I/O ;                 ; no       ; Off          ;
; AD12     ; 181        ; 8        ; GND*                                     ;        ;              ;         ; Column I/O ;                 ; no       ; Off          ;
; AD13     ; 186        ; 8        ; GND+                                     ;        ;              ;         ; Column I/O ;                 ; --       ; --           ;
; AD14     ;            ;          ; GND                                      ; gnd    ;              ;         ; --         ;                 ; --       ; --           ;
; AD15     ; 190        ; 7        ; GND*                                     ;        ;              ;         ; Column I/O ;                 ; no       ; Off          ;
; AD16     ; 201        ; 7        ; GND*                                     ;        ;              ;         ; Column I/O ;                 ; no       ; Off          ;
; AD17     ; 208        ; 7        ; DMEM[1]                                  ; output ; 3.3-V LVTTL  ;         ; Column I/O ; N               ; no       ; Off          ;
; AD18     ;            ;          ; GND                                      ; gnd    ;              ;         ; --         ;                 ; --       ; --           ;
; AD19     ; 221        ; 7        ; GND*                                     ;        ;              ;         ; Column I/O ;                 ; no       ; Off          ;
; AD20     ;            ; 7        ; VCCIO7                                   ; power  ;              ; 3.3V    ; --         ;                 ; --       ; --           ;
; AD21     ; 238        ; 7        ; GND*                                     ;        ;              ;         ; Column I/O ;                 ; no       ; Off          ;
; AD22     ; 240        ; 7        ; GND*                                     ;        ;              ;         ; Column I/O ;                 ; no       ; Off          ;
; AD23     ; 239        ; 7        ; GND*                                     ;        ;              ;         ; Column I/O ;                 ; no       ; Off          ;
; AD24     ; 249        ; 6        ; GND*                                     ;        ;              ;         ; Row I/O    ;                 ; no       ; Off          ;
; AD25     ; 248        ; 6        ; GND*                                     ;        ;              ;         ; Row I/O    ;                 ; no       ; Off          ;
; AD26     ;            ; 6        ; VCCIO6                                   ; power  ;              ; 3.3V    ; --         ;                 ; --       ; --           ;
; AE1      ;            ;          ; GND                                      ; gnd    ;              ;         ; --         ;                 ; --       ; --           ;
; AE2      ; 124        ; 1        ; GND*                                     ;        ;              ;         ; Row I/O    ;                 ; no       ; Off          ;
; AE3      ; 125        ; 1        ; GND*                                     ;        ;              ;         ; Row I/O    ;                 ; no       ; Off          ;
; AE4      ; 131        ; 8        ; GND*                                     ;        ;              ;         ; Column I/O ;                 ; no       ; Off          ;
; AE5      ; 137        ; 8        ; GND*                                     ;        ;              ;         ; Column I/O ;                 ; no       ; Off          ;
; AE6      ; 150        ; 8        ; GND*                                     ;        ;              ;         ; Column I/O ;                 ; no       ; Off          ;
; AE7      ; 157        ; 8        ; GND*                                     ;        ;              ;         ; Column I/O ;                 ; no       ; Off          ;
; AE8      ; 159        ; 8        ; GND*                                     ;        ;              ;         ; Column I/O ;                 ; no       ; Off          ;
; AE9      ; 165        ; 8        ; GND*                                     ;        ;              ;         ; Column I/O ;                 ; no       ; Off          ;
; AE10     ; 169        ; 8        ; GND*                                     ;        ;              ;         ; Column I/O ;                 ; no       ; Off          ;
; AE11     ; 174        ; 8        ; GND*                                     ;        ;              ;         ; Column I/O ;                 ; no       ; Off          ;
; AE12     ; 182        ; 8        ; GND*                                     ;        ;              ;         ; Column I/O ;                 ; no       ; Off          ;
; AE13     ; 183        ; 8        ; DMEM[5]                                  ; output ; 3.3-V LVTTL  ;         ; Column I/O ; N               ; no       ; Off          ;
; AE14     ; 188        ; 7        ; GND+                                     ;        ;              ;         ; Column I/O ;                 ; --       ; --           ;
; AE15     ; 189        ; 7        ; GND*                                     ;        ;              ;         ; Column I/O ;                 ; no       ; Off          ;
; AE16     ; 200        ; 7        ; GND*                                     ;        ;              ;         ; Column I/O ;                 ; no       ; Off          ;
; AE17     ; 206        ; 7        ; GND*                                     ;        ;              ;         ; Column I/O ;                 ; no       ; Off          ;
; AE18     ; 212        ; 7        ; GND*                                     ;        ;              ;         ; Column I/O ;                 ; no       ; Off          ;
; AE19     ; 214        ; 7        ; GND*                                     ;        ;              ;         ; Column I/O ;                 ; no       ; Off          ;
; AE20     ; 224        ; 7        ; GND*                                     ;        ;              ;         ; Column I/O ;                 ; no       ; Off          ;
; AE21     ; 228        ; 7        ; GND*                                     ;        ;              ;         ; Column I/O ;                 ; no       ; Off          ;
; AE22     ; 236        ; 7        ; GND*                                     ;        ;              ;         ; Column I/O ;                 ; no       ; Off          ;
; AE23     ; 244        ; 7        ; GND*                                     ;        ;              ;         ; Column I/O ;                 ; no       ; Off          ;
; AE24     ; 247        ; 6        ; ~LVDS150p/nCEO~                          ; output ; 3.3-V LVTTL  ;         ; Row I/O    ; N               ; no       ; Off          ;
; AE25     ; 246        ; 6        ; GND*                                     ;        ;              ;         ; Row I/O    ;                 ; no       ; Off          ;
; AE26     ;            ;          ; GND                                      ; gnd    ;              ;         ; --         ;                 ; --       ; --           ;
; AF2      ;            ;          ; GND                                      ; gnd    ;              ;         ; --         ;                 ; --       ; --           ;
; AF3      ;            ; 8        ; VCCIO8                                   ; power  ;              ; 3.3V    ; --         ;                 ; --       ; --           ;
; AF4      ; 132        ; 8        ; GND*                                     ;        ;              ;         ; Column I/O ;                 ; no       ; Off          ;
; AF5      ; 138        ; 8        ; GND*                                     ;        ;              ;         ; Column I/O ;                 ; no       ; Off          ;
; AF6      ; 151        ; 8        ; GND*                                     ;        ;              ;         ; Column I/O ;                 ; no       ; Off          ;
; AF7      ; 158        ; 8        ; GND*                                     ;        ;              ;         ; Column I/O ;                 ; no       ; Off          ;
; AF8      ; 160        ; 8        ; GND*                                     ;        ;              ;         ; Column I/O ;                 ; no       ; Off          ;
; AF9      ; 166        ; 8        ; GND*                                     ;        ;              ;         ; Column I/O ;                 ; no       ; Off          ;
; AF10     ; 170        ; 8        ; GND*                                     ;        ;              ;         ; Column I/O ;                 ; no       ; Off          ;
; AF11     ;            ; 8        ; VCCIO8                                   ; power  ;              ; 3.3V    ; --         ;                 ; --       ; --           ;
; AF12     ;            ;          ; GND                                      ; gnd    ;              ;         ; --         ;                 ; --       ; --           ;
; AF13     ; 184        ; 8        ; DMEM[11]                                 ; output ; 3.3-V LVTTL  ;         ; Column I/O ; N               ; no       ; Off          ;
; AF14     ; 187        ; 7        ; GND+                                     ;        ;              ;         ; Column I/O ;                 ; --       ; --           ;
; AF15     ;            ;          ; GND                                      ; gnd    ;              ;         ; --         ;                 ; --       ; --           ;
; AF16     ;            ; 7        ; VCCIO7                                   ; power  ;              ; 3.3V    ; --         ;                 ; --       ; --           ;
; AF17     ; 205        ; 7        ; GND*                                     ;        ;              ;         ; Column I/O ;                 ; no       ; Off          ;
; AF18     ; 211        ; 7        ; GND*                                     ;        ;              ;         ; Column I/O ;                 ; no       ; Off          ;
; AF19     ; 213        ; 7        ; GND*                                     ;        ;              ;         ; Column I/O ;                 ; no       ; Off          ;
; AF20     ; 223        ; 7        ; GND*                                     ;        ;              ;         ; Column I/O ;                 ; no       ; Off          ;
; AF21     ; 227        ; 7        ; GND*                                     ;        ;              ;         ; Column I/O ;                 ; no       ; Off          ;
; AF22     ; 235        ; 7        ; GND*                                     ;        ;              ;         ; Column I/O ;                 ; no       ; Off          ;
; AF23     ; 243        ; 7        ; GND*                                     ;        ;              ;         ; Column I/O ;                 ; no       ; Off          ;
; AF24     ;            ; 7        ; VCCIO7                                   ; power  ;              ; 3.3V    ; --         ;                 ; --       ; --           ;
; AF25     ;            ;          ; GND                                      ; gnd    ;              ;         ; --         ;                 ; --       ; --           ;
; B1       ;            ;          ; GND                                      ; gnd    ;              ;         ; --         ;                 ; --       ; --           ;
; B2       ; 2          ; 2        ; GND*                                     ;        ;              ;         ; Row I/O    ;                 ; no       ; Off          ;
; B3       ; 3          ; 2        ; GND*                                     ;        ;              ;         ; Row I/O    ;                 ; no       ; Off          ;
; B4       ; 483        ; 3        ; GND*                                     ;        ;              ;         ; Column I/O ;                 ; no       ; Off          ;
; B5       ; 481        ; 3        ; GND*                                     ;        ;              ;         ; Column I/O ;                 ; no       ; Off          ;
; B6       ; 480        ; 3        ; GND*                                     ;        ;              ;         ; Column I/O ;                 ; no       ; Off          ;
; B7       ; 466        ; 3        ; ALURes[1]                                ; output ; 3.3-V LVTTL  ;         ; Column I/O ; N               ; no       ; Off          ;
; B8       ; 458        ; 3        ; PC[10]                                   ; output ; 3.3-V LVTTL  ;         ; Column I/O ; N               ; no       ; Off          ;
; B9       ; 452        ; 3        ; ALURes[3]                                ; output ; 3.3-V LVTTL  ;         ; Column I/O ; N               ; no       ; Off          ;
; B10      ; 448        ; 3        ; PC[7]                                    ; output ; 3.3-V LVTTL  ;         ; Column I/O ; N               ; no       ; Off          ;
; B11      ; 435        ; 3        ; ALURes[6]                                ; output ; 3.3-V LVTTL  ;         ; Column I/O ; N               ; no       ; Off          ;
; B12      ; 433        ; 3        ; ReadData2[15]                            ; output ; 3.3-V LVTTL  ;         ; Column I/O ; N               ; no       ; Off          ;
; B13      ; 429        ; 4        ; GND+                                     ;        ;              ;         ; Column I/O ;                 ; --       ; --           ;
; B14      ; 428        ; 4        ; ALURes[13]                               ; output ; 3.3-V LVTTL  ;         ; Column I/O ; N               ; no       ; Off          ;
; B15      ; 420        ; 4        ; ALURes[10]                               ; output ; 3.3-V LVTTL  ;         ; Column I/O ; N               ; no       ; Off          ;
; B16      ; 419        ; 4        ; ReadData2[9]                             ; output ; 3.3-V LVTTL  ;         ; Column I/O ; N               ; no       ; Off          ;
; B17      ; 411        ; 4        ; ReadData2[7]                             ; output ; 3.3-V LVTTL  ;         ; Column I/O ; N               ; no       ; Off          ;
; B18      ; 405        ; 4        ; ALURes[12]                               ; output ; 3.3-V LVTTL  ;         ; Column I/O ; N               ; no       ; Off          ;
; B19      ; 393        ; 4        ; GND*                                     ;        ;              ;         ; Column I/O ;                 ; no       ; Off          ;
; B20      ; 389        ; 4        ; GND*                                     ;        ;              ;         ; Column I/O ;                 ; no       ; Off          ;
; B21      ; 381        ; 4        ; GND*                                     ;        ;              ;         ; Column I/O ;                 ; no       ; Off          ;
; B22      ; 380        ; 4        ; GND*                                     ;        ;              ;         ; Column I/O ;                 ; no       ; Off          ;
; B23      ; 377        ; 4        ; GND*                                     ;        ;              ;         ; Column I/O ;                 ; no       ; Off          ;
; B24      ; 363        ; 5        ; GND*                                     ;        ;              ;         ; Row I/O    ;                 ; no       ; Off          ;
; B25      ; 362        ; 5        ; GND*                                     ;        ;              ;         ; Row I/O    ;                 ; no       ; Off          ;
; B26      ;            ;          ; GND                                      ; gnd    ;              ;         ; --         ;                 ; --       ; --           ;
; C1       ;            ; 2        ; VCCIO2                                   ; power  ;              ; 3.3V    ; --         ;                 ; --       ; --           ;
; C2       ; 6          ; 2        ; GND*                                     ;        ;              ;         ; Row I/O    ;                 ; no       ; Off          ;
; C3       ; 7          ; 2        ; GND*                                     ;        ;              ;         ; Row I/O    ;                 ; no       ; Off          ;
; C4       ; 478        ; 3        ; GND*                                     ;        ;              ;         ; Column I/O ;                 ; no       ; Off          ;
; C5       ; 486        ; 3        ; GND*                                     ;        ;              ;         ; Column I/O ;                 ; no       ; Off          ;
; C6       ; 485        ; 3        ; GND*                                     ;        ;              ;         ; Column I/O ;                 ; no       ; Off          ;
; C7       ; 468        ; 3        ; GND*                                     ;        ;              ;         ; Column I/O ;                 ; no       ; Off          ;
; C8       ; 463        ; 3        ; PC[9]                                    ; output ; 3.3-V LVTTL  ;         ; Column I/O ; N               ; no       ; Off          ;
; C9       ; 459        ; 3        ; ALURes[2]                                ; output ; 3.3-V LVTTL  ;         ; Column I/O ; N               ; no       ; Off          ;
; C10      ; 450        ; 3        ; ReadData2[6]                             ; output ; 3.3-V LVTTL  ;         ; Column I/O ; N               ; no       ; Off          ;
; C11      ; 436        ; 3        ; ALURes[5]                                ; output ; 3.3-V LVTTL  ;         ; Column I/O ; N               ; no       ; Off          ;
; C12      ; 434        ; 3        ; ReadData1[10]                            ; output ; 3.3-V LVTTL  ;         ; Column I/O ; N               ; no       ; Off          ;
; C13      ; 431        ; 3        ; GND+                                     ;        ;              ;         ; Column I/O ;                 ; --       ; --           ;
; C14      ;            ;          ; GND                                      ; gnd    ;              ;         ; --         ;                 ; --       ; --           ;
; C15      ; 421        ; 4        ; ReadData2[5]                             ; output ; 3.3-V LVTTL  ;         ; Column I/O ; N               ; no       ; Off          ;
; C16      ; 418        ; 4        ; ReadData2[13]                            ; output ; 3.3-V LVTTL  ;         ; Column I/O ; N               ; no       ; Off          ;
; C17      ; 404        ; 4        ; PC[12]                                   ; output ; 3.3-V LVTTL  ;         ; Column I/O ; N               ; no       ; Off          ;
; C18      ;            ;          ; GND                                      ; gnd    ;              ;         ; --         ;                 ; --       ; --           ;
; C19      ; 391        ; 4        ; GND*                                     ;        ;              ;         ; Column I/O ;                 ; no       ; Off          ;
; C20      ;            ; 4        ; VCCIO4                                   ; power  ;              ; 3.3V    ; --         ;                 ; --       ; --           ;
; C21      ; 375        ; 4        ; GND*                                     ;        ;              ;         ; Column I/O ;                 ; no       ; Off          ;
; C22      ; 374        ; 4        ; GND*                                     ;        ;              ;         ; Column I/O ;                 ; no       ; Off          ;
; C23      ; 373        ; 4        ; GND*                                     ;        ;              ;         ; Column I/O ;                 ; no       ; Off          ;
; C24      ; 360        ; 5        ; GND*                                     ;        ;              ;         ; Row I/O    ;                 ; no       ; Off          ;
; C25      ; 361        ; 5        ; GND*                                     ;        ;              ;         ; Row I/O    ;                 ; no       ; Off          ;
; C26      ;            ; 5        ; VCCIO5                                   ; power  ;              ; 3.3V    ; --         ;                 ; --       ; --           ;
; D1       ; 13         ; 2        ; GND*                                     ;        ;              ;         ; Row I/O    ;                 ; no       ; Off          ;
; D2       ; 12         ; 2        ; GND*                                     ;        ;              ;         ; Row I/O    ;                 ; no       ; Off          ;
; D3       ; 1          ; 2        ; ~nCSO~ / RESERVED_INPUT_WITH_WEAK_PULLUP ; input  ; 3.3-V LVTTL  ;         ; Row I/O    ; N               ; no       ; On           ;
; D4       ;            ;          ; GND                                      ; gnd    ;              ;         ; --         ;                 ; --       ; --           ;
; D5       ; 477        ; 3        ; GND*                                     ;        ;              ;         ; Column I/O ;                 ; no       ; Off          ;
; D6       ; 467        ; 3        ; ALURes[8]                                ; output ; 3.3-V LVTTL  ;         ; Column I/O ; N               ; no       ; Off          ;
; D7       ; 469        ; 3        ; GND*                                     ;        ;              ;         ; Column I/O ;                 ; no       ; Off          ;
; D8       ; 464        ; 3        ; PC[8]                                    ; output ; 3.3-V LVTTL  ;         ; Column I/O ; N               ; no       ; Off          ;
; D9       ; 460        ; 3        ; ReadData1[9]                             ; output ; 3.3-V LVTTL  ;         ; Column I/O ; N               ; no       ; Off          ;
; D10      ; 449        ; 3        ; ALURes[9]                                ; output ; 3.3-V LVTTL  ;         ; Column I/O ; N               ; no       ; Off          ;
; D11      ; 445        ; 3        ; PC[4]                                    ; output ; 3.3-V LVTTL  ;         ; Column I/O ; N               ; no       ; Off          ;
; D12      ; 443        ; 3        ; PC[2]                                    ; output ; 3.3-V LVTTL  ;         ; Column I/O ; N               ; no       ; Off          ;
; D13      ; 432        ; 3        ; GND+                                     ;        ;              ;         ; Column I/O ;                 ; --       ; --           ;
; D14      ; 426        ; 4        ; ReadData1[12]                            ; output ; 3.3-V LVTTL  ;         ; Column I/O ; N               ; no       ; Off          ;
; D15      ; 417        ; 4        ; PC[14]                                   ; output ; 3.3-V LVTTL  ;         ; Column I/O ; N               ; no       ; Off          ;
; D16      ; 415        ; 4        ; ReadData1[15]                            ; output ; 3.3-V LVTTL  ;         ; Column I/O ; N               ; no       ; Off          ;
; D17      ; 403        ; 4        ; ALURes[15]                               ; output ; 3.3-V LVTTL  ;         ; Column I/O ; N               ; no       ; Off          ;
; D18      ; 396        ; 4        ; GND*                                     ;        ;              ;         ; Column I/O ;                 ; no       ; Off          ;
; D19      ; 392        ; 4        ; GND*                                     ;        ;              ;         ; Column I/O ;                 ; no       ; Off          ;
; D20      ; 387        ; 4        ; GND*                                     ;        ;              ;         ; Column I/O ;                 ; no       ; Off          ;
; D21      ; 376        ; 4        ; GND*                                     ;        ;              ;         ; Column I/O ;                 ; no       ; Off          ;
; D22      ;            ; 4        ; VCCIO4                                   ; power  ;              ; 3.3V    ; --         ;                 ; --       ; --           ;
; D23      ; 369        ; 5        ; GND*                                     ;        ;              ;         ; Row I/O    ;                 ; no       ; Off          ;
; D24      ;            ;          ; GND                                      ; gnd    ;              ;         ; --         ;                 ; --       ; --           ;
; D25      ; 358        ; 5        ; DMEM[15]                                 ; output ; 3.3-V LVTTL  ;         ; Row I/O    ; N               ; no       ; Off          ;
; D26      ; 359        ; 5        ; DMEM[12]                                 ; output ; 3.3-V LVTTL  ;         ; Row I/O    ; N               ; no       ; Off          ;
; E1       ; 20         ; 2        ; GND*                                     ;        ;              ;         ; Row I/O    ;                 ; no       ; Off          ;
; E2       ; 19         ; 2        ; GND*                                     ;        ;              ;         ; Row I/O    ;                 ; no       ; Off          ;
; E3       ; 0          ; 2        ; ~ASDO~ / RESERVED_INPUT_WITH_WEAK_PULLUP ; input  ; 3.3-V LVTTL  ;         ; Row I/O    ; N               ; no       ; On           ;
; E4       ;            ;          ; GND_PLL3                                 ; gnd    ;              ;         ; --         ;                 ; --       ; --           ;
; E5       ; 4          ; 2        ; GND*                                     ;        ;              ;         ; Row I/O    ;                 ; no       ; Off          ;
; E6       ;            ; 3        ; VCCIO3                                   ; power  ;              ; 3.3V    ; --         ;                 ; --       ; --           ;
; E7       ;            ;          ; GND                                      ; gnd    ;              ;         ; --         ;                 ; --       ; --           ;
; E8       ; 474        ; 3        ; GND*                                     ;        ;              ;         ; Column I/O ;                 ; --       ; --           ;
; E9       ;            ; 3        ; VCCIO3                                   ; power  ;              ; 3.3V    ; --         ;                 ; --       ; --           ;
; E10      ; 453        ; 3        ; ReadData1[7]                             ; output ; 3.3-V LVTTL  ;         ; Column I/O ; N               ; no       ; Off          ;
; E11      ;            ;          ; GND                                      ; gnd    ;              ;         ; --         ;                 ; --       ; --           ;
; E12      ; 444        ; 3        ; PC[6]                                    ; output ; 3.3-V LVTTL  ;         ; Column I/O ; N               ; no       ; Off          ;
; E13      ;            ; 3        ; VCCIO3                                   ; power  ;              ; 3.3V    ; --         ;                 ; --       ; --           ;
; E14      ;            ; 4        ; VCCIO4                                   ; power  ;              ; 3.3V    ; --         ;                 ; --       ; --           ;
; E15      ; 416        ; 4        ; ReadData1[14]                            ; output ; 3.3-V LVTTL  ;         ; Column I/O ; N               ; no       ; Off          ;
; E16      ;            ;          ; GND                                      ; gnd    ;              ;         ; --         ;                 ; --       ; --           ;
; E17      ;            ; 4        ; VCCIO4                                   ; power  ;              ; 3.3V    ; --         ;                 ; --       ; --           ;
; E18      ; 395        ; 4        ; GND*                                     ;        ;              ;         ; Column I/O ;                 ; no       ; Off          ;
; E19      ;            ;          ; GND                                      ; gnd    ;              ;         ; --         ;                 ; --       ; --           ;
; E20      ; 388        ; 4        ; GND*                                     ;        ;              ;         ; Column I/O ;                 ; --       ; --           ;
; E21      ;            ;          ; GND_PLL2                                 ; gnd    ;              ;         ; --         ;                 ; --       ; --           ;
; E22      ; 370        ; 5        ; GND*                                     ;        ;              ;         ; Row I/O    ;                 ; no       ; Off          ;
; E23      ; 365        ; 5        ; GND*                                     ;        ;              ;         ; Row I/O    ;                 ; no       ; Off          ;
; E24      ; 364        ; 5        ; GND*                                     ;        ;              ;         ; Row I/O    ;                 ; no       ; Off          ;
; E25      ; 355        ; 5        ; GND*                                     ;        ;              ;         ; Row I/O    ;                 ; no       ; Off          ;
; E26      ; 356        ; 5        ; DMEM[8]                                  ; output ; 3.3-V LVTTL  ;         ; Row I/O    ; N               ; no       ; Off          ;
; F1       ; 29         ; 2        ; GND*                                     ;        ;              ;         ; Row I/O    ;                 ; no       ; Off          ;
; F2       ; 28         ; 2        ; GND*                                     ;        ;              ;         ; Row I/O    ;                 ; no       ; Off          ;
; F3       ; 10         ; 2        ; GND*                                     ;        ;              ;         ; Row I/O    ;                 ; no       ; Off          ;
; F4       ; 11         ; 2        ; GND*                                     ;        ;              ;         ; Row I/O    ;                 ; no       ; Off          ;
; F5       ;            ; 2        ; VCCIO2                                   ; power  ;              ; 3.3V    ; --         ;                 ; --       ; --           ;
; F6       ; 5          ; 2        ; GND*                                     ;        ;              ;         ; Row I/O    ;                 ; no       ; Off          ;
; F7       ; 14         ; 2        ; GND*                                     ;        ;              ;         ; Row I/O    ;                 ; no       ; Off          ;
; F8       ;            ;          ; GNDA_PLL3                                ; gnd    ;              ;         ; --         ;                 ; --       ; --           ;
; F9       ; 470        ; 3        ; ReadData1[0]                             ; output ; 3.3-V LVTTL  ;         ; Column I/O ; N               ; no       ; Off          ;
; F10      ; 462        ; 3        ; ReadData2[2]                             ; output ; 3.3-V LVTTL  ;         ; Column I/O ; N               ; no       ; Off          ;
; F11      ; 454        ; 3        ; ReadData2[0]                             ; output ; 3.3-V LVTTL  ;         ; Column I/O ; N               ; no       ; Off          ;
; F12      ; 440        ; 3        ; ReadData1[1]                             ; output ; 3.3-V LVTTL  ;         ; Column I/O ; N               ; no       ; Off          ;
; F13      ; 423        ; 4        ; ALURes[14]                               ; output ; 3.3-V LVTTL  ;         ; Column I/O ; N               ; no       ; Off          ;
; F14      ; 425        ; 4        ; ReadData1[11]                            ; output ; 3.3-V LVTTL  ;         ; Column I/O ; N               ; no       ; Off          ;
; F15      ; 409        ; 4        ; PC[15]                                   ; output ; 3.3-V LVTTL  ;         ; Column I/O ; N               ; no       ; Off          ;
; F16      ; 408        ; 4        ; ReadData2[10]                            ; output ; 3.3-V LVTTL  ;         ; Column I/O ; N               ; no       ; Off          ;
; F17      ; 401        ; 4        ; GND*                                     ;        ;              ;         ; Column I/O ;                 ; no       ; Off          ;
; F18      ; 398        ; 4        ; GND*                                     ;        ;              ;         ; Column I/O ;                 ; no       ; Off          ;
; F19      ;            ;          ; GNDA_PLL2                                ; gnd    ;              ;         ; --         ;                 ; --       ; --           ;
; F20      ; 372        ; 5        ; GND*                                     ;        ;              ;         ; Row I/O    ;                 ; no       ; Off          ;
; F21      ; 371        ; 5        ; GND*                                     ;        ;              ;         ; Row I/O    ;                 ; no       ; Off          ;
; F22      ;            ; 5        ; VCCIO5                                   ; power  ;              ; 3.3V    ; --         ;                 ; --       ; --           ;
; F23      ; 353        ; 5        ; GND*                                     ;        ;              ;         ; Row I/O    ;                 ; no       ; Off          ;
; F24      ; 354        ; 5        ; DMEM[2]                                  ; output ; 3.3-V LVTTL  ;         ; Row I/O    ; N               ; no       ; Off          ;
; F25      ; 350        ; 5        ; GND*                                     ;        ;              ;         ; Row I/O    ;                 ; no       ; Off          ;
; F26      ; 349        ; 5        ; GND*                                     ;        ;              ;         ; Row I/O    ;                 ; no       ; Off          ;
; G1       ; 30         ; 2        ; GND*                                     ;        ;              ;         ; Row I/O    ;                 ; no       ; Off          ;
; G2       ; 31         ; 2        ; GND*                                     ;        ;              ;         ; Row I/O    ;                 ; no       ; Off          ;
; G3       ; 24         ; 2        ; GND*                                     ;        ;              ;         ; Row I/O    ;                 ; no       ; Off          ;
; G4       ; 23         ; 2        ; GND*                                     ;        ;              ;         ; Row I/O    ;                 ; no       ; Off          ;
; G5       ; 8          ; 2        ; GND*                                     ;        ;              ;         ; Row I/O    ;                 ; no       ; Off          ;
; G6       ; 9          ; 2        ; GND*                                     ;        ;              ;         ; Row I/O    ;                 ; no       ; Off          ;
; G7       ;            ;          ; GND_PLL3                                 ; gnd    ;              ;         ; --         ;                 ; --       ; --           ;
; G8       ;            ;          ; VCCA_PLL3                                ; power  ;              ; 1.2V    ; --         ;                 ; --       ; --           ;
; G9       ; 471        ; 3        ; GND*                                     ;        ;              ;         ; Column I/O ;                 ; no       ; Off          ;
; G10      ; 461        ; 3        ; ReadData2[1]                             ; output ; 3.3-V LVTTL  ;         ; Column I/O ; N               ; no       ; Off          ;
; G11      ; 446        ; 3        ; ALURes[0]                                ; output ; 3.3-V LVTTL  ;         ; Column I/O ; N               ; no       ; Off          ;
; G12      ; 439        ; 3        ; ReadData1[8]                             ; output ; 3.3-V LVTTL  ;         ; Column I/O ; N               ; no       ; Off          ;
; G13      ; 422        ; 4        ; ReadData1[5]                             ; output ; 3.3-V LVTTL  ;         ; Column I/O ; N               ; no       ; Off          ;
; G14      ; 424        ; 4        ; ReadData1[2]                             ; output ; 3.3-V LVTTL  ;         ; Column I/O ; N               ; no       ; Off          ;
; G15      ; 410        ; 4        ; PC[13]                                   ; output ; 3.3-V LVTTL  ;         ; Column I/O ; N               ; no       ; Off          ;
; G16      ; 407        ; 4        ; ReadData2[14]                            ; output ; 3.3-V LVTTL  ;         ; Column I/O ; N               ; no       ; Off          ;
; G17      ; 402        ; 4        ; GND*                                     ;        ;              ;         ; Column I/O ;                 ; no       ; Off          ;
; G18      ; 397        ; 4        ; GND*                                     ;        ;              ;         ; Column I/O ;                 ; no       ; Off          ;
; G19      ;            ;          ; VCCA_PLL2                                ; power  ;              ; 1.2V    ; --         ;                 ; --       ; --           ;
; G20      ;            ;          ; GND_PLL2                                 ; gnd    ;              ;         ; --         ;                 ; --       ; --           ;
; G21      ; 368        ; 5        ; GND*                                     ;        ;              ;         ; Row I/O    ;                 ; no       ; Off          ;
; G22      ; 367        ; 5        ; GND*                                     ;        ;              ;         ; Row I/O    ;                 ; no       ; Off          ;
; G23      ; 346        ; 5        ; GND*                                     ;        ;              ;         ; Row I/O    ;                 ; no       ; Off          ;
; G24      ; 345        ; 5        ; GND*                                     ;        ;              ;         ; Row I/O    ;                 ; no       ; Off          ;
; G25      ; 343        ; 5        ; GND*                                     ;        ;              ;         ; Row I/O    ;                 ; no       ; Off          ;
; G26      ; 342        ; 5        ; GND*                                     ;        ;              ;         ; Row I/O    ;                 ; no       ; Off          ;
; H1       ; 37         ; 2        ; GND*                                     ;        ;              ;         ; Row I/O    ;                 ; no       ; Off          ;
; H2       ; 36         ; 2        ; PC[0]                                    ; output ; 3.3-V LVTTL  ;         ; Row I/O    ; N               ; no       ; Off          ;
; H3       ; 32         ; 2        ; GND*                                     ;        ;              ;         ; Row I/O    ;                 ; no       ; Off          ;
; H4       ; 33         ; 2        ; GND*                                     ;        ;              ;         ; Row I/O    ;                 ; no       ; Off          ;
; H5       ;            ;          ; GND                                      ; gnd    ;              ;         ; --         ;                 ; --       ; --           ;
; H6       ; 18         ; 2        ; GND*                                     ;        ;              ;         ; Row I/O    ;                 ; no       ; Off          ;
; H7       ;            ;          ; VCCD_PLL3                                ; power  ;              ; 1.2V    ; --         ;                 ; --       ; --           ;
; H8       ; 473        ; 3        ; GND*                                     ;        ;              ;         ; Column I/O ;                 ; no       ; Off          ;
; H9       ;            ; 3        ; VCCIO3                                   ; power  ;              ; 3.3V    ; --         ;                 ; --       ; --           ;
; H10      ; 472        ; 3        ; GND*                                     ;        ;              ;         ; Column I/O ;                 ; no       ; Off          ;
; H11      ; 456        ; 3        ; ALURes[4]                                ; output ; 3.3-V LVTTL  ;         ; Column I/O ; N               ; no       ; Off          ;
; H12      ; 455        ; 3        ; ALURes[7]                                ; output ; 3.3-V LVTTL  ;         ; Column I/O ; N               ; no       ; Off          ;
; H13      ;            ;          ; GND                                      ; gnd    ;              ;         ; --         ;                 ; --       ; --           ;
; H14      ;            ;          ; GND                                      ; gnd    ;              ;         ; --         ;                 ; --       ; --           ;
; H15      ; 414        ; 4        ; ReadData2[12]                            ; output ; 3.3-V LVTTL  ;         ; Column I/O ; N               ; no       ; Off          ;
; H16      ; 413        ; 4        ; ALURes[11]                               ; output ; 3.3-V LVTTL  ;         ; Column I/O ; N               ; no       ; Off          ;
; H17      ; 400        ; 4        ; GND*                                     ;        ;              ;         ; Column I/O ;                 ; no       ; Off          ;
; H18      ;            ; 4        ; VCCIO4                                   ; power  ;              ; 3.3V    ; --         ;                 ; --       ; --           ;
; H19      ; 335        ; 5        ; GND*                                     ;        ;              ;         ; Row I/O    ;                 ; no       ; Off          ;
; H20      ;            ;          ; VCCD_PLL2                                ; power  ;              ; 1.2V    ; --         ;                 ; --       ; --           ;
; H21      ; 366        ; 5        ; GND*                                     ;        ;              ;         ; Row I/O    ;                 ; no       ; Off          ;
; H22      ;            ;          ; GND                                      ; gnd    ;              ;         ; --         ;                 ; --       ; --           ;
; H23      ; 341        ; 5        ; GND*                                     ;        ;              ;         ; Row I/O    ;                 ; no       ; Off          ;
; H24      ; 340        ; 5        ; GND*                                     ;        ;              ;         ; Row I/O    ;                 ; no       ; Off          ;
; H25      ; 337        ; 5        ; GND*                                     ;        ;              ;         ; Row I/O    ;                 ; no       ; Off          ;
; H26      ; 336        ; 5        ; GND*                                     ;        ;              ;         ; Row I/O    ;                 ; no       ; Off          ;
; J1       ; 39         ; 2        ; GND*                                     ;        ;              ;         ; Row I/O    ;                 ; no       ; Off          ;
; J2       ; 38         ; 2        ; GND*                                     ;        ;              ;         ; Row I/O    ;                 ; no       ; Off          ;
; J3       ; 34         ; 2        ; GND*                                     ;        ;              ;         ; Row I/O    ;                 ; no       ; Off          ;
; J4       ; 35         ; 2        ; GND*                                     ;        ;              ;         ; Row I/O    ;                 ; no       ; Off          ;
; J5       ; 15         ; 2        ; GND*                                     ;        ;              ;         ; Row I/O    ;                 ; --       ; --           ;
; J6       ; 25         ; 2        ; GND*                                     ;        ;              ;         ; Row I/O    ;                 ; no       ; Off          ;
; J7       ; 17         ; 2        ; GND*                                     ;        ;              ;         ; Row I/O    ;                 ; no       ; Off          ;
; J8       ; 16         ; 2        ; GND*                                     ;        ;              ;         ; Row I/O    ;                 ; no       ; Off          ;
; J9       ; 475        ; 3        ; GND*                                     ;        ;              ;         ; Column I/O ;                 ; no       ; Off          ;
; J10      ; 438        ; 3        ; ReadData1[4]                             ; output ; 3.3-V LVTTL  ;         ; Column I/O ; N               ; no       ; Off          ;
; J11      ; 437        ; 3        ; ReadData1[3]                             ; output ; 3.3-V LVTTL  ;         ; Column I/O ; N               ; no       ; Off          ;
; J12      ;            ; 3        ; VCCIO3                                   ; power  ;              ; 3.3V    ; --         ;                 ; --       ; --           ;
; J13      ; 442        ; 3        ; PC[5]                                    ; output ; 3.3-V LVTTL  ;         ; Column I/O ; N               ; no       ; Off          ;
; J14      ; 441        ; 3        ; PC[3]                                    ; output ; 3.3-V LVTTL  ;         ; Column I/O ; N               ; no       ; Off          ;
; J15      ;            ; 4        ; VCCIO4                                   ; power  ;              ; 3.3V    ; --         ;                 ; --       ; --           ;
; J16      ; 385        ; 4        ; GND*                                     ;        ;              ;         ; Column I/O ;                 ; no       ; Off          ;
; J17      ; 399        ; 4        ; PC[1]                                    ; output ; 3.3-V LVTTL  ;         ; Column I/O ; N               ; no       ; Off          ;
; J18      ; 383        ; 4        ; GND*                                     ;        ;              ;         ; Column I/O ;                 ; no       ; Off          ;
; J19      ;            ; 5        ; VCCIO5                                   ; power  ;              ; 3.3V    ; --         ;                 ; --       ; --           ;
; J20      ; 351        ; 5        ; DMEM[14]                                 ; output ; 3.3-V LVTTL  ;         ; Row I/O    ; N               ; no       ; Off          ;
; J21      ; 352        ; 5        ; DMEM[0]                                  ; output ; 3.3-V LVTTL  ;         ; Row I/O    ; N               ; no       ; Off          ;
; J22      ; 357        ; 5        ; DMEM[10]                                 ; output ; 3.3-V LVTTL  ;         ; Row I/O    ; N               ; no       ; Off          ;
; J23      ; 339        ; 5        ; GND*                                     ;        ;              ;         ; Row I/O    ;                 ; no       ; Off          ;
; J24      ; 338        ; 5        ; GND*                                     ;        ;              ;         ; Row I/O    ;                 ; no       ; Off          ;
; J25      ; 327        ; 5        ; GND*                                     ;        ;              ;         ; Row I/O    ;                 ; no       ; Off          ;
; J26      ; 326        ; 5        ; GND*                                     ;        ;              ;         ; Row I/O    ;                 ; no       ; Off          ;
; K1       ; 42         ; 2        ; GND*                                     ;        ;              ;         ; Row I/O    ;                 ; no       ; Off          ;
; K2       ; 43         ; 2        ; GND*                                     ;        ;              ;         ; Row I/O    ;                 ; no       ; Off          ;
; K3       ; 41         ; 2        ; GND*                                     ;        ;              ;         ; Row I/O    ;                 ; no       ; Off          ;
; K4       ; 40         ; 2        ; GND*                                     ;        ;              ;         ; Row I/O    ;                 ; no       ; Off          ;
; K5       ; 22         ; 2        ; GND*                                     ;        ;              ;         ; Row I/O    ;                 ; no       ; Off          ;
; K6       ; 21         ; 2        ; GND*                                     ;        ;              ;         ; Row I/O    ;                 ; no       ; Off          ;
; K7       ; 27         ; 2        ; GND*                                     ;        ;              ;         ; Row I/O    ;                 ; no       ; Off          ;
; K8       ; 26         ; 2        ; GND*                                     ;        ;              ;         ; Row I/O    ;                 ; no       ; Off          ;
; K9       ; 476        ; 3        ; GND*                                     ;        ;              ;         ; Column I/O ;                 ; no       ; Off          ;
; K10      ;            ;          ; VCCINT                                   ; power  ;              ; 1.2V    ; --         ;                 ; --       ; --           ;
; K11      ;            ;          ; VCCINT                                   ; power  ;              ; 1.2V    ; --         ;                 ; --       ; --           ;
; K12      ;            ;          ; VCCINT                                   ; power  ;              ; 1.2V    ; --         ;                 ; --       ; --           ;
; K13      ;            ;          ; VCCINT                                   ; power  ;              ; 1.2V    ; --         ;                 ; --       ; --           ;
; K14      ;            ;          ; VCCINT                                   ; power  ;              ; 1.2V    ; --         ;                 ; --       ; --           ;
; K15      ;            ;          ; VCCINT                                   ; power  ;              ; 1.2V    ; --         ;                 ; --       ; --           ;
; K16      ; 386        ; 4        ; GND*                                     ;        ;              ;         ; Column I/O ;                 ; no       ; Off          ;
; K17      ; 384        ; 4        ; GND*                                     ;        ;              ;         ; Column I/O ;                 ; no       ; Off          ;
; K18      ; 334        ; 5        ; GND*                                     ;        ;              ;         ; Row I/O    ;                 ; no       ; Off          ;
; K19      ; 333        ; 5        ; GND*                                     ;        ;              ;         ; Row I/O    ;                 ; no       ; Off          ;
; K20      ;            ;          ; GND                                      ; gnd    ;              ;         ; --         ;                 ; --       ; --           ;
; K21      ; 332        ; 5        ; GND*                                     ;        ;              ;         ; Row I/O    ;                 ; no       ; Off          ;
; K22      ; 344        ; 5        ; DMEM[13]                                 ; output ; 3.3-V LVTTL  ;         ; Row I/O    ; N               ; no       ; Off          ;
; K23      ; 331        ; 5        ; GND*                                     ;        ;              ;         ; Row I/O    ;                 ; no       ; Off          ;
; K24      ; 330        ; 5        ; GND*                                     ;        ;              ;         ; Row I/O    ;                 ; no       ; Off          ;
; K25      ; 321        ; 5        ; GND*                                     ;        ;              ;         ; Row I/O    ;                 ; no       ; Off          ;
; K26      ; 320        ; 5        ; GND*                                     ;        ;              ;         ; Row I/O    ;                 ; no       ; Off          ;
; L1       ;            ; 2        ; VCCIO2                                   ; power  ;              ; 3.3V    ; --         ;                 ; --       ; --           ;
; L2       ; 50         ; 2        ; GND*                                     ;        ;              ;         ; Row I/O    ;                 ; no       ; Off          ;
; L3       ; 51         ; 2        ; GND*                                     ;        ;              ;         ; Row I/O    ;                 ; no       ; Off          ;
; L4       ; 44         ; 2        ; GND*                                     ;        ;              ;         ; Row I/O    ;                 ; --       ; --           ;
; L5       ;            ;          ; GND                                      ; gnd    ;              ;         ; --         ;                 ; --       ; --           ;
; L6       ; 48         ; 2        ; GND*                                     ;        ;              ;         ; Row I/O    ;                 ; no       ; Off          ;
; L7       ; 47         ; 2        ; GND*                                     ;        ;              ;         ; Row I/O    ;                 ; no       ; Off          ;
; L8       ; 59         ; 2        ; #TMS                                     ; input  ;              ;         ; --         ;                 ; --       ; --           ;
; L9       ; 49         ; 2        ; GND*                                     ;        ;              ;         ; Row I/O    ;                 ; no       ; Off          ;
; L10      ; 52         ; 2        ; GND*                                     ;        ;              ;         ; Row I/O    ;                 ; no       ; Off          ;
; L11      ;            ;          ; VCCINT                                   ; power  ;              ; 1.2V    ; --         ;                 ; --       ; --           ;
; L12      ;            ;          ; GND                                      ; gnd    ;              ;         ; --         ;                 ; --       ; --           ;
; L13      ;            ;          ; GND                                      ; gnd    ;              ;         ; --         ;                 ; --       ; --           ;
; L14      ;            ;          ; GND                                      ; gnd    ;              ;         ; --         ;                 ; --       ; --           ;
; L15      ;            ;          ; GND                                      ; gnd    ;              ;         ; --         ;                 ; --       ; --           ;
; L16      ;            ;          ; VCCINT                                   ; power  ;              ; 1.2V    ; --         ;                 ; --       ; --           ;
; L17      ;            ;          ; VCCINT                                   ; power  ;              ; 1.2V    ; --         ;                 ; --       ; --           ;
; L18      ;            ;          ; VCCINT                                   ; power  ;              ; 1.2V    ; --         ;                 ; --       ; --           ;
; L19      ; 322        ; 5        ; GND*                                     ;        ;              ;         ; Row I/O    ;                 ; no       ; Off          ;
; L20      ; 328        ; 5        ; GND*                                     ;        ;              ;         ; Row I/O    ;                 ; no       ; Off          ;
; L21      ; 329        ; 5        ; GND*                                     ;        ;              ;         ; Row I/O    ;                 ; no       ; Off          ;
; L22      ;            ;          ; GND                                      ; gnd    ;              ;         ; --         ;                 ; --       ; --           ;
; L23      ; 325        ; 5        ; GND*                                     ;        ;              ;         ; Row I/O    ;                 ; --       ; --           ;
; L24      ; 324        ; 5        ; GND*                                     ;        ;              ;         ; Row I/O    ;                 ; no       ; Off          ;
; L25      ; 323        ; 5        ; GND*                                     ;        ;              ;         ; Row I/O    ;                 ; no       ; Off          ;
; L26      ;            ; 5        ; VCCIO5                                   ; power  ;              ; 3.3V    ; --         ;                 ; --       ; --           ;
; M1       ;            ;          ; GND                                      ; gnd    ;              ;         ; --         ;                 ; --       ; --           ;
; M2       ; 56         ; 2        ; GND*                                     ;        ;              ;         ; Row I/O    ;                 ; no       ; Off          ;
; M3       ; 55         ; 2        ; GND*                                     ;        ;              ;         ; Row I/O    ;                 ; no       ; Off          ;
; M4       ; 53         ; 2        ; GND*                                     ;        ;              ;         ; Row I/O    ;                 ; no       ; Off          ;
; M5       ; 54         ; 2        ; GND*                                     ;        ;              ;         ; Row I/O    ;                 ; no       ; Off          ;
; M6       ; 58         ; 2        ; #TCK                                     ; input  ;              ;         ; --         ;                 ; --       ; --           ;
; M7       ; 60         ; 2        ; #TDO                                     ; output ;              ;         ; --         ;                 ; --       ; --           ;
; M8       ; 57         ; 2        ; #TDI                                     ; input  ;              ;         ; --         ;                 ; --       ; --           ;
; M9       ;            ; 2        ; VCCIO2                                   ; power  ;              ; 3.3V    ; --         ;                 ; --       ; --           ;
; M10      ;            ;          ; VCCINT                                   ; power  ;              ; 1.2V    ; --         ;                 ; --       ; --           ;
; M11      ;            ;          ; VCCINT                                   ; power  ;              ; 1.2V    ; --         ;                 ; --       ; --           ;
; M12      ;            ;          ; GND                                      ; gnd    ;              ;         ; --         ;                 ; --       ; --           ;
; M13      ;            ;          ; GND                                      ; gnd    ;              ;         ; --         ;                 ; --       ; --           ;
; M14      ;            ;          ; GND                                      ; gnd    ;              ;         ; --         ;                 ; --       ; --           ;
; M15      ;            ;          ; GND                                      ; gnd    ;              ;         ; --         ;                 ; --       ; --           ;
; M16      ;            ;          ; VCCINT                                   ; power  ;              ; 1.2V    ; --         ;                 ; --       ; --           ;
; M17      ;            ;          ; VCCINT                                   ; power  ;              ; 1.2V    ; --         ;                 ; --       ; --           ;
; M18      ;            ; 5        ; VCCIO5                                   ; power  ;              ; 3.3V    ; --         ;                 ; --       ; --           ;
; M19      ; 317        ; 5        ; GND*                                     ;        ;              ;         ; Row I/O    ;                 ; no       ; Off          ;
; M20      ; 316        ; 5        ; GND*                                     ;        ;              ;         ; Row I/O    ;                 ; no       ; Off          ;
; M21      ; 314        ; 5        ; GND*                                     ;        ;              ;         ; Row I/O    ;                 ; no       ; Off          ;
; M22      ; 319        ; 5        ; GND*                                     ;        ;              ;         ; Row I/O    ;                 ; no       ; Off          ;
; M23      ; 318        ; 5        ; GND*                                     ;        ;              ;         ; Row I/O    ;                 ; no       ; Off          ;
; M24      ; 313        ; 5        ; GND*                                     ;        ;              ;         ; Row I/O    ;                 ; no       ; Off          ;
; M25      ; 312        ; 5        ; GND*                                     ;        ;              ;         ; Row I/O    ;                 ; no       ; Off          ;
; M26      ;            ;          ; GND                                      ; gnd    ;              ;         ; --         ;                 ; --       ; --           ;
; N1       ; 65         ; 2        ; GND+                                     ;        ;              ;         ; Row I/O    ;                 ; --       ; --           ;
; N2       ; 64         ; 2        ; GND+                                     ;        ;              ;         ; Row I/O    ;                 ; --       ; --           ;
; N3       ; 62         ; 2        ; ^DATA0                                   ; input  ;              ;         ; --         ;                 ; --       ; --           ;
; N4       ; 63         ; 2        ; ^nCE                                     ;        ;              ;         ; --         ;                 ; --       ; --           ;
; N5       ;            ; 2        ; VCCIO2                                   ; power  ;              ; 3.3V    ; --         ;                 ; --       ; --           ;
; N6       ; 61         ; 2        ; ^DCLK                                    ;        ;              ;         ; --         ;                 ; --       ; --           ;
; N7       ; 66         ; 2        ; ^nCONFIG                                 ;        ;              ;         ; --         ;                 ; --       ; --           ;
; N8       ;            ;          ; GND                                      ; gnd    ;              ;         ; --         ;                 ; --       ; --           ;
; N9       ; 45         ; 2        ; GND*                                     ;        ;              ;         ; Row I/O    ;                 ; no       ; Off          ;
; N10      ;            ;          ; VCCINT                                   ; power  ;              ; 1.2V    ; --         ;                 ; --       ; --           ;
; N11      ;            ;          ; GND                                      ; gnd    ;              ;         ; --         ;                 ; --       ; --           ;
; N12      ;            ;          ; GND                                      ; gnd    ;              ;         ; --         ;                 ; --       ; --           ;
; N13      ;            ;          ; GND                                      ; gnd    ;              ;         ; --         ;                 ; --       ; --           ;
; N14      ;            ;          ; GND                                      ; gnd    ;              ;         ; --         ;                 ; --       ; --           ;
; N15      ;            ;          ; GND                                      ; gnd    ;              ;         ; --         ;                 ; --       ; --           ;
; N16      ;            ;          ; GND                                      ; gnd    ;              ;         ; --         ;                 ; --       ; --           ;
; N17      ;            ;          ; VCCINT                                   ; power  ;              ; 1.2V    ; --         ;                 ; --       ; --           ;
; N18      ; 348        ; 5        ; GND*                                     ;        ;              ;         ; Row I/O    ;                 ; no       ; Off          ;
; N19      ;            ;          ; GND                                      ; gnd    ;              ;         ; --         ;                 ; --       ; --           ;
; N20      ; 315        ; 5        ; GND*                                     ;        ;              ;         ; Row I/O    ;                 ; no       ; Off          ;
; N21      ;            ;          ; NC                                       ;        ;              ;         ; --         ;                 ; --       ; --           ;
; N22      ;            ; 5        ; VCCIO5                                   ; power  ;              ; 3.3V    ; --         ;                 ; --       ; --           ;
; N23      ; 311        ; 5        ; GND*                                     ;        ;              ;         ; Row I/O    ;                 ; no       ; Off          ;
; N24      ; 310        ; 5        ; GND*                                     ;        ;              ;         ; Row I/O    ;                 ; no       ; Off          ;
; N25      ; 309        ; 5        ; GND+                                     ;        ;              ;         ; Row I/O    ;                 ; --       ; --           ;
; N26      ; 308        ; 5        ; GND+                                     ;        ;              ;         ; Row I/O    ;                 ; --       ; --           ;
; P1       ; 68         ; 1        ; CLR                                      ; input  ; 3.3-V LVTTL  ;         ; Row I/O    ; N               ; no       ; Off          ;
; P2       ; 67         ; 1        ; CLK                                      ; input  ; 3.3-V LVTTL  ;         ; Row I/O    ; N               ; no       ; Off          ;
; P3       ; 69         ; 1        ; GND*                                     ;        ;              ;         ; Row I/O    ;                 ; no       ; Off          ;
; P4       ; 70         ; 1        ; GND*                                     ;        ;              ;         ; Row I/O    ;                 ; no       ; Off          ;
; P5       ;            ; 1        ; VCCIO1                                   ; power  ;              ; 3.3V    ; --         ;                 ; --       ; --           ;
; P6       ; 78         ; 1        ; GND*                                     ;        ;              ;         ; Row I/O    ;                 ; no       ; Off          ;
; P7       ; 77         ; 1        ; GND*                                     ;        ;              ;         ; Row I/O    ;                 ; no       ; Off          ;
; P8       ;            ;          ; GND                                      ; gnd    ;              ;         ; --         ;                 ; --       ; --           ;
; P9       ; 46         ; 2        ; GND*                                     ;        ;              ;         ; Row I/O    ;                 ; no       ; Off          ;
; P10      ;            ;          ; VCCINT                                   ; power  ;              ; 1.2V    ; --         ;                 ; --       ; --           ;
; P11      ;            ;          ; GND                                      ; gnd    ;              ;         ; --         ;                 ; --       ; --           ;
; P12      ;            ;          ; GND                                      ; gnd    ;              ;         ; --         ;                 ; --       ; --           ;
; P13      ;            ;          ; GND                                      ; gnd    ;              ;         ; --         ;                 ; --       ; --           ;
; P14      ;            ;          ; GND                                      ; gnd    ;              ;         ; --         ;                 ; --       ; --           ;
; P15      ;            ;          ; GND                                      ; gnd    ;              ;         ; --         ;                 ; --       ; --           ;
; P16      ;            ;          ; GND                                      ; gnd    ;              ;         ; --         ;                 ; --       ; --           ;
; P17      ; 293        ; 6        ; GND*                                     ;        ;              ;         ; Row I/O    ;                 ; no       ; Off          ;
; P18      ; 347        ; 5        ; GND*                                     ;        ;              ;         ; Row I/O    ;                 ; no       ; Off          ;
; P19      ;            ;          ; GND                                      ; gnd    ;              ;         ; --         ;                 ; --       ; --           ;
; P20      ; 301        ; 6        ; ^MSEL0                                   ;        ;              ;         ; --         ;                 ; --       ; --           ;
; P21      ; 300        ; 6        ; ^MSEL1                                   ;        ;              ;         ; --         ;                 ; --       ; --           ;
; P22      ;            ; 6        ; VCCIO6                                   ; power  ;              ; 3.3V    ; --         ;                 ; --       ; --           ;
; P23      ; 305        ; 6        ; GND*                                     ;        ;              ;         ; Row I/O    ;                 ; no       ; Off          ;
; P24      ; 304        ; 6        ; GND*                                     ;        ;              ;         ; Row I/O    ;                 ; no       ; Off          ;
; P25      ; 307        ; 6        ; GND+                                     ;        ;              ;         ; Row I/O    ;                 ; --       ; --           ;
; P26      ; 306        ; 6        ; GND+                                     ;        ;              ;         ; Row I/O    ;                 ; --       ; --           ;
; R1       ;            ;          ; GND                                      ; gnd    ;              ;         ; --         ;                 ; --       ; --           ;
; R2       ; 71         ; 1        ; GND*                                     ;        ;              ;         ; Row I/O    ;                 ; no       ; Off          ;
; R3       ; 72         ; 1        ; GND*                                     ;        ;              ;         ; Row I/O    ;                 ; no       ; Off          ;
; R4       ; 73         ; 1        ; GND*                                     ;        ;              ;         ; Row I/O    ;                 ; no       ; Off          ;
; R5       ; 74         ; 1        ; GND*                                     ;        ;              ;         ; Row I/O    ;                 ; no       ; Off          ;
; R6       ; 81         ; 1        ; GND*                                     ;        ;              ;         ; Row I/O    ;                 ; no       ; Off          ;
; R7       ; 82         ; 1        ; GND*                                     ;        ;              ;         ; Row I/O    ;                 ; no       ; Off          ;
; R8       ; 110        ; 1        ; GND*                                     ;        ;              ;         ; Row I/O    ;                 ; no       ; Off          ;
; R9       ;            ; 1        ; VCCIO1                                   ; power  ;              ; 3.3V    ; --         ;                 ; --       ; --           ;
; R10      ;            ;          ; VCCINT                                   ; power  ;              ; 1.2V    ; --         ;                 ; --       ; --           ;
; R11      ;            ;          ; VCCINT                                   ; power  ;              ; 1.2V    ; --         ;                 ; --       ; --           ;
; R12      ;            ;          ; GND                                      ; gnd    ;              ;         ; --         ;                 ; --       ; --           ;
; R13      ;            ;          ; GND                                      ; gnd    ;              ;         ; --         ;                 ; --       ; --           ;
; R14      ;            ;          ; GND                                      ; gnd    ;              ;         ; --         ;                 ; --       ; --           ;
; R15      ;            ;          ; GND                                      ; gnd    ;              ;         ; --         ;                 ; --       ; --           ;
; R16      ;            ;          ; VCCINT                                   ; power  ;              ; 1.2V    ; --         ;                 ; --       ; --           ;
; R17      ; 294        ; 6        ; GND*                                     ;        ;              ;         ; Row I/O    ;                 ; no       ; Off          ;
; R18      ;            ; 6        ; VCCIO6                                   ; power  ;              ; 3.3V    ; --         ;                 ; --       ; --           ;
; R19      ; 282        ; 6        ; GND*                                     ;        ;              ;         ; Row I/O    ;                 ; no       ; Off          ;
; R20      ; 297        ; 6        ; GND*                                     ;        ;              ;         ; Row I/O    ;                 ; no       ; Off          ;
; R21      ;            ;          ; GND                                      ; gnd    ;              ;         ; --         ;                 ; --       ; --           ;
; R22      ; 298        ; 6        ; ^nSTATUS                                 ;        ;              ;         ; --         ;                 ; --       ; --           ;
; R23      ; 299        ; 6        ; ^CONF_DONE                               ;        ;              ;         ; --         ;                 ; --       ; --           ;
; R24      ; 302        ; 6        ; GND*                                     ;        ;              ;         ; Row I/O    ;                 ; no       ; Off          ;
; R25      ; 303        ; 6        ; GND*                                     ;        ;              ;         ; Row I/O    ;                 ; no       ; Off          ;
; R26      ;            ;          ; GND                                      ; gnd    ;              ;         ; --         ;                 ; --       ; --           ;
; T1       ;            ; 1        ; VCCIO1                                   ; power  ;              ; 3.3V    ; --         ;                 ; --       ; --           ;
; T2       ; 79         ; 1        ; GND*                                     ;        ;              ;         ; Row I/O    ;                 ; no       ; Off          ;
; T3       ; 80         ; 1        ; GND*                                     ;        ;              ;         ; Row I/O    ;                 ; no       ; Off          ;
; T4       ; 83         ; 1        ; GND*                                     ;        ;              ;         ; Row I/O    ;                 ; --       ; --           ;
; T5       ;            ;          ; GND                                      ; gnd    ;              ;         ; --         ;                 ; --       ; --           ;
; T6       ; 93         ; 1        ; GND*                                     ;        ;              ;         ; Row I/O    ;                 ; no       ; Off          ;
; T7       ; 92         ; 1        ; GND*                                     ;        ;              ;         ; Row I/O    ;                 ; no       ; Off          ;
; T8       ; 111        ; 1        ; GND*                                     ;        ;              ;         ; Row I/O    ;                 ; no       ; Off          ;
; T9       ; 76         ; 1        ; GND*                                     ;        ;              ;         ; Row I/O    ;                 ; no       ; Off          ;
; T10      ; 75         ; 1        ; GND*                                     ;        ;              ;         ; Row I/O    ;                 ; no       ; Off          ;
; T11      ;            ;          ; VCCINT                                   ; power  ;              ; 1.2V    ; --         ;                 ; --       ; --           ;
; T12      ;            ;          ; GND                                      ; gnd    ;              ;         ; --         ;                 ; --       ; --           ;
; T13      ;            ;          ; GND                                      ; gnd    ;              ;         ; --         ;                 ; --       ; --           ;
; T14      ;            ;          ; GND                                      ; gnd    ;              ;         ; --         ;                 ; --       ; --           ;
; T15      ;            ;          ; GND                                      ; gnd    ;              ;         ; --         ;                 ; --       ; --           ;
; T16      ;            ;          ; VCCINT                                   ; power  ;              ; 1.2V    ; --         ;                 ; --       ; --           ;
; T17      ; 289        ; 6        ; GND*                                     ;        ;              ;         ; Row I/O    ;                 ; no       ; Off          ;
; T18      ; 290        ; 6        ; GND*                                     ;        ;              ;         ; Row I/O    ;                 ; no       ; Off          ;
; T19      ; 281        ; 6        ; GND*                                     ;        ;              ;         ; Row I/O    ;                 ; no       ; Off          ;
; T20      ; 287        ; 6        ; GND*                                     ;        ;              ;         ; Row I/O    ;                 ; no       ; Off          ;
; T21      ; 288        ; 6        ; GND*                                     ;        ;              ;         ; Row I/O    ;                 ; --       ; --           ;
; T22      ; 296        ; 6        ; GND*                                     ;        ;              ;         ; Row I/O    ;                 ; no       ; Off          ;
; T23      ; 295        ; 6        ; GND*                                     ;        ;              ;         ; Row I/O    ;                 ; no       ; Off          ;
; T24      ; 292        ; 6        ; GND*                                     ;        ;              ;         ; Row I/O    ;                 ; no       ; Off          ;
; T25      ; 291        ; 6        ; GND*                                     ;        ;              ;         ; Row I/O    ;                 ; no       ; Off          ;
; T26      ;            ; 6        ; VCCIO6                                   ; power  ;              ; 3.3V    ; --         ;                 ; --       ; --           ;
; U1       ; 85         ; 1        ; GND*                                     ;        ;              ;         ; Row I/O    ;                 ; no       ; Off          ;
; U2       ; 84         ; 1        ; GND*                                     ;        ;              ;         ; Row I/O    ;                 ; no       ; Off          ;
; U3       ; 88         ; 1        ; GND*                                     ;        ;              ;         ; Row I/O    ;                 ; no       ; Off          ;
; U4       ; 89         ; 1        ; GND*                                     ;        ;              ;         ; Row I/O    ;                 ; no       ; Off          ;
; U5       ; 100        ; 1        ; GND*                                     ;        ;              ;         ; Row I/O    ;                 ; no       ; Off          ;
; U6       ; 98         ; 1        ; GND*                                     ;        ;              ;         ; Row I/O    ;                 ; no       ; Off          ;
; U7       ; 99         ; 1        ; GND*                                     ;        ;              ;         ; Row I/O    ;                 ; no       ; Off          ;
; U8       ;            ;          ; GND                                      ; gnd    ;              ;         ; --         ;                 ; --       ; --           ;
; U9       ; 86         ; 1        ; GND*                                     ;        ;              ;         ; Row I/O    ;                 ; no       ; Off          ;
; U10      ; 87         ; 1        ; GND*                                     ;        ;              ;         ; Row I/O    ;                 ; no       ; Off          ;
; U11      ;            ;          ; VCCINT                                   ; power  ;              ; 1.2V    ; --         ;                 ; --       ; --           ;
; U12      ; 178        ; 8        ; DMEM[6]                                  ; output ; 3.3-V LVTTL  ;         ; Column I/O ; N               ; no       ; Off          ;
; U13      ;            ;          ; VCCINT                                   ; power  ;              ; 1.2V    ; --         ;                 ; --       ; --           ;
; U14      ;            ;          ; VCCINT                                   ; power  ;              ; 1.2V    ; --         ;                 ; --       ; --           ;
; U15      ;            ;          ; VCCINT                                   ; power  ;              ; 1.2V    ; --         ;                 ; --       ; --           ;
; U16      ;            ;          ; VCCINT                                   ; power  ;              ; 1.2V    ; --         ;                 ; --       ; --           ;
; U17      ; 231        ; 7        ; GND*                                     ;        ;              ;         ; Column I/O ;                 ; no       ; Off          ;
; U18      ; 232        ; 7        ; GND*                                     ;        ;              ;         ; Column I/O ;                 ; no       ; Off          ;
; U19      ;            ;          ; GND                                      ; gnd    ;              ;         ; --         ;                 ; --       ; --           ;
; U20      ; 280        ; 6        ; GND*                                     ;        ;              ;         ; Row I/O    ;                 ; no       ; Off          ;
; U21      ; 279        ; 6        ; GND*                                     ;        ;              ;         ; Row I/O    ;                 ; no       ; Off          ;
; U22      ; 270        ; 6        ; GND*                                     ;        ;              ;         ; Row I/O    ;                 ; no       ; Off          ;
; U23      ; 284        ; 6        ; GND*                                     ;        ;              ;         ; Row I/O    ;                 ; no       ; Off          ;
; U24      ; 283        ; 6        ; GND*                                     ;        ;              ;         ; Row I/O    ;                 ; no       ; Off          ;
; U25      ; 285        ; 6        ; GND*                                     ;        ;              ;         ; Row I/O    ;                 ; no       ; Off          ;
; U26      ; 286        ; 6        ; GND*                                     ;        ;              ;         ; Row I/O    ;                 ; no       ; Off          ;
; V1       ; 90         ; 1        ; GND*                                     ;        ;              ;         ; Row I/O    ;                 ; no       ; Off          ;
; V2       ; 91         ; 1        ; GND*                                     ;        ;              ;         ; Row I/O    ;                 ; no       ; Off          ;
; V3       ; 95         ; 1        ; GND*                                     ;        ;              ;         ; Row I/O    ;                 ; no       ; Off          ;
; V4       ; 94         ; 1        ; GND*                                     ;        ;              ;         ; Row I/O    ;                 ; no       ; Off          ;
; V5       ; 104        ; 1        ; GND*                                     ;        ;              ;         ; Row I/O    ;                 ; no       ; Off          ;
; V6       ; 105        ; 1        ; GND*                                     ;        ;              ;         ; Row I/O    ;                 ; no       ; Off          ;
; V7       ; 112        ; 1        ; GND*                                     ;        ;              ;         ; Row I/O    ;                 ; no       ; Off          ;
; V8       ;            ; 1        ; VCCIO1                                   ; power  ;              ; 3.3V    ; --         ;                 ; --       ; --           ;
; V9       ; 142        ; 8        ; GND*                                     ;        ;              ;         ; Column I/O ;                 ; no       ; Off          ;
; V10      ; 141        ; 8        ; GND*                                     ;        ;              ;         ; Column I/O ;                 ; no       ; Off          ;
; V11      ; 177        ; 8        ; DMEM[4]                                  ; output ; 3.3-V LVTTL  ;         ; Column I/O ; N               ; no       ; Off          ;
; V12      ;            ; 8        ; VCCIO8                                   ; power  ;              ; 3.3V    ; --         ;                 ; --       ; --           ;
; V13      ; 176        ; 8        ; GND*                                     ;        ;              ;         ; Column I/O ;                 ; no       ; Off          ;
; V14      ; 175        ; 8        ; GND*                                     ;        ;              ;         ; Column I/O ;                 ; no       ; Off          ;
; V15      ;            ; 7        ; VCCIO7                                   ; power  ;              ; 3.3V    ; --         ;                 ; --       ; --           ;
; V16      ;            ;          ; VCCINT                                   ; power  ;              ; 1.2V    ; --         ;                 ; --       ; --           ;
; V17      ; 218        ; 7        ; GND*                                     ;        ;              ;         ; Column I/O ;                 ; no       ; Off          ;
; V18      ; 233        ; 7        ; GND*                                     ;        ;              ;         ; Column I/O ;                 ; no       ; Off          ;
; V19      ;            ; 6        ; VCCIO6                                   ; power  ;              ; 3.3V    ; --         ;                 ; --       ; --           ;
; V20      ; 251        ; 6        ; GND*                                     ;        ;              ;         ; Row I/O    ;                 ; no       ; Off          ;
; V21      ; 252        ; 6        ; GND*                                     ;        ;              ;         ; Row I/O    ;                 ; no       ; Off          ;
; V22      ; 259        ; 6        ; GND*                                     ;        ;              ;         ; Row I/O    ;                 ; --       ; --           ;
; V23      ; 275        ; 6        ; GND*                                     ;        ;              ;         ; Row I/O    ;                 ; no       ; Off          ;
; V24      ; 276        ; 6        ; GND*                                     ;        ;              ;         ; Row I/O    ;                 ; no       ; Off          ;
; V25      ; 277        ; 6        ; GND*                                     ;        ;              ;         ; Row I/O    ;                 ; no       ; Off          ;
; V26      ; 278        ; 6        ; GND*                                     ;        ;              ;         ; Row I/O    ;                 ; no       ; Off          ;
; W1       ; 97         ; 1        ; GND*                                     ;        ;              ;         ; Row I/O    ;                 ; no       ; Off          ;
; W2       ; 96         ; 1        ; GND*                                     ;        ;              ;         ; Row I/O    ;                 ; no       ; Off          ;
; W3       ; 102        ; 1        ; GND*                                     ;        ;              ;         ; Row I/O    ;                 ; no       ; Off          ;
; W4       ; 101        ; 1        ; GND*                                     ;        ;              ;         ; Row I/O    ;                 ; no       ; Off          ;
; W5       ;            ;          ; GND                                      ; gnd    ;              ;         ; --         ;                 ; --       ; --           ;
; W6       ; 113        ; 1        ; GND*                                     ;        ;              ;         ; Row I/O    ;                 ; --       ; --           ;
; W7       ;            ;          ; GND_PLL1                                 ; gnd    ;              ;         ; --         ;                 ; --       ; --           ;
; W8       ; 144        ; 8        ; GND*                                     ;        ;              ;         ; Column I/O ;                 ; no       ; Off          ;
; W9       ;            ; 8        ; VCCIO8                                   ; power  ;              ; 3.3V    ; --         ;                 ; --       ; --           ;
; W10      ; 145        ; 8        ; GND*                                     ;        ;              ;         ; Column I/O ;                 ; no       ; Off          ;
; W11      ; 161        ; 8        ; GND*                                     ;        ;              ;         ; Column I/O ;                 ; no       ; Off          ;
; W12      ; 162        ; 8        ; GND*                                     ;        ;              ;         ; Column I/O ;                 ; no       ; Off          ;
; W13      ;            ;          ; GND                                      ; gnd    ;              ;         ; --         ;                 ; --       ; --           ;
; W14      ;            ;          ; GND                                      ; gnd    ;              ;         ; --         ;                 ; --       ; --           ;
; W15      ; 203        ; 7        ; GND*                                     ;        ;              ;         ; Column I/O ;                 ; no       ; Off          ;
; W16      ; 204        ; 7        ; GND*                                     ;        ;              ;         ; Column I/O ;                 ; no       ; Off          ;
; W17      ; 217        ; 7        ; GND*                                     ;        ;              ;         ; Column I/O ;                 ; no       ; Off          ;
; W18      ;            ; 7        ; VCCIO7                                   ; power  ;              ; 3.3V    ; --         ;                 ; --       ; --           ;
; W19      ; 234        ; 7        ; GND*                                     ;        ;              ;         ; Column I/O ;                 ; no       ; Off          ;
; W20      ;            ;          ; GND_PLL4                                 ; gnd    ;              ;         ; --         ;                 ; --       ; --           ;
; W21      ; 253        ; 6        ; GND*                                     ;        ;              ;         ; Row I/O    ;                 ; no       ; Off          ;
; W22      ;            ;          ; GND                                      ; gnd    ;              ;         ; --         ;                 ; --       ; --           ;
; W23      ; 272        ; 6        ; GND*                                     ;        ;              ;         ; Row I/O    ;                 ; no       ; Off          ;
; W24      ; 271        ; 6        ; GND*                                     ;        ;              ;         ; Row I/O    ;                 ; no       ; Off          ;
; W25      ; 273        ; 6        ; GND*                                     ;        ;              ;         ; Row I/O    ;                 ; no       ; Off          ;
; W26      ; 274        ; 6        ; GND*                                     ;        ;              ;         ; Row I/O    ;                 ; no       ; Off          ;
; Y1       ; 103        ; 1        ; GND*                                     ;        ;              ;         ; Row I/O    ;                 ; no       ; Off          ;
; Y2       ;            ;          ; NC                                       ;        ;              ;         ; --         ;                 ; --       ; --           ;
; Y3       ; 108        ; 1        ; GND*                                     ;        ;              ;         ; Row I/O    ;                 ; no       ; Off          ;
; Y4       ; 109        ; 1        ; GND*                                     ;        ;              ;         ; Row I/O    ;                 ; no       ; Off          ;
; Y5       ; 121        ; 1        ; GND*                                     ;        ;              ;         ; Row I/O    ;                 ; no       ; Off          ;
; Y6       ;            ;          ; GND_PLL1                                 ; gnd    ;              ;         ; --         ;                 ; --       ; --           ;
; Y7       ;            ;          ; VCCD_PLL1                                ; power  ;              ; 1.2V    ; --         ;                 ; --       ; --           ;
; Y8       ;            ;          ; GNDA_PLL1                                ; gnd    ;              ;         ; --         ;                 ; --       ; --           ;
; Y9       ;            ;          ; GND                                      ; gnd    ;              ;         ; --         ;                 ; --       ; --           ;
; Y10      ; 146        ; 8        ; GND*                                     ;        ;              ;         ; Column I/O ;                 ; no       ; Off          ;
; Y11      ; 156        ; 8        ; GND*                                     ;        ;              ;         ; Column I/O ;                 ; no       ; Off          ;
; Y12      ; 180        ; 8        ; DMEM[9]                                  ; output ; 3.3-V LVTTL  ;         ; Column I/O ; N               ; no       ; Off          ;
; Y13      ; 193        ; 7        ; GND*                                     ;        ;              ;         ; Column I/O ;                 ; no       ; Off          ;
; Y14      ; 195        ; 7        ; GND*                                     ;        ;              ;         ; Column I/O ;                 ; no       ; Off          ;
; Y15      ; 196        ; 7        ; GND*                                     ;        ;              ;         ; Column I/O ;                 ; no       ; Off          ;
; Y16      ; 210        ; 7        ; GND*                                     ;        ;              ;         ; Column I/O ;                 ; no       ; Off          ;
; Y17      ;            ;          ; GND                                      ; gnd    ;              ;         ; --         ;                 ; --       ; --           ;
; Y18      ; 229        ; 7        ; GND*                                     ;        ;              ;         ; Column I/O ;                 ; --       ; --           ;
; Y19      ;            ;          ; GNDA_PLL4                                ; gnd    ;              ;         ; --         ;                 ; --       ; --           ;
; Y20      ;            ;          ; VCCD_PLL4                                ; power  ;              ; 1.2V    ; --         ;                 ; --       ; --           ;
; Y21      ; 250        ; 6        ; GND*                                     ;        ;              ;         ; Row I/O    ;                 ; no       ; Off          ;
; Y22      ; 254        ; 6        ; GND*                                     ;        ;              ;         ; Row I/O    ;                 ; no       ; Off          ;
; Y23      ; 265        ; 6        ; GND*                                     ;        ;              ;         ; Row I/O    ;                 ; no       ; Off          ;
; Y24      ; 264        ; 6        ; GND*                                     ;        ;              ;         ; Row I/O    ;                 ; no       ; Off          ;
; Y25      ; 269        ; 6        ; GND*                                     ;        ;              ;         ; Row I/O    ;                 ; no       ; Off          ;
; Y26      ; 268        ; 6        ; GND*                                     ;        ;              ;         ; Row I/O    ;                 ; no       ; Off          ;
+----------+------------+----------+------------------------------------------+--------+--------------+---------+------------+-----------------+----------+--------------+
Note: Pin directions (input, output or bidir) are based on device operating in user mode.


+-------------------------------------------------------------------------------+
; Output Pin Default Load For Reported TCO                                      ;
+----------------------------------+-------+------------------------------------+
; I/O Standard                     ; Load  ; Termination Resistance             ;
+----------------------------------+-------+------------------------------------+
; 3.3-V LVTTL                      ; 0 pF  ; Not Available                      ;
; 3.3-V LVCMOS                     ; 0 pF  ; Not Available                      ;
; 2.5 V                            ; 0 pF  ; Not Available                      ;
; 1.8 V                            ; 0 pF  ; Not Available                      ;
; 1.5 V                            ; 0 pF  ; Not Available                      ;
; 3.3-V PCI                        ; 10 pF ; 25 Ohm (Parallel)                  ;
; 3.3-V PCI-X                      ; 10 pF ; 25 Ohm (Parallel)                  ;
; SSTL-2 Class I                   ; 0 pF  ; 50 Ohm (Parallel), 25 Ohm (Serial) ;
; SSTL-2 Class II                  ; 0 pF  ; 25 Ohm (Parallel), 25 Ohm (Serial) ;
; SSTL-18 Class I                  ; 0 pF  ; 50 Ohm (Parallel), 25 Ohm (Serial) ;
; SSTL-18 Class II                 ; 0 pF  ; 25 Ohm (Parallel), 25 Ohm (Serial) ;
; 1.5-V HSTL Class I               ; 0 pF  ; 50 Ohm (Parallel)                  ;
; 1.5-V HSTL Class II              ; 0 pF  ; 25 Ohm (Parallel)                  ;
; 1.8-V HSTL Class I               ; 0 pF  ; 50 Ohm (Parallel)                  ;
; 1.8-V HSTL Class II              ; 0 pF  ; 25 Ohm (Parallel)                  ;
; Differential SSTL-2              ; 0 pF  ; (See SSTL-2)                       ;
; Differential 2.5-V SSTL Class II ; 0 pF  ; (See SSTL-2 Class II)              ;
; Differential 1.8-V SSTL Class I  ; 0 pF  ; (See 1.8-V SSTL Class I)           ;
; Differential 1.8-V SSTL Class II ; 0 pF  ; (See 1.8-V SSTL Class II)          ;
; Differential 1.5-V HSTL Class I  ; 0 pF  ; (See 1.5-V HSTL Class I)           ;
; Differential 1.5-V HSTL Class II ; 0 pF  ; (See 1.5-V HSTL Class II)          ;
; Differential 1.8-V HSTL Class I  ; 0 pF  ; (See 1.8-V HSTL Class I)           ;
; Differential 1.8-V HSTL Class II ; 0 pF  ; (See 1.8-V HSTL Class II)          ;
; LVDS                             ; 0 pF  ; 100 Ohm (Differential)             ;
; mini-LVDS                        ; 0 pF  ; 100 Ohm (Differential)             ;
; RSDS                             ; 0 pF  ; 100 Ohm (Differential)             ;
; Simple RSDS                      ; 0 pF  ; Not Available                      ;
; Differential LVPECL              ; 0 pF  ; 100 Ohm (Differential)             ;
+----------------------------------+-------+------------------------------------+
Note: User assignments will override these defaults. The user specified values are listed in the Output Pins and Bidir Pins tables.


+---------------------------------------------------------------------------------------------------------------------------------------------------------------------------------------------------------------------------------------------------------------------------------------------------------------------------------------------------------+
; Fitter Resource Utilization by Entity                                                                                                                                                                                                                                                                                                                   ;
+-----------------------------------------+-------------+---------------------------+---------------+-------------+------+--------------+---------+-----------+------+--------------+--------------+-------------------+------------------+------------------------------------------------------------------------------------------------+--------------+
; Compilation Hierarchy Node              ; Logic Cells ; Dedicated Logic Registers ; I/O Registers ; Memory Bits ; M4Ks ; DSP Elements ; DSP 9x9 ; DSP 18x18 ; Pins ; Virtual Pins ; LUT-Only LCs ; Register-Only LCs ; LUT/Register LCs ; Full Hierarchy Name                                                                            ; Library Name ;
+-----------------------------------------+-------------+---------------------------+---------------+-------------+------+--------------+---------+-----------+------+--------------+--------------+-------------------+------------------+------------------------------------------------------------------------------------------------+--------------+
; |MIPS                                   ; 497 (0)     ; 126 (0)                   ; 0 (0)         ; 0           ; 0    ; 0            ; 0       ; 0         ; 82   ; 0            ; 371 (0)      ; 44 (0)            ; 82 (0)           ; |MIPS                                                                                          ; work         ;
;    |Controller:inst1|                   ; 4 (4)       ; 0 (0)                     ; 0 (0)         ; 0           ; 0    ; 0            ; 0       ; 0         ; 0    ; 0            ; 4 (4)        ; 0 (0)             ; 0 (0)            ; |MIPS|Controller:inst1                                                                         ; work         ;
;    |Datapath:inst|                      ; 493 (0)     ; 126 (0)                   ; 0 (0)         ; 0           ; 0    ; 0            ; 0       ; 0         ; 0    ; 0            ; 367 (0)      ; 44 (0)            ; 82 (0)           ; |MIPS|Datapath:inst                                                                            ; work         ;
;       |16MUX21:inst10|                  ; 14 (14)     ; 0 (0)                     ; 0 (0)         ; 0           ; 0    ; 0            ; 0       ; 0         ; 0    ; 0            ; 0 (0)        ; 0 (0)             ; 14 (14)          ; |MIPS|Datapath:inst|16MUX21:inst10                                                             ; work         ;
;       |16MUX21:inst1|                   ; 16 (16)     ; 0 (0)                     ; 0 (0)         ; 0           ; 0    ; 0            ; 0       ; 0         ; 0    ; 0            ; 16 (16)      ; 0 (0)             ; 0 (0)            ; |MIPS|Datapath:inst|16MUX21:inst1                                                              ; work         ;
;       |16MUX21:inst4|                   ; 16 (16)     ; 0 (0)                     ; 0 (0)         ; 0           ; 0    ; 0            ; 0       ; 0         ; 0    ; 0            ; 7 (7)        ; 0 (0)             ; 9 (9)            ; |MIPS|Datapath:inst|16MUX21:inst4                                                              ; work         ;
;       |ALUControl:inst5|                ; 4 (4)       ; 0 (0)                     ; 0 (0)         ; 0           ; 0    ; 0            ; 0       ; 0         ; 0    ; 0            ; 4 (4)        ; 0 (0)             ; 0 (0)            ; |MIPS|Datapath:inst|ALUControl:inst5                                                           ; work         ;
;       |AU1:inst24|                      ; 158 (0)     ; 0 (0)                     ; 0 (0)         ; 0           ; 0    ; 0            ; 0       ; 0         ; 0    ; 0            ; 157 (0)      ; 0 (0)             ; 1 (0)            ; |MIPS|Datapath:inst|AU1:inst24                                                                 ; work         ;
;          |Adder16:inst|                 ; 29 (0)      ; 0 (0)                     ; 0 (0)         ; 0           ; 0    ; 0            ; 0       ; 0         ; 0    ; 0            ; 29 (0)       ; 0 (0)             ; 0 (0)            ; |MIPS|Datapath:inst|AU1:inst24|Adder16:inst                                                    ; work         ;
;             |Adder4:inst1|              ; 8 (0)       ; 0 (0)                     ; 0 (0)         ; 0           ; 0    ; 0            ; 0       ; 0         ; 0    ; 0            ; 8 (0)        ; 0 (0)             ; 0 (0)            ; |MIPS|Datapath:inst|AU1:inst24|Adder16:inst|Adder4:inst1                                       ; work         ;
;                |FA:inst17|              ; 2 (1)       ; 0 (0)                     ; 0 (0)         ; 0           ; 0    ; 0            ; 0       ; 0         ; 0    ; 0            ; 2 (1)        ; 0 (0)             ; 0 (0)            ; |MIPS|Datapath:inst|AU1:inst24|Adder16:inst|Adder4:inst1|FA:inst17                             ; work         ;
;                   |HA:inst1|            ; 1 (1)       ; 0 (0)                     ; 0 (0)         ; 0           ; 0    ; 0            ; 0       ; 0         ; 0    ; 0            ; 1 (1)        ; 0 (0)             ; 0 (0)            ; |MIPS|Datapath:inst|AU1:inst24|Adder16:inst|Adder4:inst1|FA:inst17|HA:inst1                    ; work         ;
;                |FA:inst18|              ; 2 (1)       ; 0 (0)                     ; 0 (0)         ; 0           ; 0    ; 0            ; 0       ; 0         ; 0    ; 0            ; 2 (1)        ; 0 (0)             ; 0 (0)            ; |MIPS|Datapath:inst|AU1:inst24|Adder16:inst|Adder4:inst1|FA:inst18                             ; work         ;
;                   |HA:inst1|            ; 1 (1)       ; 0 (0)                     ; 0 (0)         ; 0           ; 0    ; 0            ; 0       ; 0         ; 0    ; 0            ; 1 (1)        ; 0 (0)             ; 0 (0)            ; |MIPS|Datapath:inst|AU1:inst24|Adder16:inst|Adder4:inst1|FA:inst18|HA:inst1                    ; work         ;
;                |FA:inst19|              ; 2 (1)       ; 0 (0)                     ; 0 (0)         ; 0           ; 0    ; 0            ; 0       ; 0         ; 0    ; 0            ; 2 (1)        ; 0 (0)             ; 0 (0)            ; |MIPS|Datapath:inst|AU1:inst24|Adder16:inst|Adder4:inst1|FA:inst19                             ; work         ;
;                   |HA:inst1|            ; 1 (1)       ; 0 (0)                     ; 0 (0)         ; 0           ; 0    ; 0            ; 0       ; 0         ; 0    ; 0            ; 1 (1)        ; 0 (0)             ; 0 (0)            ; |MIPS|Datapath:inst|AU1:inst24|Adder16:inst|Adder4:inst1|FA:inst19|HA:inst1                    ; work         ;
;                |FA:inst|                ; 2 (1)       ; 0 (0)                     ; 0 (0)         ; 0           ; 0    ; 0            ; 0       ; 0         ; 0    ; 0            ; 2 (1)        ; 0 (0)             ; 0 (0)            ; |MIPS|Datapath:inst|AU1:inst24|Adder16:inst|Adder4:inst1|FA:inst                               ; work         ;
;                   |HA:inst1|            ; 1 (1)       ; 0 (0)                     ; 0 (0)         ; 0           ; 0    ; 0            ; 0       ; 0         ; 0    ; 0            ; 1 (1)        ; 0 (0)             ; 0 (0)            ; |MIPS|Datapath:inst|AU1:inst24|Adder16:inst|Adder4:inst1|FA:inst|HA:inst1                      ; work         ;
;             |Adder4:inst2|              ; 8 (0)       ; 0 (0)                     ; 0 (0)         ; 0           ; 0    ; 0            ; 0       ; 0         ; 0    ; 0            ; 8 (0)        ; 0 (0)             ; 0 (0)            ; |MIPS|Datapath:inst|AU1:inst24|Adder16:inst|Adder4:inst2                                       ; work         ;
;                |FA:inst17|              ; 2 (1)       ; 0 (0)                     ; 0 (0)         ; 0           ; 0    ; 0            ; 0       ; 0         ; 0    ; 0            ; 2 (1)        ; 0 (0)             ; 0 (0)            ; |MIPS|Datapath:inst|AU1:inst24|Adder16:inst|Adder4:inst2|FA:inst17                             ; work         ;
;                   |HA:inst1|            ; 1 (1)       ; 0 (0)                     ; 0 (0)         ; 0           ; 0    ; 0            ; 0       ; 0         ; 0    ; 0            ; 1 (1)        ; 0 (0)             ; 0 (0)            ; |MIPS|Datapath:inst|AU1:inst24|Adder16:inst|Adder4:inst2|FA:inst17|HA:inst1                    ; work         ;
;                |FA:inst18|              ; 2 (1)       ; 0 (0)                     ; 0 (0)         ; 0           ; 0    ; 0            ; 0       ; 0         ; 0    ; 0            ; 2 (1)        ; 0 (0)             ; 0 (0)            ; |MIPS|Datapath:inst|AU1:inst24|Adder16:inst|Adder4:inst2|FA:inst18                             ; work         ;
;                   |HA:inst1|            ; 1 (1)       ; 0 (0)                     ; 0 (0)         ; 0           ; 0    ; 0            ; 0       ; 0         ; 0    ; 0            ; 1 (1)        ; 0 (0)             ; 0 (0)            ; |MIPS|Datapath:inst|AU1:inst24|Adder16:inst|Adder4:inst2|FA:inst18|HA:inst1                    ; work         ;
;                |FA:inst19|              ; 2 (1)       ; 0 (0)                     ; 0 (0)         ; 0           ; 0    ; 0            ; 0       ; 0         ; 0    ; 0            ; 2 (1)        ; 0 (0)             ; 0 (0)            ; |MIPS|Datapath:inst|AU1:inst24|Adder16:inst|Adder4:inst2|FA:inst19                             ; work         ;
;                   |HA:inst1|            ; 1 (1)       ; 0 (0)                     ; 0 (0)         ; 0           ; 0    ; 0            ; 0       ; 0         ; 0    ; 0            ; 1 (1)        ; 0 (0)             ; 0 (0)            ; |MIPS|Datapath:inst|AU1:inst24|Adder16:inst|Adder4:inst2|FA:inst19|HA:inst1                    ; work         ;
;                |FA:inst|                ; 2 (1)       ; 0 (0)                     ; 0 (0)         ; 0           ; 0    ; 0            ; 0       ; 0         ; 0    ; 0            ; 2 (1)        ; 0 (0)             ; 0 (0)            ; |MIPS|Datapath:inst|AU1:inst24|Adder16:inst|Adder4:inst2|FA:inst                               ; work         ;
;                   |HA:inst1|            ; 1 (1)       ; 0 (0)                     ; 0 (0)         ; 0           ; 0    ; 0            ; 0       ; 0         ; 0    ; 0            ; 1 (1)        ; 0 (0)             ; 0 (0)            ; |MIPS|Datapath:inst|AU1:inst24|Adder16:inst|Adder4:inst2|FA:inst|HA:inst1                      ; work         ;
;             |Adder4:inst3|              ; 7 (0)       ; 0 (0)                     ; 0 (0)         ; 0           ; 0    ; 0            ; 0       ; 0         ; 0    ; 0            ; 7 (0)        ; 0 (0)             ; 0 (0)            ; |MIPS|Datapath:inst|AU1:inst24|Adder16:inst|Adder4:inst3                                       ; work         ;
;                |FA:inst17|              ; 2 (1)       ; 0 (0)                     ; 0 (0)         ; 0           ; 0    ; 0            ; 0       ; 0         ; 0    ; 0            ; 2 (1)        ; 0 (0)             ; 0 (0)            ; |MIPS|Datapath:inst|AU1:inst24|Adder16:inst|Adder4:inst3|FA:inst17                             ; work         ;
;                   |HA:inst1|            ; 1 (1)       ; 0 (0)                     ; 0 (0)         ; 0           ; 0    ; 0            ; 0       ; 0         ; 0    ; 0            ; 1 (1)        ; 0 (0)             ; 0 (0)            ; |MIPS|Datapath:inst|AU1:inst24|Adder16:inst|Adder4:inst3|FA:inst17|HA:inst1                    ; work         ;
;                |FA:inst18|              ; 2 (1)       ; 0 (0)                     ; 0 (0)         ; 0           ; 0    ; 0            ; 0       ; 0         ; 0    ; 0            ; 2 (1)        ; 0 (0)             ; 0 (0)            ; |MIPS|Datapath:inst|AU1:inst24|Adder16:inst|Adder4:inst3|FA:inst18                             ; work         ;
;                   |HA:inst1|            ; 1 (1)       ; 0 (0)                     ; 0 (0)         ; 0           ; 0    ; 0            ; 0       ; 0         ; 0    ; 0            ; 1 (1)        ; 0 (0)             ; 0 (0)            ; |MIPS|Datapath:inst|AU1:inst24|Adder16:inst|Adder4:inst3|FA:inst18|HA:inst1                    ; work         ;
;                |FA:inst19|              ; 1 (0)       ; 0 (0)                     ; 0 (0)         ; 0           ; 0    ; 0            ; 0       ; 0         ; 0    ; 0            ; 1 (0)        ; 0 (0)             ; 0 (0)            ; |MIPS|Datapath:inst|AU1:inst24|Adder16:inst|Adder4:inst3|FA:inst19                             ; work         ;
;                   |HA:inst1|            ; 1 (1)       ; 0 (0)                     ; 0 (0)         ; 0           ; 0    ; 0            ; 0       ; 0         ; 0    ; 0            ; 1 (1)        ; 0 (0)             ; 0 (0)            ; |MIPS|Datapath:inst|AU1:inst24|Adder16:inst|Adder4:inst3|FA:inst19|HA:inst1                    ; work         ;
;                |FA:inst|                ; 2 (1)       ; 0 (0)                     ; 0 (0)         ; 0           ; 0    ; 0            ; 0       ; 0         ; 0    ; 0            ; 2 (1)        ; 0 (0)             ; 0 (0)            ; |MIPS|Datapath:inst|AU1:inst24|Adder16:inst|Adder4:inst3|FA:inst                               ; work         ;
;                   |HA:inst1|            ; 1 (1)       ; 0 (0)                     ; 0 (0)         ; 0           ; 0    ; 0            ; 0       ; 0         ; 0    ; 0            ; 1 (1)        ; 0 (0)             ; 0 (0)            ; |MIPS|Datapath:inst|AU1:inst24|Adder16:inst|Adder4:inst3|FA:inst|HA:inst1                      ; work         ;
;             |Adder4:inst|               ; 6 (0)       ; 0 (0)                     ; 0 (0)         ; 0           ; 0    ; 0            ; 0       ; 0         ; 0    ; 0            ; 6 (0)        ; 0 (0)             ; 0 (0)            ; |MIPS|Datapath:inst|AU1:inst24|Adder16:inst|Adder4:inst                                        ; work         ;
;                |FA:inst17|              ; 1 (1)       ; 0 (0)                     ; 0 (0)         ; 0           ; 0    ; 0            ; 0       ; 0         ; 0    ; 0            ; 1 (1)        ; 0 (0)             ; 0 (0)            ; |MIPS|Datapath:inst|AU1:inst24|Adder16:inst|Adder4:inst|FA:inst17                              ; work         ;
;                |FA:inst18|              ; 2 (1)       ; 0 (0)                     ; 0 (0)         ; 0           ; 0    ; 0            ; 0       ; 0         ; 0    ; 0            ; 2 (1)        ; 0 (0)             ; 0 (0)            ; |MIPS|Datapath:inst|AU1:inst24|Adder16:inst|Adder4:inst|FA:inst18                              ; work         ;
;                   |HA:inst1|            ; 1 (1)       ; 0 (0)                     ; 0 (0)         ; 0           ; 0    ; 0            ; 0       ; 0         ; 0    ; 0            ; 1 (1)        ; 0 (0)             ; 0 (0)            ; |MIPS|Datapath:inst|AU1:inst24|Adder16:inst|Adder4:inst|FA:inst18|HA:inst1                     ; work         ;
;                |FA:inst19|              ; 2 (1)       ; 0 (0)                     ; 0 (0)         ; 0           ; 0    ; 0            ; 0       ; 0         ; 0    ; 0            ; 2 (1)        ; 0 (0)             ; 0 (0)            ; |MIPS|Datapath:inst|AU1:inst24|Adder16:inst|Adder4:inst|FA:inst19                              ; work         ;
;                   |HA:inst1|            ; 1 (1)       ; 0 (0)                     ; 0 (0)         ; 0           ; 0    ; 0            ; 0       ; 0         ; 0    ; 0            ; 1 (1)        ; 0 (0)             ; 0 (0)            ; |MIPS|Datapath:inst|AU1:inst24|Adder16:inst|Adder4:inst|FA:inst19|HA:inst1                     ; work         ;
;                |FA:inst|                ; 1 (1)       ; 0 (0)                     ; 0 (0)         ; 0           ; 0    ; 0            ; 0       ; 0         ; 0    ; 0            ; 1 (1)        ; 0 (0)             ; 0 (0)            ; |MIPS|Datapath:inst|AU1:inst24|Adder16:inst|Adder4:inst|FA:inst                                ; work         ;
;          |Zero_check:inst10|            ; 6 (6)       ; 0 (0)                     ; 0 (0)         ; 0           ; 0    ; 0            ; 0       ; 0         ; 0    ; 0            ; 6 (6)        ; 0 (0)             ; 0 (0)            ; |MIPS|Datapath:inst|AU1:inst24|Zero_check:inst10                                               ; work         ;
;          |lpm_mux0:inst9|               ; 50 (0)      ; 0 (0)                     ; 0 (0)         ; 0           ; 0    ; 0            ; 0       ; 0         ; 0    ; 0            ; 49 (0)       ; 0 (0)             ; 1 (0)            ; |MIPS|Datapath:inst|AU1:inst24|lpm_mux0:inst9                                                  ; work         ;
;             |lpm_mux:LPM_MUX_component| ; 50 (0)      ; 0 (0)                     ; 0 (0)         ; 0           ; 0    ; 0            ; 0       ; 0         ; 0    ; 0            ; 49 (0)       ; 0 (0)             ; 1 (0)            ; |MIPS|Datapath:inst|AU1:inst24|lpm_mux0:inst9|lpm_mux:LPM_MUX_component                        ; work         ;
;                |mux_u4e:auto_generated| ; 50 (50)     ; 0 (0)                     ; 0 (0)         ; 0           ; 0    ; 0            ; 0       ; 0         ; 0    ; 0            ; 49 (49)      ; 0 (0)             ; 1 (1)            ; |MIPS|Datapath:inst|AU1:inst24|lpm_mux0:inst9|lpm_mux:LPM_MUX_component|mux_u4e:auto_generated ; work         ;
;          |shifter_16bit:inst5|          ; 73 (73)     ; 0 (0)                     ; 0 (0)         ; 0           ; 0    ; 0            ; 0       ; 0         ; 0    ; 0            ; 73 (73)      ; 0 (0)             ; 0 (0)            ; |MIPS|Datapath:inst|AU1:inst24|shifter_16bit:inst5                                             ; work         ;
;       |Adder16a0:inst20|                ; 13 (0)      ; 0 (0)                     ; 0 (0)         ; 0           ; 0    ; 0            ; 0       ; 0         ; 0    ; 0            ; 13 (0)       ; 0 (0)             ; 0 (0)            ; |MIPS|Datapath:inst|Adder16a0:inst20                                                           ; work         ;
;          |Adder16:inst|                 ; 13 (0)      ; 0 (0)                     ; 0 (0)         ; 0           ; 0    ; 0            ; 0       ; 0         ; 0    ; 0            ; 13 (0)       ; 0 (0)             ; 0 (0)            ; |MIPS|Datapath:inst|Adder16a0:inst20|Adder16:inst                                              ; work         ;
;             |Adder4:inst1|              ; 4 (0)       ; 0 (0)                     ; 0 (0)         ; 0           ; 0    ; 0            ; 0       ; 0         ; 0    ; 0            ; 4 (0)        ; 0 (0)             ; 0 (0)            ; |MIPS|Datapath:inst|Adder16a0:inst20|Adder16:inst|Adder4:inst1                                 ; work         ;
;                |FA:inst17|              ; 1 (1)       ; 0 (0)                     ; 0 (0)         ; 0           ; 0    ; 0            ; 0       ; 0         ; 0    ; 0            ; 1 (1)        ; 0 (0)             ; 0 (0)            ; |MIPS|Datapath:inst|Adder16a0:inst20|Adder16:inst|Adder4:inst1|FA:inst17                       ; work         ;
;                |FA:inst18|              ; 1 (1)       ; 0 (0)                     ; 0 (0)         ; 0           ; 0    ; 0            ; 0       ; 0         ; 0    ; 0            ; 1 (1)        ; 0 (0)             ; 0 (0)            ; |MIPS|Datapath:inst|Adder16a0:inst20|Adder16:inst|Adder4:inst1|FA:inst18                       ; work         ;
;                |FA:inst19|              ; 1 (1)       ; 0 (0)                     ; 0 (0)         ; 0           ; 0    ; 0            ; 0       ; 0         ; 0    ; 0            ; 1 (1)        ; 0 (0)             ; 0 (0)            ; |MIPS|Datapath:inst|Adder16a0:inst20|Adder16:inst|Adder4:inst1|FA:inst19                       ; work         ;
;                |FA:inst|                ; 1 (1)       ; 0 (0)                     ; 0 (0)         ; 0           ; 0    ; 0            ; 0       ; 0         ; 0    ; 0            ; 1 (1)        ; 0 (0)             ; 0 (0)            ; |MIPS|Datapath:inst|Adder16a0:inst20|Adder16:inst|Adder4:inst1|FA:inst                         ; work         ;
;             |Adder4:inst2|              ; 4 (0)       ; 0 (0)                     ; 0 (0)         ; 0           ; 0    ; 0            ; 0       ; 0         ; 0    ; 0            ; 4 (0)        ; 0 (0)             ; 0 (0)            ; |MIPS|Datapath:inst|Adder16a0:inst20|Adder16:inst|Adder4:inst2                                 ; work         ;
;                |FA:inst17|              ; 1 (1)       ; 0 (0)                     ; 0 (0)         ; 0           ; 0    ; 0            ; 0       ; 0         ; 0    ; 0            ; 1 (1)        ; 0 (0)             ; 0 (0)            ; |MIPS|Datapath:inst|Adder16a0:inst20|Adder16:inst|Adder4:inst2|FA:inst17                       ; work         ;
;                |FA:inst18|              ; 1 (1)       ; 0 (0)                     ; 0 (0)         ; 0           ; 0    ; 0            ; 0       ; 0         ; 0    ; 0            ; 1 (1)        ; 0 (0)             ; 0 (0)            ; |MIPS|Datapath:inst|Adder16a0:inst20|Adder16:inst|Adder4:inst2|FA:inst18                       ; work         ;
;                |FA:inst19|              ; 1 (1)       ; 0 (0)                     ; 0 (0)         ; 0           ; 0    ; 0            ; 0       ; 0         ; 0    ; 0            ; 1 (1)        ; 0 (0)             ; 0 (0)            ; |MIPS|Datapath:inst|Adder16a0:inst20|Adder16:inst|Adder4:inst2|FA:inst19                       ; work         ;
;                |FA:inst|                ; 1 (1)       ; 0 (0)                     ; 0 (0)         ; 0           ; 0    ; 0            ; 0       ; 0         ; 0    ; 0            ; 1 (1)        ; 0 (0)             ; 0 (0)            ; |MIPS|Datapath:inst|Adder16a0:inst20|Adder16:inst|Adder4:inst2|FA:inst                         ; work         ;
;             |Adder4:inst3|              ; 3 (0)       ; 0 (0)                     ; 0 (0)         ; 0           ; 0    ; 0            ; 0       ; 0         ; 0    ; 0            ; 3 (0)        ; 0 (0)             ; 0 (0)            ; |MIPS|Datapath:inst|Adder16a0:inst20|Adder16:inst|Adder4:inst3                                 ; work         ;
;                |FA:inst17|              ; 1 (1)       ; 0 (0)                     ; 0 (0)         ; 0           ; 0    ; 0            ; 0       ; 0         ; 0    ; 0            ; 1 (1)        ; 0 (0)             ; 0 (0)            ; |MIPS|Datapath:inst|Adder16a0:inst20|Adder16:inst|Adder4:inst3|FA:inst17                       ; work         ;
;                |FA:inst18|              ; 1 (1)       ; 0 (0)                     ; 0 (0)         ; 0           ; 0    ; 0            ; 0       ; 0         ; 0    ; 0            ; 1 (1)        ; 0 (0)             ; 0 (0)            ; |MIPS|Datapath:inst|Adder16a0:inst20|Adder16:inst|Adder4:inst3|FA:inst18                       ; work         ;
;                |FA:inst|                ; 1 (1)       ; 0 (0)                     ; 0 (0)         ; 0           ; 0    ; 0            ; 0       ; 0         ; 0    ; 0            ; 1 (1)        ; 0 (0)             ; 0 (0)            ; |MIPS|Datapath:inst|Adder16a0:inst20|Adder16:inst|Adder4:inst3|FA:inst                         ; work         ;
;             |Adder4:inst|               ; 2 (0)       ; 0 (0)                     ; 0 (0)         ; 0           ; 0    ; 0            ; 0       ; 0         ; 0    ; 0            ; 2 (0)        ; 0 (0)             ; 0 (0)            ; |MIPS|Datapath:inst|Adder16a0:inst20|Adder16:inst|Adder4:inst                                  ; work         ;
;                |FA:inst19|              ; 2 (1)       ; 0 (0)                     ; 0 (0)         ; 0           ; 0    ; 0            ; 0       ; 0         ; 0    ; 0            ; 2 (1)        ; 0 (0)             ; 0 (0)            ; |MIPS|Datapath:inst|Adder16a0:inst20|Adder16:inst|Adder4:inst|FA:inst19                        ; work         ;
;                   |HA:inst1|            ; 1 (1)       ; 0 (0)                     ; 0 (0)         ; 0           ; 0    ; 0            ; 0       ; 0         ; 0    ; 0            ; 1 (1)        ; 0 (0)             ; 0 (0)            ; |MIPS|Datapath:inst|Adder16a0:inst20|Adder16:inst|Adder4:inst|FA:inst19|HA:inst1               ; work         ;
;       |Adder16a0:inst9|                 ; 23 (0)      ; 0 (0)                     ; 0 (0)         ; 0           ; 0    ; 0            ; 0       ; 0         ; 0    ; 0            ; 21 (0)       ; 0 (0)             ; 2 (0)            ; |MIPS|Datapath:inst|Adder16a0:inst9                                                            ; work         ;
;          |Adder16:inst|                 ; 23 (0)      ; 0 (0)                     ; 0 (0)         ; 0           ; 0    ; 0            ; 0       ; 0         ; 0    ; 0            ; 21 (0)       ; 0 (0)             ; 2 (0)            ; |MIPS|Datapath:inst|Adder16a0:inst9|Adder16:inst                                               ; work         ;
;             |Adder4:inst1|              ; 8 (0)       ; 0 (0)                     ; 0 (0)         ; 0           ; 0    ; 0            ; 0       ; 0         ; 0    ; 0            ; 6 (0)        ; 0 (0)             ; 2 (0)            ; |MIPS|Datapath:inst|Adder16a0:inst9|Adder16:inst|Adder4:inst1                                  ; work         ;
;                |FA:inst17|              ; 2 (0)       ; 0 (0)                     ; 0 (0)         ; 0           ; 0    ; 0            ; 0       ; 0         ; 0    ; 0            ; 2 (0)        ; 0 (0)             ; 0 (0)            ; |MIPS|Datapath:inst|Adder16a0:inst9|Adder16:inst|Adder4:inst1|FA:inst17                        ; work         ;
;                   |HA:inst1|            ; 2 (2)       ; 0 (0)                     ; 0 (0)         ; 0           ; 0    ; 0            ; 0       ; 0         ; 0    ; 0            ; 2 (2)        ; 0 (0)             ; 0 (0)            ; |MIPS|Datapath:inst|Adder16a0:inst9|Adder16:inst|Adder4:inst1|FA:inst17|HA:inst1               ; work         ;
;                |FA:inst18|              ; 2 (0)       ; 0 (0)                     ; 0 (0)         ; 0           ; 0    ; 0            ; 0       ; 0         ; 0    ; 0            ; 2 (0)        ; 0 (0)             ; 0 (0)            ; |MIPS|Datapath:inst|Adder16a0:inst9|Adder16:inst|Adder4:inst1|FA:inst18                        ; work         ;
;                   |HA:inst1|            ; 2 (2)       ; 0 (0)                     ; 0 (0)         ; 0           ; 0    ; 0            ; 0       ; 0         ; 0    ; 0            ; 2 (2)        ; 0 (0)             ; 0 (0)            ; |MIPS|Datapath:inst|Adder16a0:inst9|Adder16:inst|Adder4:inst1|FA:inst18|HA:inst1               ; work         ;
;                |FA:inst19|              ; 2 (0)       ; 0 (0)                     ; 0 (0)         ; 0           ; 0    ; 0            ; 0       ; 0         ; 0    ; 0            ; 2 (0)        ; 0 (0)             ; 0 (0)            ; |MIPS|Datapath:inst|Adder16a0:inst9|Adder16:inst|Adder4:inst1|FA:inst19                        ; work         ;
;                   |HA:inst1|            ; 2 (2)       ; 0 (0)                     ; 0 (0)         ; 0           ; 0    ; 0            ; 0       ; 0         ; 0    ; 0            ; 2 (2)        ; 0 (0)             ; 0 (0)            ; |MIPS|Datapath:inst|Adder16a0:inst9|Adder16:inst|Adder4:inst1|FA:inst19|HA:inst1               ; work         ;
;                |FA:inst|                ; 2 (0)       ; 0 (0)                     ; 0 (0)         ; 0           ; 0    ; 0            ; 0       ; 0         ; 0    ; 0            ; 0 (0)        ; 0 (0)             ; 2 (0)            ; |MIPS|Datapath:inst|Adder16a0:inst9|Adder16:inst|Adder4:inst1|FA:inst                          ; work         ;
;                   |HA:inst1|            ; 2 (2)       ; 0 (0)                     ; 0 (0)         ; 0           ; 0    ; 0            ; 0       ; 0         ; 0    ; 0            ; 0 (0)        ; 0 (0)             ; 2 (2)            ; |MIPS|Datapath:inst|Adder16a0:inst9|Adder16:inst|Adder4:inst1|FA:inst|HA:inst1                 ; work         ;
;             |Adder4:inst2|              ; 8 (0)       ; 0 (0)                     ; 0 (0)         ; 0           ; 0    ; 0            ; 0       ; 0         ; 0    ; 0            ; 8 (0)        ; 0 (0)             ; 0 (0)            ; |MIPS|Datapath:inst|Adder16a0:inst9|Adder16:inst|Adder4:inst2                                  ; work         ;
;                |FA:inst17|              ; 2 (0)       ; 0 (0)                     ; 0 (0)         ; 0           ; 0    ; 0            ; 0       ; 0         ; 0    ; 0            ; 2 (0)        ; 0 (0)             ; 0 (0)            ; |MIPS|Datapath:inst|Adder16a0:inst9|Adder16:inst|Adder4:inst2|FA:inst17                        ; work         ;
;                   |HA:inst1|            ; 2 (2)       ; 0 (0)                     ; 0 (0)         ; 0           ; 0    ; 0            ; 0       ; 0         ; 0    ; 0            ; 2 (2)        ; 0 (0)             ; 0 (0)            ; |MIPS|Datapath:inst|Adder16a0:inst9|Adder16:inst|Adder4:inst2|FA:inst17|HA:inst1               ; work         ;
;                |FA:inst18|              ; 2 (0)       ; 0 (0)                     ; 0 (0)         ; 0           ; 0    ; 0            ; 0       ; 0         ; 0    ; 0            ; 2 (0)        ; 0 (0)             ; 0 (0)            ; |MIPS|Datapath:inst|Adder16a0:inst9|Adder16:inst|Adder4:inst2|FA:inst18                        ; work         ;
;                   |HA:inst1|            ; 2 (2)       ; 0 (0)                     ; 0 (0)         ; 0           ; 0    ; 0            ; 0       ; 0         ; 0    ; 0            ; 2 (2)        ; 0 (0)             ; 0 (0)            ; |MIPS|Datapath:inst|Adder16a0:inst9|Adder16:inst|Adder4:inst2|FA:inst18|HA:inst1               ; work         ;
;                |FA:inst19|              ; 2 (0)       ; 0 (0)                     ; 0 (0)         ; 0           ; 0    ; 0            ; 0       ; 0         ; 0    ; 0            ; 2 (0)        ; 0 (0)             ; 0 (0)            ; |MIPS|Datapath:inst|Adder16a0:inst9|Adder16:inst|Adder4:inst2|FA:inst19                        ; work         ;
;                   |HA:inst1|            ; 2 (2)       ; 0 (0)                     ; 0 (0)         ; 0           ; 0    ; 0            ; 0       ; 0         ; 0    ; 0            ; 2 (2)        ; 0 (0)             ; 0 (0)            ; |MIPS|Datapath:inst|Adder16a0:inst9|Adder16:inst|Adder4:inst2|FA:inst19|HA:inst1               ; work         ;
;                |FA:inst|                ; 2 (0)       ; 0 (0)                     ; 0 (0)         ; 0           ; 0    ; 0            ; 0       ; 0         ; 0    ; 0            ; 2 (0)        ; 0 (0)             ; 0 (0)            ; |MIPS|Datapath:inst|Adder16a0:inst9|Adder16:inst|Adder4:inst2|FA:inst                          ; work         ;
;                   |HA:inst1|            ; 2 (2)       ; 0 (0)                     ; 0 (0)         ; 0           ; 0    ; 0            ; 0       ; 0         ; 0    ; 0            ; 2 (2)        ; 0 (0)             ; 0 (0)            ; |MIPS|Datapath:inst|Adder16a0:inst9|Adder16:inst|Adder4:inst2|FA:inst|HA:inst1                 ; work         ;
;             |Adder4:inst3|              ; 6 (0)       ; 0 (0)                     ; 0 (0)         ; 0           ; 0    ; 0            ; 0       ; 0         ; 0    ; 0            ; 6 (0)        ; 0 (0)             ; 0 (0)            ; |MIPS|Datapath:inst|Adder16a0:inst9|Adder16:inst|Adder4:inst3                                  ; work         ;
;                |FA:inst17|              ; 2 (0)       ; 0 (0)                     ; 0 (0)         ; 0           ; 0    ; 0            ; 0       ; 0         ; 0    ; 0            ; 2 (0)        ; 0 (0)             ; 0 (0)            ; |MIPS|Datapath:inst|Adder16a0:inst9|Adder16:inst|Adder4:inst3|FA:inst17                        ; work         ;
;                   |HA:inst1|            ; 2 (2)       ; 0 (0)                     ; 0 (0)         ; 0           ; 0    ; 0            ; 0       ; 0         ; 0    ; 0            ; 2 (2)        ; 0 (0)             ; 0 (0)            ; |MIPS|Datapath:inst|Adder16a0:inst9|Adder16:inst|Adder4:inst3|FA:inst17|HA:inst1               ; work         ;
;                |FA:inst18|              ; 1 (0)       ; 0 (0)                     ; 0 (0)         ; 0           ; 0    ; 0            ; 0       ; 0         ; 0    ; 0            ; 1 (0)        ; 0 (0)             ; 0 (0)            ; |MIPS|Datapath:inst|Adder16a0:inst9|Adder16:inst|Adder4:inst3|FA:inst18                        ; work         ;
;                   |HA:inst1|            ; 1 (1)       ; 0 (0)                     ; 0 (0)         ; 0           ; 0    ; 0            ; 0       ; 0         ; 0    ; 0            ; 1 (1)        ; 0 (0)             ; 0 (0)            ; |MIPS|Datapath:inst|Adder16a0:inst9|Adder16:inst|Adder4:inst3|FA:inst18|HA:inst1               ; work         ;
;                |FA:inst19|              ; 1 (0)       ; 0 (0)                     ; 0 (0)         ; 0           ; 0    ; 0            ; 0       ; 0         ; 0    ; 0            ; 1 (0)        ; 0 (0)             ; 0 (0)            ; |MIPS|Datapath:inst|Adder16a0:inst9|Adder16:inst|Adder4:inst3|FA:inst19                        ; work         ;
;                   |HA:inst1|            ; 1 (1)       ; 0 (0)                     ; 0 (0)         ; 0           ; 0    ; 0            ; 0       ; 0         ; 0    ; 0            ; 1 (1)        ; 0 (0)             ; 0 (0)            ; |MIPS|Datapath:inst|Adder16a0:inst9|Adder16:inst|Adder4:inst3|FA:inst19|HA:inst1               ; work         ;
;                |FA:inst|                ; 2 (0)       ; 0 (0)                     ; 0 (0)         ; 0           ; 0    ; 0            ; 0       ; 0         ; 0    ; 0            ; 2 (0)        ; 0 (0)             ; 0 (0)            ; |MIPS|Datapath:inst|Adder16a0:inst9|Adder16:inst|Adder4:inst3|FA:inst                          ; work         ;
;                   |HA:inst1|            ; 2 (2)       ; 0 (0)                     ; 0 (0)         ; 0           ; 0    ; 0            ; 0       ; 0         ; 0    ; 0            ; 2 (2)        ; 0 (0)             ; 0 (0)            ; |MIPS|Datapath:inst|Adder16a0:inst9|Adder16:inst|Adder4:inst3|FA:inst|HA:inst1                 ; work         ;
;             |Adder4:inst|               ; 1 (0)       ; 0 (0)                     ; 0 (0)         ; 0           ; 0    ; 0            ; 0       ; 0         ; 0    ; 0            ; 1 (0)        ; 0 (0)             ; 0 (0)            ; |MIPS|Datapath:inst|Adder16a0:inst9|Adder16:inst|Adder4:inst                                   ; work         ;
;                |FA:inst19|              ; 1 (0)       ; 0 (0)                     ; 0 (0)         ; 0           ; 0    ; 0            ; 0       ; 0         ; 0    ; 0            ; 1 (0)        ; 0 (0)             ; 0 (0)            ; |MIPS|Datapath:inst|Adder16a0:inst9|Adder16:inst|Adder4:inst|FA:inst19                         ; work         ;
;                   |HA:inst1|            ; 1 (1)       ; 0 (0)                     ; 0 (0)         ; 0           ; 0    ; 0            ; 0       ; 0         ; 0    ; 0            ; 1 (1)        ; 0 (0)             ; 0 (0)            ; |MIPS|Datapath:inst|Adder16a0:inst9|Adder16:inst|Adder4:inst|FA:inst19|HA:inst1                ; work         ;
;       |IMEM:inst7|                      ; 33 (33)     ; 0 (0)                     ; 0 (0)         ; 0           ; 0    ; 0            ; 0       ; 0         ; 0    ; 0            ; 32 (32)      ; 0 (0)             ; 1 (1)            ; |MIPS|Datapath:inst|IMEM:inst7                                                                 ; work         ;
;       |Register16:PCReg|                ; 14 (0)      ; 14 (0)                    ; 0 (0)         ; 0           ; 0    ; 0            ; 0       ; 0         ; 0    ; 0            ; 0 (0)        ; 0 (0)             ; 14 (0)           ; |MIPS|Datapath:inst|Register16:PCReg                                                           ; work         ;
;          |Register4:inst1|              ; 4 (4)       ; 4 (4)                     ; 0 (0)         ; 0           ; 0    ; 0            ; 0       ; 0         ; 0    ; 0            ; 0 (0)        ; 0 (0)             ; 4 (4)            ; |MIPS|Datapath:inst|Register16:PCReg|Register4:inst1                                           ; work         ;
;          |Register4:inst2|              ; 4 (4)       ; 4 (4)                     ; 0 (0)         ; 0           ; 0    ; 0            ; 0       ; 0         ; 0    ; 0            ; 0 (0)        ; 0 (0)             ; 4 (4)            ; |MIPS|Datapath:inst|Register16:PCReg|Register4:inst2                                           ; work         ;
;          |Register4:inst3|              ; 4 (4)       ; 4 (4)                     ; 0 (0)         ; 0           ; 0    ; 0            ; 0       ; 0         ; 0    ; 0            ; 0 (0)        ; 0 (0)             ; 4 (4)            ; |MIPS|Datapath:inst|Register16:PCReg|Register4:inst3                                           ; work         ;
;          |Register4:inst|               ; 2 (2)       ; 2 (2)                     ; 0 (0)         ; 0           ; 0    ; 0            ; 0       ; 0         ; 0    ; 0            ; 0 (0)        ; 0 (0)             ; 2 (2)            ; |MIPS|Datapath:inst|Register16:PCReg|Register4:inst                                            ; work         ;
;       |Register:inst|                   ; 229 (0)     ; 112 (0)                   ; 0 (0)         ; 0           ; 0    ; 0            ; 0       ; 0         ; 0    ; 0            ; 117 (0)      ; 44 (0)            ; 68 (0)           ; |MIPS|Datapath:inst|Register:inst                                                              ; work         ;
;          |38decoder:inst10|             ; 6 (6)       ; 0 (0)                     ; 0 (0)         ; 0           ; 0    ; 0            ; 0       ; 0         ; 0    ; 0            ; 5 (5)        ; 0 (0)             ; 1 (1)            ; |MIPS|Datapath:inst|Register:inst|38decoder:inst10                                             ; work         ;
;          |38decoder:inst11|             ; 13 (13)     ; 0 (0)                     ; 0 (0)         ; 0           ; 0    ; 0            ; 0       ; 0         ; 0    ; 0            ; 13 (13)      ; 0 (0)             ; 0 (0)            ; |MIPS|Datapath:inst|Register:inst|38decoder:inst11                                             ; work         ;
;          |38decoder:inst9|              ; 7 (7)       ; 0 (0)                     ; 0 (0)         ; 0           ; 0    ; 0            ; 0       ; 0         ; 0    ; 0            ; 7 (7)        ; 0 (0)             ; 0 (0)            ; |MIPS|Datapath:inst|Register:inst|38decoder:inst9                                              ; work         ;
;          |RF16bit:R0|                   ; 146 (0)     ; 0 (0)                     ; 0 (0)         ; 0           ; 0    ; 0            ; 0       ; 0         ; 0    ; 0            ; 92 (0)       ; 0 (0)             ; 54 (0)           ; |MIPS|Datapath:inst|Register:inst|RF16bit:R0                                                   ; work         ;
;             |RF8bit:inst1|              ; 74 (0)      ; 0 (0)                     ; 0 (0)         ; 0           ; 0    ; 0            ; 0       ; 0         ; 0    ; 0            ; 42 (0)       ; 0 (0)             ; 32 (0)           ; |MIPS|Datapath:inst|Register:inst|RF16bit:R0|RF8bit:inst1                                      ; work         ;
;                |RFC:inst1|              ; 9 (9)       ; 0 (0)                     ; 0 (0)         ; 0           ; 0    ; 0            ; 0       ; 0         ; 0    ; 0            ; 5 (5)        ; 0 (0)             ; 4 (4)            ; |MIPS|Datapath:inst|Register:inst|RF16bit:R0|RF8bit:inst1|RFC:inst1                            ; work         ;
;                |RFC:inst2|              ; 9 (9)       ; 0 (0)                     ; 0 (0)         ; 0           ; 0    ; 0            ; 0       ; 0         ; 0    ; 0            ; 5 (5)        ; 0 (0)             ; 4 (4)            ; |MIPS|Datapath:inst|Register:inst|RF16bit:R0|RF8bit:inst1|RFC:inst2                            ; work         ;
;                |RFC:inst3|              ; 9 (9)       ; 0 (0)                     ; 0 (0)         ; 0           ; 0    ; 0            ; 0       ; 0         ; 0    ; 0            ; 4 (4)        ; 0 (0)             ; 5 (5)            ; |MIPS|Datapath:inst|Register:inst|RF16bit:R0|RF8bit:inst1|RFC:inst3                            ; work         ;
;                |RFC:inst4|              ; 9 (9)       ; 0 (0)                     ; 0 (0)         ; 0           ; 0    ; 0            ; 0       ; 0         ; 0    ; 0            ; 4 (4)        ; 0 (0)             ; 5 (5)            ; |MIPS|Datapath:inst|Register:inst|RF16bit:R0|RF8bit:inst1|RFC:inst4                            ; work         ;
;                |RFC:inst5|              ; 9 (9)       ; 0 (0)                     ; 0 (0)         ; 0           ; 0    ; 0            ; 0       ; 0         ; 0    ; 0            ; 8 (8)        ; 0 (0)             ; 1 (1)            ; |MIPS|Datapath:inst|Register:inst|RF16bit:R0|RF8bit:inst1|RFC:inst5                            ; work         ;
;                |RFC:inst6|              ; 9 (9)       ; 0 (0)                     ; 0 (0)         ; 0           ; 0    ; 0            ; 0       ; 0         ; 0    ; 0            ; 3 (3)        ; 0 (0)             ; 6 (6)            ; |MIPS|Datapath:inst|Register:inst|RF16bit:R0|RF8bit:inst1|RFC:inst6                            ; work         ;
;                |RFC:inst7|              ; 9 (9)       ; 0 (0)                     ; 0 (0)         ; 0           ; 0    ; 0            ; 0       ; 0         ; 0    ; 0            ; 5 (5)        ; 0 (0)             ; 4 (4)            ; |MIPS|Datapath:inst|Register:inst|RF16bit:R0|RF8bit:inst1|RFC:inst7                            ; work         ;
;                |RFC:inst|               ; 11 (11)     ; 0 (0)                     ; 0 (0)         ; 0           ; 0    ; 0            ; 0       ; 0         ; 0    ; 0            ; 8 (8)        ; 0 (0)             ; 3 (3)            ; |MIPS|Datapath:inst|Register:inst|RF16bit:R0|RF8bit:inst1|RFC:inst                             ; work         ;
;             |RF8bit:inst|               ; 72 (0)      ; 0 (0)                     ; 0 (0)         ; 0           ; 0    ; 0            ; 0       ; 0         ; 0    ; 0            ; 50 (0)       ; 0 (0)             ; 22 (0)           ; |MIPS|Datapath:inst|Register:inst|RF16bit:R0|RF8bit:inst                                       ; work         ;
;                |RFC:inst1|              ; 9 (9)       ; 0 (0)                     ; 0 (0)         ; 0           ; 0    ; 0            ; 0       ; 0         ; 0    ; 0            ; 8 (8)        ; 0 (0)             ; 1 (1)            ; |MIPS|Datapath:inst|Register:inst|RF16bit:R0|RF8bit:inst|RFC:inst1                             ; work         ;
;                |RFC:inst2|              ; 9 (9)       ; 0 (0)                     ; 0 (0)         ; 0           ; 0    ; 0            ; 0       ; 0         ; 0    ; 0            ; 7 (7)        ; 0 (0)             ; 2 (2)            ; |MIPS|Datapath:inst|Register:inst|RF16bit:R0|RF8bit:inst|RFC:inst2                             ; work         ;
;                |RFC:inst3|              ; 9 (9)       ; 0 (0)                     ; 0 (0)         ; 0           ; 0    ; 0            ; 0       ; 0         ; 0    ; 0            ; 8 (8)        ; 0 (0)             ; 1 (1)            ; |MIPS|Datapath:inst|Register:inst|RF16bit:R0|RF8bit:inst|RFC:inst3                             ; work         ;
;                |RFC:inst4|              ; 9 (9)       ; 0 (0)                     ; 0 (0)         ; 0           ; 0    ; 0            ; 0       ; 0         ; 0    ; 0            ; 7 (7)        ; 0 (0)             ; 2 (2)            ; |MIPS|Datapath:inst|Register:inst|RF16bit:R0|RF8bit:inst|RFC:inst4                             ; work         ;
;                |RFC:inst5|              ; 9 (9)       ; 0 (0)                     ; 0 (0)         ; 0           ; 0    ; 0            ; 0       ; 0         ; 0    ; 0            ; 5 (5)        ; 0 (0)             ; 4 (4)            ; |MIPS|Datapath:inst|Register:inst|RF16bit:R0|RF8bit:inst|RFC:inst5                             ; work         ;
;                |RFC:inst6|              ; 9 (9)       ; 0 (0)                     ; 0 (0)         ; 0           ; 0    ; 0            ; 0       ; 0         ; 0    ; 0            ; 5 (5)        ; 0 (0)             ; 4 (4)            ; |MIPS|Datapath:inst|Register:inst|RF16bit:R0|RF8bit:inst|RFC:inst6                             ; work         ;
;                |RFC:inst7|              ; 9 (9)       ; 0 (0)                     ; 0 (0)         ; 0           ; 0    ; 0            ; 0       ; 0         ; 0    ; 0            ; 4 (4)        ; 0 (0)             ; 5 (5)            ; |MIPS|Datapath:inst|Register:inst|RF16bit:R0|RF8bit:inst|RFC:inst7                             ; work         ;
;                |RFC:inst|               ; 9 (9)       ; 0 (0)                     ; 0 (0)         ; 0           ; 0    ; 0            ; 0       ; 0         ; 0    ; 0            ; 6 (6)        ; 0 (0)             ; 3 (3)            ; |MIPS|Datapath:inst|Register:inst|RF16bit:R0|RF8bit:inst|RFC:inst                              ; work         ;
;          |RF16bit:R1|                   ; 16 (0)      ; 16 (0)                    ; 0 (0)         ; 0           ; 0    ; 0            ; 0       ; 0         ; 0    ; 0            ; 0 (0)        ; 1 (0)             ; 15 (0)           ; |MIPS|Datapath:inst|Register:inst|RF16bit:R1                                                   ; work         ;
;             |RF8bit:inst1|              ; 8 (0)       ; 8 (0)                     ; 0 (0)         ; 0           ; 0    ; 0            ; 0       ; 0         ; 0    ; 0            ; 0 (0)        ; 0 (0)             ; 8 (0)            ; |MIPS|Datapath:inst|Register:inst|RF16bit:R1|RF8bit:inst1                                      ; work         ;
;                |RFC:inst1|              ; 1 (1)       ; 1 (1)                     ; 0 (0)         ; 0           ; 0    ; 0            ; 0       ; 0         ; 0    ; 0            ; 0 (0)        ; 0 (0)             ; 1 (1)            ; |MIPS|Datapath:inst|Register:inst|RF16bit:R1|RF8bit:inst1|RFC:inst1                            ; work         ;
;                |RFC:inst2|              ; 1 (1)       ; 1 (1)                     ; 0 (0)         ; 0           ; 0    ; 0            ; 0       ; 0         ; 0    ; 0            ; 0 (0)        ; 0 (0)             ; 1 (1)            ; |MIPS|Datapath:inst|Register:inst|RF16bit:R1|RF8bit:inst1|RFC:inst2                            ; work         ;
;                |RFC:inst3|              ; 1 (1)       ; 1 (1)                     ; 0 (0)         ; 0           ; 0    ; 0            ; 0       ; 0         ; 0    ; 0            ; 0 (0)        ; 0 (0)             ; 1 (1)            ; |MIPS|Datapath:inst|Register:inst|RF16bit:R1|RF8bit:inst1|RFC:inst3                            ; work         ;
;                |RFC:inst4|              ; 1 (1)       ; 1 (1)                     ; 0 (0)         ; 0           ; 0    ; 0            ; 0       ; 0         ; 0    ; 0            ; 0 (0)        ; 0 (0)             ; 1 (1)            ; |MIPS|Datapath:inst|Register:inst|RF16bit:R1|RF8bit:inst1|RFC:inst4                            ; work         ;
;                |RFC:inst5|              ; 1 (1)       ; 1 (1)                     ; 0 (0)         ; 0           ; 0    ; 0            ; 0       ; 0         ; 0    ; 0            ; 0 (0)        ; 0 (0)             ; 1 (1)            ; |MIPS|Datapath:inst|Register:inst|RF16bit:R1|RF8bit:inst1|RFC:inst5                            ; work         ;
;                |RFC:inst6|              ; 1 (1)       ; 1 (1)                     ; 0 (0)         ; 0           ; 0    ; 0            ; 0       ; 0         ; 0    ; 0            ; 0 (0)        ; 0 (0)             ; 1 (1)            ; |MIPS|Datapath:inst|Register:inst|RF16bit:R1|RF8bit:inst1|RFC:inst6                            ; work         ;
;                |RFC:inst7|              ; 1 (1)       ; 1 (1)                     ; 0 (0)         ; 0           ; 0    ; 0            ; 0       ; 0         ; 0    ; 0            ; 0 (0)        ; 0 (0)             ; 1 (1)            ; |MIPS|Datapath:inst|Register:inst|RF16bit:R1|RF8bit:inst1|RFC:inst7                            ; work         ;
;                |RFC:inst|               ; 1 (1)       ; 1 (1)                     ; 0 (0)         ; 0           ; 0    ; 0            ; 0       ; 0         ; 0    ; 0            ; 0 (0)        ; 0 (0)             ; 1 (1)            ; |MIPS|Datapath:inst|Register:inst|RF16bit:R1|RF8bit:inst1|RFC:inst                             ; work         ;
;             |RF8bit:inst|               ; 8 (0)       ; 8 (0)                     ; 0 (0)         ; 0           ; 0    ; 0            ; 0       ; 0         ; 0    ; 0            ; 0 (0)        ; 1 (0)             ; 7 (0)            ; |MIPS|Datapath:inst|Register:inst|RF16bit:R1|RF8bit:inst                                       ; work         ;
;                |RFC:inst1|              ; 1 (1)       ; 1 (1)                     ; 0 (0)         ; 0           ; 0    ; 0            ; 0       ; 0         ; 0    ; 0            ; 0 (0)        ; 1 (1)             ; 0 (0)            ; |MIPS|Datapath:inst|Register:inst|RF16bit:R1|RF8bit:inst|RFC:inst1                             ; work         ;
;                |RFC:inst2|              ; 1 (1)       ; 1 (1)                     ; 0 (0)         ; 0           ; 0    ; 0            ; 0       ; 0         ; 0    ; 0            ; 0 (0)        ; 0 (0)             ; 1 (1)            ; |MIPS|Datapath:inst|Register:inst|RF16bit:R1|RF8bit:inst|RFC:inst2                             ; work         ;
;                |RFC:inst3|              ; 1 (1)       ; 1 (1)                     ; 0 (0)         ; 0           ; 0    ; 0            ; 0       ; 0         ; 0    ; 0            ; 0 (0)        ; 0 (0)             ; 1 (1)            ; |MIPS|Datapath:inst|Register:inst|RF16bit:R1|RF8bit:inst|RFC:inst3                             ; work         ;
;                |RFC:inst4|              ; 1 (1)       ; 1 (1)                     ; 0 (0)         ; 0           ; 0    ; 0            ; 0       ; 0         ; 0    ; 0            ; 0 (0)        ; 0 (0)             ; 1 (1)            ; |MIPS|Datapath:inst|Register:inst|RF16bit:R1|RF8bit:inst|RFC:inst4                             ; work         ;
;                |RFC:inst5|              ; 1 (1)       ; 1 (1)                     ; 0 (0)         ; 0           ; 0    ; 0            ; 0       ; 0         ; 0    ; 0            ; 0 (0)        ; 0 (0)             ; 1 (1)            ; |MIPS|Datapath:inst|Register:inst|RF16bit:R1|RF8bit:inst|RFC:inst5                             ; work         ;
;                |RFC:inst6|              ; 1 (1)       ; 1 (1)                     ; 0 (0)         ; 0           ; 0    ; 0            ; 0       ; 0         ; 0    ; 0            ; 0 (0)        ; 0 (0)             ; 1 (1)            ; |MIPS|Datapath:inst|Register:inst|RF16bit:R1|RF8bit:inst|RFC:inst6                             ; work         ;
;                |RFC:inst7|              ; 1 (1)       ; 1 (1)                     ; 0 (0)         ; 0           ; 0    ; 0            ; 0       ; 0         ; 0    ; 0            ; 0 (0)        ; 0 (0)             ; 1 (1)            ; |MIPS|Datapath:inst|Register:inst|RF16bit:R1|RF8bit:inst|RFC:inst7                             ; work         ;
;                |RFC:inst|               ; 1 (1)       ; 1 (1)                     ; 0 (0)         ; 0           ; 0    ; 0            ; 0       ; 0         ; 0    ; 0            ; 0 (0)        ; 0 (0)             ; 1 (1)            ; |MIPS|Datapath:inst|Register:inst|RF16bit:R1|RF8bit:inst|RFC:inst                              ; work         ;
;          |RF16bit:R2|                   ; 16 (0)      ; 16 (0)                    ; 0 (0)         ; 0           ; 0    ; 0            ; 0       ; 0         ; 0    ; 0            ; 0 (0)        ; 8 (0)             ; 8 (0)            ; |MIPS|Datapath:inst|Register:inst|RF16bit:R2                                                   ; work         ;
;             |RF8bit:inst1|              ; 8 (0)       ; 8 (0)                     ; 0 (0)         ; 0           ; 0    ; 0            ; 0       ; 0         ; 0    ; 0            ; 0 (0)        ; 2 (0)             ; 6 (0)            ; |MIPS|Datapath:inst|Register:inst|RF16bit:R2|RF8bit:inst1                                      ; work         ;
;                |RFC:inst1|              ; 1 (1)       ; 1 (1)                     ; 0 (0)         ; 0           ; 0    ; 0            ; 0       ; 0         ; 0    ; 0            ; 0 (0)        ; 1 (1)             ; 0 (0)            ; |MIPS|Datapath:inst|Register:inst|RF16bit:R2|RF8bit:inst1|RFC:inst1                            ; work         ;
;                |RFC:inst2|              ; 1 (1)       ; 1 (1)                     ; 0 (0)         ; 0           ; 0    ; 0            ; 0       ; 0         ; 0    ; 0            ; 0 (0)        ; 0 (0)             ; 1 (1)            ; |MIPS|Datapath:inst|Register:inst|RF16bit:R2|RF8bit:inst1|RFC:inst2                            ; work         ;
;                |RFC:inst3|              ; 1 (1)       ; 1 (1)                     ; 0 (0)         ; 0           ; 0    ; 0            ; 0       ; 0         ; 0    ; 0            ; 0 (0)        ; 0 (0)             ; 1 (1)            ; |MIPS|Datapath:inst|Register:inst|RF16bit:R2|RF8bit:inst1|RFC:inst3                            ; work         ;
;                |RFC:inst4|              ; 1 (1)       ; 1 (1)                     ; 0 (0)         ; 0           ; 0    ; 0            ; 0       ; 0         ; 0    ; 0            ; 0 (0)        ; 0 (0)             ; 1 (1)            ; |MIPS|Datapath:inst|Register:inst|RF16bit:R2|RF8bit:inst1|RFC:inst4                            ; work         ;
;                |RFC:inst5|              ; 1 (1)       ; 1 (1)                     ; 0 (0)         ; 0           ; 0    ; 0            ; 0       ; 0         ; 0    ; 0            ; 0 (0)        ; 1 (1)             ; 0 (0)            ; |MIPS|Datapath:inst|Register:inst|RF16bit:R2|RF8bit:inst1|RFC:inst5                            ; work         ;
;                |RFC:inst6|              ; 1 (1)       ; 1 (1)                     ; 0 (0)         ; 0           ; 0    ; 0            ; 0       ; 0         ; 0    ; 0            ; 0 (0)        ; 0 (0)             ; 1 (1)            ; |MIPS|Datapath:inst|Register:inst|RF16bit:R2|RF8bit:inst1|RFC:inst6                            ; work         ;
;                |RFC:inst7|              ; 1 (1)       ; 1 (1)                     ; 0 (0)         ; 0           ; 0    ; 0            ; 0       ; 0         ; 0    ; 0            ; 0 (0)        ; 0 (0)             ; 1 (1)            ; |MIPS|Datapath:inst|Register:inst|RF16bit:R2|RF8bit:inst1|RFC:inst7                            ; work         ;
;                |RFC:inst|               ; 1 (1)       ; 1 (1)                     ; 0 (0)         ; 0           ; 0    ; 0            ; 0       ; 0         ; 0    ; 0            ; 0 (0)        ; 0 (0)             ; 1 (1)            ; |MIPS|Datapath:inst|Register:inst|RF16bit:R2|RF8bit:inst1|RFC:inst                             ; work         ;
;             |RF8bit:inst|               ; 8 (0)       ; 8 (0)                     ; 0 (0)         ; 0           ; 0    ; 0            ; 0       ; 0         ; 0    ; 0            ; 0 (0)        ; 6 (0)             ; 2 (0)            ; |MIPS|Datapath:inst|Register:inst|RF16bit:R2|RF8bit:inst                                       ; work         ;
;                |RFC:inst1|              ; 1 (1)       ; 1 (1)                     ; 0 (0)         ; 0           ; 0    ; 0            ; 0       ; 0         ; 0    ; 0            ; 0 (0)        ; 1 (1)             ; 0 (0)            ; |MIPS|Datapath:inst|Register:inst|RF16bit:R2|RF8bit:inst|RFC:inst1                             ; work         ;
;                |RFC:inst2|              ; 1 (1)       ; 1 (1)                     ; 0 (0)         ; 0           ; 0    ; 0            ; 0       ; 0         ; 0    ; 0            ; 0 (0)        ; 1 (1)             ; 0 (0)            ; |MIPS|Datapath:inst|Register:inst|RF16bit:R2|RF8bit:inst|RFC:inst2                             ; work         ;
;                |RFC:inst3|              ; 1 (1)       ; 1 (1)                     ; 0 (0)         ; 0           ; 0    ; 0            ; 0       ; 0         ; 0    ; 0            ; 0 (0)        ; 1 (1)             ; 0 (0)            ; |MIPS|Datapath:inst|Register:inst|RF16bit:R2|RF8bit:inst|RFC:inst3                             ; work         ;
;                |RFC:inst4|              ; 1 (1)       ; 1 (1)                     ; 0 (0)         ; 0           ; 0    ; 0            ; 0       ; 0         ; 0    ; 0            ; 0 (0)        ; 1 (1)             ; 0 (0)            ; |MIPS|Datapath:inst|Register:inst|RF16bit:R2|RF8bit:inst|RFC:inst4                             ; work         ;
;                |RFC:inst5|              ; 1 (1)       ; 1 (1)                     ; 0 (0)         ; 0           ; 0    ; 0            ; 0       ; 0         ; 0    ; 0            ; 0 (0)        ; 1 (1)             ; 0 (0)            ; |MIPS|Datapath:inst|Register:inst|RF16bit:R2|RF8bit:inst|RFC:inst5                             ; work         ;
;                |RFC:inst6|              ; 1 (1)       ; 1 (1)                     ; 0 (0)         ; 0           ; 0    ; 0            ; 0       ; 0         ; 0    ; 0            ; 0 (0)        ; 1 (1)             ; 0 (0)            ; |MIPS|Datapath:inst|Register:inst|RF16bit:R2|RF8bit:inst|RFC:inst6                             ; work         ;
;                |RFC:inst7|              ; 1 (1)       ; 1 (1)                     ; 0 (0)         ; 0           ; 0    ; 0            ; 0       ; 0         ; 0    ; 0            ; 0 (0)        ; 0 (0)             ; 1 (1)            ; |MIPS|Datapath:inst|Register:inst|RF16bit:R2|RF8bit:inst|RFC:inst7                             ; work         ;
;                |RFC:inst|               ; 1 (1)       ; 1 (1)                     ; 0 (0)         ; 0           ; 0    ; 0            ; 0       ; 0         ; 0    ; 0            ; 0 (0)        ; 0 (0)             ; 1 (1)            ; |MIPS|Datapath:inst|Register:inst|RF16bit:R2|RF8bit:inst|RFC:inst                              ; work         ;
;          |RF16bit:R3|                   ; 16 (0)      ; 16 (0)                    ; 0 (0)         ; 0           ; 0    ; 0            ; 0       ; 0         ; 0    ; 0            ; 0 (0)        ; 6 (0)             ; 10 (0)           ; |MIPS|Datapath:inst|Register:inst|RF16bit:R3                                                   ; work         ;
;             |RF8bit:inst1|              ; 8 (0)       ; 8 (0)                     ; 0 (0)         ; 0           ; 0    ; 0            ; 0       ; 0         ; 0    ; 0            ; 0 (0)        ; 1 (0)             ; 7 (0)            ; |MIPS|Datapath:inst|Register:inst|RF16bit:R3|RF8bit:inst1                                      ; work         ;
;                |RFC:inst1|              ; 1 (1)       ; 1 (1)                     ; 0 (0)         ; 0           ; 0    ; 0            ; 0       ; 0         ; 0    ; 0            ; 0 (0)        ; 0 (0)             ; 1 (1)            ; |MIPS|Datapath:inst|Register:inst|RF16bit:R3|RF8bit:inst1|RFC:inst1                            ; work         ;
;                |RFC:inst2|              ; 1 (1)       ; 1 (1)                     ; 0 (0)         ; 0           ; 0    ; 0            ; 0       ; 0         ; 0    ; 0            ; 0 (0)        ; 0 (0)             ; 1 (1)            ; |MIPS|Datapath:inst|Register:inst|RF16bit:R3|RF8bit:inst1|RFC:inst2                            ; work         ;
;                |RFC:inst3|              ; 1 (1)       ; 1 (1)                     ; 0 (0)         ; 0           ; 0    ; 0            ; 0       ; 0         ; 0    ; 0            ; 0 (0)        ; 0 (0)             ; 1 (1)            ; |MIPS|Datapath:inst|Register:inst|RF16bit:R3|RF8bit:inst1|RFC:inst3                            ; work         ;
;                |RFC:inst4|              ; 1 (1)       ; 1 (1)                     ; 0 (0)         ; 0           ; 0    ; 0            ; 0       ; 0         ; 0    ; 0            ; 0 (0)        ; 0 (0)             ; 1 (1)            ; |MIPS|Datapath:inst|Register:inst|RF16bit:R3|RF8bit:inst1|RFC:inst4                            ; work         ;
;                |RFC:inst5|              ; 1 (1)       ; 1 (1)                     ; 0 (0)         ; 0           ; 0    ; 0            ; 0       ; 0         ; 0    ; 0            ; 0 (0)        ; 0 (0)             ; 1 (1)            ; |MIPS|Datapath:inst|Register:inst|RF16bit:R3|RF8bit:inst1|RFC:inst5                            ; work         ;
;                |RFC:inst6|              ; 1 (1)       ; 1 (1)                     ; 0 (0)         ; 0           ; 0    ; 0            ; 0       ; 0         ; 0    ; 0            ; 0 (0)        ; 0 (0)             ; 1 (1)            ; |MIPS|Datapath:inst|Register:inst|RF16bit:R3|RF8bit:inst1|RFC:inst6                            ; work         ;
;                |RFC:inst7|              ; 1 (1)       ; 1 (1)                     ; 0 (0)         ; 0           ; 0    ; 0            ; 0       ; 0         ; 0    ; 0            ; 0 (0)        ; 1 (1)             ; 0 (0)            ; |MIPS|Datapath:inst|Register:inst|RF16bit:R3|RF8bit:inst1|RFC:inst7                            ; work         ;
;                |RFC:inst|               ; 1 (1)       ; 1 (1)                     ; 0 (0)         ; 0           ; 0    ; 0            ; 0       ; 0         ; 0    ; 0            ; 0 (0)        ; 0 (0)             ; 1 (1)            ; |MIPS|Datapath:inst|Register:inst|RF16bit:R3|RF8bit:inst1|RFC:inst                             ; work         ;
;             |RF8bit:inst|               ; 8 (0)       ; 8 (0)                     ; 0 (0)         ; 0           ; 0    ; 0            ; 0       ; 0         ; 0    ; 0            ; 0 (0)        ; 5 (0)             ; 3 (0)            ; |MIPS|Datapath:inst|Register:inst|RF16bit:R3|RF8bit:inst                                       ; work         ;
;                |RFC:inst1|              ; 1 (1)       ; 1 (1)                     ; 0 (0)         ; 0           ; 0    ; 0            ; 0       ; 0         ; 0    ; 0            ; 0 (0)        ; 0 (0)             ; 1 (1)            ; |MIPS|Datapath:inst|Register:inst|RF16bit:R3|RF8bit:inst|RFC:inst1                             ; work         ;
;                |RFC:inst2|              ; 1 (1)       ; 1 (1)                     ; 0 (0)         ; 0           ; 0    ; 0            ; 0       ; 0         ; 0    ; 0            ; 0 (0)        ; 1 (1)             ; 0 (0)            ; |MIPS|Datapath:inst|Register:inst|RF16bit:R3|RF8bit:inst|RFC:inst2                             ; work         ;
;                |RFC:inst3|              ; 1 (1)       ; 1 (1)                     ; 0 (0)         ; 0           ; 0    ; 0            ; 0       ; 0         ; 0    ; 0            ; 0 (0)        ; 1 (1)             ; 0 (0)            ; |MIPS|Datapath:inst|Register:inst|RF16bit:R3|RF8bit:inst|RFC:inst3                             ; work         ;
;                |RFC:inst4|              ; 1 (1)       ; 1 (1)                     ; 0 (0)         ; 0           ; 0    ; 0            ; 0       ; 0         ; 0    ; 0            ; 0 (0)        ; 1 (1)             ; 0 (0)            ; |MIPS|Datapath:inst|Register:inst|RF16bit:R3|RF8bit:inst|RFC:inst4                             ; work         ;
;                |RFC:inst5|              ; 1 (1)       ; 1 (1)                     ; 0 (0)         ; 0           ; 0    ; 0            ; 0       ; 0         ; 0    ; 0            ; 0 (0)        ; 0 (0)             ; 1 (1)            ; |MIPS|Datapath:inst|Register:inst|RF16bit:R3|RF8bit:inst|RFC:inst5                             ; work         ;
;                |RFC:inst6|              ; 1 (1)       ; 1 (1)                     ; 0 (0)         ; 0           ; 0    ; 0            ; 0       ; 0         ; 0    ; 0            ; 0 (0)        ; 1 (1)             ; 0 (0)            ; |MIPS|Datapath:inst|Register:inst|RF16bit:R3|RF8bit:inst|RFC:inst6                             ; work         ;
;                |RFC:inst7|              ; 1 (1)       ; 1 (1)                     ; 0 (0)         ; 0           ; 0    ; 0            ; 0       ; 0         ; 0    ; 0            ; 0 (0)        ; 0 (0)             ; 1 (1)            ; |MIPS|Datapath:inst|Register:inst|RF16bit:R3|RF8bit:inst|RFC:inst7                             ; work         ;
;                |RFC:inst|               ; 1 (1)       ; 1 (1)                     ; 0 (0)         ; 0           ; 0    ; 0            ; 0       ; 0         ; 0    ; 0            ; 0 (0)        ; 1 (1)             ; 0 (0)            ; |MIPS|Datapath:inst|Register:inst|RF16bit:R3|RF8bit:inst|RFC:inst                              ; work         ;
;          |RF16bit:R4|                   ; 16 (0)      ; 16 (0)                    ; 0 (0)         ; 0           ; 0    ; 0            ; 0       ; 0         ; 0    ; 0            ; 0 (0)        ; 9 (0)             ; 7 (0)            ; |MIPS|Datapath:inst|Register:inst|RF16bit:R4                                                   ; work         ;
;             |RF8bit:inst1|              ; 8 (0)       ; 8 (0)                     ; 0 (0)         ; 0           ; 0    ; 0            ; 0       ; 0         ; 0    ; 0            ; 0 (0)        ; 6 (0)             ; 2 (0)            ; |MIPS|Datapath:inst|Register:inst|RF16bit:R4|RF8bit:inst1                                      ; work         ;
;                |RFC:inst1|              ; 1 (1)       ; 1 (1)                     ; 0 (0)         ; 0           ; 0    ; 0            ; 0       ; 0         ; 0    ; 0            ; 0 (0)        ; 1 (1)             ; 0 (0)            ; |MIPS|Datapath:inst|Register:inst|RF16bit:R4|RF8bit:inst1|RFC:inst1                            ; work         ;
;                |RFC:inst2|              ; 1 (1)       ; 1 (1)                     ; 0 (0)         ; 0           ; 0    ; 0            ; 0       ; 0         ; 0    ; 0            ; 0 (0)        ; 1 (1)             ; 0 (0)            ; |MIPS|Datapath:inst|Register:inst|RF16bit:R4|RF8bit:inst1|RFC:inst2                            ; work         ;
;                |RFC:inst3|              ; 1 (1)       ; 1 (1)                     ; 0 (0)         ; 0           ; 0    ; 0            ; 0       ; 0         ; 0    ; 0            ; 0 (0)        ; 1 (1)             ; 0 (0)            ; |MIPS|Datapath:inst|Register:inst|RF16bit:R4|RF8bit:inst1|RFC:inst3                            ; work         ;
;                |RFC:inst4|              ; 1 (1)       ; 1 (1)                     ; 0 (0)         ; 0           ; 0    ; 0            ; 0       ; 0         ; 0    ; 0            ; 0 (0)        ; 1 (1)             ; 0 (0)            ; |MIPS|Datapath:inst|Register:inst|RF16bit:R4|RF8bit:inst1|RFC:inst4                            ; work         ;
;                |RFC:inst5|              ; 1 (1)       ; 1 (1)                     ; 0 (0)         ; 0           ; 0    ; 0            ; 0       ; 0         ; 0    ; 0            ; 0 (0)        ; 1 (1)             ; 0 (0)            ; |MIPS|Datapath:inst|Register:inst|RF16bit:R4|RF8bit:inst1|RFC:inst5                            ; work         ;
;                |RFC:inst6|              ; 1 (1)       ; 1 (1)                     ; 0 (0)         ; 0           ; 0    ; 0            ; 0       ; 0         ; 0    ; 0            ; 0 (0)        ; 0 (0)             ; 1 (1)            ; |MIPS|Datapath:inst|Register:inst|RF16bit:R4|RF8bit:inst1|RFC:inst6                            ; work         ;
;                |RFC:inst7|              ; 1 (1)       ; 1 (1)                     ; 0 (0)         ; 0           ; 0    ; 0            ; 0       ; 0         ; 0    ; 0            ; 0 (0)        ; 0 (0)             ; 1 (1)            ; |MIPS|Datapath:inst|Register:inst|RF16bit:R4|RF8bit:inst1|RFC:inst7                            ; work         ;
;                |RFC:inst|               ; 1 (1)       ; 1 (1)                     ; 0 (0)         ; 0           ; 0    ; 0            ; 0       ; 0         ; 0    ; 0            ; 0 (0)        ; 1 (1)             ; 0 (0)            ; |MIPS|Datapath:inst|Register:inst|RF16bit:R4|RF8bit:inst1|RFC:inst                             ; work         ;
;             |RF8bit:inst|               ; 8 (0)       ; 8 (0)                     ; 0 (0)         ; 0           ; 0    ; 0            ; 0       ; 0         ; 0    ; 0            ; 0 (0)        ; 3 (0)             ; 5 (0)            ; |MIPS|Datapath:inst|Register:inst|RF16bit:R4|RF8bit:inst                                       ; work         ;
;                |RFC:inst1|              ; 1 (1)       ; 1 (1)                     ; 0 (0)         ; 0           ; 0    ; 0            ; 0       ; 0         ; 0    ; 0            ; 0 (0)        ; 0 (0)             ; 1 (1)            ; |MIPS|Datapath:inst|Register:inst|RF16bit:R4|RF8bit:inst|RFC:inst1                             ; work         ;
;                |RFC:inst2|              ; 1 (1)       ; 1 (1)                     ; 0 (0)         ; 0           ; 0    ; 0            ; 0       ; 0         ; 0    ; 0            ; 0 (0)        ; 1 (1)             ; 0 (0)            ; |MIPS|Datapath:inst|Register:inst|RF16bit:R4|RF8bit:inst|RFC:inst2                             ; work         ;
;                |RFC:inst3|              ; 1 (1)       ; 1 (1)                     ; 0 (0)         ; 0           ; 0    ; 0            ; 0       ; 0         ; 0    ; 0            ; 0 (0)        ; 1 (1)             ; 0 (0)            ; |MIPS|Datapath:inst|Register:inst|RF16bit:R4|RF8bit:inst|RFC:inst3                             ; work         ;
;                |RFC:inst4|              ; 1 (1)       ; 1 (1)                     ; 0 (0)         ; 0           ; 0    ; 0            ; 0       ; 0         ; 0    ; 0            ; 0 (0)        ; 1 (1)             ; 0 (0)            ; |MIPS|Datapath:inst|Register:inst|RF16bit:R4|RF8bit:inst|RFC:inst4                             ; work         ;
;                |RFC:inst5|              ; 1 (1)       ; 1 (1)                     ; 0 (0)         ; 0           ; 0    ; 0            ; 0       ; 0         ; 0    ; 0            ; 0 (0)        ; 0 (0)             ; 1 (1)            ; |MIPS|Datapath:inst|Register:inst|RF16bit:R4|RF8bit:inst|RFC:inst5                             ; work         ;
;                |RFC:inst6|              ; 1 (1)       ; 1 (1)                     ; 0 (0)         ; 0           ; 0    ; 0            ; 0       ; 0         ; 0    ; 0            ; 0 (0)        ; 0 (0)             ; 1 (1)            ; |MIPS|Datapath:inst|Register:inst|RF16bit:R4|RF8bit:inst|RFC:inst6                             ; work         ;
;                |RFC:inst7|              ; 1 (1)       ; 1 (1)                     ; 0 (0)         ; 0           ; 0    ; 0            ; 0       ; 0         ; 0    ; 0            ; 0 (0)        ; 0 (0)             ; 1 (1)            ; |MIPS|Datapath:inst|Register:inst|RF16bit:R4|RF8bit:inst|RFC:inst7                             ; work         ;
;                |RFC:inst|               ; 1 (1)       ; 1 (1)                     ; 0 (0)         ; 0           ; 0    ; 0            ; 0       ; 0         ; 0    ; 0            ; 0 (0)        ; 0 (0)             ; 1 (1)            ; |MIPS|Datapath:inst|Register:inst|RF16bit:R4|RF8bit:inst|RFC:inst                              ; work         ;
;          |RF16bit:R5|                   ; 16 (0)      ; 16 (0)                    ; 0 (0)         ; 0           ; 0    ; 0            ; 0       ; 0         ; 0    ; 0            ; 0 (0)        ; 5 (0)             ; 11 (0)           ; |MIPS|Datapath:inst|Register:inst|RF16bit:R5                                                   ; work         ;
;             |RF8bit:inst1|              ; 8 (0)       ; 8 (0)                     ; 0 (0)         ; 0           ; 0    ; 0            ; 0       ; 0         ; 0    ; 0            ; 0 (0)        ; 2 (0)             ; 6 (0)            ; |MIPS|Datapath:inst|Register:inst|RF16bit:R5|RF8bit:inst1                                      ; work         ;
;                |RFC:inst1|              ; 1 (1)       ; 1 (1)                     ; 0 (0)         ; 0           ; 0    ; 0            ; 0       ; 0         ; 0    ; 0            ; 0 (0)        ; 0 (0)             ; 1 (1)            ; |MIPS|Datapath:inst|Register:inst|RF16bit:R5|RF8bit:inst1|RFC:inst1                            ; work         ;
;                |RFC:inst2|              ; 1 (1)       ; 1 (1)                     ; 0 (0)         ; 0           ; 0    ; 0            ; 0       ; 0         ; 0    ; 0            ; 0 (0)        ; 0 (0)             ; 1 (1)            ; |MIPS|Datapath:inst|Register:inst|RF16bit:R5|RF8bit:inst1|RFC:inst2                            ; work         ;
;                |RFC:inst3|              ; 1 (1)       ; 1 (1)                     ; 0 (0)         ; 0           ; 0    ; 0            ; 0       ; 0         ; 0    ; 0            ; 0 (0)        ; 0 (0)             ; 1 (1)            ; |MIPS|Datapath:inst|Register:inst|RF16bit:R5|RF8bit:inst1|RFC:inst3                            ; work         ;
;                |RFC:inst4|              ; 1 (1)       ; 1 (1)                     ; 0 (0)         ; 0           ; 0    ; 0            ; 0       ; 0         ; 0    ; 0            ; 0 (0)        ; 0 (0)             ; 1 (1)            ; |MIPS|Datapath:inst|Register:inst|RF16bit:R5|RF8bit:inst1|RFC:inst4                            ; work         ;
;                |RFC:inst5|              ; 1 (1)       ; 1 (1)                     ; 0 (0)         ; 0           ; 0    ; 0            ; 0       ; 0         ; 0    ; 0            ; 0 (0)        ; 0 (0)             ; 1 (1)            ; |MIPS|Datapath:inst|Register:inst|RF16bit:R5|RF8bit:inst1|RFC:inst5                            ; work         ;
;                |RFC:inst6|              ; 1 (1)       ; 1 (1)                     ; 0 (0)         ; 0           ; 0    ; 0            ; 0       ; 0         ; 0    ; 0            ; 0 (0)        ; 0 (0)             ; 1 (1)            ; |MIPS|Datapath:inst|Register:inst|RF16bit:R5|RF8bit:inst1|RFC:inst6                            ; work         ;
;                |RFC:inst7|              ; 1 (1)       ; 1 (1)                     ; 0 (0)         ; 0           ; 0    ; 0            ; 0       ; 0         ; 0    ; 0            ; 0 (0)        ; 1 (1)             ; 0 (0)            ; |MIPS|Datapath:inst|Register:inst|RF16bit:R5|RF8bit:inst1|RFC:inst7                            ; work         ;
;                |RFC:inst|               ; 1 (1)       ; 1 (1)                     ; 0 (0)         ; 0           ; 0    ; 0            ; 0       ; 0         ; 0    ; 0            ; 0 (0)        ; 1 (1)             ; 0 (0)            ; |MIPS|Datapath:inst|Register:inst|RF16bit:R5|RF8bit:inst1|RFC:inst                             ; work         ;
;             |RF8bit:inst|               ; 8 (0)       ; 8 (0)                     ; 0 (0)         ; 0           ; 0    ; 0            ; 0       ; 0         ; 0    ; 0            ; 0 (0)        ; 3 (0)             ; 5 (0)            ; |MIPS|Datapath:inst|Register:inst|RF16bit:R5|RF8bit:inst                                       ; work         ;
;                |RFC:inst1|              ; 1 (1)       ; 1 (1)                     ; 0 (0)         ; 0           ; 0    ; 0            ; 0       ; 0         ; 0    ; 0            ; 0 (0)        ; 1 (1)             ; 0 (0)            ; |MIPS|Datapath:inst|Register:inst|RF16bit:R5|RF8bit:inst|RFC:inst1                             ; work         ;
;                |RFC:inst2|              ; 1 (1)       ; 1 (1)                     ; 0 (0)         ; 0           ; 0    ; 0            ; 0       ; 0         ; 0    ; 0            ; 0 (0)        ; 0 (0)             ; 1 (1)            ; |MIPS|Datapath:inst|Register:inst|RF16bit:R5|RF8bit:inst|RFC:inst2                             ; work         ;
;                |RFC:inst3|              ; 1 (1)       ; 1 (1)                     ; 0 (0)         ; 0           ; 0    ; 0            ; 0       ; 0         ; 0    ; 0            ; 0 (0)        ; 1 (1)             ; 0 (0)            ; |MIPS|Datapath:inst|Register:inst|RF16bit:R5|RF8bit:inst|RFC:inst3                             ; work         ;
;                |RFC:inst4|              ; 1 (1)       ; 1 (1)                     ; 0 (0)         ; 0           ; 0    ; 0            ; 0       ; 0         ; 0    ; 0            ; 0 (0)        ; 0 (0)             ; 1 (1)            ; |MIPS|Datapath:inst|Register:inst|RF16bit:R5|RF8bit:inst|RFC:inst4                             ; work         ;
;                |RFC:inst5|              ; 1 (1)       ; 1 (1)                     ; 0 (0)         ; 0           ; 0    ; 0            ; 0       ; 0         ; 0    ; 0            ; 0 (0)        ; 0 (0)             ; 1 (1)            ; |MIPS|Datapath:inst|Register:inst|RF16bit:R5|RF8bit:inst|RFC:inst5                             ; work         ;
;                |RFC:inst6|              ; 1 (1)       ; 1 (1)                     ; 0 (0)         ; 0           ; 0    ; 0            ; 0       ; 0         ; 0    ; 0            ; 0 (0)        ; 0 (0)             ; 1 (1)            ; |MIPS|Datapath:inst|Register:inst|RF16bit:R5|RF8bit:inst|RFC:inst6                             ; work         ;
;                |RFC:inst7|              ; 1 (1)       ; 1 (1)                     ; 0 (0)         ; 0           ; 0    ; 0            ; 0       ; 0         ; 0    ; 0            ; 0 (0)        ; 0 (0)             ; 1 (1)            ; |MIPS|Datapath:inst|Register:inst|RF16bit:R5|RF8bit:inst|RFC:inst7                             ; work         ;
;                |RFC:inst|               ; 1 (1)       ; 1 (1)                     ; 0 (0)         ; 0           ; 0    ; 0            ; 0       ; 0         ; 0    ; 0            ; 0 (0)        ; 1 (1)             ; 0 (0)            ; |MIPS|Datapath:inst|Register:inst|RF16bit:R5|RF8bit:inst|RFC:inst                              ; work         ;
;          |RF16bit:R6|                   ; 16 (0)      ; 16 (0)                    ; 0 (0)         ; 0           ; 0    ; 0            ; 0       ; 0         ; 0    ; 0            ; 0 (0)        ; 10 (0)            ; 6 (0)            ; |MIPS|Datapath:inst|Register:inst|RF16bit:R6                                                   ; work         ;
;             |RF8bit:inst1|              ; 8 (0)       ; 8 (0)                     ; 0 (0)         ; 0           ; 0    ; 0            ; 0       ; 0         ; 0    ; 0            ; 0 (0)        ; 5 (0)             ; 3 (0)            ; |MIPS|Datapath:inst|Register:inst|RF16bit:R6|RF8bit:inst1                                      ; work         ;
;                |RFC:inst1|              ; 1 (1)       ; 1 (1)                     ; 0 (0)         ; 0           ; 0    ; 0            ; 0       ; 0         ; 0    ; 0            ; 0 (0)        ; 1 (1)             ; 0 (0)            ; |MIPS|Datapath:inst|Register:inst|RF16bit:R6|RF8bit:inst1|RFC:inst1                            ; work         ;
;                |RFC:inst2|              ; 1 (1)       ; 1 (1)                     ; 0 (0)         ; 0           ; 0    ; 0            ; 0       ; 0         ; 0    ; 0            ; 0 (0)        ; 1 (1)             ; 0 (0)            ; |MIPS|Datapath:inst|Register:inst|RF16bit:R6|RF8bit:inst1|RFC:inst2                            ; work         ;
;                |RFC:inst3|              ; 1 (1)       ; 1 (1)                     ; 0 (0)         ; 0           ; 0    ; 0            ; 0       ; 0         ; 0    ; 0            ; 0 (0)        ; 1 (1)             ; 0 (0)            ; |MIPS|Datapath:inst|Register:inst|RF16bit:R6|RF8bit:inst1|RFC:inst3                            ; work         ;
;                |RFC:inst4|              ; 1 (1)       ; 1 (1)                     ; 0 (0)         ; 0           ; 0    ; 0            ; 0       ; 0         ; 0    ; 0            ; 0 (0)        ; 0 (0)             ; 1 (1)            ; |MIPS|Datapath:inst|Register:inst|RF16bit:R6|RF8bit:inst1|RFC:inst4                            ; work         ;
;                |RFC:inst5|              ; 1 (1)       ; 1 (1)                     ; 0 (0)         ; 0           ; 0    ; 0            ; 0       ; 0         ; 0    ; 0            ; 0 (0)        ; 1 (1)             ; 0 (0)            ; |MIPS|Datapath:inst|Register:inst|RF16bit:R6|RF8bit:inst1|RFC:inst5                            ; work         ;
;                |RFC:inst6|              ; 1 (1)       ; 1 (1)                     ; 0 (0)         ; 0           ; 0    ; 0            ; 0       ; 0         ; 0    ; 0            ; 0 (0)        ; 0 (0)             ; 1 (1)            ; |MIPS|Datapath:inst|Register:inst|RF16bit:R6|RF8bit:inst1|RFC:inst6                            ; work         ;
;                |RFC:inst7|              ; 1 (1)       ; 1 (1)                     ; 0 (0)         ; 0           ; 0    ; 0            ; 0       ; 0         ; 0    ; 0            ; 0 (0)        ; 1 (1)             ; 0 (0)            ; |MIPS|Datapath:inst|Register:inst|RF16bit:R6|RF8bit:inst1|RFC:inst7                            ; work         ;
;                |RFC:inst|               ; 1 (1)       ; 1 (1)                     ; 0 (0)         ; 0           ; 0    ; 0            ; 0       ; 0         ; 0    ; 0            ; 0 (0)        ; 0 (0)             ; 1 (1)            ; |MIPS|Datapath:inst|Register:inst|RF16bit:R6|RF8bit:inst1|RFC:inst                             ; work         ;
;             |RF8bit:inst|               ; 8 (0)       ; 8 (0)                     ; 0 (0)         ; 0           ; 0    ; 0            ; 0       ; 0         ; 0    ; 0            ; 0 (0)        ; 5 (0)             ; 3 (0)            ; |MIPS|Datapath:inst|Register:inst|RF16bit:R6|RF8bit:inst                                       ; work         ;
;                |RFC:inst1|              ; 1 (1)       ; 1 (1)                     ; 0 (0)         ; 0           ; 0    ; 0            ; 0       ; 0         ; 0    ; 0            ; 0 (0)        ; 1 (1)             ; 0 (0)            ; |MIPS|Datapath:inst|Register:inst|RF16bit:R6|RF8bit:inst|RFC:inst1                             ; work         ;
;                |RFC:inst2|              ; 1 (1)       ; 1 (1)                     ; 0 (0)         ; 0           ; 0    ; 0            ; 0       ; 0         ; 0    ; 0            ; 0 (0)        ; 0 (0)             ; 1 (1)            ; |MIPS|Datapath:inst|Register:inst|RF16bit:R6|RF8bit:inst|RFC:inst2                             ; work         ;
;                |RFC:inst3|              ; 1 (1)       ; 1 (1)                     ; 0 (0)         ; 0           ; 0    ; 0            ; 0       ; 0         ; 0    ; 0            ; 0 (0)        ; 1 (1)             ; 0 (0)            ; |MIPS|Datapath:inst|Register:inst|RF16bit:R6|RF8bit:inst|RFC:inst3                             ; work         ;
;                |RFC:inst4|              ; 1 (1)       ; 1 (1)                     ; 0 (0)         ; 0           ; 0    ; 0            ; 0       ; 0         ; 0    ; 0            ; 0 (0)        ; 1 (1)             ; 0 (0)            ; |MIPS|Datapath:inst|Register:inst|RF16bit:R6|RF8bit:inst|RFC:inst4                             ; work         ;
;                |RFC:inst5|              ; 1 (1)       ; 1 (1)                     ; 0 (0)         ; 0           ; 0    ; 0            ; 0       ; 0         ; 0    ; 0            ; 0 (0)        ; 1 (1)             ; 0 (0)            ; |MIPS|Datapath:inst|Register:inst|RF16bit:R6|RF8bit:inst|RFC:inst5                             ; work         ;
;                |RFC:inst6|              ; 1 (1)       ; 1 (1)                     ; 0 (0)         ; 0           ; 0    ; 0            ; 0       ; 0         ; 0    ; 0            ; 0 (0)        ; 0 (0)             ; 1 (1)            ; |MIPS|Datapath:inst|Register:inst|RF16bit:R6|RF8bit:inst|RFC:inst6                             ; work         ;
;                |RFC:inst7|              ; 1 (1)       ; 1 (1)                     ; 0 (0)         ; 0           ; 0    ; 0            ; 0       ; 0         ; 0    ; 0            ; 0 (0)        ; 0 (0)             ; 1 (1)            ; |MIPS|Datapath:inst|Register:inst|RF16bit:R6|RF8bit:inst|RFC:inst7                             ; work         ;
;                |RFC:inst|               ; 1 (1)       ; 1 (1)                     ; 0 (0)         ; 0           ; 0    ; 0            ; 0       ; 0         ; 0    ; 0            ; 0 (0)        ; 1 (1)             ; 0 (0)            ; |MIPS|Datapath:inst|Register:inst|RF16bit:R6|RF8bit:inst|RFC:inst                              ; work         ;
;          |RF16bit:R7|                   ; 16 (0)      ; 16 (0)                    ; 0 (0)         ; 0           ; 0    ; 0            ; 0       ; 0         ; 0    ; 0            ; 0 (0)        ; 5 (0)             ; 11 (0)           ; |MIPS|Datapath:inst|Register:inst|RF16bit:R7                                                   ; work         ;
;             |RF8bit:inst1|              ; 8 (0)       ; 8 (0)                     ; 0 (0)         ; 0           ; 0    ; 0            ; 0       ; 0         ; 0    ; 0            ; 0 (0)        ; 1 (0)             ; 7 (0)            ; |MIPS|Datapath:inst|Register:inst|RF16bit:R7|RF8bit:inst1                                      ; work         ;
;                |RFC:inst1|              ; 1 (1)       ; 1 (1)                     ; 0 (0)         ; 0           ; 0    ; 0            ; 0       ; 0         ; 0    ; 0            ; 0 (0)        ; 0 (0)             ; 1 (1)            ; |MIPS|Datapath:inst|Register:inst|RF16bit:R7|RF8bit:inst1|RFC:inst1                            ; work         ;
;                |RFC:inst2|              ; 1 (1)       ; 1 (1)                     ; 0 (0)         ; 0           ; 0    ; 0            ; 0       ; 0         ; 0    ; 0            ; 0 (0)        ; 0 (0)             ; 1 (1)            ; |MIPS|Datapath:inst|Register:inst|RF16bit:R7|RF8bit:inst1|RFC:inst2                            ; work         ;
;                |RFC:inst3|              ; 1 (1)       ; 1 (1)                     ; 0 (0)         ; 0           ; 0    ; 0            ; 0       ; 0         ; 0    ; 0            ; 0 (0)        ; 0 (0)             ; 1 (1)            ; |MIPS|Datapath:inst|Register:inst|RF16bit:R7|RF8bit:inst1|RFC:inst3                            ; work         ;
;                |RFC:inst4|              ; 1 (1)       ; 1 (1)                     ; 0 (0)         ; 0           ; 0    ; 0            ; 0       ; 0         ; 0    ; 0            ; 0 (0)        ; 0 (0)             ; 1 (1)            ; |MIPS|Datapath:inst|Register:inst|RF16bit:R7|RF8bit:inst1|RFC:inst4                            ; work         ;
;                |RFC:inst5|              ; 1 (1)       ; 1 (1)                     ; 0 (0)         ; 0           ; 0    ; 0            ; 0       ; 0         ; 0    ; 0            ; 0 (0)        ; 1 (1)             ; 0 (0)            ; |MIPS|Datapath:inst|Register:inst|RF16bit:R7|RF8bit:inst1|RFC:inst5                            ; work         ;
;                |RFC:inst6|              ; 1 (1)       ; 1 (1)                     ; 0 (0)         ; 0           ; 0    ; 0            ; 0       ; 0         ; 0    ; 0            ; 0 (0)        ; 0 (0)             ; 1 (1)            ; |MIPS|Datapath:inst|Register:inst|RF16bit:R7|RF8bit:inst1|RFC:inst6                            ; work         ;
;                |RFC:inst7|              ; 1 (1)       ; 1 (1)                     ; 0 (0)         ; 0           ; 0    ; 0            ; 0       ; 0         ; 0    ; 0            ; 0 (0)        ; 0 (0)             ; 1 (1)            ; |MIPS|Datapath:inst|Register:inst|RF16bit:R7|RF8bit:inst1|RFC:inst7                            ; work         ;
;                |RFC:inst|               ; 1 (1)       ; 1 (1)                     ; 0 (0)         ; 0           ; 0    ; 0            ; 0       ; 0         ; 0    ; 0            ; 0 (0)        ; 0 (0)             ; 1 (1)            ; |MIPS|Datapath:inst|Register:inst|RF16bit:R7|RF8bit:inst1|RFC:inst                             ; work         ;
;             |RF8bit:inst|               ; 8 (0)       ; 8 (0)                     ; 0 (0)         ; 0           ; 0    ; 0            ; 0       ; 0         ; 0    ; 0            ; 0 (0)        ; 4 (0)             ; 4 (0)            ; |MIPS|Datapath:inst|Register:inst|RF16bit:R7|RF8bit:inst                                       ; work         ;
;                |RFC:inst1|              ; 1 (1)       ; 1 (1)                     ; 0 (0)         ; 0           ; 0    ; 0            ; 0       ; 0         ; 0    ; 0            ; 0 (0)        ; 1 (1)             ; 0 (0)            ; |MIPS|Datapath:inst|Register:inst|RF16bit:R7|RF8bit:inst|RFC:inst1                             ; work         ;
;                |RFC:inst2|              ; 1 (1)       ; 1 (1)                     ; 0 (0)         ; 0           ; 0    ; 0            ; 0       ; 0         ; 0    ; 0            ; 0 (0)        ; 0 (0)             ; 1 (1)            ; |MIPS|Datapath:inst|Register:inst|RF16bit:R7|RF8bit:inst|RFC:inst2                             ; work         ;
;                |RFC:inst3|              ; 1 (1)       ; 1 (1)                     ; 0 (0)         ; 0           ; 0    ; 0            ; 0       ; 0         ; 0    ; 0            ; 0 (0)        ; 1 (1)             ; 0 (0)            ; |MIPS|Datapath:inst|Register:inst|RF16bit:R7|RF8bit:inst|RFC:inst3                             ; work         ;
;                |RFC:inst4|              ; 1 (1)       ; 1 (1)                     ; 0 (0)         ; 0           ; 0    ; 0            ; 0       ; 0         ; 0    ; 0            ; 0 (0)        ; 1 (1)             ; 0 (0)            ; |MIPS|Datapath:inst|Register:inst|RF16bit:R7|RF8bit:inst|RFC:inst4                             ; work         ;
;                |RFC:inst5|              ; 1 (1)       ; 1 (1)                     ; 0 (0)         ; 0           ; 0    ; 0            ; 0       ; 0         ; 0    ; 0            ; 0 (0)        ; 0 (0)             ; 1 (1)            ; |MIPS|Datapath:inst|Register:inst|RF16bit:R7|RF8bit:inst|RFC:inst5                             ; work         ;
;                |RFC:inst6|              ; 1 (1)       ; 1 (1)                     ; 0 (0)         ; 0           ; 0    ; 0            ; 0       ; 0         ; 0    ; 0            ; 0 (0)        ; 0 (0)             ; 1 (1)            ; |MIPS|Datapath:inst|Register:inst|RF16bit:R7|RF8bit:inst|RFC:inst6                             ; work         ;
;                |RFC:inst7|              ; 1 (1)       ; 1 (1)                     ; 0 (0)         ; 0           ; 0    ; 0            ; 0       ; 0         ; 0    ; 0            ; 0 (0)        ; 0 (0)             ; 1 (1)            ; |MIPS|Datapath:inst|Register:inst|RF16bit:R7|RF8bit:inst|RFC:inst7                             ; work         ;
;                |RFC:inst|               ; 1 (1)       ; 1 (1)                     ; 0 (0)         ; 0           ; 0    ; 0            ; 0       ; 0         ; 0    ; 0            ; 0 (0)        ; 1 (1)             ; 0 (0)            ; |MIPS|Datapath:inst|Register:inst|RF16bit:R7|RF8bit:inst|RFC:inst                              ; work         ;
+-----------------------------------------+-------------+---------------------------+---------------+-------------+------+--------------+---------+-----------+------+--------------+--------------+-------------------+------------------+------------------------------------------------------------------------------------------------+--------------+
Note: For table entries with two numbers listed, the numbers in parentheses indicate the number of resources of the given type used by the specific entity alone. The numbers listed outside of parentheses indicate the total resources of the given type used by the specific entity and all of its sub-entities in the hierarchy.


+----------------------------------------------------------------------------------------+
; Delay Chain Summary                                                                    ;
+---------------+----------+---------------+---------------+-----------------------+-----+
; Name          ; Pin Type ; Pad to Core 0 ; Pad to Core 1 ; Pad to Input Register ; TCO ;
+---------------+----------+---------------+---------------+-----------------------+-----+
; DMEM[15]      ; Output   ; --            ; --            ; --                    ; --  ;
; DMEM[14]      ; Output   ; --            ; --            ; --                    ; --  ;
; DMEM[13]      ; Output   ; --            ; --            ; --                    ; --  ;
; DMEM[12]      ; Output   ; --            ; --            ; --                    ; --  ;
; DMEM[11]      ; Output   ; --            ; --            ; --                    ; --  ;
; DMEM[10]      ; Output   ; --            ; --            ; --                    ; --  ;
; DMEM[9]       ; Output   ; --            ; --            ; --                    ; --  ;
; DMEM[8]       ; Output   ; --            ; --            ; --                    ; --  ;
; DMEM[7]       ; Output   ; --            ; --            ; --                    ; --  ;
; DMEM[6]       ; Output   ; --            ; --            ; --                    ; --  ;
; DMEM[5]       ; Output   ; --            ; --            ; --                    ; --  ;
; DMEM[4]       ; Output   ; --            ; --            ; --                    ; --  ;
; DMEM[3]       ; Output   ; --            ; --            ; --                    ; --  ;
; DMEM[2]       ; Output   ; --            ; --            ; --                    ; --  ;
; DMEM[1]       ; Output   ; --            ; --            ; --                    ; --  ;
; DMEM[0]       ; Output   ; --            ; --            ; --                    ; --  ;
; ReadData1[15] ; Output   ; --            ; --            ; --                    ; --  ;
; ReadData1[14] ; Output   ; --            ; --            ; --                    ; --  ;
; ReadData1[13] ; Output   ; --            ; --            ; --                    ; --  ;
; ReadData1[12] ; Output   ; --            ; --            ; --                    ; --  ;
; ReadData1[11] ; Output   ; --            ; --            ; --                    ; --  ;
; ReadData1[10] ; Output   ; --            ; --            ; --                    ; --  ;
; ReadData1[9]  ; Output   ; --            ; --            ; --                    ; --  ;
; ReadData1[8]  ; Output   ; --            ; --            ; --                    ; --  ;
; ReadData1[7]  ; Output   ; --            ; --            ; --                    ; --  ;
; ReadData1[6]  ; Output   ; --            ; --            ; --                    ; --  ;
; ReadData1[5]  ; Output   ; --            ; --            ; --                    ; --  ;
; ReadData1[4]  ; Output   ; --            ; --            ; --                    ; --  ;
; ReadData1[3]  ; Output   ; --            ; --            ; --                    ; --  ;
; ReadData1[2]  ; Output   ; --            ; --            ; --                    ; --  ;
; ReadData1[1]  ; Output   ; --            ; --            ; --                    ; --  ;
; ReadData1[0]  ; Output   ; --            ; --            ; --                    ; --  ;
; ReadData2[15] ; Output   ; --            ; --            ; --                    ; --  ;
; ReadData2[14] ; Output   ; --            ; --            ; --                    ; --  ;
; ReadData2[13] ; Output   ; --            ; --            ; --                    ; --  ;
; ReadData2[12] ; Output   ; --            ; --            ; --                    ; --  ;
; ReadData2[11] ; Output   ; --            ; --            ; --                    ; --  ;
; ReadData2[10] ; Output   ; --            ; --            ; --                    ; --  ;
; ReadData2[9]  ; Output   ; --            ; --            ; --                    ; --  ;
; ReadData2[8]  ; Output   ; --            ; --            ; --                    ; --  ;
; ReadData2[7]  ; Output   ; --            ; --            ; --                    ; --  ;
; ReadData2[6]  ; Output   ; --            ; --            ; --                    ; --  ;
; ReadData2[5]  ; Output   ; --            ; --            ; --                    ; --  ;
; ReadData2[4]  ; Output   ; --            ; --            ; --                    ; --  ;
; ReadData2[3]  ; Output   ; --            ; --            ; --                    ; --  ;
; ReadData2[2]  ; Output   ; --            ; --            ; --                    ; --  ;
; ReadData2[1]  ; Output   ; --            ; --            ; --                    ; --  ;
; ReadData2[0]  ; Output   ; --            ; --            ; --                    ; --  ;
; ALURes[15]    ; Output   ; --            ; --            ; --                    ; --  ;
; ALURes[14]    ; Output   ; --            ; --            ; --                    ; --  ;
; ALURes[13]    ; Output   ; --            ; --            ; --                    ; --  ;
; ALURes[12]    ; Output   ; --            ; --            ; --                    ; --  ;
; ALURes[11]    ; Output   ; --            ; --            ; --                    ; --  ;
; ALURes[10]    ; Output   ; --            ; --            ; --                    ; --  ;
; ALURes[9]     ; Output   ; --            ; --            ; --                    ; --  ;
; ALURes[8]     ; Output   ; --            ; --            ; --                    ; --  ;
; ALURes[7]     ; Output   ; --            ; --            ; --                    ; --  ;
; ALURes[6]     ; Output   ; --            ; --            ; --                    ; --  ;
; ALURes[5]     ; Output   ; --            ; --            ; --                    ; --  ;
; ALURes[4]     ; Output   ; --            ; --            ; --                    ; --  ;
; ALURes[3]     ; Output   ; --            ; --            ; --                    ; --  ;
; ALURes[2]     ; Output   ; --            ; --            ; --                    ; --  ;
; ALURes[1]     ; Output   ; --            ; --            ; --                    ; --  ;
; ALURes[0]     ; Output   ; --            ; --            ; --                    ; --  ;
; PC[15]        ; Output   ; --            ; --            ; --                    ; --  ;
; PC[14]        ; Output   ; --            ; --            ; --                    ; --  ;
; PC[13]        ; Output   ; --            ; --            ; --                    ; --  ;
; PC[12]        ; Output   ; --            ; --            ; --                    ; --  ;
; PC[11]        ; Output   ; --            ; --            ; --                    ; --  ;
; PC[10]        ; Output   ; --            ; --            ; --                    ; --  ;
; PC[9]         ; Output   ; --            ; --            ; --                    ; --  ;
; PC[8]         ; Output   ; --            ; --            ; --                    ; --  ;
; PC[7]         ; Output   ; --            ; --            ; --                    ; --  ;
; PC[6]         ; Output   ; --            ; --            ; --                    ; --  ;
; PC[5]         ; Output   ; --            ; --            ; --                    ; --  ;
; PC[4]         ; Output   ; --            ; --            ; --                    ; --  ;
; PC[3]         ; Output   ; --            ; --            ; --                    ; --  ;
; PC[2]         ; Output   ; --            ; --            ; --                    ; --  ;
; PC[1]         ; Output   ; --            ; --            ; --                    ; --  ;
; PC[0]         ; Output   ; --            ; --            ; --                    ; --  ;
; CLK           ; Input    ; (0) 171 ps    ; (0) 171 ps    ; --                    ; --  ;
; CLR           ; Input    ; (0) 171 ps    ; (0) 171 ps    ; --                    ; --  ;
+---------------+----------+---------------+---------------+-----------------------+-----+


+---------------------------------------------------+
; Pad To Core Delay Chain Fanout                    ;
+---------------------+-------------------+---------+
; Source Pin / Fanout ; Pad To Core Index ; Setting ;
+---------------------+-------------------+---------+
; CLK                 ;                   ;         ;
; CLR                 ;                   ;         ;
+---------------------+-------------------+---------+


+------------------------------------------------------------------------------------------------------------------------------------------------------------------------------------+
; Control Signals                                                                                                                                                                    ;
+-------------------------------------------------------+--------------------+---------+--------------+--------+----------------------+------------------+---------------------------+
; Name                                                  ; Location           ; Fan-Out ; Usage        ; Global ; Global Resource Used ; Global Line Name ; Enable Signal Source Name ;
+-------------------------------------------------------+--------------------+---------+--------------+--------+----------------------+------------------+---------------------------+
; CLK                                                   ; PIN_P2             ; 126     ; Clock        ; yes    ; Global Clock         ; GCLK3            ; --                        ;
; CLR                                                   ; PIN_P1             ; 126     ; Async. clear ; yes    ; Global Clock         ; GCLK1            ; --                        ;
; Datapath:inst|Register:inst|38decoder:inst11|inst11~6 ; LCCOMB_X25_Y29_N12 ; 16      ; Clock enable ; no     ; --                   ; --               ; --                        ;
; Datapath:inst|Register:inst|38decoder:inst11|inst2    ; LCCOMB_X25_Y29_N0  ; 16      ; Clock enable ; no     ; --                   ; --               ; --                        ;
; Datapath:inst|Register:inst|38decoder:inst11|inst4~9  ; LCCOMB_X25_Y29_N8  ; 16      ; Clock enable ; no     ; --                   ; --               ; --                        ;
; Datapath:inst|Register:inst|38decoder:inst11|inst5~9  ; LCCOMB_X27_Y29_N10 ; 16      ; Clock enable ; no     ; --                   ; --               ; --                        ;
; Datapath:inst|Register:inst|38decoder:inst11|inst6~5  ; LCCOMB_X27_Y29_N26 ; 16      ; Clock enable ; no     ; --                   ; --               ; --                        ;
; Datapath:inst|Register:inst|38decoder:inst11|inst8~9  ; LCCOMB_X25_Y29_N16 ; 16      ; Clock enable ; no     ; --                   ; --               ; --                        ;
; Datapath:inst|Register:inst|38decoder:inst11|inst9~9  ; LCCOMB_X27_Y29_N24 ; 16      ; Clock enable ; no     ; --                   ; --               ; --                        ;
+-------------------------------------------------------+--------------------+---------+--------------+--------+----------------------+------------------+---------------------------+


+-------------------------------------------------------------------------------------------------+
; Global & Other Fast Signals                                                                     ;
+------+----------+---------+----------------------+------------------+---------------------------+
; Name ; Location ; Fan-Out ; Global Resource Used ; Global Line Name ; Enable Signal Source Name ;
+------+----------+---------+----------------------+------------------+---------------------------+
; CLK  ; PIN_P2   ; 126     ; Global Clock         ; GCLK3            ; --                        ;
; CLR  ; PIN_P1   ; 126     ; Global Clock         ; GCLK1            ; --                        ;
+------+----------+---------+----------------------+------------------+---------------------------+


+-----------------------------------------------------------------------------------------------------------------------+
; Non-Global High Fan-Out Signals                                                                                       ;
+-------------------------------------------------------------------------------------------------------------+---------+
; Name                                                                                                        ; Fan-Out ;
+-------------------------------------------------------------------------------------------------------------+---------+
; Datapath:inst|Register16:PCReg|Register4:inst1|inst2                                                        ; 84      ;
; Datapath:inst|ALUControl:inst5|inst7                                                                        ; 48      ;
; Datapath:inst|IMEM:inst7|rom~12                                                                             ; 41      ;
; Datapath:inst|Register16:PCReg|Register4:inst|inst2                                                         ; 38      ;
; Datapath:inst|ALUControl:inst5|inst2~4                                                                      ; 37      ;
; Datapath:inst|Register16:PCReg|Register4:inst1|inst1                                                        ; 37      ;
; Datapath:inst|Register16:PCReg|Register4:inst|inst3                                                         ; 35      ;
; Datapath:inst|Register16:PCReg|Register4:inst1|inst                                                         ; 34      ;
; Controller:inst1|inst8                                                                                      ; 32      ;
; Datapath:inst|IMEM:inst7|rom~19                                                                             ; 29      ;
; Datapath:inst|IMEM:inst7|rom~16                                                                             ; 29      ;
; Datapath:inst|ALUControl:inst5|inst5~3                                                                      ; 25      ;
; Datapath:inst|IMEM:inst7|rom~26                                                                             ; 24      ;
; Datapath:inst|IMEM:inst7|rom~14                                                                             ; 24      ;
; Datapath:inst|IMEM:inst7|rom~28                                                                             ; 23      ;
; Datapath:inst|IMEM:inst7|rom~6                                                                              ; 20      ;
; Datapath:inst|IMEM:inst7|rom~4                                                                              ; 20      ;
; Datapath:inst|Register:inst|38decoder:inst11|inst6~5                                                        ; 16      ;
; Datapath:inst|Register:inst|38decoder:inst11|inst8~9                                                        ; 16      ;
; Datapath:inst|Register:inst|38decoder:inst11|inst5~9                                                        ; 16      ;
; Datapath:inst|Register:inst|38decoder:inst11|inst2                                                          ; 16      ;
; Datapath:inst|Register:inst|38decoder:inst11|inst11~6                                                       ; 16      ;
; Datapath:inst|Register:inst|38decoder:inst11|inst4~9                                                        ; 16      ;
; Datapath:inst|Register:inst|38decoder:inst11|inst9~9                                                        ; 16      ;
; Datapath:inst|Register:inst|38decoder:inst10|inst11~0                                                       ; 16      ;
; Datapath:inst|Register:inst|38decoder:inst9|inst5~0                                                         ; 16      ;
; Datapath:inst|Register:inst|38decoder:inst9|inst6~0                                                         ; 16      ;
; Datapath:inst|Register:inst|38decoder:inst9|inst4~0                                                         ; 16      ;
; Datapath:inst|Register:inst|38decoder:inst9|inst11~0                                                        ; 16      ;
; Datapath:inst|Register:inst|38decoder:inst9|inst9~0                                                         ; 16      ;
; Datapath:inst|Register:inst|38decoder:inst10|inst9~0                                                        ; 15      ;
; Datapath:inst|Register:inst|38decoder:inst10|inst4~0                                                        ; 15      ;
; Datapath:inst|Register:inst|38decoder:inst10|inst5~0                                                        ; 15      ;
; Datapath:inst|Register:inst|38decoder:inst10|inst6~0                                                        ; 15      ;
; Datapath:inst|Register:inst|38decoder:inst9|inst2                                                           ; 15      ;
; Datapath:inst|Register:inst|38decoder:inst9|inst7                                                           ; 15      ;
; Controller:inst1|inst                                                                                       ; 13      ;
; Datapath:inst|Register:inst|38decoder:inst10|inst8~0                                                        ; 13      ;
; Datapath:inst|16MUX21:inst1|inst2[3]~23                                                                     ; 8       ;
; Datapath:inst|Register16:PCReg|Register4:inst2|inst1                                                        ; 8       ;
; Datapath:inst|16MUX21:inst1|inst2[4]~18                                                                     ; 8       ;
; Datapath:inst|AU1:inst24|lpm_mux0:inst9|lpm_mux:LPM_MUX_component|mux_u4e:auto_generated|result_node[15]~3  ; 8       ;
; Controller:inst1|inst111                                                                                    ; 8       ;
; Datapath:inst|IMEM:inst7|rom~2                                                                              ; 8       ;
; Datapath:inst|16MUX21:inst4|inst2[1]~17                                                                     ; 7       ;
; Datapath:inst|Adder16a0:inst9|Adder16:inst|Adder4:inst2|FA:inst|HA:inst1|inst1                              ; 7       ;
; Datapath:inst|16MUX21:inst4|inst2[0]~16                                                                     ; 7       ;
; Datapath:inst|16MUX21:inst4|inst2[2]~15                                                                     ; 7       ;
; Datapath:inst|16MUX21:inst4|inst2[3]~14                                                                     ; 7       ;
; Datapath:inst|16MUX21:inst4|inst2[4]~13                                                                     ; 7       ;
; Datapath:inst|16MUX21:inst4|inst2[5]~12                                                                     ; 7       ;
; Datapath:inst|16MUX21:inst4|inst2[6]~11                                                                     ; 7       ;
; Datapath:inst|16MUX21:inst4|inst2[7]~10                                                                     ; 7       ;
; Datapath:inst|16MUX21:inst4|inst2[8]~9                                                                      ; 7       ;
; Datapath:inst|16MUX21:inst4|inst2[9]~8                                                                      ; 7       ;
; Datapath:inst|16MUX21:inst4|inst2[10]~7                                                                     ; 7       ;
; Datapath:inst|16MUX21:inst4|inst2[11]~6                                                                     ; 7       ;
; Datapath:inst|16MUX21:inst4|inst2[13]~5                                                                     ; 7       ;
; Datapath:inst|16MUX21:inst4|inst2[12]~4                                                                     ; 7       ;
; Datapath:inst|16MUX21:inst4|inst2[14]~3                                                                     ; 7       ;
; Datapath:inst|16MUX21:inst4|inst2[15]~2                                                                     ; 7       ;
; Datapath:inst|Adder16a0:inst9|Adder16:inst|Adder4:inst1|FA:inst17|HA:inst1|inst1                            ; 7       ;
; Datapath:inst|Register16:PCReg|Register4:inst3|inst                                                         ; 7       ;
; Datapath:inst|16MUX21:inst1|inst2[2]~19                                                                     ; 7       ;
; Datapath:inst|16MUX21:inst1|inst2[6]~17                                                                     ; 7       ;
; Datapath:inst|16MUX21:inst1|inst2[7]~16                                                                     ; 7       ;
; Datapath:inst|16MUX21:inst1|inst2[11]~12                                                                    ; 7       ;
; Datapath:inst|IMEM:inst7|rom~20                                                                             ; 7       ;
; Datapath:inst|16MUX21:inst1|inst2[13]~11                                                                    ; 7       ;
; Datapath:inst|16MUX21:inst1|inst2[12]~10                                                                    ; 7       ;
; Datapath:inst|IMEM:inst7|rom~15                                                                             ; 7       ;
; Datapath:inst|IMEM:inst7|rom~9                                                                              ; 7       ;
; Datapath:inst|IMEM:inst7|rom~8                                                                              ; 7       ;
; Datapath:inst|IMEM:inst7|rom~30                                                                             ; 6       ;
; Datapath:inst|16MUX21:inst1|inst2[5]~22                                                                     ; 6       ;
; Datapath:inst|Adder16a0:inst9|Adder16:inst|Adder4:inst2|FA:inst19|HA:inst1|inst1                            ; 6       ;
; Datapath:inst|Register16:PCReg|Register4:inst1|inst3                                                        ; 6       ;
; Datapath:inst|Register16:PCReg|Register4:inst2|inst2                                                        ; 6       ;
; Datapath:inst|16MUX21:inst1|inst2[1]~20                                                                     ; 6       ;
; Datapath:inst|Register:inst|RF16bit:R0|RF8bit:inst|RFC:inst1|inst13~4                                       ; 6       ;
; Datapath:inst|16MUX21:inst1|inst2[14]~9                                                                     ; 6       ;
; Datapath:inst|IMEM:inst7|rom~5                                                                              ; 6       ;
; Datapath:inst|IMEM:inst7|rom~3                                                                              ; 6       ;
; Datapath:inst|IMEM:inst7|rom~32                                                                             ; 5       ;
; Datapath:inst|Register16:PCReg|Register4:inst3|inst1                                                        ; 5       ;
; Datapath:inst|16MUX21:inst1|inst2[0]~21                                                                     ; 5       ;
; Datapath:inst|16MUX21:inst1|inst2[8]~15                                                                     ; 5       ;
; Datapath:inst|16MUX21:inst1|inst2[10]~13                                                                    ; 5       ;
; Datapath:inst|IMEM:inst7|rom~7                                                                              ; 5       ;
; Datapath:inst|AU1:inst24|lpm_mux0:inst9|lpm_mux:LPM_MUX_component|mux_u4e:auto_generated|result_node[15]~51 ; 4       ;
; Datapath:inst|Register16:PCReg|Register4:inst2|inst                                                         ; 4       ;
; Datapath:inst|Register16:PCReg|Register4:inst2|inst3                                                        ; 4       ;
; Datapath:inst|Register16:PCReg|Register4:inst3|inst2                                                        ; 4       ;
; Datapath:inst|Register:inst|RF16bit:R0|RF8bit:inst|RFC:inst6|inst12~3                                       ; 4       ;
; Datapath:inst|Register:inst|RF16bit:R0|RF8bit:inst|RFC:inst5|inst12~3                                       ; 4       ;
; Datapath:inst|Register:inst|RF16bit:R0|RF8bit:inst|RFC:inst4|inst12~3                                       ; 4       ;
; Datapath:inst|Register:inst|RF16bit:R0|RF8bit:inst|RFC:inst3|inst12~3                                       ; 4       ;
; Datapath:inst|Register:inst|RF16bit:R0|RF8bit:inst|RFC:inst2|inst12~3                                       ; 4       ;
; Datapath:inst|Register:inst|RF16bit:R0|RF8bit:inst|RFC:inst1|inst12~3                                       ; 4       ;
; Datapath:inst|Register:inst|RF16bit:R0|RF8bit:inst|RFC:inst|inst12~3                                        ; 4       ;
; Datapath:inst|Register:inst|RF16bit:R0|RF8bit:inst1|RFC:inst7|inst12~3                                      ; 4       ;
; Datapath:inst|Register:inst|RF16bit:R0|RF8bit:inst1|RFC:inst6|inst12~3                                      ; 4       ;
; Datapath:inst|Register:inst|RF16bit:R0|RF8bit:inst1|RFC:inst5|inst12~3                                      ; 4       ;
; Datapath:inst|Register:inst|RF16bit:R0|RF8bit:inst1|RFC:inst4|inst12~3                                      ; 4       ;
; Datapath:inst|Register:inst|RF16bit:R0|RF8bit:inst|RFC:inst|inst13~4                                        ; 4       ;
; Datapath:inst|Register:inst|RF16bit:R0|RF8bit:inst|RFC:inst2|inst13~4                                       ; 4       ;
; Datapath:inst|Register:inst|RF16bit:R0|RF8bit:inst|RFC:inst7|inst13~4                                       ; 4       ;
; Datapath:inst|ALUControl:inst5|inst5~2                                                                      ; 4       ;
; Datapath:inst|AU1:inst24|lpm_mux0:inst9|lpm_mux:LPM_MUX_component|mux_u4e:auto_generated|result_node[0]~50  ; 3       ;
; Datapath:inst|AU1:inst24|lpm_mux0:inst9|lpm_mux:LPM_MUX_component|mux_u4e:auto_generated|result_node[3]~40  ; 3       ;
; Datapath:inst|AU1:inst24|lpm_mux0:inst9|lpm_mux:LPM_MUX_component|mux_u4e:auto_generated|result_node[11]~16 ; 3       ;
; Datapath:inst|AU1:inst24|lpm_mux0:inst9|lpm_mux:LPM_MUX_component|mux_u4e:auto_generated|result_node[11]~15 ; 3       ;
; Datapath:inst|AU1:inst24|lpm_mux0:inst9|lpm_mux:LPM_MUX_component|mux_u4e:auto_generated|result_node[12]~14 ; 3       ;
; Datapath:inst|AU1:inst24|lpm_mux0:inst9|lpm_mux:LPM_MUX_component|mux_u4e:auto_generated|result_node[13]~11 ; 3       ;
; Datapath:inst|AU1:inst24|lpm_mux0:inst9|lpm_mux:LPM_MUX_component|mux_u4e:auto_generated|result_node[14]~8  ; 3       ;
; Datapath:inst|AU1:inst24|lpm_mux0:inst9|lpm_mux:LPM_MUX_component|mux_u4e:auto_generated|result_node[15]~5  ; 3       ;
; Datapath:inst|Register:inst|RF16bit:R0|RF8bit:inst1|RFC:inst3|inst12~3                                      ; 3       ;
; Datapath:inst|Register:inst|RF16bit:R0|RF8bit:inst1|RFC:inst2|inst12~3                                      ; 3       ;
; Datapath:inst|Register:inst|RF16bit:R0|RF8bit:inst1|RFC:inst1|inst12~3                                      ; 3       ;
; Datapath:inst|Register:inst|RF16bit:R0|RF8bit:inst1|RFC:inst|inst12~4                                       ; 3       ;
; Datapath:inst|16MUX21:inst1|inst2[9]~14                                                                     ; 3       ;
; Datapath:inst|Register:inst|RF16bit:R0|RF8bit:inst|RFC:inst6|inst13~4                                       ; 3       ;
; Datapath:inst|16MUX21:inst1|inst2[15]~8                                                                     ; 3       ;
; Datapath:inst|Register:inst|RF16bit:R0|RF8bit:inst|RFC:inst7|inst12~3                                       ; 3       ;
; Datapath:inst|IMEM:inst7|rom~11                                                                             ; 3       ;
; Datapath:inst|Register:inst|38decoder:inst11|inst9~3                                                        ; 2       ;
; Datapath:inst|AU1:inst24|shifter_16bit:inst5|O[0]~49                                                        ; 2       ;
; Datapath:inst|AU1:inst24|shifter_16bit:inst5|O[0]~48                                                        ; 2       ;
; Datapath:inst|AU1:inst24|shifter_16bit:inst5|ShiftLeft0~43                                                  ; 2       ;
; Datapath:inst|AU1:inst24|shifter_16bit:inst5|ShiftLeft0~42                                                  ; 2       ;
; Datapath:inst|AU1:inst24|shifter_16bit:inst5|ShiftRight0~40                                                 ; 2       ;
; Datapath:inst|AU1:inst24|shifter_16bit:inst5|ShiftLeft0~41                                                  ; 2       ;
; Datapath:inst|AU1:inst24|shifter_16bit:inst5|ShiftRight0~39                                                 ; 2       ;
; Datapath:inst|AU1:inst24|shifter_16bit:inst5|ShiftLeft0~40                                                  ; 2       ;
; Datapath:inst|AU1:inst24|shifter_16bit:inst5|ShiftRight0~38                                                 ; 2       ;
; Datapath:inst|AU1:inst24|shifter_16bit:inst5|ShiftLeft0~39                                                  ; 2       ;
; Datapath:inst|AU1:inst24|shifter_16bit:inst5|ShiftRight0~37                                                 ; 2       ;
; Datapath:inst|AU1:inst24|shifter_16bit:inst5|ShiftLeft0~38                                                  ; 2       ;
; Datapath:inst|AU1:inst24|shifter_16bit:inst5|ShiftLeft0~37                                                  ; 2       ;
; Datapath:inst|AU1:inst24|shifter_16bit:inst5|ShiftLeft0~36                                                  ; 2       ;
; Datapath:inst|AU1:inst24|shifter_16bit:inst5|ShiftRight0~34                                                 ; 2       ;
; Datapath:inst|AU1:inst24|shifter_16bit:inst5|ShiftLeft0~35                                                  ; 2       ;
; Datapath:inst|AU1:inst24|shifter_16bit:inst5|ShiftRight0~33                                                 ; 2       ;
; Datapath:inst|AU1:inst24|shifter_16bit:inst5|ShiftRight0~32                                                 ; 2       ;
; Datapath:inst|AU1:inst24|shifter_16bit:inst5|ShiftRight0~31                                                 ; 2       ;
; Datapath:inst|AU1:inst24|shifter_16bit:inst5|ShiftLeft0~32                                                  ; 2       ;
; Datapath:inst|AU1:inst24|shifter_16bit:inst5|ShiftRight0~30                                                 ; 2       ;
; Datapath:inst|AU1:inst24|shifter_16bit:inst5|ShiftLeft0~31                                                  ; 2       ;
; Datapath:inst|AU1:inst24|shifter_16bit:inst5|O[15]~47                                                       ; 2       ;
; Datapath:inst|AU1:inst24|shifter_16bit:inst5|ShiftLeft0~30                                                  ; 2       ;
; Datapath:inst|AU1:inst24|shifter_16bit:inst5|O[15]~45                                                       ; 2       ;
; Datapath:inst|Adder16a0:inst20|Adder16:inst|Adder4:inst3|FA:inst17|inst2~0                                  ; 2       ;
; Datapath:inst|Adder16a0:inst20|Adder16:inst|Adder4:inst3|FA:inst|inst2~0                                    ; 2       ;
; Datapath:inst|Adder16a0:inst20|Adder16:inst|Adder4:inst2|FA:inst19|inst2~0                                  ; 2       ;
; Datapath:inst|Adder16a0:inst20|Adder16:inst|Adder4:inst2|FA:inst18|inst2~0                                  ; 2       ;
; Datapath:inst|Adder16a0:inst20|Adder16:inst|Adder4:inst2|FA:inst17|inst2~0                                  ; 2       ;
; Datapath:inst|Adder16a0:inst20|Adder16:inst|Adder4:inst2|FA:inst|inst2~0                                    ; 2       ;
; Datapath:inst|Adder16a0:inst20|Adder16:inst|Adder4:inst1|FA:inst19|inst2~0                                  ; 2       ;
; Datapath:inst|Adder16a0:inst20|Adder16:inst|Adder4:inst1|FA:inst18|inst2~0                                  ; 2       ;
; Datapath:inst|Adder16a0:inst9|Adder16:inst|Adder4:inst3|FA:inst17|HA:inst1|inst1                            ; 2       ;
; Datapath:inst|IMEM:inst7|rom~24                                                                             ; 2       ;
; Datapath:inst|IMEM:inst7|rom~22                                                                             ; 2       ;
; Datapath:inst|Adder16a0:inst20|Adder16:inst|Adder4:inst1|FA:inst17|inst2~0                                  ; 2       ;
; Datapath:inst|Adder16a0:inst20|Adder16:inst|Adder4:inst1|FA:inst|inst2~0                                    ; 2       ;
; Datapath:inst|Adder16a0:inst20|Adder16:inst|Adder4:inst|FA:inst19|inst2~0                                   ; 2       ;
; Datapath:inst|AU1:inst24|Zero_check:inst10|inst2~5                                                          ; 2       ;
; Datapath:inst|Register16:PCReg|Register4:inst3|inst3                                                        ; 2       ;
; Datapath:inst|AU1:inst24|shifter_16bit:inst5|O[0]~44                                                        ; 2       ;
; Datapath:inst|AU1:inst24|lpm_mux0:inst9|lpm_mux:LPM_MUX_component|mux_u4e:auto_generated|result_node[1]~46  ; 2       ;
; Datapath:inst|AU1:inst24|lpm_mux0:inst9|lpm_mux:LPM_MUX_component|mux_u4e:auto_generated|result_node[1]~45  ; 2       ;
; Datapath:inst|AU1:inst24|shifter_16bit:inst5|O[0]~41                                                        ; 2       ;
; Datapath:inst|AU1:inst24|lpm_mux0:inst9|lpm_mux:LPM_MUX_component|mux_u4e:auto_generated|result_node[1]~44  ; 2       ;
; Datapath:inst|AU1:inst24|lpm_mux0:inst9|lpm_mux:LPM_MUX_component|mux_u4e:auto_generated|result_node[2]~42  ; 2       ;
; Datapath:inst|AU1:inst24|shifter_16bit:inst5|O[2]~39                                                        ; 2       ;
; Datapath:inst|AU1:inst24|lpm_mux0:inst9|lpm_mux:LPM_MUX_component|mux_u4e:auto_generated|result_node[2]~41  ; 2       ;
; Datapath:inst|AU1:inst24|lpm_mux0:inst9|lpm_mux:LPM_MUX_component|mux_u4e:auto_generated|result_node[4]~38  ; 2       ;
; Datapath:inst|AU1:inst24|lpm_mux0:inst9|lpm_mux:LPM_MUX_component|mux_u4e:auto_generated|result_node[4]~37  ; 2       ;
; Datapath:inst|AU1:inst24|lpm_mux0:inst9|lpm_mux:LPM_MUX_component|mux_u4e:auto_generated|result_node[4]~36  ; 2       ;
; Datapath:inst|AU1:inst24|lpm_mux0:inst9|lpm_mux:LPM_MUX_component|mux_u4e:auto_generated|result_node[5]~35  ; 2       ;
; Datapath:inst|AU1:inst24|lpm_mux0:inst9|lpm_mux:LPM_MUX_component|mux_u4e:auto_generated|result_node[5]~34  ; 2       ;
; Datapath:inst|AU1:inst24|lpm_mux0:inst9|lpm_mux:LPM_MUX_component|mux_u4e:auto_generated|result_node[5]~33  ; 2       ;
; Datapath:inst|AU1:inst24|lpm_mux0:inst9|lpm_mux:LPM_MUX_component|mux_u4e:auto_generated|result_node[6]~32  ; 2       ;
; Datapath:inst|AU1:inst24|lpm_mux0:inst9|lpm_mux:LPM_MUX_component|mux_u4e:auto_generated|result_node[6]~31  ; 2       ;
; Datapath:inst|AU1:inst24|lpm_mux0:inst9|lpm_mux:LPM_MUX_component|mux_u4e:auto_generated|result_node[6]~30  ; 2       ;
; Datapath:inst|AU1:inst24|lpm_mux0:inst9|lpm_mux:LPM_MUX_component|mux_u4e:auto_generated|result_node[7]~29  ; 2       ;
; Datapath:inst|AU1:inst24|lpm_mux0:inst9|lpm_mux:LPM_MUX_component|mux_u4e:auto_generated|result_node[7]~28  ; 2       ;
; Datapath:inst|AU1:inst24|lpm_mux0:inst9|lpm_mux:LPM_MUX_component|mux_u4e:auto_generated|result_node[7]~27  ; 2       ;
; Datapath:inst|AU1:inst24|lpm_mux0:inst9|lpm_mux:LPM_MUX_component|mux_u4e:auto_generated|result_node[8]~26  ; 2       ;
; Datapath:inst|AU1:inst24|lpm_mux0:inst9|lpm_mux:LPM_MUX_component|mux_u4e:auto_generated|result_node[8]~25  ; 2       ;
; Datapath:inst|AU1:inst24|shifter_16bit:inst5|ShiftRight0~29                                                 ; 2       ;
; Datapath:inst|AU1:inst24|lpm_mux0:inst9|lpm_mux:LPM_MUX_component|mux_u4e:auto_generated|result_node[8]~24  ; 2       ;
; Datapath:inst|AU1:inst24|lpm_mux0:inst9|lpm_mux:LPM_MUX_component|mux_u4e:auto_generated|result_node[9]~23  ; 2       ;
; Datapath:inst|AU1:inst24|lpm_mux0:inst9|lpm_mux:LPM_MUX_component|mux_u4e:auto_generated|result_node[9]~22  ; 2       ;
; Datapath:inst|AU1:inst24|shifter_16bit:inst5|ShiftRight0~28                                                 ; 2       ;
; Datapath:inst|AU1:inst24|lpm_mux0:inst9|lpm_mux:LPM_MUX_component|mux_u4e:auto_generated|result_node[9]~21  ; 2       ;
; Datapath:inst|AU1:inst24|lpm_mux0:inst9|lpm_mux:LPM_MUX_component|mux_u4e:auto_generated|result_node[10]~20 ; 2       ;
; Datapath:inst|AU1:inst24|lpm_mux0:inst9|lpm_mux:LPM_MUX_component|mux_u4e:auto_generated|result_node[10]~19 ; 2       ;
; Datapath:inst|AU1:inst24|lpm_mux0:inst9|lpm_mux:LPM_MUX_component|mux_u4e:auto_generated|result_node[10]~18 ; 2       ;
; Datapath:inst|AU1:inst24|shifter_16bit:inst5|ShiftLeft0~29                                                  ; 2       ;
; Datapath:inst|AU1:inst24|shifter_16bit:inst5|ShiftLeft0~28                                                  ; 2       ;
; Datapath:inst|AU1:inst24|Adder16:inst|Adder4:inst3|FA:inst17|inst2~0                                        ; 2       ;
; Datapath:inst|AU1:inst24|Adder16:inst|Adder4:inst3|FA:inst|inst2~0                                          ; 2       ;
; Datapath:inst|AU1:inst24|Adder16:inst|Adder4:inst2|FA:inst19|inst2~0                                        ; 2       ;
; Datapath:inst|AU1:inst24|Adder16:inst|Adder4:inst2|FA:inst18|inst2~0                                        ; 2       ;
; Datapath:inst|AU1:inst24|Adder16:inst|Adder4:inst2|FA:inst17|inst2~0                                        ; 2       ;
; Datapath:inst|AU1:inst24|Adder16:inst|Adder4:inst2|FA:inst|inst2~0                                          ; 2       ;
; Datapath:inst|AU1:inst24|Adder16:inst|Adder4:inst1|FA:inst19|inst2~0                                        ; 2       ;
; Datapath:inst|AU1:inst24|Adder16:inst|Adder4:inst1|FA:inst18|inst2~0                                        ; 2       ;
; Datapath:inst|AU1:inst24|Adder16:inst|Adder4:inst1|FA:inst17|inst2~0                                        ; 2       ;
; Datapath:inst|AU1:inst24|Adder16:inst|Adder4:inst1|FA:inst|inst2~0                                          ; 2       ;
; Datapath:inst|AU1:inst24|Adder16:inst|Adder4:inst|FA:inst19|inst2~0                                         ; 2       ;
; Datapath:inst|AU1:inst24|Adder16:inst|Adder4:inst|FA:inst18|inst2~0                                         ; 2       ;
; Datapath:inst|AU1:inst24|Adder16:inst|Adder4:inst|FA:inst17|inst2~0                                         ; 2       ;
; Datapath:inst|AU1:inst24|Adder16:inst|Adder4:inst|FA:inst|inst2~0                                           ; 2       ;
; Datapath:inst|Register:inst|RF16bit:R0|RF8bit:inst1|RFC:inst|inst13~4                                       ; 2       ;
; Datapath:inst|Register:inst|RF16bit:R0|RF8bit:inst1|RFC:inst|inst13~2                                       ; 2       ;
; Datapath:inst|Register:inst|RF16bit:R3|RF8bit:inst1|RFC:inst|inst14                                         ; 2       ;
; Datapath:inst|Register:inst|RF16bit:R5|RF8bit:inst1|RFC:inst|inst14                                         ; 2       ;
; Datapath:inst|Register:inst|RF16bit:R4|RF8bit:inst1|RFC:inst|inst14                                         ; 2       ;
; Datapath:inst|Register:inst|RF16bit:R6|RF8bit:inst1|RFC:inst|inst14                                         ; 2       ;
; Datapath:inst|Register:inst|RF16bit:R7|RF8bit:inst1|RFC:inst|inst14                                         ; 2       ;
; Datapath:inst|Register:inst|RF16bit:R2|RF8bit:inst1|RFC:inst|inst14                                         ; 2       ;
; Datapath:inst|Register:inst|RF16bit:R0|RF8bit:inst1|RFC:inst1|inst13~4                                      ; 2       ;
; Datapath:inst|Register:inst|RF16bit:R6|RF8bit:inst1|RFC:inst1|inst14                                        ; 2       ;
; Datapath:inst|Register:inst|RF16bit:R5|RF8bit:inst1|RFC:inst1|inst14                                        ; 2       ;
; Datapath:inst|Register:inst|RF16bit:R2|RF8bit:inst1|RFC:inst1|inst14                                        ; 2       ;
; Datapath:inst|Register:inst|RF16bit:R7|RF8bit:inst1|RFC:inst1|inst14                                        ; 2       ;
; Datapath:inst|Register:inst|RF16bit:R4|RF8bit:inst1|RFC:inst1|inst14                                        ; 2       ;
; Datapath:inst|Register:inst|RF16bit:R3|RF8bit:inst1|RFC:inst1|inst14                                        ; 2       ;
; Datapath:inst|Register:inst|RF16bit:R0|RF8bit:inst1|RFC:inst2|inst13~4                                      ; 2       ;
; Datapath:inst|Register:inst|RF16bit:R4|RF8bit:inst1|RFC:inst2|inst14                                        ; 2       ;
; Datapath:inst|Register:inst|RF16bit:R2|RF8bit:inst1|RFC:inst2|inst14                                        ; 2       ;
; Datapath:inst|Register:inst|RF16bit:R3|RF8bit:inst1|RFC:inst2|inst14                                        ; 2       ;
; Datapath:inst|Register:inst|RF16bit:R5|RF8bit:inst1|RFC:inst2|inst14                                        ; 2       ;
; Datapath:inst|Register:inst|RF16bit:R6|RF8bit:inst1|RFC:inst2|inst14                                        ; 2       ;
; Datapath:inst|Register:inst|RF16bit:R7|RF8bit:inst1|RFC:inst2|inst14                                        ; 2       ;
; Datapath:inst|Register:inst|RF16bit:R0|RF8bit:inst1|RFC:inst3|inst13~4                                      ; 2       ;
; Datapath:inst|Register:inst|RF16bit:R2|RF8bit:inst1|RFC:inst3|inst14                                        ; 2       ;
; Datapath:inst|Register:inst|RF16bit:R3|RF8bit:inst1|RFC:inst3|inst14                                        ; 2       ;
; Datapath:inst|Register:inst|RF16bit:R5|RF8bit:inst1|RFC:inst3|inst14                                        ; 2       ;
; Datapath:inst|Register:inst|RF16bit:R6|RF8bit:inst1|RFC:inst3|inst14                                        ; 2       ;
; Datapath:inst|Register:inst|RF16bit:R7|RF8bit:inst1|RFC:inst3|inst14                                        ; 2       ;
; Datapath:inst|Register:inst|RF16bit:R4|RF8bit:inst1|RFC:inst3|inst14                                        ; 2       ;
; Datapath:inst|Register:inst|RF16bit:R0|RF8bit:inst1|RFC:inst4|inst13~4                                      ; 2       ;
; Datapath:inst|Register:inst|RF16bit:R2|RF8bit:inst1|RFC:inst4|inst14                                        ; 2       ;
; Datapath:inst|Register:inst|RF16bit:R3|RF8bit:inst1|RFC:inst4|inst14                                        ; 2       ;
; Datapath:inst|Register:inst|RF16bit:R5|RF8bit:inst1|RFC:inst4|inst14                                        ; 2       ;
; Datapath:inst|Register:inst|RF16bit:R6|RF8bit:inst1|RFC:inst4|inst14                                        ; 2       ;
; Datapath:inst|Register:inst|RF16bit:R7|RF8bit:inst1|RFC:inst4|inst14                                        ; 2       ;
; Datapath:inst|Register:inst|RF16bit:R4|RF8bit:inst1|RFC:inst4|inst14                                        ; 2       ;
; Datapath:inst|Register:inst|RF16bit:R0|RF8bit:inst1|RFC:inst5|inst13~4                                      ; 2       ;
; Datapath:inst|Register:inst|RF16bit:R2|RF8bit:inst1|RFC:inst5|inst14                                        ; 2       ;
; Datapath:inst|Register:inst|RF16bit:R3|RF8bit:inst1|RFC:inst5|inst14                                        ; 2       ;
; Datapath:inst|Register:inst|RF16bit:R5|RF8bit:inst1|RFC:inst5|inst14                                        ; 2       ;
; Datapath:inst|Register:inst|RF16bit:R6|RF8bit:inst1|RFC:inst5|inst14                                        ; 2       ;
; Datapath:inst|Register:inst|RF16bit:R7|RF8bit:inst1|RFC:inst5|inst14                                        ; 2       ;
; Datapath:inst|Register:inst|RF16bit:R4|RF8bit:inst1|RFC:inst5|inst14                                        ; 2       ;
; Datapath:inst|Register:inst|RF16bit:R0|RF8bit:inst1|RFC:inst6|inst13~4                                      ; 2       ;
; Datapath:inst|Register:inst|RF16bit:R2|RF8bit:inst1|RFC:inst6|inst14                                        ; 2       ;
; Datapath:inst|Register:inst|RF16bit:R3|RF8bit:inst1|RFC:inst6|inst14                                        ; 2       ;
; Datapath:inst|Register:inst|RF16bit:R5|RF8bit:inst1|RFC:inst6|inst14                                        ; 2       ;
; Datapath:inst|Register:inst|RF16bit:R6|RF8bit:inst1|RFC:inst6|inst14                                        ; 2       ;
; Datapath:inst|Register:inst|RF16bit:R7|RF8bit:inst1|RFC:inst6|inst14                                        ; 2       ;
; Datapath:inst|Register:inst|RF16bit:R4|RF8bit:inst1|RFC:inst6|inst14                                        ; 2       ;
; Datapath:inst|Register:inst|RF16bit:R0|RF8bit:inst1|RFC:inst7|inst13~4                                      ; 2       ;
; Datapath:inst|Register:inst|RF16bit:R2|RF8bit:inst1|RFC:inst7|inst14                                        ; 2       ;
; Datapath:inst|Register:inst|RF16bit:R3|RF8bit:inst1|RFC:inst7|inst14                                        ; 2       ;
; Datapath:inst|Register:inst|RF16bit:R5|RF8bit:inst1|RFC:inst7|inst14                                        ; 2       ;
; Datapath:inst|Register:inst|RF16bit:R6|RF8bit:inst1|RFC:inst7|inst14                                        ; 2       ;
; Datapath:inst|Register:inst|RF16bit:R7|RF8bit:inst1|RFC:inst7|inst14                                        ; 2       ;
; Datapath:inst|Register:inst|RF16bit:R4|RF8bit:inst1|RFC:inst7|inst14                                        ; 2       ;
; Datapath:inst|Register:inst|RF16bit:R2|RF8bit:inst|RFC:inst|inst14                                          ; 2       ;
; Datapath:inst|Register:inst|RF16bit:R3|RF8bit:inst|RFC:inst|inst14                                          ; 2       ;
; Datapath:inst|Register:inst|RF16bit:R5|RF8bit:inst|RFC:inst|inst14                                          ; 2       ;
; Datapath:inst|Register:inst|RF16bit:R6|RF8bit:inst|RFC:inst|inst14                                          ; 2       ;
; Datapath:inst|Register:inst|RF16bit:R7|RF8bit:inst|RFC:inst|inst14                                          ; 2       ;
; Datapath:inst|Register:inst|RF16bit:R4|RF8bit:inst|RFC:inst|inst14                                          ; 2       ;
; Datapath:inst|Register:inst|RF16bit:R2|RF8bit:inst|RFC:inst1|inst14                                         ; 2       ;
; Datapath:inst|Register:inst|RF16bit:R3|RF8bit:inst|RFC:inst1|inst14                                         ; 2       ;
; Datapath:inst|Register:inst|RF16bit:R5|RF8bit:inst|RFC:inst1|inst14                                         ; 2       ;
; Datapath:inst|Register:inst|RF16bit:R6|RF8bit:inst|RFC:inst1|inst14                                         ; 2       ;
; Datapath:inst|Register:inst|RF16bit:R7|RF8bit:inst|RFC:inst1|inst14                                         ; 2       ;
; Datapath:inst|Register:inst|RF16bit:R4|RF8bit:inst|RFC:inst1|inst14                                         ; 2       ;
; Datapath:inst|Register:inst|RF16bit:R2|RF8bit:inst|RFC:inst2|inst14                                         ; 2       ;
; Datapath:inst|Register:inst|RF16bit:R3|RF8bit:inst|RFC:inst2|inst14                                         ; 2       ;
; Datapath:inst|Register:inst|RF16bit:R5|RF8bit:inst|RFC:inst2|inst14                                         ; 2       ;
; Datapath:inst|Register:inst|RF16bit:R6|RF8bit:inst|RFC:inst2|inst14                                         ; 2       ;
; Datapath:inst|Register:inst|RF16bit:R7|RF8bit:inst|RFC:inst2|inst14                                         ; 2       ;
; Datapath:inst|Register:inst|RF16bit:R4|RF8bit:inst|RFC:inst2|inst14                                         ; 2       ;
; Datapath:inst|IMEM:inst7|rom~21                                                                             ; 2       ;
; Datapath:inst|Register:inst|RF16bit:R0|RF8bit:inst|RFC:inst3|inst13~4                                       ; 2       ;
; Datapath:inst|Register:inst|RF16bit:R2|RF8bit:inst|RFC:inst3|inst14                                         ; 2       ;
; Datapath:inst|Register:inst|RF16bit:R3|RF8bit:inst|RFC:inst3|inst14                                         ; 2       ;
; Datapath:inst|Register:inst|RF16bit:R5|RF8bit:inst|RFC:inst3|inst14                                         ; 2       ;
; Datapath:inst|Register:inst|RF16bit:R6|RF8bit:inst|RFC:inst3|inst14                                         ; 2       ;
; Datapath:inst|Register:inst|RF16bit:R7|RF8bit:inst|RFC:inst3|inst14                                         ; 2       ;
; Datapath:inst|Register:inst|RF16bit:R4|RF8bit:inst|RFC:inst3|inst14                                         ; 2       ;
; Datapath:inst|AU1:inst24|shifter_16bit:inst5|O[15]~10                                                       ; 2       ;
; Datapath:inst|AU1:inst24|shifter_16bit:inst5|ShiftRight0~26                                                 ; 2       ;
; Datapath:inst|IMEM:inst7|rom~18                                                                             ; 2       ;
; Datapath:inst|Register:inst|RF16bit:R0|RF8bit:inst|RFC:inst5|inst13~4                                       ; 2       ;
; Datapath:inst|Register:inst|RF16bit:R2|RF8bit:inst|RFC:inst5|inst14                                         ; 2       ;
; Datapath:inst|Register:inst|RF16bit:R3|RF8bit:inst|RFC:inst5|inst14                                         ; 2       ;
; Datapath:inst|Register:inst|RF16bit:R5|RF8bit:inst|RFC:inst5|inst14                                         ; 2       ;
; Datapath:inst|Register:inst|RF16bit:R6|RF8bit:inst|RFC:inst5|inst14                                         ; 2       ;
; Datapath:inst|Register:inst|RF16bit:R7|RF8bit:inst|RFC:inst5|inst14                                         ; 2       ;
; Datapath:inst|Register:inst|RF16bit:R4|RF8bit:inst|RFC:inst5|inst14                                         ; 2       ;
; Datapath:inst|IMEM:inst7|rom~17                                                                             ; 2       ;
; Datapath:inst|Register:inst|RF16bit:R0|RF8bit:inst|RFC:inst4|inst13~4                                       ; 2       ;
; Datapath:inst|Register:inst|RF16bit:R2|RF8bit:inst|RFC:inst4|inst14                                         ; 2       ;
; Datapath:inst|Register:inst|RF16bit:R3|RF8bit:inst|RFC:inst4|inst14                                         ; 2       ;
; Datapath:inst|Register:inst|RF16bit:R5|RF8bit:inst|RFC:inst4|inst14                                         ; 2       ;
; Datapath:inst|Register:inst|RF16bit:R6|RF8bit:inst|RFC:inst4|inst14                                         ; 2       ;
; Datapath:inst|Register:inst|RF16bit:R7|RF8bit:inst|RFC:inst4|inst14                                         ; 2       ;
; Datapath:inst|Register:inst|RF16bit:R4|RF8bit:inst|RFC:inst4|inst14                                         ; 2       ;
; Datapath:inst|Register:inst|RF16bit:R2|RF8bit:inst|RFC:inst6|inst14                                         ; 2       ;
; Datapath:inst|Register:inst|RF16bit:R3|RF8bit:inst|RFC:inst6|inst14                                         ; 2       ;
; Datapath:inst|Register:inst|RF16bit:R5|RF8bit:inst|RFC:inst6|inst14                                         ; 2       ;
; Datapath:inst|Register:inst|RF16bit:R6|RF8bit:inst|RFC:inst6|inst14                                         ; 2       ;
; Datapath:inst|Register:inst|RF16bit:R7|RF8bit:inst|RFC:inst6|inst14                                         ; 2       ;
; Datapath:inst|Register:inst|RF16bit:R4|RF8bit:inst|RFC:inst6|inst14                                         ; 2       ;
; Datapath:inst|Register:inst|RF16bit:R7|RF8bit:inst|RFC:inst7|inst14                                         ; 2       ;
; Datapath:inst|Register:inst|RF16bit:R6|RF8bit:inst|RFC:inst7|inst14                                         ; 2       ;
; Datapath:inst|Register:inst|RF16bit:R4|RF8bit:inst|RFC:inst7|inst14                                         ; 2       ;
; Datapath:inst|IMEM:inst7|rom~10                                                                             ; 2       ;
; Datapath:inst|Register:inst|RF16bit:R3|RF8bit:inst|RFC:inst7|inst14                                         ; 2       ;
; Datapath:inst|Register:inst|RF16bit:R5|RF8bit:inst|RFC:inst7|inst14                                         ; 2       ;
; Datapath:inst|Register:inst|RF16bit:R2|RF8bit:inst|RFC:inst7|inst14                                         ; 2       ;
; Datapath:inst|IMEM:inst7|rom~1                                                                              ; 2       ;
; Datapath:inst|IMEM:inst7|rom~0                                                                              ; 2       ;
; Datapath:inst|IMEM:inst7|rom~31                                                                             ; 1       ;
; Datapath:inst|IMEM:inst7|rom~29                                                                             ; 1       ;
; Datapath:inst|IMEM:inst7|rom~27                                                                             ; 1       ;
; Datapath:inst|IMEM:inst7|rom~25                                                                             ; 1       ;
; Datapath:inst|Register:inst|38decoder:inst11|inst6~4                                                        ; 1       ;
; Datapath:inst|Register:inst|38decoder:inst11|inst8~3                                                        ; 1       ;
; Datapath:inst|Register:inst|38decoder:inst11|inst2~4                                                        ; 1       ;
; Datapath:inst|Register:inst|38decoder:inst11|inst11~3                                                       ; 1       ;
; Datapath:inst|Register:inst|38decoder:inst11|inst4~4                                                        ; 1       ;
; Controller:inst1|inst~4                                                                                     ; 1       ;
; Datapath:inst|AU1:inst24|shifter_16bit:inst5|ShiftRight0~42                                                 ; 1       ;
; Datapath:inst|AU1:inst24|shifter_16bit:inst5|ShiftRight0~41                                                 ; 1       ;
; Datapath:inst|AU1:inst24|shifter_16bit:inst5|ShiftRight0~36                                                 ; 1       ;
; Datapath:inst|AU1:inst24|shifter_16bit:inst5|ShiftRight0~35                                                 ; 1       ;
; Datapath:inst|AU1:inst24|shifter_16bit:inst5|ShiftLeft0~34                                                  ; 1       ;
; Datapath:inst|AU1:inst24|shifter_16bit:inst5|ShiftLeft0~33                                                  ; 1       ;
; Datapath:inst|AU1:inst24|shifter_16bit:inst5|O[15]~46                                                       ; 1       ;
; Datapath:inst|Register:inst|RF16bit:R0|RF8bit:inst1|RFC:inst|inst13~6                                       ; 1       ;
; Datapath:inst|16MUX21:inst10|inst2[7]~13                                                                    ; 1       ;
; Datapath:inst|Adder16a0:inst9|Adder16:inst|Adder4:inst1|FA:inst19|HA:inst1|inst                             ; 1       ;
; Datapath:inst|16MUX21:inst10|inst2[8]~12                                                                    ; 1       ;
; Datapath:inst|Adder16a0:inst9|Adder16:inst|Adder4:inst2|FA:inst|HA:inst1|inst                               ; 1       ;
; Datapath:inst|16MUX21:inst10|inst2[9]~11                                                                    ; 1       ;
; Datapath:inst|Adder16a0:inst9|Adder16:inst|Adder4:inst2|FA:inst17|HA:inst1|inst                             ; 1       ;
; Datapath:inst|16MUX21:inst10|inst2[10]~10                                                                   ; 1       ;
; Datapath:inst|Adder16a0:inst9|Adder16:inst|Adder4:inst2|FA:inst18|HA:inst1|inst                             ; 1       ;
; Datapath:inst|16MUX21:inst10|inst2[11]~9                                                                    ; 1       ;
; Datapath:inst|Adder16a0:inst9|Adder16:inst|Adder4:inst2|FA:inst19|HA:inst1|inst                             ; 1       ;
; Datapath:inst|16MUX21:inst10|inst2[12]~8                                                                    ; 1       ;
; Datapath:inst|Adder16a0:inst9|Adder16:inst|Adder4:inst3|FA:inst|HA:inst1|inst                               ; 1       ;
; Datapath:inst|16MUX21:inst10|inst2[13]~7                                                                    ; 1       ;
; Datapath:inst|Adder16a0:inst9|Adder16:inst|Adder4:inst3|FA:inst17|HA:inst1|inst                             ; 1       ;
; Datapath:inst|16MUX21:inst10|inst2[14]~6                                                                    ; 1       ;
; Datapath:inst|Adder16a0:inst9|Adder16:inst|Adder4:inst3|FA:inst18|HA:inst1|inst                             ; 1       ;
; Datapath:inst|16MUX21:inst10|inst2[15]~5                                                                    ; 1       ;
; Datapath:inst|Adder16a0:inst20|Adder16:inst|Adder4:inst3|FA:inst18|inst2~0                                  ; 1       ;
; Datapath:inst|Adder16a0:inst9|Adder16:inst|Adder4:inst1|FA:inst18|HA:inst1|inst1                            ; 1       ;
; Datapath:inst|Adder16a0:inst9|Adder16:inst|Adder4:inst1|FA:inst19|HA:inst1|inst1                            ; 1       ;
; Datapath:inst|Adder16a0:inst9|Adder16:inst|Adder4:inst2|FA:inst17|HA:inst1|inst1                            ; 1       ;
; Datapath:inst|Adder16a0:inst9|Adder16:inst|Adder4:inst2|FA:inst18|HA:inst1|inst1                            ; 1       ;
; Datapath:inst|Adder16a0:inst9|Adder16:inst|Adder4:inst3|FA:inst|HA:inst1|inst1                              ; 1       ;
; Datapath:inst|Adder16a0:inst9|Adder16:inst|Adder4:inst3|FA:inst19|HA:inst1|inst                             ; 1       ;
; Datapath:inst|IMEM:inst7|rom~23                                                                             ; 1       ;
; Datapath:inst|16MUX21:inst10|inst2[4]~4                                                                     ; 1       ;
; Datapath:inst|Adder16a0:inst9|Adder16:inst|Adder4:inst1|FA:inst|HA:inst1|inst                               ; 1       ;
; Datapath:inst|16MUX21:inst10|inst2[5]~3                                                                     ; 1       ;
; Datapath:inst|Adder16a0:inst9|Adder16:inst|Adder4:inst1|FA:inst17|HA:inst1|inst                             ; 1       ;
; Datapath:inst|16MUX21:inst10|inst2[6]~2                                                                     ; 1       ;
; Datapath:inst|Adder16a0:inst9|Adder16:inst|Adder4:inst1|FA:inst|HA:inst1|inst1                              ; 1       ;
; Datapath:inst|Adder16a0:inst9|Adder16:inst|Adder4:inst|FA:inst19|HA:inst1|inst1~0                           ; 1       ;
; Datapath:inst|Adder16a0:inst9|Adder16:inst|Adder4:inst1|FA:inst18|HA:inst1|inst                             ; 1       ;
; Datapath:inst|16MUX21:inst10|inst2[3]~1                                                                     ; 1       ;
; Datapath:inst|Adder16a0:inst20|Adder16:inst|Adder4:inst|FA:inst19|HA:inst1|inst~0                           ; 1       ;
; Datapath:inst|16MUX21:inst10|inst2[2]~0                                                                     ; 1       ;
; Datapath:inst|AU1:inst24|Zero_check:inst10|inst2~4                                                          ; 1       ;
; Datapath:inst|AU1:inst24|Zero_check:inst10|inst2~3                                                          ; 1       ;
; Datapath:inst|AU1:inst24|Zero_check:inst10|inst2~2                                                          ; 1       ;
; Datapath:inst|AU1:inst24|Zero_check:inst10|inst2~1                                                          ; 1       ;
; Datapath:inst|AU1:inst24|Zero_check:inst10|inst2~0                                                          ; 1       ;
; Datapath:inst|AU1:inst24|lpm_mux0:inst9|lpm_mux:LPM_MUX_component|mux_u4e:auto_generated|result_node[0]~49  ; 1       ;
; Datapath:inst|AU1:inst24|lpm_mux0:inst9|lpm_mux:LPM_MUX_component|mux_u4e:auto_generated|result_node[0]~48  ; 1       ;
; Datapath:inst|AU1:inst24|lpm_mux0:inst9|lpm_mux:LPM_MUX_component|mux_u4e:auto_generated|result_node[0]~47  ; 1       ;
; Datapath:inst|AU1:inst24|shifter_16bit:inst5|O[0]~43                                                        ; 1       ;
; Datapath:inst|AU1:inst24|shifter_16bit:inst5|O[1]~42                                                        ; 1       ;
; Datapath:inst|AU1:inst24|shifter_16bit:inst5|O[1]~40                                                        ; 1       ;
; Datapath:inst|AU1:inst24|lpm_mux0:inst9|lpm_mux:LPM_MUX_component|mux_u4e:auto_generated|result_node[1]~43  ; 1       ;
; Datapath:inst|AU1:inst24|shifter_16bit:inst5|O[2]~38                                                        ; 1       ;
; Datapath:inst|AU1:inst24|Adder16:inst|Adder4:inst|FA:inst18|HA:inst1|inst                                   ; 1       ;
; Datapath:inst|AU1:inst24|lpm_mux0:inst9|lpm_mux:LPM_MUX_component|mux_u4e:auto_generated|result_node[3]~39  ; 1       ;
; Datapath:inst|AU1:inst24|Adder16:inst|Adder4:inst|FA:inst19|HA:inst1|inst                                   ; 1       ;
; Datapath:inst|AU1:inst24|shifter_16bit:inst5|O[3]~37                                                        ; 1       ;
; Datapath:inst|AU1:inst24|shifter_16bit:inst5|O[3]~36                                                        ; 1       ;
; Datapath:inst|AU1:inst24|shifter_16bit:inst5|O[4]~35                                                        ; 1       ;
; Datapath:inst|AU1:inst24|shifter_16bit:inst5|O[4]~34                                                        ; 1       ;
; Datapath:inst|AU1:inst24|Adder16:inst|Adder4:inst1|FA:inst|HA:inst1|inst                                    ; 1       ;
; Datapath:inst|AU1:inst24|shifter_16bit:inst5|O[5]~33                                                        ; 1       ;
; Datapath:inst|AU1:inst24|shifter_16bit:inst5|O[5]~32                                                        ; 1       ;
; Datapath:inst|AU1:inst24|Adder16:inst|Adder4:inst1|FA:inst17|HA:inst1|inst                                  ; 1       ;
; Datapath:inst|AU1:inst24|shifter_16bit:inst5|O[6]~31                                                        ; 1       ;
; Datapath:inst|AU1:inst24|shifter_16bit:inst5|O[6]~30                                                        ; 1       ;
; Datapath:inst|AU1:inst24|Adder16:inst|Adder4:inst1|FA:inst18|HA:inst1|inst                                  ; 1       ;
; Datapath:inst|AU1:inst24|shifter_16bit:inst5|O[7]~29                                                        ; 1       ;
; Datapath:inst|AU1:inst24|shifter_16bit:inst5|O[7]~28                                                        ; 1       ;
; Datapath:inst|AU1:inst24|Adder16:inst|Adder4:inst1|FA:inst19|HA:inst1|inst                                  ; 1       ;
; Datapath:inst|AU1:inst24|shifter_16bit:inst5|O[8]~27                                                        ; 1       ;
; Datapath:inst|AU1:inst24|shifter_16bit:inst5|O[8]~26                                                        ; 1       ;
; Datapath:inst|AU1:inst24|Adder16:inst|Adder4:inst2|FA:inst|HA:inst1|inst                                    ; 1       ;
; Datapath:inst|AU1:inst24|shifter_16bit:inst5|O[9]~25                                                        ; 1       ;
; Datapath:inst|AU1:inst24|shifter_16bit:inst5|O[9]~24                                                        ; 1       ;
; Datapath:inst|AU1:inst24|Adder16:inst|Adder4:inst2|FA:inst17|HA:inst1|inst                                  ; 1       ;
; Datapath:inst|AU1:inst24|shifter_16bit:inst5|O[10]~23                                                       ; 1       ;
; Datapath:inst|AU1:inst24|shifter_16bit:inst5|O[10]~22                                                       ; 1       ;
; Datapath:inst|AU1:inst24|Adder16:inst|Adder4:inst2|FA:inst18|HA:inst1|inst                                  ; 1       ;
; Datapath:inst|AU1:inst24|lpm_mux0:inst9|lpm_mux:LPM_MUX_component|mux_u4e:auto_generated|result_node[11]~17 ; 1       ;
; Datapath:inst|AU1:inst24|shifter_16bit:inst5|O[11]~21                                                       ; 1       ;
; Datapath:inst|AU1:inst24|shifter_16bit:inst5|O[11]~20                                                       ; 1       ;
; Datapath:inst|AU1:inst24|Adder16:inst|Adder4:inst2|FA:inst19|HA:inst1|inst                                  ; 1       ;
; Datapath:inst|AU1:inst24|Adder16:inst|Adder4:inst3|FA:inst|HA:inst1|inst                                    ; 1       ;
; Datapath:inst|AU1:inst24|lpm_mux0:inst9|lpm_mux:LPM_MUX_component|mux_u4e:auto_generated|result_node[12]~13 ; 1       ;
; Datapath:inst|AU1:inst24|shifter_16bit:inst5|O[12]~19                                                       ; 1       ;
; Datapath:inst|AU1:inst24|shifter_16bit:inst5|O[12]~18                                                       ; 1       ;
; Datapath:inst|AU1:inst24|shifter_16bit:inst5|ShiftRight0~27                                                 ; 1       ;
; Datapath:inst|AU1:inst24|lpm_mux0:inst9|lpm_mux:LPM_MUX_component|mux_u4e:auto_generated|result_node[12]~12 ; 1       ;
; Datapath:inst|AU1:inst24|Adder16:inst|Adder4:inst3|FA:inst17|HA:inst1|inst                                  ; 1       ;
; Datapath:inst|AU1:inst24|lpm_mux0:inst9|lpm_mux:LPM_MUX_component|mux_u4e:auto_generated|result_node[13]~10 ; 1       ;
; Datapath:inst|AU1:inst24|shifter_16bit:inst5|O[13]~17                                                       ; 1       ;
; Datapath:inst|AU1:inst24|shifter_16bit:inst5|O[13]~16                                                       ; 1       ;
; Datapath:inst|AU1:inst24|lpm_mux0:inst9|lpm_mux:LPM_MUX_component|mux_u4e:auto_generated|result_node[13]~9  ; 1       ;
; Datapath:inst|AU1:inst24|Adder16:inst|Adder4:inst3|FA:inst18|HA:inst1|inst                                  ; 1       ;
; Datapath:inst|AU1:inst24|lpm_mux0:inst9|lpm_mux:LPM_MUX_component|mux_u4e:auto_generated|result_node[14]~7  ; 1       ;
; Datapath:inst|AU1:inst24|shifter_16bit:inst5|O[14]~15                                                       ; 1       ;
; Datapath:inst|AU1:inst24|shifter_16bit:inst5|O[14]~14                                                       ; 1       ;
; Datapath:inst|AU1:inst24|shifter_16bit:inst5|O[14]~13                                                       ; 1       ;
; Datapath:inst|AU1:inst24|lpm_mux0:inst9|lpm_mux:LPM_MUX_component|mux_u4e:auto_generated|result_node[14]~6  ; 1       ;
; Datapath:inst|AU1:inst24|Adder16:inst|Adder4:inst3|FA:inst19|HA:inst1|inst                                  ; 1       ;
; Datapath:inst|AU1:inst24|Adder16:inst|Adder4:inst3|FA:inst18|inst2~0                                        ; 1       ;
; Datapath:inst|Register:inst|RF16bit:R0|RF8bit:inst|RFC:inst6|inst12~2                                       ; 1       ;
; Datapath:inst|Register:inst|RF16bit:R0|RF8bit:inst|RFC:inst6|inst12~1                                       ; 1       ;
; Datapath:inst|Register:inst|RF16bit:R0|RF8bit:inst|RFC:inst6|inst12~0                                       ; 1       ;
; Datapath:inst|Register:inst|RF16bit:R0|RF8bit:inst|RFC:inst5|inst12~2                                       ; 1       ;
; Datapath:inst|Register:inst|RF16bit:R0|RF8bit:inst|RFC:inst5|inst12~1                                       ; 1       ;
; Datapath:inst|Register:inst|RF16bit:R0|RF8bit:inst|RFC:inst5|inst12~0                                       ; 1       ;
; Datapath:inst|Register:inst|RF16bit:R0|RF8bit:inst|RFC:inst4|inst12~2                                       ; 1       ;
; Datapath:inst|Register:inst|RF16bit:R0|RF8bit:inst|RFC:inst4|inst12~1                                       ; 1       ;
; Datapath:inst|Register:inst|RF16bit:R0|RF8bit:inst|RFC:inst4|inst12~0                                       ; 1       ;
; Datapath:inst|Register:inst|RF16bit:R0|RF8bit:inst|RFC:inst3|inst12~2                                       ; 1       ;
; Datapath:inst|Register:inst|RF16bit:R0|RF8bit:inst|RFC:inst3|inst12~1                                       ; 1       ;
; Datapath:inst|Register:inst|RF16bit:R0|RF8bit:inst|RFC:inst3|inst12~0                                       ; 1       ;
; Datapath:inst|Register:inst|RF16bit:R0|RF8bit:inst|RFC:inst2|inst12~2                                       ; 1       ;
; Datapath:inst|Register:inst|RF16bit:R0|RF8bit:inst|RFC:inst2|inst12~1                                       ; 1       ;
; Datapath:inst|Register:inst|RF16bit:R0|RF8bit:inst|RFC:inst2|inst12~0                                       ; 1       ;
; Datapath:inst|Register:inst|RF16bit:R0|RF8bit:inst|RFC:inst1|inst12~2                                       ; 1       ;
; Datapath:inst|Register:inst|RF16bit:R0|RF8bit:inst|RFC:inst1|inst12~1                                       ; 1       ;
; Datapath:inst|Register:inst|RF16bit:R0|RF8bit:inst|RFC:inst1|inst12~0                                       ; 1       ;
; Datapath:inst|Register:inst|RF16bit:R0|RF8bit:inst|RFC:inst|inst12~2                                        ; 1       ;
; Datapath:inst|Register:inst|RF16bit:R0|RF8bit:inst|RFC:inst|inst12~1                                        ; 1       ;
; Datapath:inst|Register:inst|RF16bit:R0|RF8bit:inst|RFC:inst|inst12~0                                        ; 1       ;
; Datapath:inst|Register:inst|RF16bit:R0|RF8bit:inst1|RFC:inst7|inst12~2                                      ; 1       ;
; Datapath:inst|Register:inst|RF16bit:R0|RF8bit:inst1|RFC:inst7|inst12~1                                      ; 1       ;
; Datapath:inst|Register:inst|RF16bit:R0|RF8bit:inst1|RFC:inst7|inst12~0                                      ; 1       ;
; Datapath:inst|Register:inst|RF16bit:R0|RF8bit:inst1|RFC:inst6|inst12~2                                      ; 1       ;
; Datapath:inst|Register:inst|RF16bit:R0|RF8bit:inst1|RFC:inst6|inst12~1                                      ; 1       ;
; Datapath:inst|Register:inst|RF16bit:R0|RF8bit:inst1|RFC:inst6|inst12~0                                      ; 1       ;
; Datapath:inst|Register:inst|RF16bit:R0|RF8bit:inst1|RFC:inst5|inst12~2                                      ; 1       ;
; Datapath:inst|Register:inst|RF16bit:R0|RF8bit:inst1|RFC:inst5|inst12~1                                      ; 1       ;
; Datapath:inst|Register:inst|RF16bit:R0|RF8bit:inst1|RFC:inst5|inst12~0                                      ; 1       ;
; Datapath:inst|Register:inst|RF16bit:R0|RF8bit:inst1|RFC:inst4|inst12~2                                      ; 1       ;
; Datapath:inst|Register:inst|RF16bit:R0|RF8bit:inst1|RFC:inst4|inst12~1                                      ; 1       ;
; Datapath:inst|Register:inst|RF16bit:R0|RF8bit:inst1|RFC:inst4|inst12~0                                      ; 1       ;
; Datapath:inst|Register:inst|RF16bit:R0|RF8bit:inst1|RFC:inst3|inst12~2                                      ; 1       ;
; Datapath:inst|Register:inst|RF16bit:R0|RF8bit:inst1|RFC:inst3|inst12~1                                      ; 1       ;
; Datapath:inst|Register:inst|RF16bit:R0|RF8bit:inst1|RFC:inst3|inst12~0                                      ; 1       ;
; Datapath:inst|Register:inst|RF16bit:R0|RF8bit:inst1|RFC:inst2|inst12~2                                      ; 1       ;
; Datapath:inst|Register:inst|RF16bit:R0|RF8bit:inst1|RFC:inst2|inst12~1                                      ; 1       ;
; Datapath:inst|Register:inst|RF16bit:R0|RF8bit:inst1|RFC:inst2|inst12~0                                      ; 1       ;
; Datapath:inst|Register:inst|RF16bit:R0|RF8bit:inst1|RFC:inst1|inst12~2                                      ; 1       ;
; Datapath:inst|Register:inst|RF16bit:R0|RF8bit:inst1|RFC:inst1|inst12~1                                      ; 1       ;
; Datapath:inst|Register:inst|RF16bit:R0|RF8bit:inst1|RFC:inst1|inst12~0                                      ; 1       ;
; Datapath:inst|Register:inst|RF16bit:R0|RF8bit:inst1|RFC:inst|inst13~3                                       ; 1       ;
; Datapath:inst|Register:inst|RF16bit:R1|RF8bit:inst1|RFC:inst|inst14                                         ; 1       ;
; Datapath:inst|Register:inst|RF16bit:R0|RF8bit:inst1|RFC:inst|inst13~1                                       ; 1       ;
; Datapath:inst|Register:inst|RF16bit:R0|RF8bit:inst1|RFC:inst|inst13~0                                       ; 1       ;
; Datapath:inst|Register:inst|RF16bit:R0|RF8bit:inst1|RFC:inst|inst12~3                                       ; 1       ;
; Datapath:inst|Register:inst|RF16bit:R0|RF8bit:inst1|RFC:inst|inst12~2                                       ; 1       ;
; Datapath:inst|Register:inst|RF16bit:R0|RF8bit:inst1|RFC:inst|inst12~1                                       ; 1       ;
; Datapath:inst|Register:inst|RF16bit:R0|RF8bit:inst1|RFC:inst|inst12~0                                       ; 1       ;
; Datapath:inst|Register:inst|RF16bit:R0|RF8bit:inst1|RFC:inst1|inst13~3                                      ; 1       ;
; Datapath:inst|Register:inst|RF16bit:R0|RF8bit:inst1|RFC:inst1|inst13~2                                      ; 1       ;
; Datapath:inst|Register:inst|RF16bit:R0|RF8bit:inst1|RFC:inst1|inst13~1                                      ; 1       ;
; Datapath:inst|Register:inst|RF16bit:R0|RF8bit:inst1|RFC:inst1|inst13~0                                      ; 1       ;
; Datapath:inst|Register:inst|RF16bit:R1|RF8bit:inst1|RFC:inst1|inst14                                        ; 1       ;
; Datapath:inst|Register:inst|RF16bit:R0|RF8bit:inst1|RFC:inst2|inst13~3                                      ; 1       ;
; Datapath:inst|Register:inst|RF16bit:R1|RF8bit:inst1|RFC:inst2|inst14                                        ; 1       ;
; Datapath:inst|Register:inst|RF16bit:R0|RF8bit:inst1|RFC:inst2|inst13~2                                      ; 1       ;
; Datapath:inst|Register:inst|RF16bit:R0|RF8bit:inst1|RFC:inst2|inst13~1                                      ; 1       ;
; Datapath:inst|Register:inst|RF16bit:R0|RF8bit:inst1|RFC:inst2|inst13~0                                      ; 1       ;
; Datapath:inst|Register:inst|RF16bit:R1|RF8bit:inst1|RFC:inst3|inst14                                        ; 1       ;
; Datapath:inst|Register:inst|RF16bit:R0|RF8bit:inst1|RFC:inst3|inst13~3                                      ; 1       ;
; Datapath:inst|Register:inst|RF16bit:R0|RF8bit:inst1|RFC:inst3|inst13~2                                      ; 1       ;
; Datapath:inst|Register:inst|RF16bit:R0|RF8bit:inst1|RFC:inst3|inst13~1                                      ; 1       ;
; Datapath:inst|Register:inst|RF16bit:R0|RF8bit:inst1|RFC:inst3|inst13~0                                      ; 1       ;
; Datapath:inst|Register:inst|RF16bit:R1|RF8bit:inst1|RFC:inst4|inst14                                        ; 1       ;
; Datapath:inst|Register:inst|RF16bit:R0|RF8bit:inst1|RFC:inst4|inst13~3                                      ; 1       ;
; Datapath:inst|Register:inst|RF16bit:R0|RF8bit:inst1|RFC:inst4|inst13~2                                      ; 1       ;
; Datapath:inst|Register:inst|RF16bit:R0|RF8bit:inst1|RFC:inst4|inst13~1                                      ; 1       ;
; Datapath:inst|Register:inst|RF16bit:R0|RF8bit:inst1|RFC:inst4|inst13~0                                      ; 1       ;
; Datapath:inst|Register:inst|RF16bit:R1|RF8bit:inst1|RFC:inst5|inst14                                        ; 1       ;
; Datapath:inst|Register:inst|RF16bit:R0|RF8bit:inst1|RFC:inst5|inst13~3                                      ; 1       ;
; Datapath:inst|Register:inst|RF16bit:R0|RF8bit:inst1|RFC:inst5|inst13~2                                      ; 1       ;
; Datapath:inst|Register:inst|RF16bit:R0|RF8bit:inst1|RFC:inst5|inst13~1                                      ; 1       ;
; Datapath:inst|Register:inst|RF16bit:R0|RF8bit:inst1|RFC:inst5|inst13~0                                      ; 1       ;
; Datapath:inst|Register:inst|RF16bit:R1|RF8bit:inst1|RFC:inst6|inst14                                        ; 1       ;
; Datapath:inst|Register:inst|RF16bit:R0|RF8bit:inst1|RFC:inst6|inst13~3                                      ; 1       ;
; Datapath:inst|Register:inst|RF16bit:R0|RF8bit:inst1|RFC:inst6|inst13~2                                      ; 1       ;
; Datapath:inst|Register:inst|RF16bit:R0|RF8bit:inst1|RFC:inst6|inst13~1                                      ; 1       ;
; Datapath:inst|Register:inst|RF16bit:R0|RF8bit:inst1|RFC:inst6|inst13~0                                      ; 1       ;
; Datapath:inst|Register:inst|RF16bit:R1|RF8bit:inst1|RFC:inst7|inst14                                        ; 1       ;
; Datapath:inst|Register:inst|RF16bit:R0|RF8bit:inst1|RFC:inst7|inst13~3                                      ; 1       ;
; Datapath:inst|Register:inst|RF16bit:R0|RF8bit:inst1|RFC:inst7|inst13~2                                      ; 1       ;
; Datapath:inst|Register:inst|RF16bit:R0|RF8bit:inst1|RFC:inst7|inst13~1                                      ; 1       ;
; Datapath:inst|Register:inst|RF16bit:R0|RF8bit:inst1|RFC:inst7|inst13~0                                      ; 1       ;
; Datapath:inst|Register:inst|RF16bit:R1|RF8bit:inst|RFC:inst|inst14                                          ; 1       ;
; Datapath:inst|Register:inst|RF16bit:R0|RF8bit:inst|RFC:inst|inst13~3                                        ; 1       ;
; Datapath:inst|Register:inst|RF16bit:R0|RF8bit:inst|RFC:inst|inst13~2                                        ; 1       ;
; Datapath:inst|Register:inst|RF16bit:R0|RF8bit:inst|RFC:inst|inst13~1                                        ; 1       ;
; Datapath:inst|Register:inst|RF16bit:R0|RF8bit:inst|RFC:inst|inst13~0                                        ; 1       ;
; Datapath:inst|Register:inst|RF16bit:R1|RF8bit:inst|RFC:inst1|inst14                                         ; 1       ;
; Datapath:inst|Register:inst|RF16bit:R0|RF8bit:inst|RFC:inst1|inst13~3                                       ; 1       ;
; Datapath:inst|Register:inst|RF16bit:R0|RF8bit:inst|RFC:inst1|inst13~2                                       ; 1       ;
; Datapath:inst|Register:inst|RF16bit:R0|RF8bit:inst|RFC:inst1|inst13~1                                       ; 1       ;
; Datapath:inst|Register:inst|RF16bit:R0|RF8bit:inst|RFC:inst1|inst13~0                                       ; 1       ;
; Datapath:inst|Register:inst|RF16bit:R1|RF8bit:inst|RFC:inst2|inst14                                         ; 1       ;
; Datapath:inst|Register:inst|RF16bit:R0|RF8bit:inst|RFC:inst2|inst13~3                                       ; 1       ;
; Datapath:inst|Register:inst|RF16bit:R0|RF8bit:inst|RFC:inst2|inst13~2                                       ; 1       ;
; Datapath:inst|Register:inst|RF16bit:R0|RF8bit:inst|RFC:inst2|inst13~1                                       ; 1       ;
; Datapath:inst|Register:inst|RF16bit:R0|RF8bit:inst|RFC:inst2|inst13~0                                       ; 1       ;
; Datapath:inst|Register:inst|RF16bit:R1|RF8bit:inst|RFC:inst3|inst14                                         ; 1       ;
; Datapath:inst|Register:inst|RF16bit:R0|RF8bit:inst|RFC:inst3|inst13~3                                       ; 1       ;
; Datapath:inst|Register:inst|RF16bit:R0|RF8bit:inst|RFC:inst3|inst13~2                                       ; 1       ;
; Datapath:inst|Register:inst|RF16bit:R0|RF8bit:inst|RFC:inst3|inst13~1                                       ; 1       ;
; Datapath:inst|Register:inst|RF16bit:R0|RF8bit:inst|RFC:inst3|inst13~0                                       ; 1       ;
; Datapath:inst|AU1:inst24|lpm_mux0:inst9|lpm_mux:LPM_MUX_component|mux_u4e:auto_generated|result_node[15]~4  ; 1       ;
; Datapath:inst|AU1:inst24|shifter_16bit:inst5|O[15]~12                                                       ; 1       ;
; Datapath:inst|AU1:inst24|shifter_16bit:inst5|O[15]~11                                                       ; 1       ;
; Datapath:inst|Register:inst|RF16bit:R1|RF8bit:inst|RFC:inst5|inst14                                         ; 1       ;
; Datapath:inst|Register:inst|RF16bit:R0|RF8bit:inst|RFC:inst5|inst13~3                                       ; 1       ;
; Datapath:inst|Register:inst|RF16bit:R0|RF8bit:inst|RFC:inst5|inst13~2                                       ; 1       ;
; Datapath:inst|Register:inst|RF16bit:R0|RF8bit:inst|RFC:inst5|inst13~1                                       ; 1       ;
; Datapath:inst|Register:inst|RF16bit:R0|RF8bit:inst|RFC:inst5|inst13~0                                       ; 1       ;
; Datapath:inst|Register:inst|RF16bit:R1|RF8bit:inst|RFC:inst4|inst14                                         ; 1       ;
; Datapath:inst|Register:inst|RF16bit:R0|RF8bit:inst|RFC:inst4|inst13~3                                       ; 1       ;
; Datapath:inst|Register:inst|RF16bit:R0|RF8bit:inst|RFC:inst4|inst13~2                                       ; 1       ;
; Datapath:inst|Register:inst|RF16bit:R0|RF8bit:inst|RFC:inst4|inst13~1                                       ; 1       ;
; Datapath:inst|Register:inst|RF16bit:R0|RF8bit:inst|RFC:inst4|inst13~0                                       ; 1       ;
; Datapath:inst|Register:inst|RF16bit:R1|RF8bit:inst|RFC:inst6|inst14                                         ; 1       ;
; Datapath:inst|Register:inst|RF16bit:R0|RF8bit:inst|RFC:inst6|inst13~3                                       ; 1       ;
; Datapath:inst|Register:inst|RF16bit:R0|RF8bit:inst|RFC:inst6|inst13~2                                       ; 1       ;
; Datapath:inst|Register:inst|RF16bit:R0|RF8bit:inst|RFC:inst6|inst13~1                                       ; 1       ;
; Datapath:inst|Register:inst|RF16bit:R0|RF8bit:inst|RFC:inst6|inst13~0                                       ; 1       ;
; Datapath:inst|AU1:inst24|lpm_mux0:inst9|lpm_mux:LPM_MUX_component|mux_u4e:auto_generated|result_node[15]~2  ; 1       ;
; Datapath:inst|Register:inst|RF16bit:R1|RF8bit:inst|RFC:inst7|inst14                                         ; 1       ;
; Datapath:inst|Register:inst|RF16bit:R0|RF8bit:inst|RFC:inst7|inst13~3                                       ; 1       ;
; Datapath:inst|Register:inst|RF16bit:R0|RF8bit:inst|RFC:inst7|inst13~2                                       ; 1       ;
; Datapath:inst|Register:inst|RF16bit:R0|RF8bit:inst|RFC:inst7|inst13~1                                       ; 1       ;
; Datapath:inst|Register:inst|RF16bit:R0|RF8bit:inst|RFC:inst7|inst13~0                                       ; 1       ;
; Datapath:inst|IMEM:inst7|rom~13                                                                             ; 1       ;
; Datapath:inst|Register:inst|RF16bit:R0|RF8bit:inst|RFC:inst7|inst12~2                                       ; 1       ;
; Datapath:inst|Register:inst|RF16bit:R0|RF8bit:inst|RFC:inst7|inst12~1                                       ; 1       ;
; Datapath:inst|Register:inst|RF16bit:R0|RF8bit:inst|RFC:inst7|inst12~0                                       ; 1       ;
+-------------------------------------------------------------------------------------------------------------+---------+


+------------------------------------------------------+
; Other Routing Usage Summary                          ;
+-----------------------------+------------------------+
; Other Routing Resource Type ; Usage                  ;
+-----------------------------+------------------------+
; Block interconnects         ; 917 / 94,460 ( < 1 % ) ;
; C16 interconnects           ; 4 / 3,315 ( < 1 % )    ;
; C4 interconnects            ; 580 / 60,840 ( < 1 % ) ;
; Direct links                ; 124 / 94,460 ( < 1 % ) ;
; Global clocks               ; 2 / 16 ( 13 % )        ;
; Local interconnects         ; 306 / 33,216 ( < 1 % ) ;
; R24 interconnects           ; 4 / 3,091 ( < 1 % )    ;
; R4 interconnects            ; 612 / 81,294 ( < 1 % ) ;
+-----------------------------+------------------------+


+----------------------------------------------------------------------------+
; LAB Logic Elements                                                         ;
+---------------------------------------------+------------------------------+
; Number of Logic Elements  (Average = 14.20) ; Number of LABs  (Total = 35) ;
+---------------------------------------------+------------------------------+
; 1                                           ; 1                            ;
; 2                                           ; 0                            ;
; 3                                           ; 0                            ;
; 4                                           ; 0                            ;
; 5                                           ; 0                            ;
; 6                                           ; 1                            ;
; 7                                           ; 0                            ;
; 8                                           ; 0                            ;
; 9                                           ; 2                            ;
; 10                                          ; 2                            ;
; 11                                          ; 0                            ;
; 12                                          ; 1                            ;
; 13                                          ; 1                            ;
; 14                                          ; 1                            ;
; 15                                          ; 3                            ;
; 16                                          ; 23                           ;
+---------------------------------------------+------------------------------+


+-------------------------------------------------------------------+
; LAB-wide Signals                                                  ;
+------------------------------------+------------------------------+
; LAB-wide Signals  (Average = 2.31) ; Number of LABs  (Total = 35) ;
+------------------------------------+------------------------------+
; 1 Async. clear                     ; 28                           ;
; 1 Clock                            ; 28                           ;
; 1 Clock enable                     ; 8                            ;
; 2 Clock enables                    ; 17                           ;
+------------------------------------+------------------------------+


+-----------------------------------------------------------------------------+
; LAB Signals Sourced                                                         ;
+----------------------------------------------+------------------------------+
; Number of Signals Sourced  (Average = 17.37) ; Number of LABs  (Total = 35) ;
+----------------------------------------------+------------------------------+
; 0                                            ; 0                            ;
; 1                                            ; 1                            ;
; 2                                            ; 0                            ;
; 3                                            ; 0                            ;
; 4                                            ; 0                            ;
; 5                                            ; 0                            ;
; 6                                            ; 0                            ;
; 7                                            ; 0                            ;
; 8                                            ; 1                            ;
; 9                                            ; 1                            ;
; 10                                           ; 0                            ;
; 11                                           ; 0                            ;
; 12                                           ; 1                            ;
; 13                                           ; 4                            ;
; 14                                           ; 0                            ;
; 15                                           ; 1                            ;
; 16                                           ; 4                            ;
; 17                                           ; 6                            ;
; 18                                           ; 4                            ;
; 19                                           ; 1                            ;
; 20                                           ; 2                            ;
; 21                                           ; 3                            ;
; 22                                           ; 0                            ;
; 23                                           ; 2                            ;
; 24                                           ; 1                            ;
; 25                                           ; 0                            ;
; 26                                           ; 0                            ;
; 27                                           ; 3                            ;
+----------------------------------------------+------------------------------+


+---------------------------------------------------------------------------------+
; LAB Signals Sourced Out                                                         ;
+--------------------------------------------------+------------------------------+
; Number of Signals Sourced Out  (Average = 10.29) ; Number of LABs  (Total = 35) ;
+--------------------------------------------------+------------------------------+
; 0                                                ; 0                            ;
; 1                                                ; 1                            ;
; 2                                                ; 0                            ;
; 3                                                ; 1                            ;
; 4                                                ; 0                            ;
; 5                                                ; 2                            ;
; 6                                                ; 3                            ;
; 7                                                ; 4                            ;
; 8                                                ; 2                            ;
; 9                                                ; 5                            ;
; 10                                               ; 2                            ;
; 11                                               ; 2                            ;
; 12                                               ; 2                            ;
; 13                                               ; 3                            ;
; 14                                               ; 2                            ;
; 15                                               ; 1                            ;
; 16                                               ; 2                            ;
; 17                                               ; 0                            ;
; 18                                               ; 1                            ;
; 19                                               ; 0                            ;
; 20                                               ; 1                            ;
; 21                                               ; 1                            ;
+--------------------------------------------------+------------------------------+


+-----------------------------------------------------------------------------+
; LAB Distinct Inputs                                                         ;
+----------------------------------------------+------------------------------+
; Number of Distinct Inputs  (Average = 23.46) ; Number of LABs  (Total = 35) ;
+----------------------------------------------+------------------------------+
; 0                                            ; 0                            ;
; 1                                            ; 0                            ;
; 2                                            ; 0                            ;
; 3                                            ; 1                            ;
; 4                                            ; 0                            ;
; 5                                            ; 1                            ;
; 6                                            ; 0                            ;
; 7                                            ; 0                            ;
; 8                                            ; 0                            ;
; 9                                            ; 1                            ;
; 10                                           ; 0                            ;
; 11                                           ; 1                            ;
; 12                                           ; 1                            ;
; 13                                           ; 0                            ;
; 14                                           ; 0                            ;
; 15                                           ; 2                            ;
; 16                                           ; 1                            ;
; 17                                           ; 0                            ;
; 18                                           ; 0                            ;
; 19                                           ; 2                            ;
; 20                                           ; 1                            ;
; 21                                           ; 1                            ;
; 22                                           ; 0                            ;
; 23                                           ; 1                            ;
; 24                                           ; 2                            ;
; 25                                           ; 0                            ;
; 26                                           ; 3                            ;
; 27                                           ; 3                            ;
; 28                                           ; 0                            ;
; 29                                           ; 3                            ;
; 30                                           ; 6                            ;
; 31                                           ; 1                            ;
; 32                                           ; 4                            ;
+----------------------------------------------+------------------------------+


+-------------------------------------------------------------------------+
; Fitter Device Options                                                   ;
+----------------------------------------------+--------------------------+
; Option                                       ; Setting                  ;
+----------------------------------------------+--------------------------+
; Enable user-supplied start-up clock (CLKUSR) ; Off                      ;
; Enable device-wide reset (DEV_CLRn)          ; Off                      ;
; Enable device-wide output enable (DEV_OE)    ; Off                      ;
; Enable INIT_DONE output                      ; Off                      ;
; Configuration scheme                         ; Active Serial            ;
; Error detection CRC                          ; Off                      ;
; nCEO                                         ; As output driving ground ;
; ASDO,nCSO                                    ; As input tri-stated      ;
; Reserve all unused pins                      ; As output driving ground ;
; Base pin-out file on sameframe device        ; Off                      ;
+----------------------------------------------+--------------------------+


+------------------------------------+
; Operating Settings and Conditions  ;
+---------------------------+--------+
; Setting                   ; Value  ;
+---------------------------+--------+
; Nominal Core Voltage      ; 1.20 V ;
; Low Junction Temperature  ; 0 °C   ;
; High Junction Temperature ; 85 °C  ;
+---------------------------+--------+


+-----------------+
; Fitter Messages ;
+-----------------+
Warning (20028): Parallel compilation is not licensed and has been disabled
Info (119006): Selected device EP2C35F672C6 for design "MIPS"
Info (21077): Low junction temperature is 0 degrees C
Info (21077): High junction temperature is 85 degrees C
Info (171003): Fitter is performing an Auto Fit compilation, which may decrease Fitter effort to reduce compilation time
Warning (292013): Feature LogicLock is only available with a valid subscription license. You can purchase a software subscription to gain full access to this feature.
Info (176444): Device migration not selected. If you intend to use device migration later, you may need to change the pin assignments as they may be incompatible with other devices
    Info (176445): Device EP2C50F672C6 is compatible
    Info (176445): Device EP2C70F672C6 is compatible
Info (169124): Fitter converted 3 user pins into dedicated programming pins
    Info (169125): Pin ~ASDO~ is reserved at location E3
    Info (169125): Pin ~nCSO~ is reserved at location D3
    Info (169125): Pin ~LVDS150p/nCEO~ is reserved at location AE24
Critical Warning (169085): No exact pin location assignment(s) for 82 pins of 82 total pins
    Info (169086): Pin DMEM[15] not assigned to an exact location on the device
    Info (169086): Pin DMEM[14] not assigned to an exact location on the device
    Info (169086): Pin DMEM[13] not assigned to an exact location on the device
    Info (169086): Pin DMEM[12] not assigned to an exact location on the device
    Info (169086): Pin DMEM[11] not assigned to an exact location on the device
    Info (169086): Pin DMEM[10] not assigned to an exact location on the device
    Info (169086): Pin DMEM[9] not assigned to an exact location on the device
    Info (169086): Pin DMEM[8] not assigned to an exact location on the device
    Info (169086): Pin DMEM[7] not assigned to an exact location on the device
    Info (169086): Pin DMEM[6] not assigned to an exact location on the device
    Info (169086): Pin DMEM[5] not assigned to an exact location on the device
    Info (169086): Pin DMEM[4] not assigned to an exact location on the device
    Info (169086): Pin DMEM[3] not assigned to an exact location on the device
    Info (169086): Pin DMEM[2] not assigned to an exact location on the device
    Info (169086): Pin DMEM[1] not assigned to an exact location on the device
    Info (169086): Pin DMEM[0] not assigned to an exact location on the device
    Info (169086): Pin ReadData1[15] not assigned to an exact location on the device
    Info (169086): Pin ReadData1[14] not assigned to an exact location on the device
    Info (169086): Pin ReadData1[13] not assigned to an exact location on the device
    Info (169086): Pin ReadData1[12] not assigned to an exact location on the device
    Info (169086): Pin ReadData1[11] not assigned to an exact location on the device
    Info (169086): Pin ReadData1[10] not assigned to an exact location on the device
    Info (169086): Pin ReadData1[9] not assigned to an exact location on the device
    Info (169086): Pin ReadData1[8] not assigned to an exact location on the device
    Info (169086): Pin ReadData1[7] not assigned to an exact location on the device
    Info (169086): Pin ReadData1[6] not assigned to an exact location on the device
    Info (169086): Pin ReadData1[5] not assigned to an exact location on the device
    Info (169086): Pin ReadData1[4] not assigned to an exact location on the device
    Info (169086): Pin ReadData1[3] not assigned to an exact location on the device
    Info (169086): Pin ReadData1[2] not assigned to an exact location on the device
    Info (169086): Pin ReadData1[1] not assigned to an exact location on the device
    Info (169086): Pin ReadData1[0] not assigned to an exact location on the device
    Info (169086): Pin ReadData2[15] not assigned to an exact location on the device
    Info (169086): Pin ReadData2[14] not assigned to an exact location on the device
    Info (169086): Pin ReadData2[13] not assigned to an exact location on the device
    Info (169086): Pin ReadData2[12] not assigned to an exact location on the device
    Info (169086): Pin ReadData2[11] not assigned to an exact location on the device
    Info (169086): Pin ReadData2[10] not assigned to an exact location on the device
    Info (169086): Pin ReadData2[9] not assigned to an exact location on the device
    Info (169086): Pin ReadData2[8] not assigned to an exact location on the device
    Info (169086): Pin ReadData2[7] not assigned to an exact location on the device
    Info (169086): Pin ReadData2[6] not assigned to an exact location on the device
    Info (169086): Pin ReadData2[5] not assigned to an exact location on the device
    Info (169086): Pin ReadData2[4] not assigned to an exact location on the device
    Info (169086): Pin ReadData2[3] not assigned to an exact location on the device
    Info (169086): Pin ReadData2[2] not assigned to an exact location on the device
    Info (169086): Pin ReadData2[1] not assigned to an exact location on the device
    Info (169086): Pin ReadData2[0] not assigned to an exact location on the device
    Info (169086): Pin ALURes[15] not assigned to an exact location on the device
    Info (169086): Pin ALURes[14] not assigned to an exact location on the device
    Info (169086): Pin ALURes[13] not assigned to an exact location on the device
    Info (169086): Pin ALURes[12] not assigned to an exact location on the device
    Info (169086): Pin ALURes[11] not assigned to an exact location on the device
    Info (169086): Pin ALURes[10] not assigned to an exact location on the device
    Info (169086): Pin ALURes[9] not assigned to an exact location on the device
    Info (169086): Pin ALURes[8] not assigned to an exact location on the device
    Info (169086): Pin ALURes[7] not assigned to an exact location on the device
    Info (169086): Pin ALURes[6] not assigned to an exact location on the device
    Info (169086): Pin ALURes[5] not assigned to an exact location on the device
    Info (169086): Pin ALURes[4] not assigned to an exact location on the device
    Info (169086): Pin ALURes[3] not assigned to an exact location on the device
    Info (169086): Pin ALURes[2] not assigned to an exact location on the device
    Info (169086): Pin ALURes[1] not assigned to an exact location on the device
    Info (169086): Pin ALURes[0] not assigned to an exact location on the device
    Info (169086): Pin PC[15] not assigned to an exact location on the device
    Info (169086): Pin PC[14] not assigned to an exact location on the device
    Info (169086): Pin PC[13] not assigned to an exact location on the device
    Info (169086): Pin PC[12] not assigned to an exact location on the device
    Info (169086): Pin PC[11] not assigned to an exact location on the device
    Info (169086): Pin PC[10] not assigned to an exact location on the device
    Info (169086): Pin PC[9] not assigned to an exact location on the device
    Info (169086): Pin PC[8] not assigned to an exact location on the device
    Info (169086): Pin PC[7] not assigned to an exact location on the device
    Info (169086): Pin PC[6] not assigned to an exact location on the device
    Info (169086): Pin PC[5] not assigned to an exact location on the device
    Info (169086): Pin PC[4] not assigned to an exact location on the device
    Info (169086): Pin PC[3] not assigned to an exact location on the device
    Info (169086): Pin PC[2] not assigned to an exact location on the device
    Info (169086): Pin PC[1] not assigned to an exact location on the device
    Info (169086): Pin PC[0] not assigned to an exact location on the device
    Info (169086): Pin CLK not assigned to an exact location on the device
    Info (169086): Pin CLR not assigned to an exact location on the device
Critical Warning (332012): Synopsys Design Constraints File file not found: 'MIPS.sdc'. A Synopsys Design Constraints File is required by the TimeQuest Timing Analyzer to get proper timing constraints. Without it, the Compiler will not properly optimize the design.
Info (332144): No user constrained base clocks found in the design
Info (332130): Timing requirements not specified -- quality metrics such as performance may be sacrificed to reduce compilation time.
Info (176353): Automatically promoted node CLK (placed in PIN P2 (CLK2, LVDSCLK1p, Input))
    Info (176355): Automatically promoted destinations to use location or clock signal Global Clock CLKCTRL_G3
Info (176353): Automatically promoted node CLR (placed in PIN P1 (CLK3, LVDSCLK1n, Input))
    Info (176355): Automatically promoted destinations to use location or clock signal Global Clock CLKCTRL_G1
Info (176233): Starting register packing
Info (176235): Finished register packing
    Extra Info (176219): No registers were packed into other blocks
Info (176214): Statistics of I/O pins that need to be placed that use the same VCCIO and VREF, before I/O pin placement
    Info (176211): Number of I/O pins in group: 80 (unused VREF, 3.3V VCCIO, 0 input, 80 output, 0 bidirectional)
        Info (176212): I/O standards used: 3.3-V LVTTL.
Info (176215): I/O bank details before I/O pin placement
    Info (176214): Statistics of I/O banks
        Info (176213): I/O bank number 1 does not use VREF pins and has undetermined VCCIO pins. 2 total pin(s) used --  62 pins available
        Info (176213): I/O bank number 2 does not use VREF pins and has undetermined VCCIO pins. 2 total pin(s) used --  57 pins available
        Info (176213): I/O bank number 3 does not use VREF pins and has undetermined VCCIO pins. 0 total pin(s) used --  56 pins available
        Info (176213): I/O bank number 4 does not use VREF pins and has undetermined VCCIO pins. 0 total pin(s) used --  58 pins available
        Info (176213): I/O bank number 5 does not use VREF pins and has undetermined VCCIO pins. 0 total pin(s) used --  65 pins available
        Info (176213): I/O bank number 6 does not use VREF pins and has undetermined VCCIO pins. 1 total pin(s) used --  58 pins available
        Info (176213): I/O bank number 7 does not use VREF pins and has undetermined VCCIO pins. 0 total pin(s) used --  58 pins available
        Info (176213): I/O bank number 8 does not use VREF pins and has undetermined VCCIO pins. 0 total pin(s) used --  56 pins available
Info (171121): Fitter preparation operations ending: elapsed time is 00:00:01
Info (170189): Fitter placement preparation operations beginning
Info (170190): Fitter placement preparation operations ending: elapsed time is 00:00:00
Info (170191): Fitter placement operations beginning
Info (170137): Fitter placement was successful
Info (170192): Fitter placement operations ending: elapsed time is 00:00:03
Info (170193): Fitter routing operations beginning
Info (170195): Router estimated average interconnect usage is 0% of the available device resources
    Info (170196): Router estimated peak interconnect usage is 7% of the available device resources in the region that extends from location X22_Y24 to location X32_Y36
Info (170194): Fitter routing operations ending: elapsed time is 00:00:02
Info (170199): The Fitter performed an Auto Fit compilation.  Optimizations were skipped to reduce compilation time.
    Info (170201): Optimizations that may affect the design's routability were skipped
Info (11888): Total time spent on timing analysis during the Fitter is 0.56 seconds.
Info (306004): Started post-fitting delay annotation
Warning (306006): Found 80 output pins without output pin load capacitance assignment
    Info (306007): Pin "DMEM[15]" has no specified output pin load capacitance -- assuming default load capacitance of 0 pF for timing analysis
    Info (306007): Pin "DMEM[14]" has no specified output pin load capacitance -- assuming default load capacitance of 0 pF for timing analysis
    Info (306007): Pin "DMEM[13]" has no specified output pin load capacitance -- assuming default load capacitance of 0 pF for timing analysis
    Info (306007): Pin "DMEM[12]" has no specified output pin load capacitance -- assuming default load capacitance of 0 pF for timing analysis
    Info (306007): Pin "DMEM[11]" has no specified output pin load capacitance -- assuming default load capacitance of 0 pF for timing analysis
    Info (306007): Pin "DMEM[10]" has no specified output pin load capacitance -- assuming default load capacitance of 0 pF for timing analysis
    Info (306007): Pin "DMEM[9]" has no specified output pin load capacitance -- assuming default load capacitance of 0 pF for timing analysis
    Info (306007): Pin "DMEM[8]" has no specified output pin load capacitance -- assuming default load capacitance of 0 pF for timing analysis
    Info (306007): Pin "DMEM[7]" has no specified output pin load capacitance -- assuming default load capacitance of 0 pF for timing analysis
    Info (306007): Pin "DMEM[6]" has no specified output pin load capacitance -- assuming default load capacitance of 0 pF for timing analysis
    Info (306007): Pin "DMEM[5]" has no specified output pin load capacitance -- assuming default load capacitance of 0 pF for timing analysis
    Info (306007): Pin "DMEM[4]" has no specified output pin load capacitance -- assuming default load capacitance of 0 pF for timing analysis
    Info (306007): Pin "DMEM[3]" has no specified output pin load capacitance -- assuming default load capacitance of 0 pF for timing analysis
    Info (306007): Pin "DMEM[2]" has no specified output pin load capacitance -- assuming default load capacitance of 0 pF for timing analysis
    Info (306007): Pin "DMEM[1]" has no specified output pin load capacitance -- assuming default load capacitance of 0 pF for timing analysis
    Info (306007): Pin "DMEM[0]" has no specified output pin load capacitance -- assuming default load capacitance of 0 pF for timing analysis
    Info (306007): Pin "ReadData1[15]" has no specified output pin load capacitance -- assuming default load capacitance of 0 pF for timing analysis
    Info (306007): Pin "ReadData1[14]" has no specified output pin load capacitance -- assuming default load capacitance of 0 pF for timing analysis
    Info (306007): Pin "ReadData1[13]" has no specified output pin load capacitance -- assuming default load capacitance of 0 pF for timing analysis
    Info (306007): Pin "ReadData1[12]" has no specified output pin load capacitance -- assuming default load capacitance of 0 pF for timing analysis
    Info (306007): Pin "ReadData1[11]" has no specified output pin load capacitance -- assuming default load capacitance of 0 pF for timing analysis
    Info (306007): Pin "ReadData1[10]" has no specified output pin load capacitance -- assuming default load capacitance of 0 pF for timing analysis
    Info (306007): Pin "ReadData1[9]" has no specified output pin load capacitance -- assuming default load capacitance of 0 pF for timing analysis
    Info (306007): Pin "ReadData1[8]" has no specified output pin load capacitance -- assuming default load capacitance of 0 pF for timing analysis
    Info (306007): Pin "ReadData1[7]" has no specified output pin load capacitance -- assuming default load capacitance of 0 pF for timing analysis
    Info (306007): Pin "ReadData1[6]" has no specified output pin load capacitance -- assuming default load capacitance of 0 pF for timing analysis
    Info (306007): Pin "ReadData1[5]" has no specified output pin load capacitance -- assuming default load capacitance of 0 pF for timing analysis
    Info (306007): Pin "ReadData1[4]" has no specified output pin load capacitance -- assuming default load capacitance of 0 pF for timing analysis
    Info (306007): Pin "ReadData1[3]" has no specified output pin load capacitance -- assuming default load capacitance of 0 pF for timing analysis
    Info (306007): Pin "ReadData1[2]" has no specified output pin load capacitance -- assuming default load capacitance of 0 pF for timing analysis
    Info (306007): Pin "ReadData1[1]" has no specified output pin load capacitance -- assuming default load capacitance of 0 pF for timing analysis
    Info (306007): Pin "ReadData1[0]" has no specified output pin load capacitance -- assuming default load capacitance of 0 pF for timing analysis
    Info (306007): Pin "ReadData2[15]" has no specified output pin load capacitance -- assuming default load capacitance of 0 pF for timing analysis
    Info (306007): Pin "ReadData2[14]" has no specified output pin load capacitance -- assuming default load capacitance of 0 pF for timing analysis
    Info (306007): Pin "ReadData2[13]" has no specified output pin load capacitance -- assuming default load capacitance of 0 pF for timing analysis
    Info (306007): Pin "ReadData2[12]" has no specified output pin load capacitance -- assuming default load capacitance of 0 pF for timing analysis
    Info (306007): Pin "ReadData2[11]" has no specified output pin load capacitance -- assuming default load capacitance of 0 pF for timing analysis
    Info (306007): Pin "ReadData2[10]" has no specified output pin load capacitance -- assuming default load capacitance of 0 pF for timing analysis
    Info (306007): Pin "ReadData2[9]" has no specified output pin load capacitance -- assuming default load capacitance of 0 pF for timing analysis
    Info (306007): Pin "ReadData2[8]" has no specified output pin load capacitance -- assuming default load capacitance of 0 pF for timing analysis
    Info (306007): Pin "ReadData2[7]" has no specified output pin load capacitance -- assuming default load capacitance of 0 pF for timing analysis
    Info (306007): Pin "ReadData2[6]" has no specified output pin load capacitance -- assuming default load capacitance of 0 pF for timing analysis
    Info (306007): Pin "ReadData2[5]" has no specified output pin load capacitance -- assuming default load capacitance of 0 pF for timing analysis
    Info (306007): Pin "ReadData2[4]" has no specified output pin load capacitance -- assuming default load capacitance of 0 pF for timing analysis
    Info (306007): Pin "ReadData2[3]" has no specified output pin load capacitance -- assuming default load capacitance of 0 pF for timing analysis
    Info (306007): Pin "ReadData2[2]" has no specified output pin load capacitance -- assuming default load capacitance of 0 pF for timing analysis
    Info (306007): Pin "ReadData2[1]" has no specified output pin load capacitance -- assuming default load capacitance of 0 pF for timing analysis
    Info (306007): Pin "ReadData2[0]" has no specified output pin load capacitance -- assuming default load capacitance of 0 pF for timing analysis
    Info (306007): Pin "ALURes[15]" has no specified output pin load capacitance -- assuming default load capacitance of 0 pF for timing analysis
    Info (306007): Pin "ALURes[14]" has no specified output pin load capacitance -- assuming default load capacitance of 0 pF for timing analysis
    Info (306007): Pin "ALURes[13]" has no specified output pin load capacitance -- assuming default load capacitance of 0 pF for timing analysis
    Info (306007): Pin "ALURes[12]" has no specified output pin load capacitance -- assuming default load capacitance of 0 pF for timing analysis
    Info (306007): Pin "ALURes[11]" has no specified output pin load capacitance -- assuming default load capacitance of 0 pF for timing analysis
    Info (306007): Pin "ALURes[10]" has no specified output pin load capacitance -- assuming default load capacitance of 0 pF for timing analysis
    Info (306007): Pin "ALURes[9]" has no specified output pin load capacitance -- assuming default load capacitance of 0 pF for timing analysis
    Info (306007): Pin "ALURes[8]" has no specified output pin load capacitance -- assuming default load capacitance of 0 pF for timing analysis
    Info (306007): Pin "ALURes[7]" has no specified output pin load capacitance -- assuming default load capacitance of 0 pF for timing analysis
    Info (306007): Pin "ALURes[6]" has no specified output pin load capacitance -- assuming default load capacitance of 0 pF for timing analysis
    Info (306007): Pin "ALURes[5]" has no specified output pin load capacitance -- assuming default load capacitance of 0 pF for timing analysis
    Info (306007): Pin "ALURes[4]" has no specified output pin load capacitance -- assuming default load capacitance of 0 pF for timing analysis
    Info (306007): Pin "ALURes[3]" has no specified output pin load capacitance -- assuming default load capacitance of 0 pF for timing analysis
    Info (306007): Pin "ALURes[2]" has no specified output pin load capacitance -- assuming default load capacitance of 0 pF for timing analysis
    Info (306007): Pin "ALURes[1]" has no specified output pin load capacitance -- assuming default load capacitance of 0 pF for timing analysis
    Info (306007): Pin "ALURes[0]" has no specified output pin load capacitance -- assuming default load capacitance of 0 pF for timing analysis
    Info (306007): Pin "PC[15]" has no specified output pin load capacitance -- assuming default load capacitance of 0 pF for timing analysis
    Info (306007): Pin "PC[14]" has no specified output pin load capacitance -- assuming default load capacitance of 0 pF for timing analysis
    Info (306007): Pin "PC[13]" has no specified output pin load capacitance -- assuming default load capacitance of 0 pF for timing analysis
    Info (306007): Pin "PC[12]" has no specified output pin load capacitance -- assuming default load capacitance of 0 pF for timing analysis
    Info (306007): Pin "PC[11]" has no specified output pin load capacitance -- assuming default load capacitance of 0 pF for timing analysis
    Info (306007): Pin "PC[10]" has no specified output pin load capacitance -- assuming default load capacitance of 0 pF for timing analysis
    Info (306007): Pin "PC[9]" has no specified output pin load capacitance -- assuming default load capacitance of 0 pF for timing analysis
    Info (306007): Pin "PC[8]" has no specified output pin load capacitance -- assuming default load capacitance of 0 pF for timing analysis
    Info (306007): Pin "PC[7]" has no specified output pin load capacitance -- assuming default load capacitance of 0 pF for timing analysis
    Info (306007): Pin "PC[6]" has no specified output pin load capacitance -- assuming default load capacitance of 0 pF for timing analysis
    Info (306007): Pin "PC[5]" has no specified output pin load capacitance -- assuming default load capacitance of 0 pF for timing analysis
    Info (306007): Pin "PC[4]" has no specified output pin load capacitance -- assuming default load capacitance of 0 pF for timing analysis
    Info (306007): Pin "PC[3]" has no specified output pin load capacitance -- assuming default load capacitance of 0 pF for timing analysis
    Info (306007): Pin "PC[2]" has no specified output pin load capacitance -- assuming default load capacitance of 0 pF for timing analysis
    Info (306007): Pin "PC[1]" has no specified output pin load capacitance -- assuming default load capacitance of 0 pF for timing analysis
    Info (306007): Pin "PC[0]" has no specified output pin load capacitance -- assuming default load capacitance of 0 pF for timing analysis
Info (306005): Delay annotation completed successfully
Info (306004): Started post-fitting delay annotation
Info (306005): Delay annotation completed successfully
Info (11218): Fitter post-fit operations ending: elapsed time is 00:00:01
Warning (169174): The Reserve All Unused Pins setting has not been specified, and will default to 'As output driving ground'.
Info (144001): Generated suppressed messages file D:/HK5/CE118_DigitalLogicDesign/TH_Quartus/LAB6/output_files/MIPS.fit.smsg
Info: Quartus II 64-Bit Fitter was successful. 0 errors, 6 warnings
    Info: Peak virtual memory: 4883 megabytes
    Info: Processing ended: Sun Jan 04 22:21:20 2026
    Info: Elapsed time: 00:00:15
    Info: Total CPU time (on all processors): 00:00:13


+----------------------------+
; Fitter Suppressed Messages ;
+----------------------------+
The suppressed messages can be found in D:/HK5/CE118_DigitalLogicDesign/TH_Quartus/LAB6/output_files/MIPS.fit.smsg.


