Analysis & Synthesis report for MIPS
Sun Jan 04 22:21:04 2026
Quartus II 64-Bit Version 13.0.1 Build 232 06/12/2013 Service Pack 1 SJ Web Edition


---------------------
; Table of Contents ;
---------------------
  1. Legal Notice
  2. Analysis & Synthesis Summary
  3. Analysis & Synthesis Settings
  4. Parallel Compilation
  5. Analysis & Synthesis Source Files Read
  6. Analysis & Synthesis Resource Usage Summary
  7. Analysis & Synthesis Resource Utilization by Entity
  8. Analysis & Synthesis IP Cores Summary
  9. Registers Removed During Synthesis
 10. General Register Statistics
 11. Multiplexer Restructuring Statistics (Restructuring Performed)
 12. Parameter Settings for User Entity Instance: Datapath:inst|AU1:inst24|lpm_mux0:inst9|LPM_MUX:LPM_MUX_component
 13. Parameter Settings for User Entity Instance: Datapath:inst|lpm_constant0:inst22|lpm_constant:LPM_CONSTANT_component
 14. Elapsed Time Per Partition
 15. Analysis & Synthesis Messages



----------------
; Legal Notice ;
----------------
Copyright (C) 1991-2013 Altera Corporation
Your use of Altera Corporation's design tools, logic functions 
and other software and tools, and its AMPP partner logic 
functions, and any output files from any of the foregoing 
(including device programming or simulation files), and any 
associated documentation or information are expressly subject 
to the terms and conditions of the Altera Program License 
Subscription Agreement, Altera MegaCore Function License 
Agreement, or other applicable license agreement, including, 
without limitation, that your use is for the sole purpose of 
programming logic devices manufactured by Altera and sold by 
Altera or its authorized distributors.  Please refer to the 
applicable agreement for further details.



+--------------------------------------------------------------------------------------+
; Analysis & Synthesis Summary                                                         ;
+------------------------------------+-------------------------------------------------+
; Analysis & Synthesis Status        ; Successful - Sun Jan 04 22:21:04 2026           ;
; Quartus II 64-Bit Version          ; 13.0.1 Build 232 06/12/2013 SP 1 SJ Web Edition ;
; Revision Name                      ; MIPS                                            ;
; Top-level Entity Name              ; MIPS                                            ;
; Family                             ; Cyclone II                                      ;
; Total logic elements               ; 549                                             ;
;     Total combinational functions  ; 453                                             ;
;     Dedicated logic registers      ; 126                                             ;
; Total registers                    ; 126                                             ;
; Total pins                         ; 82                                              ;
; Total virtual pins                 ; 0                                               ;
; Total memory bits                  ; 0                                               ;
; Embedded Multiplier 9-bit elements ; 0                                               ;
; Total PLLs                         ; 0                                               ;
+------------------------------------+-------------------------------------------------+


+----------------------------------------------------------------------------------------------------------------------+
; Analysis & Synthesis Settings                                                                                        ;
+----------------------------------------------------------------------------+--------------------+--------------------+
; Option                                                                     ; Setting            ; Default Value      ;
+----------------------------------------------------------------------------+--------------------+--------------------+
; Device                                                                     ; EP2C35F672C6       ;                    ;
; Top-level entity name                                                      ; MIPS               ; MIPS               ;
; Family name                                                                ; Cyclone II         ; Cyclone IV GX      ;
; Use smart compilation                                                      ; Off                ; Off                ;
; Enable parallel Assembler and TimeQuest Timing Analyzer during compilation ; On                 ; On                 ;
; Enable compact report table                                                ; Off                ; Off                ;
; Restructure Multiplexers                                                   ; Auto               ; Auto               ;
; Create Debugging Nodes for IP Cores                                        ; Off                ; Off                ;
; Preserve fewer node names                                                  ; On                 ; On                 ;
; Disable OpenCore Plus hardware evaluation                                  ; Off                ; Off                ;
; Verilog Version                                                            ; Verilog_2001       ; Verilog_2001       ;
; VHDL Version                                                               ; VHDL_1993          ; VHDL_1993          ;
; State Machine Processing                                                   ; Auto               ; Auto               ;
; Safe State Machine                                                         ; Off                ; Off                ;
; Extract Verilog State Machines                                             ; On                 ; On                 ;
; Extract VHDL State Machines                                                ; On                 ; On                 ;
; Ignore Verilog initial constructs                                          ; Off                ; Off                ;
; Iteration limit for constant Verilog loops                                 ; 5000               ; 5000               ;
; Iteration limit for non-constant Verilog loops                             ; 250                ; 250                ;
; Add Pass-Through Logic to Inferred RAMs                                    ; On                 ; On                 ;
; Infer RAMs from Raw Logic                                                  ; On                 ; On                 ;
; Parallel Synthesis                                                         ; On                 ; On                 ;
; DSP Block Balancing                                                        ; Auto               ; Auto               ;
; NOT Gate Push-Back                                                         ; On                 ; On                 ;
; Power-Up Don't Care                                                        ; On                 ; On                 ;
; Remove Redundant Logic Cells                                               ; Off                ; Off                ;
; Remove Duplicate Registers                                                 ; On                 ; On                 ;
; Ignore CARRY Buffers                                                       ; Off                ; Off                ;
; Ignore CASCADE Buffers                                                     ; Off                ; Off                ;
; Ignore GLOBAL Buffers                                                      ; Off                ; Off                ;
; Ignore ROW GLOBAL Buffers                                                  ; Off                ; Off                ;
; Ignore LCELL Buffers                                                       ; Off                ; Off                ;
; Ignore SOFT Buffers                                                        ; On                 ; On                 ;
; Limit AHDL Integers to 32 Bits                                             ; Off                ; Off                ;
; Optimization Technique                                                     ; Balanced           ; Balanced           ;
; Carry Chain Length                                                         ; 70                 ; 70                 ;
; Auto Carry Chains                                                          ; On                 ; On                 ;
; Auto Open-Drain Pins                                                       ; On                 ; On                 ;
; Perform WYSIWYG Primitive Resynthesis                                      ; Off                ; Off                ;
; Auto ROM Replacement                                                       ; On                 ; On                 ;
; Auto RAM Replacement                                                       ; On                 ; On                 ;
; Auto Shift Register Replacement                                            ; Auto               ; Auto               ;
; Allow Shift Register Merging across Hierarchies                            ; Auto               ; Auto               ;
; Auto Clock Enable Replacement                                              ; On                 ; On                 ;
; Strict RAM Replacement                                                     ; Off                ; Off                ;
; Allow Synchronous Control Signals                                          ; On                 ; On                 ;
; Force Use of Synchronous Clear Signals                                     ; Off                ; Off                ;
; Auto RAM to Logic Cell Conversion                                          ; Off                ; Off                ;
; Auto Resource Sharing                                                      ; Off                ; Off                ;
; Allow Any RAM Size For Recognition                                         ; Off                ; Off                ;
; Allow Any ROM Size For Recognition                                         ; Off                ; Off                ;
; Allow Any Shift Register Size For Recognition                              ; Off                ; Off                ;
; Use LogicLock Constraints during Resource Balancing                        ; On                 ; On                 ;
; Ignore translate_off and synthesis_off directives                          ; Off                ; Off                ;
; Timing-Driven Synthesis                                                    ; Off                ; Off                ;
; Report Parameter Settings                                                  ; On                 ; On                 ;
; Report Source Assignments                                                  ; On                 ; On                 ;
; Report Connectivity Checks                                                 ; On                 ; On                 ;
; Ignore Maximum Fan-Out Assignments                                         ; Off                ; Off                ;
; Synchronization Register Chain Length                                      ; 2                  ; 2                  ;
; PowerPlay Power Optimization                                               ; Normal compilation ; Normal compilation ;
; HDL message level                                                          ; Level2             ; Level2             ;
; Suppress Register Optimization Related Messages                            ; Off                ; Off                ;
; Number of Removed Registers Reported in Synthesis Report                   ; 5000               ; 5000               ;
; Number of Swept Nodes Reported in Synthesis Report                         ; 5000               ; 5000               ;
; Number of Inverted Registers Reported in Synthesis Report                  ; 100                ; 100                ;
; Clock MUX Protection                                                       ; On                 ; On                 ;
; Auto Gated Clock Conversion                                                ; Off                ; Off                ;
; Block Design Naming                                                        ; Auto               ; Auto               ;
; SDC constraint protection                                                  ; Off                ; Off                ;
; Synthesis Effort                                                           ; Auto               ; Auto               ;
; Shift Register Replacement - Allow Asynchronous Clear Signal               ; On                 ; On                 ;
; Pre-Mapping Resynthesis Optimization                                       ; Off                ; Off                ;
; Analysis & Synthesis Message Level                                         ; Medium             ; Medium             ;
; Disable Register Merging Across Hierarchies                                ; Auto               ; Auto               ;
; Resource Aware Inference For Block RAM                                     ; On                 ; On                 ;
; Synthesis Seed                                                             ; 1                  ; 1                  ;
+----------------------------------------------------------------------------+--------------------+--------------------+


Parallel compilation was disabled, but you have multiple processors available. Enable parallel compilation to reduce compilation time.
+-------------------------------------+
; Parallel Compilation                ;
+----------------------------+--------+
; Processors                 ; Number ;
+----------------------------+--------+
; Number detected on machine ; 8      ;
; Maximum allowed            ; 1      ;
+----------------------------+--------+


+-----------------------------------------------------------------------------------------------------------------------------------------------------------------------------------------------+
; Analysis & Synthesis Source Files Read                                                                                                                                                        ;
+-----------------------------------------------------+-----------------+------------------------------------+------------------------------------------------------------------------+---------+
; File Name with User-Entered Path                    ; Used in Netlist ; File Type                          ; File Name with Absolute Path                                           ; Library ;
+-----------------------------------------------------+-----------------+------------------------------------+------------------------------------------------------------------------+---------+
; Controller.bdf                                      ; yes             ; User Block Diagram/Schematic File  ; D:/HK5/CE118_DigitalLogicDesign/TH_Quartus/LAB6/Controller.bdf         ;         ;
; ../LAB45/Register4.bdf                              ; yes             ; User Block Diagram/Schematic File  ; D:/HK5/CE118_DigitalLogicDesign/TH_Quartus/LAB45/Register4.bdf         ;         ;
; ../LAB3/ALU16/Adder16a0.bdf                         ; yes             ; User Block Diagram/Schematic File  ; D:/HK5/CE118_DigitalLogicDesign/TH_Quartus/LAB3/ALU16/Adder16a0.bdf    ;         ;
; RF/38decoder.bdf                                    ; yes             ; User Block Diagram/Schematic File  ; D:/HK5/CE118_DigitalLogicDesign/TH_Quartus/LAB6/RF/38decoder.bdf       ;         ;
; RF/24decoder.bdf                                    ; yes             ; User Block Diagram/Schematic File  ; D:/HK5/CE118_DigitalLogicDesign/TH_Quartus/LAB6/RF/24decoder.bdf       ;         ;
; RF/RFC.bdf                                          ; yes             ; User Block Diagram/Schematic File  ; D:/HK5/CE118_DigitalLogicDesign/TH_Quartus/LAB6/RF/RFC.bdf             ;         ;
; RF/RF16bit.bdf                                      ; yes             ; User Block Diagram/Schematic File  ; D:/HK5/CE118_DigitalLogicDesign/TH_Quartus/LAB6/RF/RF16bit.bdf         ;         ;
; RF/RF8bit.bdf                                       ; yes             ; User Block Diagram/Schematic File  ; D:/HK5/CE118_DigitalLogicDesign/TH_Quartus/LAB6/RF/RF8bit.bdf          ;         ;
; RF/Register.bdf                                     ; yes             ; User Block Diagram/Schematic File  ; D:/HK5/CE118_DigitalLogicDesign/TH_Quartus/LAB6/RF/Register.bdf        ;         ;
; AU1.bdf                                             ; yes             ; User Block Diagram/Schematic File  ; D:/HK5/CE118_DigitalLogicDesign/TH_Quartus/LAB6/AU1.bdf                ;         ;
; ../../../../Quartus_Block/AU/Adder/FullAdder/HA.bdf ; yes             ; User Block Diagram/Schematic File  ; D:/Quartus_Block/AU/Adder/FullAdder/HA.bdf                             ;         ;
; ../../../../Quartus_Block/AU/Adder/FullAdder/FA.bdf ; yes             ; User Block Diagram/Schematic File  ; D:/Quartus_Block/AU/Adder/FullAdder/FA.bdf                             ;         ;
; ../LAB3/ALU16/Adder16.bdf                           ; yes             ; User Block Diagram/Schematic File  ; D:/HK5/CE118_DigitalLogicDesign/TH_Quartus/LAB3/ALU16/Adder16.bdf      ;         ;
; ../LAB3/ALU16/Adder4.bdf                            ; yes             ; User Block Diagram/Schematic File  ; D:/HK5/CE118_DigitalLogicDesign/TH_Quartus/LAB3/ALU16/Adder4.bdf       ;         ;
; ../LAB3/ALU16/16MUX21.bdf                           ; yes             ; User Block Diagram/Schematic File  ; D:/HK5/CE118_DigitalLogicDesign/TH_Quartus/LAB3/ALU16/16MUX21.bdf      ;         ;
; ../LAB45/Register16.bdf                             ; yes             ; User Block Diagram/Schematic File  ; D:/HK5/CE118_DigitalLogicDesign/TH_Quartus/LAB45/Register16.bdf        ;         ;
; IMEM.v                                              ; yes             ; User Verilog HDL File              ; D:/HK5/CE118_DigitalLogicDesign/TH_Quartus/LAB6/IMEM.v                 ;         ;
; Datapath.bdf                                        ; yes             ; User Block Diagram/Schematic File  ; D:/HK5/CE118_DigitalLogicDesign/TH_Quartus/LAB6/Datapath.bdf           ;         ;
; 5mux21.bdf                                          ; yes             ; User Block Diagram/Schematic File  ; D:/HK5/CE118_DigitalLogicDesign/TH_Quartus/LAB6/5mux21.bdf             ;         ;
; ShiftLeft2_16bit.v                                  ; yes             ; User Verilog HDL File              ; D:/HK5/CE118_DigitalLogicDesign/TH_Quartus/LAB6/ShiftLeft2_16bit.v     ;         ;
; ALUControl.bdf                                      ; yes             ; User Block Diagram/Schematic File  ; D:/HK5/CE118_DigitalLogicDesign/TH_Quartus/LAB6/ALUControl.bdf         ;         ;
; DMEM.bdf                                            ; yes             ; User Block Diagram/Schematic File  ; D:/HK5/CE118_DigitalLogicDesign/TH_Quartus/LAB6/DMEM.bdf               ;         ;
; lpm_constant0.vhd                                   ; yes             ; User Wizard-Generated File         ; D:/HK5/CE118_DigitalLogicDesign/TH_Quartus/LAB6/lpm_constant0.vhd      ;         ;
; lpm_mux0.vhd                                        ; yes             ; User Wizard-Generated File         ; D:/HK5/CE118_DigitalLogicDesign/TH_Quartus/LAB6/lpm_mux0.vhd           ;         ;
; shifter_16bit.v                                     ; yes             ; User Verilog HDL File              ; D:/HK5/CE118_DigitalLogicDesign/TH_Quartus/LAB6/shifter_16bit.v        ;         ;
; Zero_check.bdf                                      ; yes             ; User Block Diagram/Schematic File  ; D:/HK5/CE118_DigitalLogicDesign/TH_Quartus/LAB6/Zero_check.bdf         ;         ;
; MIPS.bdf                                            ; yes             ; User Block Diagram/Schematic File  ; D:/HK5/CE118_DigitalLogicDesign/TH_Quartus/LAB6/MIPS.bdf               ;         ;
; binary.txt                                          ; yes             ; Auto-Found File                    ; D:/HK5/CE118_DigitalLogicDesign/TH_Quartus/LAB6/binary.txt             ;         ;
; lpm_mux.tdf                                         ; yes             ; Megafunction                       ; d:/apps/study/quartus/quartus/libraries/megafunctions/lpm_mux.tdf      ;         ;
; aglobal130.inc                                      ; yes             ; Megafunction                       ; d:/apps/study/quartus/quartus/libraries/megafunctions/aglobal130.inc   ;         ;
; muxlut.inc                                          ; yes             ; Megafunction                       ; d:/apps/study/quartus/quartus/libraries/megafunctions/muxlut.inc       ;         ;
; bypassff.inc                                        ; yes             ; Megafunction                       ; d:/apps/study/quartus/quartus/libraries/megafunctions/bypassff.inc     ;         ;
; altshift.inc                                        ; yes             ; Megafunction                       ; d:/apps/study/quartus/quartus/libraries/megafunctions/altshift.inc     ;         ;
; db/mux_u4e.tdf                                      ; yes             ; Auto-Generated Megafunction        ; D:/HK5/CE118_DigitalLogicDesign/TH_Quartus/LAB6/db/mux_u4e.tdf         ;         ;
; lpm_constant.tdf                                    ; yes             ; Megafunction                       ; d:/apps/study/quartus/quartus/libraries/megafunctions/lpm_constant.tdf ;         ;
+-----------------------------------------------------+-----------------+------------------------------------+------------------------------------------------------------------------+---------+


+-----------------------------------------------------+
; Analysis & Synthesis Resource Usage Summary         ;
+---------------------------------------------+-------+
; Resource                                    ; Usage ;
+---------------------------------------------+-------+
; Estimated Total logic elements              ; 549   ;
;                                             ;       ;
; Total combinational functions               ; 453   ;
; Logic element usage by number of LUT inputs ;       ;
;     -- 4 input functions                    ; 384   ;
;     -- 3 input functions                    ; 41    ;
;     -- <=2 input functions                  ; 28    ;
;                                             ;       ;
; Logic elements by mode                      ;       ;
;     -- normal mode                          ; 453   ;
;     -- arithmetic mode                      ; 0     ;
;                                             ;       ;
; Total registers                             ; 126   ;
;     -- Dedicated logic registers            ; 126   ;
;     -- I/O registers                        ; 0     ;
;                                             ;       ;
; I/O pins                                    ; 82    ;
; Embedded Multiplier 9-bit elements          ; 0     ;
; Maximum fan-out node                        ; CLK   ;
; Maximum fan-out                             ; 126   ;
; Total fan-out                               ; 2283  ;
; Average fan-out                             ; 3.45  ;
+---------------------------------------------+-------+


+---------------------------------------------------------------------------------------------------------------------------------------------------------------------------------------------------------------------------------------------------------------------+
; Analysis & Synthesis Resource Utilization by Entity                                                                                                                                                                                                                 ;
+-----------------------------------------+-------------------+--------------+-------------+--------------+---------+-----------+------+--------------+------------------------------------------------------------------------------------------------+--------------+
; Compilation Hierarchy Node              ; LC Combinationals ; LC Registers ; Memory Bits ; DSP Elements ; DSP 9x9 ; DSP 18x18 ; Pins ; Virtual Pins ; Full Hierarchy Name                                                                            ; Library Name ;
+-----------------------------------------+-------------------+--------------+-------------+--------------+---------+-----------+------+--------------+------------------------------------------------------------------------------------------------+--------------+
; |MIPS                                   ; 453 (0)           ; 126 (0)      ; 0           ; 0            ; 0       ; 0         ; 82   ; 0            ; |MIPS                                                                                          ; work         ;
;    |Controller:inst1|                   ; 4 (4)             ; 0 (0)        ; 0           ; 0            ; 0       ; 0         ; 0    ; 0            ; |MIPS|Controller:inst1                                                                         ; work         ;
;    |Datapath:inst|                      ; 449 (0)           ; 126 (0)      ; 0           ; 0            ; 0       ; 0         ; 0    ; 0            ; |MIPS|Datapath:inst                                                                            ; work         ;
;       |16MUX21:inst10|                  ; 14 (14)           ; 0 (0)        ; 0           ; 0            ; 0       ; 0         ; 0    ; 0            ; |MIPS|Datapath:inst|16MUX21:inst10                                                             ; work         ;
;       |16MUX21:inst1|                   ; 16 (16)           ; 0 (0)        ; 0           ; 0            ; 0       ; 0         ; 0    ; 0            ; |MIPS|Datapath:inst|16MUX21:inst1                                                              ; work         ;
;       |16MUX21:inst4|                   ; 16 (16)           ; 0 (0)        ; 0           ; 0            ; 0       ; 0         ; 0    ; 0            ; |MIPS|Datapath:inst|16MUX21:inst4                                                              ; work         ;
;       |ALUControl:inst5|                ; 4 (4)             ; 0 (0)        ; 0           ; 0            ; 0       ; 0         ; 0    ; 0            ; |MIPS|Datapath:inst|ALUControl:inst5                                                           ; work         ;
;       |AU1:inst24|                      ; 158 (0)           ; 0 (0)        ; 0           ; 0            ; 0       ; 0         ; 0    ; 0            ; |MIPS|Datapath:inst|AU1:inst24                                                                 ; work         ;
;          |Adder16:inst|                 ; 29 (0)            ; 0 (0)        ; 0           ; 0            ; 0       ; 0         ; 0    ; 0            ; |MIPS|Datapath:inst|AU1:inst24|Adder16:inst                                                    ; work         ;
;             |Adder4:inst1|              ; 8 (0)             ; 0 (0)        ; 0           ; 0            ; 0       ; 0         ; 0    ; 0            ; |MIPS|Datapath:inst|AU1:inst24|Adder16:inst|Adder4:inst1                                       ; work         ;
;                |FA:inst17|              ; 2 (1)             ; 0 (0)        ; 0           ; 0            ; 0       ; 0         ; 0    ; 0            ; |MIPS|Datapath:inst|AU1:inst24|Adder16:inst|Adder4:inst1|FA:inst17                             ; work         ;
;                   |HA:inst1|            ; 1 (1)             ; 0 (0)        ; 0           ; 0            ; 0       ; 0         ; 0    ; 0            ; |MIPS|Datapath:inst|AU1:inst24|Adder16:inst|Adder4:inst1|FA:inst17|HA:inst1                    ; work         ;
;                |FA:inst18|              ; 2 (1)             ; 0 (0)        ; 0           ; 0            ; 0       ; 0         ; 0    ; 0            ; |MIPS|Datapath:inst|AU1:inst24|Adder16:inst|Adder4:inst1|FA:inst18                             ; work         ;
;                   |HA:inst1|            ; 1 (1)             ; 0 (0)        ; 0           ; 0            ; 0       ; 0         ; 0    ; 0            ; |MIPS|Datapath:inst|AU1:inst24|Adder16:inst|Adder4:inst1|FA:inst18|HA:inst1                    ; work         ;
;                |FA:inst19|              ; 2 (1)             ; 0 (0)        ; 0           ; 0            ; 0       ; 0         ; 0    ; 0            ; |MIPS|Datapath:inst|AU1:inst24|Adder16:inst|Adder4:inst1|FA:inst19                             ; work         ;
;                   |HA:inst1|            ; 1 (1)             ; 0 (0)        ; 0           ; 0            ; 0       ; 0         ; 0    ; 0            ; |MIPS|Datapath:inst|AU1:inst24|Adder16:inst|Adder4:inst1|FA:inst19|HA:inst1                    ; work         ;
;                |FA:inst|                ; 2 (1)             ; 0 (0)        ; 0           ; 0            ; 0       ; 0         ; 0    ; 0            ; |MIPS|Datapath:inst|AU1:inst24|Adder16:inst|Adder4:inst1|FA:inst                               ; work         ;
;                   |HA:inst1|            ; 1 (1)             ; 0 (0)        ; 0           ; 0            ; 0       ; 0         ; 0    ; 0            ; |MIPS|Datapath:inst|AU1:inst24|Adder16:inst|Adder4:inst1|FA:inst|HA:inst1                      ; work         ;
;             |Adder4:inst2|              ; 8 (0)             ; 0 (0)        ; 0           ; 0            ; 0       ; 0         ; 0    ; 0            ; |MIPS|Datapath:inst|AU1:inst24|Adder16:inst|Adder4:inst2                                       ; work         ;
;                |FA:inst17|              ; 2 (1)             ; 0 (0)        ; 0           ; 0            ; 0       ; 0         ; 0    ; 0            ; |MIPS|Datapath:inst|AU1:inst24|Adder16:inst|Adder4:inst2|FA:inst17                             ; work         ;
;                   |HA:inst1|            ; 1 (1)             ; 0 (0)        ; 0           ; 0            ; 0       ; 0         ; 0    ; 0            ; |MIPS|Datapath:inst|AU1:inst24|Adder16:inst|Adder4:inst2|FA:inst17|HA:inst1                    ; work         ;
;                |FA:inst18|              ; 2 (1)             ; 0 (0)        ; 0           ; 0            ; 0       ; 0         ; 0    ; 0            ; |MIPS|Datapath:inst|AU1:inst24|Adder16:inst|Adder4:inst2|FA:inst18                             ; work         ;
;                   |HA:inst1|            ; 1 (1)             ; 0 (0)        ; 0           ; 0            ; 0       ; 0         ; 0    ; 0            ; |MIPS|Datapath:inst|AU1:inst24|Adder16:inst|Adder4:inst2|FA:inst18|HA:inst1                    ; work         ;
;                |FA:inst19|              ; 2 (1)             ; 0 (0)        ; 0           ; 0            ; 0       ; 0         ; 0    ; 0            ; |MIPS|Datapath:inst|AU1:inst24|Adder16:inst|Adder4:inst2|FA:inst19                             ; work         ;
;                   |HA:inst1|            ; 1 (1)             ; 0 (0)        ; 0           ; 0            ; 0       ; 0         ; 0    ; 0            ; |MIPS|Datapath:inst|AU1:inst24|Adder16:inst|Adder4:inst2|FA:inst19|HA:inst1                    ; work         ;
;                |FA:inst|                ; 2 (1)             ; 0 (0)        ; 0           ; 0            ; 0       ; 0         ; 0    ; 0            ; |MIPS|Datapath:inst|AU1:inst24|Adder16:inst|Adder4:inst2|FA:inst                               ; work         ;
;                   |HA:inst1|            ; 1 (1)             ; 0 (0)        ; 0           ; 0            ; 0       ; 0         ; 0    ; 0            ; |MIPS|Datapath:inst|AU1:inst24|Adder16:inst|Adder4:inst2|FA:inst|HA:inst1                      ; work         ;
;             |Adder4:inst3|              ; 7 (0)             ; 0 (0)        ; 0           ; 0            ; 0       ; 0         ; 0    ; 0            ; |MIPS|Datapath:inst|AU1:inst24|Adder16:inst|Adder4:inst3                                       ; work         ;
;                |FA:inst17|              ; 2 (1)             ; 0 (0)        ; 0           ; 0            ; 0       ; 0         ; 0    ; 0            ; |MIPS|Datapath:inst|AU1:inst24|Adder16:inst|Adder4:inst3|FA:inst17                             ; work         ;
;                   |HA:inst1|            ; 1 (1)             ; 0 (0)        ; 0           ; 0            ; 0       ; 0         ; 0    ; 0            ; |MIPS|Datapath:inst|AU1:inst24|Adder16:inst|Adder4:inst3|FA:inst17|HA:inst1                    ; work         ;
;                |FA:inst18|              ; 2 (1)             ; 0 (0)        ; 0           ; 0            ; 0       ; 0         ; 0    ; 0            ; |MIPS|Datapath:inst|AU1:inst24|Adder16:inst|Adder4:inst3|FA:inst18                             ; work         ;
;                   |HA:inst1|            ; 1 (1)             ; 0 (0)        ; 0           ; 0            ; 0       ; 0         ; 0    ; 0            ; |MIPS|Datapath:inst|AU1:inst24|Adder16:inst|Adder4:inst3|FA:inst18|HA:inst1                    ; work         ;
;                |FA:inst19|              ; 1 (0)             ; 0 (0)        ; 0           ; 0            ; 0       ; 0         ; 0    ; 0            ; |MIPS|Datapath:inst|AU1:inst24|Adder16:inst|Adder4:inst3|FA:inst19                             ; work         ;
;                   |HA:inst1|            ; 1 (1)             ; 0 (0)        ; 0           ; 0            ; 0       ; 0         ; 0    ; 0            ; |MIPS|Datapath:inst|AU1:inst24|Adder16:inst|Adder4:inst3|FA:inst19|HA:inst1                    ; work         ;
;                |FA:inst|                ; 2 (1)             ; 0 (0)        ; 0           ; 0            ; 0       ; 0         ; 0    ; 0            ; |MIPS|Datapath:inst|AU1:inst24|Adder16:inst|Adder4:inst3|FA:inst                               ; work         ;
;                   |HA:inst1|            ; 1 (1)             ; 0 (0)        ; 0           ; 0            ; 0       ; 0         ; 0    ; 0            ; |MIPS|Datapath:inst|AU1:inst24|Adder16:inst|Adder4:inst3|FA:inst|HA:inst1                      ; work         ;
;             |Adder4:inst|               ; 6 (0)             ; 0 (0)        ; 0           ; 0            ; 0       ; 0         ; 0    ; 0            ; |MIPS|Datapath:inst|AU1:inst24|Adder16:inst|Adder4:inst                                        ; work         ;
;                |FA:inst17|              ; 1 (1)             ; 0 (0)        ; 0           ; 0            ; 0       ; 0         ; 0    ; 0            ; |MIPS|Datapath:inst|AU1:inst24|Adder16:inst|Adder4:inst|FA:inst17                              ; work         ;
;                |FA:inst18|              ; 2 (1)             ; 0 (0)        ; 0           ; 0            ; 0       ; 0         ; 0    ; 0            ; |MIPS|Datapath:inst|AU1:inst24|Adder16:inst|Adder4:inst|FA:inst18                              ; work         ;
;                   |HA:inst1|            ; 1 (1)             ; 0 (0)        ; 0           ; 0            ; 0       ; 0         ; 0    ; 0            ; |MIPS|Datapath:inst|AU1:inst24|Adder16:inst|Adder4:inst|FA:inst18|HA:inst1                     ; work         ;
;                |FA:inst19|              ; 2 (1)             ; 0 (0)        ; 0           ; 0            ; 0       ; 0         ; 0    ; 0            ; |MIPS|Datapath:inst|AU1:inst24|Adder16:inst|Adder4:inst|FA:inst19                              ; work         ;
;                   |HA:inst1|            ; 1 (1)             ; 0 (0)        ; 0           ; 0            ; 0       ; 0         ; 0    ; 0            ; |MIPS|Datapath:inst|AU1:inst24|Adder16:inst|Adder4:inst|FA:inst19|HA:inst1                     ; work         ;
;                |FA:inst|                ; 1 (1)             ; 0 (0)        ; 0           ; 0            ; 0       ; 0         ; 0    ; 0            ; |MIPS|Datapath:inst|AU1:inst24|Adder16:inst|Adder4:inst|FA:inst                                ; work         ;
;          |Zero_check:inst10|            ; 6 (6)             ; 0 (0)        ; 0           ; 0            ; 0       ; 0         ; 0    ; 0            ; |MIPS|Datapath:inst|AU1:inst24|Zero_check:inst10                                               ; work         ;
;          |lpm_mux0:inst9|               ; 50 (0)            ; 0 (0)        ; 0           ; 0            ; 0       ; 0         ; 0    ; 0            ; |MIPS|Datapath:inst|AU1:inst24|lpm_mux0:inst9                                                  ; work         ;
;             |lpm_mux:LPM_MUX_component| ; 50 (0)            ; 0 (0)        ; 0           ; 0            ; 0       ; 0         ; 0    ; 0            ; |MIPS|Datapath:inst|AU1:inst24|lpm_mux0:inst9|lpm_mux:LPM_MUX_component                        ; work         ;
;                |mux_u4e:auto_generated| ; 50 (50)           ; 0 (0)        ; 0           ; 0            ; 0       ; 0         ; 0    ; 0            ; |MIPS|Datapath:inst|AU1:inst24|lpm_mux0:inst9|lpm_mux:LPM_MUX_component|mux_u4e:auto_generated ; work         ;
;          |shifter_16bit:inst5|          ; 73 (73)           ; 0 (0)        ; 0           ; 0            ; 0       ; 0         ; 0    ; 0            ; |MIPS|Datapath:inst|AU1:inst24|shifter_16bit:inst5                                             ; work         ;
;       |Adder16a0:inst20|                ; 13 (0)            ; 0 (0)        ; 0           ; 0            ; 0       ; 0         ; 0    ; 0            ; |MIPS|Datapath:inst|Adder16a0:inst20                                                           ; work         ;
;          |Adder16:inst|                 ; 13 (0)            ; 0 (0)        ; 0           ; 0            ; 0       ; 0         ; 0    ; 0            ; |MIPS|Datapath:inst|Adder16a0:inst20|Adder16:inst                                              ; work         ;
;             |Adder4:inst1|              ; 4 (0)             ; 0 (0)        ; 0           ; 0            ; 0       ; 0         ; 0    ; 0            ; |MIPS|Datapath:inst|Adder16a0:inst20|Adder16:inst|Adder4:inst1                                 ; work         ;
;                |FA:inst17|              ; 1 (1)             ; 0 (0)        ; 0           ; 0            ; 0       ; 0         ; 0    ; 0            ; |MIPS|Datapath:inst|Adder16a0:inst20|Adder16:inst|Adder4:inst1|FA:inst17                       ; work         ;
;                |FA:inst18|              ; 1 (1)             ; 0 (0)        ; 0           ; 0            ; 0       ; 0         ; 0    ; 0            ; |MIPS|Datapath:inst|Adder16a0:inst20|Adder16:inst|Adder4:inst1|FA:inst18                       ; work         ;
;                |FA:inst19|              ; 1 (1)             ; 0 (0)        ; 0           ; 0            ; 0       ; 0         ; 0    ; 0            ; |MIPS|Datapath:inst|Adder16a0:inst20|Adder16:inst|Adder4:inst1|FA:inst19                       ; work         ;
;                |FA:inst|                ; 1 (1)             ; 0 (0)        ; 0           ; 0            ; 0       ; 0         ; 0    ; 0            ; |MIPS|Datapath:inst|Adder16a0:inst20|Adder16:inst|Adder4:inst1|FA:inst                         ; work         ;
;             |Adder4:inst2|              ; 4 (0)             ; 0 (0)        ; 0           ; 0            ; 0       ; 0         ; 0    ; 0            ; |MIPS|Datapath:inst|Adder16a0:inst20|Adder16:inst|Adder4:inst2                                 ; work         ;
;                |FA:inst17|              ; 1 (1)             ; 0 (0)        ; 0           ; 0            ; 0       ; 0         ; 0    ; 0            ; |MIPS|Datapath:inst|Adder16a0:inst20|Adder16:inst|Adder4:inst2|FA:inst17                       ; work         ;
;                |FA:inst18|              ; 1 (1)             ; 0 (0)        ; 0           ; 0            ; 0       ; 0         ; 0    ; 0            ; |MIPS|Datapath:inst|Adder16a0:inst20|Adder16:inst|Adder4:inst2|FA:inst18                       ; work         ;
;                |FA:inst19|              ; 1 (1)             ; 0 (0)        ; 0           ; 0            ; 0       ; 0         ; 0    ; 0            ; |MIPS|Datapath:inst|Adder16a0:inst20|Adder16:inst|Adder4:inst2|FA:inst19                       ; work         ;
;                |FA:inst|                ; 1 (1)             ; 0 (0)        ; 0           ; 0            ; 0       ; 0         ; 0    ; 0            ; |MIPS|Datapath:inst|Adder16a0:inst20|Adder16:inst|Adder4:inst2|FA:inst                         ; work         ;
;             |Adder4:inst3|              ; 3 (0)             ; 0 (0)        ; 0           ; 0            ; 0       ; 0         ; 0    ; 0            ; |MIPS|Datapath:inst|Adder16a0:inst20|Adder16:inst|Adder4:inst3                                 ; work         ;
;                |FA:inst17|              ; 1 (1)             ; 0 (0)        ; 0           ; 0            ; 0       ; 0         ; 0    ; 0            ; |MIPS|Datapath:inst|Adder16a0:inst20|Adder16:inst|Adder4:inst3|FA:inst17                       ; work         ;
;                |FA:inst18|              ; 1 (1)             ; 0 (0)        ; 0           ; 0            ; 0       ; 0         ; 0    ; 0            ; |MIPS|Datapath:inst|Adder16a0:inst20|Adder16:inst|Adder4:inst3|FA:inst18                       ; work         ;
;                |FA:inst|                ; 1 (1)             ; 0 (0)        ; 0           ; 0            ; 0       ; 0         ; 0    ; 0            ; |MIPS|Datapath:inst|Adder16a0:inst20|Adder16:inst|Adder4:inst3|FA:inst                         ; work         ;
;             |Adder4:inst|               ; 2 (0)             ; 0 (0)        ; 0           ; 0            ; 0       ; 0         ; 0    ; 0            ; |MIPS|Datapath:inst|Adder16a0:inst20|Adder16:inst|Adder4:inst                                  ; work         ;
;                |FA:inst19|              ; 2 (1)             ; 0 (0)        ; 0           ; 0            ; 0       ; 0         ; 0    ; 0            ; |MIPS|Datapath:inst|Adder16a0:inst20|Adder16:inst|Adder4:inst|FA:inst19                        ; work         ;
;                   |HA:inst1|            ; 1 (1)             ; 0 (0)        ; 0           ; 0            ; 0       ; 0         ; 0    ; 0            ; |MIPS|Datapath:inst|Adder16a0:inst20|Adder16:inst|Adder4:inst|FA:inst19|HA:inst1               ; work         ;
;       |Adder16a0:inst9|                 ; 23 (0)            ; 0 (0)        ; 0           ; 0            ; 0       ; 0         ; 0    ; 0            ; |MIPS|Datapath:inst|Adder16a0:inst9                                                            ; work         ;
;          |Adder16:inst|                 ; 23 (0)            ; 0 (0)        ; 0           ; 0            ; 0       ; 0         ; 0    ; 0            ; |MIPS|Datapath:inst|Adder16a0:inst9|Adder16:inst                                               ; work         ;
;             |Adder4:inst1|              ; 8 (0)             ; 0 (0)        ; 0           ; 0            ; 0       ; 0         ; 0    ; 0            ; |MIPS|Datapath:inst|Adder16a0:inst9|Adder16:inst|Adder4:inst1                                  ; work         ;
;                |FA:inst17|              ; 2 (0)             ; 0 (0)        ; 0           ; 0            ; 0       ; 0         ; 0    ; 0            ; |MIPS|Datapath:inst|Adder16a0:inst9|Adder16:inst|Adder4:inst1|FA:inst17                        ; work         ;
;                   |HA:inst1|            ; 2 (2)             ; 0 (0)        ; 0           ; 0            ; 0       ; 0         ; 0    ; 0            ; |MIPS|Datapath:inst|Adder16a0:inst9|Adder16:inst|Adder4:inst1|FA:inst17|HA:inst1               ; work         ;
;                |FA:inst18|              ; 2 (0)             ; 0 (0)        ; 0           ; 0            ; 0       ; 0         ; 0    ; 0            ; |MIPS|Datapath:inst|Adder16a0:inst9|Adder16:inst|Adder4:inst1|FA:inst18                        ; work         ;
;                   |HA:inst1|            ; 2 (2)             ; 0 (0)        ; 0           ; 0            ; 0       ; 0         ; 0    ; 0            ; |MIPS|Datapath:inst|Adder16a0:inst9|Adder16:inst|Adder4:inst1|FA:inst18|HA:inst1               ; work         ;
;                |FA:inst19|              ; 2 (0)             ; 0 (0)        ; 0           ; 0            ; 0       ; 0         ; 0    ; 0            ; |MIPS|Datapath:inst|Adder16a0:inst9|Adder16:inst|Adder4:inst1|FA:inst19                        ; work         ;
;                   |HA:inst1|            ; 2 (2)             ; 0 (0)        ; 0           ; 0            ; 0       ; 0         ; 0    ; 0            ; |MIPS|Datapath:inst|Adder16a0:inst9|Adder16:inst|Adder4:inst1|FA:inst19|HA:inst1               ; work         ;
;                |FA:inst|                ; 2 (0)             ; 0 (0)        ; 0           ; 0            ; 0       ; 0         ; 0    ; 0            ; |MIPS|Datapath:inst|Adder16a0:inst9|Adder16:inst|Adder4:inst1|FA:inst                          ; work         ;
;                   |HA:inst1|            ; 2 (2)             ; 0 (0)        ; 0           ; 0            ; 0       ; 0         ; 0    ; 0            ; |MIPS|Datapath:inst|Adder16a0:inst9|Adder16:inst|Adder4:inst1|FA:inst|HA:inst1                 ; work         ;
;             |Adder4:inst2|              ; 8 (0)             ; 0 (0)        ; 0           ; 0            ; 0       ; 0         ; 0    ; 0            ; |MIPS|Datapath:inst|Adder16a0:inst9|Adder16:inst|Adder4:inst2                                  ; work         ;
;                |FA:inst17|              ; 2 (0)             ; 0 (0)        ; 0           ; 0            ; 0       ; 0         ; 0    ; 0            ; |MIPS|Datapath:inst|Adder16a0:inst9|Adder16:inst|Adder4:inst2|FA:inst17                        ; work         ;
;                   |HA:inst1|            ; 2 (2)             ; 0 (0)        ; 0           ; 0            ; 0       ; 0         ; 0    ; 0            ; |MIPS|Datapath:inst|Adder16a0:inst9|Adder16:inst|Adder4:inst2|FA:inst17|HA:inst1               ; work         ;
;                |FA:inst18|              ; 2 (0)             ; 0 (0)        ; 0           ; 0            ; 0       ; 0         ; 0    ; 0            ; |MIPS|Datapath:inst|Adder16a0:inst9|Adder16:inst|Adder4:inst2|FA:inst18                        ; work         ;
;                   |HA:inst1|            ; 2 (2)             ; 0 (0)        ; 0           ; 0            ; 0       ; 0         ; 0    ; 0            ; |MIPS|Datapath:inst|Adder16a0:inst9|Adder16:inst|Adder4:inst2|FA:inst18|HA:inst1               ; work         ;
;                |FA:inst19|              ; 2 (0)             ; 0 (0)        ; 0           ; 0            ; 0       ; 0         ; 0    ; 0            ; |MIPS|Datapath:inst|Adder16a0:inst9|Adder16:inst|Adder4:inst2|FA:inst19                        ; work         ;
;                   |HA:inst1|            ; 2 (2)             ; 0 (0)        ; 0           ; 0            ; 0       ; 0         ; 0    ; 0            ; |MIPS|Datapath:inst|Adder16a0:inst9|Adder16:inst|Adder4:inst2|FA:inst19|HA:inst1               ; work         ;
;                |FA:inst|                ; 2 (0)             ; 0 (0)        ; 0           ; 0            ; 0       ; 0         ; 0    ; 0            ; |MIPS|Datapath:inst|Adder16a0:inst9|Adder16:inst|Adder4:inst2|FA:inst                          ; work         ;
;                   |HA:inst1|            ; 2 (2)             ; 0 (0)        ; 0           ; 0            ; 0       ; 0         ; 0    ; 0            ; |MIPS|Datapath:inst|Adder16a0:inst9|Adder16:inst|Adder4:inst2|FA:inst|HA:inst1                 ; work         ;
;             |Adder4:inst3|              ; 6 (0)             ; 0 (0)        ; 0           ; 0            ; 0       ; 0         ; 0    ; 0            ; |MIPS|Datapath:inst|Adder16a0:inst9|Adder16:inst|Adder4:inst3                                  ; work         ;
;                |FA:inst17|              ; 2 (0)             ; 0 (0)        ; 0           ; 0            ; 0       ; 0         ; 0    ; 0            ; |MIPS|Datapath:inst|Adder16a0:inst9|Adder16:inst|Adder4:inst3|FA:inst17                        ; work         ;
;                   |HA:inst1|            ; 2 (2)             ; 0 (0)        ; 0           ; 0            ; 0       ; 0         ; 0    ; 0            ; |MIPS|Datapath:inst|Adder16a0:inst9|Adder16:inst|Adder4:inst3|FA:inst17|HA:inst1               ; work         ;
;                |FA:inst18|              ; 1 (0)             ; 0 (0)        ; 0           ; 0            ; 0       ; 0         ; 0    ; 0            ; |MIPS|Datapath:inst|Adder16a0:inst9|Adder16:inst|Adder4:inst3|FA:inst18                        ; work         ;
;                   |HA:inst1|            ; 1 (1)             ; 0 (0)        ; 0           ; 0            ; 0       ; 0         ; 0    ; 0            ; |MIPS|Datapath:inst|Adder16a0:inst9|Adder16:inst|Adder4:inst3|FA:inst18|HA:inst1               ; work         ;
;                |FA:inst19|              ; 1 (0)             ; 0 (0)        ; 0           ; 0            ; 0       ; 0         ; 0    ; 0            ; |MIPS|Datapath:inst|Adder16a0:inst9|Adder16:inst|Adder4:inst3|FA:inst19                        ; work         ;
;                   |HA:inst1|            ; 1 (1)             ; 0 (0)        ; 0           ; 0            ; 0       ; 0         ; 0    ; 0            ; |MIPS|Datapath:inst|Adder16a0:inst9|Adder16:inst|Adder4:inst3|FA:inst19|HA:inst1               ; work         ;
;                |FA:inst|                ; 2 (0)             ; 0 (0)        ; 0           ; 0            ; 0       ; 0         ; 0    ; 0            ; |MIPS|Datapath:inst|Adder16a0:inst9|Adder16:inst|Adder4:inst3|FA:inst                          ; work         ;
;                   |HA:inst1|            ; 2 (2)             ; 0 (0)        ; 0           ; 0            ; 0       ; 0         ; 0    ; 0            ; |MIPS|Datapath:inst|Adder16a0:inst9|Adder16:inst|Adder4:inst3|FA:inst|HA:inst1                 ; work         ;
;             |Adder4:inst|               ; 1 (0)             ; 0 (0)        ; 0           ; 0            ; 0       ; 0         ; 0    ; 0            ; |MIPS|Datapath:inst|Adder16a0:inst9|Adder16:inst|Adder4:inst                                   ; work         ;
;                |FA:inst19|              ; 1 (0)             ; 0 (0)        ; 0           ; 0            ; 0       ; 0         ; 0    ; 0            ; |MIPS|Datapath:inst|Adder16a0:inst9|Adder16:inst|Adder4:inst|FA:inst19                         ; work         ;
;                   |HA:inst1|            ; 1 (1)             ; 0 (0)        ; 0           ; 0            ; 0       ; 0         ; 0    ; 0            ; |MIPS|Datapath:inst|Adder16a0:inst9|Adder16:inst|Adder4:inst|FA:inst19|HA:inst1                ; work         ;
;       |IMEM:inst7|                      ; 33 (33)           ; 0 (0)        ; 0           ; 0            ; 0       ; 0         ; 0    ; 0            ; |MIPS|Datapath:inst|IMEM:inst7                                                                 ; work         ;
;       |Register16:PCReg|                ; 0 (0)             ; 14 (0)       ; 0           ; 0            ; 0       ; 0         ; 0    ; 0            ; |MIPS|Datapath:inst|Register16:PCReg                                                           ; work         ;
;          |Register4:inst1|              ; 0 (0)             ; 4 (4)        ; 0           ; 0            ; 0       ; 0         ; 0    ; 0            ; |MIPS|Datapath:inst|Register16:PCReg|Register4:inst1                                           ; work         ;
;          |Register4:inst2|              ; 0 (0)             ; 4 (4)        ; 0           ; 0            ; 0       ; 0         ; 0    ; 0            ; |MIPS|Datapath:inst|Register16:PCReg|Register4:inst2                                           ; work         ;
;          |Register4:inst3|              ; 0 (0)             ; 4 (4)        ; 0           ; 0            ; 0       ; 0         ; 0    ; 0            ; |MIPS|Datapath:inst|Register16:PCReg|Register4:inst3                                           ; work         ;
;          |Register4:inst|               ; 0 (0)             ; 2 (2)        ; 0           ; 0            ; 0       ; 0         ; 0    ; 0            ; |MIPS|Datapath:inst|Register16:PCReg|Register4:inst                                            ; work         ;
;       |Register:inst|                   ; 172 (0)           ; 112 (0)      ; 0           ; 0            ; 0       ; 0         ; 0    ; 0            ; |MIPS|Datapath:inst|Register:inst                                                              ; work         ;
;          |38decoder:inst10|             ; 6 (6)             ; 0 (0)        ; 0           ; 0            ; 0       ; 0         ; 0    ; 0            ; |MIPS|Datapath:inst|Register:inst|38decoder:inst10                                             ; work         ;
;          |38decoder:inst11|             ; 13 (13)           ; 0 (0)        ; 0           ; 0            ; 0       ; 0         ; 0    ; 0            ; |MIPS|Datapath:inst|Register:inst|38decoder:inst11                                             ; work         ;
;          |38decoder:inst9|              ; 7 (7)             ; 0 (0)        ; 0           ; 0            ; 0       ; 0         ; 0    ; 0            ; |MIPS|Datapath:inst|Register:inst|38decoder:inst9                                              ; work         ;
;          |RF16bit:R0|                   ; 146 (0)           ; 0 (0)        ; 0           ; 0            ; 0       ; 0         ; 0    ; 0            ; |MIPS|Datapath:inst|Register:inst|RF16bit:R0                                                   ; work         ;
;             |RF8bit:inst1|              ; 74 (0)            ; 0 (0)        ; 0           ; 0            ; 0       ; 0         ; 0    ; 0            ; |MIPS|Datapath:inst|Register:inst|RF16bit:R0|RF8bit:inst1                                      ; work         ;
;                |RFC:inst1|              ; 9 (9)             ; 0 (0)        ; 0           ; 0            ; 0       ; 0         ; 0    ; 0            ; |MIPS|Datapath:inst|Register:inst|RF16bit:R0|RF8bit:inst1|RFC:inst1                            ; work         ;
;                |RFC:inst2|              ; 9 (9)             ; 0 (0)        ; 0           ; 0            ; 0       ; 0         ; 0    ; 0            ; |MIPS|Datapath:inst|Register:inst|RF16bit:R0|RF8bit:inst1|RFC:inst2                            ; work         ;
;                |RFC:inst3|              ; 9 (9)             ; 0 (0)        ; 0           ; 0            ; 0       ; 0         ; 0    ; 0            ; |MIPS|Datapath:inst|Register:inst|RF16bit:R0|RF8bit:inst1|RFC:inst3                            ; work         ;
;                |RFC:inst4|              ; 9 (9)             ; 0 (0)        ; 0           ; 0            ; 0       ; 0         ; 0    ; 0            ; |MIPS|Datapath:inst|Register:inst|RF16bit:R0|RF8bit:inst1|RFC:inst4                            ; work         ;
;                |RFC:inst5|              ; 9 (9)             ; 0 (0)        ; 0           ; 0            ; 0       ; 0         ; 0    ; 0            ; |MIPS|Datapath:inst|Register:inst|RF16bit:R0|RF8bit:inst1|RFC:inst5                            ; work         ;
;                |RFC:inst6|              ; 9 (9)             ; 0 (0)        ; 0           ; 0            ; 0       ; 0         ; 0    ; 0            ; |MIPS|Datapath:inst|Register:inst|RF16bit:R0|RF8bit:inst1|RFC:inst6                            ; work         ;
;                |RFC:inst7|              ; 9 (9)             ; 0 (0)        ; 0           ; 0            ; 0       ; 0         ; 0    ; 0            ; |MIPS|Datapath:inst|Register:inst|RF16bit:R0|RF8bit:inst1|RFC:inst7                            ; work         ;
;                |RFC:inst|               ; 11 (11)           ; 0 (0)        ; 0           ; 0            ; 0       ; 0         ; 0    ; 0            ; |MIPS|Datapath:inst|Register:inst|RF16bit:R0|RF8bit:inst1|RFC:inst                             ; work         ;
;             |RF8bit:inst|               ; 72 (0)            ; 0 (0)        ; 0           ; 0            ; 0       ; 0         ; 0    ; 0            ; |MIPS|Datapath:inst|Register:inst|RF16bit:R0|RF8bit:inst                                       ; work         ;
;                |RFC:inst1|              ; 9 (9)             ; 0 (0)        ; 0           ; 0            ; 0       ; 0         ; 0    ; 0            ; |MIPS|Datapath:inst|Register:inst|RF16bit:R0|RF8bit:inst|RFC:inst1                             ; work         ;
;                |RFC:inst2|              ; 9 (9)             ; 0 (0)        ; 0           ; 0            ; 0       ; 0         ; 0    ; 0            ; |MIPS|Datapath:inst|Register:inst|RF16bit:R0|RF8bit:inst|RFC:inst2                             ; work         ;
;                |RFC:inst3|              ; 9 (9)             ; 0 (0)        ; 0           ; 0            ; 0       ; 0         ; 0    ; 0            ; |MIPS|Datapath:inst|Register:inst|RF16bit:R0|RF8bit:inst|RFC:inst3                             ; work         ;
;                |RFC:inst4|              ; 9 (9)             ; 0 (0)        ; 0           ; 0            ; 0       ; 0         ; 0    ; 0            ; |MIPS|Datapath:inst|Register:inst|RF16bit:R0|RF8bit:inst|RFC:inst4                             ; work         ;
;                |RFC:inst5|              ; 9 (9)             ; 0 (0)        ; 0           ; 0            ; 0       ; 0         ; 0    ; 0            ; |MIPS|Datapath:inst|Register:inst|RF16bit:R0|RF8bit:inst|RFC:inst5                             ; work         ;
;                |RFC:inst6|              ; 9 (9)             ; 0 (0)        ; 0           ; 0            ; 0       ; 0         ; 0    ; 0            ; |MIPS|Datapath:inst|Register:inst|RF16bit:R0|RF8bit:inst|RFC:inst6                             ; work         ;
;                |RFC:inst7|              ; 9 (9)             ; 0 (0)        ; 0           ; 0            ; 0       ; 0         ; 0    ; 0            ; |MIPS|Datapath:inst|Register:inst|RF16bit:R0|RF8bit:inst|RFC:inst7                             ; work         ;
;                |RFC:inst|               ; 9 (9)             ; 0 (0)        ; 0           ; 0            ; 0       ; 0         ; 0    ; 0            ; |MIPS|Datapath:inst|Register:inst|RF16bit:R0|RF8bit:inst|RFC:inst                              ; work         ;
;          |RF16bit:R1|                   ; 0 (0)             ; 16 (0)       ; 0           ; 0            ; 0       ; 0         ; 0    ; 0            ; |MIPS|Datapath:inst|Register:inst|RF16bit:R1                                                   ; work         ;
;             |RF8bit:inst1|              ; 0 (0)             ; 8 (0)        ; 0           ; 0            ; 0       ; 0         ; 0    ; 0            ; |MIPS|Datapath:inst|Register:inst|RF16bit:R1|RF8bit:inst1                                      ; work         ;
;                |RFC:inst1|              ; 0 (0)             ; 1 (1)        ; 0           ; 0            ; 0       ; 0         ; 0    ; 0            ; |MIPS|Datapath:inst|Register:inst|RF16bit:R1|RF8bit:inst1|RFC:inst1                            ; work         ;
;                |RFC:inst2|              ; 0 (0)             ; 1 (1)        ; 0           ; 0            ; 0       ; 0         ; 0    ; 0            ; |MIPS|Datapath:inst|Register:inst|RF16bit:R1|RF8bit:inst1|RFC:inst2                            ; work         ;
;                |RFC:inst3|              ; 0 (0)             ; 1 (1)        ; 0           ; 0            ; 0       ; 0         ; 0    ; 0            ; |MIPS|Datapath:inst|Register:inst|RF16bit:R1|RF8bit:inst1|RFC:inst3                            ; work         ;
;                |RFC:inst4|              ; 0 (0)             ; 1 (1)        ; 0           ; 0            ; 0       ; 0         ; 0    ; 0            ; |MIPS|Datapath:inst|Register:inst|RF16bit:R1|RF8bit:inst1|RFC:inst4                            ; work         ;
;                |RFC:inst5|              ; 0 (0)             ; 1 (1)        ; 0           ; 0            ; 0       ; 0         ; 0    ; 0            ; |MIPS|Datapath:inst|Register:inst|RF16bit:R1|RF8bit:inst1|RFC:inst5                            ; work         ;
;                |RFC:inst6|              ; 0 (0)             ; 1 (1)        ; 0           ; 0            ; 0       ; 0         ; 0    ; 0            ; |MIPS|Datapath:inst|Register:inst|RF16bit:R1|RF8bit:inst1|RFC:inst6                            ; work         ;
;                |RFC:inst7|              ; 0 (0)             ; 1 (1)        ; 0           ; 0            ; 0       ; 0         ; 0    ; 0            ; |MIPS|Datapath:inst|Register:inst|RF16bit:R1|RF8bit:inst1|RFC:inst7                            ; work         ;
;                |RFC:inst|               ; 0 (0)             ; 1 (1)        ; 0           ; 0            ; 0       ; 0         ; 0    ; 0            ; |MIPS|Datapath:inst|Register:inst|RF16bit:R1|RF8bit:inst1|RFC:inst                             ; work         ;
;             |RF8bit:inst|               ; 0 (0)             ; 8 (0)        ; 0           ; 0            ; 0       ; 0         ; 0    ; 0            ; |MIPS|Datapath:inst|Register:inst|RF16bit:R1|RF8bit:inst                                       ; work         ;
;                |RFC:inst1|              ; 0 (0)             ; 1 (1)        ; 0           ; 0            ; 0       ; 0         ; 0    ; 0            ; |MIPS|Datapath:inst|Register:inst|RF16bit:R1|RF8bit:inst|RFC:inst1                             ; work         ;
;                |RFC:inst2|              ; 0 (0)             ; 1 (1)        ; 0           ; 0            ; 0       ; 0         ; 0    ; 0            ; |MIPS|Datapath:inst|Register:inst|RF16bit:R1|RF8bit:inst|RFC:inst2                             ; work         ;
;                |RFC:inst3|              ; 0 (0)             ; 1 (1)        ; 0           ; 0            ; 0       ; 0         ; 0    ; 0            ; |MIPS|Datapath:inst|Register:inst|RF16bit:R1|RF8bit:inst|RFC:inst3                             ; work         ;
;                |RFC:inst4|              ; 0 (0)             ; 1 (1)        ; 0           ; 0            ; 0       ; 0         ; 0    ; 0            ; |MIPS|Datapath:inst|Register:inst|RF16bit:R1|RF8bit:inst|RFC:inst4                             ; work         ;
;                |RFC:inst5|              ; 0 (0)             ; 1 (1)        ; 0           ; 0            ; 0       ; 0         ; 0    ; 0            ; |MIPS|Datapath:inst|Register:inst|RF16bit:R1|RF8bit:inst|RFC:inst5                             ; work         ;
;                |RFC:inst6|              ; 0 (0)             ; 1 (1)        ; 0           ; 0            ; 0       ; 0         ; 0    ; 0            ; |MIPS|Datapath:inst|Register:inst|RF16bit:R1|RF8bit:inst|RFC:inst6                             ; work         ;
;                |RFC:inst7|              ; 0 (0)             ; 1 (1)        ; 0           ; 0            ; 0       ; 0         ; 0    ; 0            ; |MIPS|Datapath:inst|Register:inst|RF16bit:R1|RF8bit:inst|RFC:inst7                             ; work         ;
;                |RFC:inst|               ; 0 (0)             ; 1 (1)        ; 0           ; 0            ; 0       ; 0         ; 0    ; 0            ; |MIPS|Datapath:inst|Register:inst|RF16bit:R1|RF8bit:inst|RFC:inst                              ; work         ;
;          |RF16bit:R2|                   ; 0 (0)             ; 16 (0)       ; 0           ; 0            ; 0       ; 0         ; 0    ; 0            ; |MIPS|Datapath:inst|Register:inst|RF16bit:R2                                                   ; work         ;
;             |RF8bit:inst1|              ; 0 (0)             ; 8 (0)        ; 0           ; 0            ; 0       ; 0         ; 0    ; 0            ; |MIPS|Datapath:inst|Register:inst|RF16bit:R2|RF8bit:inst1                                      ; work         ;
;                |RFC:inst1|              ; 0 (0)             ; 1 (1)        ; 0           ; 0            ; 0       ; 0         ; 0    ; 0            ; |MIPS|Datapath:inst|Register:inst|RF16bit:R2|RF8bit:inst1|RFC:inst1                            ; work         ;
;                |RFC:inst2|              ; 0 (0)             ; 1 (1)        ; 0           ; 0            ; 0       ; 0         ; 0    ; 0            ; |MIPS|Datapath:inst|Register:inst|RF16bit:R2|RF8bit:inst1|RFC:inst2                            ; work         ;
;                |RFC:inst3|              ; 0 (0)             ; 1 (1)        ; 0           ; 0            ; 0       ; 0         ; 0    ; 0            ; |MIPS|Datapath:inst|Register:inst|RF16bit:R2|RF8bit:inst1|RFC:inst3                            ; work         ;
;                |RFC:inst4|              ; 0 (0)             ; 1 (1)        ; 0           ; 0            ; 0       ; 0         ; 0    ; 0            ; |MIPS|Datapath:inst|Register:inst|RF16bit:R2|RF8bit:inst1|RFC:inst4                            ; work         ;
;                |RFC:inst5|              ; 0 (0)             ; 1 (1)        ; 0           ; 0            ; 0       ; 0         ; 0    ; 0            ; |MIPS|Datapath:inst|Register:inst|RF16bit:R2|RF8bit:inst1|RFC:inst5                            ; work         ;
;                |RFC:inst6|              ; 0 (0)             ; 1 (1)        ; 0           ; 0            ; 0       ; 0         ; 0    ; 0            ; |MIPS|Datapath:inst|Register:inst|RF16bit:R2|RF8bit:inst1|RFC:inst6                            ; work         ;
;                |RFC:inst7|              ; 0 (0)             ; 1 (1)        ; 0           ; 0            ; 0       ; 0         ; 0    ; 0            ; |MIPS|Datapath:inst|Register:inst|RF16bit:R2|RF8bit:inst1|RFC:inst7                            ; work         ;
;                |RFC:inst|               ; 0 (0)             ; 1 (1)        ; 0           ; 0            ; 0       ; 0         ; 0    ; 0            ; |MIPS|Datapath:inst|Register:inst|RF16bit:R2|RF8bit:inst1|RFC:inst                             ; work         ;
;             |RF8bit:inst|               ; 0 (0)             ; 8 (0)        ; 0           ; 0            ; 0       ; 0         ; 0    ; 0            ; |MIPS|Datapath:inst|Register:inst|RF16bit:R2|RF8bit:inst                                       ; work         ;
;                |RFC:inst1|              ; 0 (0)             ; 1 (1)        ; 0           ; 0            ; 0       ; 0         ; 0    ; 0            ; |MIPS|Datapath:inst|Register:inst|RF16bit:R2|RF8bit:inst|RFC:inst1                             ; work         ;
;                |RFC:inst2|              ; 0 (0)             ; 1 (1)        ; 0           ; 0            ; 0       ; 0         ; 0    ; 0            ; |MIPS|Datapath:inst|Register:inst|RF16bit:R2|RF8bit:inst|RFC:inst2                             ; work         ;
;                |RFC:inst3|              ; 0 (0)             ; 1 (1)        ; 0           ; 0            ; 0       ; 0         ; 0    ; 0            ; |MIPS|Datapath:inst|Register:inst|RF16bit:R2|RF8bit:inst|RFC:inst3                             ; work         ;
;                |RFC:inst4|              ; 0 (0)             ; 1 (1)        ; 0           ; 0            ; 0       ; 0         ; 0    ; 0            ; |MIPS|Datapath:inst|Register:inst|RF16bit:R2|RF8bit:inst|RFC:inst4                             ; work         ;
;                |RFC:inst5|              ; 0 (0)             ; 1 (1)        ; 0           ; 0            ; 0       ; 0         ; 0    ; 0            ; |MIPS|Datapath:inst|Register:inst|RF16bit:R2|RF8bit:inst|RFC:inst5                             ; work         ;
;                |RFC:inst6|              ; 0 (0)             ; 1 (1)        ; 0           ; 0            ; 0       ; 0         ; 0    ; 0            ; |MIPS|Datapath:inst|Register:inst|RF16bit:R2|RF8bit:inst|RFC:inst6                             ; work         ;
;                |RFC:inst7|              ; 0 (0)             ; 1 (1)        ; 0           ; 0            ; 0       ; 0         ; 0    ; 0            ; |MIPS|Datapath:inst|Register:inst|RF16bit:R2|RF8bit:inst|RFC:inst7                             ; work         ;
;                |RFC:inst|               ; 0 (0)             ; 1 (1)        ; 0           ; 0            ; 0       ; 0         ; 0    ; 0            ; |MIPS|Datapath:inst|Register:inst|RF16bit:R2|RF8bit:inst|RFC:inst                              ; work         ;
;          |RF16bit:R3|                   ; 0 (0)             ; 16 (0)       ; 0           ; 0            ; 0       ; 0         ; 0    ; 0            ; |MIPS|Datapath:inst|Register:inst|RF16bit:R3                                                   ; work         ;
;             |RF8bit:inst1|              ; 0 (0)             ; 8 (0)        ; 0           ; 0            ; 0       ; 0         ; 0    ; 0            ; |MIPS|Datapath:inst|Register:inst|RF16bit:R3|RF8bit:inst1                                      ; work         ;
;                |RFC:inst1|              ; 0 (0)             ; 1 (1)        ; 0           ; 0            ; 0       ; 0         ; 0    ; 0            ; |MIPS|Datapath:inst|Register:inst|RF16bit:R3|RF8bit:inst1|RFC:inst1                            ; work         ;
;                |RFC:inst2|              ; 0 (0)             ; 1 (1)        ; 0           ; 0            ; 0       ; 0         ; 0    ; 0            ; |MIPS|Datapath:inst|Register:inst|RF16bit:R3|RF8bit:inst1|RFC:inst2                            ; work         ;
;                |RFC:inst3|              ; 0 (0)             ; 1 (1)        ; 0           ; 0            ; 0       ; 0         ; 0    ; 0            ; |MIPS|Datapath:inst|Register:inst|RF16bit:R3|RF8bit:inst1|RFC:inst3                            ; work         ;
;                |RFC:inst4|              ; 0 (0)             ; 1 (1)        ; 0           ; 0            ; 0       ; 0         ; 0    ; 0            ; |MIPS|Datapath:inst|Register:inst|RF16bit:R3|RF8bit:inst1|RFC:inst4                            ; work         ;
;                |RFC:inst5|              ; 0 (0)             ; 1 (1)        ; 0           ; 0            ; 0       ; 0         ; 0    ; 0            ; |MIPS|Datapath:inst|Register:inst|RF16bit:R3|RF8bit:inst1|RFC:inst5                            ; work         ;
;                |RFC:inst6|              ; 0 (0)             ; 1 (1)        ; 0           ; 0            ; 0       ; 0         ; 0    ; 0            ; |MIPS|Datapath:inst|Register:inst|RF16bit:R3|RF8bit:inst1|RFC:inst6                            ; work         ;
;                |RFC:inst7|              ; 0 (0)             ; 1 (1)        ; 0           ; 0            ; 0       ; 0         ; 0    ; 0            ; |MIPS|Datapath:inst|Register:inst|RF16bit:R3|RF8bit:inst1|RFC:inst7                            ; work         ;
;                |RFC:inst|               ; 0 (0)             ; 1 (1)        ; 0           ; 0            ; 0       ; 0         ; 0    ; 0            ; |MIPS|Datapath:inst|Register:inst|RF16bit:R3|RF8bit:inst1|RFC:inst                             ; work         ;
;             |RF8bit:inst|               ; 0 (0)             ; 8 (0)        ; 0           ; 0            ; 0       ; 0         ; 0    ; 0            ; |MIPS|Datapath:inst|Register:inst|RF16bit:R3|RF8bit:inst                                       ; work         ;
;                |RFC:inst1|              ; 0 (0)             ; 1 (1)        ; 0           ; 0            ; 0       ; 0         ; 0    ; 0            ; |MIPS|Datapath:inst|Register:inst|RF16bit:R3|RF8bit:inst|RFC:inst1                             ; work         ;
;                |RFC:inst2|              ; 0 (0)             ; 1 (1)        ; 0           ; 0            ; 0       ; 0         ; 0    ; 0            ; |MIPS|Datapath:inst|Register:inst|RF16bit:R3|RF8bit:inst|RFC:inst2                             ; work         ;
;                |RFC:inst3|              ; 0 (0)             ; 1 (1)        ; 0           ; 0            ; 0       ; 0         ; 0    ; 0            ; |MIPS|Datapath:inst|Register:inst|RF16bit:R3|RF8bit:inst|RFC:inst3                             ; work         ;
;                |RFC:inst4|              ; 0 (0)             ; 1 (1)        ; 0           ; 0            ; 0       ; 0         ; 0    ; 0            ; |MIPS|Datapath:inst|Register:inst|RF16bit:R3|RF8bit:inst|RFC:inst4                             ; work         ;
;                |RFC:inst5|              ; 0 (0)             ; 1 (1)        ; 0           ; 0            ; 0       ; 0         ; 0    ; 0            ; |MIPS|Datapath:inst|Register:inst|RF16bit:R3|RF8bit:inst|RFC:inst5                             ; work         ;
;                |RFC:inst6|              ; 0 (0)             ; 1 (1)        ; 0           ; 0            ; 0       ; 0         ; 0    ; 0            ; |MIPS|Datapath:inst|Register:inst|RF16bit:R3|RF8bit:inst|RFC:inst6                             ; work         ;
;                |RFC:inst7|              ; 0 (0)             ; 1 (1)        ; 0           ; 0            ; 0       ; 0         ; 0    ; 0            ; |MIPS|Datapath:inst|Register:inst|RF16bit:R3|RF8bit:inst|RFC:inst7                             ; work         ;
;                |RFC:inst|               ; 0 (0)             ; 1 (1)        ; 0           ; 0            ; 0       ; 0         ; 0    ; 0            ; |MIPS|Datapath:inst|Register:inst|RF16bit:R3|RF8bit:inst|RFC:inst                              ; work         ;
;          |RF16bit:R4|                   ; 0 (0)             ; 16 (0)       ; 0           ; 0            ; 0       ; 0         ; 0    ; 0            ; |MIPS|Datapath:inst|Register:inst|RF16bit:R4                                                   ; work         ;
;             |RF8bit:inst1|              ; 0 (0)             ; 8 (0)        ; 0           ; 0            ; 0       ; 0         ; 0    ; 0            ; |MIPS|Datapath:inst|Register:inst|RF16bit:R4|RF8bit:inst1                                      ; work         ;
;                |RFC:inst1|              ; 0 (0)             ; 1 (1)        ; 0           ; 0            ; 0       ; 0         ; 0    ; 0            ; |MIPS|Datapath:inst|Register:inst|RF16bit:R4|RF8bit:inst1|RFC:inst1                            ; work         ;
;                |RFC:inst2|              ; 0 (0)             ; 1 (1)        ; 0           ; 0            ; 0       ; 0         ; 0    ; 0            ; |MIPS|Datapath:inst|Register:inst|RF16bit:R4|RF8bit:inst1|RFC:inst2                            ; work         ;
;                |RFC:inst3|              ; 0 (0)             ; 1 (1)        ; 0           ; 0            ; 0       ; 0         ; 0    ; 0            ; |MIPS|Datapath:inst|Register:inst|RF16bit:R4|RF8bit:inst1|RFC:inst3                            ; work         ;
;                |RFC:inst4|              ; 0 (0)             ; 1 (1)        ; 0           ; 0            ; 0       ; 0         ; 0    ; 0            ; |MIPS|Datapath:inst|Register:inst|RF16bit:R4|RF8bit:inst1|RFC:inst4                            ; work         ;
;                |RFC:inst5|              ; 0 (0)             ; 1 (1)        ; 0           ; 0            ; 0       ; 0         ; 0    ; 0            ; |MIPS|Datapath:inst|Register:inst|RF16bit:R4|RF8bit:inst1|RFC:inst5                            ; work         ;
;                |RFC:inst6|              ; 0 (0)             ; 1 (1)        ; 0           ; 0            ; 0       ; 0         ; 0    ; 0            ; |MIPS|Datapath:inst|Register:inst|RF16bit:R4|RF8bit:inst1|RFC:inst6                            ; work         ;
;                |RFC:inst7|              ; 0 (0)             ; 1 (1)        ; 0           ; 0            ; 0       ; 0         ; 0    ; 0            ; |MIPS|Datapath:inst|Register:inst|RF16bit:R4|RF8bit:inst1|RFC:inst7                            ; work         ;
;                |RFC:inst|               ; 0 (0)             ; 1 (1)        ; 0           ; 0            ; 0       ; 0         ; 0    ; 0            ; |MIPS|Datapath:inst|Register:inst|RF16bit:R4|RF8bit:inst1|RFC:inst                             ; work         ;
;             |RF8bit:inst|               ; 0 (0)             ; 8 (0)        ; 0           ; 0            ; 0       ; 0         ; 0    ; 0            ; |MIPS|Datapath:inst|Register:inst|RF16bit:R4|RF8bit:inst                                       ; work         ;
;                |RFC:inst1|              ; 0 (0)             ; 1 (1)        ; 0           ; 0            ; 0       ; 0         ; 0    ; 0            ; |MIPS|Datapath:inst|Register:inst|RF16bit:R4|RF8bit:inst|RFC:inst1                             ; work         ;
;                |RFC:inst2|              ; 0 (0)             ; 1 (1)        ; 0           ; 0            ; 0       ; 0         ; 0    ; 0            ; |MIPS|Datapath:inst|Register:inst|RF16bit:R4|RF8bit:inst|RFC:inst2                             ; work         ;
;                |RFC:inst3|              ; 0 (0)             ; 1 (1)        ; 0           ; 0            ; 0       ; 0         ; 0    ; 0            ; |MIPS|Datapath:inst|Register:inst|RF16bit:R4|RF8bit:inst|RFC:inst3                             ; work         ;
;                |RFC:inst4|              ; 0 (0)             ; 1 (1)        ; 0           ; 0            ; 0       ; 0         ; 0    ; 0            ; |MIPS|Datapath:inst|Register:inst|RF16bit:R4|RF8bit:inst|RFC:inst4                             ; work         ;
;                |RFC:inst5|              ; 0 (0)             ; 1 (1)        ; 0           ; 0            ; 0       ; 0         ; 0    ; 0            ; |MIPS|Datapath:inst|Register:inst|RF16bit:R4|RF8bit:inst|RFC:inst5                             ; work         ;
;                |RFC:inst6|              ; 0 (0)             ; 1 (1)        ; 0           ; 0            ; 0       ; 0         ; 0    ; 0            ; |MIPS|Datapath:inst|Register:inst|RF16bit:R4|RF8bit:inst|RFC:inst6                             ; work         ;
;                |RFC:inst7|              ; 0 (0)             ; 1 (1)        ; 0           ; 0            ; 0       ; 0         ; 0    ; 0            ; |MIPS|Datapath:inst|Register:inst|RF16bit:R4|RF8bit:inst|RFC:inst7                             ; work         ;
;                |RFC:inst|               ; 0 (0)             ; 1 (1)        ; 0           ; 0            ; 0       ; 0         ; 0    ; 0            ; |MIPS|Datapath:inst|Register:inst|RF16bit:R4|RF8bit:inst|RFC:inst                              ; work         ;
;          |RF16bit:R5|                   ; 0 (0)             ; 16 (0)       ; 0           ; 0            ; 0       ; 0         ; 0    ; 0            ; |MIPS|Datapath:inst|Register:inst|RF16bit:R5                                                   ; work         ;
;             |RF8bit:inst1|              ; 0 (0)             ; 8 (0)        ; 0           ; 0            ; 0       ; 0         ; 0    ; 0            ; |MIPS|Datapath:inst|Register:inst|RF16bit:R5|RF8bit:inst1                                      ; work         ;
;                |RFC:inst1|              ; 0 (0)             ; 1 (1)        ; 0           ; 0            ; 0       ; 0         ; 0    ; 0            ; |MIPS|Datapath:inst|Register:inst|RF16bit:R5|RF8bit:inst1|RFC:inst1                            ; work         ;
;                |RFC:inst2|              ; 0 (0)             ; 1 (1)        ; 0           ; 0            ; 0       ; 0         ; 0    ; 0            ; |MIPS|Datapath:inst|Register:inst|RF16bit:R5|RF8bit:inst1|RFC:inst2                            ; work         ;
;                |RFC:inst3|              ; 0 (0)             ; 1 (1)        ; 0           ; 0            ; 0       ; 0         ; 0    ; 0            ; |MIPS|Datapath:inst|Register:inst|RF16bit:R5|RF8bit:inst1|RFC:inst3                            ; work         ;
;                |RFC:inst4|              ; 0 (0)             ; 1 (1)        ; 0           ; 0            ; 0       ; 0         ; 0    ; 0            ; |MIPS|Datapath:inst|Register:inst|RF16bit:R5|RF8bit:inst1|RFC:inst4                            ; work         ;
;                |RFC:inst5|              ; 0 (0)             ; 1 (1)        ; 0           ; 0            ; 0       ; 0         ; 0    ; 0            ; |MIPS|Datapath:inst|Register:inst|RF16bit:R5|RF8bit:inst1|RFC:inst5                            ; work         ;
;                |RFC:inst6|              ; 0 (0)             ; 1 (1)        ; 0           ; 0            ; 0       ; 0         ; 0    ; 0            ; |MIPS|Datapath:inst|Register:inst|RF16bit:R5|RF8bit:inst1|RFC:inst6                            ; work         ;
;                |RFC:inst7|              ; 0 (0)             ; 1 (1)        ; 0           ; 0            ; 0       ; 0         ; 0    ; 0            ; |MIPS|Datapath:inst|Register:inst|RF16bit:R5|RF8bit:inst1|RFC:inst7                            ; work         ;
;                |RFC:inst|               ; 0 (0)             ; 1 (1)        ; 0           ; 0            ; 0       ; 0         ; 0    ; 0            ; |MIPS|Datapath:inst|Register:inst|RF16bit:R5|RF8bit:inst1|RFC:inst                             ; work         ;
;             |RF8bit:inst|               ; 0 (0)             ; 8 (0)        ; 0           ; 0            ; 0       ; 0         ; 0    ; 0            ; |MIPS|Datapath:inst|Register:inst|RF16bit:R5|RF8bit:inst                                       ; work         ;
;                |RFC:inst1|              ; 0 (0)             ; 1 (1)        ; 0           ; 0            ; 0       ; 0         ; 0    ; 0            ; |MIPS|Datapath:inst|Register:inst|RF16bit:R5|RF8bit:inst|RFC:inst1                             ; work         ;
;                |RFC:inst2|              ; 0 (0)             ; 1 (1)        ; 0           ; 0            ; 0       ; 0         ; 0    ; 0            ; |MIPS|Datapath:inst|Register:inst|RF16bit:R5|RF8bit:inst|RFC:inst2                             ; work         ;
;                |RFC:inst3|              ; 0 (0)             ; 1 (1)        ; 0           ; 0            ; 0       ; 0         ; 0    ; 0            ; |MIPS|Datapath:inst|Register:inst|RF16bit:R5|RF8bit:inst|RFC:inst3                             ; work         ;
;                |RFC:inst4|              ; 0 (0)             ; 1 (1)        ; 0           ; 0            ; 0       ; 0         ; 0    ; 0            ; |MIPS|Datapath:inst|Register:inst|RF16bit:R5|RF8bit:inst|RFC:inst4                             ; work         ;
;                |RFC:inst5|              ; 0 (0)             ; 1 (1)        ; 0           ; 0            ; 0       ; 0         ; 0    ; 0            ; |MIPS|Datapath:inst|Register:inst|RF16bit:R5|RF8bit:inst|RFC:inst5                             ; work         ;
;                |RFC:inst6|              ; 0 (0)             ; 1 (1)        ; 0           ; 0            ; 0       ; 0         ; 0    ; 0            ; |MIPS|Datapath:inst|Register:inst|RF16bit:R5|RF8bit:inst|RFC:inst6                             ; work         ;
;                |RFC:inst7|              ; 0 (0)             ; 1 (1)        ; 0           ; 0            ; 0       ; 0         ; 0    ; 0            ; |MIPS|Datapath:inst|Register:inst|RF16bit:R5|RF8bit:inst|RFC:inst7                             ; work         ;
;                |RFC:inst|               ; 0 (0)             ; 1 (1)        ; 0           ; 0            ; 0       ; 0         ; 0    ; 0            ; |MIPS|Datapath:inst|Register:inst|RF16bit:R5|RF8bit:inst|RFC:inst                              ; work         ;
;          |RF16bit:R6|                   ; 0 (0)             ; 16 (0)       ; 0           ; 0            ; 0       ; 0         ; 0    ; 0            ; |MIPS|Datapath:inst|Register:inst|RF16bit:R6                                                   ; work         ;
;             |RF8bit:inst1|              ; 0 (0)             ; 8 (0)        ; 0           ; 0            ; 0       ; 0         ; 0    ; 0            ; |MIPS|Datapath:inst|Register:inst|RF16bit:R6|RF8bit:inst1                                      ; work         ;
;                |RFC:inst1|              ; 0 (0)             ; 1 (1)        ; 0           ; 0            ; 0       ; 0         ; 0    ; 0            ; |MIPS|Datapath:inst|Register:inst|RF16bit:R6|RF8bit:inst1|RFC:inst1                            ; work         ;
;                |RFC:inst2|              ; 0 (0)             ; 1 (1)        ; 0           ; 0            ; 0       ; 0         ; 0    ; 0            ; |MIPS|Datapath:inst|Register:inst|RF16bit:R6|RF8bit:inst1|RFC:inst2                            ; work         ;
;                |RFC:inst3|              ; 0 (0)             ; 1 (1)        ; 0           ; 0            ; 0       ; 0         ; 0    ; 0            ; |MIPS|Datapath:inst|Register:inst|RF16bit:R6|RF8bit:inst1|RFC:inst3                            ; work         ;
;                |RFC:inst4|              ; 0 (0)             ; 1 (1)        ; 0           ; 0            ; 0       ; 0         ; 0    ; 0            ; |MIPS|Datapath:inst|Register:inst|RF16bit:R6|RF8bit:inst1|RFC:inst4                            ; work         ;
;                |RFC:inst5|              ; 0 (0)             ; 1 (1)        ; 0           ; 0            ; 0       ; 0         ; 0    ; 0            ; |MIPS|Datapath:inst|Register:inst|RF16bit:R6|RF8bit:inst1|RFC:inst5                            ; work         ;
;                |RFC:inst6|              ; 0 (0)             ; 1 (1)        ; 0           ; 0            ; 0       ; 0         ; 0    ; 0            ; |MIPS|Datapath:inst|Register:inst|RF16bit:R6|RF8bit:inst1|RFC:inst6                            ; work         ;
;                |RFC:inst7|              ; 0 (0)             ; 1 (1)        ; 0           ; 0            ; 0       ; 0         ; 0    ; 0            ; |MIPS|Datapath:inst|Register:inst|RF16bit:R6|RF8bit:inst1|RFC:inst7                            ; work         ;
;                |RFC:inst|               ; 0 (0)             ; 1 (1)        ; 0           ; 0            ; 0       ; 0         ; 0    ; 0            ; |MIPS|Datapath:inst|Register:inst|RF16bit:R6|RF8bit:inst1|RFC:inst                             ; work         ;
;             |RF8bit:inst|               ; 0 (0)             ; 8 (0)        ; 0           ; 0            ; 0       ; 0         ; 0    ; 0            ; |MIPS|Datapath:inst|Register:inst|RF16bit:R6|RF8bit:inst                                       ; work         ;
;                |RFC:inst1|              ; 0 (0)             ; 1 (1)        ; 0           ; 0            ; 0       ; 0         ; 0    ; 0            ; |MIPS|Datapath:inst|Register:inst|RF16bit:R6|RF8bit:inst|RFC:inst1                             ; work         ;
;                |RFC:inst2|              ; 0 (0)             ; 1 (1)        ; 0           ; 0            ; 0       ; 0         ; 0    ; 0            ; |MIPS|Datapath:inst|Register:inst|RF16bit:R6|RF8bit:inst|RFC:inst2                             ; work         ;
;                |RFC:inst3|              ; 0 (0)             ; 1 (1)        ; 0           ; 0            ; 0       ; 0         ; 0    ; 0            ; |MIPS|Datapath:inst|Register:inst|RF16bit:R6|RF8bit:inst|RFC:inst3                             ; work         ;
;                |RFC:inst4|              ; 0 (0)             ; 1 (1)        ; 0           ; 0            ; 0       ; 0         ; 0    ; 0            ; |MIPS|Datapath:inst|Register:inst|RF16bit:R6|RF8bit:inst|RFC:inst4                             ; work         ;
;                |RFC:inst5|              ; 0 (0)             ; 1 (1)        ; 0           ; 0            ; 0       ; 0         ; 0    ; 0            ; |MIPS|Datapath:inst|Register:inst|RF16bit:R6|RF8bit:inst|RFC:inst5                             ; work         ;
;                |RFC:inst6|              ; 0 (0)             ; 1 (1)        ; 0           ; 0            ; 0       ; 0         ; 0    ; 0            ; |MIPS|Datapath:inst|Register:inst|RF16bit:R6|RF8bit:inst|RFC:inst6                             ; work         ;
;                |RFC:inst7|              ; 0 (0)             ; 1 (1)        ; 0           ; 0            ; 0       ; 0         ; 0    ; 0            ; |MIPS|Datapath:inst|Register:inst|RF16bit:R6|RF8bit:inst|RFC:inst7                             ; work         ;
;                |RFC:inst|               ; 0 (0)             ; 1 (1)        ; 0           ; 0            ; 0       ; 0         ; 0    ; 0            ; |MIPS|Datapath:inst|Register:inst|RF16bit:R6|RF8bit:inst|RFC:inst                              ; work         ;
;          |RF16bit:R7|                   ; 0 (0)             ; 16 (0)       ; 0           ; 0            ; 0       ; 0         ; 0    ; 0            ; |MIPS|Datapath:inst|Register:inst|RF16bit:R7                                                   ; work         ;
;             |RF8bit:inst1|              ; 0 (0)             ; 8 (0)        ; 0           ; 0            ; 0       ; 0         ; 0    ; 0            ; |MIPS|Datapath:inst|Register:inst|RF16bit:R7|RF8bit:inst1                                      ; work         ;
;                |RFC:inst1|              ; 0 (0)             ; 1 (1)        ; 0           ; 0            ; 0       ; 0         ; 0    ; 0            ; |MIPS|Datapath:inst|Register:inst|RF16bit:R7|RF8bit:inst1|RFC:inst1                            ; work         ;
;                |RFC:inst2|              ; 0 (0)             ; 1 (1)        ; 0           ; 0            ; 0       ; 0         ; 0    ; 0            ; |MIPS|Datapath:inst|Register:inst|RF16bit:R7|RF8bit:inst1|RFC:inst2                            ; work         ;
;                |RFC:inst3|              ; 0 (0)             ; 1 (1)        ; 0           ; 0            ; 0       ; 0         ; 0    ; 0            ; |MIPS|Datapath:inst|Register:inst|RF16bit:R7|RF8bit:inst1|RFC:inst3                            ; work         ;
;                |RFC:inst4|              ; 0 (0)             ; 1 (1)        ; 0           ; 0            ; 0       ; 0         ; 0    ; 0            ; |MIPS|Datapath:inst|Register:inst|RF16bit:R7|RF8bit:inst1|RFC:inst4                            ; work         ;
;                |RFC:inst5|              ; 0 (0)             ; 1 (1)        ; 0           ; 0            ; 0       ; 0         ; 0    ; 0            ; |MIPS|Datapath:inst|Register:inst|RF16bit:R7|RF8bit:inst1|RFC:inst5                            ; work         ;
;                |RFC:inst6|              ; 0 (0)             ; 1 (1)        ; 0           ; 0            ; 0       ; 0         ; 0    ; 0            ; |MIPS|Datapath:inst|Register:inst|RF16bit:R7|RF8bit:inst1|RFC:inst6                            ; work         ;
;                |RFC:inst7|              ; 0 (0)             ; 1 (1)        ; 0           ; 0            ; 0       ; 0         ; 0    ; 0            ; |MIPS|Datapath:inst|Register:inst|RF16bit:R7|RF8bit:inst1|RFC:inst7                            ; work         ;
;                |RFC:inst|               ; 0 (0)             ; 1 (1)        ; 0           ; 0            ; 0       ; 0         ; 0    ; 0            ; |MIPS|Datapath:inst|Register:inst|RF16bit:R7|RF8bit:inst1|RFC:inst                             ; work         ;
;             |RF8bit:inst|               ; 0 (0)             ; 8 (0)        ; 0           ; 0            ; 0       ; 0         ; 0    ; 0            ; |MIPS|Datapath:inst|Register:inst|RF16bit:R7|RF8bit:inst                                       ; work         ;
;                |RFC:inst1|              ; 0 (0)             ; 1 (1)        ; 0           ; 0            ; 0       ; 0         ; 0    ; 0            ; |MIPS|Datapath:inst|Register:inst|RF16bit:R7|RF8bit:inst|RFC:inst1                             ; work         ;
;                |RFC:inst2|              ; 0 (0)             ; 1 (1)        ; 0           ; 0            ; 0       ; 0         ; 0    ; 0            ; |MIPS|Datapath:inst|Register:inst|RF16bit:R7|RF8bit:inst|RFC:inst2                             ; work         ;
;                |RFC:inst3|              ; 0 (0)             ; 1 (1)        ; 0           ; 0            ; 0       ; 0         ; 0    ; 0            ; |MIPS|Datapath:inst|Register:inst|RF16bit:R7|RF8bit:inst|RFC:inst3                             ; work         ;
;                |RFC:inst4|              ; 0 (0)             ; 1 (1)        ; 0           ; 0            ; 0       ; 0         ; 0    ; 0            ; |MIPS|Datapath:inst|Register:inst|RF16bit:R7|RF8bit:inst|RFC:inst4                             ; work         ;
;                |RFC:inst5|              ; 0 (0)             ; 1 (1)        ; 0           ; 0            ; 0       ; 0         ; 0    ; 0            ; |MIPS|Datapath:inst|Register:inst|RF16bit:R7|RF8bit:inst|RFC:inst5                             ; work         ;
;                |RFC:inst6|              ; 0 (0)             ; 1 (1)        ; 0           ; 0            ; 0       ; 0         ; 0    ; 0            ; |MIPS|Datapath:inst|Register:inst|RF16bit:R7|RF8bit:inst|RFC:inst6                             ; work         ;
;                |RFC:inst7|              ; 0 (0)             ; 1 (1)        ; 0           ; 0            ; 0       ; 0         ; 0    ; 0            ; |MIPS|Datapath:inst|Register:inst|RF16bit:R7|RF8bit:inst|RFC:inst7                             ; work         ;
;                |RFC:inst|               ; 0 (0)             ; 1 (1)        ; 0           ; 0            ; 0       ; 0         ; 0    ; 0            ; |MIPS|Datapath:inst|Register:inst|RF16bit:R7|RF8bit:inst|RFC:inst                              ; work         ;
+-----------------------------------------+-------------------+--------------+-------------+--------------+---------+-----------+------+--------------+------------------------------------------------------------------------------------------------+--------------+
Note: For table entries with two numbers listed, the numbers in parentheses indicate the number of resources of the given type used by the specific entity alone. The numbers listed outside of parentheses indicate the total resources of the given type used by the specific entity and all of its sub-entities in the hierarchy.


+-----------------------------------------------------------------------------------------------------------------------------------------------------------------------------------+
; Analysis & Synthesis IP Cores Summary                                                                                                                                             ;
+--------+--------------+---------+--------------+--------------+-----------------------------------------------+-------------------------------------------------------------------+
; Vendor ; IP Core Name ; Version ; Release Date ; License Type ; Entity Instance                               ; IP Include File                                                   ;
+--------+--------------+---------+--------------+--------------+-----------------------------------------------+-------------------------------------------------------------------+
; Altera ; LPM_CONSTANT ; 13.0    ; N/A          ; N/A          ; |MIPS|Datapath:inst|lpm_constant0:inst22      ; D:/HK5/CE118_DigitalLogicDesign/TH_Quartus/LAB6/lpm_constant0.vhd ;
; Altera ; LPM_MUX      ; 13.0    ; N/A          ; N/A          ; |MIPS|Datapath:inst|AU1:inst24|lpm_mux0:inst9 ; D:/HK5/CE118_DigitalLogicDesign/TH_Quartus/LAB6/lpm_mux0.vhd      ;
+--------+--------------+---------+--------------+--------------+-----------------------------------------------+-------------------------------------------------------------------+


+---------------------------------------------------------------------------------------------------------------------------------------------------------+
; Registers Removed During Synthesis                                                                                                                      ;
+----------------------------------------------------------------------+----------------------------------------------------------------------------------+
; Register name                                                        ; Reason for Removal                                                               ;
+----------------------------------------------------------------------+----------------------------------------------------------------------------------+
; Datapath:inst|DMEM:inst23|RF16bit:R3|RF8bit:inst1|RFC:inst7|inst14   ; Stuck at GND due to stuck port clear                                             ;
; Datapath:inst|DMEM:inst23|RF16bit:R3|RF8bit:inst1|RFC:inst6|inst14   ; Stuck at GND due to stuck port clear                                             ;
; Datapath:inst|DMEM:inst23|RF16bit:R3|RF8bit:inst1|RFC:inst5|inst14   ; Stuck at GND due to stuck port clear                                             ;
; Datapath:inst|DMEM:inst23|RF16bit:R3|RF8bit:inst1|RFC:inst4|inst14   ; Stuck at GND due to stuck port clear                                             ;
; Datapath:inst|DMEM:inst23|RF16bit:R3|RF8bit:inst1|RFC:inst3|inst14   ; Stuck at GND due to stuck port clear                                             ;
; Datapath:inst|DMEM:inst23|RF16bit:R3|RF8bit:inst1|RFC:inst2|inst14   ; Stuck at GND due to stuck port clear                                             ;
; Datapath:inst|DMEM:inst23|RF16bit:R3|RF8bit:inst1|RFC:inst1|inst14   ; Stuck at GND due to stuck port clear                                             ;
; Datapath:inst|DMEM:inst23|RF16bit:R3|RF8bit:inst1|RFC:inst|inst14    ; Stuck at GND due to stuck port clear                                             ;
; Datapath:inst|DMEM:inst23|RF16bit:R3|RF8bit:inst|RFC:inst7|inst14    ; Stuck at GND due to stuck port clear                                             ;
; Datapath:inst|DMEM:inst23|RF16bit:R3|RF8bit:inst|RFC:inst6|inst14    ; Stuck at GND due to stuck port clear                                             ;
; Datapath:inst|DMEM:inst23|RF16bit:R3|RF8bit:inst|RFC:inst5|inst14    ; Stuck at GND due to stuck port clear                                             ;
; Datapath:inst|DMEM:inst23|RF16bit:R3|RF8bit:inst|RFC:inst4|inst14    ; Stuck at GND due to stuck port clear                                             ;
; Datapath:inst|DMEM:inst23|RF16bit:R3|RF8bit:inst|RFC:inst3|inst14    ; Stuck at GND due to stuck port clear                                             ;
; Datapath:inst|DMEM:inst23|RF16bit:R3|RF8bit:inst|RFC:inst2|inst14    ; Stuck at GND due to stuck port clear                                             ;
; Datapath:inst|DMEM:inst23|RF16bit:R3|RF8bit:inst|RFC:inst1|inst14    ; Stuck at GND due to stuck port clear                                             ;
; Datapath:inst|DMEM:inst23|RF16bit:R3|RF8bit:inst|RFC:inst|inst14     ; Stuck at GND due to stuck port clear                                             ;
; Datapath:inst|DMEM:inst23|RF16bit:R2|RF8bit:inst1|RFC:inst7|inst14   ; Stuck at GND due to stuck port clear                                             ;
; Datapath:inst|DMEM:inst23|RF16bit:R2|RF8bit:inst1|RFC:inst6|inst14   ; Stuck at GND due to stuck port clear                                             ;
; Datapath:inst|DMEM:inst23|RF16bit:R2|RF8bit:inst1|RFC:inst5|inst14   ; Stuck at GND due to stuck port clear                                             ;
; Datapath:inst|DMEM:inst23|RF16bit:R2|RF8bit:inst1|RFC:inst4|inst14   ; Stuck at GND due to stuck port clear                                             ;
; Datapath:inst|DMEM:inst23|RF16bit:R2|RF8bit:inst1|RFC:inst3|inst14   ; Stuck at GND due to stuck port clear                                             ;
; Datapath:inst|DMEM:inst23|RF16bit:R2|RF8bit:inst1|RFC:inst2|inst14   ; Stuck at GND due to stuck port clear                                             ;
; Datapath:inst|DMEM:inst23|RF16bit:R2|RF8bit:inst1|RFC:inst1|inst14   ; Stuck at GND due to stuck port clear                                             ;
; Datapath:inst|DMEM:inst23|RF16bit:R2|RF8bit:inst1|RFC:inst|inst14    ; Stuck at GND due to stuck port clear                                             ;
; Datapath:inst|DMEM:inst23|RF16bit:R2|RF8bit:inst|RFC:inst7|inst14    ; Stuck at GND due to stuck port clear                                             ;
; Datapath:inst|DMEM:inst23|RF16bit:R2|RF8bit:inst|RFC:inst6|inst14    ; Stuck at GND due to stuck port clear                                             ;
; Datapath:inst|DMEM:inst23|RF16bit:R2|RF8bit:inst|RFC:inst5|inst14    ; Stuck at GND due to stuck port clear                                             ;
; Datapath:inst|DMEM:inst23|RF16bit:R2|RF8bit:inst|RFC:inst4|inst14    ; Stuck at GND due to stuck port clear                                             ;
; Datapath:inst|DMEM:inst23|RF16bit:R2|RF8bit:inst|RFC:inst3|inst14    ; Stuck at GND due to stuck port clear                                             ;
; Datapath:inst|DMEM:inst23|RF16bit:R2|RF8bit:inst|RFC:inst2|inst14    ; Stuck at GND due to stuck port clear                                             ;
; Datapath:inst|DMEM:inst23|RF16bit:R2|RF8bit:inst|RFC:inst1|inst14    ; Stuck at GND due to stuck port clear                                             ;
; Datapath:inst|DMEM:inst23|RF16bit:R2|RF8bit:inst|RFC:inst|inst14     ; Stuck at GND due to stuck port clear                                             ;
; Datapath:inst|DMEM:inst23|RF16bit:R1|RF8bit:inst1|RFC:inst7|inst14   ; Stuck at GND due to stuck port clear                                             ;
; Datapath:inst|DMEM:inst23|RF16bit:R1|RF8bit:inst1|RFC:inst6|inst14   ; Stuck at GND due to stuck port clear                                             ;
; Datapath:inst|DMEM:inst23|RF16bit:R1|RF8bit:inst1|RFC:inst5|inst14   ; Stuck at GND due to stuck port clear                                             ;
; Datapath:inst|DMEM:inst23|RF16bit:R1|RF8bit:inst1|RFC:inst4|inst14   ; Stuck at GND due to stuck port clear                                             ;
; Datapath:inst|DMEM:inst23|RF16bit:R1|RF8bit:inst1|RFC:inst3|inst14   ; Stuck at GND due to stuck port clear                                             ;
; Datapath:inst|DMEM:inst23|RF16bit:R1|RF8bit:inst1|RFC:inst2|inst14   ; Stuck at GND due to stuck port clear                                             ;
; Datapath:inst|DMEM:inst23|RF16bit:R1|RF8bit:inst1|RFC:inst1|inst14   ; Stuck at GND due to stuck port clear                                             ;
; Datapath:inst|DMEM:inst23|RF16bit:R1|RF8bit:inst1|RFC:inst|inst14    ; Stuck at GND due to stuck port clear                                             ;
; Datapath:inst|DMEM:inst23|RF16bit:R1|RF8bit:inst|RFC:inst7|inst14    ; Stuck at GND due to stuck port clear                                             ;
; Datapath:inst|DMEM:inst23|RF16bit:R1|RF8bit:inst|RFC:inst6|inst14    ; Stuck at GND due to stuck port clear                                             ;
; Datapath:inst|DMEM:inst23|RF16bit:R1|RF8bit:inst|RFC:inst5|inst14    ; Stuck at GND due to stuck port clear                                             ;
; Datapath:inst|DMEM:inst23|RF16bit:R1|RF8bit:inst|RFC:inst4|inst14    ; Stuck at GND due to stuck port clear                                             ;
; Datapath:inst|DMEM:inst23|RF16bit:R1|RF8bit:inst|RFC:inst3|inst14    ; Stuck at GND due to stuck port clear                                             ;
; Datapath:inst|DMEM:inst23|RF16bit:R1|RF8bit:inst|RFC:inst2|inst14    ; Stuck at GND due to stuck port clear                                             ;
; Datapath:inst|DMEM:inst23|RF16bit:R1|RF8bit:inst|RFC:inst1|inst14    ; Stuck at GND due to stuck port clear                                             ;
; Datapath:inst|DMEM:inst23|RF16bit:R1|RF8bit:inst|RFC:inst|inst14     ; Stuck at GND due to stuck port clear                                             ;
; Datapath:inst|DMEM:inst23|RF16bit:R0|RF8bit:inst1|RFC:inst7|inst14   ; Stuck at GND due to stuck port clear                                             ;
; Datapath:inst|DMEM:inst23|RF16bit:R0|RF8bit:inst1|RFC:inst6|inst14   ; Stuck at GND due to stuck port clear                                             ;
; Datapath:inst|DMEM:inst23|RF16bit:R0|RF8bit:inst1|RFC:inst5|inst14   ; Stuck at GND due to stuck port clear                                             ;
; Datapath:inst|DMEM:inst23|RF16bit:R0|RF8bit:inst1|RFC:inst4|inst14   ; Stuck at GND due to stuck port clear                                             ;
; Datapath:inst|DMEM:inst23|RF16bit:R0|RF8bit:inst1|RFC:inst3|inst14   ; Stuck at GND due to stuck port clear                                             ;
; Datapath:inst|DMEM:inst23|RF16bit:R0|RF8bit:inst1|RFC:inst2|inst14   ; Stuck at GND due to stuck port clear                                             ;
; Datapath:inst|DMEM:inst23|RF16bit:R0|RF8bit:inst1|RFC:inst1|inst14   ; Stuck at GND due to stuck port clear                                             ;
; Datapath:inst|DMEM:inst23|RF16bit:R0|RF8bit:inst1|RFC:inst|inst14    ; Stuck at GND due to stuck port clear                                             ;
; Datapath:inst|DMEM:inst23|RF16bit:R0|RF8bit:inst|RFC:inst7|inst14    ; Stuck at GND due to stuck port clear                                             ;
; Datapath:inst|DMEM:inst23|RF16bit:R0|RF8bit:inst|RFC:inst6|inst14    ; Stuck at GND due to stuck port clear                                             ;
; Datapath:inst|DMEM:inst23|RF16bit:R0|RF8bit:inst|RFC:inst5|inst14    ; Stuck at GND due to stuck port clear                                             ;
; Datapath:inst|DMEM:inst23|RF16bit:R0|RF8bit:inst|RFC:inst4|inst14    ; Stuck at GND due to stuck port clear                                             ;
; Datapath:inst|DMEM:inst23|RF16bit:R0|RF8bit:inst|RFC:inst3|inst14    ; Stuck at GND due to stuck port clear                                             ;
; Datapath:inst|DMEM:inst23|RF16bit:R0|RF8bit:inst|RFC:inst2|inst14    ; Stuck at GND due to stuck port clear                                             ;
; Datapath:inst|DMEM:inst23|RF16bit:R0|RF8bit:inst|RFC:inst1|inst14    ; Stuck at GND due to stuck port clear                                             ;
; Datapath:inst|DMEM:inst23|RF16bit:R0|RF8bit:inst|RFC:inst|inst14     ; Stuck at GND due to stuck port clear                                             ;
; Datapath:inst|DMEM:inst23|RF16bit:R7|RF8bit:inst1|RFC:inst7|inst14   ; Stuck at GND due to stuck port clear                                             ;
; Datapath:inst|DMEM:inst23|RF16bit:R7|RF8bit:inst1|RFC:inst6|inst14   ; Stuck at GND due to stuck port clear                                             ;
; Datapath:inst|DMEM:inst23|RF16bit:R7|RF8bit:inst1|RFC:inst5|inst14   ; Stuck at GND due to stuck port clear                                             ;
; Datapath:inst|DMEM:inst23|RF16bit:R7|RF8bit:inst1|RFC:inst4|inst14   ; Stuck at GND due to stuck port clear                                             ;
; Datapath:inst|DMEM:inst23|RF16bit:R7|RF8bit:inst1|RFC:inst3|inst14   ; Stuck at GND due to stuck port clear                                             ;
; Datapath:inst|DMEM:inst23|RF16bit:R7|RF8bit:inst1|RFC:inst2|inst14   ; Stuck at GND due to stuck port clear                                             ;
; Datapath:inst|DMEM:inst23|RF16bit:R7|RF8bit:inst1|RFC:inst1|inst14   ; Stuck at GND due to stuck port clear                                             ;
; Datapath:inst|DMEM:inst23|RF16bit:R7|RF8bit:inst1|RFC:inst|inst14    ; Stuck at GND due to stuck port clear                                             ;
; Datapath:inst|DMEM:inst23|RF16bit:R7|RF8bit:inst|RFC:inst7|inst14    ; Stuck at GND due to stuck port clear                                             ;
; Datapath:inst|DMEM:inst23|RF16bit:R7|RF8bit:inst|RFC:inst6|inst14    ; Stuck at GND due to stuck port clear                                             ;
; Datapath:inst|DMEM:inst23|RF16bit:R7|RF8bit:inst|RFC:inst5|inst14    ; Stuck at GND due to stuck port clear                                             ;
; Datapath:inst|DMEM:inst23|RF16bit:R7|RF8bit:inst|RFC:inst4|inst14    ; Stuck at GND due to stuck port clear                                             ;
; Datapath:inst|DMEM:inst23|RF16bit:R7|RF8bit:inst|RFC:inst3|inst14    ; Stuck at GND due to stuck port clear                                             ;
; Datapath:inst|DMEM:inst23|RF16bit:R7|RF8bit:inst|RFC:inst2|inst14    ; Stuck at GND due to stuck port clear                                             ;
; Datapath:inst|DMEM:inst23|RF16bit:R7|RF8bit:inst|RFC:inst1|inst14    ; Stuck at GND due to stuck port clear                                             ;
; Datapath:inst|DMEM:inst23|RF16bit:R7|RF8bit:inst|RFC:inst|inst14     ; Stuck at GND due to stuck port clear                                             ;
; Datapath:inst|DMEM:inst23|RF16bit:R6|RF8bit:inst1|RFC:inst7|inst14   ; Stuck at GND due to stuck port clear                                             ;
; Datapath:inst|DMEM:inst23|RF16bit:R6|RF8bit:inst1|RFC:inst6|inst14   ; Stuck at GND due to stuck port clear                                             ;
; Datapath:inst|DMEM:inst23|RF16bit:R6|RF8bit:inst1|RFC:inst5|inst14   ; Stuck at GND due to stuck port clear                                             ;
; Datapath:inst|DMEM:inst23|RF16bit:R6|RF8bit:inst1|RFC:inst4|inst14   ; Stuck at GND due to stuck port clear                                             ;
; Datapath:inst|DMEM:inst23|RF16bit:R6|RF8bit:inst1|RFC:inst3|inst14   ; Stuck at GND due to stuck port clear                                             ;
; Datapath:inst|DMEM:inst23|RF16bit:R6|RF8bit:inst1|RFC:inst2|inst14   ; Stuck at GND due to stuck port clear                                             ;
; Datapath:inst|DMEM:inst23|RF16bit:R6|RF8bit:inst1|RFC:inst1|inst14   ; Stuck at GND due to stuck port clear                                             ;
; Datapath:inst|DMEM:inst23|RF16bit:R6|RF8bit:inst1|RFC:inst|inst14    ; Stuck at GND due to stuck port clear                                             ;
; Datapath:inst|DMEM:inst23|RF16bit:R6|RF8bit:inst|RFC:inst7|inst14    ; Stuck at GND due to stuck port clear                                             ;
; Datapath:inst|DMEM:inst23|RF16bit:R6|RF8bit:inst|RFC:inst6|inst14    ; Stuck at GND due to stuck port clear                                             ;
; Datapath:inst|DMEM:inst23|RF16bit:R6|RF8bit:inst|RFC:inst5|inst14    ; Stuck at GND due to stuck port clear                                             ;
; Datapath:inst|DMEM:inst23|RF16bit:R6|RF8bit:inst|RFC:inst4|inst14    ; Stuck at GND due to stuck port clear                                             ;
; Datapath:inst|DMEM:inst23|RF16bit:R6|RF8bit:inst|RFC:inst3|inst14    ; Stuck at GND due to stuck port clear                                             ;
; Datapath:inst|DMEM:inst23|RF16bit:R6|RF8bit:inst|RFC:inst2|inst14    ; Stuck at GND due to stuck port clear                                             ;
; Datapath:inst|DMEM:inst23|RF16bit:R6|RF8bit:inst|RFC:inst1|inst14    ; Stuck at GND due to stuck port clear                                             ;
; Datapath:inst|DMEM:inst23|RF16bit:R6|RF8bit:inst|RFC:inst|inst14     ; Stuck at GND due to stuck port clear                                             ;
; Datapath:inst|DMEM:inst23|RF16bit:R5|RF8bit:inst1|RFC:inst7|inst14   ; Stuck at GND due to stuck port clear                                             ;
; Datapath:inst|DMEM:inst23|RF16bit:R5|RF8bit:inst1|RFC:inst6|inst14   ; Stuck at GND due to stuck port clear                                             ;
; Datapath:inst|DMEM:inst23|RF16bit:R5|RF8bit:inst1|RFC:inst5|inst14   ; Stuck at GND due to stuck port clear                                             ;
; Datapath:inst|DMEM:inst23|RF16bit:R5|RF8bit:inst1|RFC:inst4|inst14   ; Stuck at GND due to stuck port clear                                             ;
; Datapath:inst|DMEM:inst23|RF16bit:R5|RF8bit:inst1|RFC:inst3|inst14   ; Stuck at GND due to stuck port clear                                             ;
; Datapath:inst|DMEM:inst23|RF16bit:R5|RF8bit:inst1|RFC:inst2|inst14   ; Stuck at GND due to stuck port clear                                             ;
; Datapath:inst|DMEM:inst23|RF16bit:R5|RF8bit:inst1|RFC:inst1|inst14   ; Stuck at GND due to stuck port clear                                             ;
; Datapath:inst|DMEM:inst23|RF16bit:R5|RF8bit:inst1|RFC:inst|inst14    ; Stuck at GND due to stuck port clear                                             ;
; Datapath:inst|DMEM:inst23|RF16bit:R5|RF8bit:inst|RFC:inst7|inst14    ; Stuck at GND due to stuck port clear                                             ;
; Datapath:inst|DMEM:inst23|RF16bit:R5|RF8bit:inst|RFC:inst6|inst14    ; Stuck at GND due to stuck port clear                                             ;
; Datapath:inst|DMEM:inst23|RF16bit:R5|RF8bit:inst|RFC:inst5|inst14    ; Stuck at GND due to stuck port clear                                             ;
; Datapath:inst|DMEM:inst23|RF16bit:R5|RF8bit:inst|RFC:inst4|inst14    ; Stuck at GND due to stuck port clear                                             ;
; Datapath:inst|DMEM:inst23|RF16bit:R5|RF8bit:inst|RFC:inst3|inst14    ; Stuck at GND due to stuck port clear                                             ;
; Datapath:inst|DMEM:inst23|RF16bit:R5|RF8bit:inst|RFC:inst2|inst14    ; Stuck at GND due to stuck port clear                                             ;
; Datapath:inst|DMEM:inst23|RF16bit:R5|RF8bit:inst|RFC:inst1|inst14    ; Stuck at GND due to stuck port clear                                             ;
; Datapath:inst|DMEM:inst23|RF16bit:R5|RF8bit:inst|RFC:inst|inst14     ; Stuck at GND due to stuck port clear                                             ;
; Datapath:inst|DMEM:inst23|RF16bit:R4|RF8bit:inst1|RFC:inst7|inst14   ; Stuck at GND due to stuck port clear                                             ;
; Datapath:inst|DMEM:inst23|RF16bit:R4|RF8bit:inst1|RFC:inst6|inst14   ; Stuck at GND due to stuck port clear                                             ;
; Datapath:inst|DMEM:inst23|RF16bit:R4|RF8bit:inst1|RFC:inst5|inst14   ; Stuck at GND due to stuck port clear                                             ;
; Datapath:inst|DMEM:inst23|RF16bit:R4|RF8bit:inst1|RFC:inst4|inst14   ; Stuck at GND due to stuck port clear                                             ;
; Datapath:inst|DMEM:inst23|RF16bit:R4|RF8bit:inst1|RFC:inst3|inst14   ; Stuck at GND due to stuck port clear                                             ;
; Datapath:inst|DMEM:inst23|RF16bit:R4|RF8bit:inst1|RFC:inst2|inst14   ; Stuck at GND due to stuck port clear                                             ;
; Datapath:inst|DMEM:inst23|RF16bit:R4|RF8bit:inst1|RFC:inst1|inst14   ; Stuck at GND due to stuck port clear                                             ;
; Datapath:inst|DMEM:inst23|RF16bit:R4|RF8bit:inst1|RFC:inst|inst14    ; Stuck at GND due to stuck port clear                                             ;
; Datapath:inst|DMEM:inst23|RF16bit:R4|RF8bit:inst|RFC:inst7|inst14    ; Stuck at GND due to stuck port clear                                             ;
; Datapath:inst|DMEM:inst23|RF16bit:R4|RF8bit:inst|RFC:inst6|inst14    ; Stuck at GND due to stuck port clear                                             ;
; Datapath:inst|DMEM:inst23|RF16bit:R4|RF8bit:inst|RFC:inst5|inst14    ; Stuck at GND due to stuck port clear                                             ;
; Datapath:inst|DMEM:inst23|RF16bit:R4|RF8bit:inst|RFC:inst4|inst14    ; Stuck at GND due to stuck port clear                                             ;
; Datapath:inst|DMEM:inst23|RF16bit:R4|RF8bit:inst|RFC:inst3|inst14    ; Stuck at GND due to stuck port clear                                             ;
; Datapath:inst|DMEM:inst23|RF16bit:R4|RF8bit:inst|RFC:inst2|inst14    ; Stuck at GND due to stuck port clear                                             ;
; Datapath:inst|DMEM:inst23|RF16bit:R4|RF8bit:inst|RFC:inst1|inst14    ; Stuck at GND due to stuck port clear                                             ;
; Datapath:inst|DMEM:inst23|RF16bit:R4|RF8bit:inst|RFC:inst|inst14     ; Stuck at GND due to stuck port clear                                             ;
; Datapath:inst|Register:inst|RF16bit:R0|RF8bit:inst|RFC:inst4|inst14  ; Merged with Datapath:inst|Register:inst|RF16bit:R0|RF8bit:inst1|RFC:inst7|inst14 ;
; Datapath:inst|Register:inst|RF16bit:R0|RF8bit:inst|RFC:inst5|inst14  ; Merged with Datapath:inst|Register:inst|RF16bit:R0|RF8bit:inst1|RFC:inst7|inst14 ;
; Datapath:inst|Register:inst|RF16bit:R0|RF8bit:inst|RFC:inst7|inst14  ; Merged with Datapath:inst|Register:inst|RF16bit:R0|RF8bit:inst1|RFC:inst7|inst14 ;
; Datapath:inst|Register:inst|RF16bit:R0|RF8bit:inst1|RFC:inst|inst14  ; Merged with Datapath:inst|Register:inst|RF16bit:R0|RF8bit:inst1|RFC:inst7|inst14 ;
; Datapath:inst|Register:inst|RF16bit:R0|RF8bit:inst1|RFC:inst4|inst14 ; Merged with Datapath:inst|Register:inst|RF16bit:R0|RF8bit:inst1|RFC:inst7|inst14 ;
; Datapath:inst|Register:inst|RF16bit:R0|RF8bit:inst1|RFC:inst2|inst14 ; Merged with Datapath:inst|Register:inst|RF16bit:R0|RF8bit:inst1|RFC:inst7|inst14 ;
; Datapath:inst|Register:inst|RF16bit:R0|RF8bit:inst|RFC:inst6|inst14  ; Merged with Datapath:inst|Register:inst|RF16bit:R0|RF8bit:inst1|RFC:inst7|inst14 ;
; Datapath:inst|Register:inst|RF16bit:R0|RF8bit:inst1|RFC:inst6|inst14 ; Merged with Datapath:inst|Register:inst|RF16bit:R0|RF8bit:inst1|RFC:inst7|inst14 ;
; Datapath:inst|Register:inst|RF16bit:R0|RF8bit:inst|RFC:inst3|inst14  ; Merged with Datapath:inst|Register:inst|RF16bit:R0|RF8bit:inst1|RFC:inst7|inst14 ;
; Datapath:inst|Register:inst|RF16bit:R0|RF8bit:inst1|RFC:inst3|inst14 ; Merged with Datapath:inst|Register:inst|RF16bit:R0|RF8bit:inst1|RFC:inst7|inst14 ;
; Datapath:inst|Register:inst|RF16bit:R0|RF8bit:inst1|RFC:inst1|inst14 ; Merged with Datapath:inst|Register:inst|RF16bit:R0|RF8bit:inst1|RFC:inst7|inst14 ;
; Datapath:inst|Register:inst|RF16bit:R0|RF8bit:inst1|RFC:inst5|inst14 ; Merged with Datapath:inst|Register:inst|RF16bit:R0|RF8bit:inst1|RFC:inst7|inst14 ;
; Datapath:inst|Register:inst|RF16bit:R0|RF8bit:inst|RFC:inst|inst14   ; Merged with Datapath:inst|Register:inst|RF16bit:R0|RF8bit:inst1|RFC:inst7|inst14 ;
; Datapath:inst|Register:inst|RF16bit:R0|RF8bit:inst|RFC:inst2|inst14  ; Merged with Datapath:inst|Register:inst|RF16bit:R0|RF8bit:inst1|RFC:inst7|inst14 ;
; Datapath:inst|Register:inst|RF16bit:R0|RF8bit:inst|RFC:inst1|inst14  ; Merged with Datapath:inst|Register:inst|RF16bit:R0|RF8bit:inst1|RFC:inst7|inst14 ;
; Datapath:inst|Register:inst|RF16bit:R0|RF8bit:inst1|RFC:inst7|inst14 ; Stuck at GND due to stuck port data_in                                           ;
; Datapath:inst|Register16:PCReg|Register4:inst|inst1                  ; Stuck at GND due to stuck port data_in                                           ;
; Datapath:inst|Register16:PCReg|Register4:inst|inst                   ; Stuck at GND due to stuck port data_in                                           ;
; Total Number of Removed Registers = 146                              ;                                                                                  ;
+----------------------------------------------------------------------+----------------------------------------------------------------------------------+


+------------------------------------------------------+
; General Register Statistics                          ;
+----------------------------------------------+-------+
; Statistic                                    ; Value ;
+----------------------------------------------+-------+
; Total registers                              ; 126   ;
; Number of registers using Synchronous Clear  ; 0     ;
; Number of registers using Synchronous Load   ; 0     ;
; Number of registers using Asynchronous Clear ; 126   ;
; Number of registers using Asynchronous Load  ; 0     ;
; Number of registers using Clock Enable       ; 112   ;
; Number of registers using Preset             ; 0     ;
+----------------------------------------------+-------+


+------------------------------------------------------------------------------------------------------------------------------------------------------------------------+
; Multiplexer Restructuring Statistics (Restructuring Performed)                                                                                                         ;
+--------------------+-----------+---------------+----------------------+------------------------+------------+----------------------------------------------------------+
; Multiplexer Inputs ; Bus Width ; Baseline Area ; Area if Restructured ; Saving if Restructured ; Registered ; Example Multiplexer Output                               ;
+--------------------+-----------+---------------+----------------------+------------------------+------------+----------------------------------------------------------+
; 7:1                ; 12 bits   ; 48 LEs        ; 36 LEs               ; 12 LEs                 ; No         ; |MIPS|Datapath:inst|AU1:inst24|shifter_16bit:inst5|O[3]  ;
; 8:1                ; 2 bits    ; 10 LEs        ; 8 LEs                ; 2 LEs                  ; No         ; |MIPS|Datapath:inst|AU1:inst24|shifter_16bit:inst5|O[0]  ;
; 8:1                ; 2 bits    ; 10 LEs        ; 8 LEs                ; 2 LEs                  ; No         ; |MIPS|Datapath:inst|AU1:inst24|shifter_16bit:inst5|O[15] ;
+--------------------+-----------+---------------+----------------------+------------------------+------------+----------------------------------------------------------+


+----------------------------------------------------------------------------------------------------------------+
; Parameter Settings for User Entity Instance: Datapath:inst|AU1:inst24|lpm_mux0:inst9|LPM_MUX:LPM_MUX_component ;
+------------------------+------------+--------------------------------------------------------------------------+
; Parameter Name         ; Value      ; Type                                                                     ;
+------------------------+------------+--------------------------------------------------------------------------+
; AUTO_CARRY_CHAINS      ; ON         ; AUTO_CARRY                                                               ;
; IGNORE_CARRY_BUFFERS   ; OFF        ; IGNORE_CARRY                                                             ;
; AUTO_CASCADE_CHAINS    ; ON         ; AUTO_CASCADE                                                             ;
; IGNORE_CASCADE_BUFFERS ; OFF        ; IGNORE_CASCADE                                                           ;
; LPM_WIDTH              ; 16         ; Signed Integer                                                           ;
; LPM_SIZE               ; 8          ; Signed Integer                                                           ;
; LPM_WIDTHS             ; 3          ; Signed Integer                                                           ;
; LPM_PIPELINE           ; 0          ; Signed Integer                                                           ;
; CBXI_PARAMETER         ; mux_u4e    ; Untyped                                                                  ;
; DEVICE_FAMILY          ; Cyclone II ; Untyped                                                                  ;
+------------------------+------------+--------------------------------------------------------------------------+
Note: In order to hide this table in the UI and the text report file, please set the "Show Parameter Settings in Synthesis Report" option in "Analysis and Synthesis Settings -> More Settings" to "Off".


+---------------------------------------------------------------------------------------------------------------------+
; Parameter Settings for User Entity Instance: Datapath:inst|lpm_constant0:inst22|lpm_constant:LPM_CONSTANT_component ;
+--------------------+------------------+-----------------------------------------------------------------------------+
; Parameter Name     ; Value            ; Type                                                                        ;
+--------------------+------------------+-----------------------------------------------------------------------------+
; LPM_WIDTH          ; 16               ; Signed Integer                                                              ;
; LPM_CVALUE         ; 4                ; Signed Integer                                                              ;
; ENABLE_RUNTIME_MOD ; NO               ; Untyped                                                                     ;
; CBXI_PARAMETER     ; lpm_constant_dk6 ; Untyped                                                                     ;
+--------------------+------------------+-----------------------------------------------------------------------------+
Note: In order to hide this table in the UI and the text report file, please set the "Show Parameter Settings in Synthesis Report" option in "Analysis and Synthesis Settings -> More Settings" to "Off".


+-------------------------------+
; Elapsed Time Per Partition    ;
+----------------+--------------+
; Partition Name ; Elapsed Time ;
+----------------+--------------+
; Top            ; 00:00:02     ;
+----------------+--------------+


+-------------------------------+
; Analysis & Synthesis Messages ;
+-------------------------------+
Info: *******************************************************************
Info: Running Quartus II 64-Bit Analysis & Synthesis
    Info: Version 13.0.1 Build 232 06/12/2013 Service Pack 1 SJ Web Edition
    Info: Processing started: Sun Jan 04 22:20:57 2026
Info: Command: quartus_map --read_settings_files=on --write_settings_files=off MIPS -c MIPS
Warning (20028): Parallel compilation is not licensed and has been disabled
Info (12021): Found 1 design units, including 1 entities, in source file controller.bdf
    Info (12023): Found entity 1: Controller
Info (12021): Found 1 design units, including 1 entities, in source file /hk5/ce118_digitallogicdesign/th_quartus/lab45/register4.bdf
    Info (12023): Found entity 1: Register4
Info (12021): Found 1 design units, including 1 entities, in source file /hk5/ce118_digitallogicdesign/th_quartus/lab3/alu16/adder16a0.bdf
    Info (12023): Found entity 1: Adder16a0
Info (12021): Found 1 design units, including 1 entities, in source file rf/38decoder.bdf
    Info (12023): Found entity 1: 38decoder
Info (12021): Found 1 design units, including 1 entities, in source file rf/24decoder.bdf
    Info (12023): Found entity 1: 24decoder
Info (12021): Found 1 design units, including 1 entities, in source file rf/rfc.bdf
    Info (12023): Found entity 1: RFC
Info (12021): Found 1 design units, including 1 entities, in source file rf/rf16bit.bdf
    Info (12023): Found entity 1: RF16bit
Info (12021): Found 1 design units, including 1 entities, in source file rf/rf8bit.bdf
    Info (12023): Found entity 1: RF8bit
Info (12021): Found 1 design units, including 1 entities, in source file rf/register.bdf
    Info (12023): Found entity 1: Register
Info (12021): Found 1 design units, including 1 entities, in source file au1.bdf
    Info (12023): Found entity 1: AU1
Info (12021): Found 1 design units, including 1 entities, in source file /quartus_block/au/adder/fulladder/ha.bdf
    Info (12023): Found entity 1: HA
Info (12021): Found 1 design units, including 1 entities, in source file /quartus_block/au/adder/fulladder/fa.bdf
    Info (12023): Found entity 1: FA
Info (12021): Found 1 design units, including 1 entities, in source file /hk5/ce118_digitallogicdesign/th_quartus/lab3/alu16/adder16.bdf
    Info (12023): Found entity 1: Adder16
Info (12021): Found 1 design units, including 1 entities, in source file /hk5/ce118_digitallogicdesign/th_quartus/lab3/alu16/adder4.bdf
    Info (12023): Found entity 1: Adder4
Info (12021): Found 1 design units, including 1 entities, in source file /hk5/ce118_digitallogicdesign/th_quartus/lab3/alu16/16mux21.bdf
    Info (12023): Found entity 1: 16MUX21
Info (12021): Found 1 design units, including 1 entities, in source file /hk5/ce118_digitallogicdesign/th_quartus/lab45/register16.bdf
    Info (12023): Found entity 1: Register16
Info (12021): Found 1 design units, including 1 entities, in source file imem.v
    Info (12023): Found entity 1: IMEM
Info (12021): Found 1 design units, including 1 entities, in source file shiftleft2_32bit.v
    Info (12023): Found entity 1: ShiftLeft2_32bit
Info (12021): Found 1 design units, including 1 entities, in source file decoder5to8.bdf
    Info (12023): Found entity 1: decoder5to8
Info (12021): Found 1 design units, including 1 entities, in source file readselect.bdf
    Info (12023): Found entity 1: ReadSelect
Info (12021): Found 1 design units, including 1 entities, in source file mux38_16bit.bdf
    Info (12023): Found entity 1: Mux38_16bit
Info (12021): Found 1 design units, including 1 entities, in source file datapath.bdf
    Info (12023): Found entity 1: Datapath
Info (12021): Found 1 design units, including 1 entities, in source file 5mux21.bdf
    Info (12023): Found entity 1: 5mux21
Info (12021): Found 1 design units, including 1 entities, in source file shiftleft2_16bit.v
    Info (12023): Found entity 1: ShiftLeft2_16bit
Info (12021): Found 1 design units, including 1 entities, in source file alucontrol.bdf
    Info (12023): Found entity 1: ALUControl
Info (12021): Found 1 design units, including 1 entities, in source file dmem.bdf
    Info (12023): Found entity 1: DMEM
Info (12021): Found 2 design units, including 1 entities, in source file lpm_constant0.vhd
    Info (12022): Found design unit 1: lpm_constant0-SYN
    Info (12023): Found entity 1: lpm_constant0
Info (12021): Found 2 design units, including 1 entities, in source file lpm_mux0.vhd
    Info (12022): Found design unit 1: lpm_mux0-SYN
    Info (12023): Found entity 1: lpm_mux0
Info (12021): Found 1 design units, including 1 entities, in source file shifter_16bit.v
    Info (12023): Found entity 1: shifter_16bit
Info (12021): Found 1 design units, including 1 entities, in source file zero_check.bdf
    Info (12023): Found entity 1: Zero_check
Info (12021): Found 1 design units, including 1 entities, in source file control_unit.v
    Info (12023): Found entity 1: Control_Unit
Info (12021): Found 1 design units, including 1 entities, in source file mips.bdf
    Info (12023): Found entity 1: MIPS
Info (12127): Elaborating entity "MIPS" for the top level hierarchy
Info (12128): Elaborating entity "Datapath" for hierarchy "Datapath:inst"
Info (12128): Elaborating entity "AU1" for hierarchy "Datapath:inst|AU1:inst24"
Info (12128): Elaborating entity "Zero_check" for hierarchy "Datapath:inst|AU1:inst24|Zero_check:inst10"
Info (12128): Elaborating entity "lpm_mux0" for hierarchy "Datapath:inst|AU1:inst24|lpm_mux0:inst9"
Info (12128): Elaborating entity "LPM_MUX" for hierarchy "Datapath:inst|AU1:inst24|lpm_mux0:inst9|LPM_MUX:LPM_MUX_component"
Info (12130): Elaborated megafunction instantiation "Datapath:inst|AU1:inst24|lpm_mux0:inst9|LPM_MUX:LPM_MUX_component"
Info (12133): Instantiated megafunction "Datapath:inst|AU1:inst24|lpm_mux0:inst9|LPM_MUX:LPM_MUX_component" with the following parameter:
    Info (12134): Parameter "LPM_WIDTH" = "16"
    Info (12134): Parameter "LPM_SIZE" = "8"
    Info (12134): Parameter "LPM_WIDTHS" = "3"
    Info (12134): Parameter "LPM_PIPELINE" = "0"
    Info (12134): Parameter "LPM_TYPE" = "LPM_MUX"
    Info (12134): Parameter "LPM_HINT" = "UNUSED"
Info (12021): Found 1 design units, including 1 entities, in source file db/mux_u4e.tdf
    Info (12023): Found entity 1: mux_u4e
Info (12128): Elaborating entity "mux_u4e" for hierarchy "Datapath:inst|AU1:inst24|lpm_mux0:inst9|LPM_MUX:LPM_MUX_component|mux_u4e:auto_generated"
Info (12128): Elaborating entity "Adder16" for hierarchy "Datapath:inst|AU1:inst24|Adder16:inst"
Info (12128): Elaborating entity "Adder4" for hierarchy "Datapath:inst|AU1:inst24|Adder16:inst|Adder4:inst3"
Info (12128): Elaborating entity "FA" for hierarchy "Datapath:inst|AU1:inst24|Adder16:inst|Adder4:inst3|FA:inst19"
Info (12128): Elaborating entity "HA" for hierarchy "Datapath:inst|AU1:inst24|Adder16:inst|Adder4:inst3|FA:inst19|HA:inst1"
Info (12128): Elaborating entity "16MUX21" for hierarchy "Datapath:inst|AU1:inst24|16MUX21:inst1"
Info (12128): Elaborating entity "shifter_16bit" for hierarchy "Datapath:inst|AU1:inst24|shifter_16bit:inst5"
Info (12128): Elaborating entity "Register" for hierarchy "Datapath:inst|Register:inst"
Info (12128): Elaborating entity "RF16bit" for hierarchy "Datapath:inst|Register:inst|RF16bit:R0"
Info (12128): Elaborating entity "RF8bit" for hierarchy "Datapath:inst|Register:inst|RF16bit:R0|RF8bit:inst"
Info (12128): Elaborating entity "RFC" for hierarchy "Datapath:inst|Register:inst|RF16bit:R0|RF8bit:inst|RFC:inst"
Info (12128): Elaborating entity "38decoder" for hierarchy "Datapath:inst|Register:inst|38decoder:inst10"
Info (12128): Elaborating entity "24decoder" for hierarchy "Datapath:inst|Register:inst|38decoder:inst10|24decoder:inst"
Info (12128): Elaborating entity "IMEM" for hierarchy "Datapath:inst|IMEM:inst7"
Warning (10850): Verilog HDL warning at IMEM.v(7): number of words (24) in memory file does not match the number of elements in the address range [0:31]
Warning (10030): Net "rom.data_a" at IMEM.v(5) has no driver or initial value, using a default initial value '0'
Warning (10030): Net "rom.waddr_a" at IMEM.v(5) has no driver or initial value, using a default initial value '0'
Warning (10030): Net "rom.we_a" at IMEM.v(5) has no driver or initial value, using a default initial value '0'
Info (12128): Elaborating entity "Register16" for hierarchy "Datapath:inst|Register16:PCReg"
Info (12128): Elaborating entity "Register4" for hierarchy "Datapath:inst|Register16:PCReg|Register4:inst1"
Info (12128): Elaborating entity "Adder16a0" for hierarchy "Datapath:inst|Adder16a0:inst9"
Info (12128): Elaborating entity "lpm_constant0" for hierarchy "Datapath:inst|lpm_constant0:inst22"
Info (12128): Elaborating entity "lpm_constant" for hierarchy "Datapath:inst|lpm_constant0:inst22|lpm_constant:LPM_CONSTANT_component"
Info (12130): Elaborated megafunction instantiation "Datapath:inst|lpm_constant0:inst22|lpm_constant:LPM_CONSTANT_component"
Info (12133): Instantiated megafunction "Datapath:inst|lpm_constant0:inst22|lpm_constant:LPM_CONSTANT_component" with the following parameter:
    Info (12134): Parameter "lpm_cvalue" = "4"
    Info (12134): Parameter "lpm_hint" = "ENABLE_RUNTIME_MOD=NO"
    Info (12134): Parameter "lpm_type" = "LPM_CONSTANT"
    Info (12134): Parameter "lpm_width" = "16"
Info (12128): Elaborating entity "ShiftLeft2_16bit" for hierarchy "Datapath:inst|ShiftLeft2_16bit:inst8"
Info (12128): Elaborating entity "DMEM" for hierarchy "Datapath:inst|DMEM:inst23"
Info (12128): Elaborating entity "5mux21" for hierarchy "Datapath:inst|5mux21:inst6"
Info (12128): Elaborating entity "ALUControl" for hierarchy "Datapath:inst|ALUControl:inst5"
Info (12128): Elaborating entity "Controller" for hierarchy "Controller:inst1"
Info (276014): Found 1 instances of uninferred RAM logic
    Info (276007): RAM logic "Datapath:inst|IMEM:inst7|rom" is uninferred due to asynchronous read logic
Warning (127007): Memory Initialization File or Hexadecimal (Intel-Format) File "D:/HK5/CE118_DigitalLogicDesign/TH_Quartus/LAB6/db/MIPS.ram0_IMEM_257482.hdl.mif" contains "don't care" values -- overwriting them with 0s
Warning (13044): Always-enabled tri-state buffer(s) removed
    Warning (13045): Converted the fanout from the always-enabled tri-state buffer "Datapath:inst|Register16:PCReg|Register4:inst1|inst6" to the node "PC[6]" into a wire
    Warning (13045): Converted the fanout from the always-enabled tri-state buffer "Datapath:inst|Register16:PCReg|Register4:inst1|inst5" to the node "PC[5]" into a wire
    Warning (13045): Converted the fanout from the always-enabled tri-state buffer "Datapath:inst|Register16:PCReg|Register4:inst1|inst4" to the node "PC[4]" into a wire
    Warning (13045): Converted the fanout from the always-enabled tri-state buffer "Datapath:inst|Register16:PCReg|Register4:inst|inst7" to the node "PC[3]" into a wire
    Warning (13045): Converted the fanout from the always-enabled tri-state buffer "Datapath:inst|Register16:PCReg|Register4:inst|inst6" to the node "PC[2]" into a wire
    Warning (13045): Converted the fanout from the always-enabled tri-state buffer "Datapath:inst|Register16:PCReg|Register4:inst3|inst7" to the node "PC[15]" into a wire
    Warning (13045): Converted the fanout from the always-enabled tri-state buffer "Datapath:inst|Register16:PCReg|Register4:inst3|inst6" to the node "PC[14]" into a wire
    Warning (13045): Converted the fanout from the always-enabled tri-state buffer "Datapath:inst|Register16:PCReg|Register4:inst3|inst5" to the node "PC[13]" into a wire
    Warning (13045): Converted the fanout from the always-enabled tri-state buffer "Datapath:inst|Register16:PCReg|Register4:inst3|inst4" to the node "PC[12]" into a wire
    Warning (13045): Converted the fanout from the always-enabled tri-state buffer "Datapath:inst|Register16:PCReg|Register4:inst2|inst7" to the node "PC[11]" into a wire
    Warning (13045): Converted the fanout from the always-enabled tri-state buffer "Datapath:inst|Register16:PCReg|Register4:inst2|inst6" to the node "PC[10]" into a wire
    Warning (13045): Converted the fanout from the always-enabled tri-state buffer "Datapath:inst|Register16:PCReg|Register4:inst2|inst5" to the node "PC[9]" into a wire
    Warning (13045): Converted the fanout from the always-enabled tri-state buffer "Datapath:inst|Register16:PCReg|Register4:inst2|inst4" to the node "PC[8]" into a wire
    Warning (13045): Converted the fanout from the always-enabled tri-state buffer "Datapath:inst|Register16:PCReg|Register4:inst1|inst7" to the node "PC[7]" into a wire
    Warning (13045): Converted the fanout from the always-enabled tri-state buffer "Datapath:inst|Register16:PCReg|Register4:inst|inst5" to the node "PC[1]" into a wire
    Warning (13045): Converted the fanout from the always-enabled tri-state buffer "Datapath:inst|Register16:PCReg|Register4:inst|inst4" to the node "PC[0]" into a wire
    Warning (13045): Converted the fanout from the always-enabled tri-state buffer "Datapath:inst|Register16:PCReg|Register4:inst3|inst7" to the node "Datapath:inst|Adder16a0:inst9|Adder16:inst|Adder4:inst3|FA:inst19|HA:inst1|inst" into a wire
    Warning (13045): Converted the fanout from the always-enabled tri-state buffer "Datapath:inst|Register16:PCReg|Register4:inst|inst5" to the node "Datapath:inst|Register16:PCReg|Register4:inst|inst1" into a wire
    Warning (13045): Converted the fanout from the always-enabled tri-state buffer "Datapath:inst|Register16:PCReg|Register4:inst|inst4" to the node "Datapath:inst|Register16:PCReg|Register4:inst|inst" into a wire
Warning (13046): Tri-state node(s) do not directly drive top-level pin(s)
    Warning (13047): Converted the fan-out from the tri-state buffer "Datapath:inst|Register16:PCReg|Register4:inst1|inst6" to the node "Datapath:inst|Adder16a0:inst9|Adder16:inst|Adder4:inst1|FA:inst18|HA:inst1|inst" into an OR gate
    Warning (13047): Converted the fan-out from the tri-state buffer "Datapath:inst|Register16:PCReg|Register4:inst1|inst5" to the node "Datapath:inst|Adder16a0:inst9|Adder16:inst|Adder4:inst1|FA:inst17|HA:inst1|inst" into an OR gate
    Warning (13047): Converted the fan-out from the tri-state buffer "Datapath:inst|Register16:PCReg|Register4:inst1|inst4" to the node "Datapath:inst|Adder16a0:inst9|Adder16:inst|Adder4:inst1|FA:inst|HA:inst1|inst" into an OR gate
    Warning (13047): Converted the fan-out from the tri-state buffer "Datapath:inst|Register16:PCReg|Register4:inst|inst7" to the node "Datapath:inst|Adder16a0:inst9|Adder16:inst|Adder4:inst|FA:inst19|HA:inst1|inst" into an OR gate
    Warning (13047): Converted the fan-out from the tri-state buffer "Datapath:inst|Register16:PCReg|Register4:inst|inst6" to the node "Datapath:inst|Adder16a0:inst20|Adder16:inst|Adder4:inst|FA:inst18|HA:inst|inst" into an OR gate
    Warning (13047): Converted the fan-out from the tri-state buffer "Datapath:inst|Register16:PCReg|Register4:inst3|inst6" to the node "Datapath:inst|Adder16a0:inst9|Adder16:inst|Adder4:inst3|FA:inst18|HA:inst1|inst" into an OR gate
    Warning (13047): Converted the fan-out from the tri-state buffer "Datapath:inst|Register16:PCReg|Register4:inst3|inst5" to the node "Datapath:inst|Adder16a0:inst9|Adder16:inst|Adder4:inst3|FA:inst17|HA:inst1|inst" into an OR gate
    Warning (13047): Converted the fan-out from the tri-state buffer "Datapath:inst|Register16:PCReg|Register4:inst3|inst4" to the node "Datapath:inst|Adder16a0:inst9|Adder16:inst|Adder4:inst3|FA:inst|HA:inst1|inst" into an OR gate
    Warning (13047): Converted the fan-out from the tri-state buffer "Datapath:inst|Register16:PCReg|Register4:inst2|inst7" to the node "Datapath:inst|Adder16a0:inst9|Adder16:inst|Adder4:inst2|FA:inst19|HA:inst1|inst" into an OR gate
    Warning (13047): Converted the fan-out from the tri-state buffer "Datapath:inst|Register16:PCReg|Register4:inst2|inst6" to the node "Datapath:inst|Adder16a0:inst9|Adder16:inst|Adder4:inst2|FA:inst18|HA:inst1|inst" into an OR gate
    Warning (13047): Converted the fan-out from the tri-state buffer "Datapath:inst|Register16:PCReg|Register4:inst2|inst5" to the node "Datapath:inst|Adder16a0:inst9|Adder16:inst|Adder4:inst2|FA:inst17|HA:inst1|inst" into an OR gate
    Warning (13047): Converted the fan-out from the tri-state buffer "Datapath:inst|Register16:PCReg|Register4:inst2|inst4" to the node "Datapath:inst|Adder16a0:inst9|Adder16:inst|Adder4:inst2|FA:inst|HA:inst1|inst" into an OR gate
    Warning (13047): Converted the fan-out from the tri-state buffer "Datapath:inst|Register16:PCReg|Register4:inst1|inst7" to the node "Datapath:inst|Adder16a0:inst9|Adder16:inst|Adder4:inst1|FA:inst19|HA:inst1|inst" into an OR gate
Warning (13050): Open-drain buffer(s) that do not directly drive top-level pin(s) are removed
    Warning (13051): Converted the fanout from the open-drain buffer "Datapath:inst|DMEM:inst23|RF16bit:R4|RF8bit:inst|RFC:inst7|inst12" to the node "Datapath:inst|16MUX21:inst4|inst2[15]" into a wire
    Warning (13051): Converted the fanout from the open-drain buffer "Datapath:inst|DMEM:inst23|RF16bit:R4|RF8bit:inst|RFC:inst6|inst12" to the node "Datapath:inst|16MUX21:inst4|inst2[14]" into a wire
    Warning (13051): Converted the fanout from the open-drain buffer "Datapath:inst|DMEM:inst23|RF16bit:R4|RF8bit:inst|RFC:inst5|inst12" to the node "Datapath:inst|16MUX21:inst4|inst2[13]" into a wire
    Warning (13051): Converted the fanout from the open-drain buffer "Datapath:inst|DMEM:inst23|RF16bit:R4|RF8bit:inst|RFC:inst4|inst12" to the node "Datapath:inst|16MUX21:inst4|inst2[12]" into a wire
    Warning (13051): Converted the fanout from the open-drain buffer "Datapath:inst|DMEM:inst23|RF16bit:R4|RF8bit:inst|RFC:inst3|inst12" to the node "Datapath:inst|16MUX21:inst4|inst2[11]" into a wire
    Warning (13051): Converted the fanout from the open-drain buffer "Datapath:inst|DMEM:inst23|RF16bit:R4|RF8bit:inst|RFC:inst2|inst12" to the node "Datapath:inst|16MUX21:inst4|inst2[10]" into a wire
    Warning (13051): Converted the fanout from the open-drain buffer "Datapath:inst|DMEM:inst23|RF16bit:R4|RF8bit:inst|RFC:inst1|inst12" to the node "Datapath:inst|16MUX21:inst4|inst2[9]" into a wire
    Warning (13051): Converted the fanout from the open-drain buffer "Datapath:inst|DMEM:inst23|RF16bit:R4|RF8bit:inst|RFC:inst|inst12" to the node "Datapath:inst|16MUX21:inst4|inst2[8]" into a wire
    Warning (13051): Converted the fanout from the open-drain buffer "Datapath:inst|DMEM:inst23|RF16bit:R4|RF8bit:inst1|RFC:inst7|inst12" to the node "Datapath:inst|16MUX21:inst4|inst2[7]" into a wire
    Warning (13051): Converted the fanout from the open-drain buffer "Datapath:inst|DMEM:inst23|RF16bit:R4|RF8bit:inst1|RFC:inst6|inst12" to the node "Datapath:inst|16MUX21:inst4|inst2[6]" into a wire
    Warning (13051): Converted the fanout from the open-drain buffer "Datapath:inst|DMEM:inst23|RF16bit:R4|RF8bit:inst1|RFC:inst5|inst12" to the node "Datapath:inst|16MUX21:inst4|inst2[5]" into a wire
    Warning (13051): Converted the fanout from the open-drain buffer "Datapath:inst|DMEM:inst23|RF16bit:R4|RF8bit:inst1|RFC:inst4|inst12" to the node "Datapath:inst|16MUX21:inst4|inst2[4]" into a wire
    Warning (13051): Converted the fanout from the open-drain buffer "Datapath:inst|DMEM:inst23|RF16bit:R4|RF8bit:inst1|RFC:inst3|inst12" to the node "Datapath:inst|16MUX21:inst4|inst2[3]" into a wire
    Warning (13051): Converted the fanout from the open-drain buffer "Datapath:inst|DMEM:inst23|RF16bit:R4|RF8bit:inst1|RFC:inst2|inst12" to the node "Datapath:inst|16MUX21:inst4|inst2[2]" into a wire
    Warning (13051): Converted the fanout from the open-drain buffer "Datapath:inst|DMEM:inst23|RF16bit:R4|RF8bit:inst1|RFC:inst1|inst12" to the node "Datapath:inst|16MUX21:inst4|inst2[1]" into a wire
    Warning (13051): Converted the fanout from the open-drain buffer "Datapath:inst|DMEM:inst23|RF16bit:R4|RF8bit:inst1|RFC:inst|inst12" to the node "Datapath:inst|16MUX21:inst4|inst2[0]" into a wire
Warning (13046): Tri-state node(s) do not directly drive top-level pin(s)
    Warning (13047): Converted the fan-out from the tri-state buffer "Datapath:inst|Register:inst|RF16bit:R0|RF8bit:inst|RFC:inst6|inst13" to the node "Datapath:inst|AU1:inst24|shifter_16bit:inst5|ShiftRight0" into an OR gate
    Warning (13047): Converted the fan-out from the tri-state buffer "Datapath:inst|Register:inst|RF16bit:R0|RF8bit:inst|RFC:inst7|inst13" to the node "Datapath:inst|AU1:inst24|shifter_16bit:inst5|ShiftRight0" into an OR gate
    Warning (13047): Converted the fan-out from the tri-state buffer "Datapath:inst|Register:inst|RF16bit:R0|RF8bit:inst|RFC:inst5|inst13" to the node "Datapath:inst|16MUX21:inst1|inst2[13]" into an OR gate
    Warning (13047): Converted the fan-out from the tri-state buffer "Datapath:inst|Register:inst|RF16bit:R0|RF8bit:inst|RFC:inst4|inst13" to the node "Datapath:inst|16MUX21:inst1|inst2[12]" into an OR gate
    Warning (13047): Converted the fan-out from the tri-state buffer "Datapath:inst|Register:inst|RF16bit:R0|RF8bit:inst|RFC:inst7|inst12" to the node "Datapath:inst|AU1:inst24|Adder16:inst|Adder4:inst3|FA:inst19|HA:inst1|inst" into an OR gate
    Warning (13047): Converted the fan-out from the tri-state buffer "Datapath:inst|Register:inst|RF16bit:R0|RF8bit:inst|RFC:inst3|inst13" to the node "Datapath:inst|16MUX21:inst1|inst2[11]" into an OR gate
    Warning (13047): Converted the fan-out from the tri-state buffer "Datapath:inst|Register:inst|RF16bit:R0|RF8bit:inst|RFC:inst2|inst13" to the node "Datapath:inst|AU1:inst24|shifter_16bit:inst5|ShiftLeft0" into an OR gate
    Warning (13047): Converted the fan-out from the tri-state buffer "Datapath:inst|Register:inst|RF16bit:R0|RF8bit:inst|RFC:inst1|inst13" to the node "Datapath:inst|AU1:inst24|shifter_16bit:inst5|ShiftLeft0" into an OR gate
    Warning (13047): Converted the fan-out from the tri-state buffer "Datapath:inst|Register:inst|RF16bit:R0|RF8bit:inst|RFC:inst|inst13" to the node "Datapath:inst|16MUX21:inst1|inst2[8]" into an OR gate
    Warning (13047): Converted the fan-out from the tri-state buffer "Datapath:inst|Register:inst|RF16bit:R0|RF8bit:inst1|RFC:inst7|inst13" to the node "Datapath:inst|16MUX21:inst1|inst2[7]" into an OR gate
    Warning (13047): Converted the fan-out from the tri-state buffer "Datapath:inst|Register:inst|RF16bit:R0|RF8bit:inst1|RFC:inst6|inst13" to the node "Datapath:inst|16MUX21:inst1|inst2[6]" into an OR gate
    Warning (13047): Converted the fan-out from the tri-state buffer "Datapath:inst|Register:inst|RF16bit:R0|RF8bit:inst1|RFC:inst5|inst13" to the node "Datapath:inst|16MUX21:inst1|inst2[5]" into an OR gate
    Warning (13047): Converted the fan-out from the tri-state buffer "Datapath:inst|Register:inst|RF16bit:R0|RF8bit:inst1|RFC:inst4|inst13" to the node "Datapath:inst|16MUX21:inst1|inst2[4]" into an OR gate
    Warning (13047): Converted the fan-out from the tri-state buffer "Datapath:inst|Register:inst|RF16bit:R0|RF8bit:inst1|RFC:inst3|inst13" to the node "Datapath:inst|16MUX21:inst1|inst2[3]" into an OR gate
    Warning (13047): Converted the fan-out from the tri-state buffer "Datapath:inst|Register:inst|RF16bit:R0|RF8bit:inst1|RFC:inst2|inst13" to the node "Datapath:inst|16MUX21:inst1|inst2[2]" into an OR gate
    Warning (13047): Converted the fan-out from the tri-state buffer "Datapath:inst|Register:inst|RF16bit:R0|RF8bit:inst1|RFC:inst1|inst13" to the node "Datapath:inst|16MUX21:inst1|inst2[1]" into an OR gate
    Warning (13047): Converted the fan-out from the tri-state buffer "Datapath:inst|Register:inst|RF16bit:R0|RF8bit:inst1|RFC:inst|inst12" to the node "Datapath:inst|AU1:inst24|lpm_mux0:inst9|lpm_mux:LPM_MUX_component|mux_u4e:auto_generated|result_node[0]" into an OR gate
    Warning (13047): Converted the fan-out from the tri-state buffer "Datapath:inst|Register:inst|RF16bit:R0|RF8bit:inst1|RFC:inst|inst13" to the node "Datapath:inst|16MUX21:inst1|inst2[0]" into an OR gate
    Warning (13047): Converted the fan-out from the tri-state buffer "Datapath:inst|Register:inst|RF16bit:R0|RF8bit:inst1|RFC:inst1|inst12" to the node "Datapath:inst|AU1:inst24|Adder16:inst|Adder4:inst|FA:inst17|inst2" into an OR gate
    Warning (13047): Converted the fan-out from the tri-state buffer "Datapath:inst|Register:inst|RF16bit:R0|RF8bit:inst1|RFC:inst2|inst12" to the node "Datapath:inst|AU1:inst24|Adder16:inst|Adder4:inst|FA:inst18|inst2" into an OR gate
    Warning (13047): Converted the fan-out from the tri-state buffer "Datapath:inst|Register:inst|RF16bit:R0|RF8bit:inst1|RFC:inst3|inst12" to the node "Datapath:inst|AU1:inst24|Adder16:inst|Adder4:inst|FA:inst19|inst2" into an OR gate
    Warning (13047): Converted the fan-out from the tri-state buffer "Datapath:inst|Register:inst|RF16bit:R0|RF8bit:inst1|RFC:inst4|inst12" to the node "Datapath:inst|AU1:inst24|Adder16:inst|Adder4:inst1|FA:inst|inst2" into an OR gate
    Warning (13047): Converted the fan-out from the tri-state buffer "Datapath:inst|Register:inst|RF16bit:R0|RF8bit:inst1|RFC:inst5|inst12" to the node "Datapath:inst|AU1:inst24|Adder16:inst|Adder4:inst1|FA:inst17|inst2" into an OR gate
    Warning (13047): Converted the fan-out from the tri-state buffer "Datapath:inst|Register:inst|RF16bit:R0|RF8bit:inst1|RFC:inst6|inst12" to the node "Datapath:inst|AU1:inst24|Adder16:inst|Adder4:inst1|FA:inst18|inst2" into an OR gate
    Warning (13047): Converted the fan-out from the tri-state buffer "Datapath:inst|Register:inst|RF16bit:R0|RF8bit:inst1|RFC:inst7|inst12" to the node "Datapath:inst|AU1:inst24|Adder16:inst|Adder4:inst1|FA:inst19|inst2" into an OR gate
    Warning (13047): Converted the fan-out from the tri-state buffer "Datapath:inst|Register:inst|RF16bit:R0|RF8bit:inst|RFC:inst|inst12" to the node "Datapath:inst|AU1:inst24|Adder16:inst|Adder4:inst2|FA:inst|inst2" into an OR gate
    Warning (13047): Converted the fan-out from the tri-state buffer "Datapath:inst|Register:inst|RF16bit:R0|RF8bit:inst|RFC:inst1|inst12" to the node "Datapath:inst|AU1:inst24|Adder16:inst|Adder4:inst2|FA:inst17|inst2" into an OR gate
    Warning (13047): Converted the fan-out from the tri-state buffer "Datapath:inst|Register:inst|RF16bit:R0|RF8bit:inst|RFC:inst2|inst12" to the node "Datapath:inst|AU1:inst24|Adder16:inst|Adder4:inst2|FA:inst18|inst2" into an OR gate
    Warning (13047): Converted the fan-out from the tri-state buffer "Datapath:inst|Register:inst|RF16bit:R0|RF8bit:inst|RFC:inst3|inst12" to the node "Datapath:inst|AU1:inst24|Adder16:inst|Adder4:inst2|FA:inst19|inst2" into an OR gate
    Warning (13047): Converted the fan-out from the tri-state buffer "Datapath:inst|Register:inst|RF16bit:R0|RF8bit:inst|RFC:inst4|inst12" to the node "Datapath:inst|AU1:inst24|Adder16:inst|Adder4:inst3|FA:inst|inst2" into an OR gate
    Warning (13047): Converted the fan-out from the tri-state buffer "Datapath:inst|Register:inst|RF16bit:R0|RF8bit:inst|RFC:inst5|inst12" to the node "Datapath:inst|AU1:inst24|Adder16:inst|Adder4:inst3|FA:inst17|inst2" into an OR gate
    Warning (13047): Converted the fan-out from the tri-state buffer "Datapath:inst|Register:inst|RF16bit:R0|RF8bit:inst|RFC:inst6|inst12" to the node "Datapath:inst|AU1:inst24|Adder16:inst|Adder4:inst3|FA:inst18|inst2" into an OR gate
Warning (13009): TRI or OPNDRN buffers permanently enabled
    Warning (13010): Node "Datapath:inst|Register:inst|RF16bit:R0|RF8bit:inst|RFC:inst7|inst12~synth"
    Warning (13010): Node "Datapath:inst|Register:inst|RF16bit:R0|RF8bit:inst|RFC:inst6|inst12~synth"
    Warning (13010): Node "Datapath:inst|Register:inst|RF16bit:R0|RF8bit:inst|RFC:inst5|inst12~synth"
    Warning (13010): Node "Datapath:inst|Register:inst|RF16bit:R0|RF8bit:inst|RFC:inst4|inst12~synth"
    Warning (13010): Node "Datapath:inst|Register:inst|RF16bit:R0|RF8bit:inst|RFC:inst3|inst12~synth"
    Warning (13010): Node "Datapath:inst|Register:inst|RF16bit:R0|RF8bit:inst|RFC:inst2|inst12~synth"
    Warning (13010): Node "Datapath:inst|Register:inst|RF16bit:R0|RF8bit:inst|RFC:inst1|inst12~synth"
    Warning (13010): Node "Datapath:inst|Register:inst|RF16bit:R0|RF8bit:inst|RFC:inst|inst12~synth"
    Warning (13010): Node "Datapath:inst|Register:inst|RF16bit:R0|RF8bit:inst1|RFC:inst7|inst12~synth"
    Warning (13010): Node "Datapath:inst|Register:inst|RF16bit:R0|RF8bit:inst1|RFC:inst6|inst12~synth"
    Warning (13010): Node "Datapath:inst|Register:inst|RF16bit:R0|RF8bit:inst1|RFC:inst5|inst12~synth"
    Warning (13010): Node "Datapath:inst|Register:inst|RF16bit:R0|RF8bit:inst1|RFC:inst4|inst12~synth"
    Warning (13010): Node "Datapath:inst|Register:inst|RF16bit:R0|RF8bit:inst1|RFC:inst3|inst12~synth"
    Warning (13010): Node "Datapath:inst|Register:inst|RF16bit:R0|RF8bit:inst1|RFC:inst2|inst12~synth"
    Warning (13010): Node "Datapath:inst|Register:inst|RF16bit:R0|RF8bit:inst1|RFC:inst1|inst12~synth"
    Warning (13010): Node "Datapath:inst|Register:inst|RF16bit:R0|RF8bit:inst1|RFC:inst|inst12~synth"
    Warning (13010): Node "Datapath:inst|Register:inst|RF16bit:R0|RF8bit:inst|RFC:inst7|inst13~synth"
    Warning (13010): Node "Datapath:inst|Register:inst|RF16bit:R0|RF8bit:inst|RFC:inst6|inst13~synth"
    Warning (13010): Node "Datapath:inst|Register:inst|RF16bit:R0|RF8bit:inst|RFC:inst5|inst13~synth"
    Warning (13010): Node "Datapath:inst|Register:inst|RF16bit:R0|RF8bit:inst|RFC:inst4|inst13~synth"
    Warning (13010): Node "Datapath:inst|Register:inst|RF16bit:R0|RF8bit:inst|RFC:inst3|inst13~synth"
    Warning (13010): Node "Datapath:inst|Register:inst|RF16bit:R0|RF8bit:inst|RFC:inst2|inst13~synth"
    Warning (13010): Node "Datapath:inst|Register:inst|RF16bit:R0|RF8bit:inst|RFC:inst1|inst13~synth"
    Warning (13010): Node "Datapath:inst|Register:inst|RF16bit:R0|RF8bit:inst|RFC:inst|inst13~synth"
    Warning (13010): Node "Datapath:inst|Register:inst|RF16bit:R0|RF8bit:inst1|RFC:inst7|inst13~synth"
    Warning (13010): Node "Datapath:inst|Register:inst|RF16bit:R0|RF8bit:inst1|RFC:inst6|inst13~synth"
    Warning (13010): Node "Datapath:inst|Register:inst|RF16bit:R0|RF8bit:inst1|RFC:inst5|inst13~synth"
    Warning (13010): Node "Datapath:inst|Register:inst|RF16bit:R0|RF8bit:inst1|RFC:inst4|inst13~synth"
    Warning (13010): Node "Datapath:inst|Register:inst|RF16bit:R0|RF8bit:inst1|RFC:inst3|inst13~synth"
    Warning (13010): Node "Datapath:inst|Register:inst|RF16bit:R0|RF8bit:inst1|RFC:inst2|inst13~synth"
    Warning (13010): Node "Datapath:inst|Register:inst|RF16bit:R0|RF8bit:inst1|RFC:inst1|inst13~synth"
    Warning (13010): Node "Datapath:inst|Register:inst|RF16bit:R0|RF8bit:inst1|RFC:inst|inst13~synth"
Warning (13024): Output pins are stuck at VCC or GND
    Warning (13410): Pin "PC[1]" is stuck at GND
    Warning (13410): Pin "PC[0]" is stuck at GND
Info (16010): Generating hard_block partition "hard_block:auto_generated_inst"
    Info (16011): Adding 0 node(s), including 0 DDIO, 0 PLL, 0 transceiver and 0 LCELL
Info (21057): Implemented 647 device resources after synthesis - the final resource count might be different
    Info (21058): Implemented 2 input pins
    Info (21059): Implemented 80 output pins
    Info (21061): Implemented 565 logic cells
Info: Quartus II 64-Bit Analysis & Synthesis was successful. 0 errors, 126 warnings
    Info: Peak virtual memory: 4665 megabytes
    Info: Processing ended: Sun Jan 04 22:21:04 2026
    Info: Elapsed time: 00:00:07
    Info: Total CPU time (on all processors): 00:00:06


