Partition Merge report for bai8
Mon May 11 10:21:17 2026
Quartus II 64-Bit Version 13.0.1 Build 232 06/12/2013 Service Pack 1 SJ Web Edition


---------------------
; Table of Contents ;
---------------------
  1. Legal Notice
  2. Partition Merge Summary
  3. Partition Merge Netlist Types Used
  4. Connections to In-System Debugging Instance "auto_signaltap_0"
  5. Partition Merge Partition Statistics
  6. Partition Merge Resource Usage Summary
  7. Partition Merge RAM Summary
  8. Partition Merge Messages



----------------
; Legal Notice ;
----------------
Copyright (C) 1991-2013 Altera Corporation
Your use of Altera Corporation's design tools, logic functions 
and other software and tools, and its AMPP partner logic 
functions, and any output files from any of the foregoing 
(including device programming or simulation files), and any 
associated documentation or information are expressly subject 
to the terms and conditions of the Altera Program License 
Subscription Agreement, Altera MegaCore Function License 
Agreement, or other applicable license agreement, including, 
without limitation, that your use is for the sole purpose of 
programming logic devices manufactured by Altera and sold by 
Altera or its authorized distributors.  Please refer to the 
applicable agreement for further details.



+--------------------------------------------------------------------------------------+
; Partition Merge Summary                                                              ;
+------------------------------------+-------------------------------------------------+
; Partition Merge Status             ; Successful - Mon May 11 10:21:17 2026           ;
; Quartus II 64-Bit Version          ; 13.0.1 Build 232 06/12/2013 SP 1 SJ Web Edition ;
; Revision Name                      ; bai8                                            ;
; Top-level Entity Name              ; bai8                                            ;
; Family                             ; Cyclone II                                      ;
; Total logic elements               ; 4,558                                           ;
;     Total combinational functions  ; 3,049                                           ;
;     Dedicated logic registers      ; 3,015                                           ;
; Total registers                    ; 3015                                            ;
; Total pins                         ; 2                                               ;
; Total virtual pins                 ; 0                                               ;
; Total memory bits                  ; 362,496                                         ;
; Embedded Multiplier 9-bit elements ; 0                                               ;
; Total PLLs                         ; 0                                               ;
+------------------------------------+-------------------------------------------------+


+-------------------------------------------------------------------------------------------------------------------------------+
; Partition Merge Netlist Types Used                                                                                            ;
+--------------------------------+----------------+-------------------+------------------------+--------------------------------+
; Partition Name                 ; Partition Type ; Netlist Type Used ; Netlist Type Requested ; Partition Contents             ;
+--------------------------------+----------------+-------------------+------------------------+--------------------------------+
; Top                            ; User-created   ; Source File       ; Source File            ;                                ;
; sld_hub:auto_hub               ; Auto-generated ; Post-Synthesis    ; Post-Synthesis         ; sld_hub:auto_hub               ;
; sld_signaltap:auto_signaltap_0 ; Auto-generated ; Post-Synthesis    ; Post-Synthesis         ; sld_signaltap:auto_signaltap_0 ;
; hard_block:auto_generated_inst ; Auto-generated ; Source File       ; Source File            ; hard_block:auto_generated_inst ;
+--------------------------------+----------------+-------------------+------------------------+--------------------------------+


+------------------------------------------------------------------------------------------------------------------------------------------------------------------------------------------------------------------------------------------------------------------------------------------------+
; Connections to In-System Debugging Instance "auto_signaltap_0"                                                                                                                                                                                                                                 ;
+-----------------------------------------------------+---------------+-----------+----------------+-------------------+-------------------+-----------------------------------------------------------------------------------------------------------------------------------------------------+
; Name                                                ; Type          ; Status    ; Partition Name ; Netlist Type Used ; Actual Connection ; Details                                                                                                                                             ;
+-----------------------------------------------------+---------------+-----------+----------------+-------------------+-------------------+-----------------------------------------------------------------------------------------------------------------------------------------------------+
; system:Nios_system|dma_0_read_master_address[0]     ; pre-synthesis ; missing   ; Top            ; post-synthesis    ; GND               ; The pre-synthesis tap must be preserved by Analysis & Synthesis before it can be tapped.  Set the partition's netlist type to Source and recompile. ;
; system:Nios_system|dma_0_read_master_address[0]     ; pre-synthesis ; missing   ; Top            ; post-synthesis    ; GND               ; The pre-synthesis tap must be preserved by Analysis & Synthesis before it can be tapped.  Set the partition's netlist type to Source and recompile. ;
; system:Nios_system|dma_0_read_master_address[0]     ; pre-synthesis ; missing   ; Top            ; post-synthesis    ; GND               ; The pre-synthesis tap must be preserved by Analysis & Synthesis before it can be tapped.  Set the partition's netlist type to Source and recompile. ;
; system:Nios_system|dma_0_read_master_address[10]    ; pre-synthesis ; missing   ; Top            ; post-synthesis    ; GND               ; The pre-synthesis tap must be preserved by Analysis & Synthesis before it can be tapped.  Set the partition's netlist type to Source and recompile. ;
; system:Nios_system|dma_0_read_master_address[10]    ; pre-synthesis ; missing   ; Top            ; post-synthesis    ; GND               ; The pre-synthesis tap must be preserved by Analysis & Synthesis before it can be tapped.  Set the partition's netlist type to Source and recompile. ;
; system:Nios_system|dma_0_read_master_address[10]    ; pre-synthesis ; missing   ; Top            ; post-synthesis    ; GND               ; The pre-synthesis tap must be preserved by Analysis & Synthesis before it can be tapped.  Set the partition's netlist type to Source and recompile. ;
; system:Nios_system|dma_0_read_master_address[11]    ; pre-synthesis ; missing   ; Top            ; post-synthesis    ; GND               ; The pre-synthesis tap must be preserved by Analysis & Synthesis before it can be tapped.  Set the partition's netlist type to Source and recompile. ;
; system:Nios_system|dma_0_read_master_address[11]    ; pre-synthesis ; missing   ; Top            ; post-synthesis    ; GND               ; The pre-synthesis tap must be preserved by Analysis & Synthesis before it can be tapped.  Set the partition's netlist type to Source and recompile. ;
; system:Nios_system|dma_0_read_master_address[11]    ; pre-synthesis ; missing   ; Top            ; post-synthesis    ; GND               ; The pre-synthesis tap must be preserved by Analysis & Synthesis before it can be tapped.  Set the partition's netlist type to Source and recompile. ;
; system:Nios_system|dma_0_read_master_address[12]    ; pre-synthesis ; missing   ; Top            ; post-synthesis    ; GND               ; The pre-synthesis tap must be preserved by Analysis & Synthesis before it can be tapped.  Set the partition's netlist type to Source and recompile. ;
; system:Nios_system|dma_0_read_master_address[12]    ; pre-synthesis ; missing   ; Top            ; post-synthesis    ; GND               ; The pre-synthesis tap must be preserved by Analysis & Synthesis before it can be tapped.  Set the partition's netlist type to Source and recompile. ;
; system:Nios_system|dma_0_read_master_address[12]    ; pre-synthesis ; missing   ; Top            ; post-synthesis    ; GND               ; The pre-synthesis tap must be preserved by Analysis & Synthesis before it can be tapped.  Set the partition's netlist type to Source and recompile. ;
; system:Nios_system|dma_0_read_master_address[13]    ; pre-synthesis ; missing   ; Top            ; post-synthesis    ; GND               ; The pre-synthesis tap must be preserved by Analysis & Synthesis before it can be tapped.  Set the partition's netlist type to Source and recompile. ;
; system:Nios_system|dma_0_read_master_address[13]    ; pre-synthesis ; missing   ; Top            ; post-synthesis    ; GND               ; The pre-synthesis tap must be preserved by Analysis & Synthesis before it can be tapped.  Set the partition's netlist type to Source and recompile. ;
; system:Nios_system|dma_0_read_master_address[13]    ; pre-synthesis ; missing   ; Top            ; post-synthesis    ; GND               ; The pre-synthesis tap must be preserved by Analysis & Synthesis before it can be tapped.  Set the partition's netlist type to Source and recompile. ;
; system:Nios_system|dma_0_read_master_address[14]    ; pre-synthesis ; missing   ; Top            ; post-synthesis    ; GND               ; The pre-synthesis tap must be preserved by Analysis & Synthesis before it can be tapped.  Set the partition's netlist type to Source and recompile. ;
; system:Nios_system|dma_0_read_master_address[14]    ; pre-synthesis ; missing   ; Top            ; post-synthesis    ; GND               ; The pre-synthesis tap must be preserved by Analysis & Synthesis before it can be tapped.  Set the partition's netlist type to Source and recompile. ;
; system:Nios_system|dma_0_read_master_address[14]    ; pre-synthesis ; missing   ; Top            ; post-synthesis    ; GND               ; The pre-synthesis tap must be preserved by Analysis & Synthesis before it can be tapped.  Set the partition's netlist type to Source and recompile. ;
; system:Nios_system|dma_0_read_master_address[15]    ; pre-synthesis ; missing   ; Top            ; post-synthesis    ; GND               ; The pre-synthesis tap must be preserved by Analysis & Synthesis before it can be tapped.  Set the partition's netlist type to Source and recompile. ;
; system:Nios_system|dma_0_read_master_address[15]    ; pre-synthesis ; missing   ; Top            ; post-synthesis    ; GND               ; The pre-synthesis tap must be preserved by Analysis & Synthesis before it can be tapped.  Set the partition's netlist type to Source and recompile. ;
; system:Nios_system|dma_0_read_master_address[15]    ; pre-synthesis ; missing   ; Top            ; post-synthesis    ; GND               ; The pre-synthesis tap must be preserved by Analysis & Synthesis before it can be tapped.  Set the partition's netlist type to Source and recompile. ;
; system:Nios_system|dma_0_read_master_address[16]    ; pre-synthesis ; missing   ; Top            ; post-synthesis    ; GND               ; The pre-synthesis tap must be preserved by Analysis & Synthesis before it can be tapped.  Set the partition's netlist type to Source and recompile. ;
; system:Nios_system|dma_0_read_master_address[16]    ; pre-synthesis ; missing   ; Top            ; post-synthesis    ; GND               ; The pre-synthesis tap must be preserved by Analysis & Synthesis before it can be tapped.  Set the partition's netlist type to Source and recompile. ;
; system:Nios_system|dma_0_read_master_address[16]    ; pre-synthesis ; missing   ; Top            ; post-synthesis    ; GND               ; The pre-synthesis tap must be preserved by Analysis & Synthesis before it can be tapped.  Set the partition's netlist type to Source and recompile. ;
; system:Nios_system|dma_0_read_master_address[1]     ; pre-synthesis ; missing   ; Top            ; post-synthesis    ; GND               ; The pre-synthesis tap must be preserved by Analysis & Synthesis before it can be tapped.  Set the partition's netlist type to Source and recompile. ;
; system:Nios_system|dma_0_read_master_address[1]     ; pre-synthesis ; missing   ; Top            ; post-synthesis    ; GND               ; The pre-synthesis tap must be preserved by Analysis & Synthesis before it can be tapped.  Set the partition's netlist type to Source and recompile. ;
; system:Nios_system|dma_0_read_master_address[1]     ; pre-synthesis ; missing   ; Top            ; post-synthesis    ; GND               ; The pre-synthesis tap must be preserved by Analysis & Synthesis before it can be tapped.  Set the partition's netlist type to Source and recompile. ;
; system:Nios_system|dma_0_read_master_address[2]     ; pre-synthesis ; missing   ; Top            ; post-synthesis    ; GND               ; The pre-synthesis tap must be preserved by Analysis & Synthesis before it can be tapped.  Set the partition's netlist type to Source and recompile. ;
; system:Nios_system|dma_0_read_master_address[2]     ; pre-synthesis ; missing   ; Top            ; post-synthesis    ; GND               ; The pre-synthesis tap must be preserved by Analysis & Synthesis before it can be tapped.  Set the partition's netlist type to Source and recompile. ;
; system:Nios_system|dma_0_read_master_address[2]     ; pre-synthesis ; missing   ; Top            ; post-synthesis    ; GND               ; The pre-synthesis tap must be preserved by Analysis & Synthesis before it can be tapped.  Set the partition's netlist type to Source and recompile. ;
; system:Nios_system|dma_0_read_master_address[3]     ; pre-synthesis ; missing   ; Top            ; post-synthesis    ; GND               ; The pre-synthesis tap must be preserved by Analysis & Synthesis before it can be tapped.  Set the partition's netlist type to Source and recompile. ;
; system:Nios_system|dma_0_read_master_address[3]     ; pre-synthesis ; missing   ; Top            ; post-synthesis    ; GND               ; The pre-synthesis tap must be preserved by Analysis & Synthesis before it can be tapped.  Set the partition's netlist type to Source and recompile. ;
; system:Nios_system|dma_0_read_master_address[3]     ; pre-synthesis ; missing   ; Top            ; post-synthesis    ; GND               ; The pre-synthesis tap must be preserved by Analysis & Synthesis before it can be tapped.  Set the partition's netlist type to Source and recompile. ;
; system:Nios_system|dma_0_read_master_address[4]     ; pre-synthesis ; missing   ; Top            ; post-synthesis    ; GND               ; The pre-synthesis tap must be preserved by Analysis & Synthesis before it can be tapped.  Set the partition's netlist type to Source and recompile. ;
; system:Nios_system|dma_0_read_master_address[4]     ; pre-synthesis ; missing   ; Top            ; post-synthesis    ; GND               ; The pre-synthesis tap must be preserved by Analysis & Synthesis before it can be tapped.  Set the partition's netlist type to Source and recompile. ;
; system:Nios_system|dma_0_read_master_address[4]     ; pre-synthesis ; missing   ; Top            ; post-synthesis    ; GND               ; The pre-synthesis tap must be preserved by Analysis & Synthesis before it can be tapped.  Set the partition's netlist type to Source and recompile. ;
; system:Nios_system|dma_0_read_master_address[5]     ; pre-synthesis ; missing   ; Top            ; post-synthesis    ; GND               ; The pre-synthesis tap must be preserved by Analysis & Synthesis before it can be tapped.  Set the partition's netlist type to Source and recompile. ;
; system:Nios_system|dma_0_read_master_address[5]     ; pre-synthesis ; missing   ; Top            ; post-synthesis    ; GND               ; The pre-synthesis tap must be preserved by Analysis & Synthesis before it can be tapped.  Set the partition's netlist type to Source and recompile. ;
; system:Nios_system|dma_0_read_master_address[5]     ; pre-synthesis ; missing   ; Top            ; post-synthesis    ; GND               ; The pre-synthesis tap must be preserved by Analysis & Synthesis before it can be tapped.  Set the partition's netlist type to Source and recompile. ;
; system:Nios_system|dma_0_read_master_address[6]     ; pre-synthesis ; missing   ; Top            ; post-synthesis    ; GND               ; The pre-synthesis tap must be preserved by Analysis & Synthesis before it can be tapped.  Set the partition's netlist type to Source and recompile. ;
; system:Nios_system|dma_0_read_master_address[6]     ; pre-synthesis ; missing   ; Top            ; post-synthesis    ; GND               ; The pre-synthesis tap must be preserved by Analysis & Synthesis before it can be tapped.  Set the partition's netlist type to Source and recompile. ;
; system:Nios_system|dma_0_read_master_address[6]     ; pre-synthesis ; missing   ; Top            ; post-synthesis    ; GND               ; The pre-synthesis tap must be preserved by Analysis & Synthesis before it can be tapped.  Set the partition's netlist type to Source and recompile. ;
; system:Nios_system|dma_0_read_master_address[7]     ; pre-synthesis ; missing   ; Top            ; post-synthesis    ; GND               ; The pre-synthesis tap must be preserved by Analysis & Synthesis before it can be tapped.  Set the partition's netlist type to Source and recompile. ;
; system:Nios_system|dma_0_read_master_address[7]     ; pre-synthesis ; missing   ; Top            ; post-synthesis    ; GND               ; The pre-synthesis tap must be preserved by Analysis & Synthesis before it can be tapped.  Set the partition's netlist type to Source and recompile. ;
; system:Nios_system|dma_0_read_master_address[7]     ; pre-synthesis ; missing   ; Top            ; post-synthesis    ; GND               ; The pre-synthesis tap must be preserved by Analysis & Synthesis before it can be tapped.  Set the partition's netlist type to Source and recompile. ;
; system:Nios_system|dma_0_read_master_address[8]     ; pre-synthesis ; missing   ; Top            ; post-synthesis    ; GND               ; The pre-synthesis tap must be preserved by Analysis & Synthesis before it can be tapped.  Set the partition's netlist type to Source and recompile. ;
; system:Nios_system|dma_0_read_master_address[8]     ; pre-synthesis ; missing   ; Top            ; post-synthesis    ; GND               ; The pre-synthesis tap must be preserved by Analysis & Synthesis before it can be tapped.  Set the partition's netlist type to Source and recompile. ;
; system:Nios_system|dma_0_read_master_address[8]     ; pre-synthesis ; missing   ; Top            ; post-synthesis    ; GND               ; The pre-synthesis tap must be preserved by Analysis & Synthesis before it can be tapped.  Set the partition's netlist type to Source and recompile. ;
; system:Nios_system|dma_0_read_master_address[9]     ; pre-synthesis ; missing   ; Top            ; post-synthesis    ; GND               ; The pre-synthesis tap must be preserved by Analysis & Synthesis before it can be tapped.  Set the partition's netlist type to Source and recompile. ;
; system:Nios_system|dma_0_read_master_address[9]     ; pre-synthesis ; missing   ; Top            ; post-synthesis    ; GND               ; The pre-synthesis tap must be preserved by Analysis & Synthesis before it can be tapped.  Set the partition's netlist type to Source and recompile. ;
; system:Nios_system|dma_0_read_master_address[9]     ; pre-synthesis ; missing   ; Top            ; post-synthesis    ; GND               ; The pre-synthesis tap must be preserved by Analysis & Synthesis before it can be tapped.  Set the partition's netlist type to Source and recompile. ;
; system:Nios_system|dma_0_read_master_chipselect     ; pre-synthesis ; missing   ; Top            ; post-synthesis    ; GND               ; The pre-synthesis tap must be preserved by Analysis & Synthesis before it can be tapped.  Set the partition's netlist type to Source and recompile. ;
; system:Nios_system|dma_0_read_master_chipselect     ; pre-synthesis ; missing   ; Top            ; post-synthesis    ; GND               ; The pre-synthesis tap must be preserved by Analysis & Synthesis before it can be tapped.  Set the partition's netlist type to Source and recompile. ;
; system:Nios_system|dma_0_read_master_chipselect     ; pre-synthesis ; missing   ; Top            ; post-synthesis    ; GND               ; The pre-synthesis tap must be preserved by Analysis & Synthesis before it can be tapped.  Set the partition's netlist type to Source and recompile. ;
; system:Nios_system|dma_0_read_master_readdata[0]    ; pre-synthesis ; missing   ; Top            ; post-synthesis    ; GND               ; The pre-synthesis tap must be preserved by Analysis & Synthesis before it can be tapped.  Set the partition's netlist type to Source and recompile. ;
; system:Nios_system|dma_0_read_master_readdata[0]    ; pre-synthesis ; missing   ; Top            ; post-synthesis    ; GND               ; The pre-synthesis tap must be preserved by Analysis & Synthesis before it can be tapped.  Set the partition's netlist type to Source and recompile. ;
; system:Nios_system|dma_0_read_master_readdata[0]    ; pre-synthesis ; missing   ; Top            ; post-synthesis    ; GND               ; The pre-synthesis tap must be preserved by Analysis & Synthesis before it can be tapped.  Set the partition's netlist type to Source and recompile. ;
; system:Nios_system|dma_0_read_master_readdata[10]   ; pre-synthesis ; missing   ; Top            ; post-synthesis    ; GND               ; The pre-synthesis tap must be preserved by Analysis & Synthesis before it can be tapped.  Set the partition's netlist type to Source and recompile. ;
; system:Nios_system|dma_0_read_master_readdata[10]   ; pre-synthesis ; missing   ; Top            ; post-synthesis    ; GND               ; The pre-synthesis tap must be preserved by Analysis & Synthesis before it can be tapped.  Set the partition's netlist type to Source and recompile. ;
; system:Nios_system|dma_0_read_master_readdata[10]   ; pre-synthesis ; missing   ; Top            ; post-synthesis    ; GND               ; The pre-synthesis tap must be preserved by Analysis & Synthesis before it can be tapped.  Set the partition's netlist type to Source and recompile. ;
; system:Nios_system|dma_0_read_master_readdata[11]   ; pre-synthesis ; missing   ; Top            ; post-synthesis    ; GND               ; The pre-synthesis tap must be preserved by Analysis & Synthesis before it can be tapped.  Set the partition's netlist type to Source and recompile. ;
; system:Nios_system|dma_0_read_master_readdata[11]   ; pre-synthesis ; missing   ; Top            ; post-synthesis    ; GND               ; The pre-synthesis tap must be preserved by Analysis & Synthesis before it can be tapped.  Set the partition's netlist type to Source and recompile. ;
; system:Nios_system|dma_0_read_master_readdata[11]   ; pre-synthesis ; missing   ; Top            ; post-synthesis    ; GND               ; The pre-synthesis tap must be preserved by Analysis & Synthesis before it can be tapped.  Set the partition's netlist type to Source and recompile. ;
; system:Nios_system|dma_0_read_master_readdata[12]   ; pre-synthesis ; missing   ; Top            ; post-synthesis    ; GND               ; The pre-synthesis tap must be preserved by Analysis & Synthesis before it can be tapped.  Set the partition's netlist type to Source and recompile. ;
; system:Nios_system|dma_0_read_master_readdata[12]   ; pre-synthesis ; missing   ; Top            ; post-synthesis    ; GND               ; The pre-synthesis tap must be preserved by Analysis & Synthesis before it can be tapped.  Set the partition's netlist type to Source and recompile. ;
; system:Nios_system|dma_0_read_master_readdata[12]   ; pre-synthesis ; missing   ; Top            ; post-synthesis    ; GND               ; The pre-synthesis tap must be preserved by Analysis & Synthesis before it can be tapped.  Set the partition's netlist type to Source and recompile. ;
; system:Nios_system|dma_0_read_master_readdata[13]   ; pre-synthesis ; missing   ; Top            ; post-synthesis    ; GND               ; The pre-synthesis tap must be preserved by Analysis & Synthesis before it can be tapped.  Set the partition's netlist type to Source and recompile. ;
; system:Nios_system|dma_0_read_master_readdata[13]   ; pre-synthesis ; missing   ; Top            ; post-synthesis    ; GND               ; The pre-synthesis tap must be preserved by Analysis & Synthesis before it can be tapped.  Set the partition's netlist type to Source and recompile. ;
; system:Nios_system|dma_0_read_master_readdata[13]   ; pre-synthesis ; missing   ; Top            ; post-synthesis    ; GND               ; The pre-synthesis tap must be preserved by Analysis & Synthesis before it can be tapped.  Set the partition's netlist type to Source and recompile. ;
; system:Nios_system|dma_0_read_master_readdata[14]   ; pre-synthesis ; missing   ; Top            ; post-synthesis    ; GND               ; The pre-synthesis tap must be preserved by Analysis & Synthesis before it can be tapped.  Set the partition's netlist type to Source and recompile. ;
; system:Nios_system|dma_0_read_master_readdata[14]   ; pre-synthesis ; missing   ; Top            ; post-synthesis    ; GND               ; The pre-synthesis tap must be preserved by Analysis & Synthesis before it can be tapped.  Set the partition's netlist type to Source and recompile. ;
; system:Nios_system|dma_0_read_master_readdata[14]   ; pre-synthesis ; missing   ; Top            ; post-synthesis    ; GND               ; The pre-synthesis tap must be preserved by Analysis & Synthesis before it can be tapped.  Set the partition's netlist type to Source and recompile. ;
; system:Nios_system|dma_0_read_master_readdata[15]   ; pre-synthesis ; missing   ; Top            ; post-synthesis    ; GND               ; The pre-synthesis tap must be preserved by Analysis & Synthesis before it can be tapped.  Set the partition's netlist type to Source and recompile. ;
; system:Nios_system|dma_0_read_master_readdata[15]   ; pre-synthesis ; missing   ; Top            ; post-synthesis    ; GND               ; The pre-synthesis tap must be preserved by Analysis & Synthesis before it can be tapped.  Set the partition's netlist type to Source and recompile. ;
; system:Nios_system|dma_0_read_master_readdata[15]   ; pre-synthesis ; missing   ; Top            ; post-synthesis    ; GND               ; The pre-synthesis tap must be preserved by Analysis & Synthesis before it can be tapped.  Set the partition's netlist type to Source and recompile. ;
; system:Nios_system|dma_0_read_master_readdata[16]   ; pre-synthesis ; missing   ; Top            ; post-synthesis    ; GND               ; The pre-synthesis tap must be preserved by Analysis & Synthesis before it can be tapped.  Set the partition's netlist type to Source and recompile. ;
; system:Nios_system|dma_0_read_master_readdata[16]   ; pre-synthesis ; missing   ; Top            ; post-synthesis    ; GND               ; The pre-synthesis tap must be preserved by Analysis & Synthesis before it can be tapped.  Set the partition's netlist type to Source and recompile. ;
; system:Nios_system|dma_0_read_master_readdata[16]   ; pre-synthesis ; missing   ; Top            ; post-synthesis    ; GND               ; The pre-synthesis tap must be preserved by Analysis & Synthesis before it can be tapped.  Set the partition's netlist type to Source and recompile. ;
; system:Nios_system|dma_0_read_master_readdata[17]   ; pre-synthesis ; missing   ; Top            ; post-synthesis    ; GND               ; The pre-synthesis tap must be preserved by Analysis & Synthesis before it can be tapped.  Set the partition's netlist type to Source and recompile. ;
; system:Nios_system|dma_0_read_master_readdata[17]   ; pre-synthesis ; missing   ; Top            ; post-synthesis    ; GND               ; The pre-synthesis tap must be preserved by Analysis & Synthesis before it can be tapped.  Set the partition's netlist type to Source and recompile. ;
; system:Nios_system|dma_0_read_master_readdata[17]   ; pre-synthesis ; missing   ; Top            ; post-synthesis    ; GND               ; The pre-synthesis tap must be preserved by Analysis & Synthesis before it can be tapped.  Set the partition's netlist type to Source and recompile. ;
; system:Nios_system|dma_0_read_master_readdata[18]   ; pre-synthesis ; missing   ; Top            ; post-synthesis    ; GND               ; The pre-synthesis tap must be preserved by Analysis & Synthesis before it can be tapped.  Set the partition's netlist type to Source and recompile. ;
; system:Nios_system|dma_0_read_master_readdata[18]   ; pre-synthesis ; missing   ; Top            ; post-synthesis    ; GND               ; The pre-synthesis tap must be preserved by Analysis & Synthesis before it can be tapped.  Set the partition's netlist type to Source and recompile. ;
; system:Nios_system|dma_0_read_master_readdata[18]   ; pre-synthesis ; missing   ; Top            ; post-synthesis    ; GND               ; The pre-synthesis tap must be preserved by Analysis & Synthesis before it can be tapped.  Set the partition's netlist type to Source and recompile. ;
; system:Nios_system|dma_0_read_master_readdata[19]   ; pre-synthesis ; missing   ; Top            ; post-synthesis    ; GND               ; The pre-synthesis tap must be preserved by Analysis & Synthesis before it can be tapped.  Set the partition's netlist type to Source and recompile. ;
; system:Nios_system|dma_0_read_master_readdata[19]   ; pre-synthesis ; missing   ; Top            ; post-synthesis    ; GND               ; The pre-synthesis tap must be preserved by Analysis & Synthesis before it can be tapped.  Set the partition's netlist type to Source and recompile. ;
; system:Nios_system|dma_0_read_master_readdata[19]   ; pre-synthesis ; missing   ; Top            ; post-synthesis    ; GND               ; The pre-synthesis tap must be preserved by Analysis & Synthesis before it can be tapped.  Set the partition's netlist type to Source and recompile. ;
; system:Nios_system|dma_0_read_master_readdata[1]    ; pre-synthesis ; missing   ; Top            ; post-synthesis    ; GND               ; The pre-synthesis tap must be preserved by Analysis & Synthesis before it can be tapped.  Set the partition's netlist type to Source and recompile. ;
; system:Nios_system|dma_0_read_master_readdata[1]    ; pre-synthesis ; missing   ; Top            ; post-synthesis    ; GND               ; The pre-synthesis tap must be preserved by Analysis & Synthesis before it can be tapped.  Set the partition's netlist type to Source and recompile. ;
; system:Nios_system|dma_0_read_master_readdata[1]    ; pre-synthesis ; missing   ; Top            ; post-synthesis    ; GND               ; The pre-synthesis tap must be preserved by Analysis & Synthesis before it can be tapped.  Set the partition's netlist type to Source and recompile. ;
; system:Nios_system|dma_0_read_master_readdata[20]   ; pre-synthesis ; missing   ; Top            ; post-synthesis    ; GND               ; The pre-synthesis tap must be preserved by Analysis & Synthesis before it can be tapped.  Set the partition's netlist type to Source and recompile. ;
; system:Nios_system|dma_0_read_master_readdata[20]   ; pre-synthesis ; missing   ; Top            ; post-synthesis    ; GND               ; The pre-synthesis tap must be preserved by Analysis & Synthesis before it can be tapped.  Set the partition's netlist type to Source and recompile. ;
; system:Nios_system|dma_0_read_master_readdata[20]   ; pre-synthesis ; missing   ; Top            ; post-synthesis    ; GND               ; The pre-synthesis tap must be preserved by Analysis & Synthesis before it can be tapped.  Set the partition's netlist type to Source and recompile. ;
; system:Nios_system|dma_0_read_master_readdata[21]   ; pre-synthesis ; missing   ; Top            ; post-synthesis    ; GND               ; The pre-synthesis tap must be preserved by Analysis & Synthesis before it can be tapped.  Set the partition's netlist type to Source and recompile. ;
; system:Nios_system|dma_0_read_master_readdata[21]   ; pre-synthesis ; missing   ; Top            ; post-synthesis    ; GND               ; The pre-synthesis tap must be preserved by Analysis & Synthesis before it can be tapped.  Set the partition's netlist type to Source and recompile. ;
; system:Nios_system|dma_0_read_master_readdata[21]   ; pre-synthesis ; missing   ; Top            ; post-synthesis    ; GND               ; The pre-synthesis tap must be preserved by Analysis & Synthesis before it can be tapped.  Set the partition's netlist type to Source and recompile. ;
; system:Nios_system|dma_0_read_master_readdata[22]   ; pre-synthesis ; missing   ; Top            ; post-synthesis    ; GND               ; The pre-synthesis tap must be preserved by Analysis & Synthesis before it can be tapped.  Set the partition's netlist type to Source and recompile. ;
; system:Nios_system|dma_0_read_master_readdata[22]   ; pre-synthesis ; missing   ; Top            ; post-synthesis    ; GND               ; The pre-synthesis tap must be preserved by Analysis & Synthesis before it can be tapped.  Set the partition's netlist type to Source and recompile. ;
; system:Nios_system|dma_0_read_master_readdata[22]   ; pre-synthesis ; missing   ; Top            ; post-synthesis    ; GND               ; The pre-synthesis tap must be preserved by Analysis & Synthesis before it can be tapped.  Set the partition's netlist type to Source and recompile. ;
; system:Nios_system|dma_0_read_master_readdata[23]   ; pre-synthesis ; missing   ; Top            ; post-synthesis    ; GND               ; The pre-synthesis tap must be preserved by Analysis & Synthesis before it can be tapped.  Set the partition's netlist type to Source and recompile. ;
; system:Nios_system|dma_0_read_master_readdata[23]   ; pre-synthesis ; missing   ; Top            ; post-synthesis    ; GND               ; The pre-synthesis tap must be preserved by Analysis & Synthesis before it can be tapped.  Set the partition's netlist type to Source and recompile. ;
; system:Nios_system|dma_0_read_master_readdata[23]   ; pre-synthesis ; missing   ; Top            ; post-synthesis    ; GND               ; The pre-synthesis tap must be preserved by Analysis & Synthesis before it can be tapped.  Set the partition's netlist type to Source and recompile. ;
; system:Nios_system|dma_0_read_master_readdata[24]   ; pre-synthesis ; missing   ; Top            ; post-synthesis    ; GND               ; The pre-synthesis tap must be preserved by Analysis & Synthesis before it can be tapped.  Set the partition's netlist type to Source and recompile. ;
; system:Nios_system|dma_0_read_master_readdata[24]   ; pre-synthesis ; missing   ; Top            ; post-synthesis    ; GND               ; The pre-synthesis tap must be preserved by Analysis & Synthesis before it can be tapped.  Set the partition's netlist type to Source and recompile. ;
; system:Nios_system|dma_0_read_master_readdata[24]   ; pre-synthesis ; missing   ; Top            ; post-synthesis    ; GND               ; The pre-synthesis tap must be preserved by Analysis & Synthesis before it can be tapped.  Set the partition's netlist type to Source and recompile. ;
; system:Nios_system|dma_0_read_master_readdata[25]   ; pre-synthesis ; missing   ; Top            ; post-synthesis    ; GND               ; The pre-synthesis tap must be preserved by Analysis & Synthesis before it can be tapped.  Set the partition's netlist type to Source and recompile. ;
; system:Nios_system|dma_0_read_master_readdata[25]   ; pre-synthesis ; missing   ; Top            ; post-synthesis    ; GND               ; The pre-synthesis tap must be preserved by Analysis & Synthesis before it can be tapped.  Set the partition's netlist type to Source and recompile. ;
; system:Nios_system|dma_0_read_master_readdata[25]   ; pre-synthesis ; missing   ; Top            ; post-synthesis    ; GND               ; The pre-synthesis tap must be preserved by Analysis & Synthesis before it can be tapped.  Set the partition's netlist type to Source and recompile. ;
; system:Nios_system|dma_0_read_master_readdata[26]   ; pre-synthesis ; missing   ; Top            ; post-synthesis    ; GND               ; The pre-synthesis tap must be preserved by Analysis & Synthesis before it can be tapped.  Set the partition's netlist type to Source and recompile. ;
; system:Nios_system|dma_0_read_master_readdata[26]   ; pre-synthesis ; missing   ; Top            ; post-synthesis    ; GND               ; The pre-synthesis tap must be preserved by Analysis & Synthesis before it can be tapped.  Set the partition's netlist type to Source and recompile. ;
; system:Nios_system|dma_0_read_master_readdata[26]   ; pre-synthesis ; missing   ; Top            ; post-synthesis    ; GND               ; The pre-synthesis tap must be preserved by Analysis & Synthesis before it can be tapped.  Set the partition's netlist type to Source and recompile. ;
; system:Nios_system|dma_0_read_master_readdata[27]   ; pre-synthesis ; missing   ; Top            ; post-synthesis    ; GND               ; The pre-synthesis tap must be preserved by Analysis & Synthesis before it can be tapped.  Set the partition's netlist type to Source and recompile. ;
; system:Nios_system|dma_0_read_master_readdata[27]   ; pre-synthesis ; missing   ; Top            ; post-synthesis    ; GND               ; The pre-synthesis tap must be preserved by Analysis & Synthesis before it can be tapped.  Set the partition's netlist type to Source and recompile. ;
; system:Nios_system|dma_0_read_master_readdata[27]   ; pre-synthesis ; missing   ; Top            ; post-synthesis    ; GND               ; The pre-synthesis tap must be preserved by Analysis & Synthesis before it can be tapped.  Set the partition's netlist type to Source and recompile. ;
; system:Nios_system|dma_0_read_master_readdata[28]   ; pre-synthesis ; missing   ; Top            ; post-synthesis    ; GND               ; The pre-synthesis tap must be preserved by Analysis & Synthesis before it can be tapped.  Set the partition's netlist type to Source and recompile. ;
; system:Nios_system|dma_0_read_master_readdata[28]   ; pre-synthesis ; missing   ; Top            ; post-synthesis    ; GND               ; The pre-synthesis tap must be preserved by Analysis & Synthesis before it can be tapped.  Set the partition's netlist type to Source and recompile. ;
; system:Nios_system|dma_0_read_master_readdata[28]   ; pre-synthesis ; missing   ; Top            ; post-synthesis    ; GND               ; The pre-synthesis tap must be preserved by Analysis & Synthesis before it can be tapped.  Set the partition's netlist type to Source and recompile. ;
; system:Nios_system|dma_0_read_master_readdata[29]   ; pre-synthesis ; missing   ; Top            ; post-synthesis    ; GND               ; The pre-synthesis tap must be preserved by Analysis & Synthesis before it can be tapped.  Set the partition's netlist type to Source and recompile. ;
; system:Nios_system|dma_0_read_master_readdata[29]   ; pre-synthesis ; missing   ; Top            ; post-synthesis    ; GND               ; The pre-synthesis tap must be preserved by Analysis & Synthesis before it can be tapped.  Set the partition's netlist type to Source and recompile. ;
; system:Nios_system|dma_0_read_master_readdata[29]   ; pre-synthesis ; missing   ; Top            ; post-synthesis    ; GND               ; The pre-synthesis tap must be preserved by Analysis & Synthesis before it can be tapped.  Set the partition's netlist type to Source and recompile. ;
; system:Nios_system|dma_0_read_master_readdata[2]    ; pre-synthesis ; missing   ; Top            ; post-synthesis    ; GND               ; The pre-synthesis tap must be preserved by Analysis & Synthesis before it can be tapped.  Set the partition's netlist type to Source and recompile. ;
; system:Nios_system|dma_0_read_master_readdata[2]    ; pre-synthesis ; missing   ; Top            ; post-synthesis    ; GND               ; The pre-synthesis tap must be preserved by Analysis & Synthesis before it can be tapped.  Set the partition's netlist type to Source and recompile. ;
; system:Nios_system|dma_0_read_master_readdata[2]    ; pre-synthesis ; missing   ; Top            ; post-synthesis    ; GND               ; The pre-synthesis tap must be preserved by Analysis & Synthesis before it can be tapped.  Set the partition's netlist type to Source and recompile. ;
; system:Nios_system|dma_0_read_master_readdata[30]   ; pre-synthesis ; missing   ; Top            ; post-synthesis    ; GND               ; The pre-synthesis tap must be preserved by Analysis & Synthesis before it can be tapped.  Set the partition's netlist type to Source and recompile. ;
; system:Nios_system|dma_0_read_master_readdata[30]   ; pre-synthesis ; missing   ; Top            ; post-synthesis    ; GND               ; The pre-synthesis tap must be preserved by Analysis & Synthesis before it can be tapped.  Set the partition's netlist type to Source and recompile. ;
; system:Nios_system|dma_0_read_master_readdata[30]   ; pre-synthesis ; missing   ; Top            ; post-synthesis    ; GND               ; The pre-synthesis tap must be preserved by Analysis & Synthesis before it can be tapped.  Set the partition's netlist type to Source and recompile. ;
; system:Nios_system|dma_0_read_master_readdata[31]   ; pre-synthesis ; missing   ; Top            ; post-synthesis    ; GND               ; The pre-synthesis tap must be preserved by Analysis & Synthesis before it can be tapped.  Set the partition's netlist type to Source and recompile. ;
; system:Nios_system|dma_0_read_master_readdata[31]   ; pre-synthesis ; missing   ; Top            ; post-synthesis    ; GND               ; The pre-synthesis tap must be preserved by Analysis & Synthesis before it can be tapped.  Set the partition's netlist type to Source and recompile. ;
; system:Nios_system|dma_0_read_master_readdata[31]   ; pre-synthesis ; missing   ; Top            ; post-synthesis    ; GND               ; The pre-synthesis tap must be preserved by Analysis & Synthesis before it can be tapped.  Set the partition's netlist type to Source and recompile. ;
; system:Nios_system|dma_0_read_master_readdata[3]    ; pre-synthesis ; missing   ; Top            ; post-synthesis    ; GND               ; The pre-synthesis tap must be preserved by Analysis & Synthesis before it can be tapped.  Set the partition's netlist type to Source and recompile. ;
; system:Nios_system|dma_0_read_master_readdata[3]    ; pre-synthesis ; missing   ; Top            ; post-synthesis    ; GND               ; The pre-synthesis tap must be preserved by Analysis & Synthesis before it can be tapped.  Set the partition's netlist type to Source and recompile. ;
; system:Nios_system|dma_0_read_master_readdata[3]    ; pre-synthesis ; missing   ; Top            ; post-synthesis    ; GND               ; The pre-synthesis tap must be preserved by Analysis & Synthesis before it can be tapped.  Set the partition's netlist type to Source and recompile. ;
; system:Nios_system|dma_0_read_master_readdata[4]    ; pre-synthesis ; missing   ; Top            ; post-synthesis    ; GND               ; The pre-synthesis tap must be preserved by Analysis & Synthesis before it can be tapped.  Set the partition's netlist type to Source and recompile. ;
; system:Nios_system|dma_0_read_master_readdata[4]    ; pre-synthesis ; missing   ; Top            ; post-synthesis    ; GND               ; The pre-synthesis tap must be preserved by Analysis & Synthesis before it can be tapped.  Set the partition's netlist type to Source and recompile. ;
; system:Nios_system|dma_0_read_master_readdata[4]    ; pre-synthesis ; missing   ; Top            ; post-synthesis    ; GND               ; The pre-synthesis tap must be preserved by Analysis & Synthesis before it can be tapped.  Set the partition's netlist type to Source and recompile. ;
; system:Nios_system|dma_0_read_master_readdata[5]    ; pre-synthesis ; missing   ; Top            ; post-synthesis    ; GND               ; The pre-synthesis tap must be preserved by Analysis & Synthesis before it can be tapped.  Set the partition's netlist type to Source and recompile. ;
; system:Nios_system|dma_0_read_master_readdata[5]    ; pre-synthesis ; missing   ; Top            ; post-synthesis    ; GND               ; The pre-synthesis tap must be preserved by Analysis & Synthesis before it can be tapped.  Set the partition's netlist type to Source and recompile. ;
; system:Nios_system|dma_0_read_master_readdata[5]    ; pre-synthesis ; missing   ; Top            ; post-synthesis    ; GND               ; The pre-synthesis tap must be preserved by Analysis & Synthesis before it can be tapped.  Set the partition's netlist type to Source and recompile. ;
; system:Nios_system|dma_0_read_master_readdata[6]    ; pre-synthesis ; missing   ; Top            ; post-synthesis    ; GND               ; The pre-synthesis tap must be preserved by Analysis & Synthesis before it can be tapped.  Set the partition's netlist type to Source and recompile. ;
; system:Nios_system|dma_0_read_master_readdata[6]    ; pre-synthesis ; missing   ; Top            ; post-synthesis    ; GND               ; The pre-synthesis tap must be preserved by Analysis & Synthesis before it can be tapped.  Set the partition's netlist type to Source and recompile. ;
; system:Nios_system|dma_0_read_master_readdata[6]    ; pre-synthesis ; missing   ; Top            ; post-synthesis    ; GND               ; The pre-synthesis tap must be preserved by Analysis & Synthesis before it can be tapped.  Set the partition's netlist type to Source and recompile. ;
; system:Nios_system|dma_0_read_master_readdata[7]    ; pre-synthesis ; missing   ; Top            ; post-synthesis    ; GND               ; The pre-synthesis tap must be preserved by Analysis & Synthesis before it can be tapped.  Set the partition's netlist type to Source and recompile. ;
; system:Nios_system|dma_0_read_master_readdata[7]    ; pre-synthesis ; missing   ; Top            ; post-synthesis    ; GND               ; The pre-synthesis tap must be preserved by Analysis & Synthesis before it can be tapped.  Set the partition's netlist type to Source and recompile. ;
; system:Nios_system|dma_0_read_master_readdata[7]    ; pre-synthesis ; missing   ; Top            ; post-synthesis    ; GND               ; The pre-synthesis tap must be preserved by Analysis & Synthesis before it can be tapped.  Set the partition's netlist type to Source and recompile. ;
; system:Nios_system|dma_0_read_master_readdata[8]    ; pre-synthesis ; missing   ; Top            ; post-synthesis    ; GND               ; The pre-synthesis tap must be preserved by Analysis & Synthesis before it can be tapped.  Set the partition's netlist type to Source and recompile. ;
; system:Nios_system|dma_0_read_master_readdata[8]    ; pre-synthesis ; missing   ; Top            ; post-synthesis    ; GND               ; The pre-synthesis tap must be preserved by Analysis & Synthesis before it can be tapped.  Set the partition's netlist type to Source and recompile. ;
; system:Nios_system|dma_0_read_master_readdata[8]    ; pre-synthesis ; missing   ; Top            ; post-synthesis    ; GND               ; The pre-synthesis tap must be preserved by Analysis & Synthesis before it can be tapped.  Set the partition's netlist type to Source and recompile. ;
; system:Nios_system|dma_0_read_master_readdata[9]    ; pre-synthesis ; missing   ; Top            ; post-synthesis    ; GND               ; The pre-synthesis tap must be preserved by Analysis & Synthesis before it can be tapped.  Set the partition's netlist type to Source and recompile. ;
; system:Nios_system|dma_0_read_master_readdata[9]    ; pre-synthesis ; missing   ; Top            ; post-synthesis    ; GND               ; The pre-synthesis tap must be preserved by Analysis & Synthesis before it can be tapped.  Set the partition's netlist type to Source and recompile. ;
; system:Nios_system|dma_0_read_master_readdata[9]    ; pre-synthesis ; missing   ; Top            ; post-synthesis    ; GND               ; The pre-synthesis tap must be preserved by Analysis & Synthesis before it can be tapped.  Set the partition's netlist type to Source and recompile. ;
; system:Nios_system|dma_0_read_master_readdatavalid  ; pre-synthesis ; missing   ; Top            ; post-synthesis    ; GND               ; The pre-synthesis tap must be preserved by Analysis & Synthesis before it can be tapped.  Set the partition's netlist type to Source and recompile. ;
; system:Nios_system|dma_0_read_master_readdatavalid  ; pre-synthesis ; missing   ; Top            ; post-synthesis    ; GND               ; The pre-synthesis tap must be preserved by Analysis & Synthesis before it can be tapped.  Set the partition's netlist type to Source and recompile. ;
; system:Nios_system|dma_0_read_master_readdatavalid  ; pre-synthesis ; missing   ; Top            ; post-synthesis    ; GND               ; The pre-synthesis tap must be preserved by Analysis & Synthesis before it can be tapped.  Set the partition's netlist type to Source and recompile. ;
; system:Nios_system|dma_0_read_master_waitrequest    ; pre-synthesis ; missing   ; Top            ; post-synthesis    ; GND               ; The pre-synthesis tap must be preserved by Analysis & Synthesis before it can be tapped.  Set the partition's netlist type to Source and recompile. ;
; system:Nios_system|dma_0_read_master_waitrequest    ; pre-synthesis ; missing   ; Top            ; post-synthesis    ; GND               ; The pre-synthesis tap must be preserved by Analysis & Synthesis before it can be tapped.  Set the partition's netlist type to Source and recompile. ;
; system:Nios_system|dma_0_read_master_waitrequest    ; pre-synthesis ; missing   ; Top            ; post-synthesis    ; GND               ; The pre-synthesis tap must be preserved by Analysis & Synthesis before it can be tapped.  Set the partition's netlist type to Source and recompile. ;
; system:Nios_system|dma_0_write_master_address[0]    ; pre-synthesis ; missing   ; Top            ; post-synthesis    ; GND               ; The pre-synthesis tap must be preserved by Analysis & Synthesis before it can be tapped.  Set the partition's netlist type to Source and recompile. ;
; system:Nios_system|dma_0_write_master_address[0]    ; pre-synthesis ; missing   ; Top            ; post-synthesis    ; GND               ; The pre-synthesis tap must be preserved by Analysis & Synthesis before it can be tapped.  Set the partition's netlist type to Source and recompile. ;
; system:Nios_system|dma_0_write_master_address[0]    ; pre-synthesis ; missing   ; Top            ; post-synthesis    ; GND               ; The pre-synthesis tap must be preserved by Analysis & Synthesis before it can be tapped.  Set the partition's netlist type to Source and recompile. ;
; system:Nios_system|dma_0_write_master_address[10]   ; pre-synthesis ; missing   ; Top            ; post-synthesis    ; GND               ; The pre-synthesis tap must be preserved by Analysis & Synthesis before it can be tapped.  Set the partition's netlist type to Source and recompile. ;
; system:Nios_system|dma_0_write_master_address[10]   ; pre-synthesis ; missing   ; Top            ; post-synthesis    ; GND               ; The pre-synthesis tap must be preserved by Analysis & Synthesis before it can be tapped.  Set the partition's netlist type to Source and recompile. ;
; system:Nios_system|dma_0_write_master_address[10]   ; pre-synthesis ; missing   ; Top            ; post-synthesis    ; GND               ; The pre-synthesis tap must be preserved by Analysis & Synthesis before it can be tapped.  Set the partition's netlist type to Source and recompile. ;
; system:Nios_system|dma_0_write_master_address[11]   ; pre-synthesis ; missing   ; Top            ; post-synthesis    ; GND               ; The pre-synthesis tap must be preserved by Analysis & Synthesis before it can be tapped.  Set the partition's netlist type to Source and recompile. ;
; system:Nios_system|dma_0_write_master_address[11]   ; pre-synthesis ; missing   ; Top            ; post-synthesis    ; GND               ; The pre-synthesis tap must be preserved by Analysis & Synthesis before it can be tapped.  Set the partition's netlist type to Source and recompile. ;
; system:Nios_system|dma_0_write_master_address[11]   ; pre-synthesis ; missing   ; Top            ; post-synthesis    ; GND               ; The pre-synthesis tap must be preserved by Analysis & Synthesis before it can be tapped.  Set the partition's netlist type to Source and recompile. ;
; system:Nios_system|dma_0_write_master_address[12]   ; pre-synthesis ; missing   ; Top            ; post-synthesis    ; GND               ; The pre-synthesis tap must be preserved by Analysis & Synthesis before it can be tapped.  Set the partition's netlist type to Source and recompile. ;
; system:Nios_system|dma_0_write_master_address[12]   ; pre-synthesis ; missing   ; Top            ; post-synthesis    ; GND               ; The pre-synthesis tap must be preserved by Analysis & Synthesis before it can be tapped.  Set the partition's netlist type to Source and recompile. ;
; system:Nios_system|dma_0_write_master_address[12]   ; pre-synthesis ; missing   ; Top            ; post-synthesis    ; GND               ; The pre-synthesis tap must be preserved by Analysis & Synthesis before it can be tapped.  Set the partition's netlist type to Source and recompile. ;
; system:Nios_system|dma_0_write_master_address[13]   ; pre-synthesis ; missing   ; Top            ; post-synthesis    ; GND               ; The pre-synthesis tap must be preserved by Analysis & Synthesis before it can be tapped.  Set the partition's netlist type to Source and recompile. ;
; system:Nios_system|dma_0_write_master_address[13]   ; pre-synthesis ; missing   ; Top            ; post-synthesis    ; GND               ; The pre-synthesis tap must be preserved by Analysis & Synthesis before it can be tapped.  Set the partition's netlist type to Source and recompile. ;
; system:Nios_system|dma_0_write_master_address[13]   ; pre-synthesis ; missing   ; Top            ; post-synthesis    ; GND               ; The pre-synthesis tap must be preserved by Analysis & Synthesis before it can be tapped.  Set the partition's netlist type to Source and recompile. ;
; system:Nios_system|dma_0_write_master_address[14]   ; pre-synthesis ; missing   ; Top            ; post-synthesis    ; GND               ; The pre-synthesis tap must be preserved by Analysis & Synthesis before it can be tapped.  Set the partition's netlist type to Source and recompile. ;
; system:Nios_system|dma_0_write_master_address[14]   ; pre-synthesis ; missing   ; Top            ; post-synthesis    ; GND               ; The pre-synthesis tap must be preserved by Analysis & Synthesis before it can be tapped.  Set the partition's netlist type to Source and recompile. ;
; system:Nios_system|dma_0_write_master_address[14]   ; pre-synthesis ; missing   ; Top            ; post-synthesis    ; GND               ; The pre-synthesis tap must be preserved by Analysis & Synthesis before it can be tapped.  Set the partition's netlist type to Source and recompile. ;
; system:Nios_system|dma_0_write_master_address[15]   ; pre-synthesis ; missing   ; Top            ; post-synthesis    ; GND               ; The pre-synthesis tap must be preserved by Analysis & Synthesis before it can be tapped.  Set the partition's netlist type to Source and recompile. ;
; system:Nios_system|dma_0_write_master_address[15]   ; pre-synthesis ; missing   ; Top            ; post-synthesis    ; GND               ; The pre-synthesis tap must be preserved by Analysis & Synthesis before it can be tapped.  Set the partition's netlist type to Source and recompile. ;
; system:Nios_system|dma_0_write_master_address[15]   ; pre-synthesis ; missing   ; Top            ; post-synthesis    ; GND               ; The pre-synthesis tap must be preserved by Analysis & Synthesis before it can be tapped.  Set the partition's netlist type to Source and recompile. ;
; system:Nios_system|dma_0_write_master_address[16]   ; pre-synthesis ; missing   ; Top            ; post-synthesis    ; GND               ; The pre-synthesis tap must be preserved by Analysis & Synthesis before it can be tapped.  Set the partition's netlist type to Source and recompile. ;
; system:Nios_system|dma_0_write_master_address[16]   ; pre-synthesis ; missing   ; Top            ; post-synthesis    ; GND               ; The pre-synthesis tap must be preserved by Analysis & Synthesis before it can be tapped.  Set the partition's netlist type to Source and recompile. ;
; system:Nios_system|dma_0_write_master_address[16]   ; pre-synthesis ; missing   ; Top            ; post-synthesis    ; GND               ; The pre-synthesis tap must be preserved by Analysis & Synthesis before it can be tapped.  Set the partition's netlist type to Source and recompile. ;
; system:Nios_system|dma_0_write_master_address[1]    ; pre-synthesis ; missing   ; Top            ; post-synthesis    ; GND               ; The pre-synthesis tap must be preserved by Analysis & Synthesis before it can be tapped.  Set the partition's netlist type to Source and recompile. ;
; system:Nios_system|dma_0_write_master_address[1]    ; pre-synthesis ; missing   ; Top            ; post-synthesis    ; GND               ; The pre-synthesis tap must be preserved by Analysis & Synthesis before it can be tapped.  Set the partition's netlist type to Source and recompile. ;
; system:Nios_system|dma_0_write_master_address[1]    ; pre-synthesis ; missing   ; Top            ; post-synthesis    ; GND               ; The pre-synthesis tap must be preserved by Analysis & Synthesis before it can be tapped.  Set the partition's netlist type to Source and recompile. ;
; system:Nios_system|dma_0_write_master_address[2]    ; pre-synthesis ; missing   ; Top            ; post-synthesis    ; GND               ; The pre-synthesis tap must be preserved by Analysis & Synthesis before it can be tapped.  Set the partition's netlist type to Source and recompile. ;
; system:Nios_system|dma_0_write_master_address[2]    ; pre-synthesis ; missing   ; Top            ; post-synthesis    ; GND               ; The pre-synthesis tap must be preserved by Analysis & Synthesis before it can be tapped.  Set the partition's netlist type to Source and recompile. ;
; system:Nios_system|dma_0_write_master_address[2]    ; pre-synthesis ; missing   ; Top            ; post-synthesis    ; GND               ; The pre-synthesis tap must be preserved by Analysis & Synthesis before it can be tapped.  Set the partition's netlist type to Source and recompile. ;
; system:Nios_system|dma_0_write_master_address[3]    ; pre-synthesis ; missing   ; Top            ; post-synthesis    ; GND               ; The pre-synthesis tap must be preserved by Analysis & Synthesis before it can be tapped.  Set the partition's netlist type to Source and recompile. ;
; system:Nios_system|dma_0_write_master_address[3]    ; pre-synthesis ; missing   ; Top            ; post-synthesis    ; GND               ; The pre-synthesis tap must be preserved by Analysis & Synthesis before it can be tapped.  Set the partition's netlist type to Source and recompile. ;
; system:Nios_system|dma_0_write_master_address[3]    ; pre-synthesis ; missing   ; Top            ; post-synthesis    ; GND               ; The pre-synthesis tap must be preserved by Analysis & Synthesis before it can be tapped.  Set the partition's netlist type to Source and recompile. ;
; system:Nios_system|dma_0_write_master_address[4]    ; pre-synthesis ; missing   ; Top            ; post-synthesis    ; GND               ; The pre-synthesis tap must be preserved by Analysis & Synthesis before it can be tapped.  Set the partition's netlist type to Source and recompile. ;
; system:Nios_system|dma_0_write_master_address[4]    ; pre-synthesis ; missing   ; Top            ; post-synthesis    ; GND               ; The pre-synthesis tap must be preserved by Analysis & Synthesis before it can be tapped.  Set the partition's netlist type to Source and recompile. ;
; system:Nios_system|dma_0_write_master_address[4]    ; pre-synthesis ; missing   ; Top            ; post-synthesis    ; GND               ; The pre-synthesis tap must be preserved by Analysis & Synthesis before it can be tapped.  Set the partition's netlist type to Source and recompile. ;
; system:Nios_system|dma_0_write_master_address[5]    ; pre-synthesis ; missing   ; Top            ; post-synthesis    ; GND               ; The pre-synthesis tap must be preserved by Analysis & Synthesis before it can be tapped.  Set the partition's netlist type to Source and recompile. ;
; system:Nios_system|dma_0_write_master_address[5]    ; pre-synthesis ; missing   ; Top            ; post-synthesis    ; GND               ; The pre-synthesis tap must be preserved by Analysis & Synthesis before it can be tapped.  Set the partition's netlist type to Source and recompile. ;
; system:Nios_system|dma_0_write_master_address[5]    ; pre-synthesis ; missing   ; Top            ; post-synthesis    ; GND               ; The pre-synthesis tap must be preserved by Analysis & Synthesis before it can be tapped.  Set the partition's netlist type to Source and recompile. ;
; system:Nios_system|dma_0_write_master_address[6]    ; pre-synthesis ; missing   ; Top            ; post-synthesis    ; GND               ; The pre-synthesis tap must be preserved by Analysis & Synthesis before it can be tapped.  Set the partition's netlist type to Source and recompile. ;
; system:Nios_system|dma_0_write_master_address[6]    ; pre-synthesis ; missing   ; Top            ; post-synthesis    ; GND               ; The pre-synthesis tap must be preserved by Analysis & Synthesis before it can be tapped.  Set the partition's netlist type to Source and recompile. ;
; system:Nios_system|dma_0_write_master_address[6]    ; pre-synthesis ; missing   ; Top            ; post-synthesis    ; GND               ; The pre-synthesis tap must be preserved by Analysis & Synthesis before it can be tapped.  Set the partition's netlist type to Source and recompile. ;
; system:Nios_system|dma_0_write_master_address[7]    ; pre-synthesis ; missing   ; Top            ; post-synthesis    ; GND               ; The pre-synthesis tap must be preserved by Analysis & Synthesis before it can be tapped.  Set the partition's netlist type to Source and recompile. ;
; system:Nios_system|dma_0_write_master_address[7]    ; pre-synthesis ; missing   ; Top            ; post-synthesis    ; GND               ; The pre-synthesis tap must be preserved by Analysis & Synthesis before it can be tapped.  Set the partition's netlist type to Source and recompile. ;
; system:Nios_system|dma_0_write_master_address[7]    ; pre-synthesis ; missing   ; Top            ; post-synthesis    ; GND               ; The pre-synthesis tap must be preserved by Analysis & Synthesis before it can be tapped.  Set the partition's netlist type to Source and recompile. ;
; system:Nios_system|dma_0_write_master_address[8]    ; pre-synthesis ; missing   ; Top            ; post-synthesis    ; GND               ; The pre-synthesis tap must be preserved by Analysis & Synthesis before it can be tapped.  Set the partition's netlist type to Source and recompile. ;
; system:Nios_system|dma_0_write_master_address[8]    ; pre-synthesis ; missing   ; Top            ; post-synthesis    ; GND               ; The pre-synthesis tap must be preserved by Analysis & Synthesis before it can be tapped.  Set the partition's netlist type to Source and recompile. ;
; system:Nios_system|dma_0_write_master_address[8]    ; pre-synthesis ; missing   ; Top            ; post-synthesis    ; GND               ; The pre-synthesis tap must be preserved by Analysis & Synthesis before it can be tapped.  Set the partition's netlist type to Source and recompile. ;
; system:Nios_system|dma_0_write_master_address[9]    ; pre-synthesis ; missing   ; Top            ; post-synthesis    ; GND               ; The pre-synthesis tap must be preserved by Analysis & Synthesis before it can be tapped.  Set the partition's netlist type to Source and recompile. ;
; system:Nios_system|dma_0_write_master_address[9]    ; pre-synthesis ; missing   ; Top            ; post-synthesis    ; GND               ; The pre-synthesis tap must be preserved by Analysis & Synthesis before it can be tapped.  Set the partition's netlist type to Source and recompile. ;
; system:Nios_system|dma_0_write_master_address[9]    ; pre-synthesis ; missing   ; Top            ; post-synthesis    ; GND               ; The pre-synthesis tap must be preserved by Analysis & Synthesis before it can be tapped.  Set the partition's netlist type to Source and recompile. ;
; system:Nios_system|dma_0_write_master_byteenable[0] ; pre-synthesis ; missing   ; Top            ; post-synthesis    ; GND               ; The pre-synthesis tap must be preserved by Analysis & Synthesis before it can be tapped.  Set the partition's netlist type to Source and recompile. ;
; system:Nios_system|dma_0_write_master_byteenable[0] ; pre-synthesis ; missing   ; Top            ; post-synthesis    ; GND               ; The pre-synthesis tap must be preserved by Analysis & Synthesis before it can be tapped.  Set the partition's netlist type to Source and recompile. ;
; system:Nios_system|dma_0_write_master_byteenable[0] ; pre-synthesis ; missing   ; Top            ; post-synthesis    ; GND               ; The pre-synthesis tap must be preserved by Analysis & Synthesis before it can be tapped.  Set the partition's netlist type to Source and recompile. ;
; system:Nios_system|dma_0_write_master_byteenable[1] ; pre-synthesis ; missing   ; Top            ; post-synthesis    ; GND               ; The pre-synthesis tap must be preserved by Analysis & Synthesis before it can be tapped.  Set the partition's netlist type to Source and recompile. ;
; system:Nios_system|dma_0_write_master_byteenable[1] ; pre-synthesis ; missing   ; Top            ; post-synthesis    ; GND               ; The pre-synthesis tap must be preserved by Analysis & Synthesis before it can be tapped.  Set the partition's netlist type to Source and recompile. ;
; system:Nios_system|dma_0_write_master_byteenable[1] ; pre-synthesis ; missing   ; Top            ; post-synthesis    ; GND               ; The pre-synthesis tap must be preserved by Analysis & Synthesis before it can be tapped.  Set the partition's netlist type to Source and recompile. ;
; system:Nios_system|dma_0_write_master_byteenable[2] ; pre-synthesis ; missing   ; Top            ; post-synthesis    ; GND               ; The pre-synthesis tap must be preserved by Analysis & Synthesis before it can be tapped.  Set the partition's netlist type to Source and recompile. ;
; system:Nios_system|dma_0_write_master_byteenable[2] ; pre-synthesis ; missing   ; Top            ; post-synthesis    ; GND               ; The pre-synthesis tap must be preserved by Analysis & Synthesis before it can be tapped.  Set the partition's netlist type to Source and recompile. ;
; system:Nios_system|dma_0_write_master_byteenable[2] ; pre-synthesis ; missing   ; Top            ; post-synthesis    ; GND               ; The pre-synthesis tap must be preserved by Analysis & Synthesis before it can be tapped.  Set the partition's netlist type to Source and recompile. ;
; system:Nios_system|dma_0_write_master_byteenable[3] ; pre-synthesis ; missing   ; Top            ; post-synthesis    ; GND               ; The pre-synthesis tap must be preserved by Analysis & Synthesis before it can be tapped.  Set the partition's netlist type to Source and recompile. ;
; system:Nios_system|dma_0_write_master_byteenable[3] ; pre-synthesis ; missing   ; Top            ; post-synthesis    ; GND               ; The pre-synthesis tap must be preserved by Analysis & Synthesis before it can be tapped.  Set the partition's netlist type to Source and recompile. ;
; system:Nios_system|dma_0_write_master_byteenable[3] ; pre-synthesis ; missing   ; Top            ; post-synthesis    ; GND               ; The pre-synthesis tap must be preserved by Analysis & Synthesis before it can be tapped.  Set the partition's netlist type to Source and recompile. ;
; system:Nios_system|dma_0_write_master_chipselect    ; pre-synthesis ; missing   ; Top            ; post-synthesis    ; GND               ; The pre-synthesis tap must be preserved by Analysis & Synthesis before it can be tapped.  Set the partition's netlist type to Source and recompile. ;
; system:Nios_system|dma_0_write_master_chipselect    ; pre-synthesis ; missing   ; Top            ; post-synthesis    ; GND               ; The pre-synthesis tap must be preserved by Analysis & Synthesis before it can be tapped.  Set the partition's netlist type to Source and recompile. ;
; system:Nios_system|dma_0_write_master_chipselect    ; pre-synthesis ; missing   ; Top            ; post-synthesis    ; GND               ; The pre-synthesis tap must be preserved by Analysis & Synthesis before it can be tapped.  Set the partition's netlist type to Source and recompile. ;
; system:Nios_system|dma_0_write_master_waitrequest   ; pre-synthesis ; missing   ; Top            ; post-synthesis    ; GND               ; The pre-synthesis tap must be preserved by Analysis & Synthesis before it can be tapped.  Set the partition's netlist type to Source and recompile. ;
; system:Nios_system|dma_0_write_master_waitrequest   ; pre-synthesis ; missing   ; Top            ; post-synthesis    ; GND               ; The pre-synthesis tap must be preserved by Analysis & Synthesis before it can be tapped.  Set the partition's netlist type to Source and recompile. ;
; system:Nios_system|dma_0_write_master_waitrequest   ; pre-synthesis ; missing   ; Top            ; post-synthesis    ; GND               ; The pre-synthesis tap must be preserved by Analysis & Synthesis before it can be tapped.  Set the partition's netlist type to Source and recompile. ;
; system:Nios_system|dma_0_write_master_writedata[0]  ; pre-synthesis ; missing   ; Top            ; post-synthesis    ; GND               ; The pre-synthesis tap must be preserved by Analysis & Synthesis before it can be tapped.  Set the partition's netlist type to Source and recompile. ;
; system:Nios_system|dma_0_write_master_writedata[0]  ; pre-synthesis ; missing   ; Top            ; post-synthesis    ; GND               ; The pre-synthesis tap must be preserved by Analysis & Synthesis before it can be tapped.  Set the partition's netlist type to Source and recompile. ;
; system:Nios_system|dma_0_write_master_writedata[0]  ; pre-synthesis ; missing   ; Top            ; post-synthesis    ; GND               ; The pre-synthesis tap must be preserved by Analysis & Synthesis before it can be tapped.  Set the partition's netlist type to Source and recompile. ;
; system:Nios_system|dma_0_write_master_writedata[10] ; pre-synthesis ; missing   ; Top            ; post-synthesis    ; GND               ; The pre-synthesis tap must be preserved by Analysis & Synthesis before it can be tapped.  Set the partition's netlist type to Source and recompile. ;
; system:Nios_system|dma_0_write_master_writedata[10] ; pre-synthesis ; missing   ; Top            ; post-synthesis    ; GND               ; The pre-synthesis tap must be preserved by Analysis & Synthesis before it can be tapped.  Set the partition's netlist type to Source and recompile. ;
; system:Nios_system|dma_0_write_master_writedata[10] ; pre-synthesis ; missing   ; Top            ; post-synthesis    ; GND               ; The pre-synthesis tap must be preserved by Analysis & Synthesis before it can be tapped.  Set the partition's netlist type to Source and recompile. ;
; system:Nios_system|dma_0_write_master_writedata[11] ; pre-synthesis ; missing   ; Top            ; post-synthesis    ; GND               ; The pre-synthesis tap must be preserved by Analysis & Synthesis before it can be tapped.  Set the partition's netlist type to Source and recompile. ;
; system:Nios_system|dma_0_write_master_writedata[11] ; pre-synthesis ; missing   ; Top            ; post-synthesis    ; GND               ; The pre-synthesis tap must be preserved by Analysis & Synthesis before it can be tapped.  Set the partition's netlist type to Source and recompile. ;
; system:Nios_system|dma_0_write_master_writedata[11] ; pre-synthesis ; missing   ; Top            ; post-synthesis    ; GND               ; The pre-synthesis tap must be preserved by Analysis & Synthesis before it can be tapped.  Set the partition's netlist type to Source and recompile. ;
; system:Nios_system|dma_0_write_master_writedata[12] ; pre-synthesis ; missing   ; Top            ; post-synthesis    ; GND               ; The pre-synthesis tap must be preserved by Analysis & Synthesis before it can be tapped.  Set the partition's netlist type to Source and recompile. ;
; system:Nios_system|dma_0_write_master_writedata[12] ; pre-synthesis ; missing   ; Top            ; post-synthesis    ; GND               ; The pre-synthesis tap must be preserved by Analysis & Synthesis before it can be tapped.  Set the partition's netlist type to Source and recompile. ;
; system:Nios_system|dma_0_write_master_writedata[12] ; pre-synthesis ; missing   ; Top            ; post-synthesis    ; GND               ; The pre-synthesis tap must be preserved by Analysis & Synthesis before it can be tapped.  Set the partition's netlist type to Source and recompile. ;
; system:Nios_system|dma_0_write_master_writedata[13] ; pre-synthesis ; missing   ; Top            ; post-synthesis    ; GND               ; The pre-synthesis tap must be preserved by Analysis & Synthesis before it can be tapped.  Set the partition's netlist type to Source and recompile. ;
; system:Nios_system|dma_0_write_master_writedata[13] ; pre-synthesis ; missing   ; Top            ; post-synthesis    ; GND               ; The pre-synthesis tap must be preserved by Analysis & Synthesis before it can be tapped.  Set the partition's netlist type to Source and recompile. ;
; system:Nios_system|dma_0_write_master_writedata[13] ; pre-synthesis ; missing   ; Top            ; post-synthesis    ; GND               ; The pre-synthesis tap must be preserved by Analysis & Synthesis before it can be tapped.  Set the partition's netlist type to Source and recompile. ;
; system:Nios_system|dma_0_write_master_writedata[14] ; pre-synthesis ; missing   ; Top            ; post-synthesis    ; GND               ; The pre-synthesis tap must be preserved by Analysis & Synthesis before it can be tapped.  Set the partition's netlist type to Source and recompile. ;
; system:Nios_system|dma_0_write_master_writedata[14] ; pre-synthesis ; missing   ; Top            ; post-synthesis    ; GND               ; The pre-synthesis tap must be preserved by Analysis & Synthesis before it can be tapped.  Set the partition's netlist type to Source and recompile. ;
; system:Nios_system|dma_0_write_master_writedata[14] ; pre-synthesis ; missing   ; Top            ; post-synthesis    ; GND               ; The pre-synthesis tap must be preserved by Analysis & Synthesis before it can be tapped.  Set the partition's netlist type to Source and recompile. ;
; system:Nios_system|dma_0_write_master_writedata[15] ; pre-synthesis ; missing   ; Top            ; post-synthesis    ; GND               ; The pre-synthesis tap must be preserved by Analysis & Synthesis before it can be tapped.  Set the partition's netlist type to Source and recompile. ;
; system:Nios_system|dma_0_write_master_writedata[15] ; pre-synthesis ; missing   ; Top            ; post-synthesis    ; GND               ; The pre-synthesis tap must be preserved by Analysis & Synthesis before it can be tapped.  Set the partition's netlist type to Source and recompile. ;
; system:Nios_system|dma_0_write_master_writedata[15] ; pre-synthesis ; missing   ; Top            ; post-synthesis    ; GND               ; The pre-synthesis tap must be preserved by Analysis & Synthesis before it can be tapped.  Set the partition's netlist type to Source and recompile. ;
; system:Nios_system|dma_0_write_master_writedata[16] ; pre-synthesis ; missing   ; Top            ; post-synthesis    ; GND               ; The pre-synthesis tap must be preserved by Analysis & Synthesis before it can be tapped.  Set the partition's netlist type to Source and recompile. ;
; system:Nios_system|dma_0_write_master_writedata[16] ; pre-synthesis ; missing   ; Top            ; post-synthesis    ; GND               ; The pre-synthesis tap must be preserved by Analysis & Synthesis before it can be tapped.  Set the partition's netlist type to Source and recompile. ;
; system:Nios_system|dma_0_write_master_writedata[16] ; pre-synthesis ; missing   ; Top            ; post-synthesis    ; GND               ; The pre-synthesis tap must be preserved by Analysis & Synthesis before it can be tapped.  Set the partition's netlist type to Source and recompile. ;
; system:Nios_system|dma_0_write_master_writedata[17] ; pre-synthesis ; missing   ; Top            ; post-synthesis    ; GND               ; The pre-synthesis tap must be preserved by Analysis & Synthesis before it can be tapped.  Set the partition's netlist type to Source and recompile. ;
; system:Nios_system|dma_0_write_master_writedata[17] ; pre-synthesis ; missing   ; Top            ; post-synthesis    ; GND               ; The pre-synthesis tap must be preserved by Analysis & Synthesis before it can be tapped.  Set the partition's netlist type to Source and recompile. ;
; system:Nios_system|dma_0_write_master_writedata[17] ; pre-synthesis ; missing   ; Top            ; post-synthesis    ; GND               ; The pre-synthesis tap must be preserved by Analysis & Synthesis before it can be tapped.  Set the partition's netlist type to Source and recompile. ;
; system:Nios_system|dma_0_write_master_writedata[18] ; pre-synthesis ; missing   ; Top            ; post-synthesis    ; GND               ; The pre-synthesis tap must be preserved by Analysis & Synthesis before it can be tapped.  Set the partition's netlist type to Source and recompile. ;
; system:Nios_system|dma_0_write_master_writedata[18] ; pre-synthesis ; missing   ; Top            ; post-synthesis    ; GND               ; The pre-synthesis tap must be preserved by Analysis & Synthesis before it can be tapped.  Set the partition's netlist type to Source and recompile. ;
; system:Nios_system|dma_0_write_master_writedata[18] ; pre-synthesis ; missing   ; Top            ; post-synthesis    ; GND               ; The pre-synthesis tap must be preserved by Analysis & Synthesis before it can be tapped.  Set the partition's netlist type to Source and recompile. ;
; system:Nios_system|dma_0_write_master_writedata[19] ; pre-synthesis ; missing   ; Top            ; post-synthesis    ; GND               ; The pre-synthesis tap must be preserved by Analysis & Synthesis before it can be tapped.  Set the partition's netlist type to Source and recompile. ;
; system:Nios_system|dma_0_write_master_writedata[19] ; pre-synthesis ; missing   ; Top            ; post-synthesis    ; GND               ; The pre-synthesis tap must be preserved by Analysis & Synthesis before it can be tapped.  Set the partition's netlist type to Source and recompile. ;
; system:Nios_system|dma_0_write_master_writedata[19] ; pre-synthesis ; missing   ; Top            ; post-synthesis    ; GND               ; The pre-synthesis tap must be preserved by Analysis & Synthesis before it can be tapped.  Set the partition's netlist type to Source and recompile. ;
; system:Nios_system|dma_0_write_master_writedata[1]  ; pre-synthesis ; missing   ; Top            ; post-synthesis    ; GND               ; The pre-synthesis tap must be preserved by Analysis & Synthesis before it can be tapped.  Set the partition's netlist type to Source and recompile. ;
; system:Nios_system|dma_0_write_master_writedata[1]  ; pre-synthesis ; missing   ; Top            ; post-synthesis    ; GND               ; The pre-synthesis tap must be preserved by Analysis & Synthesis before it can be tapped.  Set the partition's netlist type to Source and recompile. ;
; system:Nios_system|dma_0_write_master_writedata[1]  ; pre-synthesis ; missing   ; Top            ; post-synthesis    ; GND               ; The pre-synthesis tap must be preserved by Analysis & Synthesis before it can be tapped.  Set the partition's netlist type to Source and recompile. ;
; system:Nios_system|dma_0_write_master_writedata[20] ; pre-synthesis ; missing   ; Top            ; post-synthesis    ; GND               ; The pre-synthesis tap must be preserved by Analysis & Synthesis before it can be tapped.  Set the partition's netlist type to Source and recompile. ;
; system:Nios_system|dma_0_write_master_writedata[20] ; pre-synthesis ; missing   ; Top            ; post-synthesis    ; GND               ; The pre-synthesis tap must be preserved by Analysis & Synthesis before it can be tapped.  Set the partition's netlist type to Source and recompile. ;
; system:Nios_system|dma_0_write_master_writedata[20] ; pre-synthesis ; missing   ; Top            ; post-synthesis    ; GND               ; The pre-synthesis tap must be preserved by Analysis & Synthesis before it can be tapped.  Set the partition's netlist type to Source and recompile. ;
; system:Nios_system|dma_0_write_master_writedata[21] ; pre-synthesis ; missing   ; Top            ; post-synthesis    ; GND               ; The pre-synthesis tap must be preserved by Analysis & Synthesis before it can be tapped.  Set the partition's netlist type to Source and recompile. ;
; system:Nios_system|dma_0_write_master_writedata[21] ; pre-synthesis ; missing   ; Top            ; post-synthesis    ; GND               ; The pre-synthesis tap must be preserved by Analysis & Synthesis before it can be tapped.  Set the partition's netlist type to Source and recompile. ;
; system:Nios_system|dma_0_write_master_writedata[21] ; pre-synthesis ; missing   ; Top            ; post-synthesis    ; GND               ; The pre-synthesis tap must be preserved by Analysis & Synthesis before it can be tapped.  Set the partition's netlist type to Source and recompile. ;
; system:Nios_system|dma_0_write_master_writedata[22] ; pre-synthesis ; missing   ; Top            ; post-synthesis    ; GND               ; The pre-synthesis tap must be preserved by Analysis & Synthesis before it can be tapped.  Set the partition's netlist type to Source and recompile. ;
; system:Nios_system|dma_0_write_master_writedata[22] ; pre-synthesis ; missing   ; Top            ; post-synthesis    ; GND               ; The pre-synthesis tap must be preserved by Analysis & Synthesis before it can be tapped.  Set the partition's netlist type to Source and recompile. ;
; system:Nios_system|dma_0_write_master_writedata[22] ; pre-synthesis ; missing   ; Top            ; post-synthesis    ; GND               ; The pre-synthesis tap must be preserved by Analysis & Synthesis before it can be tapped.  Set the partition's netlist type to Source and recompile. ;
; system:Nios_system|dma_0_write_master_writedata[23] ; pre-synthesis ; missing   ; Top            ; post-synthesis    ; GND               ; The pre-synthesis tap must be preserved by Analysis & Synthesis before it can be tapped.  Set the partition's netlist type to Source and recompile. ;
; system:Nios_system|dma_0_write_master_writedata[23] ; pre-synthesis ; missing   ; Top            ; post-synthesis    ; GND               ; The pre-synthesis tap must be preserved by Analysis & Synthesis before it can be tapped.  Set the partition's netlist type to Source and recompile. ;
; system:Nios_system|dma_0_write_master_writedata[23] ; pre-synthesis ; missing   ; Top            ; post-synthesis    ; GND               ; The pre-synthesis tap must be preserved by Analysis & Synthesis before it can be tapped.  Set the partition's netlist type to Source and recompile. ;
; system:Nios_system|dma_0_write_master_writedata[24] ; pre-synthesis ; missing   ; Top            ; post-synthesis    ; GND               ; The pre-synthesis tap must be preserved by Analysis & Synthesis before it can be tapped.  Set the partition's netlist type to Source and recompile. ;
; system:Nios_system|dma_0_write_master_writedata[24] ; pre-synthesis ; missing   ; Top            ; post-synthesis    ; GND               ; The pre-synthesis tap must be preserved by Analysis & Synthesis before it can be tapped.  Set the partition's netlist type to Source and recompile. ;
; system:Nios_system|dma_0_write_master_writedata[24] ; pre-synthesis ; missing   ; Top            ; post-synthesis    ; GND               ; The pre-synthesis tap must be preserved by Analysis & Synthesis before it can be tapped.  Set the partition's netlist type to Source and recompile. ;
; system:Nios_system|dma_0_write_master_writedata[25] ; pre-synthesis ; missing   ; Top            ; post-synthesis    ; GND               ; The pre-synthesis tap must be preserved by Analysis & Synthesis before it can be tapped.  Set the partition's netlist type to Source and recompile. ;
; system:Nios_system|dma_0_write_master_writedata[25] ; pre-synthesis ; missing   ; Top            ; post-synthesis    ; GND               ; The pre-synthesis tap must be preserved by Analysis & Synthesis before it can be tapped.  Set the partition's netlist type to Source and recompile. ;
; system:Nios_system|dma_0_write_master_writedata[25] ; pre-synthesis ; missing   ; Top            ; post-synthesis    ; GND               ; The pre-synthesis tap must be preserved by Analysis & Synthesis before it can be tapped.  Set the partition's netlist type to Source and recompile. ;
; system:Nios_system|dma_0_write_master_writedata[26] ; pre-synthesis ; missing   ; Top            ; post-synthesis    ; GND               ; The pre-synthesis tap must be preserved by Analysis & Synthesis before it can be tapped.  Set the partition's netlist type to Source and recompile. ;
; system:Nios_system|dma_0_write_master_writedata[26] ; pre-synthesis ; missing   ; Top            ; post-synthesis    ; GND               ; The pre-synthesis tap must be preserved by Analysis & Synthesis before it can be tapped.  Set the partition's netlist type to Source and recompile. ;
; system:Nios_system|dma_0_write_master_writedata[26] ; pre-synthesis ; missing   ; Top            ; post-synthesis    ; GND               ; The pre-synthesis tap must be preserved by Analysis & Synthesis before it can be tapped.  Set the partition's netlist type to Source and recompile. ;
; system:Nios_system|dma_0_write_master_writedata[27] ; pre-synthesis ; missing   ; Top            ; post-synthesis    ; GND               ; The pre-synthesis tap must be preserved by Analysis & Synthesis before it can be tapped.  Set the partition's netlist type to Source and recompile. ;
; system:Nios_system|dma_0_write_master_writedata[27] ; pre-synthesis ; missing   ; Top            ; post-synthesis    ; GND               ; The pre-synthesis tap must be preserved by Analysis & Synthesis before it can be tapped.  Set the partition's netlist type to Source and recompile. ;
; system:Nios_system|dma_0_write_master_writedata[27] ; pre-synthesis ; missing   ; Top            ; post-synthesis    ; GND               ; The pre-synthesis tap must be preserved by Analysis & Synthesis before it can be tapped.  Set the partition's netlist type to Source and recompile. ;
; system:Nios_system|dma_0_write_master_writedata[28] ; pre-synthesis ; missing   ; Top            ; post-synthesis    ; GND               ; The pre-synthesis tap must be preserved by Analysis & Synthesis before it can be tapped.  Set the partition's netlist type to Source and recompile. ;
; system:Nios_system|dma_0_write_master_writedata[28] ; pre-synthesis ; missing   ; Top            ; post-synthesis    ; GND               ; The pre-synthesis tap must be preserved by Analysis & Synthesis before it can be tapped.  Set the partition's netlist type to Source and recompile. ;
; system:Nios_system|dma_0_write_master_writedata[28] ; pre-synthesis ; missing   ; Top            ; post-synthesis    ; GND               ; The pre-synthesis tap must be preserved by Analysis & Synthesis before it can be tapped.  Set the partition's netlist type to Source and recompile. ;
; system:Nios_system|dma_0_write_master_writedata[29] ; pre-synthesis ; missing   ; Top            ; post-synthesis    ; GND               ; The pre-synthesis tap must be preserved by Analysis & Synthesis before it can be tapped.  Set the partition's netlist type to Source and recompile. ;
; system:Nios_system|dma_0_write_master_writedata[29] ; pre-synthesis ; missing   ; Top            ; post-synthesis    ; GND               ; The pre-synthesis tap must be preserved by Analysis & Synthesis before it can be tapped.  Set the partition's netlist type to Source and recompile. ;
; system:Nios_system|dma_0_write_master_writedata[29] ; pre-synthesis ; missing   ; Top            ; post-synthesis    ; GND               ; The pre-synthesis tap must be preserved by Analysis & Synthesis before it can be tapped.  Set the partition's netlist type to Source and recompile. ;
; system:Nios_system|dma_0_write_master_writedata[2]  ; pre-synthesis ; missing   ; Top            ; post-synthesis    ; GND               ; The pre-synthesis tap must be preserved by Analysis & Synthesis before it can be tapped.  Set the partition's netlist type to Source and recompile. ;
; system:Nios_system|dma_0_write_master_writedata[2]  ; pre-synthesis ; missing   ; Top            ; post-synthesis    ; GND               ; The pre-synthesis tap must be preserved by Analysis & Synthesis before it can be tapped.  Set the partition's netlist type to Source and recompile. ;
; system:Nios_system|dma_0_write_master_writedata[2]  ; pre-synthesis ; missing   ; Top            ; post-synthesis    ; GND               ; The pre-synthesis tap must be preserved by Analysis & Synthesis before it can be tapped.  Set the partition's netlist type to Source and recompile. ;
; system:Nios_system|dma_0_write_master_writedata[30] ; pre-synthesis ; missing   ; Top            ; post-synthesis    ; GND               ; The pre-synthesis tap must be preserved by Analysis & Synthesis before it can be tapped.  Set the partition's netlist type to Source and recompile. ;
; system:Nios_system|dma_0_write_master_writedata[30] ; pre-synthesis ; missing   ; Top            ; post-synthesis    ; GND               ; The pre-synthesis tap must be preserved by Analysis & Synthesis before it can be tapped.  Set the partition's netlist type to Source and recompile. ;
; system:Nios_system|dma_0_write_master_writedata[30] ; pre-synthesis ; missing   ; Top            ; post-synthesis    ; GND               ; The pre-synthesis tap must be preserved by Analysis & Synthesis before it can be tapped.  Set the partition's netlist type to Source and recompile. ;
; system:Nios_system|dma_0_write_master_writedata[31] ; pre-synthesis ; missing   ; Top            ; post-synthesis    ; GND               ; The pre-synthesis tap must be preserved by Analysis & Synthesis before it can be tapped.  Set the partition's netlist type to Source and recompile. ;
; system:Nios_system|dma_0_write_master_writedata[31] ; pre-synthesis ; missing   ; Top            ; post-synthesis    ; GND               ; The pre-synthesis tap must be preserved by Analysis & Synthesis before it can be tapped.  Set the partition's netlist type to Source and recompile. ;
; system:Nios_system|dma_0_write_master_writedata[31] ; pre-synthesis ; missing   ; Top            ; post-synthesis    ; GND               ; The pre-synthesis tap must be preserved by Analysis & Synthesis before it can be tapped.  Set the partition's netlist type to Source and recompile. ;
; system:Nios_system|dma_0_write_master_writedata[3]  ; pre-synthesis ; missing   ; Top            ; post-synthesis    ; GND               ; The pre-synthesis tap must be preserved by Analysis & Synthesis before it can be tapped.  Set the partition's netlist type to Source and recompile. ;
; system:Nios_system|dma_0_write_master_writedata[3]  ; pre-synthesis ; missing   ; Top            ; post-synthesis    ; GND               ; The pre-synthesis tap must be preserved by Analysis & Synthesis before it can be tapped.  Set the partition's netlist type to Source and recompile. ;
; system:Nios_system|dma_0_write_master_writedata[3]  ; pre-synthesis ; missing   ; Top            ; post-synthesis    ; GND               ; The pre-synthesis tap must be preserved by Analysis & Synthesis before it can be tapped.  Set the partition's netlist type to Source and recompile. ;
; system:Nios_system|dma_0_write_master_writedata[4]  ; pre-synthesis ; missing   ; Top            ; post-synthesis    ; GND               ; The pre-synthesis tap must be preserved by Analysis & Synthesis before it can be tapped.  Set the partition's netlist type to Source and recompile. ;
; system:Nios_system|dma_0_write_master_writedata[4]  ; pre-synthesis ; missing   ; Top            ; post-synthesis    ; GND               ; The pre-synthesis tap must be preserved by Analysis & Synthesis before it can be tapped.  Set the partition's netlist type to Source and recompile. ;
; system:Nios_system|dma_0_write_master_writedata[4]  ; pre-synthesis ; missing   ; Top            ; post-synthesis    ; GND               ; The pre-synthesis tap must be preserved by Analysis & Synthesis before it can be tapped.  Set the partition's netlist type to Source and recompile. ;
; system:Nios_system|dma_0_write_master_writedata[5]  ; pre-synthesis ; missing   ; Top            ; post-synthesis    ; GND               ; The pre-synthesis tap must be preserved by Analysis & Synthesis before it can be tapped.  Set the partition's netlist type to Source and recompile. ;
; system:Nios_system|dma_0_write_master_writedata[5]  ; pre-synthesis ; missing   ; Top            ; post-synthesis    ; GND               ; The pre-synthesis tap must be preserved by Analysis & Synthesis before it can be tapped.  Set the partition's netlist type to Source and recompile. ;
; system:Nios_system|dma_0_write_master_writedata[5]  ; pre-synthesis ; missing   ; Top            ; post-synthesis    ; GND               ; The pre-synthesis tap must be preserved by Analysis & Synthesis before it can be tapped.  Set the partition's netlist type to Source and recompile. ;
; system:Nios_system|dma_0_write_master_writedata[6]  ; pre-synthesis ; missing   ; Top            ; post-synthesis    ; GND               ; The pre-synthesis tap must be preserved by Analysis & Synthesis before it can be tapped.  Set the partition's netlist type to Source and recompile. ;
; system:Nios_system|dma_0_write_master_writedata[6]  ; pre-synthesis ; missing   ; Top            ; post-synthesis    ; GND               ; The pre-synthesis tap must be preserved by Analysis & Synthesis before it can be tapped.  Set the partition's netlist type to Source and recompile. ;
; system:Nios_system|dma_0_write_master_writedata[6]  ; pre-synthesis ; missing   ; Top            ; post-synthesis    ; GND               ; The pre-synthesis tap must be preserved by Analysis & Synthesis before it can be tapped.  Set the partition's netlist type to Source and recompile. ;
; system:Nios_system|dma_0_write_master_writedata[7]  ; pre-synthesis ; missing   ; Top            ; post-synthesis    ; GND               ; The pre-synthesis tap must be preserved by Analysis & Synthesis before it can be tapped.  Set the partition's netlist type to Source and recompile. ;
; system:Nios_system|dma_0_write_master_writedata[7]  ; pre-synthesis ; missing   ; Top            ; post-synthesis    ; GND               ; The pre-synthesis tap must be preserved by Analysis & Synthesis before it can be tapped.  Set the partition's netlist type to Source and recompile. ;
; system:Nios_system|dma_0_write_master_writedata[7]  ; pre-synthesis ; missing   ; Top            ; post-synthesis    ; GND               ; The pre-synthesis tap must be preserved by Analysis & Synthesis before it can be tapped.  Set the partition's netlist type to Source and recompile. ;
; system:Nios_system|dma_0_write_master_writedata[8]  ; pre-synthesis ; missing   ; Top            ; post-synthesis    ; GND               ; The pre-synthesis tap must be preserved by Analysis & Synthesis before it can be tapped.  Set the partition's netlist type to Source and recompile. ;
; system:Nios_system|dma_0_write_master_writedata[8]  ; pre-synthesis ; missing   ; Top            ; post-synthesis    ; GND               ; The pre-synthesis tap must be preserved by Analysis & Synthesis before it can be tapped.  Set the partition's netlist type to Source and recompile. ;
; system:Nios_system|dma_0_write_master_writedata[8]  ; pre-synthesis ; missing   ; Top            ; post-synthesis    ; GND               ; The pre-synthesis tap must be preserved by Analysis & Synthesis before it can be tapped.  Set the partition's netlist type to Source and recompile. ;
; system:Nios_system|dma_0_write_master_writedata[9]  ; pre-synthesis ; missing   ; Top            ; post-synthesis    ; GND               ; The pre-synthesis tap must be preserved by Analysis & Synthesis before it can be tapped.  Set the partition's netlist type to Source and recompile. ;
; system:Nios_system|dma_0_write_master_writedata[9]  ; pre-synthesis ; missing   ; Top            ; post-synthesis    ; GND               ; The pre-synthesis tap must be preserved by Analysis & Synthesis before it can be tapped.  Set the partition's netlist type to Source and recompile. ;
; system:Nios_system|dma_0_write_master_writedata[9]  ; pre-synthesis ; missing   ; Top            ; post-synthesis    ; GND               ; The pre-synthesis tap must be preserved by Analysis & Synthesis before it can be tapped.  Set the partition's netlist type to Source and recompile. ;
; CLOCK_50                                            ; post-fitting  ; connected ; Top            ; post-synthesis    ; CLOCK_50          ; N/A                                                                                                                                                 ;
+-----------------------------------------------------+---------------+-----------+----------------+-------------------+-------------------+-----------------------------------------------------------------------------------------------------------------------------------------------------+


+-------------------------------------------------------------------------------------------------------------------------------------------+
; Partition Merge Partition Statistics                                                                                                      ;
+---------------------------------------------+--------+------------------+--------------------------------+--------------------------------+
; Statistic                                   ; Top    ; sld_hub:auto_hub ; sld_signaltap:auto_signaltap_0 ; hard_block:auto_generated_inst ;
+---------------------------------------------+--------+------------------+--------------------------------+--------------------------------+
; Estimated Total logic elements              ; 2198   ; 229              ; 2132                           ; 0                              ;
;                                             ;        ;                  ;                                ;                                ;
; Total combinational functions               ; 1990   ; 213              ; 846                            ; 0                              ;
; Logic element usage by number of LUT inputs ;        ;                  ;                                ;                                ;
;     -- 4 input functions                    ; 1081   ; 85               ; 353                            ; 0                              ;
;     -- 3 input functions                    ; 591    ; 86               ; 408                            ; 0                              ;
;     -- <=2 input functions                  ; 318    ; 42               ; 85                             ; 0                              ;
;                                             ;        ;                  ;                                ;                                ;
; Logic elements by mode                      ;        ;                  ;                                ;                                ;
;     -- normal mode                          ; 1786   ; 204              ; 808                            ; 0                              ;
;     -- arithmetic mode                      ; 204    ; 9                ; 38                             ; 0                              ;
;                                             ;        ;                  ;                                ;                                ;
; Total registers                             ; 1021   ; 130              ; 1864                           ; 0                              ;
;     -- Dedicated logic registers            ; 1021   ; 130              ; 1864                           ; 0                              ;
;                                             ;        ;                  ;                                ;                                ;
; Virtual pins                                ; 0      ; 0                ; 0                              ; 0                              ;
; I/O pins                                    ; 2      ; 0                ; 0                              ; 0                              ;
; Embedded Multiplier 9-bit elements          ; 0      ; 0                ; 0                              ; 0                              ;
; Total memory bits                           ; 307200 ; 0                ; 55296                          ; 0                              ;
; Total RAM block bits                        ; 0      ; 0                ; 0                              ; 0                              ;
; JTAG                                        ; 1      ; 0                ; 0                              ; 0                              ;
;                                             ;        ;                  ;                                ;                                ;
; Connections                                 ;        ;                  ;                                ;                                ;
;     -- Input Connections                    ; 268    ; 196              ; 2720                           ; 0                              ;
;     -- Registered Input Connections         ; 132    ; 140              ; 2100                           ; 0                              ;
;     -- Output Connections                   ; 2794   ; 389              ; 1                              ; 0                              ;
;     -- Registered Output Connections        ; 4      ; 388              ; 0                              ; 0                              ;
;                                             ;        ;                  ;                                ;                                ;
; Internal Connections                        ;        ;                  ;                                ;                                ;
;     -- Total Connections                    ; 16607  ; 1519             ; 10401                          ; 0                              ;
;     -- Registered Connections               ; 5869   ; 1112             ; 7930                           ; 0                              ;
;                                             ;        ;                  ;                                ;                                ;
; External Connections                        ;        ;                  ;                                ;                                ;
;     -- Top                                  ; 192    ; 358              ; 2512                           ; 0                              ;
;     -- sld_hub:auto_hub                     ; 358    ; 18               ; 209                            ; 0                              ;
;     -- sld_signaltap:auto_signaltap_0       ; 2512   ; 209              ; 0                              ; 0                              ;
;     -- hard_block:auto_generated_inst       ; 0      ; 0                ; 0                              ; 0                              ;
;                                             ;        ;                  ;                                ;                                ;
; Partition Interface                         ;        ;                  ;                                ;                                ;
;     -- Input Ports                          ; 42     ; 39               ; 377                            ; 0                              ;
;     -- Output Ports                         ; 7      ; 55               ; 224                            ; 0                              ;
;     -- Bidir Ports                          ; 0      ; 0                ; 0                              ; 0                              ;
;                                             ;        ;                  ;                                ;                                ;
; Registered Ports                            ;        ;                  ;                                ;                                ;
;     -- Registered Input Ports               ; 0      ; 3                ; 219                            ; 0                              ;
;     -- Registered Output Ports              ; 0      ; 44               ; 215                            ; 0                              ;
;                                             ;        ;                  ;                                ;                                ;
; Port Connectivity                           ;        ;                  ;                                ;                                ;
;     -- Input Ports driven by GND            ; 0      ; 16               ; 321                            ; 0                              ;
;     -- Output Ports driven by GND           ; 0      ; 1                ; 0                              ; 0                              ;
;     -- Input Ports driven by VCC            ; 0      ; 0                ; 0                              ; 0                              ;
;     -- Output Ports driven by VCC           ; 0      ; 0                ; 0                              ; 0                              ;
;     -- Input Ports with no Source           ; 0      ; 1                ; 34                             ; 0                              ;
;     -- Output Ports with no Source          ; 0      ; 0                ; 0                              ; 0                              ;
;     -- Input Ports with no Fanout           ; 0      ; 2                ; 39                             ; 0                              ;
;     -- Output Ports with no Fanout          ; 0      ; 27               ; 215                            ; 0                              ;
+---------------------------------------------+--------+------------------+--------------------------------+--------------------------------+
Note: Resource usage numbers presented for Partitions containing post-synthesis logic are estimates.  For Partitions containing post-fit logic, resource usage numbers are accurate based on previous placement information.  Actual Fitter results may vary depending on current Fitter Preservation Level assignments.


+--------------------------------------------------------+
; Partition Merge Resource Usage Summary                 ;
+---------------------------------------------+----------+
; Resource                                    ; Usage    ;
+---------------------------------------------+----------+
; Estimated Total logic elements              ; 4,558    ;
;                                             ;          ;
; Total combinational functions               ; 3049     ;
; Logic element usage by number of LUT inputs ;          ;
;     -- 4 input functions                    ; 1519     ;
;     -- 3 input functions                    ; 1085     ;
;     -- <=2 input functions                  ; 445      ;
;                                             ;          ;
; Logic elements by mode                      ;          ;
;     -- normal mode                          ; 2798     ;
;     -- arithmetic mode                      ; 251      ;
;                                             ;          ;
; Total registers                             ; 3015     ;
;     -- Dedicated logic registers            ; 3015     ;
;     -- I/O registers                        ; 0        ;
;                                             ;          ;
; I/O pins                                    ; 2        ;
; Total memory bits                           ; 362496   ;
; Embedded Multiplier 9-bit elements          ; 0        ;
; Maximum fan-out node                        ; CLOCK_50 ;
; Maximum fan-out                             ; 2480     ;
; Total fan-out                               ; 25228    ;
; Average fan-out                             ; 3.93     ;
+---------------------------------------------+----------+


+-------------------------------------------------------------------------------------------------------------------------------------------------------------------------------------------------------------------------------------------------------------------------------------------------------------------------------------------------------------------------------------------------------------------------------------------------------------------------------------------+
; Partition Merge RAM Summary                                                                                                                                                                                                                                                                                                                                                                                                                                                               ;
+------------------------------------------------------------------------------------------------------------------------------------------------------------------------------------------------------------------------------------------------------------------------------------------------------------------------------------------+------+------------------+--------------+--------------+--------------+--------------+--------+-------------------------------------------------+
; Name                                                                                                                                                                                                                                                                                                                                     ; Type ; Mode             ; Port A Depth ; Port A Width ; Port B Depth ; Port B Width ; Size   ; MIF                                             ;
+------------------------------------------------------------------------------------------------------------------------------------------------------------------------------------------------------------------------------------------------------------------------------------------------------------------------------------------+------+------------------+--------------+--------------+--------------+--------------+--------+-------------------------------------------------+
; sld_signaltap:auto_signaltap_0|sld_signaltap_impl:sld_signaltap_body|sld_signaltap_implb:sld_signaltap_body|altsyncram:\stp_non_zero_ram_gen:stp_buffer_ram|altsyncram_4t14:auto_generated|altsyncram_chq1:altsyncram1|ALTSYNCRAM                                                                                                        ; AUTO ; True Dual Port   ; 512          ; 108          ; 512          ; 108          ; 55296  ; None                                            ;
; system:Nios_system|system_dma_0:dma_0|system_dma_0_fifo_module:the_system_dma_0_fifo_module|system_dma_0_fifo_module_fifo_ram_module:system_dma_0_fifo_module_fifo_ram|lpm_ram_dp:lpm_ram_dp_component|altdpram:sram|altsyncram:ram_block|altsyncram_v7q1:auto_generated|ALTSYNCRAM                                                      ; AUTO ; Simple Dual Port ; 32           ; 32           ; 32           ; 32           ; 1024   ; None                                            ;
; system:Nios_system|system_jtag_uart_0:jtag_uart_0|system_jtag_uart_0_scfifo_r:the_system_jtag_uart_0_scfifo_r|scfifo:rfifo|scfifo_1n21:auto_generated|a_dpfifo_8t21:dpfifo|dpram_5h21:FIFOram|altsyncram_9tl1:altsyncram2|ALTSYNCRAM                                                                                                     ; AUTO ; Simple Dual Port ; 64           ; 8            ; 64           ; 8            ; 512    ; None                                            ;
; system:Nios_system|system_jtag_uart_0:jtag_uart_0|system_jtag_uart_0_scfifo_w:the_system_jtag_uart_0_scfifo_w|scfifo:wfifo|scfifo_1n21:auto_generated|a_dpfifo_8t21:dpfifo|dpram_5h21:FIFOram|altsyncram_9tl1:altsyncram2|ALTSYNCRAM                                                                                                     ; AUTO ; Simple Dual Port ; 64           ; 8            ; 64           ; 8            ; 512    ; None                                            ;
; system:Nios_system|system_nios2_qsys_0:nios2_qsys_0|system_nios2_qsys_0_nios2_oci:the_system_nios2_qsys_0_nios2_oci|system_nios2_qsys_0_nios2_ocimem:the_system_nios2_qsys_0_nios2_ocimem|system_nios2_qsys_0_ociram_sp_ram_module:system_nios2_qsys_0_ociram_sp_ram|altsyncram:the_altsyncram|altsyncram_p681:auto_generated|ALTSYNCRAM ; AUTO ; Single Port      ; 256          ; 32           ; --           ; --           ; 8192   ; system_nios2_qsys_0_ociram_default_contents.mif ;
; system:Nios_system|system_nios2_qsys_0:nios2_qsys_0|system_nios2_qsys_0_register_bank_a_module:system_nios2_qsys_0_register_bank_a|altsyncram:the_altsyncram|altsyncram_lpg1:auto_generated|ALTSYNCRAM                                                                                                                                   ; AUTO ; Simple Dual Port ; 32           ; 32           ; 32           ; 32           ; 1024   ; system_nios2_qsys_0_rf_ram_a.mif                ;
; system:Nios_system|system_nios2_qsys_0:nios2_qsys_0|system_nios2_qsys_0_register_bank_b_module:system_nios2_qsys_0_register_bank_b|altsyncram:the_altsyncram|altsyncram_mpg1:auto_generated|ALTSYNCRAM                                                                                                                                   ; AUTO ; Simple Dual Port ; 32           ; 32           ; 32           ; 32           ; 1024   ; system_nios2_qsys_0_rf_ram_b.mif                ;
; system:Nios_system|system_onchip_memory2_0:onchip_memory2_0|altsyncram:the_altsyncram|altsyncram_gsc1:auto_generated|ALTSYNCRAM                                                                                                                                                                                                          ; AUTO ; Single Port      ; 8192         ; 32           ; --           ; --           ; 262144 ; system_onchip_memory2_0.hex                     ;
; system:Nios_system|system_onchip_memory2_1:onchip_memory2_1|altsyncram:the_altsyncram|altsyncram_krc1:auto_generated|ALTSYNCRAM                                                                                                                                                                                                          ; AUTO ; Single Port      ; 1024         ; 32           ; --           ; --           ; 32768  ; system_onchip_memory2_1.hex                     ;
+------------------------------------------------------------------------------------------------------------------------------------------------------------------------------------------------------------------------------------------------------------------------------------------------------------------------------------------+------+------------------+--------------+--------------+--------------+--------------+--------+-------------------------------------------------+


+--------------------------+
; Partition Merge Messages ;
+--------------------------+
Info: *******************************************************************
Info: Running Quartus II 64-Bit Partition Merge
    Info: Version 13.0.1 Build 232 06/12/2013 Service Pack 1 SJ Web Edition
    Info: Processing started: Mon May 11 10:21:15 2026
Info: Command: quartus_cdb --read_settings_files=off --write_settings_files=off bai8 -c bai8 --merge=on
Info (35007): Using synthesis netlist for partition "Top"
Info (35007): Using synthesis netlist for partition "sld_hub:auto_hub"
Info (35007): Using synthesis netlist for partition "sld_signaltap:auto_signaltap_0"
Critical Warning (35025): Partially connected in-system debug instance "auto_signaltap_0" to 1 of its 322 required data inputs, trigger inputs, acquisition clocks, and dynamic pins.  There were 0 illegal, 0 inaccessible, and 321 missing sources or connections.
Info (35002): Resolved and merged 3 partition(s)
Info (16010): Generating hard_block partition "hard_block:auto_generated_inst"
    Info (16011): Adding 0 node(s), including 0 DDIO, 0 PLL, 0 transceiver and 0 LCELL
Info (21057): Implemented 5035 device resources after synthesis - the final resource count might be different
    Info (21058): Implemented 5 input pins
    Info (21059): Implemented 1 output pins
    Info (21061): Implemented 4680 logic cells
    Info (21064): Implemented 348 RAM segments
Info: Quartus II 64-Bit Partition Merge was successful. 0 errors, 1 warning
    Info: Peak virtual memory: 4656 megabytes
    Info: Processing ended: Mon May 11 10:21:17 2026
    Info: Elapsed time: 00:00:02
    Info: Total CPU time (on all processors): 00:00:02


