Fitter report for bai8
Mon May 11 11:11:41 2026
Quartus II 64-Bit Version 13.0.1 Build 232 06/12/2013 Service Pack 1 SJ Web Edition


---------------------
; Table of Contents ;
---------------------
  1. Legal Notice
  2. Fitter Summary
  3. Fitter Settings
  4. Parallel Compilation
  5. Ignored Assignments
  6. Incremental Compilation Preservation Summary
  7. Incremental Compilation Partition Settings
  8. Incremental Compilation Placement Preservation
  9. Pin-Out File
 10. Fitter Resource Usage Summary
 11. Fitter Partition Statistics
 12. Input Pins
 13. I/O Bank Usage
 14. All Package Pins
 15. Output Pin Default Load For Reported TCO
 16. Fitter Resource Utilization by Entity
 17. Delay Chain Summary
 18. Pad To Core Delay Chain Fanout
 19. Control Signals
 20. Global & Other Fast Signals
 21. Non-Global High Fan-Out Signals
 22. Fitter RAM Summary
 23. Other Routing Usage Summary
 24. LAB Logic Elements
 25. LAB-wide Signals
 26. LAB Signals Sourced
 27. LAB Signals Sourced Out
 28. LAB Distinct Inputs
 29. Fitter Device Options
 30. Operating Settings and Conditions
 31. Fitter Messages
 32. Fitter Suppressed Messages



----------------
; Legal Notice ;
----------------
Copyright (C) 1991-2013 Altera Corporation
Your use of Altera Corporation's design tools, logic functions 
and other software and tools, and its AMPP partner logic 
functions, and any output files from any of the foregoing 
(including device programming or simulation files), and any 
associated documentation or information are expressly subject 
to the terms and conditions of the Altera Program License 
Subscription Agreement, Altera MegaCore Function License 
Agreement, or other applicable license agreement, including, 
without limitation, that your use is for the sole purpose of 
programming logic devices manufactured by Altera and sold by 
Altera or its authorized distributors.  Please refer to the 
applicable agreement for further details.



+--------------------------------------------------------------------------------------+
; Fitter Summary                                                                       ;
+------------------------------------+-------------------------------------------------+
; Fitter Status                      ; Successful - Mon May 11 11:11:41 2026           ;
; Quartus II 64-Bit Version          ; 13.0.1 Build 232 06/12/2013 SP 1 SJ Web Edition ;
; Revision Name                      ; bai8                                            ;
; Top-level Entity Name              ; bai8                                            ;
; Family                             ; Cyclone II                                      ;
; Device                             ; EP2C35F672C6                                    ;
; Timing Models                      ; Final                                           ;
; Total logic elements               ; 4,334 / 33,216 ( 13 % )                         ;
;     Total combinational functions  ; 3,057 / 33,216 ( 9 % )                          ;
;     Dedicated logic registers      ; 3,015 / 33,216 ( 9 % )                          ;
; Total registers                    ; 3015                                            ;
; Total pins                         ; 2 / 475 ( < 1 % )                               ;
; Total virtual pins                 ; 0                                               ;
; Total memory bits                  ; 362,496 / 483,840 ( 75 % )                      ;
; Embedded Multiplier 9-bit elements ; 0 / 70 ( 0 % )                                  ;
; Total PLLs                         ; 0 / 4 ( 0 % )                                   ;
+------------------------------------+-------------------------------------------------+


+----------------------------------------------------------------------------------------------------------------------------------------------+
; Fitter Settings                                                                                                                              ;
+----------------------------------------------------------------------------+--------------------------------+--------------------------------+
; Option                                                                     ; Setting                        ; Default Value                  ;
+----------------------------------------------------------------------------+--------------------------------+--------------------------------+
; Device                                                                     ; EP2C35F672C6                   ;                                ;
; Minimum Core Junction Temperature                                          ; 0                              ;                                ;
; Maximum Core Junction Temperature                                          ; 85                             ;                                ;
; Fit Attempts to Skip                                                       ; 0                              ; 0.0                            ;
; Use smart compilation                                                      ; Off                            ; Off                            ;
; Enable parallel Assembler and TimeQuest Timing Analyzer during compilation ; On                             ; On                             ;
; Enable compact report table                                                ; Off                            ; Off                            ;
; Auto Merge PLLs                                                            ; On                             ; On                             ;
; Ignore PLL Mode When Merging PLLs                                          ; Off                            ; Off                            ;
; Router Timing Optimization Level                                           ; Normal                         ; Normal                         ;
; Placement Effort Multiplier                                                ; 1.0                            ; 1.0                            ;
; Router Effort Multiplier                                                   ; 1.0                            ; 1.0                            ;
; Always Enable Input Buffers                                                ; Off                            ; Off                            ;
; Optimize Hold Timing                                                       ; IO Paths and Minimum TPD Paths ; IO Paths and Minimum TPD Paths ;
; Optimize Multi-Corner Timing                                               ; On                             ; On                             ;
; PowerPlay Power Optimization                                               ; Normal compilation             ; Normal compilation             ;
; Optimize Timing                                                            ; Normal compilation             ; Normal compilation             ;
; Optimize Timing for ECOs                                                   ; Off                            ; Off                            ;
; Regenerate full fit report during ECO compiles                             ; Off                            ; Off                            ;
; Optimize IOC Register Placement for Timing                                 ; Normal                         ; Normal                         ;
; Limit to One Fitting Attempt                                               ; Off                            ; Off                            ;
; Final Placement Optimizations                                              ; Automatically                  ; Automatically                  ;
; Fitter Aggressive Routability Optimizations                                ; Automatically                  ; Automatically                  ;
; Fitter Initial Placement Seed                                              ; 1                              ; 1                              ;
; PCI I/O                                                                    ; Off                            ; Off                            ;
; Weak Pull-Up Resistor                                                      ; Off                            ; Off                            ;
; Enable Bus-Hold Circuitry                                                  ; Off                            ; Off                            ;
; Auto Global Memory Control Signals                                         ; Off                            ; Off                            ;
; Auto Packed Registers                                                      ; Auto                           ; Auto                           ;
; Auto Delay Chains                                                          ; On                             ; On                             ;
; Auto Delay Chains for High Fanout Input Pins                               ; Off                            ; Off                            ;
; Perform Physical Synthesis for Combinational Logic for Fitting             ; Off                            ; Off                            ;
; Perform Physical Synthesis for Combinational Logic for Performance         ; Off                            ; Off                            ;
; Perform Register Duplication for Performance                               ; Off                            ; Off                            ;
; Perform Logic to Memory Mapping for Fitting                                ; Off                            ; Off                            ;
; Perform Register Retiming for Performance                                  ; Off                            ; Off                            ;
; Perform Asynchronous Signal Pipelining                                     ; Off                            ; Off                            ;
; Fitter Effort                                                              ; Auto Fit                       ; Auto Fit                       ;
; Physical Synthesis Effort Level                                            ; Normal                         ; Normal                         ;
; Auto Global Clock                                                          ; On                             ; On                             ;
; Auto Global Register Control Signals                                       ; On                             ; On                             ;
; Force Fitter to Avoid Periphery Placement Warnings                         ; Off                            ; Off                            ;
+----------------------------------------------------------------------------+--------------------------------+--------------------------------+


+------------------------------------------+
; Parallel Compilation                     ;
+----------------------------+-------------+
; Processors                 ; Number      ;
+----------------------------+-------------+
; Number detected on machine ; 8           ;
; Maximum allowed            ; 4           ;
;                            ;             ;
; Average used               ; 1.00        ;
; Maximum used               ; 4           ;
;                            ;             ;
; Usage by Processor         ; % Time Used ;
;     Processor 1            ; 100.0%      ;
;     Processors 2-4         ; < 0.1%      ;
;     Processors 5-8         ;   0.0%      ;
+----------------------------+-------------+


+-------------------------------------------------------------------------------------------+
; Ignored Assignments                                                                       ;
+----------+----------------+--------------+---------------+---------------+----------------+
; Name     ; Ignored Entity ; Ignored From ; Ignored To    ; Ignored Value ; Ignored Source ;
+----------+----------------+--------------+---------------+---------------+----------------+
; Location ;                ;              ; AUD_ADCDAT    ; PIN_B5        ; QSF Assignment ;
; Location ;                ;              ; AUD_ADCLRCK   ; PIN_C5        ; QSF Assignment ;
; Location ;                ;              ; AUD_BCLK      ; PIN_B4        ; QSF Assignment ;
; Location ;                ;              ; AUD_DACDAT    ; PIN_A4        ; QSF Assignment ;
; Location ;                ;              ; AUD_DACLRCK   ; PIN_C6        ; QSF Assignment ;
; Location ;                ;              ; AUD_XCK       ; PIN_A5        ; QSF Assignment ;
; Location ;                ;              ; CLOCK_27      ; PIN_D13       ; QSF Assignment ;
; Location ;                ;              ; DRAM_ADDR[0]  ; PIN_T6        ; QSF Assignment ;
; Location ;                ;              ; DRAM_ADDR[10] ; PIN_Y1        ; QSF Assignment ;
; Location ;                ;              ; DRAM_ADDR[11] ; PIN_V5        ; QSF Assignment ;
; Location ;                ;              ; DRAM_ADDR[1]  ; PIN_V4        ; QSF Assignment ;
; Location ;                ;              ; DRAM_ADDR[2]  ; PIN_V3        ; QSF Assignment ;
; Location ;                ;              ; DRAM_ADDR[3]  ; PIN_W2        ; QSF Assignment ;
; Location ;                ;              ; DRAM_ADDR[4]  ; PIN_W1        ; QSF Assignment ;
; Location ;                ;              ; DRAM_ADDR[5]  ; PIN_U6        ; QSF Assignment ;
; Location ;                ;              ; DRAM_ADDR[6]  ; PIN_U7        ; QSF Assignment ;
; Location ;                ;              ; DRAM_ADDR[7]  ; PIN_U5        ; QSF Assignment ;
; Location ;                ;              ; DRAM_ADDR[8]  ; PIN_W4        ; QSF Assignment ;
; Location ;                ;              ; DRAM_ADDR[9]  ; PIN_W3        ; QSF Assignment ;
; Location ;                ;              ; DRAM_BA_0     ; PIN_AE2       ; QSF Assignment ;
; Location ;                ;              ; DRAM_BA_1     ; PIN_AE3       ; QSF Assignment ;
; Location ;                ;              ; DRAM_CAS_N    ; PIN_AB3       ; QSF Assignment ;
; Location ;                ;              ; DRAM_CKE      ; PIN_AA6       ; QSF Assignment ;
; Location ;                ;              ; DRAM_CLK      ; PIN_AA7       ; QSF Assignment ;
; Location ;                ;              ; DRAM_CS_N     ; PIN_AC3       ; QSF Assignment ;
; Location ;                ;              ; DRAM_DQ[0]    ; PIN_V6        ; QSF Assignment ;
; Location ;                ;              ; DRAM_DQ[10]   ; PIN_AB1       ; QSF Assignment ;
; Location ;                ;              ; DRAM_DQ[11]   ; PIN_AA4       ; QSF Assignment ;
; Location ;                ;              ; DRAM_DQ[12]   ; PIN_AA3       ; QSF Assignment ;
; Location ;                ;              ; DRAM_DQ[13]   ; PIN_AC2       ; QSF Assignment ;
; Location ;                ;              ; DRAM_DQ[14]   ; PIN_AC1       ; QSF Assignment ;
; Location ;                ;              ; DRAM_DQ[15]   ; PIN_AA5       ; QSF Assignment ;
; Location ;                ;              ; DRAM_DQ[1]    ; PIN_AA2       ; QSF Assignment ;
; Location ;                ;              ; DRAM_DQ[2]    ; PIN_AA1       ; QSF Assignment ;
; Location ;                ;              ; DRAM_DQ[3]    ; PIN_Y3        ; QSF Assignment ;
; Location ;                ;              ; DRAM_DQ[4]    ; PIN_Y4        ; QSF Assignment ;
; Location ;                ;              ; DRAM_DQ[5]    ; PIN_R8        ; QSF Assignment ;
; Location ;                ;              ; DRAM_DQ[6]    ; PIN_T8        ; QSF Assignment ;
; Location ;                ;              ; DRAM_DQ[7]    ; PIN_V7        ; QSF Assignment ;
; Location ;                ;              ; DRAM_DQ[8]    ; PIN_W6        ; QSF Assignment ;
; Location ;                ;              ; DRAM_DQ[9]    ; PIN_AB2       ; QSF Assignment ;
; Location ;                ;              ; DRAM_LDQM     ; PIN_AD2       ; QSF Assignment ;
; Location ;                ;              ; DRAM_RAS_N    ; PIN_AB4       ; QSF Assignment ;
; Location ;                ;              ; DRAM_UDQM     ; PIN_Y5        ; QSF Assignment ;
; Location ;                ;              ; DRAM_WE_N     ; PIN_AD3       ; QSF Assignment ;
; Location ;                ;              ; ENET_CLK      ; PIN_B24       ; QSF Assignment ;
; Location ;                ;              ; ENET_CMD      ; PIN_A21       ; QSF Assignment ;
; Location ;                ;              ; ENET_CS_N     ; PIN_A23       ; QSF Assignment ;
; Location ;                ;              ; ENET_DATA[0]  ; PIN_D17       ; QSF Assignment ;
; Location ;                ;              ; ENET_DATA[10] ; PIN_C19       ; QSF Assignment ;
; Location ;                ;              ; ENET_DATA[11] ; PIN_D19       ; QSF Assignment ;
; Location ;                ;              ; ENET_DATA[12] ; PIN_B19       ; QSF Assignment ;
; Location ;                ;              ; ENET_DATA[13] ; PIN_A19       ; QSF Assignment ;
; Location ;                ;              ; ENET_DATA[14] ; PIN_E18       ; QSF Assignment ;
; Location ;                ;              ; ENET_DATA[15] ; PIN_D18       ; QSF Assignment ;
; Location ;                ;              ; ENET_DATA[1]  ; PIN_C17       ; QSF Assignment ;
; Location ;                ;              ; ENET_DATA[2]  ; PIN_B18       ; QSF Assignment ;
; Location ;                ;              ; ENET_DATA[3]  ; PIN_A18       ; QSF Assignment ;
; Location ;                ;              ; ENET_DATA[4]  ; PIN_B17       ; QSF Assignment ;
; Location ;                ;              ; ENET_DATA[5]  ; PIN_A17       ; QSF Assignment ;
; Location ;                ;              ; ENET_DATA[6]  ; PIN_B16       ; QSF Assignment ;
; Location ;                ;              ; ENET_DATA[7]  ; PIN_B15       ; QSF Assignment ;
; Location ;                ;              ; ENET_DATA[8]  ; PIN_B20       ; QSF Assignment ;
; Location ;                ;              ; ENET_DATA[9]  ; PIN_A20       ; QSF Assignment ;
; Location ;                ;              ; ENET_INT      ; PIN_B21       ; QSF Assignment ;
; Location ;                ;              ; ENET_RD_N     ; PIN_A22       ; QSF Assignment ;
; Location ;                ;              ; ENET_RST_N    ; PIN_B23       ; QSF Assignment ;
; Location ;                ;              ; ENET_WR_N     ; PIN_B22       ; QSF Assignment ;
; Location ;                ;              ; EXT_CLOCK     ; PIN_P26       ; QSF Assignment ;
; Location ;                ;              ; FL_ADDR[0]    ; PIN_AC18      ; QSF Assignment ;
; Location ;                ;              ; FL_ADDR[10]   ; PIN_AE17      ; QSF Assignment ;
; Location ;                ;              ; FL_ADDR[11]   ; PIN_AF17      ; QSF Assignment ;
; Location ;                ;              ; FL_ADDR[12]   ; PIN_W16       ; QSF Assignment ;
; Location ;                ;              ; FL_ADDR[13]   ; PIN_W15       ; QSF Assignment ;
; Location ;                ;              ; FL_ADDR[14]   ; PIN_AC16      ; QSF Assignment ;
; Location ;                ;              ; FL_ADDR[15]   ; PIN_AD16      ; QSF Assignment ;
; Location ;                ;              ; FL_ADDR[16]   ; PIN_AE16      ; QSF Assignment ;
; Location ;                ;              ; FL_ADDR[17]   ; PIN_AC15      ; QSF Assignment ;
; Location ;                ;              ; FL_ADDR[18]   ; PIN_AB15      ; QSF Assignment ;
; Location ;                ;              ; FL_ADDR[19]   ; PIN_AA15      ; QSF Assignment ;
; Location ;                ;              ; FL_ADDR[1]    ; PIN_AB18      ; QSF Assignment ;
; Location ;                ;              ; FL_ADDR[20]   ; PIN_Y15       ; QSF Assignment ;
; Location ;                ;              ; FL_ADDR[21]   ; PIN_Y14       ; QSF Assignment ;
; Location ;                ;              ; FL_ADDR[2]    ; PIN_AE19      ; QSF Assignment ;
; Location ;                ;              ; FL_ADDR[3]    ; PIN_AF19      ; QSF Assignment ;
; Location ;                ;              ; FL_ADDR[4]    ; PIN_AE18      ; QSF Assignment ;
; Location ;                ;              ; FL_ADDR[5]    ; PIN_AF18      ; QSF Assignment ;
; Location ;                ;              ; FL_ADDR[6]    ; PIN_Y16       ; QSF Assignment ;
; Location ;                ;              ; FL_ADDR[7]    ; PIN_AA16      ; QSF Assignment ;
; Location ;                ;              ; FL_ADDR[8]    ; PIN_AD17      ; QSF Assignment ;
; Location ;                ;              ; FL_ADDR[9]    ; PIN_AC17      ; QSF Assignment ;
; Location ;                ;              ; FL_CE_N       ; PIN_V17       ; QSF Assignment ;
; Location ;                ;              ; FL_DQ[0]      ; PIN_AD19      ; QSF Assignment ;
; Location ;                ;              ; FL_DQ[1]      ; PIN_AC19      ; QSF Assignment ;
; Location ;                ;              ; FL_DQ[2]      ; PIN_AF20      ; QSF Assignment ;
; Location ;                ;              ; FL_DQ[3]      ; PIN_AE20      ; QSF Assignment ;
; Location ;                ;              ; FL_DQ[4]      ; PIN_AB20      ; QSF Assignment ;
; Location ;                ;              ; FL_DQ[5]      ; PIN_AC20      ; QSF Assignment ;
; Location ;                ;              ; FL_DQ[6]      ; PIN_AF21      ; QSF Assignment ;
; Location ;                ;              ; FL_DQ[7]      ; PIN_AE21      ; QSF Assignment ;
; Location ;                ;              ; FL_OE_N       ; PIN_W17       ; QSF Assignment ;
; Location ;                ;              ; FL_RST_N      ; PIN_AA18      ; QSF Assignment ;
; Location ;                ;              ; FL_WE_N       ; PIN_AA17      ; QSF Assignment ;
; Location ;                ;              ; GPIO_0[0]     ; PIN_D25       ; QSF Assignment ;
; Location ;                ;              ; GPIO_0[10]    ; PIN_N18       ; QSF Assignment ;
; Location ;                ;              ; GPIO_0[11]    ; PIN_P18       ; QSF Assignment ;
; Location ;                ;              ; GPIO_0[12]    ; PIN_G23       ; QSF Assignment ;
; Location ;                ;              ; GPIO_0[13]    ; PIN_G24       ; QSF Assignment ;
; Location ;                ;              ; GPIO_0[14]    ; PIN_K22       ; QSF Assignment ;
; Location ;                ;              ; GPIO_0[15]    ; PIN_G25       ; QSF Assignment ;
; Location ;                ;              ; GPIO_0[16]    ; PIN_H23       ; QSF Assignment ;
; Location ;                ;              ; GPIO_0[17]    ; PIN_H24       ; QSF Assignment ;
; Location ;                ;              ; GPIO_0[18]    ; PIN_J23       ; QSF Assignment ;
; Location ;                ;              ; GPIO_0[19]    ; PIN_J24       ; QSF Assignment ;
; Location ;                ;              ; GPIO_0[1]     ; PIN_J22       ; QSF Assignment ;
; Location ;                ;              ; GPIO_0[20]    ; PIN_H25       ; QSF Assignment ;
; Location ;                ;              ; GPIO_0[21]    ; PIN_H26       ; QSF Assignment ;
; Location ;                ;              ; GPIO_0[22]    ; PIN_H19       ; QSF Assignment ;
; Location ;                ;              ; GPIO_0[23]    ; PIN_K18       ; QSF Assignment ;
; Location ;                ;              ; GPIO_0[24]    ; PIN_K19       ; QSF Assignment ;
; Location ;                ;              ; GPIO_0[25]    ; PIN_K21       ; QSF Assignment ;
; Location ;                ;              ; GPIO_0[26]    ; PIN_K23       ; QSF Assignment ;
; Location ;                ;              ; GPIO_0[27]    ; PIN_K24       ; QSF Assignment ;
; Location ;                ;              ; GPIO_0[28]    ; PIN_L21       ; QSF Assignment ;
; Location ;                ;              ; GPIO_0[29]    ; PIN_L20       ; QSF Assignment ;
; Location ;                ;              ; GPIO_0[2]     ; PIN_E26       ; QSF Assignment ;
; Location ;                ;              ; GPIO_0[30]    ; PIN_J25       ; QSF Assignment ;
; Location ;                ;              ; GPIO_0[31]    ; PIN_J26       ; QSF Assignment ;
; Location ;                ;              ; GPIO_0[32]    ; PIN_L23       ; QSF Assignment ;
; Location ;                ;              ; GPIO_0[33]    ; PIN_L24       ; QSF Assignment ;
; Location ;                ;              ; GPIO_0[34]    ; PIN_L25       ; QSF Assignment ;
; Location ;                ;              ; GPIO_0[35]    ; PIN_L19       ; QSF Assignment ;
; Location ;                ;              ; GPIO_0[3]     ; PIN_E25       ; QSF Assignment ;
; Location ;                ;              ; GPIO_0[4]     ; PIN_F24       ; QSF Assignment ;
; Location ;                ;              ; GPIO_0[5]     ; PIN_F23       ; QSF Assignment ;
; Location ;                ;              ; GPIO_0[6]     ; PIN_J21       ; QSF Assignment ;
; Location ;                ;              ; GPIO_0[7]     ; PIN_J20       ; QSF Assignment ;
; Location ;                ;              ; GPIO_0[8]     ; PIN_F25       ; QSF Assignment ;
; Location ;                ;              ; GPIO_0[9]     ; PIN_F26       ; QSF Assignment ;
; Location ;                ;              ; GPIO_1[0]     ; PIN_K25       ; QSF Assignment ;
; Location ;                ;              ; GPIO_1[10]    ; PIN_N24       ; QSF Assignment ;
; Location ;                ;              ; GPIO_1[11]    ; PIN_P24       ; QSF Assignment ;
; Location ;                ;              ; GPIO_1[12]    ; PIN_R25       ; QSF Assignment ;
; Location ;                ;              ; GPIO_1[13]    ; PIN_R24       ; QSF Assignment ;
; Location ;                ;              ; GPIO_1[14]    ; PIN_R20       ; QSF Assignment ;
; Location ;                ;              ; GPIO_1[15]    ; PIN_T22       ; QSF Assignment ;
; Location ;                ;              ; GPIO_1[16]    ; PIN_T23       ; QSF Assignment ;
; Location ;                ;              ; GPIO_1[17]    ; PIN_T24       ; QSF Assignment ;
; Location ;                ;              ; GPIO_1[18]    ; PIN_T25       ; QSF Assignment ;
; Location ;                ;              ; GPIO_1[19]    ; PIN_T18       ; QSF Assignment ;
; Location ;                ;              ; GPIO_1[1]     ; PIN_K26       ; QSF Assignment ;
; Location ;                ;              ; GPIO_1[20]    ; PIN_T21       ; QSF Assignment ;
; Location ;                ;              ; GPIO_1[21]    ; PIN_T20       ; QSF Assignment ;
; Location ;                ;              ; GPIO_1[22]    ; PIN_U26       ; QSF Assignment ;
; Location ;                ;              ; GPIO_1[23]    ; PIN_U25       ; QSF Assignment ;
; Location ;                ;              ; GPIO_1[24]    ; PIN_U23       ; QSF Assignment ;
; Location ;                ;              ; GPIO_1[25]    ; PIN_U24       ; QSF Assignment ;
; Location ;                ;              ; GPIO_1[26]    ; PIN_R19       ; QSF Assignment ;
; Location ;                ;              ; GPIO_1[27]    ; PIN_T19       ; QSF Assignment ;
; Location ;                ;              ; GPIO_1[28]    ; PIN_U20       ; QSF Assignment ;
; Location ;                ;              ; GPIO_1[29]    ; PIN_U21       ; QSF Assignment ;
; Location ;                ;              ; GPIO_1[2]     ; PIN_M22       ; QSF Assignment ;
; Location ;                ;              ; GPIO_1[30]    ; PIN_V26       ; QSF Assignment ;
; Location ;                ;              ; GPIO_1[31]    ; PIN_V25       ; QSF Assignment ;
; Location ;                ;              ; GPIO_1[32]    ; PIN_V24       ; QSF Assignment ;
; Location ;                ;              ; GPIO_1[33]    ; PIN_V23       ; QSF Assignment ;
; Location ;                ;              ; GPIO_1[34]    ; PIN_W25       ; QSF Assignment ;
; Location ;                ;              ; GPIO_1[35]    ; PIN_W23       ; QSF Assignment ;
; Location ;                ;              ; GPIO_1[3]     ; PIN_M23       ; QSF Assignment ;
; Location ;                ;              ; GPIO_1[4]     ; PIN_M19       ; QSF Assignment ;
; Location ;                ;              ; GPIO_1[5]     ; PIN_M20       ; QSF Assignment ;
; Location ;                ;              ; GPIO_1[6]     ; PIN_N20       ; QSF Assignment ;
; Location ;                ;              ; GPIO_1[7]     ; PIN_M21       ; QSF Assignment ;
; Location ;                ;              ; GPIO_1[8]     ; PIN_M24       ; QSF Assignment ;
; Location ;                ;              ; GPIO_1[9]     ; PIN_M25       ; QSF Assignment ;
; Location ;                ;              ; HEX0[0]       ; PIN_AF10      ; QSF Assignment ;
; Location ;                ;              ; HEX0[1]       ; PIN_AB12      ; QSF Assignment ;
; Location ;                ;              ; HEX0[2]       ; PIN_AC12      ; QSF Assignment ;
; Location ;                ;              ; HEX0[3]       ; PIN_AD11      ; QSF Assignment ;
; Location ;                ;              ; HEX0[4]       ; PIN_AE11      ; QSF Assignment ;
; Location ;                ;              ; HEX0[5]       ; PIN_V14       ; QSF Assignment ;
; Location ;                ;              ; HEX0[6]       ; PIN_V13       ; QSF Assignment ;
; Location ;                ;              ; HEX1[0]       ; PIN_V20       ; QSF Assignment ;
; Location ;                ;              ; HEX1[1]       ; PIN_V21       ; QSF Assignment ;
; Location ;                ;              ; HEX1[2]       ; PIN_W21       ; QSF Assignment ;
; Location ;                ;              ; HEX1[3]       ; PIN_Y22       ; QSF Assignment ;
; Location ;                ;              ; HEX1[4]       ; PIN_AA24      ; QSF Assignment ;
; Location ;                ;              ; HEX1[5]       ; PIN_AA23      ; QSF Assignment ;
; Location ;                ;              ; HEX1[6]       ; PIN_AB24      ; QSF Assignment ;
; Location ;                ;              ; HEX2[0]       ; PIN_AB23      ; QSF Assignment ;
; Location ;                ;              ; HEX2[1]       ; PIN_V22       ; QSF Assignment ;
; Location ;                ;              ; HEX2[2]       ; PIN_AC25      ; QSF Assignment ;
; Location ;                ;              ; HEX2[3]       ; PIN_AC26      ; QSF Assignment ;
; Location ;                ;              ; HEX2[4]       ; PIN_AB26      ; QSF Assignment ;
; Location ;                ;              ; HEX2[5]       ; PIN_AB25      ; QSF Assignment ;
; Location ;                ;              ; HEX2[6]       ; PIN_Y24       ; QSF Assignment ;
; Location ;                ;              ; HEX3[0]       ; PIN_Y23       ; QSF Assignment ;
; Location ;                ;              ; HEX3[1]       ; PIN_AA25      ; QSF Assignment ;
; Location ;                ;              ; HEX3[2]       ; PIN_AA26      ; QSF Assignment ;
; Location ;                ;              ; HEX3[3]       ; PIN_Y26       ; QSF Assignment ;
; Location ;                ;              ; HEX3[4]       ; PIN_Y25       ; QSF Assignment ;
; Location ;                ;              ; HEX3[5]       ; PIN_U22       ; QSF Assignment ;
; Location ;                ;              ; HEX3[6]       ; PIN_W24       ; QSF Assignment ;
; Location ;                ;              ; HEX4[0]       ; PIN_U9        ; QSF Assignment ;
; Location ;                ;              ; HEX4[1]       ; PIN_U1        ; QSF Assignment ;
; Location ;                ;              ; HEX4[2]       ; PIN_U2        ; QSF Assignment ;
; Location ;                ;              ; HEX4[3]       ; PIN_T4        ; QSF Assignment ;
; Location ;                ;              ; HEX4[4]       ; PIN_R7        ; QSF Assignment ;
; Location ;                ;              ; HEX4[5]       ; PIN_R6        ; QSF Assignment ;
; Location ;                ;              ; HEX4[6]       ; PIN_T3        ; QSF Assignment ;
; Location ;                ;              ; HEX5[0]       ; PIN_T2        ; QSF Assignment ;
; Location ;                ;              ; HEX5[1]       ; PIN_P6        ; QSF Assignment ;
; Location ;                ;              ; HEX5[2]       ; PIN_P7        ; QSF Assignment ;
; Location ;                ;              ; HEX5[3]       ; PIN_T9        ; QSF Assignment ;
; Location ;                ;              ; HEX5[4]       ; PIN_R5        ; QSF Assignment ;
; Location ;                ;              ; HEX5[5]       ; PIN_R4        ; QSF Assignment ;
; Location ;                ;              ; HEX5[6]       ; PIN_R3        ; QSF Assignment ;
; Location ;                ;              ; HEX6[0]       ; PIN_R2        ; QSF Assignment ;
; Location ;                ;              ; HEX6[1]       ; PIN_P4        ; QSF Assignment ;
; Location ;                ;              ; HEX6[2]       ; PIN_P3        ; QSF Assignment ;
; Location ;                ;              ; HEX6[3]       ; PIN_M2        ; QSF Assignment ;
; Location ;                ;              ; HEX6[4]       ; PIN_M3        ; QSF Assignment ;
; Location ;                ;              ; HEX6[5]       ; PIN_M5        ; QSF Assignment ;
; Location ;                ;              ; HEX6[6]       ; PIN_M4        ; QSF Assignment ;
; Location ;                ;              ; HEX7[0]       ; PIN_L3        ; QSF Assignment ;
; Location ;                ;              ; HEX7[1]       ; PIN_L2        ; QSF Assignment ;
; Location ;                ;              ; HEX7[2]       ; PIN_L9        ; QSF Assignment ;
; Location ;                ;              ; HEX7[3]       ; PIN_L6        ; QSF Assignment ;
; Location ;                ;              ; HEX7[4]       ; PIN_L7        ; QSF Assignment ;
; Location ;                ;              ; HEX7[5]       ; PIN_P9        ; QSF Assignment ;
; Location ;                ;              ; HEX7[6]       ; PIN_N9        ; QSF Assignment ;
; Location ;                ;              ; I2C_SCLK      ; PIN_A6        ; QSF Assignment ;
; Location ;                ;              ; I2C_SDAT      ; PIN_B6        ; QSF Assignment ;
; Location ;                ;              ; IRDA_RXD      ; PIN_AE25      ; QSF Assignment ;
; Location ;                ;              ; IRDA_TXD      ; PIN_AE24      ; QSF Assignment ;
; Location ;                ;              ; KEY[1]        ; PIN_N23       ; QSF Assignment ;
; Location ;                ;              ; KEY[2]        ; PIN_P23       ; QSF Assignment ;
; Location ;                ;              ; KEY[3]        ; PIN_W26       ; QSF Assignment ;
; Location ;                ;              ; LCD_BLON      ; PIN_K2        ; QSF Assignment ;
; Location ;                ;              ; LCD_DATA[0]   ; PIN_J1        ; QSF Assignment ;
; Location ;                ;              ; LCD_DATA[1]   ; PIN_J2        ; QSF Assignment ;
; Location ;                ;              ; LCD_DATA[2]   ; PIN_H1        ; QSF Assignment ;
; Location ;                ;              ; LCD_DATA[3]   ; PIN_H2        ; QSF Assignment ;
; Location ;                ;              ; LCD_DATA[4]   ; PIN_J4        ; QSF Assignment ;
; Location ;                ;              ; LCD_DATA[5]   ; PIN_J3        ; QSF Assignment ;
; Location ;                ;              ; LCD_DATA[6]   ; PIN_H4        ; QSF Assignment ;
; Location ;                ;              ; LCD_DATA[7]   ; PIN_H3        ; QSF Assignment ;
; Location ;                ;              ; LCD_EN        ; PIN_K3        ; QSF Assignment ;
; Location ;                ;              ; LCD_ON        ; PIN_L4        ; QSF Assignment ;
; Location ;                ;              ; LCD_RS        ; PIN_K1        ; QSF Assignment ;
; Location ;                ;              ; LCD_RW        ; PIN_K4        ; QSF Assignment ;
; Location ;                ;              ; LEDG[0]       ; PIN_AE22      ; QSF Assignment ;
; Location ;                ;              ; LEDG[1]       ; PIN_AF22      ; QSF Assignment ;
; Location ;                ;              ; LEDG[2]       ; PIN_W19       ; QSF Assignment ;
; Location ;                ;              ; LEDG[3]       ; PIN_V18       ; QSF Assignment ;
; Location ;                ;              ; LEDG[4]       ; PIN_U18       ; QSF Assignment ;
; Location ;                ;              ; LEDG[5]       ; PIN_U17       ; QSF Assignment ;
; Location ;                ;              ; LEDG[6]       ; PIN_AA20      ; QSF Assignment ;
; Location ;                ;              ; LEDG[7]       ; PIN_Y18       ; QSF Assignment ;
; Location ;                ;              ; LEDG[8]       ; PIN_Y12       ; QSF Assignment ;
; Location ;                ;              ; LEDR[0]       ; PIN_AE23      ; QSF Assignment ;
; Location ;                ;              ; LEDR[10]      ; PIN_AA13      ; QSF Assignment ;
; Location ;                ;              ; LEDR[11]      ; PIN_AC14      ; QSF Assignment ;
; Location ;                ;              ; LEDR[12]      ; PIN_AD15      ; QSF Assignment ;
; Location ;                ;              ; LEDR[13]      ; PIN_AE15      ; QSF Assignment ;
; Location ;                ;              ; LEDR[14]      ; PIN_AF13      ; QSF Assignment ;
; Location ;                ;              ; LEDR[15]      ; PIN_AE13      ; QSF Assignment ;
; Location ;                ;              ; LEDR[16]      ; PIN_AE12      ; QSF Assignment ;
; Location ;                ;              ; LEDR[17]      ; PIN_AD12      ; QSF Assignment ;
; Location ;                ;              ; LEDR[1]       ; PIN_AF23      ; QSF Assignment ;
; Location ;                ;              ; LEDR[2]       ; PIN_AB21      ; QSF Assignment ;
; Location ;                ;              ; LEDR[3]       ; PIN_AC22      ; QSF Assignment ;
; Location ;                ;              ; LEDR[4]       ; PIN_AD22      ; QSF Assignment ;
; Location ;                ;              ; LEDR[5]       ; PIN_AD23      ; QSF Assignment ;
; Location ;                ;              ; LEDR[6]       ; PIN_AD21      ; QSF Assignment ;
; Location ;                ;              ; LEDR[7]       ; PIN_AC21      ; QSF Assignment ;
; Location ;                ;              ; LEDR[8]       ; PIN_AA14      ; QSF Assignment ;
; Location ;                ;              ; LEDR[9]       ; PIN_Y13       ; QSF Assignment ;
; Location ;                ;              ; OTG_ADDR[0]   ; PIN_K7        ; QSF Assignment ;
; Location ;                ;              ; OTG_ADDR[1]   ; PIN_F2        ; QSF Assignment ;
; Location ;                ;              ; OTG_CS_N      ; PIN_F1        ; QSF Assignment ;
; Location ;                ;              ; OTG_DACK0_N   ; PIN_C2        ; QSF Assignment ;
; Location ;                ;              ; OTG_DACK1_N   ; PIN_B2        ; QSF Assignment ;
; Location ;                ;              ; OTG_DATA[0]   ; PIN_F4        ; QSF Assignment ;
; Location ;                ;              ; OTG_DATA[10]  ; PIN_K6        ; QSF Assignment ;
; Location ;                ;              ; OTG_DATA[11]  ; PIN_K5        ; QSF Assignment ;
; Location ;                ;              ; OTG_DATA[12]  ; PIN_G4        ; QSF Assignment ;
; Location ;                ;              ; OTG_DATA[13]  ; PIN_G3        ; QSF Assignment ;
; Location ;                ;              ; OTG_DATA[14]  ; PIN_J6        ; QSF Assignment ;
; Location ;                ;              ; OTG_DATA[15]  ; PIN_K8        ; QSF Assignment ;
; Location ;                ;              ; OTG_DATA[1]   ; PIN_D2        ; QSF Assignment ;
; Location ;                ;              ; OTG_DATA[2]   ; PIN_D1        ; QSF Assignment ;
; Location ;                ;              ; OTG_DATA[3]   ; PIN_F7        ; QSF Assignment ;
; Location ;                ;              ; OTG_DATA[4]   ; PIN_J5        ; QSF Assignment ;
; Location ;                ;              ; OTG_DATA[5]   ; PIN_J8        ; QSF Assignment ;
; Location ;                ;              ; OTG_DATA[6]   ; PIN_J7        ; QSF Assignment ;
; Location ;                ;              ; OTG_DATA[7]   ; PIN_H6        ; QSF Assignment ;
; Location ;                ;              ; OTG_DATA[8]   ; PIN_E2        ; QSF Assignment ;
; Location ;                ;              ; OTG_DATA[9]   ; PIN_E1        ; QSF Assignment ;
; Location ;                ;              ; OTG_DREQ0     ; PIN_F6        ; QSF Assignment ;
; Location ;                ;              ; OTG_DREQ1     ; PIN_E5        ; QSF Assignment ;
; Location ;                ;              ; OTG_FSPEED    ; PIN_F3        ; QSF Assignment ;
; Location ;                ;              ; OTG_INT0      ; PIN_B3        ; QSF Assignment ;
; Location ;                ;              ; OTG_INT1      ; PIN_C3        ; QSF Assignment ;
; Location ;                ;              ; OTG_LSPEED    ; PIN_G6        ; QSF Assignment ;
; Location ;                ;              ; OTG_RD_N      ; PIN_G2        ; QSF Assignment ;
; Location ;                ;              ; OTG_RST_N     ; PIN_G5        ; QSF Assignment ;
; Location ;                ;              ; OTG_WR_N      ; PIN_G1        ; QSF Assignment ;
; Location ;                ;              ; PS2_CLK       ; PIN_D26       ; QSF Assignment ;
; Location ;                ;              ; PS2_DAT       ; PIN_C24       ; QSF Assignment ;
; Location ;                ;              ; SD_CLK        ; PIN_AD25      ; QSF Assignment ;
; Location ;                ;              ; SD_CMD        ; PIN_Y21       ; QSF Assignment ;
; Location ;                ;              ; SD_DAT        ; PIN_AD24      ; QSF Assignment ;
; Location ;                ;              ; SD_DAT3       ; PIN_AC23      ; QSF Assignment ;
; Location ;                ;              ; SRAM_ADDR[0]  ; PIN_AE4       ; QSF Assignment ;
; Location ;                ;              ; SRAM_ADDR[10] ; PIN_V10       ; QSF Assignment ;
; Location ;                ;              ; SRAM_ADDR[11] ; PIN_V9        ; QSF Assignment ;
; Location ;                ;              ; SRAM_ADDR[12] ; PIN_AC7       ; QSF Assignment ;
; Location ;                ;              ; SRAM_ADDR[13] ; PIN_W8        ; QSF Assignment ;
; Location ;                ;              ; SRAM_ADDR[14] ; PIN_W10       ; QSF Assignment ;
; Location ;                ;              ; SRAM_ADDR[15] ; PIN_Y10       ; QSF Assignment ;
; Location ;                ;              ; SRAM_ADDR[16] ; PIN_AB8       ; QSF Assignment ;
; Location ;                ;              ; SRAM_ADDR[17] ; PIN_AC8       ; QSF Assignment ;
; Location ;                ;              ; SRAM_ADDR[1]  ; PIN_AF4       ; QSF Assignment ;
; Location ;                ;              ; SRAM_ADDR[2]  ; PIN_AC5       ; QSF Assignment ;
; Location ;                ;              ; SRAM_ADDR[3]  ; PIN_AC6       ; QSF Assignment ;
; Location ;                ;              ; SRAM_ADDR[4]  ; PIN_AD4       ; QSF Assignment ;
; Location ;                ;              ; SRAM_ADDR[5]  ; PIN_AD5       ; QSF Assignment ;
; Location ;                ;              ; SRAM_ADDR[6]  ; PIN_AE5       ; QSF Assignment ;
; Location ;                ;              ; SRAM_ADDR[7]  ; PIN_AF5       ; QSF Assignment ;
; Location ;                ;              ; SRAM_ADDR[8]  ; PIN_AD6       ; QSF Assignment ;
; Location ;                ;              ; SRAM_ADDR[9]  ; PIN_AD7       ; QSF Assignment ;
; Location ;                ;              ; SRAM_CE_N     ; PIN_AC11      ; QSF Assignment ;
; Location ;                ;              ; SRAM_DQ[0]    ; PIN_AD8       ; QSF Assignment ;
; Location ;                ;              ; SRAM_DQ[10]   ; PIN_AE8       ; QSF Assignment ;
; Location ;                ;              ; SRAM_DQ[11]   ; PIN_AF8       ; QSF Assignment ;
; Location ;                ;              ; SRAM_DQ[12]   ; PIN_W11       ; QSF Assignment ;
; Location ;                ;              ; SRAM_DQ[13]   ; PIN_W12       ; QSF Assignment ;
; Location ;                ;              ; SRAM_DQ[14]   ; PIN_AC9       ; QSF Assignment ;
; Location ;                ;              ; SRAM_DQ[15]   ; PIN_AC10      ; QSF Assignment ;
; Location ;                ;              ; SRAM_DQ[1]    ; PIN_AE6       ; QSF Assignment ;
; Location ;                ;              ; SRAM_DQ[2]    ; PIN_AF6       ; QSF Assignment ;
; Location ;                ;              ; SRAM_DQ[3]    ; PIN_AA9       ; QSF Assignment ;
; Location ;                ;              ; SRAM_DQ[4]    ; PIN_AA10      ; QSF Assignment ;
; Location ;                ;              ; SRAM_DQ[5]    ; PIN_AB10      ; QSF Assignment ;
; Location ;                ;              ; SRAM_DQ[6]    ; PIN_AA11      ; QSF Assignment ;
; Location ;                ;              ; SRAM_DQ[7]    ; PIN_Y11       ; QSF Assignment ;
; Location ;                ;              ; SRAM_DQ[8]    ; PIN_AE7       ; QSF Assignment ;
; Location ;                ;              ; SRAM_DQ[9]    ; PIN_AF7       ; QSF Assignment ;
; Location ;                ;              ; SRAM_LB_N     ; PIN_AE9       ; QSF Assignment ;
; Location ;                ;              ; SRAM_OE_N     ; PIN_AD10      ; QSF Assignment ;
; Location ;                ;              ; SRAM_UB_N     ; PIN_AF9       ; QSF Assignment ;
; Location ;                ;              ; SRAM_WE_N     ; PIN_AE10      ; QSF Assignment ;
; Location ;                ;              ; SW[0]         ; PIN_N25       ; QSF Assignment ;
; Location ;                ;              ; SW[10]        ; PIN_N1        ; QSF Assignment ;
; Location ;                ;              ; SW[11]        ; PIN_P1        ; QSF Assignment ;
; Location ;                ;              ; SW[12]        ; PIN_P2        ; QSF Assignment ;
; Location ;                ;              ; SW[13]        ; PIN_T7        ; QSF Assignment ;
; Location ;                ;              ; SW[14]        ; PIN_U3        ; QSF Assignment ;
; Location ;                ;              ; SW[15]        ; PIN_U4        ; QSF Assignment ;
; Location ;                ;              ; SW[16]        ; PIN_V1        ; QSF Assignment ;
; Location ;                ;              ; SW[17]        ; PIN_V2        ; QSF Assignment ;
; Location ;                ;              ; SW[1]         ; PIN_N26       ; QSF Assignment ;
; Location ;                ;              ; SW[2]         ; PIN_P25       ; QSF Assignment ;
; Location ;                ;              ; SW[3]         ; PIN_AE14      ; QSF Assignment ;
; Location ;                ;              ; SW[4]         ; PIN_AF14      ; QSF Assignment ;
; Location ;                ;              ; SW[5]         ; PIN_AD13      ; QSF Assignment ;
; Location ;                ;              ; SW[6]         ; PIN_AC13      ; QSF Assignment ;
; Location ;                ;              ; SW[7]         ; PIN_C13       ; QSF Assignment ;
; Location ;                ;              ; SW[8]         ; PIN_B13       ; QSF Assignment ;
; Location ;                ;              ; SW[9]         ; PIN_A13       ; QSF Assignment ;
; Location ;                ;              ; TCK           ; PIN_D14       ; QSF Assignment ;
; Location ;                ;              ; TCS           ; PIN_A14       ; QSF Assignment ;
; Location ;                ;              ; TDI           ; PIN_B14       ; QSF Assignment ;
; Location ;                ;              ; TDO           ; PIN_F14       ; QSF Assignment ;
; Location ;                ;              ; TD_DATA[0]    ; PIN_J9        ; QSF Assignment ;
; Location ;                ;              ; TD_DATA[1]    ; PIN_E8        ; QSF Assignment ;
; Location ;                ;              ; TD_DATA[2]    ; PIN_H8        ; QSF Assignment ;
; Location ;                ;              ; TD_DATA[3]    ; PIN_H10       ; QSF Assignment ;
; Location ;                ;              ; TD_DATA[4]    ; PIN_G9        ; QSF Assignment ;
; Location ;                ;              ; TD_DATA[5]    ; PIN_F9        ; QSF Assignment ;
; Location ;                ;              ; TD_DATA[6]    ; PIN_D7        ; QSF Assignment ;
; Location ;                ;              ; TD_DATA[7]    ; PIN_C7        ; QSF Assignment ;
; Location ;                ;              ; TD_HS         ; PIN_D5        ; QSF Assignment ;
; Location ;                ;              ; TD_RESET      ; PIN_C4        ; QSF Assignment ;
; Location ;                ;              ; TD_VS         ; PIN_K9        ; QSF Assignment ;
; Location ;                ;              ; UART_RXD      ; PIN_C25       ; QSF Assignment ;
; Location ;                ;              ; UART_TXD      ; PIN_B25       ; QSF Assignment ;
; Location ;                ;              ; VGA_BLANK     ; PIN_D6        ; QSF Assignment ;
; Location ;                ;              ; VGA_B[0]      ; PIN_J13       ; QSF Assignment ;
; Location ;                ;              ; VGA_B[1]      ; PIN_J14       ; QSF Assignment ;
; Location ;                ;              ; VGA_B[2]      ; PIN_F12       ; QSF Assignment ;
; Location ;                ;              ; VGA_B[3]      ; PIN_G12       ; QSF Assignment ;
; Location ;                ;              ; VGA_B[4]      ; PIN_J10       ; QSF Assignment ;
; Location ;                ;              ; VGA_B[5]      ; PIN_J11       ; QSF Assignment ;
; Location ;                ;              ; VGA_B[6]      ; PIN_C11       ; QSF Assignment ;
; Location ;                ;              ; VGA_B[7]      ; PIN_B11       ; QSF Assignment ;
; Location ;                ;              ; VGA_B[8]      ; PIN_C12       ; QSF Assignment ;
; Location ;                ;              ; VGA_B[9]      ; PIN_B12       ; QSF Assignment ;
; Location ;                ;              ; VGA_CLK       ; PIN_B8        ; QSF Assignment ;
; Location ;                ;              ; VGA_G[0]      ; PIN_B9        ; QSF Assignment ;
; Location ;                ;              ; VGA_G[1]      ; PIN_A9        ; QSF Assignment ;
; Location ;                ;              ; VGA_G[2]      ; PIN_C10       ; QSF Assignment ;
; Location ;                ;              ; VGA_G[3]      ; PIN_D10       ; QSF Assignment ;
; Location ;                ;              ; VGA_G[4]      ; PIN_B10       ; QSF Assignment ;
; Location ;                ;              ; VGA_G[5]      ; PIN_A10       ; QSF Assignment ;
; Location ;                ;              ; VGA_G[6]      ; PIN_G11       ; QSF Assignment ;
; Location ;                ;              ; VGA_G[7]      ; PIN_D11       ; QSF Assignment ;
; Location ;                ;              ; VGA_G[8]      ; PIN_E12       ; QSF Assignment ;
; Location ;                ;              ; VGA_G[9]      ; PIN_D12       ; QSF Assignment ;
; Location ;                ;              ; VGA_HS        ; PIN_A7        ; QSF Assignment ;
; Location ;                ;              ; VGA_R[0]      ; PIN_C8        ; QSF Assignment ;
; Location ;                ;              ; VGA_R[1]      ; PIN_F10       ; QSF Assignment ;
; Location ;                ;              ; VGA_R[2]      ; PIN_G10       ; QSF Assignment ;
; Location ;                ;              ; VGA_R[3]      ; PIN_D9        ; QSF Assignment ;
; Location ;                ;              ; VGA_R[4]      ; PIN_C9        ; QSF Assignment ;
; Location ;                ;              ; VGA_R[5]      ; PIN_A8        ; QSF Assignment ;
; Location ;                ;              ; VGA_R[6]      ; PIN_H11       ; QSF Assignment ;
; Location ;                ;              ; VGA_R[7]      ; PIN_H12       ; QSF Assignment ;
; Location ;                ;              ; VGA_R[8]      ; PIN_F11       ; QSF Assignment ;
; Location ;                ;              ; VGA_R[9]      ; PIN_E10       ; QSF Assignment ;
; Location ;                ;              ; VGA_SYNC      ; PIN_B7        ; QSF Assignment ;
; Location ;                ;              ; VGA_VS        ; PIN_D8        ; QSF Assignment ;
+----------+----------------+--------------+---------------+---------------+----------------+


+----------------------------------------------+
; Incremental Compilation Preservation Summary ;
+---------------------+------------------------+
; Type                ; Value                  ;
+---------------------+------------------------+
; Placement (by node) ;                        ;
;     -- Requested    ; 0 / 6432 ( 0.00 % )    ;
;     -- Achieved     ; 0 / 6432 ( 0.00 % )    ;
;                     ;                        ;
; Routing (by net)    ;                        ;
;     -- Requested    ; 0 / 0 ( 0.00 % )       ;
;     -- Achieved     ; 0 / 0 ( 0.00 % )       ;
+---------------------+------------------------+


+----------------------------------------------------------------------------------------------------------------------------------------------------------------------------------------+
; Incremental Compilation Partition Settings                                                                                                                                             ;
+--------------------------------+----------------+-------------------+-------------------------+------------------------+------------------------------+--------------------------------+
; Partition Name                 ; Partition Type ; Netlist Type Used ; Preservation Level Used ; Netlist Type Requested ; Preservation Level Requested ; Contents                       ;
+--------------------------------+----------------+-------------------+-------------------------+------------------------+------------------------------+--------------------------------+
; Top                            ; User-created   ; Source File       ; N/A                     ; Source File            ; N/A                          ;                                ;
; sld_hub:auto_hub               ; Auto-generated ; Post-Synthesis    ; N/A                     ; Post-Synthesis         ; N/A                          ; sld_hub:auto_hub               ;
; sld_signaltap:auto_signaltap_0 ; Auto-generated ; Post-Synthesis    ; N/A                     ; Post-Synthesis         ; N/A                          ; sld_signaltap:auto_signaltap_0 ;
; hard_block:auto_generated_inst ; Auto-generated ; Source File       ; N/A                     ; Source File            ; N/A                          ; hard_block:auto_generated_inst ;
+--------------------------------+----------------+-------------------+-------------------------+------------------------+------------------------------+--------------------------------+


+------------------------------------------------------------------------------------------------------------+
; Incremental Compilation Placement Preservation                                                             ;
+--------------------------------+---------+-------------------+-------------------------+-------------------+
; Partition Name                 ; # Nodes ; # Preserved Nodes ; Preservation Level Used ; Netlist Type Used ;
+--------------------------------+---------+-------------------+-------------------------+-------------------+
; Top                            ; 3265    ; 0                 ; N/A                     ; Source File       ;
; sld_hub:auto_hub               ; 345     ; 0                 ; N/A                     ; Post-Synthesis    ;
; sld_signaltap:auto_signaltap_0 ; 2819    ; 0                 ; N/A                     ; Post-Synthesis    ;
; hard_block:auto_generated_inst ; 3       ; 0                 ; N/A                     ; Source File       ;
+--------------------------------+---------+-------------------+-------------------------+-------------------+


+--------------+
; Pin-Out File ;
+--------------+
The pin-out file can be found in D:/HK6/SoC_Design/labs/LAB5/Bai8/output_files/bai8.pin.


+--------------------------------------------------------------------------+
; Fitter Resource Usage Summary                                            ;
+---------------------------------------------+----------------------------+
; Resource                                    ; Usage                      ;
+---------------------------------------------+----------------------------+
; Total logic elements                        ; 4,334 / 33,216 ( 13 % )    ;
;     -- Combinational with no register       ; 1319                       ;
;     -- Register only                        ; 1277                       ;
;     -- Combinational with a register        ; 1738                       ;
;                                             ;                            ;
; Logic element usage by number of LUT inputs ;                            ;
;     -- 4 input functions                    ; 1519                       ;
;     -- 3 input functions                    ; 1085                       ;
;     -- <=2 input functions                  ; 453                        ;
;     -- Register only                        ; 1277                       ;
;                                             ;                            ;
; Logic elements by mode                      ;                            ;
;     -- normal mode                          ; 2806                       ;
;     -- arithmetic mode                      ; 251                        ;
;                                             ;                            ;
; Total registers*                            ; 3,015 / 34,593 ( 9 % )     ;
;     -- Dedicated logic registers            ; 3,015 / 33,216 ( 9 % )     ;
;     -- I/O registers                        ; 0 / 1,377 ( 0 % )          ;
;                                             ;                            ;
; Total LABs:  partially or completely used   ; 309 / 2,076 ( 15 % )       ;
; Virtual pins                                ; 0                          ;
; I/O pins                                    ; 2 / 475 ( < 1 % )          ;
;     -- Clock pins                           ; 1 / 8 ( 13 % )             ;
;                                             ;                            ;
; Global signals                              ; 9                          ;
; M4Ks                                        ; 91 / 105 ( 87 % )          ;
; Total block memory bits                     ; 362,496 / 483,840 ( 75 % ) ;
; Total block memory implementation bits      ; 419,328 / 483,840 ( 87 % ) ;
; Embedded Multiplier 9-bit elements          ; 0 / 70 ( 0 % )             ;
; PLLs                                        ; 0 / 4 ( 0 % )              ;
; Global clocks                               ; 9 / 16 ( 56 % )            ;
; JTAGs                                       ; 1 / 1 ( 100 % )            ;
; ASMI blocks                                 ; 0 / 1 ( 0 % )              ;
; CRC blocks                                  ; 0 / 1 ( 0 % )              ;
; Average interconnect usage (total/H/V)      ; 5% / 5% / 5%               ;
; Peak interconnect usage (total/H/V)         ; 25% / 24% / 28%            ;
; Maximum fan-out                             ; 2226                       ;
; Highest non-global fan-out                  ; 452                        ;
; Total fan-out                               ; 22001                      ;
; Average fan-out                             ; 3.12                       ;
+---------------------------------------------+----------------------------+
*  Register count does not include registers inside RAM blocks or DSP blocks.



+--------------------------------------------------------------------------------------------------------------------------------------------------------------+
; Fitter Partition Statistics                                                                                                                                  ;
+---------------------------------------------+----------------------+-----------------------+--------------------------------+--------------------------------+
; Statistic                                   ; Top                  ; sld_hub:auto_hub      ; sld_signaltap:auto_signaltap_0 ; hard_block:auto_generated_inst ;
+---------------------------------------------+----------------------+-----------------------+--------------------------------+--------------------------------+
; Difficulty Clustering Region                ; Low                  ; Low                   ; Low                            ; Low                            ;
;                                             ;                      ;                       ;                                ;                                ;
; Total logic elements                        ; 2091 / 33216 ( 6 % ) ; 226 / 33216 ( < 1 % ) ; 2017 / 33216 ( 6 % )           ; 0 / 33216 ( 0 % )              ;
;     -- Combinational with no register       ; 1070                 ; 96                    ; 153                            ; 0                              ;
;     -- Register only                        ; 95                   ; 13                    ; 1169                           ; 0                              ;
;     -- Combinational with a register        ; 926                  ; 117                   ; 695                            ; 0                              ;
;                                             ;                      ;                       ;                                ;                                ;
; Logic element usage by number of LUT inputs ;                      ;                       ;                                ;                                ;
;     -- 4 input functions                    ; 1081                 ; 85                    ; 353                            ; 0                              ;
;     -- 3 input functions                    ; 591                  ; 86                    ; 408                            ; 0                              ;
;     -- <=2 input functions                  ; 324                  ; 42                    ; 87                             ; 0                              ;
;     -- Register only                        ; 95                   ; 13                    ; 1169                           ; 0                              ;
;                                             ;                      ;                       ;                                ;                                ;
; Logic elements by mode                      ;                      ;                       ;                                ;                                ;
;     -- normal mode                          ; 1792                 ; 204                   ; 810                            ; 0                              ;
;     -- arithmetic mode                      ; 204                  ; 9                     ; 38                             ; 0                              ;
;                                             ;                      ;                       ;                                ;                                ;
; Total registers                             ; 1021                 ; 130                   ; 1864                           ; 0                              ;
;     -- Dedicated logic registers            ; 1021 / 33216 ( 3 % ) ; 130 / 33216 ( < 1 % ) ; 1864 / 33216 ( 6 % )           ; 0 / 33216 ( 0 % )              ;
;                                             ;                      ;                       ;                                ;                                ;
; Total LABs:  partially or completely used   ; 148 / 2076 ( 7 % )   ; 17 / 2076 ( < 1 % )   ; 144 / 2076 ( 7 % )             ; 0 / 2076 ( 0 % )               ;
;                                             ;                      ;                       ;                                ;                                ;
; Virtual pins                                ; 0                    ; 0                     ; 0                              ; 0                              ;
; I/O pins                                    ; 2                    ; 0                     ; 0                              ; 0                              ;
; Embedded Multiplier 9-bit elements          ; 0 / 70 ( 0 % )       ; 0 / 70 ( 0 % )        ; 0 / 70 ( 0 % )                 ; 0 / 70 ( 0 % )                 ;
; Total memory bits                           ; 307200               ; 0                     ; 55296                          ; 0                              ;
; Total RAM block bits                        ; 364032               ; 0                     ; 55296                          ; 0                              ;
; JTAG                                        ; 1 / 1 ( 100 % )      ; 0 / 1 ( 0 % )         ; 0 / 1 ( 0 % )                  ; 0 / 1 ( 0 % )                  ;
; M4K                                         ; 79 / 105 ( 75 % )    ; 0 / 105 ( 0 % )       ; 12 / 105 ( 11 % )              ; 0 / 105 ( 0 % )                ;
; Clock control block                         ; 6 / 20 ( 30 % )      ; 2 / 20 ( 10 % )       ; 1 / 20 ( 5 % )                 ; 0 / 20 ( 0 % )                 ;
;                                             ;                      ;                       ;                                ;                                ;
; Connections                                 ;                      ;                       ;                                ;                                ;
;     -- Input Connections                    ; 268                  ; 196                   ; 2432                           ; 0                              ;
;     -- Registered Input Connections         ; 131                  ; 139                   ; 2023                           ; 0                              ;
;     -- Output Connections                   ; 2602                 ; 293                   ; 1                              ; 0                              ;
;     -- Registered Output Connections        ; 4                    ; 253                   ; 0                              ; 0                              ;
;                                             ;                      ;                       ;                                ;                                ;
; Internal Connections                        ;                      ;                       ;                                ;                                ;
;     -- Total Connections                    ; 14420                ; 1436                  ; 8973                           ; 0                              ;
;     -- Registered Connections               ; 4194                 ; 903                   ; 5279                           ; 0                              ;
;                                             ;                      ;                       ;                                ;                                ;
; External Connections                        ;                      ;                       ;                                ;                                ;
;     -- Top                                  ; 192                  ; 358                   ; 2320                           ; 0                              ;
;     -- sld_hub:auto_hub                     ; 358                  ; 18                    ; 113                            ; 0                              ;
;     -- sld_signaltap:auto_signaltap_0       ; 2320                 ; 113                   ; 0                              ; 0                              ;
;     -- hard_block:auto_generated_inst       ; 0                    ; 0                     ; 0                              ; 0                              ;
;                                             ;                      ;                       ;                                ;                                ;
; Partition Interface                         ;                      ;                       ;                                ;                                ;
;     -- Input Ports                          ; 42                   ; 39                    ; 377                            ; 0                              ;
;     -- Output Ports                         ; 7                    ; 55                    ; 224                            ; 0                              ;
;     -- Bidir Ports                          ; 0                    ; 0                     ; 0                              ; 0                              ;
;                                             ;                      ;                       ;                                ;                                ;
; Registered Ports                            ;                      ;                       ;                                ;                                ;
;     -- Registered Input Ports               ; 0                    ; 3                     ; 142                            ; 0                              ;
;     -- Registered Output Ports              ; 0                    ; 44                    ; 215                            ; 0                              ;
;                                             ;                      ;                       ;                                ;                                ;
; Port Connectivity                           ;                      ;                       ;                                ;                                ;
;     -- Input Ports driven by GND            ; 0                    ; 16                    ; 321                            ; 0                              ;
;     -- Output Ports driven by GND           ; 0                    ; 1                     ; 0                              ; 0                              ;
;     -- Input Ports driven by VCC            ; 0                    ; 0                     ; 0                              ; 0                              ;
;     -- Output Ports driven by VCC           ; 0                    ; 0                     ; 0                              ; 0                              ;
;     -- Input Ports with no Source           ; 0                    ; 1                     ; 34                             ; 0                              ;
;     -- Output Ports with no Source          ; 0                    ; 0                     ; 0                              ; 0                              ;
;     -- Input Ports with no Fanout           ; 0                    ; 2                     ; 39                             ; 0                              ;
;     -- Output Ports with no Fanout          ; 0                    ; 27                    ; 215                            ; 0                              ;
+---------------------------------------------+----------------------+-----------------------+--------------------------------+--------------------------------+


+----------------------------------------------------------------------------------------------------------------------------------------------------------------------------------------------------------------------------------------------------------------+
; Input Pins                                                                                                                                                                                                                                                     ;
+----------+-------+----------+--------------+--------------+-------------+-----------------------+--------------------+--------+----------------+---------------+-----------------+----------+--------------+--------------+-------------+----------------------+
; Name     ; Pin # ; I/O Bank ; X coordinate ; Y coordinate ; Cell number ; Combinational Fan-Out ; Registered Fan-Out ; Global ; Input Register ; Power Up High ; PCI I/O Enabled ; Bus Hold ; Weak Pull Up ; I/O Standard ; Termination ; Location assigned by ;
+----------+-------+----------+--------------+--------------+-------------+-----------------------+--------------------+--------+----------------+---------------+-----------------+----------+--------------+--------------+-------------+----------------------+
; CLOCK_50 ; N2    ; 2        ; 0            ; 18           ; 0           ; 1                     ; 0                  ; yes    ; no             ; no            ; no              ; no       ; Off          ; 3.3-V LVTTL  ; Off         ; User                 ;
; KEY[0]   ; G26   ; 5        ; 65           ; 27           ; 1           ; 4                     ; 0                  ; no     ; no             ; no            ; no              ; no       ; Off          ; 3.3-V LVTTL  ; Off         ; User                 ;
+----------+-------+----------+--------------+--------------+-------------+-----------------------+--------------------+--------+----------------+---------------+-----------------+----------+--------------+--------------+-------------+----------------------+


+----------------------------------------------------------+
; I/O Bank Usage                                           ;
+----------+----------------+---------------+--------------+
; I/O Bank ; Usage          ; VCCIO Voltage ; VREF Voltage ;
+----------+----------------+---------------+--------------+
; 1        ; 0 / 64 ( 0 % ) ; 3.3V          ; --           ;
; 2        ; 3 / 59 ( 5 % ) ; 3.3V          ; --           ;
; 3        ; 0 / 56 ( 0 % ) ; 3.3V          ; --           ;
; 4        ; 0 / 58 ( 0 % ) ; 3.3V          ; --           ;
; 5        ; 1 / 65 ( 2 % ) ; 3.3V          ; --           ;
; 6        ; 1 / 59 ( 2 % ) ; 3.3V          ; --           ;
; 7        ; 0 / 58 ( 0 % ) ; 3.3V          ; --           ;
; 8        ; 0 / 56 ( 0 % ) ; 3.3V          ; --           ;
+----------+----------------+---------------+--------------+


+------------------------------------------------------------------------------------------------------------------------------------------------------------------------+
; All Package Pins                                                                                                                                                       ;
+----------+------------+----------+------------------------------------------+--------+--------------+---------+------------+-----------------+----------+--------------+
; Location ; Pad Number ; I/O Bank ; Pin Name/Usage                           ; Dir.   ; I/O Standard ; Voltage ; I/O Type   ; User Assignment ; Bus Hold ; Weak Pull Up ;
+----------+------------+----------+------------------------------------------+--------+--------------+---------+------------+-----------------+----------+--------------+
; A2       ;            ;          ; GND                                      ; gnd    ;              ;         ; --         ;                 ; --       ; --           ;
; A3       ;            ; 3        ; VCCIO3                                   ; power  ;              ; 3.3V    ; --         ;                 ; --       ; --           ;
; A4       ; 484        ; 3        ; GND*                                     ;        ;              ;         ; Column I/O ;                 ; no       ; Off          ;
; A5       ; 482        ; 3        ; GND*                                     ;        ;              ;         ; Column I/O ;                 ; no       ; Off          ;
; A6       ; 479        ; 3        ; GND*                                     ;        ;              ;         ; Column I/O ;                 ; no       ; Off          ;
; A7       ; 465        ; 3        ; GND*                                     ;        ;              ;         ; Column I/O ;                 ; no       ; Off          ;
; A8       ; 457        ; 3        ; GND*                                     ;        ;              ;         ; Column I/O ;                 ; no       ; Off          ;
; A9       ; 451        ; 3        ; GND*                                     ;        ;              ;         ; Column I/O ;                 ; no       ; Off          ;
; A10      ; 447        ; 3        ; GND*                                     ;        ;              ;         ; Column I/O ;                 ; no       ; Off          ;
; A11      ;            ; 3        ; VCCIO3                                   ; power  ;              ; 3.3V    ; --         ;                 ; --       ; --           ;
; A12      ;            ;          ; GND                                      ; gnd    ;              ;         ; --         ;                 ; --       ; --           ;
; A13      ; 430        ; 4        ; GND+                                     ;        ;              ;         ; Column I/O ;                 ; --       ; --           ;
; A14      ; 427        ; 4        ; GND*                                     ;        ;              ;         ; Column I/O ;                 ; no       ; Off          ;
; A15      ;            ;          ; GND                                      ; gnd    ;              ;         ; --         ;                 ; --       ; --           ;
; A16      ;            ; 4        ; VCCIO4                                   ; power  ;              ; 3.3V    ; --         ;                 ; --       ; --           ;
; A17      ; 412        ; 4        ; GND*                                     ;        ;              ;         ; Column I/O ;                 ; no       ; Off          ;
; A18      ; 406        ; 4        ; GND*                                     ;        ;              ;         ; Column I/O ;                 ; no       ; Off          ;
; A19      ; 394        ; 4        ; GND*                                     ;        ;              ;         ; Column I/O ;                 ; no       ; Off          ;
; A20      ; 390        ; 4        ; GND*                                     ;        ;              ;         ; Column I/O ;                 ; no       ; Off          ;
; A21      ; 382        ; 4        ; GND*                                     ;        ;              ;         ; Column I/O ;                 ; no       ; Off          ;
; A22      ; 379        ; 4        ; GND*                                     ;        ;              ;         ; Column I/O ;                 ; no       ; Off          ;
; A23      ; 378        ; 4        ; GND*                                     ;        ;              ;         ; Column I/O ;                 ; no       ; Off          ;
; A24      ;            ; 4        ; VCCIO4                                   ; power  ;              ; 3.3V    ; --         ;                 ; --       ; --           ;
; A25      ;            ;          ; GND                                      ; gnd    ;              ;         ; --         ;                 ; --       ; --           ;
; AA1      ; 107        ; 1        ; GND*                                     ;        ;              ;         ; Row I/O    ;                 ; no       ; Off          ;
; AA2      ; 106        ; 1        ; GND*                                     ;        ;              ;         ; Row I/O    ;                 ; no       ; Off          ;
; AA3      ; 117        ; 1        ; GND*                                     ;        ;              ;         ; Row I/O    ;                 ; no       ; Off          ;
; AA4      ; 116        ; 1        ; GND*                                     ;        ;              ;         ; Row I/O    ;                 ; no       ; Off          ;
; AA5      ; 120        ; 1        ; GND*                                     ;        ;              ;         ; Row I/O    ;                 ; no       ; Off          ;
; AA6      ; 130        ; 1        ; GND*                                     ;        ;              ;         ; Row I/O    ;                 ; no       ; Off          ;
; AA7      ; 129        ; 1        ; GND*                                     ;        ;              ;         ; Row I/O    ;                 ; no       ; Off          ;
; AA8      ;            ;          ; VCCA_PLL1                                ; power  ;              ; 1.2V    ; --         ;                 ; --       ; --           ;
; AA9      ; 152        ; 8        ; GND*                                     ;        ;              ;         ; Column I/O ;                 ; no       ; Off          ;
; AA10     ; 153        ; 8        ; GND*                                     ;        ;              ;         ; Column I/O ;                 ; no       ; Off          ;
; AA11     ; 155        ; 8        ; GND*                                     ;        ;              ;         ; Column I/O ;                 ; no       ; Off          ;
; AA12     ; 179        ; 8        ; GND*                                     ;        ;              ;         ; Column I/O ;                 ; no       ; Off          ;
; AA13     ; 192        ; 7        ; GND*                                     ;        ;              ;         ; Column I/O ;                 ; no       ; Off          ;
; AA14     ; 194        ; 7        ; GND*                                     ;        ;              ;         ; Column I/O ;                 ; no       ; Off          ;
; AA15     ; 197        ; 7        ; GND*                                     ;        ;              ;         ; Column I/O ;                 ; no       ; Off          ;
; AA16     ; 209        ; 7        ; GND*                                     ;        ;              ;         ; Column I/O ;                 ; no       ; Off          ;
; AA17     ; 219        ; 7        ; GND*                                     ;        ;              ;         ; Column I/O ;                 ; no       ; Off          ;
; AA18     ; 220        ; 7        ; GND*                                     ;        ;              ;         ; Column I/O ;                 ; no       ; Off          ;
; AA19     ;            ;          ; VCCA_PLL4                                ; power  ;              ; 1.2V    ; --         ;                 ; --       ; --           ;
; AA20     ; 230        ; 7        ; GND*                                     ;        ;              ;         ; Column I/O ;                 ; no       ; Off          ;
; AA21     ;            ;          ; GND_PLL4                                 ; gnd    ;              ;         ; --         ;                 ; --       ; --           ;
; AA22     ;            ; 6        ; VCCIO6                                   ; power  ;              ; 3.3V    ; --         ;                 ; --       ; --           ;
; AA23     ; 256        ; 6        ; GND*                                     ;        ;              ;         ; Row I/O    ;                 ; no       ; Off          ;
; AA24     ; 255        ; 6        ; GND*                                     ;        ;              ;         ; Row I/O    ;                 ; no       ; Off          ;
; AA25     ; 266        ; 6        ; GND*                                     ;        ;              ;         ; Row I/O    ;                 ; no       ; Off          ;
; AA26     ; 267        ; 6        ; GND*                                     ;        ;              ;         ; Row I/O    ;                 ; no       ; Off          ;
; AB1      ; 115        ; 1        ; GND*                                     ;        ;              ;         ; Row I/O    ;                 ; no       ; Off          ;
; AB2      ; 114        ; 1        ; GND*                                     ;        ;              ;         ; Row I/O    ;                 ; no       ; Off          ;
; AB3      ; 126        ; 1        ; GND*                                     ;        ;              ;         ; Row I/O    ;                 ; no       ; Off          ;
; AB4      ; 127        ; 1        ; GND*                                     ;        ;              ;         ; Row I/O    ;                 ; no       ; Off          ;
; AB5      ;            ; 1        ; VCCIO1                                   ; power  ;              ; 3.3V    ; --         ;                 ; --       ; --           ;
; AB6      ;            ; 8        ; VCCIO8                                   ; power  ;              ; 3.3V    ; --         ;                 ; --       ; --           ;
; AB7      ;            ;          ; GND                                      ; gnd    ;              ;         ; --         ;                 ; --       ; --           ;
; AB8      ; 147        ; 8        ; GND*                                     ;        ;              ;         ; Column I/O ;                 ; no       ; Off          ;
; AB9      ;            ; 8        ; VCCIO8                                   ; power  ;              ; 3.3V    ; --         ;                 ; --       ; --           ;
; AB10     ; 154        ; 8        ; GND*                                     ;        ;              ;         ; Column I/O ;                 ; no       ; Off          ;
; AB11     ;            ;          ; GND                                      ; gnd    ;              ;         ; --         ;                 ; --       ; --           ;
; AB12     ; 171        ; 8        ; GND*                                     ;        ;              ;         ; Column I/O ;                 ; no       ; Off          ;
; AB13     ;            ; 8        ; VCCIO8                                   ; power  ;              ; 3.3V    ; --         ;                 ; --       ; --           ;
; AB14     ;            ; 7        ; VCCIO7                                   ; power  ;              ; 3.3V    ; --         ;                 ; --       ; --           ;
; AB15     ; 198        ; 7        ; GND*                                     ;        ;              ;         ; Column I/O ;                 ; no       ; Off          ;
; AB16     ;            ;          ; GND                                      ; gnd    ;              ;         ; --         ;                 ; --       ; --           ;
; AB17     ;            ; 7        ; VCCIO7                                   ; power  ;              ; 3.3V    ; --         ;                 ; --       ; --           ;
; AB18     ; 215        ; 7        ; GND*                                     ;        ;              ;         ; Column I/O ;                 ; no       ; Off          ;
; AB19     ;            ;          ; GND                                      ; gnd    ;              ;         ; --         ;                 ; --       ; --           ;
; AB20     ; 225        ; 7        ; GND*                                     ;        ;              ;         ; Column I/O ;                 ; no       ; Off          ;
; AB21     ; 242        ; 7        ; GND*                                     ;        ;              ;         ; Column I/O ;                 ; no       ; Off          ;
; AB22     ;            ; 7        ; VCCIO7                                   ; power  ;              ; 3.3V    ; --         ;                 ; --       ; --           ;
; AB23     ; 258        ; 6        ; GND*                                     ;        ;              ;         ; Row I/O    ;                 ; no       ; Off          ;
; AB24     ; 257        ; 6        ; GND*                                     ;        ;              ;         ; Row I/O    ;                 ; no       ; Off          ;
; AB25     ; 263        ; 6        ; GND*                                     ;        ;              ;         ; Row I/O    ;                 ; no       ; Off          ;
; AB26     ; 262        ; 6        ; GND*                                     ;        ;              ;         ; Row I/O    ;                 ; no       ; Off          ;
; AC1      ; 119        ; 1        ; GND*                                     ;        ;              ;         ; Row I/O    ;                 ; no       ; Off          ;
; AC2      ; 118        ; 1        ; GND*                                     ;        ;              ;         ; Row I/O    ;                 ; no       ; Off          ;
; AC3      ; 128        ; 1        ; GND*                                     ;        ;              ;         ; Row I/O    ;                 ; no       ; Off          ;
; AC4      ;            ;          ; GND                                      ; gnd    ;              ;         ; --         ;                 ; --       ; --           ;
; AC5      ; 133        ; 8        ; GND*                                     ;        ;              ;         ; Column I/O ;                 ; no       ; Off          ;
; AC6      ; 134        ; 8        ; GND*                                     ;        ;              ;         ; Column I/O ;                 ; no       ; Off          ;
; AC7      ; 143        ; 8        ; GND*                                     ;        ;              ;         ; Column I/O ;                 ; --       ; --           ;
; AC8      ; 148        ; 8        ; GND*                                     ;        ;              ;         ; Column I/O ;                 ; no       ; Off          ;
; AC9      ; 163        ; 8        ; GND*                                     ;        ;              ;         ; Column I/O ;                 ; no       ; Off          ;
; AC10     ; 164        ; 8        ; GND*                                     ;        ;              ;         ; Column I/O ;                 ; no       ; Off          ;
; AC11     ; 168        ; 8        ; GND*                                     ;        ;              ;         ; Column I/O ;                 ; no       ; Off          ;
; AC12     ; 172        ; 8        ; GND*                                     ;        ;              ;         ; Column I/O ;                 ; --       ; --           ;
; AC13     ; 185        ; 8        ; GND+                                     ;        ;              ;         ; Column I/O ;                 ; --       ; --           ;
; AC14     ; 191        ; 7        ; GND*                                     ;        ;              ;         ; Column I/O ;                 ; no       ; Off          ;
; AC15     ; 199        ; 7        ; GND*                                     ;        ;              ;         ; Column I/O ;                 ; no       ; Off          ;
; AC16     ; 202        ; 7        ; GND*                                     ;        ;              ;         ; Column I/O ;                 ; --       ; --           ;
; AC17     ; 207        ; 7        ; GND*                                     ;        ;              ;         ; Column I/O ;                 ; no       ; Off          ;
; AC18     ; 216        ; 7        ; GND*                                     ;        ;              ;         ; Column I/O ;                 ; no       ; Off          ;
; AC19     ; 222        ; 7        ; GND*                                     ;        ;              ;         ; Column I/O ;                 ; no       ; Off          ;
; AC20     ; 226        ; 7        ; GND*                                     ;        ;              ;         ; Column I/O ;                 ; no       ; Off          ;
; AC21     ; 237        ; 7        ; GND*                                     ;        ;              ;         ; Column I/O ;                 ; no       ; Off          ;
; AC22     ; 241        ; 7        ; GND*                                     ;        ;              ;         ; Column I/O ;                 ; no       ; Off          ;
; AC23     ; 245        ; 6        ; GND*                                     ;        ;              ;         ; Row I/O    ;                 ; no       ; Off          ;
; AC24     ;            ;          ; NC                                       ;        ;              ;         ; --         ;                 ; --       ; --           ;
; AC25     ; 260        ; 6        ; GND*                                     ;        ;              ;         ; Row I/O    ;                 ; no       ; Off          ;
; AC26     ; 261        ; 6        ; GND*                                     ;        ;              ;         ; Row I/O    ;                 ; no       ; Off          ;
; AD1      ;            ; 1        ; VCCIO1                                   ; power  ;              ; 3.3V    ; --         ;                 ; --       ; --           ;
; AD2      ; 122        ; 1        ; GND*                                     ;        ;              ;         ; Row I/O    ;                 ; no       ; Off          ;
; AD3      ; 123        ; 1        ; GND*                                     ;        ;              ;         ; Row I/O    ;                 ; no       ; Off          ;
; AD4      ; 135        ; 8        ; GND*                                     ;        ;              ;         ; Column I/O ;                 ; no       ; Off          ;
; AD5      ; 136        ; 8        ; GND*                                     ;        ;              ;         ; Column I/O ;                 ; no       ; Off          ;
; AD6      ; 139        ; 8        ; GND*                                     ;        ;              ;         ; Column I/O ;                 ; no       ; Off          ;
; AD7      ; 140        ; 8        ; GND*                                     ;        ;              ;         ; Column I/O ;                 ; no       ; Off          ;
; AD8      ; 149        ; 8        ; GND*                                     ;        ;              ;         ; Column I/O ;                 ; no       ; Off          ;
; AD9      ;            ;          ; GND                                      ; gnd    ;              ;         ; --         ;                 ; --       ; --           ;
; AD10     ; 167        ; 8        ; GND*                                     ;        ;              ;         ; Column I/O ;                 ; no       ; Off          ;
; AD11     ; 173        ; 8        ; GND*                                     ;        ;              ;         ; Column I/O ;                 ; no       ; Off          ;
; AD12     ; 181        ; 8        ; GND*                                     ;        ;              ;         ; Column I/O ;                 ; no       ; Off          ;
; AD13     ; 186        ; 8        ; GND+                                     ;        ;              ;         ; Column I/O ;                 ; --       ; --           ;
; AD14     ;            ;          ; GND                                      ; gnd    ;              ;         ; --         ;                 ; --       ; --           ;
; AD15     ; 190        ; 7        ; GND*                                     ;        ;              ;         ; Column I/O ;                 ; no       ; Off          ;
; AD16     ; 201        ; 7        ; GND*                                     ;        ;              ;         ; Column I/O ;                 ; no       ; Off          ;
; AD17     ; 208        ; 7        ; GND*                                     ;        ;              ;         ; Column I/O ;                 ; no       ; Off          ;
; AD18     ;            ;          ; GND                                      ; gnd    ;              ;         ; --         ;                 ; --       ; --           ;
; AD19     ; 221        ; 7        ; GND*                                     ;        ;              ;         ; Column I/O ;                 ; no       ; Off          ;
; AD20     ;            ; 7        ; VCCIO7                                   ; power  ;              ; 3.3V    ; --         ;                 ; --       ; --           ;
; AD21     ; 238        ; 7        ; GND*                                     ;        ;              ;         ; Column I/O ;                 ; no       ; Off          ;
; AD22     ; 240        ; 7        ; GND*                                     ;        ;              ;         ; Column I/O ;                 ; no       ; Off          ;
; AD23     ; 239        ; 7        ; GND*                                     ;        ;              ;         ; Column I/O ;                 ; no       ; Off          ;
; AD24     ; 249        ; 6        ; GND*                                     ;        ;              ;         ; Row I/O    ;                 ; no       ; Off          ;
; AD25     ; 248        ; 6        ; GND*                                     ;        ;              ;         ; Row I/O    ;                 ; no       ; Off          ;
; AD26     ;            ; 6        ; VCCIO6                                   ; power  ;              ; 3.3V    ; --         ;                 ; --       ; --           ;
; AE1      ;            ;          ; GND                                      ; gnd    ;              ;         ; --         ;                 ; --       ; --           ;
; AE2      ; 124        ; 1        ; GND*                                     ;        ;              ;         ; Row I/O    ;                 ; no       ; Off          ;
; AE3      ; 125        ; 1        ; GND*                                     ;        ;              ;         ; Row I/O    ;                 ; no       ; Off          ;
; AE4      ; 131        ; 8        ; GND*                                     ;        ;              ;         ; Column I/O ;                 ; no       ; Off          ;
; AE5      ; 137        ; 8        ; GND*                                     ;        ;              ;         ; Column I/O ;                 ; no       ; Off          ;
; AE6      ; 150        ; 8        ; GND*                                     ;        ;              ;         ; Column I/O ;                 ; no       ; Off          ;
; AE7      ; 157        ; 8        ; GND*                                     ;        ;              ;         ; Column I/O ;                 ; no       ; Off          ;
; AE8      ; 159        ; 8        ; GND*                                     ;        ;              ;         ; Column I/O ;                 ; no       ; Off          ;
; AE9      ; 165        ; 8        ; GND*                                     ;        ;              ;         ; Column I/O ;                 ; no       ; Off          ;
; AE10     ; 169        ; 8        ; GND*                                     ;        ;              ;         ; Column I/O ;                 ; no       ; Off          ;
; AE11     ; 174        ; 8        ; GND*                                     ;        ;              ;         ; Column I/O ;                 ; no       ; Off          ;
; AE12     ; 182        ; 8        ; GND*                                     ;        ;              ;         ; Column I/O ;                 ; no       ; Off          ;
; AE13     ; 183        ; 8        ; GND*                                     ;        ;              ;         ; Column I/O ;                 ; no       ; Off          ;
; AE14     ; 188        ; 7        ; GND+                                     ;        ;              ;         ; Column I/O ;                 ; --       ; --           ;
; AE15     ; 189        ; 7        ; GND*                                     ;        ;              ;         ; Column I/O ;                 ; no       ; Off          ;
; AE16     ; 200        ; 7        ; GND*                                     ;        ;              ;         ; Column I/O ;                 ; no       ; Off          ;
; AE17     ; 206        ; 7        ; GND*                                     ;        ;              ;         ; Column I/O ;                 ; no       ; Off          ;
; AE18     ; 212        ; 7        ; GND*                                     ;        ;              ;         ; Column I/O ;                 ; no       ; Off          ;
; AE19     ; 214        ; 7        ; GND*                                     ;        ;              ;         ; Column I/O ;                 ; no       ; Off          ;
; AE20     ; 224        ; 7        ; GND*                                     ;        ;              ;         ; Column I/O ;                 ; no       ; Off          ;
; AE21     ; 228        ; 7        ; GND*                                     ;        ;              ;         ; Column I/O ;                 ; no       ; Off          ;
; AE22     ; 236        ; 7        ; GND*                                     ;        ;              ;         ; Column I/O ;                 ; no       ; Off          ;
; AE23     ; 244        ; 7        ; GND*                                     ;        ;              ;         ; Column I/O ;                 ; no       ; Off          ;
; AE24     ; 247        ; 6        ; ~LVDS150p/nCEO~                          ; output ; 3.3-V LVTTL  ;         ; Row I/O    ; N               ; no       ; Off          ;
; AE25     ; 246        ; 6        ; GND*                                     ;        ;              ;         ; Row I/O    ;                 ; no       ; Off          ;
; AE26     ;            ;          ; GND                                      ; gnd    ;              ;         ; --         ;                 ; --       ; --           ;
; AF2      ;            ;          ; GND                                      ; gnd    ;              ;         ; --         ;                 ; --       ; --           ;
; AF3      ;            ; 8        ; VCCIO8                                   ; power  ;              ; 3.3V    ; --         ;                 ; --       ; --           ;
; AF4      ; 132        ; 8        ; GND*                                     ;        ;              ;         ; Column I/O ;                 ; no       ; Off          ;
; AF5      ; 138        ; 8        ; GND*                                     ;        ;              ;         ; Column I/O ;                 ; no       ; Off          ;
; AF6      ; 151        ; 8        ; GND*                                     ;        ;              ;         ; Column I/O ;                 ; no       ; Off          ;
; AF7      ; 158        ; 8        ; GND*                                     ;        ;              ;         ; Column I/O ;                 ; no       ; Off          ;
; AF8      ; 160        ; 8        ; GND*                                     ;        ;              ;         ; Column I/O ;                 ; no       ; Off          ;
; AF9      ; 166        ; 8        ; GND*                                     ;        ;              ;         ; Column I/O ;                 ; no       ; Off          ;
; AF10     ; 170        ; 8        ; GND*                                     ;        ;              ;         ; Column I/O ;                 ; no       ; Off          ;
; AF11     ;            ; 8        ; VCCIO8                                   ; power  ;              ; 3.3V    ; --         ;                 ; --       ; --           ;
; AF12     ;            ;          ; GND                                      ; gnd    ;              ;         ; --         ;                 ; --       ; --           ;
; AF13     ; 184        ; 8        ; GND*                                     ;        ;              ;         ; Column I/O ;                 ; no       ; Off          ;
; AF14     ; 187        ; 7        ; GND+                                     ;        ;              ;         ; Column I/O ;                 ; --       ; --           ;
; AF15     ;            ;          ; GND                                      ; gnd    ;              ;         ; --         ;                 ; --       ; --           ;
; AF16     ;            ; 7        ; VCCIO7                                   ; power  ;              ; 3.3V    ; --         ;                 ; --       ; --           ;
; AF17     ; 205        ; 7        ; GND*                                     ;        ;              ;         ; Column I/O ;                 ; no       ; Off          ;
; AF18     ; 211        ; 7        ; GND*                                     ;        ;              ;         ; Column I/O ;                 ; no       ; Off          ;
; AF19     ; 213        ; 7        ; GND*                                     ;        ;              ;         ; Column I/O ;                 ; no       ; Off          ;
; AF20     ; 223        ; 7        ; GND*                                     ;        ;              ;         ; Column I/O ;                 ; no       ; Off          ;
; AF21     ; 227        ; 7        ; GND*                                     ;        ;              ;         ; Column I/O ;                 ; no       ; Off          ;
; AF22     ; 235        ; 7        ; GND*                                     ;        ;              ;         ; Column I/O ;                 ; no       ; Off          ;
; AF23     ; 243        ; 7        ; GND*                                     ;        ;              ;         ; Column I/O ;                 ; no       ; Off          ;
; AF24     ;            ; 7        ; VCCIO7                                   ; power  ;              ; 3.3V    ; --         ;                 ; --       ; --           ;
; AF25     ;            ;          ; GND                                      ; gnd    ;              ;         ; --         ;                 ; --       ; --           ;
; B1       ;            ;          ; GND                                      ; gnd    ;              ;         ; --         ;                 ; --       ; --           ;
; B2       ; 2          ; 2        ; GND*                                     ;        ;              ;         ; Row I/O    ;                 ; no       ; Off          ;
; B3       ; 3          ; 2        ; GND*                                     ;        ;              ;         ; Row I/O    ;                 ; no       ; Off          ;
; B4       ; 483        ; 3        ; GND*                                     ;        ;              ;         ; Column I/O ;                 ; no       ; Off          ;
; B5       ; 481        ; 3        ; GND*                                     ;        ;              ;         ; Column I/O ;                 ; no       ; Off          ;
; B6       ; 480        ; 3        ; GND*                                     ;        ;              ;         ; Column I/O ;                 ; no       ; Off          ;
; B7       ; 466        ; 3        ; GND*                                     ;        ;              ;         ; Column I/O ;                 ; no       ; Off          ;
; B8       ; 458        ; 3        ; GND*                                     ;        ;              ;         ; Column I/O ;                 ; no       ; Off          ;
; B9       ; 452        ; 3        ; GND*                                     ;        ;              ;         ; Column I/O ;                 ; no       ; Off          ;
; B10      ; 448        ; 3        ; GND*                                     ;        ;              ;         ; Column I/O ;                 ; no       ; Off          ;
; B11      ; 435        ; 3        ; GND*                                     ;        ;              ;         ; Column I/O ;                 ; no       ; Off          ;
; B12      ; 433        ; 3        ; GND*                                     ;        ;              ;         ; Column I/O ;                 ; no       ; Off          ;
; B13      ; 429        ; 4        ; GND+                                     ;        ;              ;         ; Column I/O ;                 ; --       ; --           ;
; B14      ; 428        ; 4        ; GND*                                     ;        ;              ;         ; Column I/O ;                 ; no       ; Off          ;
; B15      ; 420        ; 4        ; GND*                                     ;        ;              ;         ; Column I/O ;                 ; no       ; Off          ;
; B16      ; 419        ; 4        ; GND*                                     ;        ;              ;         ; Column I/O ;                 ; no       ; Off          ;
; B17      ; 411        ; 4        ; GND*                                     ;        ;              ;         ; Column I/O ;                 ; no       ; Off          ;
; B18      ; 405        ; 4        ; GND*                                     ;        ;              ;         ; Column I/O ;                 ; no       ; Off          ;
; B19      ; 393        ; 4        ; GND*                                     ;        ;              ;         ; Column I/O ;                 ; no       ; Off          ;
; B20      ; 389        ; 4        ; GND*                                     ;        ;              ;         ; Column I/O ;                 ; no       ; Off          ;
; B21      ; 381        ; 4        ; GND*                                     ;        ;              ;         ; Column I/O ;                 ; no       ; Off          ;
; B22      ; 380        ; 4        ; GND*                                     ;        ;              ;         ; Column I/O ;                 ; no       ; Off          ;
; B23      ; 377        ; 4        ; GND*                                     ;        ;              ;         ; Column I/O ;                 ; no       ; Off          ;
; B24      ; 363        ; 5        ; GND*                                     ;        ;              ;         ; Row I/O    ;                 ; no       ; Off          ;
; B25      ; 362        ; 5        ; GND*                                     ;        ;              ;         ; Row I/O    ;                 ; no       ; Off          ;
; B26      ;            ;          ; GND                                      ; gnd    ;              ;         ; --         ;                 ; --       ; --           ;
; C1       ;            ; 2        ; VCCIO2                                   ; power  ;              ; 3.3V    ; --         ;                 ; --       ; --           ;
; C2       ; 6          ; 2        ; GND*                                     ;        ;              ;         ; Row I/O    ;                 ; no       ; Off          ;
; C3       ; 7          ; 2        ; GND*                                     ;        ;              ;         ; Row I/O    ;                 ; no       ; Off          ;
; C4       ; 478        ; 3        ; GND*                                     ;        ;              ;         ; Column I/O ;                 ; no       ; Off          ;
; C5       ; 486        ; 3        ; GND*                                     ;        ;              ;         ; Column I/O ;                 ; no       ; Off          ;
; C6       ; 485        ; 3        ; GND*                                     ;        ;              ;         ; Column I/O ;                 ; no       ; Off          ;
; C7       ; 468        ; 3        ; GND*                                     ;        ;              ;         ; Column I/O ;                 ; no       ; Off          ;
; C8       ; 463        ; 3        ; GND*                                     ;        ;              ;         ; Column I/O ;                 ; no       ; Off          ;
; C9       ; 459        ; 3        ; GND*                                     ;        ;              ;         ; Column I/O ;                 ; no       ; Off          ;
; C10      ; 450        ; 3        ; GND*                                     ;        ;              ;         ; Column I/O ;                 ; no       ; Off          ;
; C11      ; 436        ; 3        ; GND*                                     ;        ;              ;         ; Column I/O ;                 ; no       ; Off          ;
; C12      ; 434        ; 3        ; GND*                                     ;        ;              ;         ; Column I/O ;                 ; no       ; Off          ;
; C13      ; 431        ; 3        ; GND+                                     ;        ;              ;         ; Column I/O ;                 ; --       ; --           ;
; C14      ;            ;          ; GND                                      ; gnd    ;              ;         ; --         ;                 ; --       ; --           ;
; C15      ; 421        ; 4        ; GND*                                     ;        ;              ;         ; Column I/O ;                 ; no       ; Off          ;
; C16      ; 418        ; 4        ; GND*                                     ;        ;              ;         ; Column I/O ;                 ; no       ; Off          ;
; C17      ; 404        ; 4        ; GND*                                     ;        ;              ;         ; Column I/O ;                 ; no       ; Off          ;
; C18      ;            ;          ; GND                                      ; gnd    ;              ;         ; --         ;                 ; --       ; --           ;
; C19      ; 391        ; 4        ; GND*                                     ;        ;              ;         ; Column I/O ;                 ; no       ; Off          ;
; C20      ;            ; 4        ; VCCIO4                                   ; power  ;              ; 3.3V    ; --         ;                 ; --       ; --           ;
; C21      ; 375        ; 4        ; GND*                                     ;        ;              ;         ; Column I/O ;                 ; no       ; Off          ;
; C22      ; 374        ; 4        ; GND*                                     ;        ;              ;         ; Column I/O ;                 ; no       ; Off          ;
; C23      ; 373        ; 4        ; GND*                                     ;        ;              ;         ; Column I/O ;                 ; no       ; Off          ;
; C24      ; 360        ; 5        ; GND*                                     ;        ;              ;         ; Row I/O    ;                 ; no       ; Off          ;
; C25      ; 361        ; 5        ; GND*                                     ;        ;              ;         ; Row I/O    ;                 ; no       ; Off          ;
; C26      ;            ; 5        ; VCCIO5                                   ; power  ;              ; 3.3V    ; --         ;                 ; --       ; --           ;
; D1       ; 13         ; 2        ; GND*                                     ;        ;              ;         ; Row I/O    ;                 ; no       ; Off          ;
; D2       ; 12         ; 2        ; GND*                                     ;        ;              ;         ; Row I/O    ;                 ; no       ; Off          ;
; D3       ; 1          ; 2        ; ~nCSO~ / RESERVED_INPUT_WITH_WEAK_PULLUP ; input  ; 3.3-V LVTTL  ;         ; Row I/O    ; N               ; no       ; On           ;
; D4       ;            ;          ; GND                                      ; gnd    ;              ;         ; --         ;                 ; --       ; --           ;
; D5       ; 477        ; 3        ; GND*                                     ;        ;              ;         ; Column I/O ;                 ; no       ; Off          ;
; D6       ; 467        ; 3        ; GND*                                     ;        ;              ;         ; Column I/O ;                 ; no       ; Off          ;
; D7       ; 469        ; 3        ; GND*                                     ;        ;              ;         ; Column I/O ;                 ; no       ; Off          ;
; D8       ; 464        ; 3        ; GND*                                     ;        ;              ;         ; Column I/O ;                 ; no       ; Off          ;
; D9       ; 460        ; 3        ; GND*                                     ;        ;              ;         ; Column I/O ;                 ; no       ; Off          ;
; D10      ; 449        ; 3        ; GND*                                     ;        ;              ;         ; Column I/O ;                 ; no       ; Off          ;
; D11      ; 445        ; 3        ; GND*                                     ;        ;              ;         ; Column I/O ;                 ; --       ; --           ;
; D12      ; 443        ; 3        ; GND*                                     ;        ;              ;         ; Column I/O ;                 ; no       ; Off          ;
; D13      ; 432        ; 3        ; GND+                                     ;        ;              ;         ; Column I/O ;                 ; --       ; --           ;
; D14      ; 426        ; 4        ; GND*                                     ;        ;              ;         ; Column I/O ;                 ; no       ; Off          ;
; D15      ; 417        ; 4        ; GND*                                     ;        ;              ;         ; Column I/O ;                 ; no       ; Off          ;
; D16      ; 415        ; 4        ; GND*                                     ;        ;              ;         ; Column I/O ;                 ; --       ; --           ;
; D17      ; 403        ; 4        ; GND*                                     ;        ;              ;         ; Column I/O ;                 ; no       ; Off          ;
; D18      ; 396        ; 4        ; GND*                                     ;        ;              ;         ; Column I/O ;                 ; no       ; Off          ;
; D19      ; 392        ; 4        ; GND*                                     ;        ;              ;         ; Column I/O ;                 ; no       ; Off          ;
; D20      ; 387        ; 4        ; GND*                                     ;        ;              ;         ; Column I/O ;                 ; no       ; Off          ;
; D21      ; 376        ; 4        ; GND*                                     ;        ;              ;         ; Column I/O ;                 ; no       ; Off          ;
; D22      ;            ; 4        ; VCCIO4                                   ; power  ;              ; 3.3V    ; --         ;                 ; --       ; --           ;
; D23      ; 369        ; 5        ; GND*                                     ;        ;              ;         ; Row I/O    ;                 ; no       ; Off          ;
; D24      ;            ;          ; GND                                      ; gnd    ;              ;         ; --         ;                 ; --       ; --           ;
; D25      ; 358        ; 5        ; GND*                                     ;        ;              ;         ; Row I/O    ;                 ; no       ; Off          ;
; D26      ; 359        ; 5        ; GND*                                     ;        ;              ;         ; Row I/O    ;                 ; no       ; Off          ;
; E1       ; 20         ; 2        ; GND*                                     ;        ;              ;         ; Row I/O    ;                 ; no       ; Off          ;
; E2       ; 19         ; 2        ; GND*                                     ;        ;              ;         ; Row I/O    ;                 ; no       ; Off          ;
; E3       ; 0          ; 2        ; ~ASDO~ / RESERVED_INPUT_WITH_WEAK_PULLUP ; input  ; 3.3-V LVTTL  ;         ; Row I/O    ; N               ; no       ; On           ;
; E4       ;            ;          ; GND_PLL3                                 ; gnd    ;              ;         ; --         ;                 ; --       ; --           ;
; E5       ; 4          ; 2        ; GND*                                     ;        ;              ;         ; Row I/O    ;                 ; no       ; Off          ;
; E6       ;            ; 3        ; VCCIO3                                   ; power  ;              ; 3.3V    ; --         ;                 ; --       ; --           ;
; E7       ;            ;          ; GND                                      ; gnd    ;              ;         ; --         ;                 ; --       ; --           ;
; E8       ; 474        ; 3        ; GND*                                     ;        ;              ;         ; Column I/O ;                 ; --       ; --           ;
; E9       ;            ; 3        ; VCCIO3                                   ; power  ;              ; 3.3V    ; --         ;                 ; --       ; --           ;
; E10      ; 453        ; 3        ; GND*                                     ;        ;              ;         ; Column I/O ;                 ; no       ; Off          ;
; E11      ;            ;          ; GND                                      ; gnd    ;              ;         ; --         ;                 ; --       ; --           ;
; E12      ; 444        ; 3        ; GND*                                     ;        ;              ;         ; Column I/O ;                 ; no       ; Off          ;
; E13      ;            ; 3        ; VCCIO3                                   ; power  ;              ; 3.3V    ; --         ;                 ; --       ; --           ;
; E14      ;            ; 4        ; VCCIO4                                   ; power  ;              ; 3.3V    ; --         ;                 ; --       ; --           ;
; E15      ; 416        ; 4        ; GND*                                     ;        ;              ;         ; Column I/O ;                 ; no       ; Off          ;
; E16      ;            ;          ; GND                                      ; gnd    ;              ;         ; --         ;                 ; --       ; --           ;
; E17      ;            ; 4        ; VCCIO4                                   ; power  ;              ; 3.3V    ; --         ;                 ; --       ; --           ;
; E18      ; 395        ; 4        ; GND*                                     ;        ;              ;         ; Column I/O ;                 ; no       ; Off          ;
; E19      ;            ;          ; GND                                      ; gnd    ;              ;         ; --         ;                 ; --       ; --           ;
; E20      ; 388        ; 4        ; GND*                                     ;        ;              ;         ; Column I/O ;                 ; --       ; --           ;
; E21      ;            ;          ; GND_PLL2                                 ; gnd    ;              ;         ; --         ;                 ; --       ; --           ;
; E22      ; 370        ; 5        ; GND*                                     ;        ;              ;         ; Row I/O    ;                 ; no       ; Off          ;
; E23      ; 365        ; 5        ; GND*                                     ;        ;              ;         ; Row I/O    ;                 ; no       ; Off          ;
; E24      ; 364        ; 5        ; GND*                                     ;        ;              ;         ; Row I/O    ;                 ; no       ; Off          ;
; E25      ; 355        ; 5        ; GND*                                     ;        ;              ;         ; Row I/O    ;                 ; no       ; Off          ;
; E26      ; 356        ; 5        ; GND*                                     ;        ;              ;         ; Row I/O    ;                 ; no       ; Off          ;
; F1       ; 29         ; 2        ; GND*                                     ;        ;              ;         ; Row I/O    ;                 ; no       ; Off          ;
; F2       ; 28         ; 2        ; GND*                                     ;        ;              ;         ; Row I/O    ;                 ; no       ; Off          ;
; F3       ; 10         ; 2        ; GND*                                     ;        ;              ;         ; Row I/O    ;                 ; no       ; Off          ;
; F4       ; 11         ; 2        ; GND*                                     ;        ;              ;         ; Row I/O    ;                 ; no       ; Off          ;
; F5       ;            ; 2        ; VCCIO2                                   ; power  ;              ; 3.3V    ; --         ;                 ; --       ; --           ;
; F6       ; 5          ; 2        ; GND*                                     ;        ;              ;         ; Row I/O    ;                 ; no       ; Off          ;
; F7       ; 14         ; 2        ; GND*                                     ;        ;              ;         ; Row I/O    ;                 ; no       ; Off          ;
; F8       ;            ;          ; GNDA_PLL3                                ; gnd    ;              ;         ; --         ;                 ; --       ; --           ;
; F9       ; 470        ; 3        ; GND*                                     ;        ;              ;         ; Column I/O ;                 ; no       ; Off          ;
; F10      ; 462        ; 3        ; GND*                                     ;        ;              ;         ; Column I/O ;                 ; no       ; Off          ;
; F11      ; 454        ; 3        ; GND*                                     ;        ;              ;         ; Column I/O ;                 ; no       ; Off          ;
; F12      ; 440        ; 3        ; GND*                                     ;        ;              ;         ; Column I/O ;                 ; no       ; Off          ;
; F13      ; 423        ; 4        ; GND*                                     ;        ;              ;         ; Column I/O ;                 ; no       ; Off          ;
; F14      ; 425        ; 4        ; GND*                                     ;        ;              ;         ; Column I/O ;                 ; no       ; Off          ;
; F15      ; 409        ; 4        ; GND*                                     ;        ;              ;         ; Column I/O ;                 ; no       ; Off          ;
; F16      ; 408        ; 4        ; GND*                                     ;        ;              ;         ; Column I/O ;                 ; no       ; Off          ;
; F17      ; 401        ; 4        ; GND*                                     ;        ;              ;         ; Column I/O ;                 ; no       ; Off          ;
; F18      ; 398        ; 4        ; GND*                                     ;        ;              ;         ; Column I/O ;                 ; no       ; Off          ;
; F19      ;            ;          ; GNDA_PLL2                                ; gnd    ;              ;         ; --         ;                 ; --       ; --           ;
; F20      ; 372        ; 5        ; GND*                                     ;        ;              ;         ; Row I/O    ;                 ; no       ; Off          ;
; F21      ; 371        ; 5        ; GND*                                     ;        ;              ;         ; Row I/O    ;                 ; no       ; Off          ;
; F22      ;            ; 5        ; VCCIO5                                   ; power  ;              ; 3.3V    ; --         ;                 ; --       ; --           ;
; F23      ; 353        ; 5        ; GND*                                     ;        ;              ;         ; Row I/O    ;                 ; no       ; Off          ;
; F24      ; 354        ; 5        ; GND*                                     ;        ;              ;         ; Row I/O    ;                 ; no       ; Off          ;
; F25      ; 350        ; 5        ; GND*                                     ;        ;              ;         ; Row I/O    ;                 ; no       ; Off          ;
; F26      ; 349        ; 5        ; GND*                                     ;        ;              ;         ; Row I/O    ;                 ; no       ; Off          ;
; G1       ; 30         ; 2        ; GND*                                     ;        ;              ;         ; Row I/O    ;                 ; no       ; Off          ;
; G2       ; 31         ; 2        ; GND*                                     ;        ;              ;         ; Row I/O    ;                 ; no       ; Off          ;
; G3       ; 24         ; 2        ; GND*                                     ;        ;              ;         ; Row I/O    ;                 ; no       ; Off          ;
; G4       ; 23         ; 2        ; GND*                                     ;        ;              ;         ; Row I/O    ;                 ; no       ; Off          ;
; G5       ; 8          ; 2        ; GND*                                     ;        ;              ;         ; Row I/O    ;                 ; no       ; Off          ;
; G6       ; 9          ; 2        ; GND*                                     ;        ;              ;         ; Row I/O    ;                 ; no       ; Off          ;
; G7       ;            ;          ; GND_PLL3                                 ; gnd    ;              ;         ; --         ;                 ; --       ; --           ;
; G8       ;            ;          ; VCCA_PLL3                                ; power  ;              ; 1.2V    ; --         ;                 ; --       ; --           ;
; G9       ; 471        ; 3        ; GND*                                     ;        ;              ;         ; Column I/O ;                 ; no       ; Off          ;
; G10      ; 461        ; 3        ; GND*                                     ;        ;              ;         ; Column I/O ;                 ; no       ; Off          ;
; G11      ; 446        ; 3        ; GND*                                     ;        ;              ;         ; Column I/O ;                 ; no       ; Off          ;
; G12      ; 439        ; 3        ; GND*                                     ;        ;              ;         ; Column I/O ;                 ; no       ; Off          ;
; G13      ; 422        ; 4        ; GND*                                     ;        ;              ;         ; Column I/O ;                 ; no       ; Off          ;
; G14      ; 424        ; 4        ; GND*                                     ;        ;              ;         ; Column I/O ;                 ; no       ; Off          ;
; G15      ; 410        ; 4        ; GND*                                     ;        ;              ;         ; Column I/O ;                 ; no       ; Off          ;
; G16      ; 407        ; 4        ; GND*                                     ;        ;              ;         ; Column I/O ;                 ; no       ; Off          ;
; G17      ; 402        ; 4        ; GND*                                     ;        ;              ;         ; Column I/O ;                 ; no       ; Off          ;
; G18      ; 397        ; 4        ; GND*                                     ;        ;              ;         ; Column I/O ;                 ; no       ; Off          ;
; G19      ;            ;          ; VCCA_PLL2                                ; power  ;              ; 1.2V    ; --         ;                 ; --       ; --           ;
; G20      ;            ;          ; GND_PLL2                                 ; gnd    ;              ;         ; --         ;                 ; --       ; --           ;
; G21      ; 368        ; 5        ; GND*                                     ;        ;              ;         ; Row I/O    ;                 ; no       ; Off          ;
; G22      ; 367        ; 5        ; GND*                                     ;        ;              ;         ; Row I/O    ;                 ; no       ; Off          ;
; G23      ; 346        ; 5        ; GND*                                     ;        ;              ;         ; Row I/O    ;                 ; no       ; Off          ;
; G24      ; 345        ; 5        ; GND*                                     ;        ;              ;         ; Row I/O    ;                 ; no       ; Off          ;
; G25      ; 343        ; 5        ; GND*                                     ;        ;              ;         ; Row I/O    ;                 ; no       ; Off          ;
; G26      ; 342        ; 5        ; KEY[0]                                   ; input  ; 3.3-V LVTTL  ;         ; Row I/O    ; Y               ; no       ; Off          ;
; H1       ; 37         ; 2        ; GND*                                     ;        ;              ;         ; Row I/O    ;                 ; no       ; Off          ;
; H2       ; 36         ; 2        ; GND*                                     ;        ;              ;         ; Row I/O    ;                 ; no       ; Off          ;
; H3       ; 32         ; 2        ; GND*                                     ;        ;              ;         ; Row I/O    ;                 ; no       ; Off          ;
; H4       ; 33         ; 2        ; GND*                                     ;        ;              ;         ; Row I/O    ;                 ; no       ; Off          ;
; H5       ;            ;          ; GND                                      ; gnd    ;              ;         ; --         ;                 ; --       ; --           ;
; H6       ; 18         ; 2        ; GND*                                     ;        ;              ;         ; Row I/O    ;                 ; no       ; Off          ;
; H7       ;            ;          ; VCCD_PLL3                                ; power  ;              ; 1.2V    ; --         ;                 ; --       ; --           ;
; H8       ; 473        ; 3        ; GND*                                     ;        ;              ;         ; Column I/O ;                 ; no       ; Off          ;
; H9       ;            ; 3        ; VCCIO3                                   ; power  ;              ; 3.3V    ; --         ;                 ; --       ; --           ;
; H10      ; 472        ; 3        ; GND*                                     ;        ;              ;         ; Column I/O ;                 ; no       ; Off          ;
; H11      ; 456        ; 3        ; GND*                                     ;        ;              ;         ; Column I/O ;                 ; no       ; Off          ;
; H12      ; 455        ; 3        ; GND*                                     ;        ;              ;         ; Column I/O ;                 ; no       ; Off          ;
; H13      ;            ;          ; GND                                      ; gnd    ;              ;         ; --         ;                 ; --       ; --           ;
; H14      ;            ;          ; GND                                      ; gnd    ;              ;         ; --         ;                 ; --       ; --           ;
; H15      ; 414        ; 4        ; GND*                                     ;        ;              ;         ; Column I/O ;                 ; no       ; Off          ;
; H16      ; 413        ; 4        ; GND*                                     ;        ;              ;         ; Column I/O ;                 ; no       ; Off          ;
; H17      ; 400        ; 4        ; GND*                                     ;        ;              ;         ; Column I/O ;                 ; no       ; Off          ;
; H18      ;            ; 4        ; VCCIO4                                   ; power  ;              ; 3.3V    ; --         ;                 ; --       ; --           ;
; H19      ; 335        ; 5        ; GND*                                     ;        ;              ;         ; Row I/O    ;                 ; no       ; Off          ;
; H20      ;            ;          ; VCCD_PLL2                                ; power  ;              ; 1.2V    ; --         ;                 ; --       ; --           ;
; H21      ; 366        ; 5        ; GND*                                     ;        ;              ;         ; Row I/O    ;                 ; no       ; Off          ;
; H22      ;            ;          ; GND                                      ; gnd    ;              ;         ; --         ;                 ; --       ; --           ;
; H23      ; 341        ; 5        ; GND*                                     ;        ;              ;         ; Row I/O    ;                 ; no       ; Off          ;
; H24      ; 340        ; 5        ; GND*                                     ;        ;              ;         ; Row I/O    ;                 ; no       ; Off          ;
; H25      ; 337        ; 5        ; GND*                                     ;        ;              ;         ; Row I/O    ;                 ; no       ; Off          ;
; H26      ; 336        ; 5        ; GND*                                     ;        ;              ;         ; Row I/O    ;                 ; no       ; Off          ;
; J1       ; 39         ; 2        ; GND*                                     ;        ;              ;         ; Row I/O    ;                 ; no       ; Off          ;
; J2       ; 38         ; 2        ; GND*                                     ;        ;              ;         ; Row I/O    ;                 ; no       ; Off          ;
; J3       ; 34         ; 2        ; GND*                                     ;        ;              ;         ; Row I/O    ;                 ; no       ; Off          ;
; J4       ; 35         ; 2        ; GND*                                     ;        ;              ;         ; Row I/O    ;                 ; no       ; Off          ;
; J5       ; 15         ; 2        ; GND*                                     ;        ;              ;         ; Row I/O    ;                 ; --       ; --           ;
; J6       ; 25         ; 2        ; GND*                                     ;        ;              ;         ; Row I/O    ;                 ; no       ; Off          ;
; J7       ; 17         ; 2        ; GND*                                     ;        ;              ;         ; Row I/O    ;                 ; no       ; Off          ;
; J8       ; 16         ; 2        ; GND*                                     ;        ;              ;         ; Row I/O    ;                 ; no       ; Off          ;
; J9       ; 475        ; 3        ; GND*                                     ;        ;              ;         ; Column I/O ;                 ; no       ; Off          ;
; J10      ; 438        ; 3        ; GND*                                     ;        ;              ;         ; Column I/O ;                 ; no       ; Off          ;
; J11      ; 437        ; 3        ; GND*                                     ;        ;              ;         ; Column I/O ;                 ; no       ; Off          ;
; J12      ;            ; 3        ; VCCIO3                                   ; power  ;              ; 3.3V    ; --         ;                 ; --       ; --           ;
; J13      ; 442        ; 3        ; GND*                                     ;        ;              ;         ; Column I/O ;                 ; no       ; Off          ;
; J14      ; 441        ; 3        ; GND*                                     ;        ;              ;         ; Column I/O ;                 ; no       ; Off          ;
; J15      ;            ; 4        ; VCCIO4                                   ; power  ;              ; 3.3V    ; --         ;                 ; --       ; --           ;
; J16      ; 385        ; 4        ; GND*                                     ;        ;              ;         ; Column I/O ;                 ; no       ; Off          ;
; J17      ; 399        ; 4        ; GND*                                     ;        ;              ;         ; Column I/O ;                 ; no       ; Off          ;
; J18      ; 383        ; 4        ; GND*                                     ;        ;              ;         ; Column I/O ;                 ; no       ; Off          ;
; J19      ;            ; 5        ; VCCIO5                                   ; power  ;              ; 3.3V    ; --         ;                 ; --       ; --           ;
; J20      ; 351        ; 5        ; GND*                                     ;        ;              ;         ; Row I/O    ;                 ; no       ; Off          ;
; J21      ; 352        ; 5        ; GND*                                     ;        ;              ;         ; Row I/O    ;                 ; no       ; Off          ;
; J22      ; 357        ; 5        ; GND*                                     ;        ;              ;         ; Row I/O    ;                 ; --       ; --           ;
; J23      ; 339        ; 5        ; GND*                                     ;        ;              ;         ; Row I/O    ;                 ; no       ; Off          ;
; J24      ; 338        ; 5        ; GND*                                     ;        ;              ;         ; Row I/O    ;                 ; no       ; Off          ;
; J25      ; 327        ; 5        ; GND*                                     ;        ;              ;         ; Row I/O    ;                 ; no       ; Off          ;
; J26      ; 326        ; 5        ; GND*                                     ;        ;              ;         ; Row I/O    ;                 ; no       ; Off          ;
; K1       ; 42         ; 2        ; GND*                                     ;        ;              ;         ; Row I/O    ;                 ; no       ; Off          ;
; K2       ; 43         ; 2        ; GND*                                     ;        ;              ;         ; Row I/O    ;                 ; no       ; Off          ;
; K3       ; 41         ; 2        ; GND*                                     ;        ;              ;         ; Row I/O    ;                 ; no       ; Off          ;
; K4       ; 40         ; 2        ; GND*                                     ;        ;              ;         ; Row I/O    ;                 ; no       ; Off          ;
; K5       ; 22         ; 2        ; GND*                                     ;        ;              ;         ; Row I/O    ;                 ; no       ; Off          ;
; K6       ; 21         ; 2        ; GND*                                     ;        ;              ;         ; Row I/O    ;                 ; no       ; Off          ;
; K7       ; 27         ; 2        ; GND*                                     ;        ;              ;         ; Row I/O    ;                 ; no       ; Off          ;
; K8       ; 26         ; 2        ; GND*                                     ;        ;              ;         ; Row I/O    ;                 ; no       ; Off          ;
; K9       ; 476        ; 3        ; GND*                                     ;        ;              ;         ; Column I/O ;                 ; no       ; Off          ;
; K10      ;            ;          ; VCCINT                                   ; power  ;              ; 1.2V    ; --         ;                 ; --       ; --           ;
; K11      ;            ;          ; VCCINT                                   ; power  ;              ; 1.2V    ; --         ;                 ; --       ; --           ;
; K12      ;            ;          ; VCCINT                                   ; power  ;              ; 1.2V    ; --         ;                 ; --       ; --           ;
; K13      ;            ;          ; VCCINT                                   ; power  ;              ; 1.2V    ; --         ;                 ; --       ; --           ;
; K14      ;            ;          ; VCCINT                                   ; power  ;              ; 1.2V    ; --         ;                 ; --       ; --           ;
; K15      ;            ;          ; VCCINT                                   ; power  ;              ; 1.2V    ; --         ;                 ; --       ; --           ;
; K16      ; 386        ; 4        ; GND*                                     ;        ;              ;         ; Column I/O ;                 ; no       ; Off          ;
; K17      ; 384        ; 4        ; GND*                                     ;        ;              ;         ; Column I/O ;                 ; no       ; Off          ;
; K18      ; 334        ; 5        ; GND*                                     ;        ;              ;         ; Row I/O    ;                 ; no       ; Off          ;
; K19      ; 333        ; 5        ; GND*                                     ;        ;              ;         ; Row I/O    ;                 ; no       ; Off          ;
; K20      ;            ;          ; GND                                      ; gnd    ;              ;         ; --         ;                 ; --       ; --           ;
; K21      ; 332        ; 5        ; GND*                                     ;        ;              ;         ; Row I/O    ;                 ; no       ; Off          ;
; K22      ; 344        ; 5        ; GND*                                     ;        ;              ;         ; Row I/O    ;                 ; no       ; Off          ;
; K23      ; 331        ; 5        ; GND*                                     ;        ;              ;         ; Row I/O    ;                 ; no       ; Off          ;
; K24      ; 330        ; 5        ; GND*                                     ;        ;              ;         ; Row I/O    ;                 ; no       ; Off          ;
; K25      ; 321        ; 5        ; GND*                                     ;        ;              ;         ; Row I/O    ;                 ; no       ; Off          ;
; K26      ; 320        ; 5        ; GND*                                     ;        ;              ;         ; Row I/O    ;                 ; no       ; Off          ;
; L1       ;            ; 2        ; VCCIO2                                   ; power  ;              ; 3.3V    ; --         ;                 ; --       ; --           ;
; L2       ; 50         ; 2        ; GND*                                     ;        ;              ;         ; Row I/O    ;                 ; no       ; Off          ;
; L3       ; 51         ; 2        ; GND*                                     ;        ;              ;         ; Row I/O    ;                 ; no       ; Off          ;
; L4       ; 44         ; 2        ; GND*                                     ;        ;              ;         ; Row I/O    ;                 ; --       ; --           ;
; L5       ;            ;          ; GND                                      ; gnd    ;              ;         ; --         ;                 ; --       ; --           ;
; L6       ; 48         ; 2        ; GND*                                     ;        ;              ;         ; Row I/O    ;                 ; no       ; Off          ;
; L7       ; 47         ; 2        ; GND*                                     ;        ;              ;         ; Row I/O    ;                 ; no       ; Off          ;
; L8       ; 59         ; 2        ; altera_reserved_tms                      ; input  ; 3.3-V LVTTL  ;         ; --         ; N               ; no       ; Off          ;
; L9       ; 49         ; 2        ; GND*                                     ;        ;              ;         ; Row I/O    ;                 ; no       ; Off          ;
; L10      ; 52         ; 2        ; GND*                                     ;        ;              ;         ; Row I/O    ;                 ; no       ; Off          ;
; L11      ;            ;          ; VCCINT                                   ; power  ;              ; 1.2V    ; --         ;                 ; --       ; --           ;
; L12      ;            ;          ; GND                                      ; gnd    ;              ;         ; --         ;                 ; --       ; --           ;
; L13      ;            ;          ; GND                                      ; gnd    ;              ;         ; --         ;                 ; --       ; --           ;
; L14      ;            ;          ; GND                                      ; gnd    ;              ;         ; --         ;                 ; --       ; --           ;
; L15      ;            ;          ; GND                                      ; gnd    ;              ;         ; --         ;                 ; --       ; --           ;
; L16      ;            ;          ; VCCINT                                   ; power  ;              ; 1.2V    ; --         ;                 ; --       ; --           ;
; L17      ;            ;          ; VCCINT                                   ; power  ;              ; 1.2V    ; --         ;                 ; --       ; --           ;
; L18      ;            ;          ; VCCINT                                   ; power  ;              ; 1.2V    ; --         ;                 ; --       ; --           ;
; L19      ; 322        ; 5        ; GND*                                     ;        ;              ;         ; Row I/O    ;                 ; no       ; Off          ;
; L20      ; 328        ; 5        ; GND*                                     ;        ;              ;         ; Row I/O    ;                 ; no       ; Off          ;
; L21      ; 329        ; 5        ; GND*                                     ;        ;              ;         ; Row I/O    ;                 ; no       ; Off          ;
; L22      ;            ;          ; GND                                      ; gnd    ;              ;         ; --         ;                 ; --       ; --           ;
; L23      ; 325        ; 5        ; GND*                                     ;        ;              ;         ; Row I/O    ;                 ; --       ; --           ;
; L24      ; 324        ; 5        ; GND*                                     ;        ;              ;         ; Row I/O    ;                 ; no       ; Off          ;
; L25      ; 323        ; 5        ; GND*                                     ;        ;              ;         ; Row I/O    ;                 ; no       ; Off          ;
; L26      ;            ; 5        ; VCCIO5                                   ; power  ;              ; 3.3V    ; --         ;                 ; --       ; --           ;
; M1       ;            ;          ; GND                                      ; gnd    ;              ;         ; --         ;                 ; --       ; --           ;
; M2       ; 56         ; 2        ; GND*                                     ;        ;              ;         ; Row I/O    ;                 ; no       ; Off          ;
; M3       ; 55         ; 2        ; GND*                                     ;        ;              ;         ; Row I/O    ;                 ; no       ; Off          ;
; M4       ; 53         ; 2        ; GND*                                     ;        ;              ;         ; Row I/O    ;                 ; no       ; Off          ;
; M5       ; 54         ; 2        ; GND*                                     ;        ;              ;         ; Row I/O    ;                 ; no       ; Off          ;
; M6       ; 58         ; 2        ; altera_reserved_tck                      ; input  ; 3.3-V LVTTL  ;         ; --         ; N               ; no       ; Off          ;
; M7       ; 60         ; 2        ; altera_reserved_tdo                      ; output ; 3.3-V LVTTL  ;         ; --         ; N               ; no       ; Off          ;
; M8       ; 57         ; 2        ; altera_reserved_tdi                      ; input  ; 3.3-V LVTTL  ;         ; --         ; N               ; no       ; Off          ;
; M9       ;            ; 2        ; VCCIO2                                   ; power  ;              ; 3.3V    ; --         ;                 ; --       ; --           ;
; M10      ;            ;          ; VCCINT                                   ; power  ;              ; 1.2V    ; --         ;                 ; --       ; --           ;
; M11      ;            ;          ; VCCINT                                   ; power  ;              ; 1.2V    ; --         ;                 ; --       ; --           ;
; M12      ;            ;          ; GND                                      ; gnd    ;              ;         ; --         ;                 ; --       ; --           ;
; M13      ;            ;          ; GND                                      ; gnd    ;              ;         ; --         ;                 ; --       ; --           ;
; M14      ;            ;          ; GND                                      ; gnd    ;              ;         ; --         ;                 ; --       ; --           ;
; M15      ;            ;          ; GND                                      ; gnd    ;              ;         ; --         ;                 ; --       ; --           ;
; M16      ;            ;          ; VCCINT                                   ; power  ;              ; 1.2V    ; --         ;                 ; --       ; --           ;
; M17      ;            ;          ; VCCINT                                   ; power  ;              ; 1.2V    ; --         ;                 ; --       ; --           ;
; M18      ;            ; 5        ; VCCIO5                                   ; power  ;              ; 3.3V    ; --         ;                 ; --       ; --           ;
; M19      ; 317        ; 5        ; GND*                                     ;        ;              ;         ; Row I/O    ;                 ; no       ; Off          ;
; M20      ; 316        ; 5        ; GND*                                     ;        ;              ;         ; Row I/O    ;                 ; no       ; Off          ;
; M21      ; 314        ; 5        ; GND*                                     ;        ;              ;         ; Row I/O    ;                 ; no       ; Off          ;
; M22      ; 319        ; 5        ; GND*                                     ;        ;              ;         ; Row I/O    ;                 ; no       ; Off          ;
; M23      ; 318        ; 5        ; GND*                                     ;        ;              ;         ; Row I/O    ;                 ; no       ; Off          ;
; M24      ; 313        ; 5        ; GND*                                     ;        ;              ;         ; Row I/O    ;                 ; no       ; Off          ;
; M25      ; 312        ; 5        ; GND*                                     ;        ;              ;         ; Row I/O    ;                 ; no       ; Off          ;
; M26      ;            ;          ; GND                                      ; gnd    ;              ;         ; --         ;                 ; --       ; --           ;
; N1       ; 65         ; 2        ; GND+                                     ;        ;              ;         ; Row I/O    ;                 ; --       ; --           ;
; N2       ; 64         ; 2        ; CLOCK_50                                 ; input  ; 3.3-V LVTTL  ;         ; Row I/O    ; Y               ; no       ; Off          ;
; N3       ; 62         ; 2        ; ^DATA0                                   ; input  ;              ;         ; --         ;                 ; --       ; --           ;
; N4       ; 63         ; 2        ; ^nCE                                     ;        ;              ;         ; --         ;                 ; --       ; --           ;
; N5       ;            ; 2        ; VCCIO2                                   ; power  ;              ; 3.3V    ; --         ;                 ; --       ; --           ;
; N6       ; 61         ; 2        ; ^DCLK                                    ;        ;              ;         ; --         ;                 ; --       ; --           ;
; N7       ; 66         ; 2        ; ^nCONFIG                                 ;        ;              ;         ; --         ;                 ; --       ; --           ;
; N8       ;            ;          ; GND                                      ; gnd    ;              ;         ; --         ;                 ; --       ; --           ;
; N9       ; 45         ; 2        ; GND*                                     ;        ;              ;         ; Row I/O    ;                 ; no       ; Off          ;
; N10      ;            ;          ; VCCINT                                   ; power  ;              ; 1.2V    ; --         ;                 ; --       ; --           ;
; N11      ;            ;          ; GND                                      ; gnd    ;              ;         ; --         ;                 ; --       ; --           ;
; N12      ;            ;          ; GND                                      ; gnd    ;              ;         ; --         ;                 ; --       ; --           ;
; N13      ;            ;          ; GND                                      ; gnd    ;              ;         ; --         ;                 ; --       ; --           ;
; N14      ;            ;          ; GND                                      ; gnd    ;              ;         ; --         ;                 ; --       ; --           ;
; N15      ;            ;          ; GND                                      ; gnd    ;              ;         ; --         ;                 ; --       ; --           ;
; N16      ;            ;          ; GND                                      ; gnd    ;              ;         ; --         ;                 ; --       ; --           ;
; N17      ;            ;          ; VCCINT                                   ; power  ;              ; 1.2V    ; --         ;                 ; --       ; --           ;
; N18      ; 348        ; 5        ; GND*                                     ;        ;              ;         ; Row I/O    ;                 ; no       ; Off          ;
; N19      ;            ;          ; GND                                      ; gnd    ;              ;         ; --         ;                 ; --       ; --           ;
; N20      ; 315        ; 5        ; GND*                                     ;        ;              ;         ; Row I/O    ;                 ; no       ; Off          ;
; N21      ;            ;          ; NC                                       ;        ;              ;         ; --         ;                 ; --       ; --           ;
; N22      ;            ; 5        ; VCCIO5                                   ; power  ;              ; 3.3V    ; --         ;                 ; --       ; --           ;
; N23      ; 311        ; 5        ; GND*                                     ;        ;              ;         ; Row I/O    ;                 ; no       ; Off          ;
; N24      ; 310        ; 5        ; GND*                                     ;        ;              ;         ; Row I/O    ;                 ; no       ; Off          ;
; N25      ; 309        ; 5        ; GND+                                     ;        ;              ;         ; Row I/O    ;                 ; --       ; --           ;
; N26      ; 308        ; 5        ; GND+                                     ;        ;              ;         ; Row I/O    ;                 ; --       ; --           ;
; P1       ; 68         ; 1        ; GND+                                     ;        ;              ;         ; Row I/O    ;                 ; --       ; --           ;
; P2       ; 67         ; 1        ; GND+                                     ;        ;              ;         ; Row I/O    ;                 ; --       ; --           ;
; P3       ; 69         ; 1        ; GND*                                     ;        ;              ;         ; Row I/O    ;                 ; no       ; Off          ;
; P4       ; 70         ; 1        ; GND*                                     ;        ;              ;         ; Row I/O    ;                 ; no       ; Off          ;
; P5       ;            ; 1        ; VCCIO1                                   ; power  ;              ; 3.3V    ; --         ;                 ; --       ; --           ;
; P6       ; 78         ; 1        ; GND*                                     ;        ;              ;         ; Row I/O    ;                 ; no       ; Off          ;
; P7       ; 77         ; 1        ; GND*                                     ;        ;              ;         ; Row I/O    ;                 ; no       ; Off          ;
; P8       ;            ;          ; GND                                      ; gnd    ;              ;         ; --         ;                 ; --       ; --           ;
; P9       ; 46         ; 2        ; GND*                                     ;        ;              ;         ; Row I/O    ;                 ; no       ; Off          ;
; P10      ;            ;          ; VCCINT                                   ; power  ;              ; 1.2V    ; --         ;                 ; --       ; --           ;
; P11      ;            ;          ; GND                                      ; gnd    ;              ;         ; --         ;                 ; --       ; --           ;
; P12      ;            ;          ; GND                                      ; gnd    ;              ;         ; --         ;                 ; --       ; --           ;
; P13      ;            ;          ; GND                                      ; gnd    ;              ;         ; --         ;                 ; --       ; --           ;
; P14      ;            ;          ; GND                                      ; gnd    ;              ;         ; --         ;                 ; --       ; --           ;
; P15      ;            ;          ; GND                                      ; gnd    ;              ;         ; --         ;                 ; --       ; --           ;
; P16      ;            ;          ; GND                                      ; gnd    ;              ;         ; --         ;                 ; --       ; --           ;
; P17      ; 293        ; 6        ; GND*                                     ;        ;              ;         ; Row I/O    ;                 ; no       ; Off          ;
; P18      ; 347        ; 5        ; GND*                                     ;        ;              ;         ; Row I/O    ;                 ; no       ; Off          ;
; P19      ;            ;          ; GND                                      ; gnd    ;              ;         ; --         ;                 ; --       ; --           ;
; P20      ; 301        ; 6        ; ^MSEL0                                   ;        ;              ;         ; --         ;                 ; --       ; --           ;
; P21      ; 300        ; 6        ; ^MSEL1                                   ;        ;              ;         ; --         ;                 ; --       ; --           ;
; P22      ;            ; 6        ; VCCIO6                                   ; power  ;              ; 3.3V    ; --         ;                 ; --       ; --           ;
; P23      ; 305        ; 6        ; GND*                                     ;        ;              ;         ; Row I/O    ;                 ; no       ; Off          ;
; P24      ; 304        ; 6        ; GND*                                     ;        ;              ;         ; Row I/O    ;                 ; no       ; Off          ;
; P25      ; 307        ; 6        ; GND+                                     ;        ;              ;         ; Row I/O    ;                 ; --       ; --           ;
; P26      ; 306        ; 6        ; GND+                                     ;        ;              ;         ; Row I/O    ;                 ; --       ; --           ;
; R1       ;            ;          ; GND                                      ; gnd    ;              ;         ; --         ;                 ; --       ; --           ;
; R2       ; 71         ; 1        ; GND*                                     ;        ;              ;         ; Row I/O    ;                 ; no       ; Off          ;
; R3       ; 72         ; 1        ; GND*                                     ;        ;              ;         ; Row I/O    ;                 ; no       ; Off          ;
; R4       ; 73         ; 1        ; GND*                                     ;        ;              ;         ; Row I/O    ;                 ; no       ; Off          ;
; R5       ; 74         ; 1        ; GND*                                     ;        ;              ;         ; Row I/O    ;                 ; no       ; Off          ;
; R6       ; 81         ; 1        ; GND*                                     ;        ;              ;         ; Row I/O    ;                 ; no       ; Off          ;
; R7       ; 82         ; 1        ; GND*                                     ;        ;              ;         ; Row I/O    ;                 ; no       ; Off          ;
; R8       ; 110        ; 1        ; GND*                                     ;        ;              ;         ; Row I/O    ;                 ; no       ; Off          ;
; R9       ;            ; 1        ; VCCIO1                                   ; power  ;              ; 3.3V    ; --         ;                 ; --       ; --           ;
; R10      ;            ;          ; VCCINT                                   ; power  ;              ; 1.2V    ; --         ;                 ; --       ; --           ;
; R11      ;            ;          ; VCCINT                                   ; power  ;              ; 1.2V    ; --         ;                 ; --       ; --           ;
; R12      ;            ;          ; GND                                      ; gnd    ;              ;         ; --         ;                 ; --       ; --           ;
; R13      ;            ;          ; GND                                      ; gnd    ;              ;         ; --         ;                 ; --       ; --           ;
; R14      ;            ;          ; GND                                      ; gnd    ;              ;         ; --         ;                 ; --       ; --           ;
; R15      ;            ;          ; GND                                      ; gnd    ;              ;         ; --         ;                 ; --       ; --           ;
; R16      ;            ;          ; VCCINT                                   ; power  ;              ; 1.2V    ; --         ;                 ; --       ; --           ;
; R17      ; 294        ; 6        ; GND*                                     ;        ;              ;         ; Row I/O    ;                 ; no       ; Off          ;
; R18      ;            ; 6        ; VCCIO6                                   ; power  ;              ; 3.3V    ; --         ;                 ; --       ; --           ;
; R19      ; 282        ; 6        ; GND*                                     ;        ;              ;         ; Row I/O    ;                 ; no       ; Off          ;
; R20      ; 297        ; 6        ; GND*                                     ;        ;              ;         ; Row I/O    ;                 ; no       ; Off          ;
; R21      ;            ;          ; GND                                      ; gnd    ;              ;         ; --         ;                 ; --       ; --           ;
; R22      ; 298        ; 6        ; ^nSTATUS                                 ;        ;              ;         ; --         ;                 ; --       ; --           ;
; R23      ; 299        ; 6        ; ^CONF_DONE                               ;        ;              ;         ; --         ;                 ; --       ; --           ;
; R24      ; 302        ; 6        ; GND*                                     ;        ;              ;         ; Row I/O    ;                 ; no       ; Off          ;
; R25      ; 303        ; 6        ; GND*                                     ;        ;              ;         ; Row I/O    ;                 ; no       ; Off          ;
; R26      ;            ;          ; GND                                      ; gnd    ;              ;         ; --         ;                 ; --       ; --           ;
; T1       ;            ; 1        ; VCCIO1                                   ; power  ;              ; 3.3V    ; --         ;                 ; --       ; --           ;
; T2       ; 79         ; 1        ; GND*                                     ;        ;              ;         ; Row I/O    ;                 ; no       ; Off          ;
; T3       ; 80         ; 1        ; GND*                                     ;        ;              ;         ; Row I/O    ;                 ; no       ; Off          ;
; T4       ; 83         ; 1        ; GND*                                     ;        ;              ;         ; Row I/O    ;                 ; --       ; --           ;
; T5       ;            ;          ; GND                                      ; gnd    ;              ;         ; --         ;                 ; --       ; --           ;
; T6       ; 93         ; 1        ; GND*                                     ;        ;              ;         ; Row I/O    ;                 ; no       ; Off          ;
; T7       ; 92         ; 1        ; GND*                                     ;        ;              ;         ; Row I/O    ;                 ; no       ; Off          ;
; T8       ; 111        ; 1        ; GND*                                     ;        ;              ;         ; Row I/O    ;                 ; no       ; Off          ;
; T9       ; 76         ; 1        ; GND*                                     ;        ;              ;         ; Row I/O    ;                 ; no       ; Off          ;
; T10      ; 75         ; 1        ; GND*                                     ;        ;              ;         ; Row I/O    ;                 ; no       ; Off          ;
; T11      ;            ;          ; VCCINT                                   ; power  ;              ; 1.2V    ; --         ;                 ; --       ; --           ;
; T12      ;            ;          ; GND                                      ; gnd    ;              ;         ; --         ;                 ; --       ; --           ;
; T13      ;            ;          ; GND                                      ; gnd    ;              ;         ; --         ;                 ; --       ; --           ;
; T14      ;            ;          ; GND                                      ; gnd    ;              ;         ; --         ;                 ; --       ; --           ;
; T15      ;            ;          ; GND                                      ; gnd    ;              ;         ; --         ;                 ; --       ; --           ;
; T16      ;            ;          ; VCCINT                                   ; power  ;              ; 1.2V    ; --         ;                 ; --       ; --           ;
; T17      ; 289        ; 6        ; GND*                                     ;        ;              ;         ; Row I/O    ;                 ; no       ; Off          ;
; T18      ; 290        ; 6        ; GND*                                     ;        ;              ;         ; Row I/O    ;                 ; no       ; Off          ;
; T19      ; 281        ; 6        ; GND*                                     ;        ;              ;         ; Row I/O    ;                 ; no       ; Off          ;
; T20      ; 287        ; 6        ; GND*                                     ;        ;              ;         ; Row I/O    ;                 ; no       ; Off          ;
; T21      ; 288        ; 6        ; GND*                                     ;        ;              ;         ; Row I/O    ;                 ; --       ; --           ;
; T22      ; 296        ; 6        ; GND*                                     ;        ;              ;         ; Row I/O    ;                 ; no       ; Off          ;
; T23      ; 295        ; 6        ; GND*                                     ;        ;              ;         ; Row I/O    ;                 ; no       ; Off          ;
; T24      ; 292        ; 6        ; GND*                                     ;        ;              ;         ; Row I/O    ;                 ; no       ; Off          ;
; T25      ; 291        ; 6        ; GND*                                     ;        ;              ;         ; Row I/O    ;                 ; no       ; Off          ;
; T26      ;            ; 6        ; VCCIO6                                   ; power  ;              ; 3.3V    ; --         ;                 ; --       ; --           ;
; U1       ; 85         ; 1        ; GND*                                     ;        ;              ;         ; Row I/O    ;                 ; no       ; Off          ;
; U2       ; 84         ; 1        ; GND*                                     ;        ;              ;         ; Row I/O    ;                 ; no       ; Off          ;
; U3       ; 88         ; 1        ; GND*                                     ;        ;              ;         ; Row I/O    ;                 ; no       ; Off          ;
; U4       ; 89         ; 1        ; GND*                                     ;        ;              ;         ; Row I/O    ;                 ; no       ; Off          ;
; U5       ; 100        ; 1        ; GND*                                     ;        ;              ;         ; Row I/O    ;                 ; no       ; Off          ;
; U6       ; 98         ; 1        ; GND*                                     ;        ;              ;         ; Row I/O    ;                 ; no       ; Off          ;
; U7       ; 99         ; 1        ; GND*                                     ;        ;              ;         ; Row I/O    ;                 ; no       ; Off          ;
; U8       ;            ;          ; GND                                      ; gnd    ;              ;         ; --         ;                 ; --       ; --           ;
; U9       ; 86         ; 1        ; GND*                                     ;        ;              ;         ; Row I/O    ;                 ; no       ; Off          ;
; U10      ; 87         ; 1        ; GND*                                     ;        ;              ;         ; Row I/O    ;                 ; no       ; Off          ;
; U11      ;            ;          ; VCCINT                                   ; power  ;              ; 1.2V    ; --         ;                 ; --       ; --           ;
; U12      ; 178        ; 8        ; GND*                                     ;        ;              ;         ; Column I/O ;                 ; no       ; Off          ;
; U13      ;            ;          ; VCCINT                                   ; power  ;              ; 1.2V    ; --         ;                 ; --       ; --           ;
; U14      ;            ;          ; VCCINT                                   ; power  ;              ; 1.2V    ; --         ;                 ; --       ; --           ;
; U15      ;            ;          ; VCCINT                                   ; power  ;              ; 1.2V    ; --         ;                 ; --       ; --           ;
; U16      ;            ;          ; VCCINT                                   ; power  ;              ; 1.2V    ; --         ;                 ; --       ; --           ;
; U17      ; 231        ; 7        ; GND*                                     ;        ;              ;         ; Column I/O ;                 ; no       ; Off          ;
; U18      ; 232        ; 7        ; GND*                                     ;        ;              ;         ; Column I/O ;                 ; no       ; Off          ;
; U19      ;            ;          ; GND                                      ; gnd    ;              ;         ; --         ;                 ; --       ; --           ;
; U20      ; 280        ; 6        ; GND*                                     ;        ;              ;         ; Row I/O    ;                 ; no       ; Off          ;
; U21      ; 279        ; 6        ; GND*                                     ;        ;              ;         ; Row I/O    ;                 ; no       ; Off          ;
; U22      ; 270        ; 6        ; GND*                                     ;        ;              ;         ; Row I/O    ;                 ; no       ; Off          ;
; U23      ; 284        ; 6        ; GND*                                     ;        ;              ;         ; Row I/O    ;                 ; no       ; Off          ;
; U24      ; 283        ; 6        ; GND*                                     ;        ;              ;         ; Row I/O    ;                 ; no       ; Off          ;
; U25      ; 285        ; 6        ; GND*                                     ;        ;              ;         ; Row I/O    ;                 ; no       ; Off          ;
; U26      ; 286        ; 6        ; GND*                                     ;        ;              ;         ; Row I/O    ;                 ; no       ; Off          ;
; V1       ; 90         ; 1        ; GND*                                     ;        ;              ;         ; Row I/O    ;                 ; no       ; Off          ;
; V2       ; 91         ; 1        ; GND*                                     ;        ;              ;         ; Row I/O    ;                 ; no       ; Off          ;
; V3       ; 95         ; 1        ; GND*                                     ;        ;              ;         ; Row I/O    ;                 ; no       ; Off          ;
; V4       ; 94         ; 1        ; GND*                                     ;        ;              ;         ; Row I/O    ;                 ; no       ; Off          ;
; V5       ; 104        ; 1        ; GND*                                     ;        ;              ;         ; Row I/O    ;                 ; no       ; Off          ;
; V6       ; 105        ; 1        ; GND*                                     ;        ;              ;         ; Row I/O    ;                 ; no       ; Off          ;
; V7       ; 112        ; 1        ; GND*                                     ;        ;              ;         ; Row I/O    ;                 ; no       ; Off          ;
; V8       ;            ; 1        ; VCCIO1                                   ; power  ;              ; 3.3V    ; --         ;                 ; --       ; --           ;
; V9       ; 142        ; 8        ; GND*                                     ;        ;              ;         ; Column I/O ;                 ; no       ; Off          ;
; V10      ; 141        ; 8        ; GND*                                     ;        ;              ;         ; Column I/O ;                 ; no       ; Off          ;
; V11      ; 177        ; 8        ; GND*                                     ;        ;              ;         ; Column I/O ;                 ; no       ; Off          ;
; V12      ;            ; 8        ; VCCIO8                                   ; power  ;              ; 3.3V    ; --         ;                 ; --       ; --           ;
; V13      ; 176        ; 8        ; GND*                                     ;        ;              ;         ; Column I/O ;                 ; no       ; Off          ;
; V14      ; 175        ; 8        ; GND*                                     ;        ;              ;         ; Column I/O ;                 ; no       ; Off          ;
; V15      ;            ; 7        ; VCCIO7                                   ; power  ;              ; 3.3V    ; --         ;                 ; --       ; --           ;
; V16      ;            ;          ; VCCINT                                   ; power  ;              ; 1.2V    ; --         ;                 ; --       ; --           ;
; V17      ; 218        ; 7        ; GND*                                     ;        ;              ;         ; Column I/O ;                 ; no       ; Off          ;
; V18      ; 233        ; 7        ; GND*                                     ;        ;              ;         ; Column I/O ;                 ; no       ; Off          ;
; V19      ;            ; 6        ; VCCIO6                                   ; power  ;              ; 3.3V    ; --         ;                 ; --       ; --           ;
; V20      ; 251        ; 6        ; GND*                                     ;        ;              ;         ; Row I/O    ;                 ; no       ; Off          ;
; V21      ; 252        ; 6        ; GND*                                     ;        ;              ;         ; Row I/O    ;                 ; no       ; Off          ;
; V22      ; 259        ; 6        ; GND*                                     ;        ;              ;         ; Row I/O    ;                 ; --       ; --           ;
; V23      ; 275        ; 6        ; GND*                                     ;        ;              ;         ; Row I/O    ;                 ; no       ; Off          ;
; V24      ; 276        ; 6        ; GND*                                     ;        ;              ;         ; Row I/O    ;                 ; no       ; Off          ;
; V25      ; 277        ; 6        ; GND*                                     ;        ;              ;         ; Row I/O    ;                 ; no       ; Off          ;
; V26      ; 278        ; 6        ; GND*                                     ;        ;              ;         ; Row I/O    ;                 ; no       ; Off          ;
; W1       ; 97         ; 1        ; GND*                                     ;        ;              ;         ; Row I/O    ;                 ; no       ; Off          ;
; W2       ; 96         ; 1        ; GND*                                     ;        ;              ;         ; Row I/O    ;                 ; no       ; Off          ;
; W3       ; 102        ; 1        ; GND*                                     ;        ;              ;         ; Row I/O    ;                 ; no       ; Off          ;
; W4       ; 101        ; 1        ; GND*                                     ;        ;              ;         ; Row I/O    ;                 ; no       ; Off          ;
; W5       ;            ;          ; GND                                      ; gnd    ;              ;         ; --         ;                 ; --       ; --           ;
; W6       ; 113        ; 1        ; GND*                                     ;        ;              ;         ; Row I/O    ;                 ; --       ; --           ;
; W7       ;            ;          ; GND_PLL1                                 ; gnd    ;              ;         ; --         ;                 ; --       ; --           ;
; W8       ; 144        ; 8        ; GND*                                     ;        ;              ;         ; Column I/O ;                 ; no       ; Off          ;
; W9       ;            ; 8        ; VCCIO8                                   ; power  ;              ; 3.3V    ; --         ;                 ; --       ; --           ;
; W10      ; 145        ; 8        ; GND*                                     ;        ;              ;         ; Column I/O ;                 ; no       ; Off          ;
; W11      ; 161        ; 8        ; GND*                                     ;        ;              ;         ; Column I/O ;                 ; no       ; Off          ;
; W12      ; 162        ; 8        ; GND*                                     ;        ;              ;         ; Column I/O ;                 ; no       ; Off          ;
; W13      ;            ;          ; GND                                      ; gnd    ;              ;         ; --         ;                 ; --       ; --           ;
; W14      ;            ;          ; GND                                      ; gnd    ;              ;         ; --         ;                 ; --       ; --           ;
; W15      ; 203        ; 7        ; GND*                                     ;        ;              ;         ; Column I/O ;                 ; no       ; Off          ;
; W16      ; 204        ; 7        ; GND*                                     ;        ;              ;         ; Column I/O ;                 ; no       ; Off          ;
; W17      ; 217        ; 7        ; GND*                                     ;        ;              ;         ; Column I/O ;                 ; no       ; Off          ;
; W18      ;            ; 7        ; VCCIO7                                   ; power  ;              ; 3.3V    ; --         ;                 ; --       ; --           ;
; W19      ; 234        ; 7        ; GND*                                     ;        ;              ;         ; Column I/O ;                 ; no       ; Off          ;
; W20      ;            ;          ; GND_PLL4                                 ; gnd    ;              ;         ; --         ;                 ; --       ; --           ;
; W21      ; 253        ; 6        ; GND*                                     ;        ;              ;         ; Row I/O    ;                 ; no       ; Off          ;
; W22      ;            ;          ; GND                                      ; gnd    ;              ;         ; --         ;                 ; --       ; --           ;
; W23      ; 272        ; 6        ; GND*                                     ;        ;              ;         ; Row I/O    ;                 ; no       ; Off          ;
; W24      ; 271        ; 6        ; GND*                                     ;        ;              ;         ; Row I/O    ;                 ; no       ; Off          ;
; W25      ; 273        ; 6        ; GND*                                     ;        ;              ;         ; Row I/O    ;                 ; no       ; Off          ;
; W26      ; 274        ; 6        ; GND*                                     ;        ;              ;         ; Row I/O    ;                 ; no       ; Off          ;
; Y1       ; 103        ; 1        ; GND*                                     ;        ;              ;         ; Row I/O    ;                 ; no       ; Off          ;
; Y2       ;            ;          ; NC                                       ;        ;              ;         ; --         ;                 ; --       ; --           ;
; Y3       ; 108        ; 1        ; GND*                                     ;        ;              ;         ; Row I/O    ;                 ; no       ; Off          ;
; Y4       ; 109        ; 1        ; GND*                                     ;        ;              ;         ; Row I/O    ;                 ; no       ; Off          ;
; Y5       ; 121        ; 1        ; GND*                                     ;        ;              ;         ; Row I/O    ;                 ; no       ; Off          ;
; Y6       ;            ;          ; GND_PLL1                                 ; gnd    ;              ;         ; --         ;                 ; --       ; --           ;
; Y7       ;            ;          ; VCCD_PLL1                                ; power  ;              ; 1.2V    ; --         ;                 ; --       ; --           ;
; Y8       ;            ;          ; GNDA_PLL1                                ; gnd    ;              ;         ; --         ;                 ; --       ; --           ;
; Y9       ;            ;          ; GND                                      ; gnd    ;              ;         ; --         ;                 ; --       ; --           ;
; Y10      ; 146        ; 8        ; GND*                                     ;        ;              ;         ; Column I/O ;                 ; no       ; Off          ;
; Y11      ; 156        ; 8        ; GND*                                     ;        ;              ;         ; Column I/O ;                 ; no       ; Off          ;
; Y12      ; 180        ; 8        ; GND*                                     ;        ;              ;         ; Column I/O ;                 ; no       ; Off          ;
; Y13      ; 193        ; 7        ; GND*                                     ;        ;              ;         ; Column I/O ;                 ; no       ; Off          ;
; Y14      ; 195        ; 7        ; GND*                                     ;        ;              ;         ; Column I/O ;                 ; no       ; Off          ;
; Y15      ; 196        ; 7        ; GND*                                     ;        ;              ;         ; Column I/O ;                 ; no       ; Off          ;
; Y16      ; 210        ; 7        ; GND*                                     ;        ;              ;         ; Column I/O ;                 ; no       ; Off          ;
; Y17      ;            ;          ; GND                                      ; gnd    ;              ;         ; --         ;                 ; --       ; --           ;
; Y18      ; 229        ; 7        ; GND*                                     ;        ;              ;         ; Column I/O ;                 ; --       ; --           ;
; Y19      ;            ;          ; GNDA_PLL4                                ; gnd    ;              ;         ; --         ;                 ; --       ; --           ;
; Y20      ;            ;          ; VCCD_PLL4                                ; power  ;              ; 1.2V    ; --         ;                 ; --       ; --           ;
; Y21      ; 250        ; 6        ; GND*                                     ;        ;              ;         ; Row I/O    ;                 ; no       ; Off          ;
; Y22      ; 254        ; 6        ; GND*                                     ;        ;              ;         ; Row I/O    ;                 ; no       ; Off          ;
; Y23      ; 265        ; 6        ; GND*                                     ;        ;              ;         ; Row I/O    ;                 ; no       ; Off          ;
; Y24      ; 264        ; 6        ; GND*                                     ;        ;              ;         ; Row I/O    ;                 ; no       ; Off          ;
; Y25      ; 269        ; 6        ; GND*                                     ;        ;              ;         ; Row I/O    ;                 ; no       ; Off          ;
; Y26      ; 268        ; 6        ; GND*                                     ;        ;              ;         ; Row I/O    ;                 ; no       ; Off          ;
+----------+------------+----------+------------------------------------------+--------+--------------+---------+------------+-----------------+----------+--------------+
Note: Pin directions (input, output or bidir) are based on device operating in user mode.


+-------------------------------------------------------------------------------+
; Output Pin Default Load For Reported TCO                                      ;
+----------------------------------+-------+------------------------------------+
; I/O Standard                     ; Load  ; Termination Resistance             ;
+----------------------------------+-------+------------------------------------+
; 3.3-V LVTTL                      ; 0 pF  ; Not Available                      ;
; 3.3-V LVCMOS                     ; 0 pF  ; Not Available                      ;
; 2.5 V                            ; 0 pF  ; Not Available                      ;
; 1.8 V                            ; 0 pF  ; Not Available                      ;
; 1.5 V                            ; 0 pF  ; Not Available                      ;
; 3.3-V PCI                        ; 10 pF ; 25 Ohm (Parallel)                  ;
; 3.3-V PCI-X                      ; 10 pF ; 25 Ohm (Parallel)                  ;
; SSTL-2 Class I                   ; 0 pF  ; 50 Ohm (Parallel), 25 Ohm (Serial) ;
; SSTL-2 Class II                  ; 0 pF  ; 25 Ohm (Parallel), 25 Ohm (Serial) ;
; SSTL-18 Class I                  ; 0 pF  ; 50 Ohm (Parallel), 25 Ohm (Serial) ;
; SSTL-18 Class II                 ; 0 pF  ; 25 Ohm (Parallel), 25 Ohm (Serial) ;
; 1.5-V HSTL Class I               ; 0 pF  ; 50 Ohm (Parallel)                  ;
; 1.5-V HSTL Class II              ; 0 pF  ; 25 Ohm (Parallel)                  ;
; 1.8-V HSTL Class I               ; 0 pF  ; 50 Ohm (Parallel)                  ;
; 1.8-V HSTL Class II              ; 0 pF  ; 25 Ohm (Parallel)                  ;
; Differential SSTL-2              ; 0 pF  ; (See SSTL-2)                       ;
; Differential 2.5-V SSTL Class II ; 0 pF  ; (See SSTL-2 Class II)              ;
; Differential 1.8-V SSTL Class I  ; 0 pF  ; (See 1.8-V SSTL Class I)           ;
; Differential 1.8-V SSTL Class II ; 0 pF  ; (See 1.8-V SSTL Class II)          ;
; Differential 1.5-V HSTL Class I  ; 0 pF  ; (See 1.5-V HSTL Class I)           ;
; Differential 1.5-V HSTL Class II ; 0 pF  ; (See 1.5-V HSTL Class II)          ;
; Differential 1.8-V HSTL Class I  ; 0 pF  ; (See 1.8-V HSTL Class I)           ;
; Differential 1.8-V HSTL Class II ; 0 pF  ; (See 1.8-V HSTL Class II)          ;
; LVDS                             ; 0 pF  ; 100 Ohm (Differential)             ;
; mini-LVDS                        ; 0 pF  ; 100 Ohm (Differential)             ;
; RSDS                             ; 0 pF  ; 100 Ohm (Differential)             ;
; Simple RSDS                      ; 0 pF  ; Not Available                      ;
; Differential LVPECL              ; 0 pF  ; 100 Ohm (Differential)             ;
+----------------------------------+-------+------------------------------------+
Note: User assignments will override these defaults. The user specified values are listed in the Output Pins and Bidir Pins tables.


+---------------------------------------------------------------------------------------------------------------------------------------------------------------------------------------------------------------------------------------------------------------------------------------------------------------------------------------------------------------------------------------------------------------------------------------------------------------------------------------------------------------------------------------------------------------------------------------------------------------------------------------------------------------------------------------------------------------+
; Fitter Resource Utilization by Entity                                                                                                                                                                                                                                                                                                                                                                                                                                                                                                                                                                                                                                                                         ;
+-----------------------------------------------------------------------------------------------------------------+-------------+---------------------------+---------------+-------------+------+--------------+---------+-----------+------+--------------+--------------+-------------------+------------------+------------------------------------------------------------------------------------------------------------------------------------------------------------------------------------------------------------------------------------------------------------------------------------------------------------------------------------------------------------------------------+--------------+
; Compilation Hierarchy Node                                                                                      ; Logic Cells ; Dedicated Logic Registers ; I/O Registers ; Memory Bits ; M4Ks ; DSP Elements ; DSP 9x9 ; DSP 18x18 ; Pins ; Virtual Pins ; LUT-Only LCs ; Register-Only LCs ; LUT/Register LCs ; Full Hierarchy Name                                                                                                                                                                                                                                                                                                                                                          ; Library Name ;
+-----------------------------------------------------------------------------------------------------------------+-------------+---------------------------+---------------+-------------+------+--------------+---------+-----------+------+--------------+--------------+-------------------+------------------+------------------------------------------------------------------------------------------------------------------------------------------------------------------------------------------------------------------------------------------------------------------------------------------------------------------------------------------------------------------------------+--------------+
; |bai8                                                                                                           ; 4334 (2)    ; 3015 (0)                  ; 0 (0)         ; 362496      ; 91   ; 0            ; 0       ; 0         ; 2    ; 0            ; 1319 (2)     ; 1277 (0)          ; 1738 (0)         ; |bai8                                                                                                                                                                                                                                                                                                                                                                        ; work         ;
;    |sld_hub:auto_hub|                                                                                           ; 226 (1)     ; 130 (0)                   ; 0 (0)         ; 0           ; 0    ; 0            ; 0       ; 0         ; 0    ; 0            ; 96 (1)       ; 13 (0)            ; 117 (0)          ; |bai8|sld_hub:auto_hub                                                                                                                                                                                                                                                                                                                                                       ; work         ;
;       |sld_jtag_hub:\jtag_hub_gen:sld_jtag_hub_inst|                                                            ; 225 (178)   ; 130 (101)                 ; 0 (0)         ; 0           ; 0    ; 0            ; 0       ; 0         ; 0    ; 0            ; 95 (77)      ; 13 (13)           ; 117 (91)         ; |bai8|sld_hub:auto_hub|sld_jtag_hub:\jtag_hub_gen:sld_jtag_hub_inst                                                                                                                                                                                                                                                                                                          ; work         ;
;          |sld_rom_sr:hub_info_reg|                                                                              ; 27 (27)     ; 10 (10)                   ; 0 (0)         ; 0           ; 0    ; 0            ; 0       ; 0         ; 0    ; 0            ; 17 (17)      ; 0 (0)             ; 10 (10)          ; |bai8|sld_hub:auto_hub|sld_jtag_hub:\jtag_hub_gen:sld_jtag_hub_inst|sld_rom_sr:hub_info_reg                                                                                                                                                                                                                                                                                  ; work         ;
;          |sld_shadow_jsm:shadow_jsm|                                                                            ; 20 (20)     ; 19 (19)                   ; 0 (0)         ; 0           ; 0    ; 0            ; 0       ; 0         ; 0    ; 0            ; 1 (1)        ; 0 (0)             ; 19 (19)          ; |bai8|sld_hub:auto_hub|sld_jtag_hub:\jtag_hub_gen:sld_jtag_hub_inst|sld_shadow_jsm:shadow_jsm                                                                                                                                                                                                                                                                                ; work         ;
;    |sld_signaltap:auto_signaltap_0|                                                                             ; 2017 (215)  ; 1864 (214)                ; 0 (0)         ; 55296       ; 12   ; 0            ; 0       ; 0         ; 0    ; 0            ; 153 (1)      ; 1169 (107)        ; 695 (0)          ; |bai8|sld_signaltap:auto_signaltap_0                                                                                                                                                                                                                                                                                                                                         ; work         ;
;       |sld_signaltap_impl:sld_signaltap_body|                                                                   ; 1909 (0)    ; 1650 (0)                  ; 0 (0)         ; 55296       ; 12   ; 0            ; 0       ; 0         ; 0    ; 0            ; 152 (0)      ; 1062 (0)          ; 695 (0)          ; |bai8|sld_signaltap:auto_signaltap_0|sld_signaltap_impl:sld_signaltap_body                                                                                                                                                                                                                                                                                                   ; work         ;
;          |sld_signaltap_implb:sld_signaltap_body|                                                               ; 1909 (470)  ; 1650 (458)                ; 0 (0)         ; 55296       ; 12   ; 0            ; 0       ; 0         ; 0    ; 0            ; 152 (12)     ; 1062 (449)        ; 695 (8)          ; |bai8|sld_signaltap:auto_signaltap_0|sld_signaltap_impl:sld_signaltap_body|sld_signaltap_implb:sld_signaltap_body                                                                                                                                                                                                                                                            ; work         ;
;             |altdpram:\stp_non_zero_ram_gen:attribute_mem_gen:attribute_mem|                                    ; 60 (58)     ; 58 (58)                   ; 0 (0)         ; 0           ; 0    ; 0            ; 0       ; 0         ; 0    ; 0            ; 1 (0)        ; 39 (39)           ; 20 (0)           ; |bai8|sld_signaltap:auto_signaltap_0|sld_signaltap_impl:sld_signaltap_body|sld_signaltap_implb:sld_signaltap_body|altdpram:\stp_non_zero_ram_gen:attribute_mem_gen:attribute_mem                                                                                                                                                                                             ; work         ;
;                |lpm_decode:wdecoder|                                                                            ; 2 (0)       ; 0 (0)                     ; 0 (0)         ; 0           ; 0    ; 0            ; 0       ; 0         ; 0    ; 0            ; 1 (0)        ; 0 (0)             ; 1 (0)            ; |bai8|sld_signaltap:auto_signaltap_0|sld_signaltap_impl:sld_signaltap_body|sld_signaltap_implb:sld_signaltap_body|altdpram:\stp_non_zero_ram_gen:attribute_mem_gen:attribute_mem|lpm_decode:wdecoder                                                                                                                                                                         ; work         ;
;                   |decode_rqf:auto_generated|                                                                   ; 2 (2)       ; 0 (0)                     ; 0 (0)         ; 0           ; 0    ; 0            ; 0       ; 0         ; 0    ; 0            ; 1 (1)        ; 0 (0)             ; 1 (1)            ; |bai8|sld_signaltap:auto_signaltap_0|sld_signaltap_impl:sld_signaltap_body|sld_signaltap_implb:sld_signaltap_body|altdpram:\stp_non_zero_ram_gen:attribute_mem_gen:attribute_mem|lpm_decode:wdecoder|decode_rqf:auto_generated                                                                                                                                               ; work         ;
;                |lpm_mux:mux|                                                                                    ; 19 (0)      ; 0 (0)                     ; 0 (0)         ; 0           ; 0    ; 0            ; 0       ; 0         ; 0    ; 0            ; 0 (0)        ; 0 (0)             ; 19 (0)           ; |bai8|sld_signaltap:auto_signaltap_0|sld_signaltap_impl:sld_signaltap_body|sld_signaltap_implb:sld_signaltap_body|altdpram:\stp_non_zero_ram_gen:attribute_mem_gen:attribute_mem|lpm_mux:mux                                                                                                                                                                                 ; work         ;
;                   |mux_eoc:auto_generated|                                                                      ; 19 (19)     ; 0 (0)                     ; 0 (0)         ; 0           ; 0    ; 0            ; 0       ; 0         ; 0    ; 0            ; 0 (0)        ; 0 (0)             ; 19 (19)          ; |bai8|sld_signaltap:auto_signaltap_0|sld_signaltap_impl:sld_signaltap_body|sld_signaltap_implb:sld_signaltap_body|altdpram:\stp_non_zero_ram_gen:attribute_mem_gen:attribute_mem|lpm_mux:mux|mux_eoc:auto_generated                                                                                                                                                          ; work         ;
;             |altsyncram:\stp_non_zero_ram_gen:stp_buffer_ram|                                                   ; 0 (0)       ; 0 (0)                     ; 0 (0)         ; 55296       ; 12   ; 0            ; 0       ; 0         ; 0    ; 0            ; 0 (0)        ; 0 (0)             ; 0 (0)            ; |bai8|sld_signaltap:auto_signaltap_0|sld_signaltap_impl:sld_signaltap_body|sld_signaltap_implb:sld_signaltap_body|altsyncram:\stp_non_zero_ram_gen:stp_buffer_ram                                                                                                                                                                                                            ; work         ;
;                |altsyncram_4t14:auto_generated|                                                                 ; 0 (0)       ; 0 (0)                     ; 0 (0)         ; 55296       ; 12   ; 0            ; 0       ; 0         ; 0    ; 0            ; 0 (0)        ; 0 (0)             ; 0 (0)            ; |bai8|sld_signaltap:auto_signaltap_0|sld_signaltap_impl:sld_signaltap_body|sld_signaltap_implb:sld_signaltap_body|altsyncram:\stp_non_zero_ram_gen:stp_buffer_ram|altsyncram_4t14:auto_generated                                                                                                                                                                             ; work         ;
;                   |altsyncram_chq1:altsyncram1|                                                                 ; 0 (0)       ; 0 (0)                     ; 0 (0)         ; 55296       ; 12   ; 0            ; 0       ; 0         ; 0    ; 0            ; 0 (0)        ; 0 (0)             ; 0 (0)            ; |bai8|sld_signaltap:auto_signaltap_0|sld_signaltap_impl:sld_signaltap_body|sld_signaltap_implb:sld_signaltap_body|altsyncram:\stp_non_zero_ram_gen:stp_buffer_ram|altsyncram_4t14:auto_generated|altsyncram_chq1:altsyncram1                                                                                                                                                 ; work         ;
;             |lpm_shiftreg:segment_offset_config_deserialize|                                                    ; 9 (9)       ; 9 (9)                     ; 0 (0)         ; 0           ; 0    ; 0            ; 0       ; 0         ; 0    ; 0            ; 0 (0)        ; 8 (8)             ; 1 (1)            ; |bai8|sld_signaltap:auto_signaltap_0|sld_signaltap_impl:sld_signaltap_body|sld_signaltap_implb:sld_signaltap_body|lpm_shiftreg:segment_offset_config_deserialize                                                                                                                                                                                                             ; work         ;
;             |lpm_shiftreg:status_register|                                                                      ; 18 (18)     ; 17 (17)                   ; 0 (0)         ; 0           ; 0    ; 0            ; 0       ; 0         ; 0    ; 0            ; 1 (1)        ; 0 (0)             ; 17 (17)          ; |bai8|sld_signaltap:auto_signaltap_0|sld_signaltap_impl:sld_signaltap_body|sld_signaltap_implb:sld_signaltap_body|lpm_shiftreg:status_register                                                                                                                                                                                                                               ; work         ;
;             |sld_buffer_manager:sld_buffer_manager_inst|                                                        ; 94 (94)     ; 54 (54)                   ; 0 (0)         ; 0           ; 0    ; 0            ; 0       ; 0         ; 0    ; 0            ; 38 (38)      ; 15 (15)           ; 41 (41)          ; |bai8|sld_signaltap:auto_signaltap_0|sld_signaltap_impl:sld_signaltap_body|sld_signaltap_implb:sld_signaltap_body|sld_buffer_manager:sld_buffer_manager_inst                                                                                                                                                                                                                 ; work         ;
;             |sld_ela_control:ela_control|                                                                       ; 1055 (5)    ; 876 (4)                   ; 0 (0)         ; 0           ; 0    ; 0            ; 0       ; 0         ; 0    ; 0            ; 71 (0)       ; 551 (1)           ; 433 (3)          ; |bai8|sld_signaltap:auto_signaltap_0|sld_signaltap_impl:sld_signaltap_body|sld_signaltap_implb:sld_signaltap_body|sld_ela_control:ela_control                                                                                                                                                                                                                                ; work         ;
;                |lpm_shiftreg:\storage_on_enable_bit:trigger_condition_deserialize|                              ; 1 (1)       ; 1 (1)                     ; 0 (0)         ; 0           ; 0    ; 0            ; 0       ; 0         ; 0    ; 0            ; 0 (0)        ; 1 (1)             ; 0 (0)            ; |bai8|sld_signaltap:auto_signaltap_0|sld_signaltap_impl:sld_signaltap_body|sld_signaltap_implb:sld_signaltap_body|sld_ela_control:ela_control|lpm_shiftreg:\storage_on_enable_bit:trigger_condition_deserialize                                                                                                                                                              ; work         ;
;                |lpm_shiftreg:\storage_transition:transition_detector_setup_bits|                                ; 107 (107)   ; 107 (107)                 ; 0 (0)         ; 0           ; 0    ; 0            ; 0       ; 0         ; 0    ; 0            ; 0 (0)        ; 107 (107)         ; 0 (0)            ; |bai8|sld_signaltap:auto_signaltap_0|sld_signaltap_impl:sld_signaltap_body|sld_signaltap_implb:sld_signaltap_body|sld_ela_control:ela_control|lpm_shiftreg:\storage_transition:transition_detector_setup_bits                                                                                                                                                                ; work         ;
;                |lpm_shiftreg:trigger_config_deserialize|                                                        ; 4 (4)       ; 4 (4)                     ; 0 (0)         ; 0           ; 0    ; 0            ; 0       ; 0         ; 0    ; 0            ; 0 (0)        ; 4 (4)             ; 0 (0)            ; |bai8|sld_signaltap:auto_signaltap_0|sld_signaltap_impl:sld_signaltap_body|sld_signaltap_implb:sld_signaltap_body|sld_ela_control:ela_control|lpm_shiftreg:trigger_config_deserialize                                                                                                                                                                                        ; work         ;
;                |sld_ela_basic_multi_level_trigger:\basic_multi_level_mbpm_trigger_gen:multi_level_mbpm|         ; 642 (0)     ; 535 (0)                   ; 0 (0)         ; 0           ; 0    ; 0            ; 0       ; 0         ; 0    ; 0            ; 0 (0)        ; 428 (0)           ; 214 (0)          ; |bai8|sld_signaltap:auto_signaltap_0|sld_signaltap_impl:sld_signaltap_body|sld_signaltap_implb:sld_signaltap_body|sld_ela_control:ela_control|sld_ela_basic_multi_level_trigger:\basic_multi_level_mbpm_trigger_gen:multi_level_mbpm                                                                                                                                         ; work         ;
;                   |lpm_shiftreg:trigger_condition_deserialize|                                                  ; 321 (321)   ; 321 (321)                 ; 0 (0)         ; 0           ; 0    ; 0            ; 0       ; 0         ; 0    ; 0            ; 0 (0)        ; 321 (321)         ; 0 (0)            ; |bai8|sld_signaltap:auto_signaltap_0|sld_signaltap_impl:sld_signaltap_body|sld_signaltap_implb:sld_signaltap_body|sld_ela_control:ela_control|sld_ela_basic_multi_level_trigger:\basic_multi_level_mbpm_trigger_gen:multi_level_mbpm|lpm_shiftreg:trigger_condition_deserialize                                                                                              ; work         ;
;                   |sld_mbpmg:\trigger_modules_gen:0:trigger_match|                                              ; 321 (0)     ; 214 (0)                   ; 0 (0)         ; 0           ; 0    ; 0            ; 0       ; 0         ; 0    ; 0            ; 0 (0)        ; 107 (0)           ; 214 (0)          ; |bai8|sld_signaltap:auto_signaltap_0|sld_signaltap_impl:sld_signaltap_body|sld_signaltap_implb:sld_signaltap_body|sld_ela_control:ela_control|sld_ela_basic_multi_level_trigger:\basic_multi_level_mbpm_trigger_gen:multi_level_mbpm|sld_mbpmg:\trigger_modules_gen:0:trigger_match                                                                                          ; work         ;
;                      |sld_sbpmg:\gen_sbpmg_pipeline_less_than_two:sm0:0:sm1|                                    ; 3 (3)       ; 2 (2)                     ; 0 (0)         ; 0           ; 0    ; 0            ; 0       ; 0         ; 0    ; 0            ; 0 (0)        ; 1 (1)             ; 2 (2)            ; |bai8|sld_signaltap:auto_signaltap_0|sld_signaltap_impl:sld_signaltap_body|sld_signaltap_implb:sld_signaltap_body|sld_ela_control:ela_control|sld_ela_basic_multi_level_trigger:\basic_multi_level_mbpm_trigger_gen:multi_level_mbpm|sld_mbpmg:\trigger_modules_gen:0:trigger_match|sld_sbpmg:\gen_sbpmg_pipeline_less_than_two:sm0:0:sm1                                    ; work         ;
;                      |sld_sbpmg:\gen_sbpmg_pipeline_less_than_two:sm0:100:sm1|                                  ; 3 (3)       ; 2 (2)                     ; 0 (0)         ; 0           ; 0    ; 0            ; 0       ; 0         ; 0    ; 0            ; 0 (0)        ; 1 (1)             ; 2 (2)            ; |bai8|sld_signaltap:auto_signaltap_0|sld_signaltap_impl:sld_signaltap_body|sld_signaltap_implb:sld_signaltap_body|sld_ela_control:ela_control|sld_ela_basic_multi_level_trigger:\basic_multi_level_mbpm_trigger_gen:multi_level_mbpm|sld_mbpmg:\trigger_modules_gen:0:trigger_match|sld_sbpmg:\gen_sbpmg_pipeline_less_than_two:sm0:100:sm1                                  ; work         ;
;                      |sld_sbpmg:\gen_sbpmg_pipeline_less_than_two:sm0:101:sm1|                                  ; 3 (3)       ; 2 (2)                     ; 0 (0)         ; 0           ; 0    ; 0            ; 0       ; 0         ; 0    ; 0            ; 0 (0)        ; 1 (1)             ; 2 (2)            ; |bai8|sld_signaltap:auto_signaltap_0|sld_signaltap_impl:sld_signaltap_body|sld_signaltap_implb:sld_signaltap_body|sld_ela_control:ela_control|sld_ela_basic_multi_level_trigger:\basic_multi_level_mbpm_trigger_gen:multi_level_mbpm|sld_mbpmg:\trigger_modules_gen:0:trigger_match|sld_sbpmg:\gen_sbpmg_pipeline_less_than_two:sm0:101:sm1                                  ; work         ;
;                      |sld_sbpmg:\gen_sbpmg_pipeline_less_than_two:sm0:102:sm1|                                  ; 3 (3)       ; 2 (2)                     ; 0 (0)         ; 0           ; 0    ; 0            ; 0       ; 0         ; 0    ; 0            ; 0 (0)        ; 1 (1)             ; 2 (2)            ; |bai8|sld_signaltap:auto_signaltap_0|sld_signaltap_impl:sld_signaltap_body|sld_signaltap_implb:sld_signaltap_body|sld_ela_control:ela_control|sld_ela_basic_multi_level_trigger:\basic_multi_level_mbpm_trigger_gen:multi_level_mbpm|sld_mbpmg:\trigger_modules_gen:0:trigger_match|sld_sbpmg:\gen_sbpmg_pipeline_less_than_two:sm0:102:sm1                                  ; work         ;
;                      |sld_sbpmg:\gen_sbpmg_pipeline_less_than_two:sm0:103:sm1|                                  ; 3 (3)       ; 2 (2)                     ; 0 (0)         ; 0           ; 0    ; 0            ; 0       ; 0         ; 0    ; 0            ; 0 (0)        ; 1 (1)             ; 2 (2)            ; |bai8|sld_signaltap:auto_signaltap_0|sld_signaltap_impl:sld_signaltap_body|sld_signaltap_implb:sld_signaltap_body|sld_ela_control:ela_control|sld_ela_basic_multi_level_trigger:\basic_multi_level_mbpm_trigger_gen:multi_level_mbpm|sld_mbpmg:\trigger_modules_gen:0:trigger_match|sld_sbpmg:\gen_sbpmg_pipeline_less_than_two:sm0:103:sm1                                  ; work         ;
;                      |sld_sbpmg:\gen_sbpmg_pipeline_less_than_two:sm0:104:sm1|                                  ; 3 (3)       ; 2 (2)                     ; 0 (0)         ; 0           ; 0    ; 0            ; 0       ; 0         ; 0    ; 0            ; 0 (0)        ; 1 (1)             ; 2 (2)            ; |bai8|sld_signaltap:auto_signaltap_0|sld_signaltap_impl:sld_signaltap_body|sld_signaltap_implb:sld_signaltap_body|sld_ela_control:ela_control|sld_ela_basic_multi_level_trigger:\basic_multi_level_mbpm_trigger_gen:multi_level_mbpm|sld_mbpmg:\trigger_modules_gen:0:trigger_match|sld_sbpmg:\gen_sbpmg_pipeline_less_than_two:sm0:104:sm1                                  ; work         ;
;                      |sld_sbpmg:\gen_sbpmg_pipeline_less_than_two:sm0:105:sm1|                                  ; 3 (3)       ; 2 (2)                     ; 0 (0)         ; 0           ; 0    ; 0            ; 0       ; 0         ; 0    ; 0            ; 0 (0)        ; 1 (1)             ; 2 (2)            ; |bai8|sld_signaltap:auto_signaltap_0|sld_signaltap_impl:sld_signaltap_body|sld_signaltap_implb:sld_signaltap_body|sld_ela_control:ela_control|sld_ela_basic_multi_level_trigger:\basic_multi_level_mbpm_trigger_gen:multi_level_mbpm|sld_mbpmg:\trigger_modules_gen:0:trigger_match|sld_sbpmg:\gen_sbpmg_pipeline_less_than_two:sm0:105:sm1                                  ; work         ;
;                      |sld_sbpmg:\gen_sbpmg_pipeline_less_than_two:sm0:106:sm1|                                  ; 3 (3)       ; 2 (2)                     ; 0 (0)         ; 0           ; 0    ; 0            ; 0       ; 0         ; 0    ; 0            ; 0 (0)        ; 1 (1)             ; 2 (2)            ; |bai8|sld_signaltap:auto_signaltap_0|sld_signaltap_impl:sld_signaltap_body|sld_signaltap_implb:sld_signaltap_body|sld_ela_control:ela_control|sld_ela_basic_multi_level_trigger:\basic_multi_level_mbpm_trigger_gen:multi_level_mbpm|sld_mbpmg:\trigger_modules_gen:0:trigger_match|sld_sbpmg:\gen_sbpmg_pipeline_less_than_two:sm0:106:sm1                                  ; work         ;
;                      |sld_sbpmg:\gen_sbpmg_pipeline_less_than_two:sm0:10:sm1|                                   ; 3 (3)       ; 2 (2)                     ; 0 (0)         ; 0           ; 0    ; 0            ; 0       ; 0         ; 0    ; 0            ; 0 (0)        ; 1 (1)             ; 2 (2)            ; |bai8|sld_signaltap:auto_signaltap_0|sld_signaltap_impl:sld_signaltap_body|sld_signaltap_implb:sld_signaltap_body|sld_ela_control:ela_control|sld_ela_basic_multi_level_trigger:\basic_multi_level_mbpm_trigger_gen:multi_level_mbpm|sld_mbpmg:\trigger_modules_gen:0:trigger_match|sld_sbpmg:\gen_sbpmg_pipeline_less_than_two:sm0:10:sm1                                   ; work         ;
;                      |sld_sbpmg:\gen_sbpmg_pipeline_less_than_two:sm0:11:sm1|                                   ; 3 (3)       ; 2 (2)                     ; 0 (0)         ; 0           ; 0    ; 0            ; 0       ; 0         ; 0    ; 0            ; 0 (0)        ; 1 (1)             ; 2 (2)            ; |bai8|sld_signaltap:auto_signaltap_0|sld_signaltap_impl:sld_signaltap_body|sld_signaltap_implb:sld_signaltap_body|sld_ela_control:ela_control|sld_ela_basic_multi_level_trigger:\basic_multi_level_mbpm_trigger_gen:multi_level_mbpm|sld_mbpmg:\trigger_modules_gen:0:trigger_match|sld_sbpmg:\gen_sbpmg_pipeline_less_than_two:sm0:11:sm1                                   ; work         ;
;                      |sld_sbpmg:\gen_sbpmg_pipeline_less_than_two:sm0:12:sm1|                                   ; 3 (3)       ; 2 (2)                     ; 0 (0)         ; 0           ; 0    ; 0            ; 0       ; 0         ; 0    ; 0            ; 0 (0)        ; 1 (1)             ; 2 (2)            ; |bai8|sld_signaltap:auto_signaltap_0|sld_signaltap_impl:sld_signaltap_body|sld_signaltap_implb:sld_signaltap_body|sld_ela_control:ela_control|sld_ela_basic_multi_level_trigger:\basic_multi_level_mbpm_trigger_gen:multi_level_mbpm|sld_mbpmg:\trigger_modules_gen:0:trigger_match|sld_sbpmg:\gen_sbpmg_pipeline_less_than_two:sm0:12:sm1                                   ; work         ;
;                      |sld_sbpmg:\gen_sbpmg_pipeline_less_than_two:sm0:13:sm1|                                   ; 3 (3)       ; 2 (2)                     ; 0 (0)         ; 0           ; 0    ; 0            ; 0       ; 0         ; 0    ; 0            ; 0 (0)        ; 1 (1)             ; 2 (2)            ; |bai8|sld_signaltap:auto_signaltap_0|sld_signaltap_impl:sld_signaltap_body|sld_signaltap_implb:sld_signaltap_body|sld_ela_control:ela_control|sld_ela_basic_multi_level_trigger:\basic_multi_level_mbpm_trigger_gen:multi_level_mbpm|sld_mbpmg:\trigger_modules_gen:0:trigger_match|sld_sbpmg:\gen_sbpmg_pipeline_less_than_two:sm0:13:sm1                                   ; work         ;
;                      |sld_sbpmg:\gen_sbpmg_pipeline_less_than_two:sm0:14:sm1|                                   ; 3 (3)       ; 2 (2)                     ; 0 (0)         ; 0           ; 0    ; 0            ; 0       ; 0         ; 0    ; 0            ; 0 (0)        ; 1 (1)             ; 2 (2)            ; |bai8|sld_signaltap:auto_signaltap_0|sld_signaltap_impl:sld_signaltap_body|sld_signaltap_implb:sld_signaltap_body|sld_ela_control:ela_control|sld_ela_basic_multi_level_trigger:\basic_multi_level_mbpm_trigger_gen:multi_level_mbpm|sld_mbpmg:\trigger_modules_gen:0:trigger_match|sld_sbpmg:\gen_sbpmg_pipeline_less_than_two:sm0:14:sm1                                   ; work         ;
;                      |sld_sbpmg:\gen_sbpmg_pipeline_less_than_two:sm0:15:sm1|                                   ; 3 (3)       ; 2 (2)                     ; 0 (0)         ; 0           ; 0    ; 0            ; 0       ; 0         ; 0    ; 0            ; 0 (0)        ; 1 (1)             ; 2 (2)            ; |bai8|sld_signaltap:auto_signaltap_0|sld_signaltap_impl:sld_signaltap_body|sld_signaltap_implb:sld_signaltap_body|sld_ela_control:ela_control|sld_ela_basic_multi_level_trigger:\basic_multi_level_mbpm_trigger_gen:multi_level_mbpm|sld_mbpmg:\trigger_modules_gen:0:trigger_match|sld_sbpmg:\gen_sbpmg_pipeline_less_than_two:sm0:15:sm1                                   ; work         ;
;                      |sld_sbpmg:\gen_sbpmg_pipeline_less_than_two:sm0:16:sm1|                                   ; 3 (3)       ; 2 (2)                     ; 0 (0)         ; 0           ; 0    ; 0            ; 0       ; 0         ; 0    ; 0            ; 0 (0)        ; 1 (1)             ; 2 (2)            ; |bai8|sld_signaltap:auto_signaltap_0|sld_signaltap_impl:sld_signaltap_body|sld_signaltap_implb:sld_signaltap_body|sld_ela_control:ela_control|sld_ela_basic_multi_level_trigger:\basic_multi_level_mbpm_trigger_gen:multi_level_mbpm|sld_mbpmg:\trigger_modules_gen:0:trigger_match|sld_sbpmg:\gen_sbpmg_pipeline_less_than_two:sm0:16:sm1                                   ; work         ;
;                      |sld_sbpmg:\gen_sbpmg_pipeline_less_than_two:sm0:17:sm1|                                   ; 3 (3)       ; 2 (2)                     ; 0 (0)         ; 0           ; 0    ; 0            ; 0       ; 0         ; 0    ; 0            ; 0 (0)        ; 1 (1)             ; 2 (2)            ; |bai8|sld_signaltap:auto_signaltap_0|sld_signaltap_impl:sld_signaltap_body|sld_signaltap_implb:sld_signaltap_body|sld_ela_control:ela_control|sld_ela_basic_multi_level_trigger:\basic_multi_level_mbpm_trigger_gen:multi_level_mbpm|sld_mbpmg:\trigger_modules_gen:0:trigger_match|sld_sbpmg:\gen_sbpmg_pipeline_less_than_two:sm0:17:sm1                                   ; work         ;
;                      |sld_sbpmg:\gen_sbpmg_pipeline_less_than_two:sm0:18:sm1|                                   ; 3 (3)       ; 2 (2)                     ; 0 (0)         ; 0           ; 0    ; 0            ; 0       ; 0         ; 0    ; 0            ; 0 (0)        ; 1 (1)             ; 2 (2)            ; |bai8|sld_signaltap:auto_signaltap_0|sld_signaltap_impl:sld_signaltap_body|sld_signaltap_implb:sld_signaltap_body|sld_ela_control:ela_control|sld_ela_basic_multi_level_trigger:\basic_multi_level_mbpm_trigger_gen:multi_level_mbpm|sld_mbpmg:\trigger_modules_gen:0:trigger_match|sld_sbpmg:\gen_sbpmg_pipeline_less_than_two:sm0:18:sm1                                   ; work         ;
;                      |sld_sbpmg:\gen_sbpmg_pipeline_less_than_two:sm0:19:sm1|                                   ; 3 (3)       ; 2 (2)                     ; 0 (0)         ; 0           ; 0    ; 0            ; 0       ; 0         ; 0    ; 0            ; 0 (0)        ; 1 (1)             ; 2 (2)            ; |bai8|sld_signaltap:auto_signaltap_0|sld_signaltap_impl:sld_signaltap_body|sld_signaltap_implb:sld_signaltap_body|sld_ela_control:ela_control|sld_ela_basic_multi_level_trigger:\basic_multi_level_mbpm_trigger_gen:multi_level_mbpm|sld_mbpmg:\trigger_modules_gen:0:trigger_match|sld_sbpmg:\gen_sbpmg_pipeline_less_than_two:sm0:19:sm1                                   ; work         ;
;                      |sld_sbpmg:\gen_sbpmg_pipeline_less_than_two:sm0:1:sm1|                                    ; 3 (3)       ; 2 (2)                     ; 0 (0)         ; 0           ; 0    ; 0            ; 0       ; 0         ; 0    ; 0            ; 0 (0)        ; 1 (1)             ; 2 (2)            ; |bai8|sld_signaltap:auto_signaltap_0|sld_signaltap_impl:sld_signaltap_body|sld_signaltap_implb:sld_signaltap_body|sld_ela_control:ela_control|sld_ela_basic_multi_level_trigger:\basic_multi_level_mbpm_trigger_gen:multi_level_mbpm|sld_mbpmg:\trigger_modules_gen:0:trigger_match|sld_sbpmg:\gen_sbpmg_pipeline_less_than_two:sm0:1:sm1                                    ; work         ;
;                      |sld_sbpmg:\gen_sbpmg_pipeline_less_than_two:sm0:20:sm1|                                   ; 3 (3)       ; 2 (2)                     ; 0 (0)         ; 0           ; 0    ; 0            ; 0       ; 0         ; 0    ; 0            ; 0 (0)        ; 1 (1)             ; 2 (2)            ; |bai8|sld_signaltap:auto_signaltap_0|sld_signaltap_impl:sld_signaltap_body|sld_signaltap_implb:sld_signaltap_body|sld_ela_control:ela_control|sld_ela_basic_multi_level_trigger:\basic_multi_level_mbpm_trigger_gen:multi_level_mbpm|sld_mbpmg:\trigger_modules_gen:0:trigger_match|sld_sbpmg:\gen_sbpmg_pipeline_less_than_two:sm0:20:sm1                                   ; work         ;
;                      |sld_sbpmg:\gen_sbpmg_pipeline_less_than_two:sm0:21:sm1|                                   ; 3 (3)       ; 2 (2)                     ; 0 (0)         ; 0           ; 0    ; 0            ; 0       ; 0         ; 0    ; 0            ; 0 (0)        ; 1 (1)             ; 2 (2)            ; |bai8|sld_signaltap:auto_signaltap_0|sld_signaltap_impl:sld_signaltap_body|sld_signaltap_implb:sld_signaltap_body|sld_ela_control:ela_control|sld_ela_basic_multi_level_trigger:\basic_multi_level_mbpm_trigger_gen:multi_level_mbpm|sld_mbpmg:\trigger_modules_gen:0:trigger_match|sld_sbpmg:\gen_sbpmg_pipeline_less_than_two:sm0:21:sm1                                   ; work         ;
;                      |sld_sbpmg:\gen_sbpmg_pipeline_less_than_two:sm0:22:sm1|                                   ; 3 (3)       ; 2 (2)                     ; 0 (0)         ; 0           ; 0    ; 0            ; 0       ; 0         ; 0    ; 0            ; 0 (0)        ; 1 (1)             ; 2 (2)            ; |bai8|sld_signaltap:auto_signaltap_0|sld_signaltap_impl:sld_signaltap_body|sld_signaltap_implb:sld_signaltap_body|sld_ela_control:ela_control|sld_ela_basic_multi_level_trigger:\basic_multi_level_mbpm_trigger_gen:multi_level_mbpm|sld_mbpmg:\trigger_modules_gen:0:trigger_match|sld_sbpmg:\gen_sbpmg_pipeline_less_than_two:sm0:22:sm1                                   ; work         ;
;                      |sld_sbpmg:\gen_sbpmg_pipeline_less_than_two:sm0:23:sm1|                                   ; 3 (3)       ; 2 (2)                     ; 0 (0)         ; 0           ; 0    ; 0            ; 0       ; 0         ; 0    ; 0            ; 0 (0)        ; 1 (1)             ; 2 (2)            ; |bai8|sld_signaltap:auto_signaltap_0|sld_signaltap_impl:sld_signaltap_body|sld_signaltap_implb:sld_signaltap_body|sld_ela_control:ela_control|sld_ela_basic_multi_level_trigger:\basic_multi_level_mbpm_trigger_gen:multi_level_mbpm|sld_mbpmg:\trigger_modules_gen:0:trigger_match|sld_sbpmg:\gen_sbpmg_pipeline_less_than_two:sm0:23:sm1                                   ; work         ;
;                      |sld_sbpmg:\gen_sbpmg_pipeline_less_than_two:sm0:24:sm1|                                   ; 3 (3)       ; 2 (2)                     ; 0 (0)         ; 0           ; 0    ; 0            ; 0       ; 0         ; 0    ; 0            ; 0 (0)        ; 1 (1)             ; 2 (2)            ; |bai8|sld_signaltap:auto_signaltap_0|sld_signaltap_impl:sld_signaltap_body|sld_signaltap_implb:sld_signaltap_body|sld_ela_control:ela_control|sld_ela_basic_multi_level_trigger:\basic_multi_level_mbpm_trigger_gen:multi_level_mbpm|sld_mbpmg:\trigger_modules_gen:0:trigger_match|sld_sbpmg:\gen_sbpmg_pipeline_less_than_two:sm0:24:sm1                                   ; work         ;
;                      |sld_sbpmg:\gen_sbpmg_pipeline_less_than_two:sm0:25:sm1|                                   ; 3 (3)       ; 2 (2)                     ; 0 (0)         ; 0           ; 0    ; 0            ; 0       ; 0         ; 0    ; 0            ; 0 (0)        ; 1 (1)             ; 2 (2)            ; |bai8|sld_signaltap:auto_signaltap_0|sld_signaltap_impl:sld_signaltap_body|sld_signaltap_implb:sld_signaltap_body|sld_ela_control:ela_control|sld_ela_basic_multi_level_trigger:\basic_multi_level_mbpm_trigger_gen:multi_level_mbpm|sld_mbpmg:\trigger_modules_gen:0:trigger_match|sld_sbpmg:\gen_sbpmg_pipeline_less_than_two:sm0:25:sm1                                   ; work         ;
;                      |sld_sbpmg:\gen_sbpmg_pipeline_less_than_two:sm0:26:sm1|                                   ; 3 (3)       ; 2 (2)                     ; 0 (0)         ; 0           ; 0    ; 0            ; 0       ; 0         ; 0    ; 0            ; 0 (0)        ; 1 (1)             ; 2 (2)            ; |bai8|sld_signaltap:auto_signaltap_0|sld_signaltap_impl:sld_signaltap_body|sld_signaltap_implb:sld_signaltap_body|sld_ela_control:ela_control|sld_ela_basic_multi_level_trigger:\basic_multi_level_mbpm_trigger_gen:multi_level_mbpm|sld_mbpmg:\trigger_modules_gen:0:trigger_match|sld_sbpmg:\gen_sbpmg_pipeline_less_than_two:sm0:26:sm1                                   ; work         ;
;                      |sld_sbpmg:\gen_sbpmg_pipeline_less_than_two:sm0:27:sm1|                                   ; 3 (3)       ; 2 (2)                     ; 0 (0)         ; 0           ; 0    ; 0            ; 0       ; 0         ; 0    ; 0            ; 0 (0)        ; 1 (1)             ; 2 (2)            ; |bai8|sld_signaltap:auto_signaltap_0|sld_signaltap_impl:sld_signaltap_body|sld_signaltap_implb:sld_signaltap_body|sld_ela_control:ela_control|sld_ela_basic_multi_level_trigger:\basic_multi_level_mbpm_trigger_gen:multi_level_mbpm|sld_mbpmg:\trigger_modules_gen:0:trigger_match|sld_sbpmg:\gen_sbpmg_pipeline_less_than_two:sm0:27:sm1                                   ; work         ;
;                      |sld_sbpmg:\gen_sbpmg_pipeline_less_than_two:sm0:28:sm1|                                   ; 3 (3)       ; 2 (2)                     ; 0 (0)         ; 0           ; 0    ; 0            ; 0       ; 0         ; 0    ; 0            ; 0 (0)        ; 1 (1)             ; 2 (2)            ; |bai8|sld_signaltap:auto_signaltap_0|sld_signaltap_impl:sld_signaltap_body|sld_signaltap_implb:sld_signaltap_body|sld_ela_control:ela_control|sld_ela_basic_multi_level_trigger:\basic_multi_level_mbpm_trigger_gen:multi_level_mbpm|sld_mbpmg:\trigger_modules_gen:0:trigger_match|sld_sbpmg:\gen_sbpmg_pipeline_less_than_two:sm0:28:sm1                                   ; work         ;
;                      |sld_sbpmg:\gen_sbpmg_pipeline_less_than_two:sm0:29:sm1|                                   ; 3 (3)       ; 2 (2)                     ; 0 (0)         ; 0           ; 0    ; 0            ; 0       ; 0         ; 0    ; 0            ; 0 (0)        ; 1 (1)             ; 2 (2)            ; |bai8|sld_signaltap:auto_signaltap_0|sld_signaltap_impl:sld_signaltap_body|sld_signaltap_implb:sld_signaltap_body|sld_ela_control:ela_control|sld_ela_basic_multi_level_trigger:\basic_multi_level_mbpm_trigger_gen:multi_level_mbpm|sld_mbpmg:\trigger_modules_gen:0:trigger_match|sld_sbpmg:\gen_sbpmg_pipeline_less_than_two:sm0:29:sm1                                   ; work         ;
;                      |sld_sbpmg:\gen_sbpmg_pipeline_less_than_two:sm0:2:sm1|                                    ; 3 (3)       ; 2 (2)                     ; 0 (0)         ; 0           ; 0    ; 0            ; 0       ; 0         ; 0    ; 0            ; 0 (0)        ; 1 (1)             ; 2 (2)            ; |bai8|sld_signaltap:auto_signaltap_0|sld_signaltap_impl:sld_signaltap_body|sld_signaltap_implb:sld_signaltap_body|sld_ela_control:ela_control|sld_ela_basic_multi_level_trigger:\basic_multi_level_mbpm_trigger_gen:multi_level_mbpm|sld_mbpmg:\trigger_modules_gen:0:trigger_match|sld_sbpmg:\gen_sbpmg_pipeline_less_than_two:sm0:2:sm1                                    ; work         ;
;                      |sld_sbpmg:\gen_sbpmg_pipeline_less_than_two:sm0:30:sm1|                                   ; 3 (3)       ; 2 (2)                     ; 0 (0)         ; 0           ; 0    ; 0            ; 0       ; 0         ; 0    ; 0            ; 0 (0)        ; 1 (1)             ; 2 (2)            ; |bai8|sld_signaltap:auto_signaltap_0|sld_signaltap_impl:sld_signaltap_body|sld_signaltap_implb:sld_signaltap_body|sld_ela_control:ela_control|sld_ela_basic_multi_level_trigger:\basic_multi_level_mbpm_trigger_gen:multi_level_mbpm|sld_mbpmg:\trigger_modules_gen:0:trigger_match|sld_sbpmg:\gen_sbpmg_pipeline_less_than_two:sm0:30:sm1                                   ; work         ;
;                      |sld_sbpmg:\gen_sbpmg_pipeline_less_than_two:sm0:31:sm1|                                   ; 3 (3)       ; 2 (2)                     ; 0 (0)         ; 0           ; 0    ; 0            ; 0       ; 0         ; 0    ; 0            ; 0 (0)        ; 1 (1)             ; 2 (2)            ; |bai8|sld_signaltap:auto_signaltap_0|sld_signaltap_impl:sld_signaltap_body|sld_signaltap_implb:sld_signaltap_body|sld_ela_control:ela_control|sld_ela_basic_multi_level_trigger:\basic_multi_level_mbpm_trigger_gen:multi_level_mbpm|sld_mbpmg:\trigger_modules_gen:0:trigger_match|sld_sbpmg:\gen_sbpmg_pipeline_less_than_two:sm0:31:sm1                                   ; work         ;
;                      |sld_sbpmg:\gen_sbpmg_pipeline_less_than_two:sm0:32:sm1|                                   ; 3 (3)       ; 2 (2)                     ; 0 (0)         ; 0           ; 0    ; 0            ; 0       ; 0         ; 0    ; 0            ; 0 (0)        ; 1 (1)             ; 2 (2)            ; |bai8|sld_signaltap:auto_signaltap_0|sld_signaltap_impl:sld_signaltap_body|sld_signaltap_implb:sld_signaltap_body|sld_ela_control:ela_control|sld_ela_basic_multi_level_trigger:\basic_multi_level_mbpm_trigger_gen:multi_level_mbpm|sld_mbpmg:\trigger_modules_gen:0:trigger_match|sld_sbpmg:\gen_sbpmg_pipeline_less_than_two:sm0:32:sm1                                   ; work         ;
;                      |sld_sbpmg:\gen_sbpmg_pipeline_less_than_two:sm0:33:sm1|                                   ; 3 (3)       ; 2 (2)                     ; 0 (0)         ; 0           ; 0    ; 0            ; 0       ; 0         ; 0    ; 0            ; 0 (0)        ; 1 (1)             ; 2 (2)            ; |bai8|sld_signaltap:auto_signaltap_0|sld_signaltap_impl:sld_signaltap_body|sld_signaltap_implb:sld_signaltap_body|sld_ela_control:ela_control|sld_ela_basic_multi_level_trigger:\basic_multi_level_mbpm_trigger_gen:multi_level_mbpm|sld_mbpmg:\trigger_modules_gen:0:trigger_match|sld_sbpmg:\gen_sbpmg_pipeline_less_than_two:sm0:33:sm1                                   ; work         ;
;                      |sld_sbpmg:\gen_sbpmg_pipeline_less_than_two:sm0:34:sm1|                                   ; 3 (3)       ; 2 (2)                     ; 0 (0)         ; 0           ; 0    ; 0            ; 0       ; 0         ; 0    ; 0            ; 0 (0)        ; 1 (1)             ; 2 (2)            ; |bai8|sld_signaltap:auto_signaltap_0|sld_signaltap_impl:sld_signaltap_body|sld_signaltap_implb:sld_signaltap_body|sld_ela_control:ela_control|sld_ela_basic_multi_level_trigger:\basic_multi_level_mbpm_trigger_gen:multi_level_mbpm|sld_mbpmg:\trigger_modules_gen:0:trigger_match|sld_sbpmg:\gen_sbpmg_pipeline_less_than_two:sm0:34:sm1                                   ; work         ;
;                      |sld_sbpmg:\gen_sbpmg_pipeline_less_than_two:sm0:35:sm1|                                   ; 3 (3)       ; 2 (2)                     ; 0 (0)         ; 0           ; 0    ; 0            ; 0       ; 0         ; 0    ; 0            ; 0 (0)        ; 1 (1)             ; 2 (2)            ; |bai8|sld_signaltap:auto_signaltap_0|sld_signaltap_impl:sld_signaltap_body|sld_signaltap_implb:sld_signaltap_body|sld_ela_control:ela_control|sld_ela_basic_multi_level_trigger:\basic_multi_level_mbpm_trigger_gen:multi_level_mbpm|sld_mbpmg:\trigger_modules_gen:0:trigger_match|sld_sbpmg:\gen_sbpmg_pipeline_less_than_two:sm0:35:sm1                                   ; work         ;
;                      |sld_sbpmg:\gen_sbpmg_pipeline_less_than_two:sm0:36:sm1|                                   ; 3 (3)       ; 2 (2)                     ; 0 (0)         ; 0           ; 0    ; 0            ; 0       ; 0         ; 0    ; 0            ; 0 (0)        ; 1 (1)             ; 2 (2)            ; |bai8|sld_signaltap:auto_signaltap_0|sld_signaltap_impl:sld_signaltap_body|sld_signaltap_implb:sld_signaltap_body|sld_ela_control:ela_control|sld_ela_basic_multi_level_trigger:\basic_multi_level_mbpm_trigger_gen:multi_level_mbpm|sld_mbpmg:\trigger_modules_gen:0:trigger_match|sld_sbpmg:\gen_sbpmg_pipeline_less_than_two:sm0:36:sm1                                   ; work         ;
;                      |sld_sbpmg:\gen_sbpmg_pipeline_less_than_two:sm0:37:sm1|                                   ; 3 (3)       ; 2 (2)                     ; 0 (0)         ; 0           ; 0    ; 0            ; 0       ; 0         ; 0    ; 0            ; 0 (0)        ; 1 (1)             ; 2 (2)            ; |bai8|sld_signaltap:auto_signaltap_0|sld_signaltap_impl:sld_signaltap_body|sld_signaltap_implb:sld_signaltap_body|sld_ela_control:ela_control|sld_ela_basic_multi_level_trigger:\basic_multi_level_mbpm_trigger_gen:multi_level_mbpm|sld_mbpmg:\trigger_modules_gen:0:trigger_match|sld_sbpmg:\gen_sbpmg_pipeline_less_than_two:sm0:37:sm1                                   ; work         ;
;                      |sld_sbpmg:\gen_sbpmg_pipeline_less_than_two:sm0:38:sm1|                                   ; 3 (3)       ; 2 (2)                     ; 0 (0)         ; 0           ; 0    ; 0            ; 0       ; 0         ; 0    ; 0            ; 0 (0)        ; 1 (1)             ; 2 (2)            ; |bai8|sld_signaltap:auto_signaltap_0|sld_signaltap_impl:sld_signaltap_body|sld_signaltap_implb:sld_signaltap_body|sld_ela_control:ela_control|sld_ela_basic_multi_level_trigger:\basic_multi_level_mbpm_trigger_gen:multi_level_mbpm|sld_mbpmg:\trigger_modules_gen:0:trigger_match|sld_sbpmg:\gen_sbpmg_pipeline_less_than_two:sm0:38:sm1                                   ; work         ;
;                      |sld_sbpmg:\gen_sbpmg_pipeline_less_than_two:sm0:39:sm1|                                   ; 3 (3)       ; 2 (2)                     ; 0 (0)         ; 0           ; 0    ; 0            ; 0       ; 0         ; 0    ; 0            ; 0 (0)        ; 1 (1)             ; 2 (2)            ; |bai8|sld_signaltap:auto_signaltap_0|sld_signaltap_impl:sld_signaltap_body|sld_signaltap_implb:sld_signaltap_body|sld_ela_control:ela_control|sld_ela_basic_multi_level_trigger:\basic_multi_level_mbpm_trigger_gen:multi_level_mbpm|sld_mbpmg:\trigger_modules_gen:0:trigger_match|sld_sbpmg:\gen_sbpmg_pipeline_less_than_two:sm0:39:sm1                                   ; work         ;
;                      |sld_sbpmg:\gen_sbpmg_pipeline_less_than_two:sm0:3:sm1|                                    ; 3 (3)       ; 2 (2)                     ; 0 (0)         ; 0           ; 0    ; 0            ; 0       ; 0         ; 0    ; 0            ; 0 (0)        ; 1 (1)             ; 2 (2)            ; |bai8|sld_signaltap:auto_signaltap_0|sld_signaltap_impl:sld_signaltap_body|sld_signaltap_implb:sld_signaltap_body|sld_ela_control:ela_control|sld_ela_basic_multi_level_trigger:\basic_multi_level_mbpm_trigger_gen:multi_level_mbpm|sld_mbpmg:\trigger_modules_gen:0:trigger_match|sld_sbpmg:\gen_sbpmg_pipeline_less_than_two:sm0:3:sm1                                    ; work         ;
;                      |sld_sbpmg:\gen_sbpmg_pipeline_less_than_two:sm0:40:sm1|                                   ; 3 (3)       ; 2 (2)                     ; 0 (0)         ; 0           ; 0    ; 0            ; 0       ; 0         ; 0    ; 0            ; 0 (0)        ; 1 (1)             ; 2 (2)            ; |bai8|sld_signaltap:auto_signaltap_0|sld_signaltap_impl:sld_signaltap_body|sld_signaltap_implb:sld_signaltap_body|sld_ela_control:ela_control|sld_ela_basic_multi_level_trigger:\basic_multi_level_mbpm_trigger_gen:multi_level_mbpm|sld_mbpmg:\trigger_modules_gen:0:trigger_match|sld_sbpmg:\gen_sbpmg_pipeline_less_than_two:sm0:40:sm1                                   ; work         ;
;                      |sld_sbpmg:\gen_sbpmg_pipeline_less_than_two:sm0:41:sm1|                                   ; 3 (3)       ; 2 (2)                     ; 0 (0)         ; 0           ; 0    ; 0            ; 0       ; 0         ; 0    ; 0            ; 0 (0)        ; 1 (1)             ; 2 (2)            ; |bai8|sld_signaltap:auto_signaltap_0|sld_signaltap_impl:sld_signaltap_body|sld_signaltap_implb:sld_signaltap_body|sld_ela_control:ela_control|sld_ela_basic_multi_level_trigger:\basic_multi_level_mbpm_trigger_gen:multi_level_mbpm|sld_mbpmg:\trigger_modules_gen:0:trigger_match|sld_sbpmg:\gen_sbpmg_pipeline_less_than_two:sm0:41:sm1                                   ; work         ;
;                      |sld_sbpmg:\gen_sbpmg_pipeline_less_than_two:sm0:42:sm1|                                   ; 3 (3)       ; 2 (2)                     ; 0 (0)         ; 0           ; 0    ; 0            ; 0       ; 0         ; 0    ; 0            ; 0 (0)        ; 1 (1)             ; 2 (2)            ; |bai8|sld_signaltap:auto_signaltap_0|sld_signaltap_impl:sld_signaltap_body|sld_signaltap_implb:sld_signaltap_body|sld_ela_control:ela_control|sld_ela_basic_multi_level_trigger:\basic_multi_level_mbpm_trigger_gen:multi_level_mbpm|sld_mbpmg:\trigger_modules_gen:0:trigger_match|sld_sbpmg:\gen_sbpmg_pipeline_less_than_two:sm0:42:sm1                                   ; work         ;
;                      |sld_sbpmg:\gen_sbpmg_pipeline_less_than_two:sm0:43:sm1|                                   ; 3 (3)       ; 2 (2)                     ; 0 (0)         ; 0           ; 0    ; 0            ; 0       ; 0         ; 0    ; 0            ; 0 (0)        ; 1 (1)             ; 2 (2)            ; |bai8|sld_signaltap:auto_signaltap_0|sld_signaltap_impl:sld_signaltap_body|sld_signaltap_implb:sld_signaltap_body|sld_ela_control:ela_control|sld_ela_basic_multi_level_trigger:\basic_multi_level_mbpm_trigger_gen:multi_level_mbpm|sld_mbpmg:\trigger_modules_gen:0:trigger_match|sld_sbpmg:\gen_sbpmg_pipeline_less_than_two:sm0:43:sm1                                   ; work         ;
;                      |sld_sbpmg:\gen_sbpmg_pipeline_less_than_two:sm0:44:sm1|                                   ; 3 (3)       ; 2 (2)                     ; 0 (0)         ; 0           ; 0    ; 0            ; 0       ; 0         ; 0    ; 0            ; 0 (0)        ; 1 (1)             ; 2 (2)            ; |bai8|sld_signaltap:auto_signaltap_0|sld_signaltap_impl:sld_signaltap_body|sld_signaltap_implb:sld_signaltap_body|sld_ela_control:ela_control|sld_ela_basic_multi_level_trigger:\basic_multi_level_mbpm_trigger_gen:multi_level_mbpm|sld_mbpmg:\trigger_modules_gen:0:trigger_match|sld_sbpmg:\gen_sbpmg_pipeline_less_than_two:sm0:44:sm1                                   ; work         ;
;                      |sld_sbpmg:\gen_sbpmg_pipeline_less_than_two:sm0:45:sm1|                                   ; 3 (3)       ; 2 (2)                     ; 0 (0)         ; 0           ; 0    ; 0            ; 0       ; 0         ; 0    ; 0            ; 0 (0)        ; 1 (1)             ; 2 (2)            ; |bai8|sld_signaltap:auto_signaltap_0|sld_signaltap_impl:sld_signaltap_body|sld_signaltap_implb:sld_signaltap_body|sld_ela_control:ela_control|sld_ela_basic_multi_level_trigger:\basic_multi_level_mbpm_trigger_gen:multi_level_mbpm|sld_mbpmg:\trigger_modules_gen:0:trigger_match|sld_sbpmg:\gen_sbpmg_pipeline_less_than_two:sm0:45:sm1                                   ; work         ;
;                      |sld_sbpmg:\gen_sbpmg_pipeline_less_than_two:sm0:46:sm1|                                   ; 3 (3)       ; 2 (2)                     ; 0 (0)         ; 0           ; 0    ; 0            ; 0       ; 0         ; 0    ; 0            ; 0 (0)        ; 1 (1)             ; 2 (2)            ; |bai8|sld_signaltap:auto_signaltap_0|sld_signaltap_impl:sld_signaltap_body|sld_signaltap_implb:sld_signaltap_body|sld_ela_control:ela_control|sld_ela_basic_multi_level_trigger:\basic_multi_level_mbpm_trigger_gen:multi_level_mbpm|sld_mbpmg:\trigger_modules_gen:0:trigger_match|sld_sbpmg:\gen_sbpmg_pipeline_less_than_two:sm0:46:sm1                                   ; work         ;
;                      |sld_sbpmg:\gen_sbpmg_pipeline_less_than_two:sm0:47:sm1|                                   ; 3 (3)       ; 2 (2)                     ; 0 (0)         ; 0           ; 0    ; 0            ; 0       ; 0         ; 0    ; 0            ; 0 (0)        ; 1 (1)             ; 2 (2)            ; |bai8|sld_signaltap:auto_signaltap_0|sld_signaltap_impl:sld_signaltap_body|sld_signaltap_implb:sld_signaltap_body|sld_ela_control:ela_control|sld_ela_basic_multi_level_trigger:\basic_multi_level_mbpm_trigger_gen:multi_level_mbpm|sld_mbpmg:\trigger_modules_gen:0:trigger_match|sld_sbpmg:\gen_sbpmg_pipeline_less_than_two:sm0:47:sm1                                   ; work         ;
;                      |sld_sbpmg:\gen_sbpmg_pipeline_less_than_two:sm0:48:sm1|                                   ; 3 (3)       ; 2 (2)                     ; 0 (0)         ; 0           ; 0    ; 0            ; 0       ; 0         ; 0    ; 0            ; 0 (0)        ; 1 (1)             ; 2 (2)            ; |bai8|sld_signaltap:auto_signaltap_0|sld_signaltap_impl:sld_signaltap_body|sld_signaltap_implb:sld_signaltap_body|sld_ela_control:ela_control|sld_ela_basic_multi_level_trigger:\basic_multi_level_mbpm_trigger_gen:multi_level_mbpm|sld_mbpmg:\trigger_modules_gen:0:trigger_match|sld_sbpmg:\gen_sbpmg_pipeline_less_than_two:sm0:48:sm1                                   ; work         ;
;                      |sld_sbpmg:\gen_sbpmg_pipeline_less_than_two:sm0:49:sm1|                                   ; 3 (3)       ; 2 (2)                     ; 0 (0)         ; 0           ; 0    ; 0            ; 0       ; 0         ; 0    ; 0            ; 0 (0)        ; 1 (1)             ; 2 (2)            ; |bai8|sld_signaltap:auto_signaltap_0|sld_signaltap_impl:sld_signaltap_body|sld_signaltap_implb:sld_signaltap_body|sld_ela_control:ela_control|sld_ela_basic_multi_level_trigger:\basic_multi_level_mbpm_trigger_gen:multi_level_mbpm|sld_mbpmg:\trigger_modules_gen:0:trigger_match|sld_sbpmg:\gen_sbpmg_pipeline_less_than_two:sm0:49:sm1                                   ; work         ;
;                      |sld_sbpmg:\gen_sbpmg_pipeline_less_than_two:sm0:4:sm1|                                    ; 3 (3)       ; 2 (2)                     ; 0 (0)         ; 0           ; 0    ; 0            ; 0       ; 0         ; 0    ; 0            ; 0 (0)        ; 1 (1)             ; 2 (2)            ; |bai8|sld_signaltap:auto_signaltap_0|sld_signaltap_impl:sld_signaltap_body|sld_signaltap_implb:sld_signaltap_body|sld_ela_control:ela_control|sld_ela_basic_multi_level_trigger:\basic_multi_level_mbpm_trigger_gen:multi_level_mbpm|sld_mbpmg:\trigger_modules_gen:0:trigger_match|sld_sbpmg:\gen_sbpmg_pipeline_less_than_two:sm0:4:sm1                                    ; work         ;
;                      |sld_sbpmg:\gen_sbpmg_pipeline_less_than_two:sm0:50:sm1|                                   ; 3 (3)       ; 2 (2)                     ; 0 (0)         ; 0           ; 0    ; 0            ; 0       ; 0         ; 0    ; 0            ; 0 (0)        ; 1 (1)             ; 2 (2)            ; |bai8|sld_signaltap:auto_signaltap_0|sld_signaltap_impl:sld_signaltap_body|sld_signaltap_implb:sld_signaltap_body|sld_ela_control:ela_control|sld_ela_basic_multi_level_trigger:\basic_multi_level_mbpm_trigger_gen:multi_level_mbpm|sld_mbpmg:\trigger_modules_gen:0:trigger_match|sld_sbpmg:\gen_sbpmg_pipeline_less_than_two:sm0:50:sm1                                   ; work         ;
;                      |sld_sbpmg:\gen_sbpmg_pipeline_less_than_two:sm0:51:sm1|                                   ; 3 (3)       ; 2 (2)                     ; 0 (0)         ; 0           ; 0    ; 0            ; 0       ; 0         ; 0    ; 0            ; 0 (0)        ; 1 (1)             ; 2 (2)            ; |bai8|sld_signaltap:auto_signaltap_0|sld_signaltap_impl:sld_signaltap_body|sld_signaltap_implb:sld_signaltap_body|sld_ela_control:ela_control|sld_ela_basic_multi_level_trigger:\basic_multi_level_mbpm_trigger_gen:multi_level_mbpm|sld_mbpmg:\trigger_modules_gen:0:trigger_match|sld_sbpmg:\gen_sbpmg_pipeline_less_than_two:sm0:51:sm1                                   ; work         ;
;                      |sld_sbpmg:\gen_sbpmg_pipeline_less_than_two:sm0:52:sm1|                                   ; 3 (3)       ; 2 (2)                     ; 0 (0)         ; 0           ; 0    ; 0            ; 0       ; 0         ; 0    ; 0            ; 0 (0)        ; 1 (1)             ; 2 (2)            ; |bai8|sld_signaltap:auto_signaltap_0|sld_signaltap_impl:sld_signaltap_body|sld_signaltap_implb:sld_signaltap_body|sld_ela_control:ela_control|sld_ela_basic_multi_level_trigger:\basic_multi_level_mbpm_trigger_gen:multi_level_mbpm|sld_mbpmg:\trigger_modules_gen:0:trigger_match|sld_sbpmg:\gen_sbpmg_pipeline_less_than_two:sm0:52:sm1                                   ; work         ;
;                      |sld_sbpmg:\gen_sbpmg_pipeline_less_than_two:sm0:53:sm1|                                   ; 3 (3)       ; 2 (2)                     ; 0 (0)         ; 0           ; 0    ; 0            ; 0       ; 0         ; 0    ; 0            ; 0 (0)        ; 1 (1)             ; 2 (2)            ; |bai8|sld_signaltap:auto_signaltap_0|sld_signaltap_impl:sld_signaltap_body|sld_signaltap_implb:sld_signaltap_body|sld_ela_control:ela_control|sld_ela_basic_multi_level_trigger:\basic_multi_level_mbpm_trigger_gen:multi_level_mbpm|sld_mbpmg:\trigger_modules_gen:0:trigger_match|sld_sbpmg:\gen_sbpmg_pipeline_less_than_two:sm0:53:sm1                                   ; work         ;
;                      |sld_sbpmg:\gen_sbpmg_pipeline_less_than_two:sm0:54:sm1|                                   ; 3 (3)       ; 2 (2)                     ; 0 (0)         ; 0           ; 0    ; 0            ; 0       ; 0         ; 0    ; 0            ; 0 (0)        ; 1 (1)             ; 2 (2)            ; |bai8|sld_signaltap:auto_signaltap_0|sld_signaltap_impl:sld_signaltap_body|sld_signaltap_implb:sld_signaltap_body|sld_ela_control:ela_control|sld_ela_basic_multi_level_trigger:\basic_multi_level_mbpm_trigger_gen:multi_level_mbpm|sld_mbpmg:\trigger_modules_gen:0:trigger_match|sld_sbpmg:\gen_sbpmg_pipeline_less_than_two:sm0:54:sm1                                   ; work         ;
;                      |sld_sbpmg:\gen_sbpmg_pipeline_less_than_two:sm0:55:sm1|                                   ; 3 (3)       ; 2 (2)                     ; 0 (0)         ; 0           ; 0    ; 0            ; 0       ; 0         ; 0    ; 0            ; 0 (0)        ; 1 (1)             ; 2 (2)            ; |bai8|sld_signaltap:auto_signaltap_0|sld_signaltap_impl:sld_signaltap_body|sld_signaltap_implb:sld_signaltap_body|sld_ela_control:ela_control|sld_ela_basic_multi_level_trigger:\basic_multi_level_mbpm_trigger_gen:multi_level_mbpm|sld_mbpmg:\trigger_modules_gen:0:trigger_match|sld_sbpmg:\gen_sbpmg_pipeline_less_than_two:sm0:55:sm1                                   ; work         ;
;                      |sld_sbpmg:\gen_sbpmg_pipeline_less_than_two:sm0:56:sm1|                                   ; 3 (3)       ; 2 (2)                     ; 0 (0)         ; 0           ; 0    ; 0            ; 0       ; 0         ; 0    ; 0            ; 0 (0)        ; 1 (1)             ; 2 (2)            ; |bai8|sld_signaltap:auto_signaltap_0|sld_signaltap_impl:sld_signaltap_body|sld_signaltap_implb:sld_signaltap_body|sld_ela_control:ela_control|sld_ela_basic_multi_level_trigger:\basic_multi_level_mbpm_trigger_gen:multi_level_mbpm|sld_mbpmg:\trigger_modules_gen:0:trigger_match|sld_sbpmg:\gen_sbpmg_pipeline_less_than_two:sm0:56:sm1                                   ; work         ;
;                      |sld_sbpmg:\gen_sbpmg_pipeline_less_than_two:sm0:57:sm1|                                   ; 3 (3)       ; 2 (2)                     ; 0 (0)         ; 0           ; 0    ; 0            ; 0       ; 0         ; 0    ; 0            ; 0 (0)        ; 1 (1)             ; 2 (2)            ; |bai8|sld_signaltap:auto_signaltap_0|sld_signaltap_impl:sld_signaltap_body|sld_signaltap_implb:sld_signaltap_body|sld_ela_control:ela_control|sld_ela_basic_multi_level_trigger:\basic_multi_level_mbpm_trigger_gen:multi_level_mbpm|sld_mbpmg:\trigger_modules_gen:0:trigger_match|sld_sbpmg:\gen_sbpmg_pipeline_less_than_two:sm0:57:sm1                                   ; work         ;
;                      |sld_sbpmg:\gen_sbpmg_pipeline_less_than_two:sm0:58:sm1|                                   ; 3 (3)       ; 2 (2)                     ; 0 (0)         ; 0           ; 0    ; 0            ; 0       ; 0         ; 0    ; 0            ; 0 (0)        ; 1 (1)             ; 2 (2)            ; |bai8|sld_signaltap:auto_signaltap_0|sld_signaltap_impl:sld_signaltap_body|sld_signaltap_implb:sld_signaltap_body|sld_ela_control:ela_control|sld_ela_basic_multi_level_trigger:\basic_multi_level_mbpm_trigger_gen:multi_level_mbpm|sld_mbpmg:\trigger_modules_gen:0:trigger_match|sld_sbpmg:\gen_sbpmg_pipeline_less_than_two:sm0:58:sm1                                   ; work         ;
;                      |sld_sbpmg:\gen_sbpmg_pipeline_less_than_two:sm0:59:sm1|                                   ; 3 (3)       ; 2 (2)                     ; 0 (0)         ; 0           ; 0    ; 0            ; 0       ; 0         ; 0    ; 0            ; 0 (0)        ; 1 (1)             ; 2 (2)            ; |bai8|sld_signaltap:auto_signaltap_0|sld_signaltap_impl:sld_signaltap_body|sld_signaltap_implb:sld_signaltap_body|sld_ela_control:ela_control|sld_ela_basic_multi_level_trigger:\basic_multi_level_mbpm_trigger_gen:multi_level_mbpm|sld_mbpmg:\trigger_modules_gen:0:trigger_match|sld_sbpmg:\gen_sbpmg_pipeline_less_than_two:sm0:59:sm1                                   ; work         ;
;                      |sld_sbpmg:\gen_sbpmg_pipeline_less_than_two:sm0:5:sm1|                                    ; 3 (3)       ; 2 (2)                     ; 0 (0)         ; 0           ; 0    ; 0            ; 0       ; 0         ; 0    ; 0            ; 0 (0)        ; 1 (1)             ; 2 (2)            ; |bai8|sld_signaltap:auto_signaltap_0|sld_signaltap_impl:sld_signaltap_body|sld_signaltap_implb:sld_signaltap_body|sld_ela_control:ela_control|sld_ela_basic_multi_level_trigger:\basic_multi_level_mbpm_trigger_gen:multi_level_mbpm|sld_mbpmg:\trigger_modules_gen:0:trigger_match|sld_sbpmg:\gen_sbpmg_pipeline_less_than_two:sm0:5:sm1                                    ; work         ;
;                      |sld_sbpmg:\gen_sbpmg_pipeline_less_than_two:sm0:60:sm1|                                   ; 3 (3)       ; 2 (2)                     ; 0 (0)         ; 0           ; 0    ; 0            ; 0       ; 0         ; 0    ; 0            ; 0 (0)        ; 1 (1)             ; 2 (2)            ; |bai8|sld_signaltap:auto_signaltap_0|sld_signaltap_impl:sld_signaltap_body|sld_signaltap_implb:sld_signaltap_body|sld_ela_control:ela_control|sld_ela_basic_multi_level_trigger:\basic_multi_level_mbpm_trigger_gen:multi_level_mbpm|sld_mbpmg:\trigger_modules_gen:0:trigger_match|sld_sbpmg:\gen_sbpmg_pipeline_less_than_two:sm0:60:sm1                                   ; work         ;
;                      |sld_sbpmg:\gen_sbpmg_pipeline_less_than_two:sm0:61:sm1|                                   ; 3 (3)       ; 2 (2)                     ; 0 (0)         ; 0           ; 0    ; 0            ; 0       ; 0         ; 0    ; 0            ; 0 (0)        ; 1 (1)             ; 2 (2)            ; |bai8|sld_signaltap:auto_signaltap_0|sld_signaltap_impl:sld_signaltap_body|sld_signaltap_implb:sld_signaltap_body|sld_ela_control:ela_control|sld_ela_basic_multi_level_trigger:\basic_multi_level_mbpm_trigger_gen:multi_level_mbpm|sld_mbpmg:\trigger_modules_gen:0:trigger_match|sld_sbpmg:\gen_sbpmg_pipeline_less_than_two:sm0:61:sm1                                   ; work         ;
;                      |sld_sbpmg:\gen_sbpmg_pipeline_less_than_two:sm0:62:sm1|                                   ; 3 (3)       ; 2 (2)                     ; 0 (0)         ; 0           ; 0    ; 0            ; 0       ; 0         ; 0    ; 0            ; 0 (0)        ; 1 (1)             ; 2 (2)            ; |bai8|sld_signaltap:auto_signaltap_0|sld_signaltap_impl:sld_signaltap_body|sld_signaltap_implb:sld_signaltap_body|sld_ela_control:ela_control|sld_ela_basic_multi_level_trigger:\basic_multi_level_mbpm_trigger_gen:multi_level_mbpm|sld_mbpmg:\trigger_modules_gen:0:trigger_match|sld_sbpmg:\gen_sbpmg_pipeline_less_than_two:sm0:62:sm1                                   ; work         ;
;                      |sld_sbpmg:\gen_sbpmg_pipeline_less_than_two:sm0:63:sm1|                                   ; 3 (3)       ; 2 (2)                     ; 0 (0)         ; 0           ; 0    ; 0            ; 0       ; 0         ; 0    ; 0            ; 0 (0)        ; 1 (1)             ; 2 (2)            ; |bai8|sld_signaltap:auto_signaltap_0|sld_signaltap_impl:sld_signaltap_body|sld_signaltap_implb:sld_signaltap_body|sld_ela_control:ela_control|sld_ela_basic_multi_level_trigger:\basic_multi_level_mbpm_trigger_gen:multi_level_mbpm|sld_mbpmg:\trigger_modules_gen:0:trigger_match|sld_sbpmg:\gen_sbpmg_pipeline_less_than_two:sm0:63:sm1                                   ; work         ;
;                      |sld_sbpmg:\gen_sbpmg_pipeline_less_than_two:sm0:64:sm1|                                   ; 3 (3)       ; 2 (2)                     ; 0 (0)         ; 0           ; 0    ; 0            ; 0       ; 0         ; 0    ; 0            ; 0 (0)        ; 1 (1)             ; 2 (2)            ; |bai8|sld_signaltap:auto_signaltap_0|sld_signaltap_impl:sld_signaltap_body|sld_signaltap_implb:sld_signaltap_body|sld_ela_control:ela_control|sld_ela_basic_multi_level_trigger:\basic_multi_level_mbpm_trigger_gen:multi_level_mbpm|sld_mbpmg:\trigger_modules_gen:0:trigger_match|sld_sbpmg:\gen_sbpmg_pipeline_less_than_two:sm0:64:sm1                                   ; work         ;
;                      |sld_sbpmg:\gen_sbpmg_pipeline_less_than_two:sm0:65:sm1|                                   ; 3 (3)       ; 2 (2)                     ; 0 (0)         ; 0           ; 0    ; 0            ; 0       ; 0         ; 0    ; 0            ; 0 (0)        ; 1 (1)             ; 2 (2)            ; |bai8|sld_signaltap:auto_signaltap_0|sld_signaltap_impl:sld_signaltap_body|sld_signaltap_implb:sld_signaltap_body|sld_ela_control:ela_control|sld_ela_basic_multi_level_trigger:\basic_multi_level_mbpm_trigger_gen:multi_level_mbpm|sld_mbpmg:\trigger_modules_gen:0:trigger_match|sld_sbpmg:\gen_sbpmg_pipeline_less_than_two:sm0:65:sm1                                   ; work         ;
;                      |sld_sbpmg:\gen_sbpmg_pipeline_less_than_two:sm0:66:sm1|                                   ; 3 (3)       ; 2 (2)                     ; 0 (0)         ; 0           ; 0    ; 0            ; 0       ; 0         ; 0    ; 0            ; 0 (0)        ; 1 (1)             ; 2 (2)            ; |bai8|sld_signaltap:auto_signaltap_0|sld_signaltap_impl:sld_signaltap_body|sld_signaltap_implb:sld_signaltap_body|sld_ela_control:ela_control|sld_ela_basic_multi_level_trigger:\basic_multi_level_mbpm_trigger_gen:multi_level_mbpm|sld_mbpmg:\trigger_modules_gen:0:trigger_match|sld_sbpmg:\gen_sbpmg_pipeline_less_than_two:sm0:66:sm1                                   ; work         ;
;                      |sld_sbpmg:\gen_sbpmg_pipeline_less_than_two:sm0:67:sm1|                                   ; 3 (3)       ; 2 (2)                     ; 0 (0)         ; 0           ; 0    ; 0            ; 0       ; 0         ; 0    ; 0            ; 0 (0)        ; 1 (1)             ; 2 (2)            ; |bai8|sld_signaltap:auto_signaltap_0|sld_signaltap_impl:sld_signaltap_body|sld_signaltap_implb:sld_signaltap_body|sld_ela_control:ela_control|sld_ela_basic_multi_level_trigger:\basic_multi_level_mbpm_trigger_gen:multi_level_mbpm|sld_mbpmg:\trigger_modules_gen:0:trigger_match|sld_sbpmg:\gen_sbpmg_pipeline_less_than_two:sm0:67:sm1                                   ; work         ;
;                      |sld_sbpmg:\gen_sbpmg_pipeline_less_than_two:sm0:68:sm1|                                   ; 3 (3)       ; 2 (2)                     ; 0 (0)         ; 0           ; 0    ; 0            ; 0       ; 0         ; 0    ; 0            ; 0 (0)        ; 1 (1)             ; 2 (2)            ; |bai8|sld_signaltap:auto_signaltap_0|sld_signaltap_impl:sld_signaltap_body|sld_signaltap_implb:sld_signaltap_body|sld_ela_control:ela_control|sld_ela_basic_multi_level_trigger:\basic_multi_level_mbpm_trigger_gen:multi_level_mbpm|sld_mbpmg:\trigger_modules_gen:0:trigger_match|sld_sbpmg:\gen_sbpmg_pipeline_less_than_two:sm0:68:sm1                                   ; work         ;
;                      |sld_sbpmg:\gen_sbpmg_pipeline_less_than_two:sm0:69:sm1|                                   ; 3 (3)       ; 2 (2)                     ; 0 (0)         ; 0           ; 0    ; 0            ; 0       ; 0         ; 0    ; 0            ; 0 (0)        ; 1 (1)             ; 2 (2)            ; |bai8|sld_signaltap:auto_signaltap_0|sld_signaltap_impl:sld_signaltap_body|sld_signaltap_implb:sld_signaltap_body|sld_ela_control:ela_control|sld_ela_basic_multi_level_trigger:\basic_multi_level_mbpm_trigger_gen:multi_level_mbpm|sld_mbpmg:\trigger_modules_gen:0:trigger_match|sld_sbpmg:\gen_sbpmg_pipeline_less_than_two:sm0:69:sm1                                   ; work         ;
;                      |sld_sbpmg:\gen_sbpmg_pipeline_less_than_two:sm0:6:sm1|                                    ; 3 (3)       ; 2 (2)                     ; 0 (0)         ; 0           ; 0    ; 0            ; 0       ; 0         ; 0    ; 0            ; 0 (0)        ; 1 (1)             ; 2 (2)            ; |bai8|sld_signaltap:auto_signaltap_0|sld_signaltap_impl:sld_signaltap_body|sld_signaltap_implb:sld_signaltap_body|sld_ela_control:ela_control|sld_ela_basic_multi_level_trigger:\basic_multi_level_mbpm_trigger_gen:multi_level_mbpm|sld_mbpmg:\trigger_modules_gen:0:trigger_match|sld_sbpmg:\gen_sbpmg_pipeline_less_than_two:sm0:6:sm1                                    ; work         ;
;                      |sld_sbpmg:\gen_sbpmg_pipeline_less_than_two:sm0:70:sm1|                                   ; 3 (3)       ; 2 (2)                     ; 0 (0)         ; 0           ; 0    ; 0            ; 0       ; 0         ; 0    ; 0            ; 0 (0)        ; 1 (1)             ; 2 (2)            ; |bai8|sld_signaltap:auto_signaltap_0|sld_signaltap_impl:sld_signaltap_body|sld_signaltap_implb:sld_signaltap_body|sld_ela_control:ela_control|sld_ela_basic_multi_level_trigger:\basic_multi_level_mbpm_trigger_gen:multi_level_mbpm|sld_mbpmg:\trigger_modules_gen:0:trigger_match|sld_sbpmg:\gen_sbpmg_pipeline_less_than_two:sm0:70:sm1                                   ; work         ;
;                      |sld_sbpmg:\gen_sbpmg_pipeline_less_than_two:sm0:71:sm1|                                   ; 3 (3)       ; 2 (2)                     ; 0 (0)         ; 0           ; 0    ; 0            ; 0       ; 0         ; 0    ; 0            ; 0 (0)        ; 1 (1)             ; 2 (2)            ; |bai8|sld_signaltap:auto_signaltap_0|sld_signaltap_impl:sld_signaltap_body|sld_signaltap_implb:sld_signaltap_body|sld_ela_control:ela_control|sld_ela_basic_multi_level_trigger:\basic_multi_level_mbpm_trigger_gen:multi_level_mbpm|sld_mbpmg:\trigger_modules_gen:0:trigger_match|sld_sbpmg:\gen_sbpmg_pipeline_less_than_two:sm0:71:sm1                                   ; work         ;
;                      |sld_sbpmg:\gen_sbpmg_pipeline_less_than_two:sm0:72:sm1|                                   ; 3 (3)       ; 2 (2)                     ; 0 (0)         ; 0           ; 0    ; 0            ; 0       ; 0         ; 0    ; 0            ; 0 (0)        ; 1 (1)             ; 2 (2)            ; |bai8|sld_signaltap:auto_signaltap_0|sld_signaltap_impl:sld_signaltap_body|sld_signaltap_implb:sld_signaltap_body|sld_ela_control:ela_control|sld_ela_basic_multi_level_trigger:\basic_multi_level_mbpm_trigger_gen:multi_level_mbpm|sld_mbpmg:\trigger_modules_gen:0:trigger_match|sld_sbpmg:\gen_sbpmg_pipeline_less_than_two:sm0:72:sm1                                   ; work         ;
;                      |sld_sbpmg:\gen_sbpmg_pipeline_less_than_two:sm0:73:sm1|                                   ; 3 (3)       ; 2 (2)                     ; 0 (0)         ; 0           ; 0    ; 0            ; 0       ; 0         ; 0    ; 0            ; 0 (0)        ; 1 (1)             ; 2 (2)            ; |bai8|sld_signaltap:auto_signaltap_0|sld_signaltap_impl:sld_signaltap_body|sld_signaltap_implb:sld_signaltap_body|sld_ela_control:ela_control|sld_ela_basic_multi_level_trigger:\basic_multi_level_mbpm_trigger_gen:multi_level_mbpm|sld_mbpmg:\trigger_modules_gen:0:trigger_match|sld_sbpmg:\gen_sbpmg_pipeline_less_than_two:sm0:73:sm1                                   ; work         ;
;                      |sld_sbpmg:\gen_sbpmg_pipeline_less_than_two:sm0:74:sm1|                                   ; 3 (3)       ; 2 (2)                     ; 0 (0)         ; 0           ; 0    ; 0            ; 0       ; 0         ; 0    ; 0            ; 0 (0)        ; 1 (1)             ; 2 (2)            ; |bai8|sld_signaltap:auto_signaltap_0|sld_signaltap_impl:sld_signaltap_body|sld_signaltap_implb:sld_signaltap_body|sld_ela_control:ela_control|sld_ela_basic_multi_level_trigger:\basic_multi_level_mbpm_trigger_gen:multi_level_mbpm|sld_mbpmg:\trigger_modules_gen:0:trigger_match|sld_sbpmg:\gen_sbpmg_pipeline_less_than_two:sm0:74:sm1                                   ; work         ;
;                      |sld_sbpmg:\gen_sbpmg_pipeline_less_than_two:sm0:75:sm1|                                   ; 3 (3)       ; 2 (2)                     ; 0 (0)         ; 0           ; 0    ; 0            ; 0       ; 0         ; 0    ; 0            ; 0 (0)        ; 1 (1)             ; 2 (2)            ; |bai8|sld_signaltap:auto_signaltap_0|sld_signaltap_impl:sld_signaltap_body|sld_signaltap_implb:sld_signaltap_body|sld_ela_control:ela_control|sld_ela_basic_multi_level_trigger:\basic_multi_level_mbpm_trigger_gen:multi_level_mbpm|sld_mbpmg:\trigger_modules_gen:0:trigger_match|sld_sbpmg:\gen_sbpmg_pipeline_less_than_two:sm0:75:sm1                                   ; work         ;
;                      |sld_sbpmg:\gen_sbpmg_pipeline_less_than_two:sm0:76:sm1|                                   ; 3 (3)       ; 2 (2)                     ; 0 (0)         ; 0           ; 0    ; 0            ; 0       ; 0         ; 0    ; 0            ; 0 (0)        ; 1 (1)             ; 2 (2)            ; |bai8|sld_signaltap:auto_signaltap_0|sld_signaltap_impl:sld_signaltap_body|sld_signaltap_implb:sld_signaltap_body|sld_ela_control:ela_control|sld_ela_basic_multi_level_trigger:\basic_multi_level_mbpm_trigger_gen:multi_level_mbpm|sld_mbpmg:\trigger_modules_gen:0:trigger_match|sld_sbpmg:\gen_sbpmg_pipeline_less_than_two:sm0:76:sm1                                   ; work         ;
;                      |sld_sbpmg:\gen_sbpmg_pipeline_less_than_two:sm0:77:sm1|                                   ; 3 (3)       ; 2 (2)                     ; 0 (0)         ; 0           ; 0    ; 0            ; 0       ; 0         ; 0    ; 0            ; 0 (0)        ; 1 (1)             ; 2 (2)            ; |bai8|sld_signaltap:auto_signaltap_0|sld_signaltap_impl:sld_signaltap_body|sld_signaltap_implb:sld_signaltap_body|sld_ela_control:ela_control|sld_ela_basic_multi_level_trigger:\basic_multi_level_mbpm_trigger_gen:multi_level_mbpm|sld_mbpmg:\trigger_modules_gen:0:trigger_match|sld_sbpmg:\gen_sbpmg_pipeline_less_than_two:sm0:77:sm1                                   ; work         ;
;                      |sld_sbpmg:\gen_sbpmg_pipeline_less_than_two:sm0:78:sm1|                                   ; 3 (3)       ; 2 (2)                     ; 0 (0)         ; 0           ; 0    ; 0            ; 0       ; 0         ; 0    ; 0            ; 0 (0)        ; 1 (1)             ; 2 (2)            ; |bai8|sld_signaltap:auto_signaltap_0|sld_signaltap_impl:sld_signaltap_body|sld_signaltap_implb:sld_signaltap_body|sld_ela_control:ela_control|sld_ela_basic_multi_level_trigger:\basic_multi_level_mbpm_trigger_gen:multi_level_mbpm|sld_mbpmg:\trigger_modules_gen:0:trigger_match|sld_sbpmg:\gen_sbpmg_pipeline_less_than_two:sm0:78:sm1                                   ; work         ;
;                      |sld_sbpmg:\gen_sbpmg_pipeline_less_than_two:sm0:79:sm1|                                   ; 3 (3)       ; 2 (2)                     ; 0 (0)         ; 0           ; 0    ; 0            ; 0       ; 0         ; 0    ; 0            ; 0 (0)        ; 1 (1)             ; 2 (2)            ; |bai8|sld_signaltap:auto_signaltap_0|sld_signaltap_impl:sld_signaltap_body|sld_signaltap_implb:sld_signaltap_body|sld_ela_control:ela_control|sld_ela_basic_multi_level_trigger:\basic_multi_level_mbpm_trigger_gen:multi_level_mbpm|sld_mbpmg:\trigger_modules_gen:0:trigger_match|sld_sbpmg:\gen_sbpmg_pipeline_less_than_two:sm0:79:sm1                                   ; work         ;
;                      |sld_sbpmg:\gen_sbpmg_pipeline_less_than_two:sm0:7:sm1|                                    ; 3 (3)       ; 2 (2)                     ; 0 (0)         ; 0           ; 0    ; 0            ; 0       ; 0         ; 0    ; 0            ; 0 (0)        ; 1 (1)             ; 2 (2)            ; |bai8|sld_signaltap:auto_signaltap_0|sld_signaltap_impl:sld_signaltap_body|sld_signaltap_implb:sld_signaltap_body|sld_ela_control:ela_control|sld_ela_basic_multi_level_trigger:\basic_multi_level_mbpm_trigger_gen:multi_level_mbpm|sld_mbpmg:\trigger_modules_gen:0:trigger_match|sld_sbpmg:\gen_sbpmg_pipeline_less_than_two:sm0:7:sm1                                    ; work         ;
;                      |sld_sbpmg:\gen_sbpmg_pipeline_less_than_two:sm0:80:sm1|                                   ; 3 (3)       ; 2 (2)                     ; 0 (0)         ; 0           ; 0    ; 0            ; 0       ; 0         ; 0    ; 0            ; 0 (0)        ; 1 (1)             ; 2 (2)            ; |bai8|sld_signaltap:auto_signaltap_0|sld_signaltap_impl:sld_signaltap_body|sld_signaltap_implb:sld_signaltap_body|sld_ela_control:ela_control|sld_ela_basic_multi_level_trigger:\basic_multi_level_mbpm_trigger_gen:multi_level_mbpm|sld_mbpmg:\trigger_modules_gen:0:trigger_match|sld_sbpmg:\gen_sbpmg_pipeline_less_than_two:sm0:80:sm1                                   ; work         ;
;                      |sld_sbpmg:\gen_sbpmg_pipeline_less_than_two:sm0:81:sm1|                                   ; 3 (3)       ; 2 (2)                     ; 0 (0)         ; 0           ; 0    ; 0            ; 0       ; 0         ; 0    ; 0            ; 0 (0)        ; 1 (1)             ; 2 (2)            ; |bai8|sld_signaltap:auto_signaltap_0|sld_signaltap_impl:sld_signaltap_body|sld_signaltap_implb:sld_signaltap_body|sld_ela_control:ela_control|sld_ela_basic_multi_level_trigger:\basic_multi_level_mbpm_trigger_gen:multi_level_mbpm|sld_mbpmg:\trigger_modules_gen:0:trigger_match|sld_sbpmg:\gen_sbpmg_pipeline_less_than_two:sm0:81:sm1                                   ; work         ;
;                      |sld_sbpmg:\gen_sbpmg_pipeline_less_than_two:sm0:82:sm1|                                   ; 3 (3)       ; 2 (2)                     ; 0 (0)         ; 0           ; 0    ; 0            ; 0       ; 0         ; 0    ; 0            ; 0 (0)        ; 1 (1)             ; 2 (2)            ; |bai8|sld_signaltap:auto_signaltap_0|sld_signaltap_impl:sld_signaltap_body|sld_signaltap_implb:sld_signaltap_body|sld_ela_control:ela_control|sld_ela_basic_multi_level_trigger:\basic_multi_level_mbpm_trigger_gen:multi_level_mbpm|sld_mbpmg:\trigger_modules_gen:0:trigger_match|sld_sbpmg:\gen_sbpmg_pipeline_less_than_two:sm0:82:sm1                                   ; work         ;
;                      |sld_sbpmg:\gen_sbpmg_pipeline_less_than_two:sm0:83:sm1|                                   ; 3 (3)       ; 2 (2)                     ; 0 (0)         ; 0           ; 0    ; 0            ; 0       ; 0         ; 0    ; 0            ; 0 (0)        ; 1 (1)             ; 2 (2)            ; |bai8|sld_signaltap:auto_signaltap_0|sld_signaltap_impl:sld_signaltap_body|sld_signaltap_implb:sld_signaltap_body|sld_ela_control:ela_control|sld_ela_basic_multi_level_trigger:\basic_multi_level_mbpm_trigger_gen:multi_level_mbpm|sld_mbpmg:\trigger_modules_gen:0:trigger_match|sld_sbpmg:\gen_sbpmg_pipeline_less_than_two:sm0:83:sm1                                   ; work         ;
;                      |sld_sbpmg:\gen_sbpmg_pipeline_less_than_two:sm0:84:sm1|                                   ; 3 (3)       ; 2 (2)                     ; 0 (0)         ; 0           ; 0    ; 0            ; 0       ; 0         ; 0    ; 0            ; 0 (0)        ; 1 (1)             ; 2 (2)            ; |bai8|sld_signaltap:auto_signaltap_0|sld_signaltap_impl:sld_signaltap_body|sld_signaltap_implb:sld_signaltap_body|sld_ela_control:ela_control|sld_ela_basic_multi_level_trigger:\basic_multi_level_mbpm_trigger_gen:multi_level_mbpm|sld_mbpmg:\trigger_modules_gen:0:trigger_match|sld_sbpmg:\gen_sbpmg_pipeline_less_than_two:sm0:84:sm1                                   ; work         ;
;                      |sld_sbpmg:\gen_sbpmg_pipeline_less_than_two:sm0:85:sm1|                                   ; 3 (3)       ; 2 (2)                     ; 0 (0)         ; 0           ; 0    ; 0            ; 0       ; 0         ; 0    ; 0            ; 0 (0)        ; 1 (1)             ; 2 (2)            ; |bai8|sld_signaltap:auto_signaltap_0|sld_signaltap_impl:sld_signaltap_body|sld_signaltap_implb:sld_signaltap_body|sld_ela_control:ela_control|sld_ela_basic_multi_level_trigger:\basic_multi_level_mbpm_trigger_gen:multi_level_mbpm|sld_mbpmg:\trigger_modules_gen:0:trigger_match|sld_sbpmg:\gen_sbpmg_pipeline_less_than_two:sm0:85:sm1                                   ; work         ;
;                      |sld_sbpmg:\gen_sbpmg_pipeline_less_than_two:sm0:86:sm1|                                   ; 3 (3)       ; 2 (2)                     ; 0 (0)         ; 0           ; 0    ; 0            ; 0       ; 0         ; 0    ; 0            ; 0 (0)        ; 1 (1)             ; 2 (2)            ; |bai8|sld_signaltap:auto_signaltap_0|sld_signaltap_impl:sld_signaltap_body|sld_signaltap_implb:sld_signaltap_body|sld_ela_control:ela_control|sld_ela_basic_multi_level_trigger:\basic_multi_level_mbpm_trigger_gen:multi_level_mbpm|sld_mbpmg:\trigger_modules_gen:0:trigger_match|sld_sbpmg:\gen_sbpmg_pipeline_less_than_two:sm0:86:sm1                                   ; work         ;
;                      |sld_sbpmg:\gen_sbpmg_pipeline_less_than_two:sm0:87:sm1|                                   ; 3 (3)       ; 2 (2)                     ; 0 (0)         ; 0           ; 0    ; 0            ; 0       ; 0         ; 0    ; 0            ; 0 (0)        ; 1 (1)             ; 2 (2)            ; |bai8|sld_signaltap:auto_signaltap_0|sld_signaltap_impl:sld_signaltap_body|sld_signaltap_implb:sld_signaltap_body|sld_ela_control:ela_control|sld_ela_basic_multi_level_trigger:\basic_multi_level_mbpm_trigger_gen:multi_level_mbpm|sld_mbpmg:\trigger_modules_gen:0:trigger_match|sld_sbpmg:\gen_sbpmg_pipeline_less_than_two:sm0:87:sm1                                   ; work         ;
;                      |sld_sbpmg:\gen_sbpmg_pipeline_less_than_two:sm0:88:sm1|                                   ; 3 (3)       ; 2 (2)                     ; 0 (0)         ; 0           ; 0    ; 0            ; 0       ; 0         ; 0    ; 0            ; 0 (0)        ; 1 (1)             ; 2 (2)            ; |bai8|sld_signaltap:auto_signaltap_0|sld_signaltap_impl:sld_signaltap_body|sld_signaltap_implb:sld_signaltap_body|sld_ela_control:ela_control|sld_ela_basic_multi_level_trigger:\basic_multi_level_mbpm_trigger_gen:multi_level_mbpm|sld_mbpmg:\trigger_modules_gen:0:trigger_match|sld_sbpmg:\gen_sbpmg_pipeline_less_than_two:sm0:88:sm1                                   ; work         ;
;                      |sld_sbpmg:\gen_sbpmg_pipeline_less_than_two:sm0:89:sm1|                                   ; 3 (3)       ; 2 (2)                     ; 0 (0)         ; 0           ; 0    ; 0            ; 0       ; 0         ; 0    ; 0            ; 0 (0)        ; 1 (1)             ; 2 (2)            ; |bai8|sld_signaltap:auto_signaltap_0|sld_signaltap_impl:sld_signaltap_body|sld_signaltap_implb:sld_signaltap_body|sld_ela_control:ela_control|sld_ela_basic_multi_level_trigger:\basic_multi_level_mbpm_trigger_gen:multi_level_mbpm|sld_mbpmg:\trigger_modules_gen:0:trigger_match|sld_sbpmg:\gen_sbpmg_pipeline_less_than_two:sm0:89:sm1                                   ; work         ;
;                      |sld_sbpmg:\gen_sbpmg_pipeline_less_than_two:sm0:8:sm1|                                    ; 3 (3)       ; 2 (2)                     ; 0 (0)         ; 0           ; 0    ; 0            ; 0       ; 0         ; 0    ; 0            ; 0 (0)        ; 1 (1)             ; 2 (2)            ; |bai8|sld_signaltap:auto_signaltap_0|sld_signaltap_impl:sld_signaltap_body|sld_signaltap_implb:sld_signaltap_body|sld_ela_control:ela_control|sld_ela_basic_multi_level_trigger:\basic_multi_level_mbpm_trigger_gen:multi_level_mbpm|sld_mbpmg:\trigger_modules_gen:0:trigger_match|sld_sbpmg:\gen_sbpmg_pipeline_less_than_two:sm0:8:sm1                                    ; work         ;
;                      |sld_sbpmg:\gen_sbpmg_pipeline_less_than_two:sm0:90:sm1|                                   ; 3 (3)       ; 2 (2)                     ; 0 (0)         ; 0           ; 0    ; 0            ; 0       ; 0         ; 0    ; 0            ; 0 (0)        ; 1 (1)             ; 2 (2)            ; |bai8|sld_signaltap:auto_signaltap_0|sld_signaltap_impl:sld_signaltap_body|sld_signaltap_implb:sld_signaltap_body|sld_ela_control:ela_control|sld_ela_basic_multi_level_trigger:\basic_multi_level_mbpm_trigger_gen:multi_level_mbpm|sld_mbpmg:\trigger_modules_gen:0:trigger_match|sld_sbpmg:\gen_sbpmg_pipeline_less_than_two:sm0:90:sm1                                   ; work         ;
;                      |sld_sbpmg:\gen_sbpmg_pipeline_less_than_two:sm0:91:sm1|                                   ; 3 (3)       ; 2 (2)                     ; 0 (0)         ; 0           ; 0    ; 0            ; 0       ; 0         ; 0    ; 0            ; 0 (0)        ; 1 (1)             ; 2 (2)            ; |bai8|sld_signaltap:auto_signaltap_0|sld_signaltap_impl:sld_signaltap_body|sld_signaltap_implb:sld_signaltap_body|sld_ela_control:ela_control|sld_ela_basic_multi_level_trigger:\basic_multi_level_mbpm_trigger_gen:multi_level_mbpm|sld_mbpmg:\trigger_modules_gen:0:trigger_match|sld_sbpmg:\gen_sbpmg_pipeline_less_than_two:sm0:91:sm1                                   ; work         ;
;                      |sld_sbpmg:\gen_sbpmg_pipeline_less_than_two:sm0:92:sm1|                                   ; 3 (3)       ; 2 (2)                     ; 0 (0)         ; 0           ; 0    ; 0            ; 0       ; 0         ; 0    ; 0            ; 0 (0)        ; 1 (1)             ; 2 (2)            ; |bai8|sld_signaltap:auto_signaltap_0|sld_signaltap_impl:sld_signaltap_body|sld_signaltap_implb:sld_signaltap_body|sld_ela_control:ela_control|sld_ela_basic_multi_level_trigger:\basic_multi_level_mbpm_trigger_gen:multi_level_mbpm|sld_mbpmg:\trigger_modules_gen:0:trigger_match|sld_sbpmg:\gen_sbpmg_pipeline_less_than_two:sm0:92:sm1                                   ; work         ;
;                      |sld_sbpmg:\gen_sbpmg_pipeline_less_than_two:sm0:93:sm1|                                   ; 3 (3)       ; 2 (2)                     ; 0 (0)         ; 0           ; 0    ; 0            ; 0       ; 0         ; 0    ; 0            ; 0 (0)        ; 1 (1)             ; 2 (2)            ; |bai8|sld_signaltap:auto_signaltap_0|sld_signaltap_impl:sld_signaltap_body|sld_signaltap_implb:sld_signaltap_body|sld_ela_control:ela_control|sld_ela_basic_multi_level_trigger:\basic_multi_level_mbpm_trigger_gen:multi_level_mbpm|sld_mbpmg:\trigger_modules_gen:0:trigger_match|sld_sbpmg:\gen_sbpmg_pipeline_less_than_two:sm0:93:sm1                                   ; work         ;
;                      |sld_sbpmg:\gen_sbpmg_pipeline_less_than_two:sm0:94:sm1|                                   ; 3 (3)       ; 2 (2)                     ; 0 (0)         ; 0           ; 0    ; 0            ; 0       ; 0         ; 0    ; 0            ; 0 (0)        ; 1 (1)             ; 2 (2)            ; |bai8|sld_signaltap:auto_signaltap_0|sld_signaltap_impl:sld_signaltap_body|sld_signaltap_implb:sld_signaltap_body|sld_ela_control:ela_control|sld_ela_basic_multi_level_trigger:\basic_multi_level_mbpm_trigger_gen:multi_level_mbpm|sld_mbpmg:\trigger_modules_gen:0:trigger_match|sld_sbpmg:\gen_sbpmg_pipeline_less_than_two:sm0:94:sm1                                   ; work         ;
;                      |sld_sbpmg:\gen_sbpmg_pipeline_less_than_two:sm0:95:sm1|                                   ; 3 (3)       ; 2 (2)                     ; 0 (0)         ; 0           ; 0    ; 0            ; 0       ; 0         ; 0    ; 0            ; 0 (0)        ; 1 (1)             ; 2 (2)            ; |bai8|sld_signaltap:auto_signaltap_0|sld_signaltap_impl:sld_signaltap_body|sld_signaltap_implb:sld_signaltap_body|sld_ela_control:ela_control|sld_ela_basic_multi_level_trigger:\basic_multi_level_mbpm_trigger_gen:multi_level_mbpm|sld_mbpmg:\trigger_modules_gen:0:trigger_match|sld_sbpmg:\gen_sbpmg_pipeline_less_than_two:sm0:95:sm1                                   ; work         ;
;                      |sld_sbpmg:\gen_sbpmg_pipeline_less_than_two:sm0:96:sm1|                                   ; 3 (3)       ; 2 (2)                     ; 0 (0)         ; 0           ; 0    ; 0            ; 0       ; 0         ; 0    ; 0            ; 0 (0)        ; 1 (1)             ; 2 (2)            ; |bai8|sld_signaltap:auto_signaltap_0|sld_signaltap_impl:sld_signaltap_body|sld_signaltap_implb:sld_signaltap_body|sld_ela_control:ela_control|sld_ela_basic_multi_level_trigger:\basic_multi_level_mbpm_trigger_gen:multi_level_mbpm|sld_mbpmg:\trigger_modules_gen:0:trigger_match|sld_sbpmg:\gen_sbpmg_pipeline_less_than_two:sm0:96:sm1                                   ; work         ;
;                      |sld_sbpmg:\gen_sbpmg_pipeline_less_than_two:sm0:97:sm1|                                   ; 3 (3)       ; 2 (2)                     ; 0 (0)         ; 0           ; 0    ; 0            ; 0       ; 0         ; 0    ; 0            ; 0 (0)        ; 1 (1)             ; 2 (2)            ; |bai8|sld_signaltap:auto_signaltap_0|sld_signaltap_impl:sld_signaltap_body|sld_signaltap_implb:sld_signaltap_body|sld_ela_control:ela_control|sld_ela_basic_multi_level_trigger:\basic_multi_level_mbpm_trigger_gen:multi_level_mbpm|sld_mbpmg:\trigger_modules_gen:0:trigger_match|sld_sbpmg:\gen_sbpmg_pipeline_less_than_two:sm0:97:sm1                                   ; work         ;
;                      |sld_sbpmg:\gen_sbpmg_pipeline_less_than_two:sm0:98:sm1|                                   ; 3 (3)       ; 2 (2)                     ; 0 (0)         ; 0           ; 0    ; 0            ; 0       ; 0         ; 0    ; 0            ; 0 (0)        ; 1 (1)             ; 2 (2)            ; |bai8|sld_signaltap:auto_signaltap_0|sld_signaltap_impl:sld_signaltap_body|sld_signaltap_implb:sld_signaltap_body|sld_ela_control:ela_control|sld_ela_basic_multi_level_trigger:\basic_multi_level_mbpm_trigger_gen:multi_level_mbpm|sld_mbpmg:\trigger_modules_gen:0:trigger_match|sld_sbpmg:\gen_sbpmg_pipeline_less_than_two:sm0:98:sm1                                   ; work         ;
;                      |sld_sbpmg:\gen_sbpmg_pipeline_less_than_two:sm0:99:sm1|                                   ; 3 (3)       ; 2 (2)                     ; 0 (0)         ; 0           ; 0    ; 0            ; 0       ; 0         ; 0    ; 0            ; 0 (0)        ; 1 (1)             ; 2 (2)            ; |bai8|sld_signaltap:auto_signaltap_0|sld_signaltap_impl:sld_signaltap_body|sld_signaltap_implb:sld_signaltap_body|sld_ela_control:ela_control|sld_ela_basic_multi_level_trigger:\basic_multi_level_mbpm_trigger_gen:multi_level_mbpm|sld_mbpmg:\trigger_modules_gen:0:trigger_match|sld_sbpmg:\gen_sbpmg_pipeline_less_than_two:sm0:99:sm1                                   ; work         ;
;                      |sld_sbpmg:\gen_sbpmg_pipeline_less_than_two:sm0:9:sm1|                                    ; 3 (3)       ; 2 (2)                     ; 0 (0)         ; 0           ; 0    ; 0            ; 0       ; 0         ; 0    ; 0            ; 0 (0)        ; 1 (1)             ; 2 (2)            ; |bai8|sld_signaltap:auto_signaltap_0|sld_signaltap_impl:sld_signaltap_body|sld_signaltap_implb:sld_signaltap_body|sld_ela_control:ela_control|sld_ela_basic_multi_level_trigger:\basic_multi_level_mbpm_trigger_gen:multi_level_mbpm|sld_mbpmg:\trigger_modules_gen:0:trigger_match|sld_sbpmg:\gen_sbpmg_pipeline_less_than_two:sm0:9:sm1                                    ; work         ;
;                |sld_ela_trigger_flow_mgr:\builtin:ela_trigger_flow_mgr_entity|                                  ; 47 (37)     ; 11 (1)                    ; 0 (0)         ; 0           ; 0    ; 0            ; 0       ; 0         ; 0    ; 0            ; 36 (36)      ; 10 (0)            ; 1 (1)            ; |bai8|sld_signaltap:auto_signaltap_0|sld_signaltap_impl:sld_signaltap_body|sld_signaltap_implb:sld_signaltap_body|sld_ela_control:ela_control|sld_ela_trigger_flow_mgr:\builtin:ela_trigger_flow_mgr_entity                                                                                                                                                                  ; work         ;
;                   |lpm_shiftreg:trigger_config_deserialize|                                                     ; 10 (10)     ; 10 (10)                   ; 0 (0)         ; 0           ; 0    ; 0            ; 0       ; 0         ; 0    ; 0            ; 0 (0)        ; 10 (10)           ; 0 (0)            ; |bai8|sld_signaltap:auto_signaltap_0|sld_signaltap_impl:sld_signaltap_body|sld_signaltap_implb:sld_signaltap_body|sld_ela_control:ela_control|sld_ela_trigger_flow_mgr:\builtin:ela_trigger_flow_mgr_entity|lpm_shiftreg:trigger_config_deserialize                                                                                                                          ; work         ;
;                |sld_transition_detector:\storage_transition:transition_detector|                                ; 250 (36)    ; 214 (0)                   ; 0 (0)         ; 0           ; 0    ; 0            ; 0       ; 0         ; 0    ; 0            ; 35 (35)      ; 0 (0)             ; 215 (1)          ; |bai8|sld_signaltap:auto_signaltap_0|sld_signaltap_impl:sld_signaltap_body|sld_signaltap_implb:sld_signaltap_body|sld_ela_control:ela_control|sld_transition_detector:\storage_transition:transition_detector                                                                                                                                                                ; work         ;
;                   |sld_transition_detect:\td:0:td|                                                              ; 2 (2)       ; 2 (2)                     ; 0 (0)         ; 0           ; 0    ; 0            ; 0       ; 0         ; 0    ; 0            ; 0 (0)        ; 0 (0)             ; 2 (2)            ; |bai8|sld_signaltap:auto_signaltap_0|sld_signaltap_impl:sld_signaltap_body|sld_signaltap_implb:sld_signaltap_body|sld_ela_control:ela_control|sld_transition_detector:\storage_transition:transition_detector|sld_transition_detect:\td:0:td                                                                                                                                 ; work         ;
;                   |sld_transition_detect:\td:100:td|                                                            ; 2 (2)       ; 2 (2)                     ; 0 (0)         ; 0           ; 0    ; 0            ; 0       ; 0         ; 0    ; 0            ; 0 (0)        ; 0 (0)             ; 2 (2)            ; |bai8|sld_signaltap:auto_signaltap_0|sld_signaltap_impl:sld_signaltap_body|sld_signaltap_implb:sld_signaltap_body|sld_ela_control:ela_control|sld_transition_detector:\storage_transition:transition_detector|sld_transition_detect:\td:100:td                                                                                                                               ; work         ;
;                   |sld_transition_detect:\td:101:td|                                                            ; 2 (2)       ; 2 (2)                     ; 0 (0)         ; 0           ; 0    ; 0            ; 0       ; 0         ; 0    ; 0            ; 0 (0)        ; 0 (0)             ; 2 (2)            ; |bai8|sld_signaltap:auto_signaltap_0|sld_signaltap_impl:sld_signaltap_body|sld_signaltap_implb:sld_signaltap_body|sld_ela_control:ela_control|sld_transition_detector:\storage_transition:transition_detector|sld_transition_detect:\td:101:td                                                                                                                               ; work         ;
;                   |sld_transition_detect:\td:102:td|                                                            ; 2 (2)       ; 2 (2)                     ; 0 (0)         ; 0           ; 0    ; 0            ; 0       ; 0         ; 0    ; 0            ; 0 (0)        ; 0 (0)             ; 2 (2)            ; |bai8|sld_signaltap:auto_signaltap_0|sld_signaltap_impl:sld_signaltap_body|sld_signaltap_implb:sld_signaltap_body|sld_ela_control:ela_control|sld_transition_detector:\storage_transition:transition_detector|sld_transition_detect:\td:102:td                                                                                                                               ; work         ;
;                   |sld_transition_detect:\td:103:td|                                                            ; 2 (2)       ; 2 (2)                     ; 0 (0)         ; 0           ; 0    ; 0            ; 0       ; 0         ; 0    ; 0            ; 0 (0)        ; 0 (0)             ; 2 (2)            ; |bai8|sld_signaltap:auto_signaltap_0|sld_signaltap_impl:sld_signaltap_body|sld_signaltap_implb:sld_signaltap_body|sld_ela_control:ela_control|sld_transition_detector:\storage_transition:transition_detector|sld_transition_detect:\td:103:td                                                                                                                               ; work         ;
;                   |sld_transition_detect:\td:104:td|                                                            ; 2 (2)       ; 2 (2)                     ; 0 (0)         ; 0           ; 0    ; 0            ; 0       ; 0         ; 0    ; 0            ; 0 (0)        ; 0 (0)             ; 2 (2)            ; |bai8|sld_signaltap:auto_signaltap_0|sld_signaltap_impl:sld_signaltap_body|sld_signaltap_implb:sld_signaltap_body|sld_ela_control:ela_control|sld_transition_detector:\storage_transition:transition_detector|sld_transition_detect:\td:104:td                                                                                                                               ; work         ;
;                   |sld_transition_detect:\td:105:td|                                                            ; 2 (2)       ; 2 (2)                     ; 0 (0)         ; 0           ; 0    ; 0            ; 0       ; 0         ; 0    ; 0            ; 0 (0)        ; 0 (0)             ; 2 (2)            ; |bai8|sld_signaltap:auto_signaltap_0|sld_signaltap_impl:sld_signaltap_body|sld_signaltap_implb:sld_signaltap_body|sld_ela_control:ela_control|sld_transition_detector:\storage_transition:transition_detector|sld_transition_detect:\td:105:td                                                                                                                               ; work         ;
;                   |sld_transition_detect:\td:106:td|                                                            ; 2 (2)       ; 2 (2)                     ; 0 (0)         ; 0           ; 0    ; 0            ; 0       ; 0         ; 0    ; 0            ; 0 (0)        ; 0 (0)             ; 2 (2)            ; |bai8|sld_signaltap:auto_signaltap_0|sld_signaltap_impl:sld_signaltap_body|sld_signaltap_implb:sld_signaltap_body|sld_ela_control:ela_control|sld_transition_detector:\storage_transition:transition_detector|sld_transition_detect:\td:106:td                                                                                                                               ; work         ;
;                   |sld_transition_detect:\td:10:td|                                                             ; 2 (2)       ; 2 (2)                     ; 0 (0)         ; 0           ; 0    ; 0            ; 0       ; 0         ; 0    ; 0            ; 0 (0)        ; 0 (0)             ; 2 (2)            ; |bai8|sld_signaltap:auto_signaltap_0|sld_signaltap_impl:sld_signaltap_body|sld_signaltap_implb:sld_signaltap_body|sld_ela_control:ela_control|sld_transition_detector:\storage_transition:transition_detector|sld_transition_detect:\td:10:td                                                                                                                                ; work         ;
;                   |sld_transition_detect:\td:11:td|                                                             ; 2 (2)       ; 2 (2)                     ; 0 (0)         ; 0           ; 0    ; 0            ; 0       ; 0         ; 0    ; 0            ; 0 (0)        ; 0 (0)             ; 2 (2)            ; |bai8|sld_signaltap:auto_signaltap_0|sld_signaltap_impl:sld_signaltap_body|sld_signaltap_implb:sld_signaltap_body|sld_ela_control:ela_control|sld_transition_detector:\storage_transition:transition_detector|sld_transition_detect:\td:11:td                                                                                                                                ; work         ;
;                   |sld_transition_detect:\td:12:td|                                                             ; 2 (2)       ; 2 (2)                     ; 0 (0)         ; 0           ; 0    ; 0            ; 0       ; 0         ; 0    ; 0            ; 0 (0)        ; 0 (0)             ; 2 (2)            ; |bai8|sld_signaltap:auto_signaltap_0|sld_signaltap_impl:sld_signaltap_body|sld_signaltap_implb:sld_signaltap_body|sld_ela_control:ela_control|sld_transition_detector:\storage_transition:transition_detector|sld_transition_detect:\td:12:td                                                                                                                                ; work         ;
;                   |sld_transition_detect:\td:13:td|                                                             ; 2 (2)       ; 2 (2)                     ; 0 (0)         ; 0           ; 0    ; 0            ; 0       ; 0         ; 0    ; 0            ; 0 (0)        ; 0 (0)             ; 2 (2)            ; |bai8|sld_signaltap:auto_signaltap_0|sld_signaltap_impl:sld_signaltap_body|sld_signaltap_implb:sld_signaltap_body|sld_ela_control:ela_control|sld_transition_detector:\storage_transition:transition_detector|sld_transition_detect:\td:13:td                                                                                                                                ; work         ;
;                   |sld_transition_detect:\td:14:td|                                                             ; 2 (2)       ; 2 (2)                     ; 0 (0)         ; 0           ; 0    ; 0            ; 0       ; 0         ; 0    ; 0            ; 0 (0)        ; 0 (0)             ; 2 (2)            ; |bai8|sld_signaltap:auto_signaltap_0|sld_signaltap_impl:sld_signaltap_body|sld_signaltap_implb:sld_signaltap_body|sld_ela_control:ela_control|sld_transition_detector:\storage_transition:transition_detector|sld_transition_detect:\td:14:td                                                                                                                                ; work         ;
;                   |sld_transition_detect:\td:15:td|                                                             ; 2 (2)       ; 2 (2)                     ; 0 (0)         ; 0           ; 0    ; 0            ; 0       ; 0         ; 0    ; 0            ; 0 (0)        ; 0 (0)             ; 2 (2)            ; |bai8|sld_signaltap:auto_signaltap_0|sld_signaltap_impl:sld_signaltap_body|sld_signaltap_implb:sld_signaltap_body|sld_ela_control:ela_control|sld_transition_detector:\storage_transition:transition_detector|sld_transition_detect:\td:15:td                                                                                                                                ; work         ;
;                   |sld_transition_detect:\td:16:td|                                                             ; 2 (2)       ; 2 (2)                     ; 0 (0)         ; 0           ; 0    ; 0            ; 0       ; 0         ; 0    ; 0            ; 0 (0)        ; 0 (0)             ; 2 (2)            ; |bai8|sld_signaltap:auto_signaltap_0|sld_signaltap_impl:sld_signaltap_body|sld_signaltap_implb:sld_signaltap_body|sld_ela_control:ela_control|sld_transition_detector:\storage_transition:transition_detector|sld_transition_detect:\td:16:td                                                                                                                                ; work         ;
;                   |sld_transition_detect:\td:17:td|                                                             ; 2 (2)       ; 2 (2)                     ; 0 (0)         ; 0           ; 0    ; 0            ; 0       ; 0         ; 0    ; 0            ; 0 (0)        ; 0 (0)             ; 2 (2)            ; |bai8|sld_signaltap:auto_signaltap_0|sld_signaltap_impl:sld_signaltap_body|sld_signaltap_implb:sld_signaltap_body|sld_ela_control:ela_control|sld_transition_detector:\storage_transition:transition_detector|sld_transition_detect:\td:17:td                                                                                                                                ; work         ;
;                   |sld_transition_detect:\td:18:td|                                                             ; 2 (2)       ; 2 (2)                     ; 0 (0)         ; 0           ; 0    ; 0            ; 0       ; 0         ; 0    ; 0            ; 0 (0)        ; 0 (0)             ; 2 (2)            ; |bai8|sld_signaltap:auto_signaltap_0|sld_signaltap_impl:sld_signaltap_body|sld_signaltap_implb:sld_signaltap_body|sld_ela_control:ela_control|sld_transition_detector:\storage_transition:transition_detector|sld_transition_detect:\td:18:td                                                                                                                                ; work         ;
;                   |sld_transition_detect:\td:19:td|                                                             ; 2 (2)       ; 2 (2)                     ; 0 (0)         ; 0           ; 0    ; 0            ; 0       ; 0         ; 0    ; 0            ; 0 (0)        ; 0 (0)             ; 2 (2)            ; |bai8|sld_signaltap:auto_signaltap_0|sld_signaltap_impl:sld_signaltap_body|sld_signaltap_implb:sld_signaltap_body|sld_ela_control:ela_control|sld_transition_detector:\storage_transition:transition_detector|sld_transition_detect:\td:19:td                                                                                                                                ; work         ;
;                   |sld_transition_detect:\td:1:td|                                                              ; 2 (2)       ; 2 (2)                     ; 0 (0)         ; 0           ; 0    ; 0            ; 0       ; 0         ; 0    ; 0            ; 0 (0)        ; 0 (0)             ; 2 (2)            ; |bai8|sld_signaltap:auto_signaltap_0|sld_signaltap_impl:sld_signaltap_body|sld_signaltap_implb:sld_signaltap_body|sld_ela_control:ela_control|sld_transition_detector:\storage_transition:transition_detector|sld_transition_detect:\td:1:td                                                                                                                                 ; work         ;
;                   |sld_transition_detect:\td:20:td|                                                             ; 2 (2)       ; 2 (2)                     ; 0 (0)         ; 0           ; 0    ; 0            ; 0       ; 0         ; 0    ; 0            ; 0 (0)        ; 0 (0)             ; 2 (2)            ; |bai8|sld_signaltap:auto_signaltap_0|sld_signaltap_impl:sld_signaltap_body|sld_signaltap_implb:sld_signaltap_body|sld_ela_control:ela_control|sld_transition_detector:\storage_transition:transition_detector|sld_transition_detect:\td:20:td                                                                                                                                ; work         ;
;                   |sld_transition_detect:\td:21:td|                                                             ; 2 (2)       ; 2 (2)                     ; 0 (0)         ; 0           ; 0    ; 0            ; 0       ; 0         ; 0    ; 0            ; 0 (0)        ; 0 (0)             ; 2 (2)            ; |bai8|sld_signaltap:auto_signaltap_0|sld_signaltap_impl:sld_signaltap_body|sld_signaltap_implb:sld_signaltap_body|sld_ela_control:ela_control|sld_transition_detector:\storage_transition:transition_detector|sld_transition_detect:\td:21:td                                                                                                                                ; work         ;
;                   |sld_transition_detect:\td:22:td|                                                             ; 2 (2)       ; 2 (2)                     ; 0 (0)         ; 0           ; 0    ; 0            ; 0       ; 0         ; 0    ; 0            ; 0 (0)        ; 0 (0)             ; 2 (2)            ; |bai8|sld_signaltap:auto_signaltap_0|sld_signaltap_impl:sld_signaltap_body|sld_signaltap_implb:sld_signaltap_body|sld_ela_control:ela_control|sld_transition_detector:\storage_transition:transition_detector|sld_transition_detect:\td:22:td                                                                                                                                ; work         ;
;                   |sld_transition_detect:\td:23:td|                                                             ; 2 (2)       ; 2 (2)                     ; 0 (0)         ; 0           ; 0    ; 0            ; 0       ; 0         ; 0    ; 0            ; 0 (0)        ; 0 (0)             ; 2 (2)            ; |bai8|sld_signaltap:auto_signaltap_0|sld_signaltap_impl:sld_signaltap_body|sld_signaltap_implb:sld_signaltap_body|sld_ela_control:ela_control|sld_transition_detector:\storage_transition:transition_detector|sld_transition_detect:\td:23:td                                                                                                                                ; work         ;
;                   |sld_transition_detect:\td:24:td|                                                             ; 2 (2)       ; 2 (2)                     ; 0 (0)         ; 0           ; 0    ; 0            ; 0       ; 0         ; 0    ; 0            ; 0 (0)        ; 0 (0)             ; 2 (2)            ; |bai8|sld_signaltap:auto_signaltap_0|sld_signaltap_impl:sld_signaltap_body|sld_signaltap_implb:sld_signaltap_body|sld_ela_control:ela_control|sld_transition_detector:\storage_transition:transition_detector|sld_transition_detect:\td:24:td                                                                                                                                ; work         ;
;                   |sld_transition_detect:\td:25:td|                                                             ; 2 (2)       ; 2 (2)                     ; 0 (0)         ; 0           ; 0    ; 0            ; 0       ; 0         ; 0    ; 0            ; 0 (0)        ; 0 (0)             ; 2 (2)            ; |bai8|sld_signaltap:auto_signaltap_0|sld_signaltap_impl:sld_signaltap_body|sld_signaltap_implb:sld_signaltap_body|sld_ela_control:ela_control|sld_transition_detector:\storage_transition:transition_detector|sld_transition_detect:\td:25:td                                                                                                                                ; work         ;
;                   |sld_transition_detect:\td:26:td|                                                             ; 2 (2)       ; 2 (2)                     ; 0 (0)         ; 0           ; 0    ; 0            ; 0       ; 0         ; 0    ; 0            ; 0 (0)        ; 0 (0)             ; 2 (2)            ; |bai8|sld_signaltap:auto_signaltap_0|sld_signaltap_impl:sld_signaltap_body|sld_signaltap_implb:sld_signaltap_body|sld_ela_control:ela_control|sld_transition_detector:\storage_transition:transition_detector|sld_transition_detect:\td:26:td                                                                                                                                ; work         ;
;                   |sld_transition_detect:\td:27:td|                                                             ; 2 (2)       ; 2 (2)                     ; 0 (0)         ; 0           ; 0    ; 0            ; 0       ; 0         ; 0    ; 0            ; 0 (0)        ; 0 (0)             ; 2 (2)            ; |bai8|sld_signaltap:auto_signaltap_0|sld_signaltap_impl:sld_signaltap_body|sld_signaltap_implb:sld_signaltap_body|sld_ela_control:ela_control|sld_transition_detector:\storage_transition:transition_detector|sld_transition_detect:\td:27:td                                                                                                                                ; work         ;
;                   |sld_transition_detect:\td:28:td|                                                             ; 2 (2)       ; 2 (2)                     ; 0 (0)         ; 0           ; 0    ; 0            ; 0       ; 0         ; 0    ; 0            ; 0 (0)        ; 0 (0)             ; 2 (2)            ; |bai8|sld_signaltap:auto_signaltap_0|sld_signaltap_impl:sld_signaltap_body|sld_signaltap_implb:sld_signaltap_body|sld_ela_control:ela_control|sld_transition_detector:\storage_transition:transition_detector|sld_transition_detect:\td:28:td                                                                                                                                ; work         ;
;                   |sld_transition_detect:\td:29:td|                                                             ; 2 (2)       ; 2 (2)                     ; 0 (0)         ; 0           ; 0    ; 0            ; 0       ; 0         ; 0    ; 0            ; 0 (0)        ; 0 (0)             ; 2 (2)            ; |bai8|sld_signaltap:auto_signaltap_0|sld_signaltap_impl:sld_signaltap_body|sld_signaltap_implb:sld_signaltap_body|sld_ela_control:ela_control|sld_transition_detector:\storage_transition:transition_detector|sld_transition_detect:\td:29:td                                                                                                                                ; work         ;
;                   |sld_transition_detect:\td:2:td|                                                              ; 2 (2)       ; 2 (2)                     ; 0 (0)         ; 0           ; 0    ; 0            ; 0       ; 0         ; 0    ; 0            ; 0 (0)        ; 0 (0)             ; 2 (2)            ; |bai8|sld_signaltap:auto_signaltap_0|sld_signaltap_impl:sld_signaltap_body|sld_signaltap_implb:sld_signaltap_body|sld_ela_control:ela_control|sld_transition_detector:\storage_transition:transition_detector|sld_transition_detect:\td:2:td                                                                                                                                 ; work         ;
;                   |sld_transition_detect:\td:30:td|                                                             ; 2 (2)       ; 2 (2)                     ; 0 (0)         ; 0           ; 0    ; 0            ; 0       ; 0         ; 0    ; 0            ; 0 (0)        ; 0 (0)             ; 2 (2)            ; |bai8|sld_signaltap:auto_signaltap_0|sld_signaltap_impl:sld_signaltap_body|sld_signaltap_implb:sld_signaltap_body|sld_ela_control:ela_control|sld_transition_detector:\storage_transition:transition_detector|sld_transition_detect:\td:30:td                                                                                                                                ; work         ;
;                   |sld_transition_detect:\td:31:td|                                                             ; 2 (2)       ; 2 (2)                     ; 0 (0)         ; 0           ; 0    ; 0            ; 0       ; 0         ; 0    ; 0            ; 0 (0)        ; 0 (0)             ; 2 (2)            ; |bai8|sld_signaltap:auto_signaltap_0|sld_signaltap_impl:sld_signaltap_body|sld_signaltap_implb:sld_signaltap_body|sld_ela_control:ela_control|sld_transition_detector:\storage_transition:transition_detector|sld_transition_detect:\td:31:td                                                                                                                                ; work         ;
;                   |sld_transition_detect:\td:32:td|                                                             ; 2 (2)       ; 2 (2)                     ; 0 (0)         ; 0           ; 0    ; 0            ; 0       ; 0         ; 0    ; 0            ; 0 (0)        ; 0 (0)             ; 2 (2)            ; |bai8|sld_signaltap:auto_signaltap_0|sld_signaltap_impl:sld_signaltap_body|sld_signaltap_implb:sld_signaltap_body|sld_ela_control:ela_control|sld_transition_detector:\storage_transition:transition_detector|sld_transition_detect:\td:32:td                                                                                                                                ; work         ;
;                   |sld_transition_detect:\td:33:td|                                                             ; 2 (2)       ; 2 (2)                     ; 0 (0)         ; 0           ; 0    ; 0            ; 0       ; 0         ; 0    ; 0            ; 0 (0)        ; 0 (0)             ; 2 (2)            ; |bai8|sld_signaltap:auto_signaltap_0|sld_signaltap_impl:sld_signaltap_body|sld_signaltap_implb:sld_signaltap_body|sld_ela_control:ela_control|sld_transition_detector:\storage_transition:transition_detector|sld_transition_detect:\td:33:td                                                                                                                                ; work         ;
;                   |sld_transition_detect:\td:34:td|                                                             ; 2 (2)       ; 2 (2)                     ; 0 (0)         ; 0           ; 0    ; 0            ; 0       ; 0         ; 0    ; 0            ; 0 (0)        ; 0 (0)             ; 2 (2)            ; |bai8|sld_signaltap:auto_signaltap_0|sld_signaltap_impl:sld_signaltap_body|sld_signaltap_implb:sld_signaltap_body|sld_ela_control:ela_control|sld_transition_detector:\storage_transition:transition_detector|sld_transition_detect:\td:34:td                                                                                                                                ; work         ;
;                   |sld_transition_detect:\td:35:td|                                                             ; 2 (2)       ; 2 (2)                     ; 0 (0)         ; 0           ; 0    ; 0            ; 0       ; 0         ; 0    ; 0            ; 0 (0)        ; 0 (0)             ; 2 (2)            ; |bai8|sld_signaltap:auto_signaltap_0|sld_signaltap_impl:sld_signaltap_body|sld_signaltap_implb:sld_signaltap_body|sld_ela_control:ela_control|sld_transition_detector:\storage_transition:transition_detector|sld_transition_detect:\td:35:td                                                                                                                                ; work         ;
;                   |sld_transition_detect:\td:36:td|                                                             ; 2 (2)       ; 2 (2)                     ; 0 (0)         ; 0           ; 0    ; 0            ; 0       ; 0         ; 0    ; 0            ; 0 (0)        ; 0 (0)             ; 2 (2)            ; |bai8|sld_signaltap:auto_signaltap_0|sld_signaltap_impl:sld_signaltap_body|sld_signaltap_implb:sld_signaltap_body|sld_ela_control:ela_control|sld_transition_detector:\storage_transition:transition_detector|sld_transition_detect:\td:36:td                                                                                                                                ; work         ;
;                   |sld_transition_detect:\td:37:td|                                                             ; 2 (2)       ; 2 (2)                     ; 0 (0)         ; 0           ; 0    ; 0            ; 0       ; 0         ; 0    ; 0            ; 0 (0)        ; 0 (0)             ; 2 (2)            ; |bai8|sld_signaltap:auto_signaltap_0|sld_signaltap_impl:sld_signaltap_body|sld_signaltap_implb:sld_signaltap_body|sld_ela_control:ela_control|sld_transition_detector:\storage_transition:transition_detector|sld_transition_detect:\td:37:td                                                                                                                                ; work         ;
;                   |sld_transition_detect:\td:38:td|                                                             ; 2 (2)       ; 2 (2)                     ; 0 (0)         ; 0           ; 0    ; 0            ; 0       ; 0         ; 0    ; 0            ; 0 (0)        ; 0 (0)             ; 2 (2)            ; |bai8|sld_signaltap:auto_signaltap_0|sld_signaltap_impl:sld_signaltap_body|sld_signaltap_implb:sld_signaltap_body|sld_ela_control:ela_control|sld_transition_detector:\storage_transition:transition_detector|sld_transition_detect:\td:38:td                                                                                                                                ; work         ;
;                   |sld_transition_detect:\td:39:td|                                                             ; 2 (2)       ; 2 (2)                     ; 0 (0)         ; 0           ; 0    ; 0            ; 0       ; 0         ; 0    ; 0            ; 0 (0)        ; 0 (0)             ; 2 (2)            ; |bai8|sld_signaltap:auto_signaltap_0|sld_signaltap_impl:sld_signaltap_body|sld_signaltap_implb:sld_signaltap_body|sld_ela_control:ela_control|sld_transition_detector:\storage_transition:transition_detector|sld_transition_detect:\td:39:td                                                                                                                                ; work         ;
;                   |sld_transition_detect:\td:3:td|                                                              ; 2 (2)       ; 2 (2)                     ; 0 (0)         ; 0           ; 0    ; 0            ; 0       ; 0         ; 0    ; 0            ; 0 (0)        ; 0 (0)             ; 2 (2)            ; |bai8|sld_signaltap:auto_signaltap_0|sld_signaltap_impl:sld_signaltap_body|sld_signaltap_implb:sld_signaltap_body|sld_ela_control:ela_control|sld_transition_detector:\storage_transition:transition_detector|sld_transition_detect:\td:3:td                                                                                                                                 ; work         ;
;                   |sld_transition_detect:\td:40:td|                                                             ; 2 (2)       ; 2 (2)                     ; 0 (0)         ; 0           ; 0    ; 0            ; 0       ; 0         ; 0    ; 0            ; 0 (0)        ; 0 (0)             ; 2 (2)            ; |bai8|sld_signaltap:auto_signaltap_0|sld_signaltap_impl:sld_signaltap_body|sld_signaltap_implb:sld_signaltap_body|sld_ela_control:ela_control|sld_transition_detector:\storage_transition:transition_detector|sld_transition_detect:\td:40:td                                                                                                                                ; work         ;
;                   |sld_transition_detect:\td:41:td|                                                             ; 2 (2)       ; 2 (2)                     ; 0 (0)         ; 0           ; 0    ; 0            ; 0       ; 0         ; 0    ; 0            ; 0 (0)        ; 0 (0)             ; 2 (2)            ; |bai8|sld_signaltap:auto_signaltap_0|sld_signaltap_impl:sld_signaltap_body|sld_signaltap_implb:sld_signaltap_body|sld_ela_control:ela_control|sld_transition_detector:\storage_transition:transition_detector|sld_transition_detect:\td:41:td                                                                                                                                ; work         ;
;                   |sld_transition_detect:\td:42:td|                                                             ; 2 (2)       ; 2 (2)                     ; 0 (0)         ; 0           ; 0    ; 0            ; 0       ; 0         ; 0    ; 0            ; 0 (0)        ; 0 (0)             ; 2 (2)            ; |bai8|sld_signaltap:auto_signaltap_0|sld_signaltap_impl:sld_signaltap_body|sld_signaltap_implb:sld_signaltap_body|sld_ela_control:ela_control|sld_transition_detector:\storage_transition:transition_detector|sld_transition_detect:\td:42:td                                                                                                                                ; work         ;
;                   |sld_transition_detect:\td:43:td|                                                             ; 2 (2)       ; 2 (2)                     ; 0 (0)         ; 0           ; 0    ; 0            ; 0       ; 0         ; 0    ; 0            ; 0 (0)        ; 0 (0)             ; 2 (2)            ; |bai8|sld_signaltap:auto_signaltap_0|sld_signaltap_impl:sld_signaltap_body|sld_signaltap_implb:sld_signaltap_body|sld_ela_control:ela_control|sld_transition_detector:\storage_transition:transition_detector|sld_transition_detect:\td:43:td                                                                                                                                ; work         ;
;                   |sld_transition_detect:\td:44:td|                                                             ; 2 (2)       ; 2 (2)                     ; 0 (0)         ; 0           ; 0    ; 0            ; 0       ; 0         ; 0    ; 0            ; 0 (0)        ; 0 (0)             ; 2 (2)            ; |bai8|sld_signaltap:auto_signaltap_0|sld_signaltap_impl:sld_signaltap_body|sld_signaltap_implb:sld_signaltap_body|sld_ela_control:ela_control|sld_transition_detector:\storage_transition:transition_detector|sld_transition_detect:\td:44:td                                                                                                                                ; work         ;
;                   |sld_transition_detect:\td:45:td|                                                             ; 2 (2)       ; 2 (2)                     ; 0 (0)         ; 0           ; 0    ; 0            ; 0       ; 0         ; 0    ; 0            ; 0 (0)        ; 0 (0)             ; 2 (2)            ; |bai8|sld_signaltap:auto_signaltap_0|sld_signaltap_impl:sld_signaltap_body|sld_signaltap_implb:sld_signaltap_body|sld_ela_control:ela_control|sld_transition_detector:\storage_transition:transition_detector|sld_transition_detect:\td:45:td                                                                                                                                ; work         ;
;                   |sld_transition_detect:\td:46:td|                                                             ; 2 (2)       ; 2 (2)                     ; 0 (0)         ; 0           ; 0    ; 0            ; 0       ; 0         ; 0    ; 0            ; 0 (0)        ; 0 (0)             ; 2 (2)            ; |bai8|sld_signaltap:auto_signaltap_0|sld_signaltap_impl:sld_signaltap_body|sld_signaltap_implb:sld_signaltap_body|sld_ela_control:ela_control|sld_transition_detector:\storage_transition:transition_detector|sld_transition_detect:\td:46:td                                                                                                                                ; work         ;
;                   |sld_transition_detect:\td:47:td|                                                             ; 2 (2)       ; 2 (2)                     ; 0 (0)         ; 0           ; 0    ; 0            ; 0       ; 0         ; 0    ; 0            ; 0 (0)        ; 0 (0)             ; 2 (2)            ; |bai8|sld_signaltap:auto_signaltap_0|sld_signaltap_impl:sld_signaltap_body|sld_signaltap_implb:sld_signaltap_body|sld_ela_control:ela_control|sld_transition_detector:\storage_transition:transition_detector|sld_transition_detect:\td:47:td                                                                                                                                ; work         ;
;                   |sld_transition_detect:\td:48:td|                                                             ; 2 (2)       ; 2 (2)                     ; 0 (0)         ; 0           ; 0    ; 0            ; 0       ; 0         ; 0    ; 0            ; 0 (0)        ; 0 (0)             ; 2 (2)            ; |bai8|sld_signaltap:auto_signaltap_0|sld_signaltap_impl:sld_signaltap_body|sld_signaltap_implb:sld_signaltap_body|sld_ela_control:ela_control|sld_transition_detector:\storage_transition:transition_detector|sld_transition_detect:\td:48:td                                                                                                                                ; work         ;
;                   |sld_transition_detect:\td:49:td|                                                             ; 2 (2)       ; 2 (2)                     ; 0 (0)         ; 0           ; 0    ; 0            ; 0       ; 0         ; 0    ; 0            ; 0 (0)        ; 0 (0)             ; 2 (2)            ; |bai8|sld_signaltap:auto_signaltap_0|sld_signaltap_impl:sld_signaltap_body|sld_signaltap_implb:sld_signaltap_body|sld_ela_control:ela_control|sld_transition_detector:\storage_transition:transition_detector|sld_transition_detect:\td:49:td                                                                                                                                ; work         ;
;                   |sld_transition_detect:\td:4:td|                                                              ; 2 (2)       ; 2 (2)                     ; 0 (0)         ; 0           ; 0    ; 0            ; 0       ; 0         ; 0    ; 0            ; 0 (0)        ; 0 (0)             ; 2 (2)            ; |bai8|sld_signaltap:auto_signaltap_0|sld_signaltap_impl:sld_signaltap_body|sld_signaltap_implb:sld_signaltap_body|sld_ela_control:ela_control|sld_transition_detector:\storage_transition:transition_detector|sld_transition_detect:\td:4:td                                                                                                                                 ; work         ;
;                   |sld_transition_detect:\td:50:td|                                                             ; 2 (2)       ; 2 (2)                     ; 0 (0)         ; 0           ; 0    ; 0            ; 0       ; 0         ; 0    ; 0            ; 0 (0)        ; 0 (0)             ; 2 (2)            ; |bai8|sld_signaltap:auto_signaltap_0|sld_signaltap_impl:sld_signaltap_body|sld_signaltap_implb:sld_signaltap_body|sld_ela_control:ela_control|sld_transition_detector:\storage_transition:transition_detector|sld_transition_detect:\td:50:td                                                                                                                                ; work         ;
;                   |sld_transition_detect:\td:51:td|                                                             ; 2 (2)       ; 2 (2)                     ; 0 (0)         ; 0           ; 0    ; 0            ; 0       ; 0         ; 0    ; 0            ; 0 (0)        ; 0 (0)             ; 2 (2)            ; |bai8|sld_signaltap:auto_signaltap_0|sld_signaltap_impl:sld_signaltap_body|sld_signaltap_implb:sld_signaltap_body|sld_ela_control:ela_control|sld_transition_detector:\storage_transition:transition_detector|sld_transition_detect:\td:51:td                                                                                                                                ; work         ;
;                   |sld_transition_detect:\td:52:td|                                                             ; 2 (2)       ; 2 (2)                     ; 0 (0)         ; 0           ; 0    ; 0            ; 0       ; 0         ; 0    ; 0            ; 0 (0)        ; 0 (0)             ; 2 (2)            ; |bai8|sld_signaltap:auto_signaltap_0|sld_signaltap_impl:sld_signaltap_body|sld_signaltap_implb:sld_signaltap_body|sld_ela_control:ela_control|sld_transition_detector:\storage_transition:transition_detector|sld_transition_detect:\td:52:td                                                                                                                                ; work         ;
;                   |sld_transition_detect:\td:53:td|                                                             ; 2 (2)       ; 2 (2)                     ; 0 (0)         ; 0           ; 0    ; 0            ; 0       ; 0         ; 0    ; 0            ; 0 (0)        ; 0 (0)             ; 2 (2)            ; |bai8|sld_signaltap:auto_signaltap_0|sld_signaltap_impl:sld_signaltap_body|sld_signaltap_implb:sld_signaltap_body|sld_ela_control:ela_control|sld_transition_detector:\storage_transition:transition_detector|sld_transition_detect:\td:53:td                                                                                                                                ; work         ;
;                   |sld_transition_detect:\td:54:td|                                                             ; 2 (2)       ; 2 (2)                     ; 0 (0)         ; 0           ; 0    ; 0            ; 0       ; 0         ; 0    ; 0            ; 0 (0)        ; 0 (0)             ; 2 (2)            ; |bai8|sld_signaltap:auto_signaltap_0|sld_signaltap_impl:sld_signaltap_body|sld_signaltap_implb:sld_signaltap_body|sld_ela_control:ela_control|sld_transition_detector:\storage_transition:transition_detector|sld_transition_detect:\td:54:td                                                                                                                                ; work         ;
;                   |sld_transition_detect:\td:55:td|                                                             ; 2 (2)       ; 2 (2)                     ; 0 (0)         ; 0           ; 0    ; 0            ; 0       ; 0         ; 0    ; 0            ; 0 (0)        ; 0 (0)             ; 2 (2)            ; |bai8|sld_signaltap:auto_signaltap_0|sld_signaltap_impl:sld_signaltap_body|sld_signaltap_implb:sld_signaltap_body|sld_ela_control:ela_control|sld_transition_detector:\storage_transition:transition_detector|sld_transition_detect:\td:55:td                                                                                                                                ; work         ;
;                   |sld_transition_detect:\td:56:td|                                                             ; 2 (2)       ; 2 (2)                     ; 0 (0)         ; 0           ; 0    ; 0            ; 0       ; 0         ; 0    ; 0            ; 0 (0)        ; 0 (0)             ; 2 (2)            ; |bai8|sld_signaltap:auto_signaltap_0|sld_signaltap_impl:sld_signaltap_body|sld_signaltap_implb:sld_signaltap_body|sld_ela_control:ela_control|sld_transition_detector:\storage_transition:transition_detector|sld_transition_detect:\td:56:td                                                                                                                                ; work         ;
;                   |sld_transition_detect:\td:57:td|                                                             ; 2 (2)       ; 2 (2)                     ; 0 (0)         ; 0           ; 0    ; 0            ; 0       ; 0         ; 0    ; 0            ; 0 (0)        ; 0 (0)             ; 2 (2)            ; |bai8|sld_signaltap:auto_signaltap_0|sld_signaltap_impl:sld_signaltap_body|sld_signaltap_implb:sld_signaltap_body|sld_ela_control:ela_control|sld_transition_detector:\storage_transition:transition_detector|sld_transition_detect:\td:57:td                                                                                                                                ; work         ;
;                   |sld_transition_detect:\td:58:td|                                                             ; 2 (2)       ; 2 (2)                     ; 0 (0)         ; 0           ; 0    ; 0            ; 0       ; 0         ; 0    ; 0            ; 0 (0)        ; 0 (0)             ; 2 (2)            ; |bai8|sld_signaltap:auto_signaltap_0|sld_signaltap_impl:sld_signaltap_body|sld_signaltap_implb:sld_signaltap_body|sld_ela_control:ela_control|sld_transition_detector:\storage_transition:transition_detector|sld_transition_detect:\td:58:td                                                                                                                                ; work         ;
;                   |sld_transition_detect:\td:59:td|                                                             ; 2 (2)       ; 2 (2)                     ; 0 (0)         ; 0           ; 0    ; 0            ; 0       ; 0         ; 0    ; 0            ; 0 (0)        ; 0 (0)             ; 2 (2)            ; |bai8|sld_signaltap:auto_signaltap_0|sld_signaltap_impl:sld_signaltap_body|sld_signaltap_implb:sld_signaltap_body|sld_ela_control:ela_control|sld_transition_detector:\storage_transition:transition_detector|sld_transition_detect:\td:59:td                                                                                                                                ; work         ;
;                   |sld_transition_detect:\td:5:td|                                                              ; 2 (2)       ; 2 (2)                     ; 0 (0)         ; 0           ; 0    ; 0            ; 0       ; 0         ; 0    ; 0            ; 0 (0)        ; 0 (0)             ; 2 (2)            ; |bai8|sld_signaltap:auto_signaltap_0|sld_signaltap_impl:sld_signaltap_body|sld_signaltap_implb:sld_signaltap_body|sld_ela_control:ela_control|sld_transition_detector:\storage_transition:transition_detector|sld_transition_detect:\td:5:td                                                                                                                                 ; work         ;
;                   |sld_transition_detect:\td:60:td|                                                             ; 2 (2)       ; 2 (2)                     ; 0 (0)         ; 0           ; 0    ; 0            ; 0       ; 0         ; 0    ; 0            ; 0 (0)        ; 0 (0)             ; 2 (2)            ; |bai8|sld_signaltap:auto_signaltap_0|sld_signaltap_impl:sld_signaltap_body|sld_signaltap_implb:sld_signaltap_body|sld_ela_control:ela_control|sld_transition_detector:\storage_transition:transition_detector|sld_transition_detect:\td:60:td                                                                                                                                ; work         ;
;                   |sld_transition_detect:\td:61:td|                                                             ; 2 (2)       ; 2 (2)                     ; 0 (0)         ; 0           ; 0    ; 0            ; 0       ; 0         ; 0    ; 0            ; 0 (0)        ; 0 (0)             ; 2 (2)            ; |bai8|sld_signaltap:auto_signaltap_0|sld_signaltap_impl:sld_signaltap_body|sld_signaltap_implb:sld_signaltap_body|sld_ela_control:ela_control|sld_transition_detector:\storage_transition:transition_detector|sld_transition_detect:\td:61:td                                                                                                                                ; work         ;
;                   |sld_transition_detect:\td:62:td|                                                             ; 2 (2)       ; 2 (2)                     ; 0 (0)         ; 0           ; 0    ; 0            ; 0       ; 0         ; 0    ; 0            ; 0 (0)        ; 0 (0)             ; 2 (2)            ; |bai8|sld_signaltap:auto_signaltap_0|sld_signaltap_impl:sld_signaltap_body|sld_signaltap_implb:sld_signaltap_body|sld_ela_control:ela_control|sld_transition_detector:\storage_transition:transition_detector|sld_transition_detect:\td:62:td                                                                                                                                ; work         ;
;                   |sld_transition_detect:\td:63:td|                                                             ; 2 (2)       ; 2 (2)                     ; 0 (0)         ; 0           ; 0    ; 0            ; 0       ; 0         ; 0    ; 0            ; 0 (0)        ; 0 (0)             ; 2 (2)            ; |bai8|sld_signaltap:auto_signaltap_0|sld_signaltap_impl:sld_signaltap_body|sld_signaltap_implb:sld_signaltap_body|sld_ela_control:ela_control|sld_transition_detector:\storage_transition:transition_detector|sld_transition_detect:\td:63:td                                                                                                                                ; work         ;
;                   |sld_transition_detect:\td:64:td|                                                             ; 2 (2)       ; 2 (2)                     ; 0 (0)         ; 0           ; 0    ; 0            ; 0       ; 0         ; 0    ; 0            ; 0 (0)        ; 0 (0)             ; 2 (2)            ; |bai8|sld_signaltap:auto_signaltap_0|sld_signaltap_impl:sld_signaltap_body|sld_signaltap_implb:sld_signaltap_body|sld_ela_control:ela_control|sld_transition_detector:\storage_transition:transition_detector|sld_transition_detect:\td:64:td                                                                                                                                ; work         ;
;                   |sld_transition_detect:\td:65:td|                                                             ; 2 (2)       ; 2 (2)                     ; 0 (0)         ; 0           ; 0    ; 0            ; 0       ; 0         ; 0    ; 0            ; 0 (0)        ; 0 (0)             ; 2 (2)            ; |bai8|sld_signaltap:auto_signaltap_0|sld_signaltap_impl:sld_signaltap_body|sld_signaltap_implb:sld_signaltap_body|sld_ela_control:ela_control|sld_transition_detector:\storage_transition:transition_detector|sld_transition_detect:\td:65:td                                                                                                                                ; work         ;
;                   |sld_transition_detect:\td:66:td|                                                             ; 2 (2)       ; 2 (2)                     ; 0 (0)         ; 0           ; 0    ; 0            ; 0       ; 0         ; 0    ; 0            ; 0 (0)        ; 0 (0)             ; 2 (2)            ; |bai8|sld_signaltap:auto_signaltap_0|sld_signaltap_impl:sld_signaltap_body|sld_signaltap_implb:sld_signaltap_body|sld_ela_control:ela_control|sld_transition_detector:\storage_transition:transition_detector|sld_transition_detect:\td:66:td                                                                                                                                ; work         ;
;                   |sld_transition_detect:\td:67:td|                                                             ; 2 (2)       ; 2 (2)                     ; 0 (0)         ; 0           ; 0    ; 0            ; 0       ; 0         ; 0    ; 0            ; 0 (0)        ; 0 (0)             ; 2 (2)            ; |bai8|sld_signaltap:auto_signaltap_0|sld_signaltap_impl:sld_signaltap_body|sld_signaltap_implb:sld_signaltap_body|sld_ela_control:ela_control|sld_transition_detector:\storage_transition:transition_detector|sld_transition_detect:\td:67:td                                                                                                                                ; work         ;
;                   |sld_transition_detect:\td:68:td|                                                             ; 2 (2)       ; 2 (2)                     ; 0 (0)         ; 0           ; 0    ; 0            ; 0       ; 0         ; 0    ; 0            ; 0 (0)        ; 0 (0)             ; 2 (2)            ; |bai8|sld_signaltap:auto_signaltap_0|sld_signaltap_impl:sld_signaltap_body|sld_signaltap_implb:sld_signaltap_body|sld_ela_control:ela_control|sld_transition_detector:\storage_transition:transition_detector|sld_transition_detect:\td:68:td                                                                                                                                ; work         ;
;                   |sld_transition_detect:\td:69:td|                                                             ; 2 (2)       ; 2 (2)                     ; 0 (0)         ; 0           ; 0    ; 0            ; 0       ; 0         ; 0    ; 0            ; 0 (0)        ; 0 (0)             ; 2 (2)            ; |bai8|sld_signaltap:auto_signaltap_0|sld_signaltap_impl:sld_signaltap_body|sld_signaltap_implb:sld_signaltap_body|sld_ela_control:ela_control|sld_transition_detector:\storage_transition:transition_detector|sld_transition_detect:\td:69:td                                                                                                                                ; work         ;
;                   |sld_transition_detect:\td:6:td|                                                              ; 2 (2)       ; 2 (2)                     ; 0 (0)         ; 0           ; 0    ; 0            ; 0       ; 0         ; 0    ; 0            ; 0 (0)        ; 0 (0)             ; 2 (2)            ; |bai8|sld_signaltap:auto_signaltap_0|sld_signaltap_impl:sld_signaltap_body|sld_signaltap_implb:sld_signaltap_body|sld_ela_control:ela_control|sld_transition_detector:\storage_transition:transition_detector|sld_transition_detect:\td:6:td                                                                                                                                 ; work         ;
;                   |sld_transition_detect:\td:70:td|                                                             ; 2 (2)       ; 2 (2)                     ; 0 (0)         ; 0           ; 0    ; 0            ; 0       ; 0         ; 0    ; 0            ; 0 (0)        ; 0 (0)             ; 2 (2)            ; |bai8|sld_signaltap:auto_signaltap_0|sld_signaltap_impl:sld_signaltap_body|sld_signaltap_implb:sld_signaltap_body|sld_ela_control:ela_control|sld_transition_detector:\storage_transition:transition_detector|sld_transition_detect:\td:70:td                                                                                                                                ; work         ;
;                   |sld_transition_detect:\td:71:td|                                                             ; 2 (2)       ; 2 (2)                     ; 0 (0)         ; 0           ; 0    ; 0            ; 0       ; 0         ; 0    ; 0            ; 0 (0)        ; 0 (0)             ; 2 (2)            ; |bai8|sld_signaltap:auto_signaltap_0|sld_signaltap_impl:sld_signaltap_body|sld_signaltap_implb:sld_signaltap_body|sld_ela_control:ela_control|sld_transition_detector:\storage_transition:transition_detector|sld_transition_detect:\td:71:td                                                                                                                                ; work         ;
;                   |sld_transition_detect:\td:72:td|                                                             ; 2 (2)       ; 2 (2)                     ; 0 (0)         ; 0           ; 0    ; 0            ; 0       ; 0         ; 0    ; 0            ; 0 (0)        ; 0 (0)             ; 2 (2)            ; |bai8|sld_signaltap:auto_signaltap_0|sld_signaltap_impl:sld_signaltap_body|sld_signaltap_implb:sld_signaltap_body|sld_ela_control:ela_control|sld_transition_detector:\storage_transition:transition_detector|sld_transition_detect:\td:72:td                                                                                                                                ; work         ;
;                   |sld_transition_detect:\td:73:td|                                                             ; 2 (2)       ; 2 (2)                     ; 0 (0)         ; 0           ; 0    ; 0            ; 0       ; 0         ; 0    ; 0            ; 0 (0)        ; 0 (0)             ; 2 (2)            ; |bai8|sld_signaltap:auto_signaltap_0|sld_signaltap_impl:sld_signaltap_body|sld_signaltap_implb:sld_signaltap_body|sld_ela_control:ela_control|sld_transition_detector:\storage_transition:transition_detector|sld_transition_detect:\td:73:td                                                                                                                                ; work         ;
;                   |sld_transition_detect:\td:74:td|                                                             ; 2 (2)       ; 2 (2)                     ; 0 (0)         ; 0           ; 0    ; 0            ; 0       ; 0         ; 0    ; 0            ; 0 (0)        ; 0 (0)             ; 2 (2)            ; |bai8|sld_signaltap:auto_signaltap_0|sld_signaltap_impl:sld_signaltap_body|sld_signaltap_implb:sld_signaltap_body|sld_ela_control:ela_control|sld_transition_detector:\storage_transition:transition_detector|sld_transition_detect:\td:74:td                                                                                                                                ; work         ;
;                   |sld_transition_detect:\td:75:td|                                                             ; 2 (2)       ; 2 (2)                     ; 0 (0)         ; 0           ; 0    ; 0            ; 0       ; 0         ; 0    ; 0            ; 0 (0)        ; 0 (0)             ; 2 (2)            ; |bai8|sld_signaltap:auto_signaltap_0|sld_signaltap_impl:sld_signaltap_body|sld_signaltap_implb:sld_signaltap_body|sld_ela_control:ela_control|sld_transition_detector:\storage_transition:transition_detector|sld_transition_detect:\td:75:td                                                                                                                                ; work         ;
;                   |sld_transition_detect:\td:76:td|                                                             ; 2 (2)       ; 2 (2)                     ; 0 (0)         ; 0           ; 0    ; 0            ; 0       ; 0         ; 0    ; 0            ; 0 (0)        ; 0 (0)             ; 2 (2)            ; |bai8|sld_signaltap:auto_signaltap_0|sld_signaltap_impl:sld_signaltap_body|sld_signaltap_implb:sld_signaltap_body|sld_ela_control:ela_control|sld_transition_detector:\storage_transition:transition_detector|sld_transition_detect:\td:76:td                                                                                                                                ; work         ;
;                   |sld_transition_detect:\td:77:td|                                                             ; 2 (2)       ; 2 (2)                     ; 0 (0)         ; 0           ; 0    ; 0            ; 0       ; 0         ; 0    ; 0            ; 0 (0)        ; 0 (0)             ; 2 (2)            ; |bai8|sld_signaltap:auto_signaltap_0|sld_signaltap_impl:sld_signaltap_body|sld_signaltap_implb:sld_signaltap_body|sld_ela_control:ela_control|sld_transition_detector:\storage_transition:transition_detector|sld_transition_detect:\td:77:td                                                                                                                                ; work         ;
;                   |sld_transition_detect:\td:78:td|                                                             ; 2 (2)       ; 2 (2)                     ; 0 (0)         ; 0           ; 0    ; 0            ; 0       ; 0         ; 0    ; 0            ; 0 (0)        ; 0 (0)             ; 2 (2)            ; |bai8|sld_signaltap:auto_signaltap_0|sld_signaltap_impl:sld_signaltap_body|sld_signaltap_implb:sld_signaltap_body|sld_ela_control:ela_control|sld_transition_detector:\storage_transition:transition_detector|sld_transition_detect:\td:78:td                                                                                                                                ; work         ;
;                   |sld_transition_detect:\td:79:td|                                                             ; 2 (2)       ; 2 (2)                     ; 0 (0)         ; 0           ; 0    ; 0            ; 0       ; 0         ; 0    ; 0            ; 0 (0)        ; 0 (0)             ; 2 (2)            ; |bai8|sld_signaltap:auto_signaltap_0|sld_signaltap_impl:sld_signaltap_body|sld_signaltap_implb:sld_signaltap_body|sld_ela_control:ela_control|sld_transition_detector:\storage_transition:transition_detector|sld_transition_detect:\td:79:td                                                                                                                                ; work         ;
;                   |sld_transition_detect:\td:7:td|                                                              ; 2 (2)       ; 2 (2)                     ; 0 (0)         ; 0           ; 0    ; 0            ; 0       ; 0         ; 0    ; 0            ; 0 (0)        ; 0 (0)             ; 2 (2)            ; |bai8|sld_signaltap:auto_signaltap_0|sld_signaltap_impl:sld_signaltap_body|sld_signaltap_implb:sld_signaltap_body|sld_ela_control:ela_control|sld_transition_detector:\storage_transition:transition_detector|sld_transition_detect:\td:7:td                                                                                                                                 ; work         ;
;                   |sld_transition_detect:\td:80:td|                                                             ; 2 (2)       ; 2 (2)                     ; 0 (0)         ; 0           ; 0    ; 0            ; 0       ; 0         ; 0    ; 0            ; 0 (0)        ; 0 (0)             ; 2 (2)            ; |bai8|sld_signaltap:auto_signaltap_0|sld_signaltap_impl:sld_signaltap_body|sld_signaltap_implb:sld_signaltap_body|sld_ela_control:ela_control|sld_transition_detector:\storage_transition:transition_detector|sld_transition_detect:\td:80:td                                                                                                                                ; work         ;
;                   |sld_transition_detect:\td:81:td|                                                             ; 2 (2)       ; 2 (2)                     ; 0 (0)         ; 0           ; 0    ; 0            ; 0       ; 0         ; 0    ; 0            ; 0 (0)        ; 0 (0)             ; 2 (2)            ; |bai8|sld_signaltap:auto_signaltap_0|sld_signaltap_impl:sld_signaltap_body|sld_signaltap_implb:sld_signaltap_body|sld_ela_control:ela_control|sld_transition_detector:\storage_transition:transition_detector|sld_transition_detect:\td:81:td                                                                                                                                ; work         ;
;                   |sld_transition_detect:\td:82:td|                                                             ; 2 (2)       ; 2 (2)                     ; 0 (0)         ; 0           ; 0    ; 0            ; 0       ; 0         ; 0    ; 0            ; 0 (0)        ; 0 (0)             ; 2 (2)            ; |bai8|sld_signaltap:auto_signaltap_0|sld_signaltap_impl:sld_signaltap_body|sld_signaltap_implb:sld_signaltap_body|sld_ela_control:ela_control|sld_transition_detector:\storage_transition:transition_detector|sld_transition_detect:\td:82:td                                                                                                                                ; work         ;
;                   |sld_transition_detect:\td:83:td|                                                             ; 2 (2)       ; 2 (2)                     ; 0 (0)         ; 0           ; 0    ; 0            ; 0       ; 0         ; 0    ; 0            ; 0 (0)        ; 0 (0)             ; 2 (2)            ; |bai8|sld_signaltap:auto_signaltap_0|sld_signaltap_impl:sld_signaltap_body|sld_signaltap_implb:sld_signaltap_body|sld_ela_control:ela_control|sld_transition_detector:\storage_transition:transition_detector|sld_transition_detect:\td:83:td                                                                                                                                ; work         ;
;                   |sld_transition_detect:\td:84:td|                                                             ; 2 (2)       ; 2 (2)                     ; 0 (0)         ; 0           ; 0    ; 0            ; 0       ; 0         ; 0    ; 0            ; 0 (0)        ; 0 (0)             ; 2 (2)            ; |bai8|sld_signaltap:auto_signaltap_0|sld_signaltap_impl:sld_signaltap_body|sld_signaltap_implb:sld_signaltap_body|sld_ela_control:ela_control|sld_transition_detector:\storage_transition:transition_detector|sld_transition_detect:\td:84:td                                                                                                                                ; work         ;
;                   |sld_transition_detect:\td:85:td|                                                             ; 2 (2)       ; 2 (2)                     ; 0 (0)         ; 0           ; 0    ; 0            ; 0       ; 0         ; 0    ; 0            ; 0 (0)        ; 0 (0)             ; 2 (2)            ; |bai8|sld_signaltap:auto_signaltap_0|sld_signaltap_impl:sld_signaltap_body|sld_signaltap_implb:sld_signaltap_body|sld_ela_control:ela_control|sld_transition_detector:\storage_transition:transition_detector|sld_transition_detect:\td:85:td                                                                                                                                ; work         ;
;                   |sld_transition_detect:\td:86:td|                                                             ; 2 (2)       ; 2 (2)                     ; 0 (0)         ; 0           ; 0    ; 0            ; 0       ; 0         ; 0    ; 0            ; 0 (0)        ; 0 (0)             ; 2 (2)            ; |bai8|sld_signaltap:auto_signaltap_0|sld_signaltap_impl:sld_signaltap_body|sld_signaltap_implb:sld_signaltap_body|sld_ela_control:ela_control|sld_transition_detector:\storage_transition:transition_detector|sld_transition_detect:\td:86:td                                                                                                                                ; work         ;
;                   |sld_transition_detect:\td:87:td|                                                             ; 2 (2)       ; 2 (2)                     ; 0 (0)         ; 0           ; 0    ; 0            ; 0       ; 0         ; 0    ; 0            ; 0 (0)        ; 0 (0)             ; 2 (2)            ; |bai8|sld_signaltap:auto_signaltap_0|sld_signaltap_impl:sld_signaltap_body|sld_signaltap_implb:sld_signaltap_body|sld_ela_control:ela_control|sld_transition_detector:\storage_transition:transition_detector|sld_transition_detect:\td:87:td                                                                                                                                ; work         ;
;                   |sld_transition_detect:\td:88:td|                                                             ; 2 (2)       ; 2 (2)                     ; 0 (0)         ; 0           ; 0    ; 0            ; 0       ; 0         ; 0    ; 0            ; 0 (0)        ; 0 (0)             ; 2 (2)            ; |bai8|sld_signaltap:auto_signaltap_0|sld_signaltap_impl:sld_signaltap_body|sld_signaltap_implb:sld_signaltap_body|sld_ela_control:ela_control|sld_transition_detector:\storage_transition:transition_detector|sld_transition_detect:\td:88:td                                                                                                                                ; work         ;
;                   |sld_transition_detect:\td:89:td|                                                             ; 2 (2)       ; 2 (2)                     ; 0 (0)         ; 0           ; 0    ; 0            ; 0       ; 0         ; 0    ; 0            ; 0 (0)        ; 0 (0)             ; 2 (2)            ; |bai8|sld_signaltap:auto_signaltap_0|sld_signaltap_impl:sld_signaltap_body|sld_signaltap_implb:sld_signaltap_body|sld_ela_control:ela_control|sld_transition_detector:\storage_transition:transition_detector|sld_transition_detect:\td:89:td                                                                                                                                ; work         ;
;                   |sld_transition_detect:\td:8:td|                                                              ; 2 (2)       ; 2 (2)                     ; 0 (0)         ; 0           ; 0    ; 0            ; 0       ; 0         ; 0    ; 0            ; 0 (0)        ; 0 (0)             ; 2 (2)            ; |bai8|sld_signaltap:auto_signaltap_0|sld_signaltap_impl:sld_signaltap_body|sld_signaltap_implb:sld_signaltap_body|sld_ela_control:ela_control|sld_transition_detector:\storage_transition:transition_detector|sld_transition_detect:\td:8:td                                                                                                                                 ; work         ;
;                   |sld_transition_detect:\td:90:td|                                                             ; 2 (2)       ; 2 (2)                     ; 0 (0)         ; 0           ; 0    ; 0            ; 0       ; 0         ; 0    ; 0            ; 0 (0)        ; 0 (0)             ; 2 (2)            ; |bai8|sld_signaltap:auto_signaltap_0|sld_signaltap_impl:sld_signaltap_body|sld_signaltap_implb:sld_signaltap_body|sld_ela_control:ela_control|sld_transition_detector:\storage_transition:transition_detector|sld_transition_detect:\td:90:td                                                                                                                                ; work         ;
;                   |sld_transition_detect:\td:91:td|                                                             ; 2 (2)       ; 2 (2)                     ; 0 (0)         ; 0           ; 0    ; 0            ; 0       ; 0         ; 0    ; 0            ; 0 (0)        ; 0 (0)             ; 2 (2)            ; |bai8|sld_signaltap:auto_signaltap_0|sld_signaltap_impl:sld_signaltap_body|sld_signaltap_implb:sld_signaltap_body|sld_ela_control:ela_control|sld_transition_detector:\storage_transition:transition_detector|sld_transition_detect:\td:91:td                                                                                                                                ; work         ;
;                   |sld_transition_detect:\td:92:td|                                                             ; 2 (2)       ; 2 (2)                     ; 0 (0)         ; 0           ; 0    ; 0            ; 0       ; 0         ; 0    ; 0            ; 0 (0)        ; 0 (0)             ; 2 (2)            ; |bai8|sld_signaltap:auto_signaltap_0|sld_signaltap_impl:sld_signaltap_body|sld_signaltap_implb:sld_signaltap_body|sld_ela_control:ela_control|sld_transition_detector:\storage_transition:transition_detector|sld_transition_detect:\td:92:td                                                                                                                                ; work         ;
;                   |sld_transition_detect:\td:93:td|                                                             ; 2 (2)       ; 2 (2)                     ; 0 (0)         ; 0           ; 0    ; 0            ; 0       ; 0         ; 0    ; 0            ; 0 (0)        ; 0 (0)             ; 2 (2)            ; |bai8|sld_signaltap:auto_signaltap_0|sld_signaltap_impl:sld_signaltap_body|sld_signaltap_implb:sld_signaltap_body|sld_ela_control:ela_control|sld_transition_detector:\storage_transition:transition_detector|sld_transition_detect:\td:93:td                                                                                                                                ; work         ;
;                   |sld_transition_detect:\td:94:td|                                                             ; 2 (2)       ; 2 (2)                     ; 0 (0)         ; 0           ; 0    ; 0            ; 0       ; 0         ; 0    ; 0            ; 0 (0)        ; 0 (0)             ; 2 (2)            ; |bai8|sld_signaltap:auto_signaltap_0|sld_signaltap_impl:sld_signaltap_body|sld_signaltap_implb:sld_signaltap_body|sld_ela_control:ela_control|sld_transition_detector:\storage_transition:transition_detector|sld_transition_detect:\td:94:td                                                                                                                                ; work         ;
;                   |sld_transition_detect:\td:95:td|                                                             ; 2 (2)       ; 2 (2)                     ; 0 (0)         ; 0           ; 0    ; 0            ; 0       ; 0         ; 0    ; 0            ; 0 (0)        ; 0 (0)             ; 2 (2)            ; |bai8|sld_signaltap:auto_signaltap_0|sld_signaltap_impl:sld_signaltap_body|sld_signaltap_implb:sld_signaltap_body|sld_ela_control:ela_control|sld_transition_detector:\storage_transition:transition_detector|sld_transition_detect:\td:95:td                                                                                                                                ; work         ;
;                   |sld_transition_detect:\td:96:td|                                                             ; 2 (2)       ; 2 (2)                     ; 0 (0)         ; 0           ; 0    ; 0            ; 0       ; 0         ; 0    ; 0            ; 0 (0)        ; 0 (0)             ; 2 (2)            ; |bai8|sld_signaltap:auto_signaltap_0|sld_signaltap_impl:sld_signaltap_body|sld_signaltap_implb:sld_signaltap_body|sld_ela_control:ela_control|sld_transition_detector:\storage_transition:transition_detector|sld_transition_detect:\td:96:td                                                                                                                                ; work         ;
;                   |sld_transition_detect:\td:97:td|                                                             ; 2 (2)       ; 2 (2)                     ; 0 (0)         ; 0           ; 0    ; 0            ; 0       ; 0         ; 0    ; 0            ; 0 (0)        ; 0 (0)             ; 2 (2)            ; |bai8|sld_signaltap:auto_signaltap_0|sld_signaltap_impl:sld_signaltap_body|sld_signaltap_implb:sld_signaltap_body|sld_ela_control:ela_control|sld_transition_detector:\storage_transition:transition_detector|sld_transition_detect:\td:97:td                                                                                                                                ; work         ;
;                   |sld_transition_detect:\td:98:td|                                                             ; 2 (2)       ; 2 (2)                     ; 0 (0)         ; 0           ; 0    ; 0            ; 0       ; 0         ; 0    ; 0            ; 0 (0)        ; 0 (0)             ; 2 (2)            ; |bai8|sld_signaltap:auto_signaltap_0|sld_signaltap_impl:sld_signaltap_body|sld_signaltap_implb:sld_signaltap_body|sld_ela_control:ela_control|sld_transition_detector:\storage_transition:transition_detector|sld_transition_detect:\td:98:td                                                                                                                                ; work         ;
;                   |sld_transition_detect:\td:99:td|                                                             ; 2 (2)       ; 2 (2)                     ; 0 (0)         ; 0           ; 0    ; 0            ; 0       ; 0         ; 0    ; 0            ; 0 (0)        ; 0 (0)             ; 2 (2)            ; |bai8|sld_signaltap:auto_signaltap_0|sld_signaltap_impl:sld_signaltap_body|sld_signaltap_implb:sld_signaltap_body|sld_ela_control:ela_control|sld_transition_detector:\storage_transition:transition_detector|sld_transition_detect:\td:99:td                                                                                                                                ; work         ;
;                   |sld_transition_detect:\td:9:td|                                                              ; 2 (2)       ; 2 (2)                     ; 0 (0)         ; 0           ; 0    ; 0            ; 0       ; 0         ; 0    ; 0            ; 0 (0)        ; 0 (0)             ; 2 (2)            ; |bai8|sld_signaltap:auto_signaltap_0|sld_signaltap_impl:sld_signaltap_body|sld_signaltap_implb:sld_signaltap_body|sld_ela_control:ela_control|sld_transition_detector:\storage_transition:transition_detector|sld_transition_detect:\td:9:td                                                                                                                                 ; work         ;
;             |sld_gap_detector:\stp_non_zero_ram_gen:gap_detect_on:gap_detector|                                 ; 2 (2)       ; 2 (2)                     ; 0 (0)         ; 0           ; 0    ; 0            ; 0       ; 0         ; 0    ; 0            ; 0 (0)        ; 0 (0)             ; 2 (2)            ; |bai8|sld_signaltap:auto_signaltap_0|sld_signaltap_impl:sld_signaltap_body|sld_signaltap_implb:sld_signaltap_body|sld_gap_detector:\stp_non_zero_ram_gen:gap_detect_on:gap_detector                                                                                                                                                                                          ; work         ;
;             |sld_offload_buffer_mgr:\stp_non_zero_depth_offload_gen:stp_offload_buff_mgr_inst|                  ; 185 (11)    ; 168 (0)                   ; 0 (0)         ; 0           ; 0    ; 0            ; 0       ; 0         ; 0    ; 0            ; 17 (11)      ; 0 (0)             ; 168 (0)          ; |bai8|sld_signaltap:auto_signaltap_0|sld_signaltap_impl:sld_signaltap_body|sld_signaltap_implb:sld_signaltap_body|sld_offload_buffer_mgr:\stp_non_zero_depth_offload_gen:stp_offload_buff_mgr_inst                                                                                                                                                                           ; work         ;
;                |lpm_counter:\adv_point_3_and_more:advance_pointer_counter|                                      ; 9 (0)       ; 7 (0)                     ; 0 (0)         ; 0           ; 0    ; 0            ; 0       ; 0         ; 0    ; 0            ; 2 (0)        ; 0 (0)             ; 7 (0)            ; |bai8|sld_signaltap:auto_signaltap_0|sld_signaltap_impl:sld_signaltap_body|sld_signaltap_implb:sld_signaltap_body|sld_offload_buffer_mgr:\stp_non_zero_depth_offload_gen:stp_offload_buff_mgr_inst|lpm_counter:\adv_point_3_and_more:advance_pointer_counter                                                                                                                 ; work         ;
;                   |cntr_idi:auto_generated|                                                                     ; 9 (9)       ; 7 (7)                     ; 0 (0)         ; 0           ; 0    ; 0            ; 0       ; 0         ; 0    ; 0            ; 2 (2)        ; 0 (0)             ; 7 (7)            ; |bai8|sld_signaltap:auto_signaltap_0|sld_signaltap_impl:sld_signaltap_body|sld_signaltap_implb:sld_signaltap_body|sld_offload_buffer_mgr:\stp_non_zero_depth_offload_gen:stp_offload_buff_mgr_inst|lpm_counter:\adv_point_3_and_more:advance_pointer_counter|cntr_idi:auto_generated                                                                                         ; work         ;
;                |lpm_counter:read_pointer_counter|                                                               ; 9 (0)       ; 9 (0)                     ; 0 (0)         ; 0           ; 0    ; 0            ; 0       ; 0         ; 0    ; 0            ; 0 (0)        ; 0 (0)             ; 9 (0)            ; |bai8|sld_signaltap:auto_signaltap_0|sld_signaltap_impl:sld_signaltap_body|sld_signaltap_implb:sld_signaltap_body|sld_offload_buffer_mgr:\stp_non_zero_depth_offload_gen:stp_offload_buff_mgr_inst|lpm_counter:read_pointer_counter                                                                                                                                          ; work         ;
;                   |cntr_v1j:auto_generated|                                                                     ; 9 (9)       ; 9 (9)                     ; 0 (0)         ; 0           ; 0    ; 0            ; 0       ; 0         ; 0    ; 0            ; 0 (0)        ; 0 (0)             ; 9 (9)            ; |bai8|sld_signaltap:auto_signaltap_0|sld_signaltap_impl:sld_signaltap_body|sld_signaltap_implb:sld_signaltap_body|sld_offload_buffer_mgr:\stp_non_zero_depth_offload_gen:stp_offload_buff_mgr_inst|lpm_counter:read_pointer_counter|cntr_v1j:auto_generated                                                                                                                  ; work         ;
;                |lpm_counter:status_advance_pointer_counter|                                                     ; 7 (0)       ; 5 (0)                     ; 0 (0)         ; 0           ; 0    ; 0            ; 0       ; 0         ; 0    ; 0            ; 2 (0)        ; 0 (0)             ; 5 (0)            ; |bai8|sld_signaltap:auto_signaltap_0|sld_signaltap_impl:sld_signaltap_body|sld_signaltap_implb:sld_signaltap_body|sld_offload_buffer_mgr:\stp_non_zero_depth_offload_gen:stp_offload_buff_mgr_inst|lpm_counter:status_advance_pointer_counter                                                                                                                                ; work         ;
;                   |cntr_1ci:auto_generated|                                                                     ; 7 (7)       ; 5 (5)                     ; 0 (0)         ; 0           ; 0    ; 0            ; 0       ; 0         ; 0    ; 0            ; 2 (2)        ; 0 (0)             ; 5 (5)            ; |bai8|sld_signaltap:auto_signaltap_0|sld_signaltap_impl:sld_signaltap_body|sld_signaltap_implb:sld_signaltap_body|sld_offload_buffer_mgr:\stp_non_zero_depth_offload_gen:stp_offload_buff_mgr_inst|lpm_counter:status_advance_pointer_counter|cntr_1ci:auto_generated                                                                                                        ; work         ;
;                |lpm_counter:status_read_pointer_counter|                                                        ; 3 (0)       ; 1 (0)                     ; 0 (0)         ; 0           ; 0    ; 0            ; 0       ; 0         ; 0    ; 0            ; 2 (0)        ; 0 (0)             ; 1 (0)            ; |bai8|sld_signaltap:auto_signaltap_0|sld_signaltap_impl:sld_signaltap_body|sld_signaltap_implb:sld_signaltap_body|sld_offload_buffer_mgr:\stp_non_zero_depth_offload_gen:stp_offload_buff_mgr_inst|lpm_counter:status_read_pointer_counter                                                                                                                                   ; work         ;
;                   |cntr_gui:auto_generated|                                                                     ; 3 (3)       ; 1 (1)                     ; 0 (0)         ; 0           ; 0    ; 0            ; 0       ; 0         ; 0    ; 0            ; 2 (2)        ; 0 (0)             ; 1 (1)            ; |bai8|sld_signaltap:auto_signaltap_0|sld_signaltap_impl:sld_signaltap_body|sld_signaltap_implb:sld_signaltap_body|sld_offload_buffer_mgr:\stp_non_zero_depth_offload_gen:stp_offload_buff_mgr_inst|lpm_counter:status_read_pointer_counter|cntr_gui:auto_generated                                                                                                           ; work         ;
;                |lpm_shiftreg:info_data_shift_out|                                                               ; 19 (19)     ; 19 (19)                   ; 0 (0)         ; 0           ; 0    ; 0            ; 0       ; 0         ; 0    ; 0            ; 0 (0)        ; 0 (0)             ; 19 (19)          ; |bai8|sld_signaltap:auto_signaltap_0|sld_signaltap_impl:sld_signaltap_body|sld_signaltap_implb:sld_signaltap_body|sld_offload_buffer_mgr:\stp_non_zero_depth_offload_gen:stp_offload_buff_mgr_inst|lpm_shiftreg:info_data_shift_out                                                                                                                                          ; work         ;
;                |lpm_shiftreg:ram_data_shift_out|                                                                ; 108 (108)   ; 108 (108)                 ; 0 (0)         ; 0           ; 0    ; 0            ; 0       ; 0         ; 0    ; 0            ; 0 (0)        ; 0 (0)             ; 108 (108)        ; |bai8|sld_signaltap:auto_signaltap_0|sld_signaltap_impl:sld_signaltap_body|sld_signaltap_implb:sld_signaltap_body|sld_offload_buffer_mgr:\stp_non_zero_depth_offload_gen:stp_offload_buff_mgr_inst|lpm_shiftreg:ram_data_shift_out                                                                                                                                           ; work         ;
;                |lpm_shiftreg:status_data_shift_out|                                                             ; 19 (19)     ; 19 (19)                   ; 0 (0)         ; 0           ; 0    ; 0            ; 0       ; 0         ; 0    ; 0            ; 0 (0)        ; 0 (0)             ; 19 (19)          ; |bai8|sld_signaltap:auto_signaltap_0|sld_signaltap_impl:sld_signaltap_body|sld_signaltap_implb:sld_signaltap_body|sld_offload_buffer_mgr:\stp_non_zero_depth_offload_gen:stp_offload_buff_mgr_inst|lpm_shiftreg:status_data_shift_out                                                                                                                                        ; work         ;
;             |sld_rom_sr:crc_rom_sr|                                                                             ; 20 (20)     ; 8 (8)                     ; 0 (0)         ; 0           ; 0    ; 0            ; 0       ; 0         ; 0    ; 0            ; 12 (12)      ; 0 (0)             ; 8 (8)            ; |bai8|sld_signaltap:auto_signaltap_0|sld_signaltap_impl:sld_signaltap_body|sld_signaltap_implb:sld_signaltap_body|sld_rom_sr:crc_rom_sr                                                                                                                                                                                                                                      ; work         ;
;    |system:Nios_system|                                                                                         ; 2089 (0)    ; 1021 (0)                  ; 0 (0)         ; 307200      ; 79   ; 0            ; 0       ; 0         ; 0    ; 0            ; 1068 (0)     ; 95 (0)            ; 926 (0)          ; |bai8|system:Nios_system                                                                                                                                                                                                                                                                                                                                                     ; system       ;
;       |altera_avalon_sc_fifo:dma_0_control_port_slave_translator_avalon_universal_slave_0_agent_rsp_fifo|       ; 5 (5)       ; 4 (4)                     ; 0 (0)         ; 0           ; 0    ; 0            ; 0       ; 0         ; 0    ; 0            ; 1 (1)        ; 0 (0)             ; 4 (4)            ; |bai8|system:Nios_system|altera_avalon_sc_fifo:dma_0_control_port_slave_translator_avalon_universal_slave_0_agent_rsp_fifo                                                                                                                                                                                                                                                   ; system       ;
;       |altera_avalon_sc_fifo:jtag_uart_0_avalon_jtag_slave_translator_avalon_universal_slave_0_agent_rsp_fifo|  ; 10 (10)     ; 8 (8)                     ; 0 (0)         ; 0           ; 0    ; 0            ; 0       ; 0         ; 0    ; 0            ; 2 (2)        ; 0 (0)             ; 8 (8)            ; |bai8|system:Nios_system|altera_avalon_sc_fifo:jtag_uart_0_avalon_jtag_slave_translator_avalon_universal_slave_0_agent_rsp_fifo                                                                                                                                                                                                                                              ; system       ;
;       |altera_avalon_sc_fifo:nios2_qsys_0_jtag_debug_module_translator_avalon_universal_slave_0_agent_rsp_fifo| ; 12 (12)     ; 8 (8)                     ; 0 (0)         ; 0           ; 0    ; 0            ; 0       ; 0         ; 0    ; 0            ; 4 (4)        ; 0 (0)             ; 8 (8)            ; |bai8|system:Nios_system|altera_avalon_sc_fifo:nios2_qsys_0_jtag_debug_module_translator_avalon_universal_slave_0_agent_rsp_fifo                                                                                                                                                                                                                                             ; system       ;
;       |altera_avalon_sc_fifo:onchip_memory2_0_s1_translator_avalon_universal_slave_0_agent_rsp_fifo|            ; 11 (11)     ; 10 (10)                   ; 0 (0)         ; 0           ; 0    ; 0            ; 0       ; 0         ; 0    ; 0            ; 1 (1)        ; 1 (1)             ; 9 (9)            ; |bai8|system:Nios_system|altera_avalon_sc_fifo:onchip_memory2_0_s1_translator_avalon_universal_slave_0_agent_rsp_fifo                                                                                                                                                                                                                                                        ; system       ;
;       |altera_avalon_sc_fifo:onchip_memory2_1_s1_translator_avalon_universal_slave_0_agent_rsp_fifo|            ; 12 (12)     ; 10 (10)                   ; 0 (0)         ; 0           ; 0    ; 0            ; 0       ; 0         ; 0    ; 0            ; 2 (2)        ; 0 (0)             ; 10 (10)          ; |bai8|system:Nios_system|altera_avalon_sc_fifo:onchip_memory2_1_s1_translator_avalon_universal_slave_0_agent_rsp_fifo                                                                                                                                                                                                                                                        ; system       ;
;       |altera_merlin_master_agent:dma_0_read_master_translator_avalon_universal_master_0_agent|                 ; 1 (1)       ; 0 (0)                     ; 0 (0)         ; 0           ; 0    ; 0            ; 0       ; 0         ; 0    ; 0            ; 0 (0)        ; 0 (0)             ; 1 (1)            ; |bai8|system:Nios_system|altera_merlin_master_agent:dma_0_read_master_translator_avalon_universal_master_0_agent                                                                                                                                                                                                                                                             ; system       ;
;       |altera_merlin_master_agent:nios2_qsys_0_data_master_translator_avalon_universal_master_0_agent|          ; 1 (1)       ; 0 (0)                     ; 0 (0)         ; 0           ; 0    ; 0            ; 0       ; 0         ; 0    ; 0            ; 1 (1)        ; 0 (0)             ; 0 (0)            ; |bai8|system:Nios_system|altera_merlin_master_agent:nios2_qsys_0_data_master_translator_avalon_universal_master_0_agent                                                                                                                                                                                                                                                      ; system       ;
;       |altera_merlin_master_agent:nios2_qsys_0_instruction_master_translator_avalon_universal_master_0_agent|   ; 3 (3)       ; 1 (1)                     ; 0 (0)         ; 0           ; 0    ; 0            ; 0       ; 0         ; 0    ; 0            ; 0 (0)        ; 0 (0)             ; 3 (3)            ; |bai8|system:Nios_system|altera_merlin_master_agent:nios2_qsys_0_instruction_master_translator_avalon_universal_master_0_agent                                                                                                                                                                                                                                               ; system       ;
;       |altera_merlin_master_translator:nios2_qsys_0_data_master_translator|                                     ; 9 (9)       ; 3 (3)                     ; 0 (0)         ; 0           ; 0    ; 0            ; 0       ; 0         ; 0    ; 0            ; 6 (6)        ; 0 (0)             ; 3 (3)            ; |bai8|system:Nios_system|altera_merlin_master_translator:nios2_qsys_0_data_master_translator                                                                                                                                                                                                                                                                                 ; system       ;
;       |altera_merlin_master_translator:nios2_qsys_0_instruction_master_translator|                              ; 6 (6)       ; 1 (1)                     ; 0 (0)         ; 0           ; 0    ; 0            ; 0       ; 0         ; 0    ; 0            ; 5 (5)        ; 0 (0)             ; 1 (1)            ; |bai8|system:Nios_system|altera_merlin_master_translator:nios2_qsys_0_instruction_master_translator                                                                                                                                                                                                                                                                          ; system       ;
;       |altera_merlin_slave_agent:nios2_qsys_0_jtag_debug_module_translator_avalon_universal_slave_0_agent|      ; 2 (2)       ; 0 (0)                     ; 0 (0)         ; 0           ; 0    ; 0            ; 0       ; 0         ; 0    ; 0            ; 2 (2)        ; 0 (0)             ; 0 (0)            ; |bai8|system:Nios_system|altera_merlin_slave_agent:nios2_qsys_0_jtag_debug_module_translator_avalon_universal_slave_0_agent                                                                                                                                                                                                                                                  ; system       ;
;       |altera_merlin_slave_agent:onchip_memory2_0_s1_translator_avalon_universal_slave_0_agent|                 ; 2 (2)       ; 0 (0)                     ; 0 (0)         ; 0           ; 0    ; 0            ; 0       ; 0         ; 0    ; 0            ; 2 (2)        ; 0 (0)             ; 0 (0)            ; |bai8|system:Nios_system|altera_merlin_slave_agent:onchip_memory2_0_s1_translator_avalon_universal_slave_0_agent                                                                                                                                                                                                                                                             ; system       ;
;       |altera_merlin_slave_agent:onchip_memory2_1_s1_translator_avalon_universal_slave_0_agent|                 ; 1 (1)       ; 0 (0)                     ; 0 (0)         ; 0           ; 0    ; 0            ; 0       ; 0         ; 0    ; 0            ; 1 (1)        ; 0 (0)             ; 0 (0)            ; |bai8|system:Nios_system|altera_merlin_slave_agent:onchip_memory2_1_s1_translator_avalon_universal_slave_0_agent                                                                                                                                                                                                                                                             ; system       ;
;       |altera_merlin_slave_translator:dma_0_control_port_slave_translator|                                      ; 22 (22)     ; 20 (20)                   ; 0 (0)         ; 0           ; 0    ; 0            ; 0       ; 0         ; 0    ; 0            ; 2 (2)        ; 0 (0)             ; 20 (20)          ; |bai8|system:Nios_system|altera_merlin_slave_translator:dma_0_control_port_slave_translator                                                                                                                                                                                                                                                                                  ; system       ;
;       |altera_merlin_slave_translator:jtag_uart_0_avalon_jtag_slave_translator|                                 ; 24 (24)     ; 23 (23)                   ; 0 (0)         ; 0           ; 0    ; 0            ; 0       ; 0         ; 0    ; 0            ; 1 (1)        ; 0 (0)             ; 23 (23)          ; |bai8|system:Nios_system|altera_merlin_slave_translator:jtag_uart_0_avalon_jtag_slave_translator                                                                                                                                                                                                                                                                             ; system       ;
;       |altera_merlin_slave_translator:nios2_qsys_0_jtag_debug_module_translator|                                ; 33 (33)     ; 33 (33)                   ; 0 (0)         ; 0           ; 0    ; 0            ; 0       ; 0         ; 0    ; 0            ; 0 (0)        ; 0 (0)             ; 33 (33)          ; |bai8|system:Nios_system|altera_merlin_slave_translator:nios2_qsys_0_jtag_debug_module_translator                                                                                                                                                                                                                                                                            ; system       ;
;       |altera_merlin_slave_translator:onchip_memory2_0_s1_translator|                                           ; 2 (2)       ; 1 (1)                     ; 0 (0)         ; 0           ; 0    ; 0            ; 0       ; 0         ; 0    ; 0            ; 1 (1)        ; 0 (0)             ; 1 (1)            ; |bai8|system:Nios_system|altera_merlin_slave_translator:onchip_memory2_0_s1_translator                                                                                                                                                                                                                                                                                       ; system       ;
;       |altera_merlin_slave_translator:onchip_memory2_1_s1_translator|                                           ; 3 (3)       ; 2 (2)                     ; 0 (0)         ; 0           ; 0    ; 0            ; 0       ; 0         ; 0    ; 0            ; 1 (1)        ; 0 (0)             ; 2 (2)            ; |bai8|system:Nios_system|altera_merlin_slave_translator:onchip_memory2_1_s1_translator                                                                                                                                                                                                                                                                                       ; system       ;
;       |altera_merlin_traffic_limiter:limiter|                                                                   ; 8 (8)       ; 4 (4)                     ; 0 (0)         ; 0           ; 0    ; 0            ; 0       ; 0         ; 0    ; 0            ; 3 (3)        ; 0 (0)             ; 5 (5)            ; |bai8|system:Nios_system|altera_merlin_traffic_limiter:limiter                                                                                                                                                                                                                                                                                                               ; system       ;
;       |altera_reset_controller:rst_controller_001|                                                              ; 9 (6)       ; 9 (6)                     ; 0 (0)         ; 0           ; 0    ; 0            ; 0       ; 0         ; 0    ; 0            ; 0 (0)        ; 7 (5)             ; 2 (1)            ; |bai8|system:Nios_system|altera_reset_controller:rst_controller_001                                                                                                                                                                                                                                                                                                          ; system       ;
;          |altera_reset_synchronizer:alt_rst_sync_uq1|                                                           ; 3 (3)       ; 3 (3)                     ; 0 (0)         ; 0           ; 0    ; 0            ; 0       ; 0         ; 0    ; 0            ; 0 (0)        ; 2 (2)             ; 1 (1)            ; |bai8|system:Nios_system|altera_reset_controller:rst_controller_001|altera_reset_synchronizer:alt_rst_sync_uq1                                                                                                                                                                                                                                                               ; system       ;
;       |altera_reset_controller:rst_controller|                                                                  ; 10 (7)      ; 9 (6)                     ; 0 (0)         ; 0           ; 0    ; 0            ; 0       ; 0         ; 0    ; 0            ; 0 (0)        ; 6 (4)             ; 4 (3)            ; |bai8|system:Nios_system|altera_reset_controller:rst_controller                                                                                                                                                                                                                                                                                                              ; system       ;
;          |altera_reset_synchronizer:alt_rst_sync_uq1|                                                           ; 3 (3)       ; 3 (3)                     ; 0 (0)         ; 0           ; 0    ; 0            ; 0       ; 0         ; 0    ; 0            ; 0 (0)        ; 2 (2)             ; 1 (1)            ; |bai8|system:Nios_system|altera_reset_controller:rst_controller|altera_reset_synchronizer:alt_rst_sync_uq1                                                                                                                                                                                                                                                                   ; system       ;
;       |system_addr_router:addr_router|                                                                          ; 7 (7)       ; 0 (0)                     ; 0 (0)         ; 0           ; 0    ; 0            ; 0       ; 0         ; 0    ; 0            ; 7 (7)        ; 0 (0)             ; 0 (0)            ; |bai8|system:Nios_system|system_addr_router:addr_router                                                                                                                                                                                                                                                                                                                      ; system       ;
;       |system_addr_router_001:addr_router_001|                                                                  ; 12 (12)     ; 0 (0)                     ; 0 (0)         ; 0           ; 0    ; 0            ; 0       ; 0         ; 0    ; 0            ; 12 (12)      ; 0 (0)             ; 0 (0)            ; |bai8|system:Nios_system|system_addr_router_001:addr_router_001                                                                                                                                                                                                                                                                                                              ; system       ;
;       |system_addr_router_002:addr_router_002|                                                                  ; 2 (2)       ; 0 (0)                     ; 0 (0)         ; 0           ; 0    ; 0            ; 0       ; 0         ; 0    ; 0            ; 1 (1)        ; 0 (0)             ; 1 (1)            ; |bai8|system:Nios_system|system_addr_router_002:addr_router_002                                                                                                                                                                                                                                                                                                              ; system       ;
;       |system_addr_router_002:addr_router_003|                                                                  ; 1 (1)       ; 0 (0)                     ; 0 (0)         ; 0           ; 0    ; 0            ; 0       ; 0         ; 0    ; 0            ; 1 (1)        ; 0 (0)             ; 0 (0)            ; |bai8|system:Nios_system|system_addr_router_002:addr_router_003                                                                                                                                                                                                                                                                                                              ; system       ;
;       |system_cmd_xbar_demux:cmd_xbar_demux|                                                                    ; 3 (3)       ; 0 (0)                     ; 0 (0)         ; 0           ; 0    ; 0            ; 0       ; 0         ; 0    ; 0            ; 3 (3)        ; 0 (0)             ; 0 (0)            ; |bai8|system:Nios_system|system_cmd_xbar_demux:cmd_xbar_demux                                                                                                                                                                                                                                                                                                                ; system       ;
;       |system_cmd_xbar_demux:rsp_xbar_demux_003|                                                                ; 2 (2)       ; 0 (0)                     ; 0 (0)         ; 0           ; 0    ; 0            ; 0       ; 0         ; 0    ; 0            ; 1 (1)        ; 0 (0)             ; 1 (1)            ; |bai8|system:Nios_system|system_cmd_xbar_demux:rsp_xbar_demux_003                                                                                                                                                                                                                                                                                                            ; system       ;
;       |system_cmd_xbar_demux_001:cmd_xbar_demux_001|                                                            ; 11 (11)     ; 0 (0)                     ; 0 (0)         ; 0           ; 0    ; 0            ; 0       ; 0         ; 0    ; 0            ; 11 (11)      ; 0 (0)             ; 0 (0)            ; |bai8|system:Nios_system|system_cmd_xbar_demux_001:cmd_xbar_demux_001                                                                                                                                                                                                                                                                                                        ; system       ;
;       |system_cmd_xbar_demux_002:cmd_xbar_demux_002|                                                            ; 6 (6)       ; 0 (0)                     ; 0 (0)         ; 0           ; 0    ; 0            ; 0       ; 0         ; 0    ; 0            ; 6 (6)        ; 0 (0)             ; 0 (0)            ; |bai8|system:Nios_system|system_cmd_xbar_demux_002:cmd_xbar_demux_002                                                                                                                                                                                                                                                                                                        ; system       ;
;       |system_cmd_xbar_demux_003:cmd_xbar_demux_003|                                                            ; 1 (1)       ; 0 (0)                     ; 0 (0)         ; 0           ; 0    ; 0            ; 0       ; 0         ; 0    ; 0            ; 1 (1)        ; 0 (0)             ; 0 (0)            ; |bai8|system:Nios_system|system_cmd_xbar_demux_003:cmd_xbar_demux_003                                                                                                                                                                                                                                                                                                        ; system       ;
;       |system_cmd_xbar_demux_003:rsp_xbar_demux_001|                                                            ; 2 (2)       ; 0 (0)                     ; 0 (0)         ; 0           ; 0    ; 0            ; 0       ; 0         ; 0    ; 0            ; 1 (1)        ; 0 (0)             ; 1 (1)            ; |bai8|system:Nios_system|system_cmd_xbar_demux_003:rsp_xbar_demux_001                                                                                                                                                                                                                                                                                                        ; system       ;
;       |system_cmd_xbar_demux_003:rsp_xbar_demux|                                                                ; 2 (2)       ; 0 (0)                     ; 0 (0)         ; 0           ; 0    ; 0            ; 0       ; 0         ; 0    ; 0            ; 1 (1)        ; 0 (0)             ; 1 (1)            ; |bai8|system:Nios_system|system_cmd_xbar_demux_003:rsp_xbar_demux                                                                                                                                                                                                                                                                                                            ; system       ;
;       |system_cmd_xbar_mux:cmd_xbar_mux_001|                                                                    ; 21 (18)     ; 5 (3)                     ; 0 (0)         ; 0           ; 0    ; 0            ; 0       ; 0         ; 0    ; 0            ; 13 (12)      ; 0 (0)             ; 8 (5)            ; |bai8|system:Nios_system|system_cmd_xbar_mux:cmd_xbar_mux_001                                                                                                                                                                                                                                                                                                                ; system       ;
;          |altera_merlin_arbitrator:arb|                                                                         ; 4 (4)       ; 2 (2)                     ; 0 (0)         ; 0           ; 0    ; 0            ; 0       ; 0         ; 0    ; 0            ; 1 (1)        ; 0 (0)             ; 3 (3)            ; |bai8|system:Nios_system|system_cmd_xbar_mux:cmd_xbar_mux_001|altera_merlin_arbitrator:arb                                                                                                                                                                                                                                                                                   ; system       ;
;       |system_cmd_xbar_mux:cmd_xbar_mux|                                                                        ; 54 (51)     ; 5 (3)                     ; 0 (0)         ; 0           ; 0    ; 0            ; 0       ; 0         ; 0    ; 0            ; 3 (2)        ; 0 (0)             ; 51 (48)          ; |bai8|system:Nios_system|system_cmd_xbar_mux:cmd_xbar_mux                                                                                                                                                                                                                                                                                                                    ; system       ;
;          |altera_merlin_arbitrator:arb|                                                                         ; 4 (4)       ; 2 (2)                     ; 0 (0)         ; 0           ; 0    ; 0            ; 0       ; 0         ; 0    ; 0            ; 1 (1)        ; 0 (0)             ; 3 (3)            ; |bai8|system:Nios_system|system_cmd_xbar_mux:cmd_xbar_mux|altera_merlin_arbitrator:arb                                                                                                                                                                                                                                                                                       ; system       ;
;       |system_cmd_xbar_mux_002:cmd_xbar_mux_002|                                                                ; 113 (98)    ; 9 (5)                     ; 0 (0)         ; 0           ; 0    ; 0            ; 0       ; 0         ; 0    ; 0            ; 96 (85)      ; 0 (0)             ; 17 (10)          ; |bai8|system:Nios_system|system_cmd_xbar_mux_002:cmd_xbar_mux_002                                                                                                                                                                                                                                                                                                            ; system       ;
;          |altera_merlin_arbitrator:arb|                                                                         ; 18 (12)     ; 4 (4)                     ; 0 (0)         ; 0           ; 0    ; 0            ; 0       ; 0         ; 0    ; 0            ; 11 (5)       ; 0 (0)             ; 7 (6)            ; |bai8|system:Nios_system|system_cmd_xbar_mux_002:cmd_xbar_mux_002|altera_merlin_arbitrator:arb                                                                                                                                                                                                                                                                               ; system       ;
;             |altera_merlin_arb_adder:adder|                                                                     ; 7 (7)       ; 0 (0)                     ; 0 (0)         ; 0           ; 0    ; 0            ; 0       ; 0         ; 0    ; 0            ; 6 (6)        ; 0 (0)             ; 1 (1)            ; |bai8|system:Nios_system|system_cmd_xbar_mux_002:cmd_xbar_mux_002|altera_merlin_arbitrator:arb|altera_merlin_arb_adder:adder                                                                                                                                                                                                                                                 ; system       ;
;       |system_cmd_xbar_mux_003:cmd_xbar_mux_003|                                                                ; 85 (78)     ; 7 (4)                     ; 0 (0)         ; 0           ; 0    ; 0            ; 0       ; 0         ; 0    ; 0            ; 78 (74)      ; 0 (0)             ; 7 (1)            ; |bai8|system:Nios_system|system_cmd_xbar_mux_003:cmd_xbar_mux_003                                                                                                                                                                                                                                                                                                            ; system       ;
;          |altera_merlin_arbitrator:arb|                                                                         ; 10 (8)      ; 3 (3)                     ; 0 (0)         ; 0           ; 0    ; 0            ; 0       ; 0         ; 0    ; 0            ; 4 (2)        ; 0 (0)             ; 6 (5)            ; |bai8|system:Nios_system|system_cmd_xbar_mux_003:cmd_xbar_mux_003|altera_merlin_arbitrator:arb                                                                                                                                                                                                                                                                               ; system       ;
;             |altera_merlin_arb_adder:adder|                                                                     ; 3 (3)       ; 0 (0)                     ; 0 (0)         ; 0           ; 0    ; 0            ; 0       ; 0         ; 0    ; 0            ; 2 (2)        ; 0 (0)             ; 1 (1)            ; |bai8|system:Nios_system|system_cmd_xbar_mux_003:cmd_xbar_mux_003|altera_merlin_arbitrator:arb|altera_merlin_arb_adder:adder                                                                                                                                                                                                                                                 ; system       ;
;       |system_dma_0:dma_0|                                                                                      ; 369 (234)   ; 159 (105)                 ; 0 (0)         ; 1024        ; 1    ; 0            ; 0       ; 0         ; 0    ; 0            ; 210 (129)    ; 5 (5)             ; 154 (99)         ; |bai8|system:Nios_system|system_dma_0:dma_0                                                                                                                                                                                                                                                                                                                                  ; system       ;
;          |system_dma_0_byteenables:the_system_dma_0_byteenables|                                                ; 2 (2)       ; 0 (0)                     ; 0 (0)         ; 0           ; 0    ; 0            ; 0       ; 0         ; 0    ; 0            ; 2 (2)        ; 0 (0)             ; 0 (0)            ; |bai8|system:Nios_system|system_dma_0:dma_0|system_dma_0_byteenables:the_system_dma_0_byteenables                                                                                                                                                                                                                                                                            ; system       ;
;          |system_dma_0_fifo_module:the_system_dma_0_fifo_module|                                                ; 91 (91)     ; 50 (50)                   ; 0 (0)         ; 1024        ; 1    ; 0            ; 0       ; 0         ; 0    ; 0            ; 41 (41)      ; 0 (0)             ; 50 (50)          ; |bai8|system:Nios_system|system_dma_0:dma_0|system_dma_0_fifo_module:the_system_dma_0_fifo_module                                                                                                                                                                                                                                                                            ; system       ;
;             |system_dma_0_fifo_module_fifo_ram_module:system_dma_0_fifo_module_fifo_ram|                        ; 0 (0)       ; 0 (0)                     ; 0 (0)         ; 1024        ; 1    ; 0            ; 0       ; 0         ; 0    ; 0            ; 0 (0)        ; 0 (0)             ; 0 (0)            ; |bai8|system:Nios_system|system_dma_0:dma_0|system_dma_0_fifo_module:the_system_dma_0_fifo_module|system_dma_0_fifo_module_fifo_ram_module:system_dma_0_fifo_module_fifo_ram                                                                                                                                                                                                 ; system       ;
;                |lpm_ram_dp:lpm_ram_dp_component|                                                                ; 0 (0)       ; 0 (0)                     ; 0 (0)         ; 1024        ; 1    ; 0            ; 0       ; 0         ; 0    ; 0            ; 0 (0)        ; 0 (0)             ; 0 (0)            ; |bai8|system:Nios_system|system_dma_0:dma_0|system_dma_0_fifo_module:the_system_dma_0_fifo_module|system_dma_0_fifo_module_fifo_ram_module:system_dma_0_fifo_module_fifo_ram|lpm_ram_dp:lpm_ram_dp_component                                                                                                                                                                 ; work         ;
;                   |altdpram:sram|                                                                               ; 0 (0)       ; 0 (0)                     ; 0 (0)         ; 1024        ; 1    ; 0            ; 0       ; 0         ; 0    ; 0            ; 0 (0)        ; 0 (0)             ; 0 (0)            ; |bai8|system:Nios_system|system_dma_0:dma_0|system_dma_0_fifo_module:the_system_dma_0_fifo_module|system_dma_0_fifo_module_fifo_ram_module:system_dma_0_fifo_module_fifo_ram|lpm_ram_dp:lpm_ram_dp_component|altdpram:sram                                                                                                                                                   ; work         ;
;                      |altsyncram:ram_block|                                                                     ; 0 (0)       ; 0 (0)                     ; 0 (0)         ; 1024        ; 1    ; 0            ; 0       ; 0         ; 0    ; 0            ; 0 (0)        ; 0 (0)             ; 0 (0)            ; |bai8|system:Nios_system|system_dma_0:dma_0|system_dma_0_fifo_module:the_system_dma_0_fifo_module|system_dma_0_fifo_module_fifo_ram_module:system_dma_0_fifo_module_fifo_ram|lpm_ram_dp:lpm_ram_dp_component|altdpram:sram|altsyncram:ram_block                                                                                                                              ; work         ;
;                         |altsyncram_v7q1:auto_generated|                                                        ; 0 (0)       ; 0 (0)                     ; 0 (0)         ; 1024        ; 1    ; 0            ; 0       ; 0         ; 0    ; 0            ; 0 (0)        ; 0 (0)             ; 0 (0)            ; |bai8|system:Nios_system|system_dma_0:dma_0|system_dma_0_fifo_module:the_system_dma_0_fifo_module|system_dma_0_fifo_module_fifo_ram_module:system_dma_0_fifo_module_fifo_ram|lpm_ram_dp:lpm_ram_dp_component|altdpram:sram|altsyncram:ram_block|altsyncram_v7q1:auto_generated                                                                                               ; work         ;
;          |system_dma_0_mem_read:the_system_dma_0_mem_read|                                                      ; 5 (5)       ; 2 (2)                     ; 0 (0)         ; 0           ; 0    ; 0            ; 0       ; 0         ; 0    ; 0            ; 2 (2)        ; 0 (0)             ; 3 (3)            ; |bai8|system:Nios_system|system_dma_0:dma_0|system_dma_0_mem_read:the_system_dma_0_mem_read                                                                                                                                                                                                                                                                                  ; system       ;
;          |system_dma_0_mem_write:the_system_dma_0_mem_write|                                                    ; 3 (3)       ; 0 (0)                     ; 0 (0)         ; 0           ; 0    ; 0            ; 0       ; 0         ; 0    ; 0            ; 3 (3)        ; 0 (0)             ; 0 (0)            ; |bai8|system:Nios_system|system_dma_0:dma_0|system_dma_0_mem_write:the_system_dma_0_mem_write                                                                                                                                                                                                                                                                                ; system       ;
;          |system_dma_0_read_data_mux:the_system_dma_0_read_data_mux|                                            ; 51 (51)     ; 2 (2)                     ; 0 (0)         ; 0           ; 0    ; 0            ; 0       ; 0         ; 0    ; 0            ; 33 (33)      ; 0 (0)             ; 18 (18)          ; |bai8|system:Nios_system|system_dma_0:dma_0|system_dma_0_read_data_mux:the_system_dma_0_read_data_mux                                                                                                                                                                                                                                                                        ; system       ;
;       |system_jtag_uart_0:jtag_uart_0|                                                                          ; 164 (41)    ; 112 (13)                  ; 0 (0)         ; 1024        ; 2    ; 0            ; 0       ; 0         ; 0    ; 0            ; 41 (17)      ; 20 (1)            ; 103 (23)         ; |bai8|system:Nios_system|system_jtag_uart_0:jtag_uart_0                                                                                                                                                                                                                                                                                                                      ; system       ;
;          |alt_jtag_atlantic:system_jtag_uart_0_alt_jtag_atlantic|                                               ; 72 (72)     ; 59 (59)                   ; 0 (0)         ; 0           ; 0    ; 0            ; 0       ; 0         ; 0    ; 0            ; 13 (13)      ; 19 (19)           ; 40 (40)          ; |bai8|system:Nios_system|system_jtag_uart_0:jtag_uart_0|alt_jtag_atlantic:system_jtag_uart_0_alt_jtag_atlantic                                                                                                                                                                                                                                                               ; work         ;
;          |system_jtag_uart_0_scfifo_r:the_system_jtag_uart_0_scfifo_r|                                          ; 26 (0)      ; 20 (0)                    ; 0 (0)         ; 512         ; 1    ; 0            ; 0       ; 0         ; 0    ; 0            ; 6 (0)        ; 0 (0)             ; 20 (0)           ; |bai8|system:Nios_system|system_jtag_uart_0:jtag_uart_0|system_jtag_uart_0_scfifo_r:the_system_jtag_uart_0_scfifo_r                                                                                                                                                                                                                                                          ; system       ;
;             |scfifo:rfifo|                                                                                      ; 26 (0)      ; 20 (0)                    ; 0 (0)         ; 512         ; 1    ; 0            ; 0       ; 0         ; 0    ; 0            ; 6 (0)        ; 0 (0)             ; 20 (0)           ; |bai8|system:Nios_system|system_jtag_uart_0:jtag_uart_0|system_jtag_uart_0_scfifo_r:the_system_jtag_uart_0_scfifo_r|scfifo:rfifo                                                                                                                                                                                                                                             ; work         ;
;                |scfifo_1n21:auto_generated|                                                                     ; 26 (0)      ; 20 (0)                    ; 0 (0)         ; 512         ; 1    ; 0            ; 0       ; 0         ; 0    ; 0            ; 6 (0)        ; 0 (0)             ; 20 (0)           ; |bai8|system:Nios_system|system_jtag_uart_0:jtag_uart_0|system_jtag_uart_0_scfifo_r:the_system_jtag_uart_0_scfifo_r|scfifo:rfifo|scfifo_1n21:auto_generated                                                                                                                                                                                                                  ; work         ;
;                   |a_dpfifo_8t21:dpfifo|                                                                        ; 26 (0)      ; 20 (0)                    ; 0 (0)         ; 512         ; 1    ; 0            ; 0       ; 0         ; 0    ; 0            ; 6 (0)        ; 0 (0)             ; 20 (0)           ; |bai8|system:Nios_system|system_jtag_uart_0:jtag_uart_0|system_jtag_uart_0_scfifo_r:the_system_jtag_uart_0_scfifo_r|scfifo:rfifo|scfifo_1n21:auto_generated|a_dpfifo_8t21:dpfifo                                                                                                                                                                                             ; work         ;
;                      |a_fefifo_7cf:fifo_state|                                                                  ; 14 (8)      ; 8 (2)                     ; 0 (0)         ; 0           ; 0    ; 0            ; 0       ; 0         ; 0    ; 0            ; 6 (6)        ; 0 (0)             ; 8 (2)            ; |bai8|system:Nios_system|system_jtag_uart_0:jtag_uart_0|system_jtag_uart_0_scfifo_r:the_system_jtag_uart_0_scfifo_r|scfifo:rfifo|scfifo_1n21:auto_generated|a_dpfifo_8t21:dpfifo|a_fefifo_7cf:fifo_state                                                                                                                                                                     ; work         ;
;                         |cntr_rj7:count_usedw|                                                                  ; 6 (6)       ; 6 (6)                     ; 0 (0)         ; 0           ; 0    ; 0            ; 0       ; 0         ; 0    ; 0            ; 0 (0)        ; 0 (0)             ; 6 (6)            ; |bai8|system:Nios_system|system_jtag_uart_0:jtag_uart_0|system_jtag_uart_0_scfifo_r:the_system_jtag_uart_0_scfifo_r|scfifo:rfifo|scfifo_1n21:auto_generated|a_dpfifo_8t21:dpfifo|a_fefifo_7cf:fifo_state|cntr_rj7:count_usedw                                                                                                                                                ; work         ;
;                      |cntr_fjb:rd_ptr_count|                                                                    ; 6 (6)       ; 6 (6)                     ; 0 (0)         ; 0           ; 0    ; 0            ; 0       ; 0         ; 0    ; 0            ; 0 (0)        ; 0 (0)             ; 6 (6)            ; |bai8|system:Nios_system|system_jtag_uart_0:jtag_uart_0|system_jtag_uart_0_scfifo_r:the_system_jtag_uart_0_scfifo_r|scfifo:rfifo|scfifo_1n21:auto_generated|a_dpfifo_8t21:dpfifo|cntr_fjb:rd_ptr_count                                                                                                                                                                       ; work         ;
;                      |cntr_fjb:wr_ptr|                                                                          ; 6 (6)       ; 6 (6)                     ; 0 (0)         ; 0           ; 0    ; 0            ; 0       ; 0         ; 0    ; 0            ; 0 (0)        ; 0 (0)             ; 6 (6)            ; |bai8|system:Nios_system|system_jtag_uart_0:jtag_uart_0|system_jtag_uart_0_scfifo_r:the_system_jtag_uart_0_scfifo_r|scfifo:rfifo|scfifo_1n21:auto_generated|a_dpfifo_8t21:dpfifo|cntr_fjb:wr_ptr                                                                                                                                                                             ; work         ;
;                      |dpram_5h21:FIFOram|                                                                       ; 0 (0)       ; 0 (0)                     ; 0 (0)         ; 512         ; 1    ; 0            ; 0       ; 0         ; 0    ; 0            ; 0 (0)        ; 0 (0)             ; 0 (0)            ; |bai8|system:Nios_system|system_jtag_uart_0:jtag_uart_0|system_jtag_uart_0_scfifo_r:the_system_jtag_uart_0_scfifo_r|scfifo:rfifo|scfifo_1n21:auto_generated|a_dpfifo_8t21:dpfifo|dpram_5h21:FIFOram                                                                                                                                                                          ; work         ;
;                         |altsyncram_9tl1:altsyncram2|                                                           ; 0 (0)       ; 0 (0)                     ; 0 (0)         ; 512         ; 1    ; 0            ; 0       ; 0         ; 0    ; 0            ; 0 (0)        ; 0 (0)             ; 0 (0)            ; |bai8|system:Nios_system|system_jtag_uart_0:jtag_uart_0|system_jtag_uart_0_scfifo_r:the_system_jtag_uart_0_scfifo_r|scfifo:rfifo|scfifo_1n21:auto_generated|a_dpfifo_8t21:dpfifo|dpram_5h21:FIFOram|altsyncram_9tl1:altsyncram2                                                                                                                                              ; work         ;
;          |system_jtag_uart_0_scfifo_w:the_system_jtag_uart_0_scfifo_w|                                          ; 25 (0)      ; 20 (0)                    ; 0 (0)         ; 512         ; 1    ; 0            ; 0       ; 0         ; 0    ; 0            ; 5 (0)        ; 0 (0)             ; 20 (0)           ; |bai8|system:Nios_system|system_jtag_uart_0:jtag_uart_0|system_jtag_uart_0_scfifo_w:the_system_jtag_uart_0_scfifo_w                                                                                                                                                                                                                                                          ; system       ;
;             |scfifo:wfifo|                                                                                      ; 25 (0)      ; 20 (0)                    ; 0 (0)         ; 512         ; 1    ; 0            ; 0       ; 0         ; 0    ; 0            ; 5 (0)        ; 0 (0)             ; 20 (0)           ; |bai8|system:Nios_system|system_jtag_uart_0:jtag_uart_0|system_jtag_uart_0_scfifo_w:the_system_jtag_uart_0_scfifo_w|scfifo:wfifo                                                                                                                                                                                                                                             ; work         ;
;                |scfifo_1n21:auto_generated|                                                                     ; 25 (0)      ; 20 (0)                    ; 0 (0)         ; 512         ; 1    ; 0            ; 0       ; 0         ; 0    ; 0            ; 5 (0)        ; 0 (0)             ; 20 (0)           ; |bai8|system:Nios_system|system_jtag_uart_0:jtag_uart_0|system_jtag_uart_0_scfifo_w:the_system_jtag_uart_0_scfifo_w|scfifo:wfifo|scfifo_1n21:auto_generated                                                                                                                                                                                                                  ; work         ;
;                   |a_dpfifo_8t21:dpfifo|                                                                        ; 25 (0)      ; 20 (0)                    ; 0 (0)         ; 512         ; 1    ; 0            ; 0       ; 0         ; 0    ; 0            ; 5 (0)        ; 0 (0)             ; 20 (0)           ; |bai8|system:Nios_system|system_jtag_uart_0:jtag_uart_0|system_jtag_uart_0_scfifo_w:the_system_jtag_uart_0_scfifo_w|scfifo:wfifo|scfifo_1n21:auto_generated|a_dpfifo_8t21:dpfifo                                                                                                                                                                                             ; work         ;
;                      |a_fefifo_7cf:fifo_state|                                                                  ; 13 (7)      ; 8 (2)                     ; 0 (0)         ; 0           ; 0    ; 0            ; 0       ; 0         ; 0    ; 0            ; 5 (5)        ; 0 (0)             ; 8 (2)            ; |bai8|system:Nios_system|system_jtag_uart_0:jtag_uart_0|system_jtag_uart_0_scfifo_w:the_system_jtag_uart_0_scfifo_w|scfifo:wfifo|scfifo_1n21:auto_generated|a_dpfifo_8t21:dpfifo|a_fefifo_7cf:fifo_state                                                                                                                                                                     ; work         ;
;                         |cntr_rj7:count_usedw|                                                                  ; 6 (6)       ; 6 (6)                     ; 0 (0)         ; 0           ; 0    ; 0            ; 0       ; 0         ; 0    ; 0            ; 0 (0)        ; 0 (0)             ; 6 (6)            ; |bai8|system:Nios_system|system_jtag_uart_0:jtag_uart_0|system_jtag_uart_0_scfifo_w:the_system_jtag_uart_0_scfifo_w|scfifo:wfifo|scfifo_1n21:auto_generated|a_dpfifo_8t21:dpfifo|a_fefifo_7cf:fifo_state|cntr_rj7:count_usedw                                                                                                                                                ; work         ;
;                      |cntr_fjb:rd_ptr_count|                                                                    ; 6 (6)       ; 6 (6)                     ; 0 (0)         ; 0           ; 0    ; 0            ; 0       ; 0         ; 0    ; 0            ; 0 (0)        ; 0 (0)             ; 6 (6)            ; |bai8|system:Nios_system|system_jtag_uart_0:jtag_uart_0|system_jtag_uart_0_scfifo_w:the_system_jtag_uart_0_scfifo_w|scfifo:wfifo|scfifo_1n21:auto_generated|a_dpfifo_8t21:dpfifo|cntr_fjb:rd_ptr_count                                                                                                                                                                       ; work         ;
;                      |cntr_fjb:wr_ptr|                                                                          ; 6 (6)       ; 6 (6)                     ; 0 (0)         ; 0           ; 0    ; 0            ; 0       ; 0         ; 0    ; 0            ; 0 (0)        ; 0 (0)             ; 6 (6)            ; |bai8|system:Nios_system|system_jtag_uart_0:jtag_uart_0|system_jtag_uart_0_scfifo_w:the_system_jtag_uart_0_scfifo_w|scfifo:wfifo|scfifo_1n21:auto_generated|a_dpfifo_8t21:dpfifo|cntr_fjb:wr_ptr                                                                                                                                                                             ; work         ;
;                      |dpram_5h21:FIFOram|                                                                       ; 0 (0)       ; 0 (0)                     ; 0 (0)         ; 512         ; 1    ; 0            ; 0       ; 0         ; 0    ; 0            ; 0 (0)        ; 0 (0)             ; 0 (0)            ; |bai8|system:Nios_system|system_jtag_uart_0:jtag_uart_0|system_jtag_uart_0_scfifo_w:the_system_jtag_uart_0_scfifo_w|scfifo:wfifo|scfifo_1n21:auto_generated|a_dpfifo_8t21:dpfifo|dpram_5h21:FIFOram                                                                                                                                                                          ; work         ;
;                         |altsyncram_9tl1:altsyncram2|                                                           ; 0 (0)       ; 0 (0)                     ; 0 (0)         ; 512         ; 1    ; 0            ; 0       ; 0         ; 0    ; 0            ; 0 (0)        ; 0 (0)             ; 0 (0)            ; |bai8|system:Nios_system|system_jtag_uart_0:jtag_uart_0|system_jtag_uart_0_scfifo_w:the_system_jtag_uart_0_scfifo_w|scfifo:wfifo|scfifo_1n21:auto_generated|a_dpfifo_8t21:dpfifo|dpram_5h21:FIFOram|altsyncram_9tl1:altsyncram2                                                                                                                                              ; work         ;
;       |system_nios2_qsys_0:nios2_qsys_0|                                                                        ; 1081 (693)  ; 577 (306)                 ; 0 (0)         ; 10240       ; 4    ; 0            ; 0       ; 0         ; 0    ; 0            ; 471 (354)    ; 56 (8)            ; 554 (332)        ; |bai8|system:Nios_system|system_nios2_qsys_0:nios2_qsys_0                                                                                                                                                                                                                                                                                                                    ; system       ;
;          |system_nios2_qsys_0_nios2_oci:the_system_nios2_qsys_0_nios2_oci|                                      ; 387 (84)    ; 270 (80)                  ; 0 (0)         ; 8192        ; 2    ; 0            ; 0       ; 0         ; 0    ; 0            ; 117 (4)      ; 48 (4)            ; 222 (76)         ; |bai8|system:Nios_system|system_nios2_qsys_0:nios2_qsys_0|system_nios2_qsys_0_nios2_oci:the_system_nios2_qsys_0_nios2_oci                                                                                                                                                                                                                                                    ; system       ;
;             |system_nios2_qsys_0_jtag_debug_module_wrapper:the_system_nios2_qsys_0_jtag_debug_module_wrapper|   ; 140 (0)     ; 96 (0)                    ; 0 (0)         ; 0           ; 0    ; 0            ; 0       ; 0         ; 0    ; 0            ; 44 (0)       ; 43 (0)            ; 53 (0)           ; |bai8|system:Nios_system|system_nios2_qsys_0:nios2_qsys_0|system_nios2_qsys_0_nios2_oci:the_system_nios2_qsys_0_nios2_oci|system_nios2_qsys_0_jtag_debug_module_wrapper:the_system_nios2_qsys_0_jtag_debug_module_wrapper                                                                                                                                                    ; system       ;
;                |sld_virtual_jtag_basic:system_nios2_qsys_0_jtag_debug_module_phy|                               ; 4 (4)       ; 0 (0)                     ; 0 (0)         ; 0           ; 0    ; 0            ; 0       ; 0         ; 0    ; 0            ; 2 (2)        ; 0 (0)             ; 2 (2)            ; |bai8|system:Nios_system|system_nios2_qsys_0:nios2_qsys_0|system_nios2_qsys_0_nios2_oci:the_system_nios2_qsys_0_nios2_oci|system_nios2_qsys_0_jtag_debug_module_wrapper:the_system_nios2_qsys_0_jtag_debug_module_wrapper|sld_virtual_jtag_basic:system_nios2_qsys_0_jtag_debug_module_phy                                                                                   ; work         ;
;                |system_nios2_qsys_0_jtag_debug_module_sysclk:the_system_nios2_qsys_0_jtag_debug_module_sysclk|  ; 51 (47)     ; 49 (45)                   ; 0 (0)         ; 0           ; 0    ; 0            ; 0       ; 0         ; 0    ; 0            ; 2 (2)        ; 39 (37)           ; 10 (8)           ; |bai8|system:Nios_system|system_nios2_qsys_0:nios2_qsys_0|system_nios2_qsys_0_nios2_oci:the_system_nios2_qsys_0_nios2_oci|system_nios2_qsys_0_jtag_debug_module_wrapper:the_system_nios2_qsys_0_jtag_debug_module_wrapper|system_nios2_qsys_0_jtag_debug_module_sysclk:the_system_nios2_qsys_0_jtag_debug_module_sysclk                                                      ; system       ;
;                   |altera_std_synchronizer:the_altera_std_synchronizer3|                                        ; 2 (2)       ; 2 (2)                     ; 0 (0)         ; 0           ; 0    ; 0            ; 0       ; 0         ; 0    ; 0            ; 0 (0)        ; 1 (1)             ; 1 (1)            ; |bai8|system:Nios_system|system_nios2_qsys_0:nios2_qsys_0|system_nios2_qsys_0_nios2_oci:the_system_nios2_qsys_0_nios2_oci|system_nios2_qsys_0_jtag_debug_module_wrapper:the_system_nios2_qsys_0_jtag_debug_module_wrapper|system_nios2_qsys_0_jtag_debug_module_sysclk:the_system_nios2_qsys_0_jtag_debug_module_sysclk|altera_std_synchronizer:the_altera_std_synchronizer3 ; work         ;
;                   |altera_std_synchronizer:the_altera_std_synchronizer4|                                        ; 2 (2)       ; 2 (2)                     ; 0 (0)         ; 0           ; 0    ; 0            ; 0       ; 0         ; 0    ; 0            ; 0 (0)        ; 1 (1)             ; 1 (1)            ; |bai8|system:Nios_system|system_nios2_qsys_0:nios2_qsys_0|system_nios2_qsys_0_nios2_oci:the_system_nios2_qsys_0_nios2_oci|system_nios2_qsys_0_jtag_debug_module_wrapper:the_system_nios2_qsys_0_jtag_debug_module_wrapper|system_nios2_qsys_0_jtag_debug_module_sysclk:the_system_nios2_qsys_0_jtag_debug_module_sysclk|altera_std_synchronizer:the_altera_std_synchronizer4 ; work         ;
;                |system_nios2_qsys_0_jtag_debug_module_tck:the_system_nios2_qsys_0_jtag_debug_module_tck|        ; 87 (83)     ; 47 (43)                   ; 0 (0)         ; 0           ; 0    ; 0            ; 0       ; 0         ; 0    ; 0            ; 40 (40)      ; 4 (2)             ; 43 (43)          ; |bai8|system:Nios_system|system_nios2_qsys_0:nios2_qsys_0|system_nios2_qsys_0_nios2_oci:the_system_nios2_qsys_0_nios2_oci|system_nios2_qsys_0_jtag_debug_module_wrapper:the_system_nios2_qsys_0_jtag_debug_module_wrapper|system_nios2_qsys_0_jtag_debug_module_tck:the_system_nios2_qsys_0_jtag_debug_module_tck                                                            ; system       ;
;                   |altera_std_synchronizer:the_altera_std_synchronizer1|                                        ; 2 (2)       ; 2 (2)                     ; 0 (0)         ; 0           ; 0    ; 0            ; 0       ; 0         ; 0    ; 0            ; 0 (0)        ; 1 (1)             ; 1 (1)            ; |bai8|system:Nios_system|system_nios2_qsys_0:nios2_qsys_0|system_nios2_qsys_0_nios2_oci:the_system_nios2_qsys_0_nios2_oci|system_nios2_qsys_0_jtag_debug_module_wrapper:the_system_nios2_qsys_0_jtag_debug_module_wrapper|system_nios2_qsys_0_jtag_debug_module_tck:the_system_nios2_qsys_0_jtag_debug_module_tck|altera_std_synchronizer:the_altera_std_synchronizer1       ; work         ;
;                   |altera_std_synchronizer:the_altera_std_synchronizer2|                                        ; 2 (2)       ; 2 (2)                     ; 0 (0)         ; 0           ; 0    ; 0            ; 0       ; 0         ; 0    ; 0            ; 0 (0)        ; 1 (1)             ; 1 (1)            ; |bai8|system:Nios_system|system_nios2_qsys_0:nios2_qsys_0|system_nios2_qsys_0_nios2_oci:the_system_nios2_qsys_0_nios2_oci|system_nios2_qsys_0_jtag_debug_module_wrapper:the_system_nios2_qsys_0_jtag_debug_module_wrapper|system_nios2_qsys_0_jtag_debug_module_tck:the_system_nios2_qsys_0_jtag_debug_module_tck|altera_std_synchronizer:the_altera_std_synchronizer2       ; work         ;
;             |system_nios2_qsys_0_nios2_avalon_reg:the_system_nios2_qsys_0_nios2_avalon_reg|                     ; 10 (10)     ; 4 (4)                     ; 0 (0)         ; 0           ; 0    ; 0            ; 0       ; 0         ; 0    ; 0            ; 6 (6)        ; 0 (0)             ; 4 (4)            ; |bai8|system:Nios_system|system_nios2_qsys_0:nios2_qsys_0|system_nios2_qsys_0_nios2_oci:the_system_nios2_qsys_0_nios2_oci|system_nios2_qsys_0_nios2_avalon_reg:the_system_nios2_qsys_0_nios2_avalon_reg                                                                                                                                                                      ; system       ;
;             |system_nios2_qsys_0_nios2_oci_break:the_system_nios2_qsys_0_nios2_oci_break|                       ; 32 (32)     ; 32 (32)                   ; 0 (0)         ; 0           ; 0    ; 0            ; 0       ; 0         ; 0    ; 0            ; 0 (0)        ; 0 (0)             ; 32 (32)          ; |bai8|system:Nios_system|system_nios2_qsys_0:nios2_qsys_0|system_nios2_qsys_0_nios2_oci:the_system_nios2_qsys_0_nios2_oci|system_nios2_qsys_0_nios2_oci_break:the_system_nios2_qsys_0_nios2_oci_break                                                                                                                                                                        ; system       ;
;             |system_nios2_qsys_0_nios2_oci_debug:the_system_nios2_qsys_0_nios2_oci_debug|                       ; 12 (10)     ; 9 (7)                     ; 0 (0)         ; 0           ; 0    ; 0            ; 0       ; 0         ; 0    ; 0            ; 1 (1)        ; 1 (0)             ; 10 (9)           ; |bai8|system:Nios_system|system_nios2_qsys_0:nios2_qsys_0|system_nios2_qsys_0_nios2_oci:the_system_nios2_qsys_0_nios2_oci|system_nios2_qsys_0_nios2_oci_debug:the_system_nios2_qsys_0_nios2_oci_debug                                                                                                                                                                        ; system       ;
;                |altera_std_synchronizer:the_altera_std_synchronizer|                                            ; 2 (2)       ; 2 (2)                     ; 0 (0)         ; 0           ; 0    ; 0            ; 0       ; 0         ; 0    ; 0            ; 0 (0)        ; 1 (1)             ; 1 (1)            ; |bai8|system:Nios_system|system_nios2_qsys_0:nios2_qsys_0|system_nios2_qsys_0_nios2_oci:the_system_nios2_qsys_0_nios2_oci|system_nios2_qsys_0_nios2_oci_debug:the_system_nios2_qsys_0_nios2_oci_debug|altera_std_synchronizer:the_altera_std_synchronizer                                                                                                                    ; work         ;
;             |system_nios2_qsys_0_nios2_ocimem:the_system_nios2_qsys_0_nios2_ocimem|                             ; 112 (112)   ; 49 (49)                   ; 0 (0)         ; 8192        ; 2    ; 0            ; 0       ; 0         ; 0    ; 0            ; 62 (62)      ; 0 (0)             ; 50 (50)          ; |bai8|system:Nios_system|system_nios2_qsys_0:nios2_qsys_0|system_nios2_qsys_0_nios2_oci:the_system_nios2_qsys_0_nios2_oci|system_nios2_qsys_0_nios2_ocimem:the_system_nios2_qsys_0_nios2_ocimem                                                                                                                                                                              ; system       ;
;                |system_nios2_qsys_0_ociram_sp_ram_module:system_nios2_qsys_0_ociram_sp_ram|                     ; 0 (0)       ; 0 (0)                     ; 0 (0)         ; 8192        ; 2    ; 0            ; 0       ; 0         ; 0    ; 0            ; 0 (0)        ; 0 (0)             ; 0 (0)            ; |bai8|system:Nios_system|system_nios2_qsys_0:nios2_qsys_0|system_nios2_qsys_0_nios2_oci:the_system_nios2_qsys_0_nios2_oci|system_nios2_qsys_0_nios2_ocimem:the_system_nios2_qsys_0_nios2_ocimem|system_nios2_qsys_0_ociram_sp_ram_module:system_nios2_qsys_0_ociram_sp_ram                                                                                                   ; system       ;
;                   |altsyncram:the_altsyncram|                                                                   ; 0 (0)       ; 0 (0)                     ; 0 (0)         ; 8192        ; 2    ; 0            ; 0       ; 0         ; 0    ; 0            ; 0 (0)        ; 0 (0)             ; 0 (0)            ; |bai8|system:Nios_system|system_nios2_qsys_0:nios2_qsys_0|system_nios2_qsys_0_nios2_oci:the_system_nios2_qsys_0_nios2_oci|system_nios2_qsys_0_nios2_ocimem:the_system_nios2_qsys_0_nios2_ocimem|system_nios2_qsys_0_ociram_sp_ram_module:system_nios2_qsys_0_ociram_sp_ram|altsyncram:the_altsyncram                                                                         ; work         ;
;                      |altsyncram_p681:auto_generated|                                                           ; 0 (0)       ; 0 (0)                     ; 0 (0)         ; 8192        ; 2    ; 0            ; 0       ; 0         ; 0    ; 0            ; 0 (0)        ; 0 (0)             ; 0 (0)            ; |bai8|system:Nios_system|system_nios2_qsys_0:nios2_qsys_0|system_nios2_qsys_0_nios2_oci:the_system_nios2_qsys_0_nios2_oci|system_nios2_qsys_0_nios2_ocimem:the_system_nios2_qsys_0_nios2_ocimem|system_nios2_qsys_0_ociram_sp_ram_module:system_nios2_qsys_0_ociram_sp_ram|altsyncram:the_altsyncram|altsyncram_p681:auto_generated                                          ; work         ;
;          |system_nios2_qsys_0_register_bank_a_module:system_nios2_qsys_0_register_bank_a|                       ; 0 (0)       ; 0 (0)                     ; 0 (0)         ; 1024        ; 1    ; 0            ; 0       ; 0         ; 0    ; 0            ; 0 (0)        ; 0 (0)             ; 0 (0)            ; |bai8|system:Nios_system|system_nios2_qsys_0:nios2_qsys_0|system_nios2_qsys_0_register_bank_a_module:system_nios2_qsys_0_register_bank_a                                                                                                                                                                                                                                     ; system       ;
;             |altsyncram:the_altsyncram|                                                                         ; 0 (0)       ; 0 (0)                     ; 0 (0)         ; 1024        ; 1    ; 0            ; 0       ; 0         ; 0    ; 0            ; 0 (0)        ; 0 (0)             ; 0 (0)            ; |bai8|system:Nios_system|system_nios2_qsys_0:nios2_qsys_0|system_nios2_qsys_0_register_bank_a_module:system_nios2_qsys_0_register_bank_a|altsyncram:the_altsyncram                                                                                                                                                                                                           ; work         ;
;                |altsyncram_lpg1:auto_generated|                                                                 ; 0 (0)       ; 0 (0)                     ; 0 (0)         ; 1024        ; 1    ; 0            ; 0       ; 0         ; 0    ; 0            ; 0 (0)        ; 0 (0)             ; 0 (0)            ; |bai8|system:Nios_system|system_nios2_qsys_0:nios2_qsys_0|system_nios2_qsys_0_register_bank_a_module:system_nios2_qsys_0_register_bank_a|altsyncram:the_altsyncram|altsyncram_lpg1:auto_generated                                                                                                                                                                            ; work         ;
;          |system_nios2_qsys_0_register_bank_b_module:system_nios2_qsys_0_register_bank_b|                       ; 0 (0)       ; 0 (0)                     ; 0 (0)         ; 1024        ; 1    ; 0            ; 0       ; 0         ; 0    ; 0            ; 0 (0)        ; 0 (0)             ; 0 (0)            ; |bai8|system:Nios_system|system_nios2_qsys_0:nios2_qsys_0|system_nios2_qsys_0_register_bank_b_module:system_nios2_qsys_0_register_bank_b                                                                                                                                                                                                                                     ; system       ;
;             |altsyncram:the_altsyncram|                                                                         ; 0 (0)       ; 0 (0)                     ; 0 (0)         ; 1024        ; 1    ; 0            ; 0       ; 0         ; 0    ; 0            ; 0 (0)        ; 0 (0)             ; 0 (0)            ; |bai8|system:Nios_system|system_nios2_qsys_0:nios2_qsys_0|system_nios2_qsys_0_register_bank_b_module:system_nios2_qsys_0_register_bank_b|altsyncram:the_altsyncram                                                                                                                                                                                                           ; work         ;
;                |altsyncram_mpg1:auto_generated|                                                                 ; 0 (0)       ; 0 (0)                     ; 0 (0)         ; 1024        ; 1    ; 0            ; 0       ; 0         ; 0    ; 0            ; 0 (0)        ; 0 (0)             ; 0 (0)            ; |bai8|system:Nios_system|system_nios2_qsys_0:nios2_qsys_0|system_nios2_qsys_0_register_bank_b_module:system_nios2_qsys_0_register_bank_b|altsyncram:the_altsyncram|altsyncram_mpg1:auto_generated                                                                                                                                                                            ; work         ;
;          |system_nios2_qsys_0_test_bench:the_system_nios2_qsys_0_test_bench|                                    ; 1 (1)       ; 1 (1)                     ; 0 (0)         ; 0           ; 0    ; 0            ; 0       ; 0         ; 0    ; 0            ; 0 (0)        ; 0 (0)             ; 1 (1)            ; |bai8|system:Nios_system|system_nios2_qsys_0:nios2_qsys_0|system_nios2_qsys_0_test_bench:the_system_nios2_qsys_0_test_bench                                                                                                                                                                                                                                                  ; system       ;
;       |system_onchip_memory2_0:onchip_memory2_0|                                                                ; 38 (1)      ; 1 (0)                     ; 0 (0)         ; 262144      ; 64   ; 0            ; 0       ; 0         ; 0    ; 0            ; 36 (1)       ; 0 (0)             ; 2 (0)            ; |bai8|system:Nios_system|system_onchip_memory2_0:onchip_memory2_0                                                                                                                                                                                                                                                                                                            ; system       ;
;          |altsyncram:the_altsyncram|                                                                            ; 37 (0)      ; 1 (0)                     ; 0 (0)         ; 262144      ; 64   ; 0            ; 0       ; 0         ; 0    ; 0            ; 35 (0)       ; 0 (0)             ; 2 (0)            ; |bai8|system:Nios_system|system_onchip_memory2_0:onchip_memory2_0|altsyncram:the_altsyncram                                                                                                                                                                                                                                                                                  ; work         ;
;             |altsyncram_gsc1:auto_generated|                                                                    ; 37 (1)      ; 1 (1)                     ; 0 (0)         ; 262144      ; 64   ; 0            ; 0       ; 0         ; 0    ; 0            ; 35 (0)       ; 0 (0)             ; 2 (1)            ; |bai8|system:Nios_system|system_onchip_memory2_0:onchip_memory2_0|altsyncram:the_altsyncram|altsyncram_gsc1:auto_generated                                                                                                                                                                                                                                                   ; work         ;
;                |decode_1oa:decode3|                                                                             ; 2 (2)       ; 0 (0)                     ; 0 (0)         ; 0           ; 0    ; 0            ; 0       ; 0         ; 0    ; 0            ; 2 (2)        ; 0 (0)             ; 0 (0)            ; |bai8|system:Nios_system|system_onchip_memory2_0:onchip_memory2_0|altsyncram:the_altsyncram|altsyncram_gsc1:auto_generated|decode_1oa:decode3                                                                                                                                                                                                                                ; work         ;
;                |decode_1oa:deep_decode|                                                                         ; 2 (2)       ; 0 (0)                     ; 0 (0)         ; 0           ; 0    ; 0            ; 0       ; 0         ; 0    ; 0            ; 1 (1)        ; 0 (0)             ; 1 (1)            ; |bai8|system:Nios_system|system_onchip_memory2_0:onchip_memory2_0|altsyncram:the_altsyncram|altsyncram_gsc1:auto_generated|decode_1oa:deep_decode                                                                                                                                                                                                                            ; work         ;
;                |mux_ujb:mux2|                                                                                   ; 32 (32)     ; 0 (0)                     ; 0 (0)         ; 0           ; 0    ; 0            ; 0       ; 0         ; 0    ; 0            ; 32 (32)      ; 0 (0)             ; 0 (0)            ; |bai8|system:Nios_system|system_onchip_memory2_0:onchip_memory2_0|altsyncram:the_altsyncram|altsyncram_gsc1:auto_generated|mux_ujb:mux2                                                                                                                                                                                                                                      ; work         ;
;       |system_onchip_memory2_1:onchip_memory2_1|                                                                ; 1 (1)       ; 0 (0)                     ; 0 (0)         ; 32768       ; 8    ; 0            ; 0       ; 0         ; 0    ; 0            ; 1 (1)        ; 0 (0)             ; 0 (0)            ; |bai8|system:Nios_system|system_onchip_memory2_1:onchip_memory2_1                                                                                                                                                                                                                                                                                                            ; system       ;
;          |altsyncram:the_altsyncram|                                                                            ; 0 (0)       ; 0 (0)                     ; 0 (0)         ; 32768       ; 8    ; 0            ; 0       ; 0         ; 0    ; 0            ; 0 (0)        ; 0 (0)             ; 0 (0)            ; |bai8|system:Nios_system|system_onchip_memory2_1:onchip_memory2_1|altsyncram:the_altsyncram                                                                                                                                                                                                                                                                                  ; work         ;
;             |altsyncram_krc1:auto_generated|                                                                    ; 0 (0)       ; 0 (0)                     ; 0 (0)         ; 32768       ; 8    ; 0            ; 0       ; 0         ; 0    ; 0            ; 0 (0)        ; 0 (0)             ; 0 (0)            ; |bai8|system:Nios_system|system_onchip_memory2_1:onchip_memory2_1|altsyncram:the_altsyncram|altsyncram_krc1:auto_generated                                                                                                                                                                                                                                                   ; work         ;
;       |system_rsp_xbar_demux_002:rsp_xbar_demux_002|                                                            ; 3 (3)       ; 0 (0)                     ; 0 (0)         ; 0           ; 0    ; 0            ; 0       ; 0         ; 0    ; 0            ; 2 (2)        ; 0 (0)             ; 1 (1)            ; |bai8|system:Nios_system|system_rsp_xbar_demux_002:rsp_xbar_demux_002                                                                                                                                                                                                                                                                                                        ; system       ;
;       |system_rsp_xbar_mux:rsp_xbar_mux|                                                                        ; 2 (2)       ; 0 (0)                     ; 0 (0)         ; 0           ; 0    ; 0            ; 0       ; 0         ; 0    ; 0            ; 0 (0)        ; 0 (0)             ; 2 (2)            ; |bai8|system:Nios_system|system_rsp_xbar_mux:rsp_xbar_mux                                                                                                                                                                                                                                                                                                                    ; system       ;
;       |system_rsp_xbar_mux_001:rsp_xbar_mux_001|                                                                ; 52 (52)     ; 0 (0)                     ; 0 (0)         ; 0           ; 0    ; 0            ; 0       ; 0         ; 0    ; 0            ; 29 (29)      ; 0 (0)             ; 23 (23)          ; |bai8|system:Nios_system|system_rsp_xbar_mux_001:rsp_xbar_mux_001                                                                                                                                                                                                                                                                                                            ; system       ;
;       |system_rsp_xbar_mux_002:rsp_xbar_mux_002|                                                                ; 24 (24)     ; 0 (0)                     ; 0 (0)         ; 0           ; 0    ; 0            ; 0       ; 0         ; 0    ; 0            ; 8 (8)        ; 0 (0)             ; 16 (16)          ; |bai8|system:Nios_system|system_rsp_xbar_mux_002:rsp_xbar_mux_002                                                                                                                                                                                                                                                                                                            ; system       ;
+-----------------------------------------------------------------------------------------------------------------+-------------+---------------------------+---------------+-------------+------+--------------+---------+-----------+------+--------------+--------------+-------------------+------------------+------------------------------------------------------------------------------------------------------------------------------------------------------------------------------------------------------------------------------------------------------------------------------------------------------------------------------------------------------------------------------+--------------+
Note: For table entries with two numbers listed, the numbers in parentheses indicate the number of resources of the given type used by the specific entity alone. The numbers listed outside of parentheses indicate the total resources of the given type used by the specific entity and all of its sub-entities in the hierarchy.


+-----------------------------------------------------------------------------------+
; Delay Chain Summary                                                               ;
+----------+----------+---------------+---------------+-----------------------+-----+
; Name     ; Pin Type ; Pad to Core 0 ; Pad to Core 1 ; Pad to Input Register ; TCO ;
+----------+----------+---------------+---------------+-----------------------+-----+
; CLOCK_50 ; Input    ; (0) 171 ps    ; (0) 171 ps    ; --                    ; --  ;
; KEY[0]   ; Input    ; (6) 2523 ps   ; (6) 2523 ps   ; --                    ; --  ;
+----------+----------+---------------+---------------+-----------------------+-----+


+---------------------------------------------------------------------------------------------------------------------------------------------------------------------------------------+
; Pad To Core Delay Chain Fanout                                                                                                                                                        ;
+---------------------------------------------------------------------------------------------------------------------------------------------------------+-------------------+---------+
; Source Pin / Fanout                                                                                                                                     ; Pad To Core Index ; Setting ;
+---------------------------------------------------------------------------------------------------------------------------------------------------------+-------------------+---------+
; CLOCK_50                                                                                                                                                ;                   ;         ;
; KEY[0]                                                                                                                                                  ;                   ;         ;
;      - system:Nios_system|altera_reset_controller:rst_controller|merged_reset~0                                                                         ; 1                 ; 6       ;
;      - system:Nios_system|altera_reset_controller:rst_controller_001|altera_reset_synchronizer:alt_rst_sync_uq1|altera_reset_synchronizer_int_chain_out ; 1                 ; 6       ;
;      - system:Nios_system|altera_reset_controller:rst_controller_001|altera_reset_synchronizer:alt_rst_sync_uq1|altera_reset_synchronizer_int_chain[0]  ; 1                 ; 6       ;
;      - system:Nios_system|altera_reset_controller:rst_controller_001|altera_reset_synchronizer:alt_rst_sync_uq1|altera_reset_synchronizer_int_chain[1]  ; 1                 ; 6       ;
+---------------------------------------------------------------------------------------------------------------------------------------------------------+-------------------+---------+


+---------------------------------------------------------------------------------------------------------------------------------------------------------------------------------------------------------------------------------------------------------------------------------------------------------------------------------------------------------------------------------------------------------------------------------------------------------------------------------------+
; Control Signals                                                                                                                                                                                                                                                                                                                                                                                                                                                                       ;
+--------------------------------------------------------------------------------------------------------------------------------------------------------------------------------------------------------------------------------------------------------------------------------------------------------------------------------------------+--------------------+---------+----------------------------+--------+----------------------+------------------+---------------------------+
; Name                                                                                                                                                                                                                                                                                                                                       ; Location           ; Fan-Out ; Usage                      ; Global ; Global Resource Used ; Global Line Name ; Enable Signal Source Name ;
+--------------------------------------------------------------------------------------------------------------------------------------------------------------------------------------------------------------------------------------------------------------------------------------------------------------------------------------------+--------------------+---------+----------------------------+--------+----------------------+------------------+---------------------------+
; CLOCK_50                                                                                                                                                                                                                                                                                                                                   ; PIN_N2             ; 2223    ; Clock                      ; yes    ; Global Clock         ; GCLK2            ; --                        ;
; KEY[0]                                                                                                                                                                                                                                                                                                                                     ; PIN_G26            ; 4       ; Async. clear               ; no     ; --                   ; --               ; --                        ;
; altera_internal_jtag~TCKUTAP                                                                                                                                                                                                                                                                                                               ; JTAG_X1_Y19_N0     ; 895     ; Clock                      ; yes    ; Global Clock         ; GCLK1            ; --                        ;
; altera_internal_jtag~TMSUTAP                                                                                                                                                                                                                                                                                                               ; JTAG_X1_Y19_N0     ; 26      ; Sync. clear                ; no     ; --                   ; --               ; --                        ;
; sld_hub:auto_hub|sld_jtag_hub:\jtag_hub_gen:sld_jtag_hub_inst|clr_reg                                                                                                                                                                                                                                                                      ; LCFF_X33_Y22_N27   ; 102     ; Async. clear               ; yes    ; Global Clock         ; GCLK8            ; --                        ;
; sld_hub:auto_hub|sld_jtag_hub:\jtag_hub_gen:sld_jtag_hub_inst|design_hash_proc~0                                                                                                                                                                                                                                                           ; LCCOMB_X40_Y22_N22 ; 4       ; Sync. load                 ; no     ; --                   ; --               ; --                        ;
; sld_hub:auto_hub|sld_jtag_hub:\jtag_hub_gen:sld_jtag_hub_inst|hub_info_reg_ena                                                                                                                                                                                                                                                             ; LCCOMB_X40_Y22_N0  ; 4       ; Clock enable               ; no     ; --                   ; --               ; --                        ;
; sld_hub:auto_hub|sld_jtag_hub:\jtag_hub_gen:sld_jtag_hub_inst|hub_tdo_mux_proc~0                                                                                                                                                                                                                                                           ; LCCOMB_X36_Y22_N18 ; 5       ; Clock enable               ; no     ; --                   ; --               ; --                        ;
; sld_hub:auto_hub|sld_jtag_hub:\jtag_hub_gen:sld_jtag_hub_inst|identity_contrib_shift_reg[0]~4                                                                                                                                                                                                                                              ; LCCOMB_X40_Y22_N20 ; 4       ; Clock enable               ; no     ; --                   ; --               ; --                        ;
; sld_hub:auto_hub|sld_jtag_hub:\jtag_hub_gen:sld_jtag_hub_inst|identity_contrib_update_reg[0]~0                                                                                                                                                                                                                                             ; LCCOMB_X40_Y22_N6  ; 4       ; Clock enable               ; no     ; --                   ; --               ; --                        ;
; sld_hub:auto_hub|sld_jtag_hub:\jtag_hub_gen:sld_jtag_hub_inst|irf_reg[1][0]~4                                                                                                                                                                                                                                                              ; LCCOMB_X34_Y19_N26 ; 8       ; Clock enable               ; no     ; --                   ; --               ; --                        ;
; sld_hub:auto_hub|sld_jtag_hub:\jtag_hub_gen:sld_jtag_hub_inst|irf_reg[2][0]~14                                                                                                                                                                                                                                                             ; LCCOMB_X34_Y19_N14 ; 8       ; Clock enable               ; no     ; --                   ; --               ; --                        ;
; sld_hub:auto_hub|sld_jtag_hub:\jtag_hub_gen:sld_jtag_hub_inst|irf_reg[3][0]~24                                                                                                                                                                                                                                                             ; LCCOMB_X34_Y19_N18 ; 8       ; Clock enable               ; no     ; --                   ; --               ; --                        ;
; sld_hub:auto_hub|sld_jtag_hub:\jtag_hub_gen:sld_jtag_hub_inst|irf_reg[3][4]                                                                                                                                                                                                                                                                ; LCFF_X33_Y19_N7    ; 17      ; Clock enable               ; no     ; --                   ; --               ; --                        ;
; sld_hub:auto_hub|sld_jtag_hub:\jtag_hub_gen:sld_jtag_hub_inst|irf_reg[3][7]                                                                                                                                                                                                                                                                ; LCFF_X34_Y20_N5    ; 25      ; Clock enable               ; no     ; --                   ; --               ; --                        ;
; sld_hub:auto_hub|sld_jtag_hub:\jtag_hub_gen:sld_jtag_hub_inst|irsr_reg[0]~11                                                                                                                                                                                                                                                               ; LCCOMB_X32_Y20_N24 ; 8       ; Clock enable               ; no     ; --                   ; --               ; --                        ;
; sld_hub:auto_hub|sld_jtag_hub:\jtag_hub_gen:sld_jtag_hub_inst|mixer_addr_reg[4]~13                                                                                                                                                                                                                                                         ; LCCOMB_X41_Y22_N16 ; 5       ; Sync. load                 ; no     ; --                   ; --               ; --                        ;
; sld_hub:auto_hub|sld_jtag_hub:\jtag_hub_gen:sld_jtag_hub_inst|mixer_addr_reg[4]~14                                                                                                                                                                                                                                                         ; LCCOMB_X42_Y22_N0  ; 5       ; Clock enable               ; no     ; --                   ; --               ; --                        ;
; sld_hub:auto_hub|sld_jtag_hub:\jtag_hub_gen:sld_jtag_hub_inst|node_ena~6                                                                                                                                                                                                                                                                   ; LCCOMB_X34_Y22_N14 ; 3       ; Clock enable               ; no     ; --                   ; --               ; --                        ;
; sld_hub:auto_hub|sld_jtag_hub:\jtag_hub_gen:sld_jtag_hub_inst|shadow_irf_reg[1][0]~3                                                                                                                                                                                                                                                       ; LCCOMB_X34_Y20_N2  ; 8       ; Clock enable               ; no     ; --                   ; --               ; --                        ;
; sld_hub:auto_hub|sld_jtag_hub:\jtag_hub_gen:sld_jtag_hub_inst|shadow_irf_reg[2][0]~12                                                                                                                                                                                                                                                      ; LCCOMB_X34_Y20_N22 ; 8       ; Clock enable               ; no     ; --                   ; --               ; --                        ;
; sld_hub:auto_hub|sld_jtag_hub:\jtag_hub_gen:sld_jtag_hub_inst|shadow_irf_reg[3][0]~22                                                                                                                                                                                                                                                      ; LCCOMB_X34_Y20_N18 ; 8       ; Clock enable               ; no     ; --                   ; --               ; --                        ;
; sld_hub:auto_hub|sld_jtag_hub:\jtag_hub_gen:sld_jtag_hub_inst|sld_rom_sr:hub_info_reg|WORD_SR[0]~22                                                                                                                                                                                                                                        ; LCCOMB_X37_Y21_N4  ; 4       ; Clock enable               ; no     ; --                   ; --               ; --                        ;
; sld_hub:auto_hub|sld_jtag_hub:\jtag_hub_gen:sld_jtag_hub_inst|sld_rom_sr:hub_info_reg|word_counter[2]~19                                                                                                                                                                                                                                   ; LCCOMB_X38_Y21_N14 ; 6       ; Sync. clear                ; no     ; --                   ; --               ; --                        ;
; sld_hub:auto_hub|sld_jtag_hub:\jtag_hub_gen:sld_jtag_hub_inst|sld_rom_sr:hub_info_reg|word_counter[2]~24                                                                                                                                                                                                                                   ; LCCOMB_X37_Y21_N22 ; 6       ; Clock enable               ; no     ; --                   ; --               ; --                        ;
; sld_hub:auto_hub|sld_jtag_hub:\jtag_hub_gen:sld_jtag_hub_inst|sld_shadow_jsm:shadow_jsm|state[0]                                                                                                                                                                                                                                           ; LCFF_X34_Y22_N11   ; 12      ; Async. clear               ; yes    ; Global Clock         ; GCLK9            ; --                        ;
; sld_hub:auto_hub|sld_jtag_hub:\jtag_hub_gen:sld_jtag_hub_inst|sld_shadow_jsm:shadow_jsm|state[11]                                                                                                                                                                                                                                          ; LCFF_X33_Y22_N23   ; 12      ; Clock enable               ; no     ; --                   ; --               ; --                        ;
; sld_hub:auto_hub|sld_jtag_hub:\jtag_hub_gen:sld_jtag_hub_inst|sld_shadow_jsm:shadow_jsm|state[4]                                                                                                                                                                                                                                           ; LCFF_X33_Y22_N11   ; 59      ; Sync. clear                ; no     ; --                   ; --               ; --                        ;
; sld_hub:auto_hub|sld_jtag_hub:\jtag_hub_gen:sld_jtag_hub_inst|sld_shadow_jsm:shadow_jsm|state[8]                                                                                                                                                                                                                                           ; LCFF_X33_Y22_N31   ; 20      ; Async. clear               ; no     ; --                   ; --               ; --                        ;
; sld_hub:auto_hub|sld_jtag_hub:\jtag_hub_gen:sld_jtag_hub_inst|virtual_ir_dr_scan_proc~0                                                                                                                                                                                                                                                    ; LCCOMB_X33_Y22_N20 ; 3       ; Clock enable               ; no     ; --                   ; --               ; --                        ;
; sld_hub:auto_hub|sld_jtag_hub:\jtag_hub_gen:sld_jtag_hub_inst|virtual_ir_scan_reg                                                                                                                                                                                                                                                          ; LCFF_X35_Y22_N17   ; 40      ; Async. clear               ; no     ; --                   ; --               ; --                        ;
; sld_signaltap:auto_signaltap_0|sld_signaltap_impl:sld_signaltap_body|sld_signaltap_implb:sld_signaltap_body|altdpram:\stp_non_zero_ram_gen:attribute_mem_gen:attribute_mem|lpm_decode:wdecoder|decode_rqf:auto_generated|eq_node[0]~1                                                                                                      ; LCCOMB_X23_Y15_N4  ; 19      ; Clock enable               ; no     ; --                   ; --               ; --                        ;
; sld_signaltap:auto_signaltap_0|sld_signaltap_impl:sld_signaltap_body|sld_signaltap_implb:sld_signaltap_body|altdpram:\stp_non_zero_ram_gen:attribute_mem_gen:attribute_mem|lpm_decode:wdecoder|decode_rqf:auto_generated|eq_node[1]~0                                                                                                      ; LCCOMB_X23_Y15_N20 ; 19      ; Clock enable               ; no     ; --                   ; --               ; --                        ;
; sld_signaltap:auto_signaltap_0|sld_signaltap_impl:sld_signaltap_body|sld_signaltap_implb:sld_signaltap_body|buffer_write_enable_delayed                                                                                                                                                                                                    ; LCFF_X22_Y12_N1    ; 15      ; Clock enable, Write enable ; no     ; --                   ; --               ; --                        ;
; sld_signaltap:auto_signaltap_0|sld_signaltap_impl:sld_signaltap_body|sld_signaltap_implb:sld_signaltap_body|collect_data                                                                                                                                                                                                                   ; LCCOMB_X27_Y15_N10 ; 2       ; Clock enable               ; no     ; --                   ; --               ; --                        ;
; sld_signaltap:auto_signaltap_0|sld_signaltap_impl:sld_signaltap_body|sld_signaltap_implb:sld_signaltap_body|reset_all                                                                                                                                                                                                                      ; LCFF_X32_Y19_N27   ; 655     ; Async. clear               ; yes    ; Global Clock         ; GCLK15           ; --                        ;
; sld_signaltap:auto_signaltap_0|sld_signaltap_impl:sld_signaltap_body|sld_signaltap_implb:sld_signaltap_body|sld_buffer_manager:sld_buffer_manager_inst|last_buffer_write_address_sig[0]~0                                                                                                                                                  ; LCCOMB_X18_Y15_N16 ; 9       ; Clock enable               ; no     ; --                   ; --               ; --                        ;
; sld_signaltap:auto_signaltap_0|sld_signaltap_impl:sld_signaltap_body|sld_signaltap_implb:sld_signaltap_body|sld_buffer_manager:sld_buffer_manager_inst|modified_post_count[9]~2                                                                                                                                                            ; LCCOMB_X19_Y15_N14 ; 19      ; Clock enable               ; no     ; --                   ; --               ; --                        ;
; sld_signaltap:auto_signaltap_0|sld_signaltap_impl:sld_signaltap_body|sld_signaltap_implb:sld_signaltap_body|sld_buffer_manager:sld_buffer_manager_inst|process_1~0                                                                                                                                                                         ; LCCOMB_X27_Y15_N26 ; 26      ; Clock enable               ; no     ; --                   ; --               ; --                        ;
; sld_signaltap:auto_signaltap_0|sld_signaltap_impl:sld_signaltap_body|sld_signaltap_implb:sld_signaltap_body|sld_offload_buffer_mgr:\stp_non_zero_depth_offload_gen:stp_offload_buff_mgr_inst|Equal2~1                                                                                                                                      ; LCCOMB_X35_Y19_N0  ; 1       ; Clock enable               ; no     ; --                   ; --               ; --                        ;
; sld_signaltap:auto_signaltap_0|sld_signaltap_impl:sld_signaltap_body|sld_signaltap_implb:sld_signaltap_body|sld_offload_buffer_mgr:\stp_non_zero_depth_offload_gen:stp_offload_buff_mgr_inst|acq_buf_read_reset                                                                                                                            ; LCCOMB_X32_Y19_N12 ; 10      ; Sync. load                 ; no     ; --                   ; --               ; --                        ;
; sld_signaltap:auto_signaltap_0|sld_signaltap_impl:sld_signaltap_body|sld_signaltap_implb:sld_signaltap_body|sld_offload_buffer_mgr:\stp_non_zero_depth_offload_gen:stp_offload_buff_mgr_inst|lpm_counter:\adv_point_3_and_more:advance_pointer_counter|cntr_idi:auto_generated|counter_reg_bit1a[6]~0                                      ; LCCOMB_X22_Y12_N24 ; 7       ; Sync. load                 ; no     ; --                   ; --               ; --                        ;
; sld_signaltap:auto_signaltap_0|sld_signaltap_impl:sld_signaltap_body|sld_signaltap_implb:sld_signaltap_body|sld_offload_buffer_mgr:\stp_non_zero_depth_offload_gen:stp_offload_buff_mgr_inst|lpm_counter:status_advance_pointer_counter|cntr_1ci:auto_generated|counter_reg_bit1a[4]~0                                                     ; LCCOMB_X35_Y19_N4  ; 5       ; Sync. load                 ; no     ; --                   ; --               ; --                        ;
; sld_signaltap:auto_signaltap_0|sld_signaltap_impl:sld_signaltap_body|sld_signaltap_implb:sld_signaltap_body|sld_offload_buffer_mgr:\stp_non_zero_depth_offload_gen:stp_offload_buff_mgr_inst|lpm_counter:status_read_pointer_counter|cntr_gui:auto_generated|counter_reg_bit1a[0]~0                                                        ; LCCOMB_X36_Y19_N10 ; 1       ; Sync. load                 ; no     ; --                   ; --               ; --                        ;
; sld_signaltap:auto_signaltap_0|sld_signaltap_impl:sld_signaltap_body|sld_signaltap_implb:sld_signaltap_body|sld_offload_buffer_mgr:\stp_non_zero_depth_offload_gen:stp_offload_buff_mgr_inst|read_pointer_counter_clk_ena                                                                                                                  ; LCCOMB_X22_Y12_N2  ; 9       ; Clock enable               ; no     ; --                   ; --               ; --                        ;
; sld_signaltap:auto_signaltap_0|sld_signaltap_impl:sld_signaltap_body|sld_signaltap_implb:sld_signaltap_body|sld_rom_sr:crc_rom_sr|WORD_SR[1]~13                                                                                                                                                                                            ; LCCOMB_X22_Y20_N28 ; 4       ; Clock enable               ; no     ; --                   ; --               ; --                        ;
; sld_signaltap:auto_signaltap_0|sld_signaltap_impl:sld_signaltap_body|sld_signaltap_implb:sld_signaltap_body|sld_rom_sr:crc_rom_sr|word_counter[3]~11                                                                                                                                                                                       ; LCCOMB_X22_Y20_N14 ; 4       ; Clock enable               ; no     ; --                   ; --               ; --                        ;
; sld_signaltap:auto_signaltap_0|sld_signaltap_impl:sld_signaltap_body|sld_signaltap_implb:sld_signaltap_body|status_shift_enable~3                                                                                                                                                                                                          ; LCCOMB_X32_Y19_N14 ; 17      ; Clock enable               ; no     ; --                   ; --               ; --                        ;
; sld_signaltap:auto_signaltap_0|sld_signaltap_impl:sld_signaltap_body|sld_signaltap_implb:sld_signaltap_body|trigger_setup_ena                                                                                                                                                                                                              ; LCCOMB_X32_Y19_N28 ; 452     ; Clock enable               ; no     ; --                   ; --               ; --                        ;
; system:Nios_system|altera_avalon_sc_fifo:jtag_uart_0_avalon_jtag_slave_translator_avalon_universal_slave_0_agent_rsp_fifo|always0~0                                                                                                                                                                                                        ; LCCOMB_X25_Y28_N14 ; 3       ; Clock enable               ; no     ; --                   ; --               ; --                        ;
; system:Nios_system|altera_avalon_sc_fifo:nios2_qsys_0_jtag_debug_module_translator_avalon_universal_slave_0_agent_rsp_fifo|mem_used[1]~1                                                                                                                                                                                                   ; LCCOMB_X24_Y27_N14 ; 4       ; Clock enable               ; no     ; --                   ; --               ; --                        ;
; system:Nios_system|altera_avalon_sc_fifo:onchip_memory2_0_s1_translator_avalon_universal_slave_0_agent_rsp_fifo|always0~0                                                                                                                                                                                                                  ; LCCOMB_X29_Y25_N10 ; 4       ; Clock enable               ; no     ; --                   ; --               ; --                        ;
; system:Nios_system|altera_avalon_sc_fifo:onchip_memory2_1_s1_translator_avalon_universal_slave_0_agent_rsp_fifo|always0~0                                                                                                                                                                                                                  ; LCCOMB_X31_Y23_N0  ; 4       ; Clock enable               ; no     ; --                   ; --               ; --                        ;
; system:Nios_system|altera_merlin_master_agent:dma_0_read_master_translator_avalon_universal_master_0_agent|av_readdatavalid~0                                                                                                                                                                                                              ; LCCOMB_X31_Y23_N12 ; 6       ; Clock enable, Write enable ; no     ; --                   ; --               ; --                        ;
; system:Nios_system|altera_merlin_traffic_limiter:limiter|save_dest_id~0                                                                                                                                                                                                                                                                    ; LCCOMB_X32_Y23_N24 ; 2       ; Clock enable               ; no     ; --                   ; --               ; --                        ;
; system:Nios_system|altera_reset_controller:rst_controller_001|r_sync_rst                                                                                                                                                                                                                                                                   ; LCFF_X22_Y21_N17   ; 19      ; Async. clear               ; yes    ; Global Clock         ; GCLK0            ; --                        ;
; system:Nios_system|altera_reset_controller:rst_controller_001|r_sync_rst_dly                                                                                                                                                                                                                                                               ; LCFF_X22_Y21_N13   ; 9       ; Clock enable               ; no     ; --                   ; --               ; --                        ;
; system:Nios_system|altera_reset_controller:rst_controller|merged_reset~0                                                                                                                                                                                                                                                                   ; LCCOMB_X22_Y21_N10 ; 3       ; Async. clear               ; yes    ; Global Clock         ; GCLK3            ; --                        ;
; system:Nios_system|altera_reset_controller:rst_controller|r_sync_rst                                                                                                                                                                                                                                                                       ; LCFF_X32_Y24_N9    ; 522     ; Async. clear               ; yes    ; Global Clock         ; GCLK11           ; --                        ;
; system:Nios_system|altera_reset_controller:rst_controller|r_sync_rst_dly                                                                                                                                                                                                                                                                   ; LCFF_X32_Y24_N21   ; 4       ; Clock enable               ; no     ; --                   ; --               ; --                        ;
; system:Nios_system|system_cmd_xbar_mux:cmd_xbar_mux_001|altera_merlin_arbitrator:arb|top_priority_reg[0]~0                                                                                                                                                                                                                                 ; LCCOMB_X27_Y29_N20 ; 2       ; Clock enable               ; no     ; --                   ; --               ; --                        ;
; system:Nios_system|system_cmd_xbar_mux:cmd_xbar_mux_001|update_grant~0                                                                                                                                                                                                                                                                     ; LCCOMB_X27_Y29_N26 ; 4       ; Clock enable               ; no     ; --                   ; --               ; --                        ;
; system:Nios_system|system_cmd_xbar_mux:cmd_xbar_mux|altera_merlin_arbitrator:arb|top_priority_reg[0]~0                                                                                                                                                                                                                                     ; LCCOMB_X30_Y25_N30 ; 2       ; Clock enable               ; no     ; --                   ; --               ; --                        ;
; system:Nios_system|system_cmd_xbar_mux:cmd_xbar_mux|update_grant~1                                                                                                                                                                                                                                                                         ; LCCOMB_X25_Y27_N0  ; 4       ; Clock enable               ; no     ; --                   ; --               ; --                        ;
; system:Nios_system|system_cmd_xbar_mux_002:cmd_xbar_mux_002|altera_merlin_arbitrator:arb|top_priority_reg[0]~1                                                                                                                                                                                                                             ; LCCOMB_X33_Y25_N14 ; 4       ; Clock enable               ; no     ; --                   ; --               ; --                        ;
; system:Nios_system|system_cmd_xbar_mux_002:cmd_xbar_mux_002|update_grant~0                                                                                                                                                                                                                                                                 ; LCCOMB_X29_Y25_N12 ; 6       ; Clock enable               ; no     ; --                   ; --               ; --                        ;
; system:Nios_system|system_cmd_xbar_mux_003:cmd_xbar_mux_003|altera_merlin_arbitrator:arb|top_priority_reg[0]~0                                                                                                                                                                                                                             ; LCCOMB_X28_Y28_N26 ; 3       ; Clock enable               ; no     ; --                   ; --               ; --                        ;
; system:Nios_system|system_cmd_xbar_mux_003:cmd_xbar_mux_003|update_grant~0                                                                                                                                                                                                                                                                 ; LCCOMB_X32_Y30_N26 ; 5       ; Clock enable               ; no     ; --                   ; --               ; --                        ;
; system:Nios_system|system_dma_0:dma_0|flush_fifo                                                                                                                                                                                                                                                                                           ; LCCOMB_X28_Y18_N18 ; 26      ; Sync. clear, Sync. load    ; no     ; --                   ; --               ; --                        ;
; system:Nios_system|system_dma_0:dma_0|length[11]~0                                                                                                                                                                                                                                                                                         ; LCCOMB_X30_Y19_N30 ; 16      ; Clock enable               ; no     ; --                   ; --               ; --                        ;
; system:Nios_system|system_dma_0:dma_0|p1_control~0                                                                                                                                                                                                                                                                                         ; LCCOMB_X30_Y21_N0  ; 16      ; Clock enable               ; no     ; --                   ; --               ; --                        ;
; system:Nios_system|system_dma_0:dma_0|p1_readaddress~2                                                                                                                                                                                                                                                                                     ; LCCOMB_X30_Y21_N4  ; 17      ; Sync. load                 ; no     ; --                   ; --               ; --                        ;
; system:Nios_system|system_dma_0:dma_0|p1_writeaddress~0                                                                                                                                                                                                                                                                                    ; LCCOMB_X30_Y21_N2  ; 17      ; Sync. load                 ; no     ; --                   ; --               ; --                        ;
; system:Nios_system|system_dma_0:dma_0|readaddress[6]~51                                                                                                                                                                                                                                                                                    ; LCCOMB_X30_Y21_N8  ; 17      ; Clock enable               ; no     ; --                   ; --               ; --                        ;
; system:Nios_system|system_dma_0:dma_0|reset_n                                                                                                                                                                                                                                                                                              ; LCFF_X29_Y23_N27   ; 156     ; Async. clear               ; yes    ; Global Clock         ; GCLK10           ; --                        ;
; system:Nios_system|system_dma_0:dma_0|system_dma_0_fifo_module:the_system_dma_0_fifo_module|estimated_wraddress[2]~17                                                                                                                                                                                                                      ; LCCOMB_X28_Y18_N16 ; 5       ; Clock enable               ; no     ; --                   ; --               ; --                        ;
; system:Nios_system|system_dma_0:dma_0|system_dma_0_fifo_module:the_system_dma_0_fifo_module|wraddress[4]~17                                                                                                                                                                                                                                ; LCCOMB_X28_Y18_N10 ; 5       ; Clock enable               ; no     ; --                   ; --               ; --                        ;
; system:Nios_system|system_dma_0:dma_0|system_dma_0_fifo_module:the_system_dma_0_fifo_module|write_collision~2                                                                                                                                                                                                                              ; LCCOMB_X25_Y18_N10 ; 33      ; Clock enable               ; no     ; --                   ; --               ; --                        ;
; system:Nios_system|system_dma_0:dma_0|system_dma_0_read_data_mux:the_system_dma_0_read_data_mux|readdata_mux_select[1]~0                                                                                                                                                                                                                   ; LCCOMB_X24_Y20_N4  ; 2       ; Clock enable               ; no     ; --                   ; --               ; --                        ;
; system:Nios_system|system_dma_0:dma_0|writeaddress[7]~51                                                                                                                                                                                                                                                                                   ; LCCOMB_X30_Y21_N28 ; 17      ; Clock enable               ; no     ; --                   ; --               ; --                        ;
; system:Nios_system|system_dma_0:dma_0|writelength[14]~0                                                                                                                                                                                                                                                                                    ; LCCOMB_X28_Y18_N14 ; 16      ; Clock enable               ; no     ; --                   ; --               ; --                        ;
; system:Nios_system|system_jtag_uart_0:jtag_uart_0|alt_jtag_atlantic:system_jtag_uart_0_alt_jtag_atlantic|r_ena~0                                                                                                                                                                                                                           ; LCCOMB_X44_Y21_N18 ; 9       ; Clock enable               ; no     ; --                   ; --               ; --                        ;
; system:Nios_system|system_jtag_uart_0:jtag_uart_0|alt_jtag_atlantic:system_jtag_uart_0_alt_jtag_atlantic|td_shift[0]~4                                                                                                                                                                                                                     ; LCCOMB_X42_Y20_N6  ; 21      ; Clock enable               ; no     ; --                   ; --               ; --                        ;
; system:Nios_system|system_jtag_uart_0:jtag_uart_0|alt_jtag_atlantic:system_jtag_uart_0_alt_jtag_atlantic|wdata[5]~0                                                                                                                                                                                                                        ; LCCOMB_X44_Y20_N26 ; 8       ; Clock enable               ; no     ; --                   ; --               ; --                        ;
; system:Nios_system|system_jtag_uart_0:jtag_uart_0|alt_jtag_atlantic:system_jtag_uart_0_alt_jtag_atlantic|write_stalled~1                                                                                                                                                                                                                   ; LCCOMB_X42_Y20_N4  ; 5       ; Clock enable               ; no     ; --                   ; --               ; --                        ;
; system:Nios_system|system_jtag_uart_0:jtag_uart_0|fifo_rd~0                                                                                                                                                                                                                                                                                ; LCCOMB_X28_Y29_N2  ; 8       ; Clock enable               ; no     ; --                   ; --               ; --                        ;
; system:Nios_system|system_jtag_uart_0:jtag_uart_0|fifo_wr                                                                                                                                                                                                                                                                                  ; LCFF_X28_Y24_N19   ; 15      ; Clock enable, Write enable ; no     ; --                   ; --               ; --                        ;
; system:Nios_system|system_jtag_uart_0:jtag_uart_0|ien_AF~0                                                                                                                                                                                                                                                                                 ; LCCOMB_X28_Y29_N10 ; 3       ; Clock enable               ; no     ; --                   ; --               ; --                        ;
; system:Nios_system|system_jtag_uart_0:jtag_uart_0|r_val~0                                                                                                                                                                                                                                                                                  ; LCCOMB_X44_Y21_N6  ; 11      ; Clock enable               ; no     ; --                   ; --               ; --                        ;
; system:Nios_system|system_jtag_uart_0:jtag_uart_0|read_0                                                                                                                                                                                                                                                                                   ; LCFF_X27_Y29_N25   ; 16      ; Sync. load                 ; no     ; --                   ; --               ; --                        ;
; system:Nios_system|system_jtag_uart_0:jtag_uart_0|system_jtag_uart_0_scfifo_r:the_system_jtag_uart_0_scfifo_r|scfifo:rfifo|scfifo_1n21:auto_generated|a_dpfifo_8t21:dpfifo|a_fefifo_7cf:fifo_state|_~4                                                                                                                                     ; LCCOMB_X34_Y21_N30 ; 6       ; Clock enable               ; no     ; --                   ; --               ; --                        ;
; system:Nios_system|system_jtag_uart_0:jtag_uart_0|system_jtag_uart_0_scfifo_w:the_system_jtag_uart_0_scfifo_w|scfifo:wfifo|scfifo_1n21:auto_generated|a_dpfifo_8t21:dpfifo|a_fefifo_7cf:fifo_state|_~0                                                                                                                                     ; LCCOMB_X36_Y21_N24 ; 6       ; Clock enable               ; no     ; --                   ; --               ; --                        ;
; system:Nios_system|system_jtag_uart_0:jtag_uart_0|wr_rfifo                                                                                                                                                                                                                                                                                 ; LCCOMB_X34_Y21_N24 ; 13      ; Clock enable, Write enable ; no     ; --                   ; --               ; --                        ;
; system:Nios_system|system_nios2_qsys_0:nios2_qsys_0|D_iw[4]                                                                                                                                                                                                                                                                                ; LCFF_X29_Y23_N19   ; 39      ; Sync. load                 ; no     ; --                   ; --               ; --                        ;
; system:Nios_system|system_nios2_qsys_0:nios2_qsys_0|E_alu_result~28                                                                                                                                                                                                                                                                        ; LCCOMB_X31_Y27_N8  ; 48      ; Sync. clear                ; no     ; --                   ; --               ; --                        ;
; system:Nios_system|system_nios2_qsys_0:nios2_qsys_0|E_new_inst                                                                                                                                                                                                                                                                             ; LCFF_X30_Y26_N19   ; 41      ; Sync. load                 ; no     ; --                   ; --               ; --                        ;
; system:Nios_system|system_nios2_qsys_0:nios2_qsys_0|E_valid                                                                                                                                                                                                                                                                                ; LCFF_X32_Y26_N9    ; 26      ; Clock enable               ; no     ; --                   ; --               ; --                        ;
; system:Nios_system|system_nios2_qsys_0:nios2_qsys_0|F_pc_sel_nxt.10~0                                                                                                                                                                                                                                                                      ; LCCOMB_X32_Y28_N12 ; 14      ; Sync. load                 ; no     ; --                   ; --               ; --                        ;
; system:Nios_system|system_nios2_qsys_0:nios2_qsys_0|F_valid~0                                                                                                                                                                                                                                                                              ; LCCOMB_X28_Y25_N16 ; 34      ; Clock enable               ; no     ; --                   ; --               ; --                        ;
; system:Nios_system|system_nios2_qsys_0:nios2_qsys_0|R_ctrl_hi_imm16                                                                                                                                                                                                                                                                        ; LCFF_X33_Y26_N15   ; 17      ; Sync. load                 ; no     ; --                   ; --               ; --                        ;
; system:Nios_system|system_nios2_qsys_0:nios2_qsys_0|R_ctrl_shift_rot                                                                                                                                                                                                                                                                       ; LCFF_X30_Y28_N21   ; 20      ; Sync. load                 ; no     ; --                   ; --               ; --                        ;
; system:Nios_system|system_nios2_qsys_0:nios2_qsys_0|R_src1~35                                                                                                                                                                                                                                                                              ; LCCOMB_X32_Y26_N20 ; 32      ; Sync. load                 ; no     ; --                   ; --               ; --                        ;
; system:Nios_system|system_nios2_qsys_0:nios2_qsys_0|R_src2_hi~0                                                                                                                                                                                                                                                                            ; LCCOMB_X34_Y26_N30 ; 15      ; Sync. clear                ; no     ; --                   ; --               ; --                        ;
; system:Nios_system|system_nios2_qsys_0:nios2_qsys_0|W_ienable_reg_nxt~1                                                                                                                                                                                                                                                                    ; LCCOMB_X29_Y29_N14 ; 2       ; Clock enable               ; no     ; --                   ; --               ; --                        ;
; system:Nios_system|system_nios2_qsys_0:nios2_qsys_0|W_rf_wren                                                                                                                                                                                                                                                                              ; LCCOMB_X32_Y30_N20 ; 2       ; Write enable               ; no     ; --                   ; --               ; --                        ;
; system:Nios_system|system_nios2_qsys_0:nios2_qsys_0|W_status_reg_pie_inst_nxt~0                                                                                                                                                                                                                                                            ; LCCOMB_X32_Y28_N4  ; 11      ; Sync. clear                ; no     ; --                   ; --               ; --                        ;
; system:Nios_system|system_nios2_qsys_0:nios2_qsys_0|W_valid                                                                                                                                                                                                                                                                                ; LCFF_X32_Y26_N11   ; 18      ; Clock enable               ; no     ; --                   ; --               ; --                        ;
; system:Nios_system|system_nios2_qsys_0:nios2_qsys_0|av_ld_byte0_data[7]~0                                                                                                                                                                                                                                                                  ; LCCOMB_X30_Y27_N10 ; 8       ; Clock enable               ; no     ; --                   ; --               ; --                        ;
; system:Nios_system|system_nios2_qsys_0:nios2_qsys_0|av_ld_byte1_data_en~2                                                                                                                                                                                                                                                                  ; LCCOMB_X30_Y27_N14 ; 8       ; Clock enable               ; no     ; --                   ; --               ; --                        ;
; system:Nios_system|system_nios2_qsys_0:nios2_qsys_0|av_ld_rshift8~1                                                                                                                                                                                                                                                                        ; LCCOMB_X30_Y27_N8  ; 24      ; Clock enable, Sync. load   ; no     ; --                   ; --               ; --                        ;
; system:Nios_system|system_nios2_qsys_0:nios2_qsys_0|system_nios2_qsys_0_nios2_oci:the_system_nios2_qsys_0_nios2_oci|address[8]                                                                                                                                                                                                             ; LCFF_X27_Y25_N9    ; 36      ; Sync. load                 ; no     ; --                   ; --               ; --                        ;
; system:Nios_system|system_nios2_qsys_0:nios2_qsys_0|system_nios2_qsys_0_nios2_oci:the_system_nios2_qsys_0_nios2_oci|system_nios2_qsys_0_jtag_debug_module_wrapper:the_system_nios2_qsys_0_jtag_debug_module_wrapper|sld_virtual_jtag_basic:system_nios2_qsys_0_jtag_debug_module_phy|virtual_state_sdr~0                                   ; LCCOMB_X23_Y21_N4  ; 39      ; Sync. load                 ; no     ; --                   ; --               ; --                        ;
; system:Nios_system|system_nios2_qsys_0:nios2_qsys_0|system_nios2_qsys_0_nios2_oci:the_system_nios2_qsys_0_nios2_oci|system_nios2_qsys_0_jtag_debug_module_wrapper:the_system_nios2_qsys_0_jtag_debug_module_wrapper|sld_virtual_jtag_basic:system_nios2_qsys_0_jtag_debug_module_phy|virtual_state_uir~0                                   ; LCCOMB_X21_Y21_N16 ; 4       ; Clock enable               ; no     ; --                   ; --               ; --                        ;
; system:Nios_system|system_nios2_qsys_0:nios2_qsys_0|system_nios2_qsys_0_nios2_oci:the_system_nios2_qsys_0_nios2_oci|system_nios2_qsys_0_jtag_debug_module_wrapper:the_system_nios2_qsys_0_jtag_debug_module_wrapper|system_nios2_qsys_0_jtag_debug_module_sysclk:the_system_nios2_qsys_0_jtag_debug_module_sysclk|jxuir                    ; LCFF_X21_Y21_N3    ; 2       ; Clock enable               ; no     ; --                   ; --               ; --                        ;
; system:Nios_system|system_nios2_qsys_0:nios2_qsys_0|system_nios2_qsys_0_nios2_oci:the_system_nios2_qsys_0_nios2_oci|system_nios2_qsys_0_jtag_debug_module_wrapper:the_system_nios2_qsys_0_jtag_debug_module_wrapper|system_nios2_qsys_0_jtag_debug_module_sysclk:the_system_nios2_qsys_0_jtag_debug_module_sysclk|take_action_ocimem_a     ; LCCOMB_X20_Y25_N6  ; 4       ; Clock enable, Sync. load   ; no     ; --                   ; --               ; --                        ;
; system:Nios_system|system_nios2_qsys_0:nios2_qsys_0|system_nios2_qsys_0_nios2_oci:the_system_nios2_qsys_0_nios2_oci|system_nios2_qsys_0_jtag_debug_module_wrapper:the_system_nios2_qsys_0_jtag_debug_module_wrapper|system_nios2_qsys_0_jtag_debug_module_sysclk:the_system_nios2_qsys_0_jtag_debug_module_sysclk|take_action_ocimem_a~0   ; LCCOMB_X21_Y21_N30 ; 18      ; Clock enable               ; no     ; --                   ; --               ; --                        ;
; system:Nios_system|system_nios2_qsys_0:nios2_qsys_0|system_nios2_qsys_0_nios2_oci:the_system_nios2_qsys_0_nios2_oci|system_nios2_qsys_0_jtag_debug_module_wrapper:the_system_nios2_qsys_0_jtag_debug_module_wrapper|system_nios2_qsys_0_jtag_debug_module_sysclk:the_system_nios2_qsys_0_jtag_debug_module_sysclk|take_action_ocimem_a~1   ; LCCOMB_X21_Y21_N20 ; 10      ; Clock enable               ; no     ; --                   ; --               ; --                        ;
; system:Nios_system|system_nios2_qsys_0:nios2_qsys_0|system_nios2_qsys_0_nios2_oci:the_system_nios2_qsys_0_nios2_oci|system_nios2_qsys_0_jtag_debug_module_wrapper:the_system_nios2_qsys_0_jtag_debug_module_wrapper|system_nios2_qsys_0_jtag_debug_module_sysclk:the_system_nios2_qsys_0_jtag_debug_module_sysclk|take_action_ocimem_b     ; LCCOMB_X21_Y21_N28 ; 37      ; Sync. load                 ; no     ; --                   ; --               ; --                        ;
; system:Nios_system|system_nios2_qsys_0:nios2_qsys_0|system_nios2_qsys_0_nios2_oci:the_system_nios2_qsys_0_nios2_oci|system_nios2_qsys_0_jtag_debug_module_wrapper:the_system_nios2_qsys_0_jtag_debug_module_wrapper|system_nios2_qsys_0_jtag_debug_module_sysclk:the_system_nios2_qsys_0_jtag_debug_module_sysclk|take_no_action_break_a~0 ; LCCOMB_X21_Y21_N10 ; 64      ; Clock enable               ; no     ; --                   ; --               ; --                        ;
; system:Nios_system|system_nios2_qsys_0:nios2_qsys_0|system_nios2_qsys_0_nios2_oci:the_system_nios2_qsys_0_nios2_oci|system_nios2_qsys_0_jtag_debug_module_wrapper:the_system_nios2_qsys_0_jtag_debug_module_wrapper|system_nios2_qsys_0_jtag_debug_module_sysclk:the_system_nios2_qsys_0_jtag_debug_module_sysclk|update_jdo_strobe        ; LCFF_X21_Y21_N9    ; 39      ; Clock enable               ; no     ; --                   ; --               ; --                        ;
; system:Nios_system|system_nios2_qsys_0:nios2_qsys_0|system_nios2_qsys_0_nios2_oci:the_system_nios2_qsys_0_nios2_oci|system_nios2_qsys_0_jtag_debug_module_wrapper:the_system_nios2_qsys_0_jtag_debug_module_wrapper|system_nios2_qsys_0_jtag_debug_module_tck:the_system_nios2_qsys_0_jtag_debug_module_tck|sr[14]~13                      ; LCCOMB_X23_Y21_N0  ; 13      ; Clock enable               ; no     ; --                   ; --               ; --                        ;
; system:Nios_system|system_nios2_qsys_0:nios2_qsys_0|system_nios2_qsys_0_nios2_oci:the_system_nios2_qsys_0_nios2_oci|system_nios2_qsys_0_jtag_debug_module_wrapper:the_system_nios2_qsys_0_jtag_debug_module_wrapper|system_nios2_qsys_0_jtag_debug_module_tck:the_system_nios2_qsys_0_jtag_debug_module_tck|sr[34]~31                      ; LCCOMB_X20_Y21_N26 ; 18      ; Clock enable               ; no     ; --                   ; --               ; --                        ;
; system:Nios_system|system_nios2_qsys_0:nios2_qsys_0|system_nios2_qsys_0_nios2_oci:the_system_nios2_qsys_0_nios2_oci|system_nios2_qsys_0_jtag_debug_module_wrapper:the_system_nios2_qsys_0_jtag_debug_module_wrapper|system_nios2_qsys_0_jtag_debug_module_tck:the_system_nios2_qsys_0_jtag_debug_module_tck|sr[36]~21                      ; LCCOMB_X20_Y21_N4  ; 2       ; Clock enable               ; no     ; --                   ; --               ; --                        ;
; system:Nios_system|system_nios2_qsys_0:nios2_qsys_0|system_nios2_qsys_0_nios2_oci:the_system_nios2_qsys_0_nios2_oci|system_nios2_qsys_0_nios2_avalon_reg:the_system_nios2_qsys_0_nios2_avalon_reg|take_action_oci_intr_mask_reg~0                                                                                                          ; LCCOMB_X23_Y26_N30 ; 3       ; Clock enable               ; no     ; --                   ; --               ; --                        ;
; system:Nios_system|system_nios2_qsys_0:nios2_qsys_0|system_nios2_qsys_0_nios2_oci:the_system_nios2_qsys_0_nios2_oci|system_nios2_qsys_0_nios2_ocimem:the_system_nios2_qsys_0_nios2_ocimem|MonDReg[0]~8                                                                                                                                     ; LCCOMB_X22_Y25_N0  ; 31      ; Clock enable               ; no     ; --                   ; --               ; --                        ;
; system:Nios_system|system_nios2_qsys_0:nios2_qsys_0|system_nios2_qsys_0_nios2_oci:the_system_nios2_qsys_0_nios2_oci|system_nios2_qsys_0_nios2_ocimem:the_system_nios2_qsys_0_nios2_ocimem|ociram_wr_en                                                                                                                                     ; LCCOMB_X23_Y26_N0  ; 2       ; Write enable               ; no     ; --                   ; --               ; --                        ;
; system:Nios_system|system_onchip_memory2_0:onchip_memory2_0|altsyncram:the_altsyncram|altsyncram_gsc1:auto_generated|decode_1oa:decode3|eq_node[0]                                                                                                                                                                                         ; LCCOMB_X29_Y25_N28 ; 32      ; Write enable               ; no     ; --                   ; --               ; --                        ;
; system:Nios_system|system_onchip_memory2_0:onchip_memory2_0|altsyncram:the_altsyncram|altsyncram_gsc1:auto_generated|decode_1oa:decode3|eq_node[1]~0                                                                                                                                                                                       ; LCCOMB_X29_Y25_N18 ; 32      ; Write enable               ; no     ; --                   ; --               ; --                        ;
; system:Nios_system|system_onchip_memory2_0:onchip_memory2_0|altsyncram:the_altsyncram|altsyncram_gsc1:auto_generated|decode_1oa:deep_decode|eq_node[0]                                                                                                                                                                                     ; LCCOMB_X32_Y24_N28 ; 32      ; Clock enable               ; no     ; --                   ; --               ; --                        ;
; system:Nios_system|system_onchip_memory2_0:onchip_memory2_0|altsyncram:the_altsyncram|altsyncram_gsc1:auto_generated|decode_1oa:deep_decode|eq_node[1]                                                                                                                                                                                     ; LCCOMB_X32_Y24_N20 ; 32      ; Clock enable               ; no     ; --                   ; --               ; --                        ;
; system:Nios_system|system_onchip_memory2_1:onchip_memory2_1|wren~0                                                                                                                                                                                                                                                                         ; LCCOMB_X31_Y23_N6  ; 8       ; Write enable               ; no     ; --                   ; --               ; --                        ;
+--------------------------------------------------------------------------------------------------------------------------------------------------------------------------------------------------------------------------------------------------------------------------------------------------------------------------------------------+--------------------+---------+----------------------------+--------+----------------------+------------------+---------------------------+


+----------------------------------------------------------------------------------------------------------------------------------------------------------------------------------------------------------------------------+
; Global & Other Fast Signals                                                                                                                                                                                                ;
+-----------------------------------------------------------------------------------------------------------------------+--------------------+---------+----------------------+------------------+---------------------------+
; Name                                                                                                                  ; Location           ; Fan-Out ; Global Resource Used ; Global Line Name ; Enable Signal Source Name ;
+-----------------------------------------------------------------------------------------------------------------------+--------------------+---------+----------------------+------------------+---------------------------+
; CLOCK_50                                                                                                              ; PIN_N2             ; 2223    ; Global Clock         ; GCLK2            ; --                        ;
; altera_internal_jtag~TCKUTAP                                                                                          ; JTAG_X1_Y19_N0     ; 895     ; Global Clock         ; GCLK1            ; --                        ;
; sld_hub:auto_hub|sld_jtag_hub:\jtag_hub_gen:sld_jtag_hub_inst|clr_reg                                                 ; LCFF_X33_Y22_N27   ; 102     ; Global Clock         ; GCLK8            ; --                        ;
; sld_hub:auto_hub|sld_jtag_hub:\jtag_hub_gen:sld_jtag_hub_inst|sld_shadow_jsm:shadow_jsm|state[0]                      ; LCFF_X34_Y22_N11   ; 12      ; Global Clock         ; GCLK9            ; --                        ;
; sld_signaltap:auto_signaltap_0|sld_signaltap_impl:sld_signaltap_body|sld_signaltap_implb:sld_signaltap_body|reset_all ; LCFF_X32_Y19_N27   ; 655     ; Global Clock         ; GCLK15           ; --                        ;
; system:Nios_system|altera_reset_controller:rst_controller_001|r_sync_rst                                              ; LCFF_X22_Y21_N17   ; 19      ; Global Clock         ; GCLK0            ; --                        ;
; system:Nios_system|altera_reset_controller:rst_controller|merged_reset~0                                              ; LCCOMB_X22_Y21_N10 ; 3       ; Global Clock         ; GCLK3            ; --                        ;
; system:Nios_system|altera_reset_controller:rst_controller|r_sync_rst                                                  ; LCFF_X32_Y24_N9    ; 522     ; Global Clock         ; GCLK11           ; --                        ;
; system:Nios_system|system_dma_0:dma_0|reset_n                                                                         ; LCFF_X29_Y23_N27   ; 156     ; Global Clock         ; GCLK10           ; --                        ;
+-----------------------------------------------------------------------------------------------------------------------+--------------------+---------+----------------------+------------------+---------------------------+


+------------------------------------------------------------------------------------------------------------------------------------------------------------------------------------------------------------------------------------------------------------------------------------------------------------------------------------------------------+
; Non-Global High Fan-Out Signals                                                                                                                                                                                                                                                                                                                      ;
+--------------------------------------------------------------------------------------------------------------------------------------------------------------------------------------------------------------------------------------------------------------------------------------------------------------------------------------------+---------+
; Name                                                                                                                                                                                                                                                                                                                                       ; Fan-Out ;
+--------------------------------------------------------------------------------------------------------------------------------------------------------------------------------------------------------------------------------------------------------------------------------------------------------------------------------------------+---------+
; sld_signaltap:auto_signaltap_0|sld_signaltap_impl:sld_signaltap_body|sld_signaltap_implb:sld_signaltap_body|trigger_setup_ena                                                                                                                                                                                                              ; 452     ;
; QIC_SIGNALTAP_GND                                                                                                                                                                                                                                                                                                                          ; 428     ;
; sld_signaltap:auto_signaltap_0|sld_signaltap_impl:sld_signaltap_body|sld_signaltap_implb:sld_signaltap_body|sld_offload_buffer_mgr:\stp_non_zero_depth_offload_gen:stp_offload_buff_mgr_inst|ram_shift_load~1                                                                                                                              ; 109     ;
; sld_hub:auto_hub|sld_jtag_hub:\jtag_hub_gen:sld_jtag_hub_inst|sld_shadow_jsm:shadow_jsm|state[3]                                                                                                                                                                                                                                           ; 72      ;
; system:Nios_system|system_cmd_xbar_mux_002:cmd_xbar_mux_002|src_data[49]                                                                                                                                                                                                                                                                   ; 64      ;
; system:Nios_system|system_cmd_xbar_mux_002:cmd_xbar_mux_002|src_data[48]                                                                                                                                                                                                                                                                   ; 64      ;
; system:Nios_system|system_cmd_xbar_mux_002:cmd_xbar_mux_002|src_data[47]                                                                                                                                                                                                                                                                   ; 64      ;
; system:Nios_system|system_cmd_xbar_mux_002:cmd_xbar_mux_002|src_data[46]                                                                                                                                                                                                                                                                   ; 64      ;
; system:Nios_system|system_cmd_xbar_mux_002:cmd_xbar_mux_002|src_data[45]                                                                                                                                                                                                                                                                   ; 64      ;
; system:Nios_system|system_cmd_xbar_mux_002:cmd_xbar_mux_002|src_data[44]                                                                                                                                                                                                                                                                   ; 64      ;
; system:Nios_system|system_cmd_xbar_mux_002:cmd_xbar_mux_002|src_data[43]                                                                                                                                                                                                                                                                   ; 64      ;
; system:Nios_system|system_cmd_xbar_mux_002:cmd_xbar_mux_002|src_data[42]                                                                                                                                                                                                                                                                   ; 64      ;
; system:Nios_system|system_cmd_xbar_mux_002:cmd_xbar_mux_002|src_data[41]                                                                                                                                                                                                                                                                   ; 64      ;
; system:Nios_system|system_cmd_xbar_mux_002:cmd_xbar_mux_002|src_data[40]                                                                                                                                                                                                                                                                   ; 64      ;
; system:Nios_system|system_cmd_xbar_mux_002:cmd_xbar_mux_002|src_data[39]                                                                                                                                                                                                                                                                   ; 64      ;
; system:Nios_system|system_cmd_xbar_mux_002:cmd_xbar_mux_002|src_data[38]                                                                                                                                                                                                                                                                   ; 64      ;
; system:Nios_system|system_nios2_qsys_0:nios2_qsys_0|system_nios2_qsys_0_nios2_oci:the_system_nios2_qsys_0_nios2_oci|system_nios2_qsys_0_jtag_debug_module_wrapper:the_system_nios2_qsys_0_jtag_debug_module_wrapper|system_nios2_qsys_0_jtag_debug_module_sysclk:the_system_nios2_qsys_0_jtag_debug_module_sysclk|take_no_action_break_a~0 ; 64      ;
; sld_hub:auto_hub|sld_jtag_hub:\jtag_hub_gen:sld_jtag_hub_inst|sld_shadow_jsm:shadow_jsm|state[4]                                                                                                                                                                                                                                           ; 59      ;
; system:Nios_system|system_cmd_xbar_mux_002:cmd_xbar_mux_002|saved_grant[1]                                                                                                                                                                                                                                                                 ; 55      ;
; system:Nios_system|system_cmd_xbar_mux_003:cmd_xbar_mux_003|saved_grant[0]                                                                                                                                                                                                                                                                 ; 52      ;
; system:Nios_system|system_cmd_xbar_mux:cmd_xbar_mux|saved_grant[1]                                                                                                                                                                                                                                                                         ; 52      ;
; system:Nios_system|system_nios2_qsys_0:nios2_qsys_0|E_alu_result~28                                                                                                                                                                                                                                                                        ; 48      ;
; system:Nios_system|system_cmd_xbar_mux_002:cmd_xbar_mux_002|saved_grant[3]                                                                                                                                                                                                                                                                 ; 47      ;
; system:Nios_system|system_nios2_qsys_0:nios2_qsys_0|system_nios2_qsys_0_nios2_oci:the_system_nios2_qsys_0_nios2_oci|system_nios2_qsys_0_nios2_ocimem:the_system_nios2_qsys_0_nios2_ocimem|jtag_ram_access                                                                                                                                  ; 46      ;
; system:Nios_system|system_cmd_xbar_mux_003:cmd_xbar_mux_003|saved_grant[2]                                                                                                                                                                                                                                                                 ; 44      ;
; sld_hub:auto_hub|sld_jtag_hub:\jtag_hub_gen:sld_jtag_hub_inst|irf_reg[1][1]                                                                                                                                                                                                                                                                ; 42      ;
; system:Nios_system|system_dma_0:dma_0|system_dma_0_fifo_module:the_system_dma_0_fifo_module|last_write_collision                                                                                                                                                                                                                           ; 41      ;
; system:Nios_system|system_nios2_qsys_0:nios2_qsys_0|E_new_inst                                                                                                                                                                                                                                                                             ; 41      ;
; sld_hub:auto_hub|sld_jtag_hub:\jtag_hub_gen:sld_jtag_hub_inst|virtual_ir_scan_reg                                                                                                                                                                                                                                                          ; 40      ;
; system:Nios_system|system_dma_0:dma_0|control[2]                                                                                                                                                                                                                                                                                           ; 40      ;
; system:Nios_system|system_nios2_qsys_0:nios2_qsys_0|D_iw[4]                                                                                                                                                                                                                                                                                ; 39      ;
; system:Nios_system|system_nios2_qsys_0:nios2_qsys_0|system_nios2_qsys_0_nios2_oci:the_system_nios2_qsys_0_nios2_oci|system_nios2_qsys_0_jtag_debug_module_wrapper:the_system_nios2_qsys_0_jtag_debug_module_wrapper|system_nios2_qsys_0_jtag_debug_module_sysclk:the_system_nios2_qsys_0_jtag_debug_module_sysclk|update_jdo_strobe        ; 39      ;
; system:Nios_system|system_nios2_qsys_0:nios2_qsys_0|system_nios2_qsys_0_nios2_oci:the_system_nios2_qsys_0_nios2_oci|system_nios2_qsys_0_jtag_debug_module_wrapper:the_system_nios2_qsys_0_jtag_debug_module_wrapper|sld_virtual_jtag_basic:system_nios2_qsys_0_jtag_debug_module_phy|virtual_state_sdr~0                                   ; 39      ;
; sld_hub:auto_hub|sld_jtag_hub:\jtag_hub_gen:sld_jtag_hub_inst|hub_mode_reg[1]                                                                                                                                                                                                                                                              ; 37      ;
; system:Nios_system|system_dma_0:dma_0|p1_length~0                                                                                                                                                                                                                                                                                          ; 37      ;
; system:Nios_system|system_dma_0:dma_0|control[1]                                                                                                                                                                                                                                                                                           ; 37      ;
; system:Nios_system|system_nios2_qsys_0:nios2_qsys_0|av_ld_aligning_data                                                                                                                                                                                                                                                                    ; 37      ;
; system:Nios_system|system_nios2_qsys_0:nios2_qsys_0|system_nios2_qsys_0_nios2_oci:the_system_nios2_qsys_0_nios2_oci|system_nios2_qsys_0_jtag_debug_module_wrapper:the_system_nios2_qsys_0_jtag_debug_module_wrapper|system_nios2_qsys_0_jtag_debug_module_sysclk:the_system_nios2_qsys_0_jtag_debug_module_sysclk|take_action_ocimem_b     ; 37      ;
; system:Nios_system|system_nios2_qsys_0:nios2_qsys_0|system_nios2_qsys_0_nios2_oci:the_system_nios2_qsys_0_nios2_oci|address[8]                                                                                                                                                                                                             ; 36      ;
; system:Nios_system|system_nios2_qsys_0:nios2_qsys_0|R_ctrl_ld                                                                                                                                                                                                                                                                              ; 35      ;
; system:Nios_system|system_rsp_xbar_demux_002:rsp_xbar_demux_002|src2_valid~0                                                                                                                                                                                                                                                               ; 34      ;
; system:Nios_system|system_cmd_xbar_demux:rsp_xbar_demux_003|src1_valid~0                                                                                                                                                                                                                                                                   ; 34      ;
; system:Nios_system|system_nios2_qsys_0:nios2_qsys_0|F_valid~0                                                                                                                                                                                                                                                                              ; 34      ;
; system:Nios_system|system_rsp_xbar_demux_002:rsp_xbar_demux_002|src0_valid~0                                                                                                                                                                                                                                                               ; 34      ;
; system:Nios_system|system_dma_0:dma_0|system_dma_0_fifo_module:the_system_dma_0_fifo_module|write_collision~2                                                                                                                                                                                                                              ; 33      ;
; system:Nios_system|system_nios2_qsys_0:nios2_qsys_0|system_nios2_qsys_0_nios2_oci:the_system_nios2_qsys_0_nios2_oci|system_nios2_qsys_0_nios2_avalon_reg:the_system_nios2_qsys_0_nios2_avalon_reg|Equal1~0                                                                                                                                 ; 33      ;
; system:Nios_system|system_nios2_qsys_0:nios2_qsys_0|R_logic_op[0]                                                                                                                                                                                                                                                                          ; 33      ;
; system:Nios_system|system_nios2_qsys_0:nios2_qsys_0|R_logic_op[1]                                                                                                                                                                                                                                                                          ; 33      ;
; system:Nios_system|system_cmd_xbar_demux_003:rsp_xbar_demux|src1_valid~0                                                                                                                                                                                                                                                                   ; 33      ;
; system:Nios_system|system_nios2_qsys_0:nios2_qsys_0|system_nios2_qsys_0_nios2_oci:the_system_nios2_qsys_0_nios2_oci|system_nios2_qsys_0_nios2_ocimem:the_system_nios2_qsys_0_nios2_ocimem|jtag_ram_rd_d1                                                                                                                                   ; 33      ;
; system:Nios_system|system_nios2_qsys_0:nios2_qsys_0|R_ctrl_shift_rot_right                                                                                                                                                                                                                                                                 ; 32      ;
; system:Nios_system|system_nios2_qsys_0:nios2_qsys_0|R_src1~35                                                                                                                                                                                                                                                                              ; 32      ;
; system:Nios_system|system_nios2_qsys_0:nios2_qsys_0|R_src2_use_imm                                                                                                                                                                                                                                                                         ; 32      ;
; system:Nios_system|system_onchip_memory2_0:onchip_memory2_0|altsyncram:the_altsyncram|altsyncram_gsc1:auto_generated|decode_1oa:deep_decode|eq_node[0]                                                                                                                                                                                     ; 32      ;
; system:Nios_system|system_onchip_memory2_0:onchip_memory2_0|altsyncram:the_altsyncram|altsyncram_gsc1:auto_generated|decode_1oa:decode3|eq_node[0]                                                                                                                                                                                         ; 32      ;
; system:Nios_system|system_onchip_memory2_0:onchip_memory2_0|altsyncram:the_altsyncram|altsyncram_gsc1:auto_generated|decode_1oa:deep_decode|eq_node[1]                                                                                                                                                                                     ; 32      ;
; system:Nios_system|system_onchip_memory2_0:onchip_memory2_0|altsyncram:the_altsyncram|altsyncram_gsc1:auto_generated|decode_1oa:decode3|eq_node[1]~0                                                                                                                                                                                       ; 32      ;
; system:Nios_system|system_onchip_memory2_0:onchip_memory2_0|altsyncram:the_altsyncram|altsyncram_gsc1:auto_generated|address_reg_a[0]                                                                                                                                                                                                      ; 32      ;
; system:Nios_system|system_nios2_qsys_0:nios2_qsys_0|system_nios2_qsys_0_nios2_oci:the_system_nios2_qsys_0_nios2_oci|system_nios2_qsys_0_jtag_debug_module_wrapper:the_system_nios2_qsys_0_jtag_debug_module_wrapper|system_nios2_qsys_0_jtag_debug_module_sysclk:the_system_nios2_qsys_0_jtag_debug_module_sysclk|jdo[36]                  ; 32      ;
; system:Nios_system|system_nios2_qsys_0:nios2_qsys_0|system_nios2_qsys_0_nios2_oci:the_system_nios2_qsys_0_nios2_oci|system_nios2_qsys_0_jtag_debug_module_wrapper:the_system_nios2_qsys_0_jtag_debug_module_wrapper|system_nios2_qsys_0_jtag_debug_module_sysclk:the_system_nios2_qsys_0_jtag_debug_module_sysclk|jdo[37]                  ; 32      ;
; system:Nios_system|system_nios2_qsys_0:nios2_qsys_0|system_nios2_qsys_0_nios2_oci:the_system_nios2_qsys_0_nios2_oci|system_nios2_qsys_0_nios2_ocimem:the_system_nios2_qsys_0_nios2_ocimem|MonDReg[0]~8                                                                                                                                     ; 31      ;
; system:Nios_system|system_nios2_qsys_0:nios2_qsys_0|system_nios2_qsys_0_nios2_oci:the_system_nios2_qsys_0_nios2_oci|system_nios2_qsys_0_nios2_avalon_reg:the_system_nios2_qsys_0_nios2_avalon_reg|oci_ienable[20]                                                                                                                          ; 30      ;
; system:Nios_system|system_dma_0:dma_0|control[0]                                                                                                                                                                                                                                                                                           ; 30      ;
; system:Nios_system|system_nios2_qsys_0:nios2_qsys_0|W_alu_result[20]~17                                                                                                                                                                                                                                                                    ; 29      ;
; system:Nios_system|system_nios2_qsys_0:nios2_qsys_0|D_iw[25]~1                                                                                                                                                                                                                                                                             ; 29      ;
; sld_signaltap:auto_signaltap_0|sld_signaltap_impl:sld_signaltap_body|sld_signaltap_implb:sld_signaltap_body|buffer_write_enable_delayed                                                                                                                                                                                                    ; 27      ;
; system:Nios_system|system_cmd_xbar_demux:rsp_xbar_demux_003|src0_valid~0                                                                                                                                                                                                                                                                   ; 27      ;
; sld_signaltap:auto_signaltap_0|sld_signaltap_impl:sld_signaltap_body|sld_signaltap_implb:sld_signaltap_body|sld_buffer_manager:sld_buffer_manager_inst|process_1~0                                                                                                                                                                         ; 26      ;
; sld_hub:auto_hub|sld_jtag_hub:\jtag_hub_gen:sld_jtag_hub_inst|irf_reg[1][0]                                                                                                                                                                                                                                                                ; 26      ;
; altera_internal_jtag~TMSUTAP                                                                                                                                                                                                                                                                                                               ; 26      ;
; system:Nios_system|system_dma_0:dma_0|flush_fifo                                                                                                                                                                                                                                                                                           ; 26      ;
; system:Nios_system|system_nios2_qsys_0:nios2_qsys_0|E_valid                                                                                                                                                                                                                                                                                ; 26      ;
; sld_hub:auto_hub|sld_jtag_hub:\jtag_hub_gen:sld_jtag_hub_inst|irf_reg[3][7]                                                                                                                                                                                                                                                                ; 25      ;
; system:Nios_system|system_rsp_xbar_demux_002:rsp_xbar_demux_002|src1_valid                                                                                                                                                                                                                                                                 ; 25      ;
; altera_internal_jtag~TDIUTAP                                                                                                                                                                                                                                                                                                               ; 24      ;
; system:Nios_system|system_nios2_qsys_0:nios2_qsys_0|av_fill_bit~0                                                                                                                                                                                                                                                                          ; 24      ;
; system:Nios_system|system_nios2_qsys_0:nios2_qsys_0|av_ld_rshift8~1                                                                                                                                                                                                                                                                        ; 24      ;
; system:Nios_system|system_nios2_qsys_0:nios2_qsys_0|D_iw[15]                                                                                                                                                                                                                                                                               ; 24      ;
; system:Nios_system|system_nios2_qsys_0:nios2_qsys_0|D_iw[14]                                                                                                                                                                                                                                                                               ; 24      ;
; system:Nios_system|system_nios2_qsys_0:nios2_qsys_0|D_iw[2]                                                                                                                                                                                                                                                                                ; 24      ;
; system:Nios_system|system_cmd_xbar_demux_003:rsp_xbar_demux|src0_valid~0                                                                                                                                                                                                                                                                   ; 23      ;
; system:Nios_system|system_cmd_xbar_demux_003:rsp_xbar_demux_001|src0_valid~0                                                                                                                                                                                                                                                               ; 23      ;
; system:Nios_system|system_nios2_qsys_0:nios2_qsys_0|W_alu_result[4]                                                                                                                                                                                                                                                                        ; 23      ;
; system:Nios_system|system_nios2_qsys_0:nios2_qsys_0|W_alu_result[3]                                                                                                                                                                                                                                                                        ; 23      ;
; sld_signaltap:auto_signaltap_0|~GND                                                                                                                                                                                                                                                                                                        ; 22      ;
; system:Nios_system|system_cmd_xbar_demux_003:rsp_xbar_demux_001|src1_valid~0                                                                                                                                                                                                                                                               ; 22      ;
; system:Nios_system|system_nios2_qsys_0:nios2_qsys_0|W_alu_result[2]                                                                                                                                                                                                                                                                        ; 22      ;
; ~GND                                                                                                                                                                                                                                                                                                                                       ; 21      ;
; system:Nios_system|altera_merlin_slave_translator:dma_0_control_port_slave_translator|read_latency_shift_reg[0]                                                                                                                                                                                                                            ; 21      ;
; system:Nios_system|system_jtag_uart_0:jtag_uart_0|alt_jtag_atlantic:system_jtag_uart_0_alt_jtag_atlantic|td_shift[0]~4                                                                                                                                                                                                                     ; 21      ;
; sld_signaltap:auto_signaltap_0|sld_signaltap_impl:sld_signaltap_body|sld_signaltap_implb:sld_signaltap_body|sld_offload_buffer_mgr:\stp_non_zero_depth_offload_gen:stp_offload_buff_mgr_inst|status_ram_shift_load~0                                                                                                                       ; 20      ;
; sld_signaltap:auto_signaltap_0|sld_signaltap_impl:sld_signaltap_body|sld_signaltap_implb:sld_signaltap_body|sdr~0                                                                                                                                                                                                                          ; 20      ;
; sld_hub:auto_hub|sld_jtag_hub:\jtag_hub_gen:sld_jtag_hub_inst|irsr_reg[9]                                                                                                                                                                                                                                                                  ; 20      ;
; sld_hub:auto_hub|sld_jtag_hub:\jtag_hub_gen:sld_jtag_hub_inst|sld_shadow_jsm:shadow_jsm|state[8]                                                                                                                                                                                                                                           ; 20      ;
; system:Nios_system|system_cmd_xbar_mux_002:cmd_xbar_mux_002|saved_grant[0]                                                                                                                                                                                                                                                                 ; 20      ;
; system:Nios_system|system_nios2_qsys_0:nios2_qsys_0|R_ctrl_shift_rot                                                                                                                                                                                                                                                                       ; 20      ;
; system:Nios_system|system_nios2_qsys_0:nios2_qsys_0|D_iw[13]                                                                                                                                                                                                                                                                               ; 20      ;
; sld_signaltap:auto_signaltap_0|sld_signaltap_impl:sld_signaltap_body|sld_signaltap_implb:sld_signaltap_body|sld_buffer_manager:sld_buffer_manager_inst|modified_post_count[9]~2                                                                                                                                                            ; 19      ;
; sld_signaltap:auto_signaltap_0|sld_signaltap_impl:sld_signaltap_body|sld_signaltap_implb:sld_signaltap_body|altdpram:\stp_non_zero_ram_gen:attribute_mem_gen:attribute_mem|lpm_decode:wdecoder|decode_rqf:auto_generated|eq_node[0]~1                                                                                                      ; 19      ;
; sld_signaltap:auto_signaltap_0|sld_signaltap_impl:sld_signaltap_body|sld_signaltap_implb:sld_signaltap_body|altdpram:\stp_non_zero_ram_gen:attribute_mem_gen:attribute_mem|lpm_decode:wdecoder|decode_rqf:auto_generated|eq_node[1]~0                                                                                                      ; 19      ;
; sld_signaltap:auto_signaltap_0|sld_signaltap_impl:sld_signaltap_body|sld_signaltap_implb:sld_signaltap_body|altdpram:\stp_non_zero_ram_gen:attribute_mem_gen:attribute_mem|xraddr[0]                                                                                                                                                       ; 19      ;
; sld_hub:auto_hub|sld_jtag_hub:\jtag_hub_gen:sld_jtag_hub_inst|irsr_reg[8]                                                                                                                                                                                                                                                                  ; 19      ;
; system:Nios_system|system_dma_0:dma_0|Equal3~1                                                                                                                                                                                                                                                                                             ; 19      ;
; system:Nios_system|system_dma_0:dma_0|Equal3~0                                                                                                                                                                                                                                                                                             ; 19      ;
; system:Nios_system|system_nios2_qsys_0:nios2_qsys_0|R_ctrl_logic                                                                                                                                                                                                                                                                           ; 19      ;
; system:Nios_system|system_nios2_qsys_0:nios2_qsys_0|E_alu_sub                                                                                                                                                                                                                                                                              ; 19      ;
; system:Nios_system|system_cmd_xbar_mux:cmd_xbar_mux_001|saved_grant[1]                                                                                                                                                                                                                                                                     ; 19      ;
; system:Nios_system|system_cmd_xbar_mux:cmd_xbar_mux|saved_grant[0]                                                                                                                                                                                                                                                                         ; 19      ;
; system:Nios_system|system_nios2_qsys_0:nios2_qsys_0|D_iw[3]                                                                                                                                                                                                                                                                                ; 19      ;
; system:Nios_system|system_nios2_qsys_0:nios2_qsys_0|W_alu_result[20]~18                                                                                                                                                                                                                                                                    ; 18      ;
; system:Nios_system|system_nios2_qsys_0:nios2_qsys_0|R_ctrl_jmp_direct                                                                                                                                                                                                                                                                      ; 18      ;
; system:Nios_system|system_nios2_qsys_0:nios2_qsys_0|D_iw[21]                                                                                                                                                                                                                                                                               ; 18      ;
; system:Nios_system|system_cmd_xbar_mux_003:cmd_xbar_mux_003|saved_grant[1]                                                                                                                                                                                                                                                                 ; 18      ;
; system:Nios_system|system_cmd_xbar_mux_002:cmd_xbar_mux_002|saved_grant[2]                                                                                                                                                                                                                                                                 ; 18      ;
; system:Nios_system|system_nios2_qsys_0:nios2_qsys_0|R_ctrl_br_cmp                                                                                                                                                                                                                                                                          ; 18      ;
; system:Nios_system|system_nios2_qsys_0:nios2_qsys_0|system_nios2_qsys_0_nios2_oci:the_system_nios2_qsys_0_nios2_oci|system_nios2_qsys_0_jtag_debug_module_wrapper:the_system_nios2_qsys_0_jtag_debug_module_wrapper|system_nios2_qsys_0_jtag_debug_module_tck:the_system_nios2_qsys_0_jtag_debug_module_tck|sr[34]~31                      ; 18      ;
; system:Nios_system|system_nios2_qsys_0:nios2_qsys_0|W_valid                                                                                                                                                                                                                                                                                ; 18      ;
; system:Nios_system|system_nios2_qsys_0:nios2_qsys_0|D_iw[12]                                                                                                                                                                                                                                                                               ; 18      ;
; system:Nios_system|system_nios2_qsys_0:nios2_qsys_0|D_iw[5]                                                                                                                                                                                                                                                                                ; 18      ;
; system:Nios_system|system_nios2_qsys_0:nios2_qsys_0|D_iw[1]                                                                                                                                                                                                                                                                                ; 18      ;
; system:Nios_system|system_nios2_qsys_0:nios2_qsys_0|system_nios2_qsys_0_nios2_oci:the_system_nios2_qsys_0_nios2_oci|system_nios2_qsys_0_jtag_debug_module_wrapper:the_system_nios2_qsys_0_jtag_debug_module_wrapper|system_nios2_qsys_0_jtag_debug_module_sysclk:the_system_nios2_qsys_0_jtag_debug_module_sysclk|take_action_ocimem_a~0   ; 18      ;
; sld_signaltap:auto_signaltap_0|sld_signaltap_impl:sld_signaltap_body|sld_signaltap_implb:sld_signaltap_body|status_shift_enable~3                                                                                                                                                                                                          ; 17      ;
; sld_hub:auto_hub|sld_jtag_hub:\jtag_hub_gen:sld_jtag_hub_inst|irf_reg[3][4]                                                                                                                                                                                                                                                                ; 17      ;
; system:Nios_system|system_dma_0:dma_0|writeaddress[7]~51                                                                                                                                                                                                                                                                                   ; 17      ;
; system:Nios_system|system_dma_0:dma_0|p1_writeaddress~0                                                                                                                                                                                                                                                                                    ; 17      ;
; system:Nios_system|system_dma_0:dma_0|readaddress[6]~51                                                                                                                                                                                                                                                                                    ; 17      ;
; system:Nios_system|system_dma_0:dma_0|p1_readaddress~2                                                                                                                                                                                                                                                                                     ; 17      ;
; system:Nios_system|system_nios2_qsys_0:nios2_qsys_0|R_ctrl_hi_imm16                                                                                                                                                                                                                                                                        ; 17      ;
; system:Nios_system|system_nios2_qsys_0:nios2_qsys_0|R_ctrl_rdctl_inst                                                                                                                                                                                                                                                                      ; 17      ;
; system:Nios_system|system_nios2_qsys_0:nios2_qsys_0|D_iw[0]                                                                                                                                                                                                                                                                                ; 17      ;
; sld_hub:auto_hub|sld_jtag_hub:\jtag_hub_gen:sld_jtag_hub_inst|irsr_reg[3]~5                                                                                                                                                                                                                                                                ; 16      ;
; sld_hub:auto_hub|sld_jtag_hub:\jtag_hub_gen:sld_jtag_hub_inst|irsr_reg[0]                                                                                                                                                                                                                                                                  ; 16      ;
; system:Nios_system|system_cmd_xbar_mux_002:cmd_xbar_mux_002|src_data[35]                                                                                                                                                                                                                                                                   ; 16      ;
; system:Nios_system|system_dma_0:dma_0|writelength[14]~0                                                                                                                                                                                                                                                                                    ; 16      ;
; system:Nios_system|system_dma_0:dma_0|length[11]~0                                                                                                                                                                                                                                                                                         ; 16      ;
; system:Nios_system|system_dma_0:dma_0|p1_control~0                                                                                                                                                                                                                                                                                         ; 16      ;
; system:Nios_system|system_nios2_qsys_0:nios2_qsys_0|R_src2_lo~0                                                                                                                                                                                                                                                                            ; 16      ;
; system:Nios_system|system_cmd_xbar_mux_002:cmd_xbar_mux_002|src_data[32]                                                                                                                                                                                                                                                                   ; 16      ;
; system:Nios_system|system_cmd_xbar_mux_002:cmd_xbar_mux_002|src_data[34]                                                                                                                                                                                                                                                                   ; 16      ;
; system:Nios_system|system_jtag_uart_0:jtag_uart_0|read_0                                                                                                                                                                                                                                                                                   ; 16      ;
; system:Nios_system|system_cmd_xbar_mux_002:cmd_xbar_mux_002|src_data[33]                                                                                                                                                                                                                                                                   ; 16      ;
; system:Nios_system|system_nios2_qsys_0:nios2_qsys_0|system_nios2_qsys_0_nios2_oci:the_system_nios2_qsys_0_nios2_oci|system_nios2_qsys_0_jtag_debug_module_wrapper:the_system_nios2_qsys_0_jtag_debug_module_wrapper|system_nios2_qsys_0_jtag_debug_module_tck:the_system_nios2_qsys_0_jtag_debug_module_tck|sr~29                          ; 16      ;
; system:Nios_system|system_jtag_uart_0:jtag_uart_0|fifo_wr                                                                                                                                                                                                                                                                                  ; 16      ;
; system:Nios_system|altera_merlin_slave_translator:nios2_qsys_0_jtag_debug_module_translator|read_latency_shift_reg[0]                                                                                                                                                                                                                      ; 16      ;
; sld_signaltap:auto_signaltap_0|sld_signaltap_impl:sld_signaltap_body|sld_signaltap_implb:sld_signaltap_body|status_load_on~1                                                                                                                                                                                                               ; 15      ;
; sld_signaltap:auto_signaltap_0|sld_signaltap_impl:sld_signaltap_body|sld_signaltap_implb:sld_signaltap_body|sld_buffer_manager:sld_buffer_manager_inst|Equal0~2                                                                                                                                                                            ; 15      ;
; system:Nios_system|system_dma_0:dma_0|system_dma_0_mem_write:the_system_dma_0_mem_write|fifo_read~2                                                                                                                                                                                                                                        ; 15      ;
; system:Nios_system|system_nios2_qsys_0:nios2_qsys_0|R_src1~34                                                                                                                                                                                                                                                                              ; 15      ;
; system:Nios_system|system_nios2_qsys_0:nios2_qsys_0|R_src2_hi~0                                                                                                                                                                                                                                                                            ; 15      ;
; system:Nios_system|altera_merlin_master_agent:nios2_qsys_0_instruction_master_translator_avalon_universal_master_0_agent|hold_waitrequest                                                                                                                                                                                                  ; 15      ;
; system:Nios_system|altera_merlin_slave_translator:onchip_memory2_0_s1_translator|read_latency_shift_reg[0]                                                                                                                                                                                                                                 ; 15      ;
; system:Nios_system|system_nios2_qsys_0:nios2_qsys_0|D_iw[16]                                                                                                                                                                                                                                                                               ; 15      ;
; system:Nios_system|system_nios2_qsys_0:nios2_qsys_0|D_iw[11]                                                                                                                                                                                                                                                                               ; 15      ;
; system:Nios_system|system_nios2_qsys_0:nios2_qsys_0|system_nios2_qsys_0_nios2_oci:the_system_nios2_qsys_0_nios2_oci|system_nios2_qsys_0_jtag_debug_module_wrapper:the_system_nios2_qsys_0_jtag_debug_module_wrapper|system_nios2_qsys_0_jtag_debug_module_sysclk:the_system_nios2_qsys_0_jtag_debug_module_sysclk|jdo[34]                  ; 15      ;
; sld_signaltap:auto_signaltap_0|sld_signaltap_impl:sld_signaltap_body|sld_signaltap_implb:sld_signaltap_body|buffer_write_address_delayed[8]                                                                                                                                                                                                ; 14      ;
; sld_signaltap:auto_signaltap_0|sld_signaltap_impl:sld_signaltap_body|sld_signaltap_implb:sld_signaltap_body|buffer_write_address_delayed[7]                                                                                                                                                                                                ; 14      ;
; sld_signaltap:auto_signaltap_0|sld_signaltap_impl:sld_signaltap_body|sld_signaltap_implb:sld_signaltap_body|buffer_write_address_delayed[6]                                                                                                                                                                                                ; 14      ;
; sld_signaltap:auto_signaltap_0|sld_signaltap_impl:sld_signaltap_body|sld_signaltap_implb:sld_signaltap_body|buffer_write_address_delayed[5]                                                                                                                                                                                                ; 14      ;
; sld_signaltap:auto_signaltap_0|sld_signaltap_impl:sld_signaltap_body|sld_signaltap_implb:sld_signaltap_body|buffer_write_address_delayed[4]                                                                                                                                                                                                ; 14      ;
; sld_signaltap:auto_signaltap_0|sld_signaltap_impl:sld_signaltap_body|sld_signaltap_implb:sld_signaltap_body|buffer_write_address_delayed[3]                                                                                                                                                                                                ; 14      ;
; sld_signaltap:auto_signaltap_0|sld_signaltap_impl:sld_signaltap_body|sld_signaltap_implb:sld_signaltap_body|buffer_write_address_delayed[2]                                                                                                                                                                                                ; 14      ;
; sld_signaltap:auto_signaltap_0|sld_signaltap_impl:sld_signaltap_body|sld_signaltap_implb:sld_signaltap_body|buffer_write_address_delayed[1]                                                                                                                                                                                                ; 14      ;
; sld_signaltap:auto_signaltap_0|sld_signaltap_impl:sld_signaltap_body|sld_signaltap_implb:sld_signaltap_body|buffer_write_address_delayed[0]                                                                                                                                                                                                ; 14      ;
; sld_hub:auto_hub|sld_jtag_hub:\jtag_hub_gen:sld_jtag_hub_inst|irsr_reg[2]                                                                                                                                                                                                                                                                  ; 14      ;
; sld_hub:auto_hub|sld_jtag_hub:\jtag_hub_gen:sld_jtag_hub_inst|irsr_reg[1]                                                                                                                                                                                                                                                                  ; 14      ;
; system:Nios_system|system_jtag_uart_0:jtag_uart_0|wr_rfifo                                                                                                                                                                                                                                                                                 ; 14      ;
; system:Nios_system|system_nios2_qsys_0:nios2_qsys_0|F_pc_sel_nxt.10~0                                                                                                                                                                                                                                                                      ; 14      ;
; system:Nios_system|system_nios2_qsys_0:nios2_qsys_0|Equal2~0                                                                                                                                                                                                                                                                               ; 14      ;
; sld_signaltap:auto_signaltap_0|sld_signaltap_impl:sld_signaltap_body|sld_signaltap_implb:sld_signaltap_body|sld_offload_buffer_mgr:\stp_non_zero_depth_offload_gen:stp_offload_buff_mgr_inst|lpm_counter:read_pointer_counter|cntr_v1j:auto_generated|safe_q[8]                                                                            ; 13      ;
; sld_signaltap:auto_signaltap_0|sld_signaltap_impl:sld_signaltap_body|sld_signaltap_implb:sld_signaltap_body|sld_offload_buffer_mgr:\stp_non_zero_depth_offload_gen:stp_offload_buff_mgr_inst|lpm_counter:read_pointer_counter|cntr_v1j:auto_generated|safe_q[7]                                                                            ; 13      ;
; sld_signaltap:auto_signaltap_0|sld_signaltap_impl:sld_signaltap_body|sld_signaltap_implb:sld_signaltap_body|sld_offload_buffer_mgr:\stp_non_zero_depth_offload_gen:stp_offload_buff_mgr_inst|lpm_counter:read_pointer_counter|cntr_v1j:auto_generated|safe_q[6]                                                                            ; 13      ;
; sld_signaltap:auto_signaltap_0|sld_signaltap_impl:sld_signaltap_body|sld_signaltap_implb:sld_signaltap_body|sld_offload_buffer_mgr:\stp_non_zero_depth_offload_gen:stp_offload_buff_mgr_inst|lpm_counter:read_pointer_counter|cntr_v1j:auto_generated|safe_q[5]                                                                            ; 13      ;
; sld_signaltap:auto_signaltap_0|sld_signaltap_impl:sld_signaltap_body|sld_signaltap_implb:sld_signaltap_body|sld_offload_buffer_mgr:\stp_non_zero_depth_offload_gen:stp_offload_buff_mgr_inst|lpm_counter:read_pointer_counter|cntr_v1j:auto_generated|safe_q[4]                                                                            ; 13      ;
; sld_signaltap:auto_signaltap_0|sld_signaltap_impl:sld_signaltap_body|sld_signaltap_implb:sld_signaltap_body|sld_offload_buffer_mgr:\stp_non_zero_depth_offload_gen:stp_offload_buff_mgr_inst|lpm_counter:read_pointer_counter|cntr_v1j:auto_generated|safe_q[3]                                                                            ; 13      ;
; sld_signaltap:auto_signaltap_0|sld_signaltap_impl:sld_signaltap_body|sld_signaltap_implb:sld_signaltap_body|sld_offload_buffer_mgr:\stp_non_zero_depth_offload_gen:stp_offload_buff_mgr_inst|lpm_counter:read_pointer_counter|cntr_v1j:auto_generated|safe_q[2]                                                                            ; 13      ;
; sld_signaltap:auto_signaltap_0|sld_signaltap_impl:sld_signaltap_body|sld_signaltap_implb:sld_signaltap_body|sld_offload_buffer_mgr:\stp_non_zero_depth_offload_gen:stp_offload_buff_mgr_inst|lpm_counter:read_pointer_counter|cntr_v1j:auto_generated|safe_q[1]                                                                            ; 13      ;
; sld_signaltap:auto_signaltap_0|sld_signaltap_impl:sld_signaltap_body|sld_signaltap_implb:sld_signaltap_body|sld_offload_buffer_mgr:\stp_non_zero_depth_offload_gen:stp_offload_buff_mgr_inst|lpm_counter:read_pointer_counter|cntr_v1j:auto_generated|safe_q[0]                                                                            ; 13      ;
; system:Nios_system|system_dma_0:dma_0|Equal3~4                                                                                                                                                                                                                                                                                             ; 13      ;
; system:Nios_system|altera_avalon_sc_fifo:onchip_memory2_0_s1_translator_avalon_universal_slave_0_agent_rsp_fifo|mem_used[1]                                                                                                                                                                                                                ; 13      ;
; system:Nios_system|altera_avalon_sc_fifo:nios2_qsys_0_jtag_debug_module_translator_avalon_universal_slave_0_agent_rsp_fifo|mem[0][61]                                                                                                                                                                                                      ; 13      ;
; system:Nios_system|altera_avalon_sc_fifo:nios2_qsys_0_jtag_debug_module_translator_avalon_universal_slave_0_agent_rsp_fifo|mem[0][74]                                                                                                                                                                                                      ; 13      ;
; system:Nios_system|system_nios2_qsys_0:nios2_qsys_0|system_nios2_qsys_0_nios2_oci:the_system_nios2_qsys_0_nios2_oci|system_nios2_qsys_0_jtag_debug_module_wrapper:the_system_nios2_qsys_0_jtag_debug_module_wrapper|system_nios2_qsys_0_jtag_debug_module_tck:the_system_nios2_qsys_0_jtag_debug_module_tck|sr[14]~13                      ; 13      ;
; sld_signaltap:auto_signaltap_0|sld_signaltap_impl:sld_signaltap_body|sld_signaltap_implb:sld_signaltap_body|sld_buffer_manager:sld_buffer_manager_inst|Equal1~6                                                                                                                                                                            ; 12      ;
; sld_hub:auto_hub|sld_jtag_hub:\jtag_hub_gen:sld_jtag_hub_inst|sld_shadow_jsm:shadow_jsm|state[11]                                                                                                                                                                                                                                          ; 12      ;
; system:Nios_system|altera_merlin_slave_translator:onchip_memory2_1_s1_translator|read_latency_shift_reg[0]                                                                                                                                                                                                                                 ; 12      ;
; system:Nios_system|altera_avalon_sc_fifo:onchip_memory2_0_s1_translator_avalon_universal_slave_0_agent_rsp_fifo|mem[0][75]                                                                                                                                                                                                                 ; 12      ;
; system:Nios_system|altera_avalon_sc_fifo:onchip_memory2_0_s1_translator_avalon_universal_slave_0_agent_rsp_fifo|mem[0][74]                                                                                                                                                                                                                 ; 12      ;
; system:Nios_system|altera_avalon_sc_fifo:nios2_qsys_0_jtag_debug_module_translator_avalon_universal_slave_0_agent_rsp_fifo|mem_used[1]                                                                                                                                                                                                     ; 12      ;
; system:Nios_system|system_nios2_qsys_0:nios2_qsys_0|av_ld_rshift8~0                                                                                                                                                                                                                                                                        ; 11      ;
; system:Nios_system|system_nios2_qsys_0:nios2_qsys_0|d_writedata[3]                                                                                                                                                                                                                                                                         ; 11      ;
; system:Nios_system|system_nios2_qsys_0:nios2_qsys_0|D_iw[7]                                                                                                                                                                                                                                                                                ; 11      ;
; system:Nios_system|system_jtag_uart_0:jtag_uart_0|always2~2                                                                                                                                                                                                                                                                                ; 11      ;
; system:Nios_system|system_nios2_qsys_0:nios2_qsys_0|W_status_reg_pie_inst_nxt~0                                                                                                                                                                                                                                                            ; 11      ;
; system:Nios_system|system_jtag_uart_0:jtag_uart_0|r_val~0                                                                                                                                                                                                                                                                                  ; 11      ;
; system:Nios_system|system_jtag_uart_0:jtag_uart_0|alt_jtag_atlantic:system_jtag_uart_0_alt_jtag_atlantic|count[9]                                                                                                                                                                                                                          ; 11      ;
; sld_signaltap:auto_signaltap_0|sld_signaltap_impl:sld_signaltap_body|sld_signaltap_implb:sld_signaltap_body|sld_offload_buffer_mgr:\stp_non_zero_depth_offload_gen:stp_offload_buff_mgr_inst|acq_buf_read_reset                                                                                                                            ; 10      ;
; sld_hub:auto_hub|sld_jtag_hub:\jtag_hub_gen:sld_jtag_hub_inst|irsr_reg[4]                                                                                                                                                                                                                                                                  ; 10      ;
; sld_hub:auto_hub|sld_jtag_hub:\jtag_hub_gen:sld_jtag_hub_inst|irsr_reg[3]                                                                                                                                                                                                                                                                  ; 10      ;
; sld_hub:auto_hub|sld_jtag_hub:\jtag_hub_gen:sld_jtag_hub_inst|irf_reg[3][1]                                                                                                                                                                                                                                                                ; 10      ;
; sld_hub:auto_hub|sld_jtag_hub:\jtag_hub_gen:sld_jtag_hub_inst|irf_reg[2][0]                                                                                                                                                                                                                                                                ; 10      ;
; sld_hub:auto_hub|sld_jtag_hub:\jtag_hub_gen:sld_jtag_hub_inst|mixer_addr_reg[2]                                                                                                                                                                                                                                                            ; 10      ;
; sld_hub:auto_hub|sld_jtag_hub:\jtag_hub_gen:sld_jtag_hub_inst|mixer_addr_reg[1]                                                                                                                                                                                                                                                            ; 10      ;
; system:Nios_system|system_nios2_qsys_0:nios2_qsys_0|D_iw[6]                                                                                                                                                                                                                                                                                ; 10      ;
; system:Nios_system|system_nios2_qsys_0:nios2_qsys_0|D_iw[8]                                                                                                                                                                                                                                                                                ; 10      ;
; system:Nios_system|system_nios2_qsys_0:nios2_qsys_0|Equal133~0                                                                                                                                                                                                                                                                             ; 10      ;
; system:Nios_system|system_dma_0:dma_0|p1_readaddress~1                                                                                                                                                                                                                                                                                     ; 10      ;
; system:Nios_system|system_nios2_qsys_0:nios2_qsys_0|d_read                                                                                                                                                                                                                                                                                 ; 10      ;
; system:Nios_system|system_nios2_qsys_0:nios2_qsys_0|system_nios2_qsys_0_nios2_oci:the_system_nios2_qsys_0_nios2_oci|system_nios2_qsys_0_nios2_ocimem:the_system_nios2_qsys_0_nios2_ocimem|waitrequest                                                                                                                                      ; 10      ;
; system:Nios_system|system_nios2_qsys_0:nios2_qsys_0|R_ctrl_break                                                                                                                                                                                                                                                                           ; 10      ;
; system:Nios_system|system_nios2_qsys_0:nios2_qsys_0|system_nios2_qsys_0_nios2_oci:the_system_nios2_qsys_0_nios2_oci|system_nios2_qsys_0_jtag_debug_module_wrapper:the_system_nios2_qsys_0_jtag_debug_module_wrapper|system_nios2_qsys_0_jtag_debug_module_sysclk:the_system_nios2_qsys_0_jtag_debug_module_sysclk|take_action_ocimem_a~1   ; 10      ;
; system:Nios_system|system_dma_0:dma_0|writeaddress[1]                                                                                                                                                                                                                                                                                      ; 10      ;
; system:Nios_system|system_nios2_qsys_0:nios2_qsys_0|W_alu_result[13]                                                                                                                                                                                                                                                                       ; 10      ;
; sld_signaltap:auto_signaltap_0|sld_signaltap_impl:sld_signaltap_body|sld_signaltap_implb:sld_signaltap_body|sld_buffer_manager:sld_buffer_manager_inst|offset_count~27                                                                                                                                                                     ; 9       ;
; sld_signaltap:auto_signaltap_0|sld_signaltap_impl:sld_signaltap_body|sld_signaltap_implb:sld_signaltap_body|sld_offload_buffer_mgr:\stp_non_zero_depth_offload_gen:stp_offload_buff_mgr_inst|read_pointer_counter_clk_ena                                                                                                                  ; 9       ;
; sld_signaltap:auto_signaltap_0|sld_signaltap_impl:sld_signaltap_body|sld_signaltap_implb:sld_signaltap_body|sld_buffer_manager:sld_buffer_manager_inst|counter[9]~0                                                                                                                                                                        ; 9       ;
; sld_signaltap:auto_signaltap_0|sld_signaltap_impl:sld_signaltap_body|sld_signaltap_implb:sld_signaltap_body|sld_buffer_manager:sld_buffer_manager_inst|last_buffer_write_address_sig[0]~0                                                                                                                                                  ; 9       ;
; sld_signaltap:auto_signaltap_0|sld_signaltap_impl:sld_signaltap_body|sld_signaltap_implb:sld_signaltap_body|sld_buffer_manager:sld_buffer_manager_inst|final_trigger_set                                                                                                                                                                   ; 9       ;
; sld_signaltap:auto_signaltap_0|sld_signaltap_impl:sld_signaltap_body|sld_signaltap_implb:sld_signaltap_body|sld_rom_sr:crc_rom_sr|word_counter[0]                                                                                                                                                                                          ; 9       ;
; system:Nios_system|altera_reset_controller:rst_controller_001|r_sync_rst_dly                                                                                                                                                                                                                                                               ; 9       ;
; system:Nios_system|system_nios2_qsys_0:nios2_qsys_0|d_writedata[10]                                                                                                                                                                                                                                                                        ; 9       ;
; system:Nios_system|system_nios2_qsys_0:nios2_qsys_0|d_writedata[6]                                                                                                                                                                                                                                                                         ; 9       ;
; system:Nios_system|system_dma_0:dma_0|system_dma_0_read_data_mux:the_system_dma_0_read_data_mux|fifo_wr_data[0]~3                                                                                                                                                                                                                          ; 9       ;
; system:Nios_system|system_dma_0:dma_0|system_dma_0_fifo_module:the_system_dma_0_fifo_module|rdaddress_reg[0]                                                                                                                                                                                                                               ; 9       ;
; system:Nios_system|system_nios2_qsys_0:nios2_qsys_0|d_writedata[12]                                                                                                                                                                                                                                                                        ; 9       ;
; system:Nios_system|system_nios2_qsys_0:nios2_qsys_0|d_writedata[2]                                                                                                                                                                                                                                                                         ; 9       ;
; system:Nios_system|system_nios2_qsys_0:nios2_qsys_0|d_writedata[5]                                                                                                                                                                                                                                                                         ; 9       ;
; system:Nios_system|system_nios2_qsys_0:nios2_qsys_0|d_writedata[4]                                                                                                                                                                                                                                                                         ; 9       ;
; system:Nios_system|system_dma_0:dma_0|system_dma_0_mem_read:the_system_dma_0_mem_read|read_select                                                                                                                                                                                                                                          ; 9       ;
; system:Nios_system|system_nios2_qsys_0:nios2_qsys_0|R_ctrl_exception                                                                                                                                                                                                                                                                       ; 9       ;
; system:Nios_system|system_nios2_qsys_0:nios2_qsys_0|d_writedata[1]                                                                                                                                                                                                                                                                         ; 9       ;
; system:Nios_system|system_nios2_qsys_0:nios2_qsys_0|d_writedata[7]                                                                                                                                                                                                                                                                         ; 9       ;
; system:Nios_system|altera_avalon_sc_fifo:jtag_uart_0_avalon_jtag_slave_translator_avalon_universal_slave_0_agent_rsp_fifo|mem_used[1]                                                                                                                                                                                                      ; 9       ;
; system:Nios_system|altera_avalon_sc_fifo:onchip_memory2_1_s1_translator_avalon_universal_slave_0_agent_rsp_fifo|mem_used[1]                                                                                                                                                                                                                ; 9       ;
; system:Nios_system|altera_avalon_sc_fifo:onchip_memory2_1_s1_translator_avalon_universal_slave_0_agent_rsp_fifo|mem[0][75]                                                                                                                                                                                                                 ; 9       ;
; system:Nios_system|system_nios2_qsys_0:nios2_qsys_0|d_writedata[0]                                                                                                                                                                                                                                                                         ; 9       ;
; system:Nios_system|altera_merlin_master_agent:nios2_qsys_0_data_master_translator_avalon_universal_master_0_agent|cp_valid                                                                                                                                                                                                                 ; 9       ;
; system:Nios_system|system_jtag_uart_0:jtag_uart_0|alt_jtag_atlantic:system_jtag_uart_0_alt_jtag_atlantic|r_ena~0                                                                                                                                                                                                                           ; 9       ;
; system:Nios_system|system_nios2_qsys_0:nios2_qsys_0|hbreak_enabled                                                                                                                                                                                                                                                                         ; 9       ;
; system:Nios_system|system_jtag_uart_0:jtag_uart_0|alt_jtag_atlantic:system_jtag_uart_0_alt_jtag_atlantic|state                                                                                                                                                                                                                             ; 9       ;
; system:Nios_system|system_nios2_qsys_0:nios2_qsys_0|W_alu_result[12]                                                                                                                                                                                                                                                                       ; 9       ;
; sld_signaltap:auto_signaltap_0|sld_signaltap_impl:sld_signaltap_body|sld_signaltap_implb:sld_signaltap_body|sld_buffer_manager:sld_buffer_manager_inst|segment_trigger_processed                                                                                                                                                           ; 8       ;
; sld_hub:auto_hub|sld_jtag_hub:\jtag_hub_gen:sld_jtag_hub_inst|shadow_irf_reg[3][0]~22                                                                                                                                                                                                                                                      ; 8       ;
; sld_hub:auto_hub|sld_jtag_hub:\jtag_hub_gen:sld_jtag_hub_inst|shadow_irf_reg[2][0]~12                                                                                                                                                                                                                                                      ; 8       ;
; sld_hub:auto_hub|sld_jtag_hub:\jtag_hub_gen:sld_jtag_hub_inst|shadow_irf_reg[1][0]~3                                                                                                                                                                                                                                                       ; 8       ;
; sld_hub:auto_hub|sld_jtag_hub:\jtag_hub_gen:sld_jtag_hub_inst|irsr_reg[0]~11                                                                                                                                                                                                                                                               ; 8       ;
; sld_hub:auto_hub|sld_jtag_hub:\jtag_hub_gen:sld_jtag_hub_inst|virtual_dr_scan_reg                                                                                                                                                                                                                                                          ; 8       ;
; sld_hub:auto_hub|sld_jtag_hub:\jtag_hub_gen:sld_jtag_hub_inst|irf_reg[3][0]~24                                                                                                                                                                                                                                                             ; 8       ;
; sld_hub:auto_hub|sld_jtag_hub:\jtag_hub_gen:sld_jtag_hub_inst|irf_reg[2][0]~14                                                                                                                                                                                                                                                             ; 8       ;
; sld_hub:auto_hub|sld_jtag_hub:\jtag_hub_gen:sld_jtag_hub_inst|irf_reg[1][0]~4                                                                                                                                                                                                                                                              ; 8       ;
; sld_hub:auto_hub|sld_jtag_hub:\jtag_hub_gen:sld_jtag_hub_inst|node_ena[1]~reg0                                                                                                                                                                                                                                                             ; 8       ;
; sld_hub:auto_hub|sld_jtag_hub:\jtag_hub_gen:sld_jtag_hub_inst|mixer_addr_reg[4]                                                                                                                                                                                                                                                            ; 8       ;
; sld_hub:auto_hub|sld_jtag_hub:\jtag_hub_gen:sld_jtag_hub_inst|mixer_addr_reg[0]                                                                                                                                                                                                                                                            ; 8       ;
; sld_hub:auto_hub|sld_jtag_hub:\jtag_hub_gen:sld_jtag_hub_inst|mixer_addr_reg[3]                                                                                                                                                                                                                                                            ; 8       ;
; sld_hub:auto_hub|sld_jtag_hub:\jtag_hub_gen:sld_jtag_hub_inst|sld_rom_sr:hub_info_reg|word_counter[2]                                                                                                                                                                                                                                      ; 8       ;
; sld_hub:auto_hub|sld_jtag_hub:\jtag_hub_gen:sld_jtag_hub_inst|sld_rom_sr:hub_info_reg|word_counter[3]                                                                                                                                                                                                                                      ; 8       ;
; system:Nios_system|system_nios2_qsys_0:nios2_qsys_0|av_ld_byte1_data_en~2                                                                                                                                                                                                                                                                  ; 8       ;
; system:Nios_system|system_jtag_uart_0:jtag_uart_0|alt_jtag_atlantic:system_jtag_uart_0_alt_jtag_atlantic|wdata[5]~0                                                                                                                                                                                                                        ; 8       ;
; system:Nios_system|system_cmd_xbar_mux_003:cmd_xbar_mux_003|src_payload~4                                                                                                                                                                                                                                                                  ; 8       ;
; system:Nios_system|system_cmd_xbar_mux_003:cmd_xbar_mux_003|src_data[47]                                                                                                                                                                                                                                                                   ; 8       ;
; system:Nios_system|system_cmd_xbar_mux_003:cmd_xbar_mux_003|src_data[46]                                                                                                                                                                                                                                                                   ; 8       ;
; system:Nios_system|system_cmd_xbar_mux_003:cmd_xbar_mux_003|src_data[45]                                                                                                                                                                                                                                                                   ; 8       ;
; system:Nios_system|system_cmd_xbar_mux_003:cmd_xbar_mux_003|src_data[44]                                                                                                                                                                                                                                                                   ; 8       ;
; system:Nios_system|system_cmd_xbar_mux_003:cmd_xbar_mux_003|src_data[43]                                                                                                                                                                                                                                                                   ; 8       ;
; system:Nios_system|system_cmd_xbar_mux_003:cmd_xbar_mux_003|src_data[42]                                                                                                                                                                                                                                                                   ; 8       ;
; system:Nios_system|system_cmd_xbar_mux_003:cmd_xbar_mux_003|src_data[41]                                                                                                                                                                                                                                                                   ; 8       ;
; system:Nios_system|system_cmd_xbar_mux_003:cmd_xbar_mux_003|src_data[40]                                                                                                                                                                                                                                                                   ; 8       ;
; system:Nios_system|system_cmd_xbar_mux_003:cmd_xbar_mux_003|src_data[39]                                                                                                                                                                                                                                                                   ; 8       ;
; system:Nios_system|system_cmd_xbar_mux_003:cmd_xbar_mux_003|src_data[38]                                                                                                                                                                                                                                                                   ; 8       ;
; system:Nios_system|system_onchip_memory2_1:onchip_memory2_1|wren~0                                                                                                                                                                                                                                                                         ; 8       ;
; system:Nios_system|system_dma_0:dma_0|Equal3~3                                                                                                                                                                                                                                                                                             ; 8       ;
; system:Nios_system|system_nios2_qsys_0:nios2_qsys_0|av_ld_byte0_data[7]~0                                                                                                                                                                                                                                                                  ; 8       ;
; system:Nios_system|system_nios2_qsys_0:nios2_qsys_0|d_writedata[9]                                                                                                                                                                                                                                                                         ; 8       ;
; system:Nios_system|system_nios2_qsys_0:nios2_qsys_0|d_writedata[8]                                                                                                                                                                                                                                                                         ; 8       ;
; system:Nios_system|system_dma_0:dma_0|system_dma_0_read_data_mux:the_system_dma_0_read_data_mux|fifo_wr_data~7                                                                                                                                                                                                                             ; 8       ;
; system:Nios_system|system_dma_0:dma_0|system_dma_0_read_data_mux:the_system_dma_0_read_data_mux|fifo_wr_data[0]~4                                                                                                                                                                                                                          ; 8       ;
; system:Nios_system|system_dma_0:dma_0|system_dma_0_read_data_mux:the_system_dma_0_read_data_mux|Equal4~1                                                                                                                                                                                                                                   ; 8       ;
; system:Nios_system|system_dma_0:dma_0|system_dma_0_read_data_mux:the_system_dma_0_read_data_mux|Equal4~0                                                                                                                                                                                                                                   ; 8       ;
; system:Nios_system|system_dma_0:dma_0|system_dma_0_read_data_mux:the_system_dma_0_read_data_mux|fifo_wr_data[0]~0                                                                                                                                                                                                                          ; 8       ;
; system:Nios_system|system_dma_0:dma_0|control[3]                                                                                                                                                                                                                                                                                           ; 8       ;
; system:Nios_system|system_cmd_xbar_mux_002:cmd_xbar_mux_002|src_payload~2                                                                                                                                                                                                                                                                  ; 8       ;
; system:Nios_system|system_nios2_qsys_0:nios2_qsys_0|d_writedata[11]                                                                                                                                                                                                                                                                        ; 8       ;
; system:Nios_system|system_cmd_xbar_demux_001:cmd_xbar_demux_001|src2_valid~0                                                                                                                                                                                                                                                               ; 8       ;
; system:Nios_system|system_nios2_qsys_0:nios2_qsys_0|E_src1[0]                                                                                                                                                                                                                                                                              ; 8       ;
; system:Nios_system|system_jtag_uart_0:jtag_uart_0|fifo_rd~0                                                                                                                                                                                                                                                                                ; 8       ;
; system:Nios_system|system_cmd_xbar_mux:cmd_xbar_mux_001|saved_grant[0]                                                                                                                                                                                                                                                                     ; 8       ;
; system:Nios_system|system_jtag_uart_0:jtag_uart_0|system_jtag_uart_0_scfifo_r:the_system_jtag_uart_0_scfifo_r|scfifo:rfifo|scfifo_1n21:auto_generated|a_dpfifo_8t21:dpfifo|a_fefifo_7cf:fifo_state|b_non_empty                                                                                                                             ; 8       ;
; system:Nios_system|altera_merlin_slave_translator:dma_0_control_port_slave_translator|wait_latency_counter[1]                                                                                                                                                                                                                              ; 8       ;
; system:Nios_system|altera_merlin_slave_translator:jtag_uart_0_avalon_jtag_slave_translator|read_latency_shift_reg[0]                                                                                                                                                                                                                       ; 8       ;
; system:Nios_system|system_nios2_qsys_0:nios2_qsys_0|i_read                                                                                                                                                                                                                                                                                 ; 8       ;
; system:Nios_system|system_nios2_qsys_0:nios2_qsys_0|system_nios2_qsys_0_test_bench:the_system_nios2_qsys_0_test_bench|d_write                                                                                                                                                                                                              ; 8       ;
; system:Nios_system|system_nios2_qsys_0:nios2_qsys_0|Equal2~1                                                                                                                                                                                                                                                                               ; 8       ;
; system:Nios_system|system_nios2_qsys_0:nios2_qsys_0|system_nios2_qsys_0_nios2_oci:the_system_nios2_qsys_0_nios2_oci|write                                                                                                                                                                                                                  ; 8       ;
; system:Nios_system|system_nios2_qsys_0:nios2_qsys_0|W_alu_result[5]                                                                                                                                                                                                                                                                        ; 8       ;
; sld_signaltap:auto_signaltap_0|sld_signaltap_impl:sld_signaltap_body|sld_signaltap_implb:sld_signaltap_body|sld_offload_buffer_mgr:\stp_non_zero_depth_offload_gen:stp_offload_buff_mgr_inst|lpm_counter:\adv_point_3_and_more:advance_pointer_counter|cntr_idi:auto_generated|counter_reg_bit1a[6]~0                                      ; 7       ;
; sld_signaltap:auto_signaltap_0|sld_signaltap_impl:sld_signaltap_body|sld_signaltap_implb:sld_signaltap_body|run                                                                                                                                                                                                                            ; 7       ;
; sld_signaltap:auto_signaltap_0|sld_signaltap_impl:sld_signaltap_body|sld_signaltap_implb:sld_signaltap_body|sld_rom_sr:crc_rom_sr|word_counter[1]                                                                                                                                                                                          ; 7       ;
; sld_hub:auto_hub|sld_jtag_hub:\jtag_hub_gen:sld_jtag_hub_inst|sld_rom_sr:hub_info_reg|clear_signal                                                                                                                                                                                                                                         ; 7       ;
; sld_hub:auto_hub|sld_jtag_hub:\jtag_hub_gen:sld_jtag_hub_inst|irsr_reg[7]                                                                                                                                                                                                                                                                  ; 7       ;
; sld_hub:auto_hub|sld_jtag_hub:\jtag_hub_gen:sld_jtag_hub_inst|irsr_reg[6]                                                                                                                                                                                                                                                                  ; 7       ;
; sld_hub:auto_hub|sld_jtag_hub:\jtag_hub_gen:sld_jtag_hub_inst|irsr_reg[5]                                                                                                                                                                                                                                                                  ; 7       ;
; sld_hub:auto_hub|sld_jtag_hub:\jtag_hub_gen:sld_jtag_hub_inst|node_ena[3]~reg0                                                                                                                                                                                                                                                             ; 7       ;
; sld_hub:auto_hub|sld_jtag_hub:\jtag_hub_gen:sld_jtag_hub_inst|sld_rom_sr:hub_info_reg|word_counter[4]                                                                                                                                                                                                                                      ; 7       ;
; sld_hub:auto_hub|sld_jtag_hub:\jtag_hub_gen:sld_jtag_hub_inst|sld_rom_sr:hub_info_reg|word_counter[1]                                                                                                                                                                                                                                      ; 7       ;
; sld_hub:auto_hub|sld_jtag_hub:\jtag_hub_gen:sld_jtag_hub_inst|sld_rom_sr:hub_info_reg|word_counter[0]                                                                                                                                                                                                                                      ; 7       ;
; system:Nios_system|altera_merlin_master_translator:nios2_qsys_0_data_master_translator|av_waitrequest~4                                                                                                                                                                                                                                    ; 7       ;
; system:Nios_system|system_dma_0:dma_0|system_dma_0_read_data_mux:the_system_dma_0_read_data_mux|readdata_mux_select[1]                                                                                                                                                                                                                     ; 7       ;
; system:Nios_system|system_dma_0:dma_0|system_dma_0_fifo_module:the_system_dma_0_fifo_module|rdaddress_reg[1]                                                                                                                                                                                                                               ; 7       ;
; system:Nios_system|altera_merlin_master_agent:dma_0_read_master_translator_avalon_universal_master_0_agent|av_readdatavalid~0                                                                                                                                                                                                              ; 7       ;
; system:Nios_system|system_nios2_qsys_0:nios2_qsys_0|d_writedata[15]                                                                                                                                                                                                                                                                        ; 7       ;
; system:Nios_system|system_jtag_uart_0:jtag_uart_0|system_jtag_uart_0_scfifo_w:the_system_jtag_uart_0_scfifo_w|scfifo:wfifo|scfifo_1n21:auto_generated|a_dpfifo_8t21:dpfifo|a_fefifo_7cf:fifo_state|b_full                                                                                                                                  ; 7       ;
; system:Nios_system|system_nios2_qsys_0:nios2_qsys_0|d_writedata[13]                                                                                                                                                                                                                                                                        ; 7       ;
; system:Nios_system|system_nios2_qsys_0:nios2_qsys_0|d_writedata[14]                                                                                                                                                                                                                                                                        ; 7       ;
; system:Nios_system|system_dma_0:dma_0|system_dma_0_fifo_module:the_system_dma_0_fifo_module|fifo_empty                                                                                                                                                                                                                                     ; 7       ;
; system:Nios_system|system_addr_router_001:addr_router_001|Equal2~1                                                                                                                                                                                                                                                                         ; 7       ;
; system:Nios_system|altera_merlin_master_translator:nios2_qsys_0_data_master_translator|write_accepted                                                                                                                                                                                                                                      ; 7       ;
; system:Nios_system|system_jtag_uart_0:jtag_uart_0|system_jtag_uart_0_scfifo_r:the_system_jtag_uart_0_scfifo_r|scfifo:rfifo|scfifo_1n21:auto_generated|a_dpfifo_8t21:dpfifo|a_fefifo_7cf:fifo_state|b_full                                                                                                                                  ; 7       ;
; system:Nios_system|system_nios2_qsys_0:nios2_qsys_0|system_nios2_qsys_0_nios2_oci:the_system_nios2_qsys_0_nios2_oci|system_nios2_qsys_0_nios2_ocimem:the_system_nios2_qsys_0_nios2_ocimem|MonAReg[3]                                                                                                                                       ; 7       ;
; system:Nios_system|system_nios2_qsys_0:nios2_qsys_0|system_nios2_qsys_0_nios2_oci:the_system_nios2_qsys_0_nios2_oci|system_nios2_qsys_0_nios2_ocimem:the_system_nios2_qsys_0_nios2_ocimem|MonAReg[4]                                                                                                                                       ; 7       ;
; system:Nios_system|system_nios2_qsys_0:nios2_qsys_0|system_nios2_qsys_0_nios2_oci:the_system_nios2_qsys_0_nios2_oci|system_nios2_qsys_0_nios2_ocimem:the_system_nios2_qsys_0_nios2_ocimem|MonAReg[2]                                                                                                                                       ; 7       ;
; system:Nios_system|system_nios2_qsys_0:nios2_qsys_0|system_nios2_qsys_0_nios2_oci:the_system_nios2_qsys_0_nios2_oci|system_nios2_qsys_0_jtag_debug_module_wrapper:the_system_nios2_qsys_0_jtag_debug_module_wrapper|sld_virtual_jtag_basic:system_nios2_qsys_0_jtag_debug_module_phy|virtual_state_cdr                                     ; 7       ;
; system:Nios_system|system_dma_0:dma_0|writeaddress[16]                                                                                                                                                                                                                                                                                     ; 7       ;
; system:Nios_system|system_dma_0:dma_0|readaddress[16]                                                                                                                                                                                                                                                                                      ; 7       ;
; system:Nios_system|system_nios2_qsys_0:nios2_qsys_0|W_alu_result[11]                                                                                                                                                                                                                                                                       ; 7       ;
; sld_signaltap:auto_signaltap_0|sld_signaltap_impl:sld_signaltap_body|sld_signaltap_implb:sld_signaltap_body|sld_buffer_manager:sld_buffer_manager_inst|\storage_qualifier_buffer_manager:done                                                                                                                                              ; 6       ;
; sld_signaltap:auto_signaltap_0|sld_signaltap_impl:sld_signaltap_body|sld_signaltap_implb:sld_signaltap_body|sld_rom_sr:crc_rom_sr|word_counter[2]                                                                                                                                                                                          ; 6       ;
; sld_signaltap:auto_signaltap_0|sld_signaltap_impl:sld_signaltap_body|sld_signaltap_implb:sld_signaltap_body|crc_rom_sr_ena~0                                                                                                                                                                                                               ; 6       ;
; sld_hub:auto_hub|sld_jtag_hub:\jtag_hub_gen:sld_jtag_hub_inst|sld_rom_sr:hub_info_reg|word_counter[2]~24                                                                                                                                                                                                                                   ; 6       ;
; sld_hub:auto_hub|sld_jtag_hub:\jtag_hub_gen:sld_jtag_hub_inst|sld_rom_sr:hub_info_reg|word_counter[2]~19                                                                                                                                                                                                                                   ; 6       ;
; sld_hub:auto_hub|sld_jtag_hub:\jtag_hub_gen:sld_jtag_hub_inst|hub_mode_reg[0]                                                                                                                                                                                                                                                              ; 6       ;
; sld_hub:auto_hub|sld_jtag_hub:\jtag_hub_gen:sld_jtag_hub_inst|reset_ena_reg_proc~0                                                                                                                                                                                                                                                         ; 6       ;
; system:Nios_system|system_jtag_uart_0:jtag_uart_0|system_jtag_uart_0_scfifo_r:the_system_jtag_uart_0_scfifo_r|scfifo:rfifo|scfifo_1n21:auto_generated|a_dpfifo_8t21:dpfifo|a_fefifo_7cf:fifo_state|_~4                                                                                                                                     ; 6       ;
; system:Nios_system|system_nios2_qsys_0:nios2_qsys_0|D_ctrl_b_is_dst~1                                                                                                                                                                                                                                                                      ; 6       ;
; system:Nios_system|system_jtag_uart_0:jtag_uart_0|system_jtag_uart_0_scfifo_w:the_system_jtag_uart_0_scfifo_w|scfifo:wfifo|scfifo_1n21:auto_generated|a_dpfifo_8t21:dpfifo|a_fefifo_7cf:fifo_state|_~0                                                                                                                                     ; 6       ;
; system:Nios_system|system_dma_0:dma_0|system_dma_0_read_data_mux:the_system_dma_0_read_data_mux|readdata_mux_select[0]                                                                                                                                                                                                                     ; 6       ;
; system:Nios_system|system_dma_0:dma_0|system_dma_0_fifo_module:the_system_dma_0_fifo_module|rdaddress_reg[2]                                                                                                                                                                                                                               ; 6       ;
; system:Nios_system|system_dma_0:dma_0|system_dma_0_fifo_module:the_system_dma_0_fifo_module|p1_fifo_full~0                                                                                                                                                                                                                                 ; 6       ;
; system:Nios_system|system_nios2_qsys_0:nios2_qsys_0|Equal101~9                                                                                                                                                                                                                                                                             ; 6       ;
; system:Nios_system|system_nios2_qsys_0:nios2_qsys_0|Equal2~7                                                                                                                                                                                                                                                                               ; 6       ;
; system:Nios_system|system_nios2_qsys_0:nios2_qsys_0|D_ctrl_exception~3                                                                                                                                                                                                                                                                     ; 6       ;
; system:Nios_system|system_nios2_qsys_0:nios2_qsys_0|Equal2~5                                                                                                                                                                                                                                                                               ; 6       ;
; system:Nios_system|system_cmd_xbar_mux_002:cmd_xbar_mux_002|update_grant~0                                                                                                                                                                                                                                                                 ; 6       ;
; system:Nios_system|system_cmd_xbar_demux:cmd_xbar_demux|src2_valid~0                                                                                                                                                                                                                                                                       ; 6       ;
; system:Nios_system|system_addr_router:addr_router|Equal1~1                                                                                                                                                                                                                                                                                 ; 6       ;
; system:Nios_system|system_addr_router:addr_router|Equal2~4                                                                                                                                                                                                                                                                                 ; 6       ;
; system:Nios_system|system_jtag_uart_0:jtag_uart_0|alt_jtag_atlantic:system_jtag_uart_0_alt_jtag_atlantic|t_ena~reg0                                                                                                                                                                                                                        ; 6       ;
; system:Nios_system|system_nios2_qsys_0:nios2_qsys_0|R_valid                                                                                                                                                                                                                                                                                ; 6       ;
; system:Nios_system|altera_merlin_master_translator:nios2_qsys_0_instruction_master_translator|read_accepted                                                                                                                                                                                                                                ; 6       ;
; system:Nios_system|system_jtag_uart_0:jtag_uart_0|system_jtag_uart_0_scfifo_r:the_system_jtag_uart_0_scfifo_r|scfifo:rfifo|scfifo_1n21:auto_generated|a_dpfifo_8t21:dpfifo|a_fefifo_7cf:fifo_state|cntr_rj7:count_usedw|safe_q[0]                                                                                                          ; 6       ;
; sld_signaltap:auto_signaltap_0|sld_signaltap_impl:sld_signaltap_body|sld_signaltap_implb:sld_signaltap_body|sld_ela_control:ela_control|lpm_shiftreg:\storage_on_enable_bit:trigger_condition_deserialize|dffs[0]                                                                                                                          ; 5       ;
; sld_signaltap:auto_signaltap_0|sld_signaltap_impl:sld_signaltap_body|sld_signaltap_implb:sld_signaltap_body|sld_buffer_manager:sld_buffer_manager_inst|Equal1~5                                                                                                                                                                            ; 5       ;
; sld_signaltap:auto_signaltap_0|sld_signaltap_impl:sld_signaltap_body|sld_signaltap_implb:sld_signaltap_body|sld_buffer_manager:sld_buffer_manager_inst|Equal1~0                                                                                                                                                                            ; 5       ;
; sld_signaltap:auto_signaltap_0|sld_signaltap_impl:sld_signaltap_body|sld_signaltap_implb:sld_signaltap_body|sld_offload_buffer_mgr:\stp_non_zero_depth_offload_gen:stp_offload_buff_mgr_inst|lpm_counter:status_advance_pointer_counter|cntr_1ci:auto_generated|counter_reg_bit1a[4]~0                                                     ; 5       ;
; sld_hub:auto_hub|sld_jtag_hub:\jtag_hub_gen:sld_jtag_hub_inst|mixer_addr_reg[4]~14                                                                                                                                                                                                                                                         ; 5       ;
; sld_hub:auto_hub|sld_jtag_hub:\jtag_hub_gen:sld_jtag_hub_inst|mixer_addr_reg[4]~13                                                                                                                                                                                                                                                         ; 5       ;
; sld_hub:auto_hub|sld_jtag_hub:\jtag_hub_gen:sld_jtag_hub_inst|hub_tdo_mux_proc~0                                                                                                                                                                                                                                                           ; 5       ;
; sld_hub:auto_hub|sld_jtag_hub:\jtag_hub_gen:sld_jtag_hub_inst|irf_reg[3][6]                                                                                                                                                                                                                                                                ; 5       ;
; sld_hub:auto_hub|sld_jtag_hub:\jtag_hub_gen:sld_jtag_hub_inst|sld_rom_sr:hub_info_reg|word_counter[5]                                                                                                                                                                                                                                      ; 5       ;
; system:Nios_system|system_dma_0:dma_0|system_dma_0_fifo_module:the_system_dma_0_fifo_module|wraddress[4]~17                                                                                                                                                                                                                                ; 5       ;
; system:Nios_system|system_dma_0:dma_0|system_dma_0_fifo_module:the_system_dma_0_fifo_module|estimated_wraddress[2]~17                                                                                                                                                                                                                      ; 5       ;
; system:Nios_system|system_nios2_qsys_0:nios2_qsys_0|D_dst_regnum[4]~0                                                                                                                                                                                                                                                                      ; 5       ;
; system:Nios_system|system_dma_0:dma_0|control[8]                                                                                                                                                                                                                                                                                           ; 5       ;
; system:Nios_system|system_dma_0:dma_0|done_write                                                                                                                                                                                                                                                                                           ; 5       ;
; system:Nios_system|system_nios2_qsys_0:nios2_qsys_0|D_ctrl_shift_logical~0                                                                                                                                                                                                                                                                 ; 5       ;
; system:Nios_system|system_cmd_xbar_mux_003:cmd_xbar_mux_003|update_grant~0                                                                                                                                                                                                                                                                 ; 5       ;
; system:Nios_system|system_cmd_xbar_demux_001:cmd_xbar_demux_001|src3_valid                                                                                                                                                                                                                                                                 ; 5       ;
; system:Nios_system|system_cmd_xbar_demux_002:cmd_xbar_demux_002|src1_valid~1                                                                                                                                                                                                                                                               ; 5       ;
; system:Nios_system|system_nios2_qsys_0:nios2_qsys_0|d_writedata[16]                                                                                                                                                                                                                                                                        ; 5       ;
; system:Nios_system|system_addr_router_002:addr_router_003|Equal1~0                                                                                                                                                                                                                                                                         ; 5       ;
; system:Nios_system|system_addr_router_002:addr_router_002|Equal1~0                                                                                                                                                                                                                                                                         ; 5       ;
; system:Nios_system|system_nios2_qsys_0:nios2_qsys_0|E_arith_result[0]~6                                                                                                                                                                                                                                                                    ; 5       ;
; system:Nios_system|system_nios2_qsys_0:nios2_qsys_0|E_arith_result[1]~5                                                                                                                                                                                                                                                                    ; 5       ;
; system:Nios_system|system_nios2_qsys_0:nios2_qsys_0|E_src1[1]                                                                                                                                                                                                                                                                              ; 5       ;
; system:Nios_system|system_cmd_xbar_mux:cmd_xbar_mux_001|src_data[56]                                                                                                                                                                                                                                                                       ; 5       ;
; system:Nios_system|system_cmd_xbar_mux:cmd_xbar_mux_001|src_payload~1                                                                                                                                                                                                                                                                      ; 5       ;
; system:Nios_system|system_cmd_xbar_demux:cmd_xbar_demux|src1_valid~0                                                                                                                                                                                                                                                                       ; 5       ;
; system:Nios_system|altera_avalon_sc_fifo:jtag_uart_0_avalon_jtag_slave_translator_avalon_universal_slave_0_agent_rsp_fifo|mem[0][61]                                                                                                                                                                                                       ; 5       ;
; system:Nios_system|altera_avalon_sc_fifo:jtag_uart_0_avalon_jtag_slave_translator_avalon_universal_slave_0_agent_rsp_fifo|mem[0][74]                                                                                                                                                                                                       ; 5       ;
; system:Nios_system|system_nios2_qsys_0:nios2_qsys_0|hbreak_req~0                                                                                                                                                                                                                                                                           ; 5       ;
; system:Nios_system|system_nios2_qsys_0:nios2_qsys_0|W_status_reg_pie                                                                                                                                                                                                                                                                       ; 5       ;
; system:Nios_system|system_nios2_qsys_0:nios2_qsys_0|system_nios2_qsys_0_nios2_oci:the_system_nios2_qsys_0_nios2_oci|system_nios2_qsys_0_jtag_debug_module_wrapper:the_system_nios2_qsys_0_jtag_debug_module_wrapper|system_nios2_qsys_0_jtag_debug_module_sysclk:the_system_nios2_qsys_0_jtag_debug_module_sysclk|jdo[17]                  ; 5       ;
; system:Nios_system|system_nios2_qsys_0:nios2_qsys_0|F_pc[9]                                                                                                                                                                                                                                                                                ; 5       ;
; system:Nios_system|system_cmd_xbar_mux:cmd_xbar_mux_001|src_payload~0                                                                                                                                                                                                                                                                      ; 5       ;
; system:Nios_system|system_jtag_uart_0:jtag_uart_0|alt_jtag_atlantic:system_jtag_uart_0_alt_jtag_atlantic|write_stalled~1                                                                                                                                                                                                                   ; 5       ;
; system:Nios_system|system_nios2_qsys_0:nios2_qsys_0|system_nios2_qsys_0_nios2_oci:the_system_nios2_qsys_0_nios2_oci|system_nios2_qsys_0_nios2_avalon_reg:the_system_nios2_qsys_0_nios2_avalon_reg|Equal0~2                                                                                                                                 ; 5       ;
; system:Nios_system|system_jtag_uart_0:jtag_uart_0|alt_jtag_atlantic:system_jtag_uart_0_alt_jtag_atlantic|jupdate~0                                                                                                                                                                                                                         ; 5       ;
; system:Nios_system|system_jtag_uart_0:jtag_uart_0|alt_jtag_atlantic:system_jtag_uart_0_alt_jtag_atlantic|td_shift~6                                                                                                                                                                                                                        ; 5       ;
; system:Nios_system|system_jtag_uart_0:jtag_uart_0|system_jtag_uart_0_scfifo_w:the_system_jtag_uart_0_scfifo_w|scfifo:wfifo|scfifo_1n21:auto_generated|a_dpfifo_8t21:dpfifo|a_fefifo_7cf:fifo_state|cntr_rj7:count_usedw|safe_q[3]                                                                                                          ; 5       ;
; system:Nios_system|system_jtag_uart_0:jtag_uart_0|system_jtag_uart_0_scfifo_w:the_system_jtag_uart_0_scfifo_w|scfifo:wfifo|scfifo_1n21:auto_generated|a_dpfifo_8t21:dpfifo|a_fefifo_7cf:fifo_state|cntr_rj7:count_usedw|safe_q[4]                                                                                                          ; 5       ;
; system:Nios_system|system_jtag_uart_0:jtag_uart_0|system_jtag_uart_0_scfifo_w:the_system_jtag_uart_0_scfifo_w|scfifo:wfifo|scfifo_1n21:auto_generated|a_dpfifo_8t21:dpfifo|a_fefifo_7cf:fifo_state|cntr_rj7:count_usedw|safe_q[5]                                                                                                          ; 5       ;
; system:Nios_system|system_jtag_uart_0:jtag_uart_0|system_jtag_uart_0_scfifo_w:the_system_jtag_uart_0_scfifo_w|scfifo:wfifo|scfifo_1n21:auto_generated|a_dpfifo_8t21:dpfifo|a_fefifo_7cf:fifo_state|cntr_rj7:count_usedw|safe_q[1]                                                                                                          ; 5       ;
; system:Nios_system|system_jtag_uart_0:jtag_uart_0|system_jtag_uart_0_scfifo_w:the_system_jtag_uart_0_scfifo_w|scfifo:wfifo|scfifo_1n21:auto_generated|a_dpfifo_8t21:dpfifo|a_fefifo_7cf:fifo_state|cntr_rj7:count_usedw|safe_q[2]                                                                                                          ; 5       ;
; system:Nios_system|system_jtag_uart_0:jtag_uart_0|system_jtag_uart_0_scfifo_w:the_system_jtag_uart_0_scfifo_w|scfifo:wfifo|scfifo_1n21:auto_generated|a_dpfifo_8t21:dpfifo|a_fefifo_7cf:fifo_state|cntr_rj7:count_usedw|safe_q[0]                                                                                                          ; 5       ;
; system:Nios_system|system_jtag_uart_0:jtag_uart_0|system_jtag_uart_0_scfifo_r:the_system_jtag_uart_0_scfifo_r|scfifo:rfifo|scfifo_1n21:auto_generated|a_dpfifo_8t21:dpfifo|a_fefifo_7cf:fifo_state|cntr_rj7:count_usedw|safe_q[1]                                                                                                          ; 5       ;
; system:Nios_system|system_jtag_uart_0:jtag_uart_0|system_jtag_uart_0_scfifo_r:the_system_jtag_uart_0_scfifo_r|scfifo:rfifo|scfifo_1n21:auto_generated|a_dpfifo_8t21:dpfifo|a_fefifo_7cf:fifo_state|cntr_rj7:count_usedw|safe_q[2]                                                                                                          ; 5       ;
; system:Nios_system|system_jtag_uart_0:jtag_uart_0|system_jtag_uart_0_scfifo_r:the_system_jtag_uart_0_scfifo_r|scfifo:rfifo|scfifo_1n21:auto_generated|a_dpfifo_8t21:dpfifo|a_fefifo_7cf:fifo_state|cntr_rj7:count_usedw|safe_q[3]                                                                                                          ; 5       ;
; system:Nios_system|system_jtag_uart_0:jtag_uart_0|system_jtag_uart_0_scfifo_r:the_system_jtag_uart_0_scfifo_r|scfifo:rfifo|scfifo_1n21:auto_generated|a_dpfifo_8t21:dpfifo|a_fefifo_7cf:fifo_state|cntr_rj7:count_usedw|safe_q[4]                                                                                                          ; 5       ;
; system:Nios_system|system_jtag_uart_0:jtag_uart_0|system_jtag_uart_0_scfifo_r:the_system_jtag_uart_0_scfifo_r|scfifo:rfifo|scfifo_1n21:auto_generated|a_dpfifo_8t21:dpfifo|a_fefifo_7cf:fifo_state|cntr_rj7:count_usedw|safe_q[5]                                                                                                          ; 5       ;
; system:Nios_system|system_nios2_qsys_0:nios2_qsys_0|W_alu_result[9]                                                                                                                                                                                                                                                                        ; 5       ;
; system:Nios_system|system_nios2_qsys_0:nios2_qsys_0|W_alu_result[8]                                                                                                                                                                                                                                                                        ; 5       ;
; system:Nios_system|system_nios2_qsys_0:nios2_qsys_0|W_alu_result[7]                                                                                                                                                                                                                                                                        ; 5       ;
; system:Nios_system|system_nios2_qsys_0:nios2_qsys_0|W_alu_result[6]                                                                                                                                                                                                                                                                        ; 5       ;
; system:Nios_system|system_nios2_qsys_0:nios2_qsys_0|W_alu_result[10]                                                                                                                                                                                                                                                                       ; 5       ;
; system:Nios_system|system_nios2_qsys_0:nios2_qsys_0|F_pc[11]                                                                                                                                                                                                                                                                               ; 5       ;
; system:Nios_system|system_jtag_uart_0:jtag_uart_0|alt_jtag_atlantic:system_jtag_uart_0_alt_jtag_atlantic|td_shift[9]                                                                                                                                                                                                                       ; 5       ;
; KEY[0]                                                                                                                                                                                                                                                                                                                                     ; 4       ;
; sld_signaltap:auto_signaltap_0|sld_signaltap_impl:sld_signaltap_body|sld_signaltap_implb:sld_signaltap_body|sld_rom_sr:crc_rom_sr|word_counter[3]~11                                                                                                                                                                                       ; 4       ;
; sld_signaltap:auto_signaltap_0|sld_signaltap_impl:sld_signaltap_body|sld_signaltap_implb:sld_signaltap_body|sld_rom_sr:crc_rom_sr|WORD_SR[1]~13                                                                                                                                                                                            ; 4       ;
; sld_signaltap:auto_signaltap_0|sld_signaltap_impl:sld_signaltap_body|sld_signaltap_implb:sld_signaltap_body|sld_rom_sr:crc_rom_sr|word_counter[3]~8                                                                                                                                                                                        ; 4       ;
; sld_signaltap:auto_signaltap_0|sld_signaltap_impl:sld_signaltap_body|sld_signaltap_implb:sld_signaltap_body|sld_ela_control:ela_control|storage_enable_delay_reg[2]                                                                                                                                                                        ; 4       ;
; sld_signaltap:auto_signaltap_0|sld_signaltap_impl:sld_signaltap_body|sld_signaltap_implb:sld_signaltap_body|sld_rom_sr:crc_rom_sr|word_counter[3]                                                                                                                                                                                          ; 4       ;
; sld_signaltap:auto_signaltap_0|sld_signaltap_impl:sld_signaltap_body|sld_signaltap_implb:sld_signaltap_body|sld_rom_sr:crc_rom_sr|clear_signal                                                                                                                                                                                             ; 4       ;
; sld_hub:auto_hub|sld_jtag_hub:\jtag_hub_gen:sld_jtag_hub_inst|identity_contrib_shift_reg[0]~4                                                                                                                                                                                                                                              ; 4       ;
; sld_hub:auto_hub|sld_jtag_hub:\jtag_hub_gen:sld_jtag_hub_inst|sld_rom_sr:hub_info_reg|WORD_SR[0]~22                                                                                                                                                                                                                                        ; 4       ;
; sld_hub:auto_hub|sld_jtag_hub:\jtag_hub_gen:sld_jtag_hub_inst|identity_contrib_update_reg[0]~0                                                                                                                                                                                                                                             ; 4       ;
; sld_hub:auto_hub|sld_jtag_hub:\jtag_hub_gen:sld_jtag_hub_inst|design_hash_proc~0                                                                                                                                                                                                                                                           ; 4       ;
; sld_hub:auto_hub|sld_jtag_hub:\jtag_hub_gen:sld_jtag_hub_inst|irsr_reg[3]~14                                                                                                                                                                                                                                                               ; 4       ;
; sld_hub:auto_hub|sld_jtag_hub:\jtag_hub_gen:sld_jtag_hub_inst|hub_info_reg_ena                                                                                                                                                                                                                                                             ; 4       ;
; sld_hub:auto_hub|sld_jtag_hub:\jtag_hub_gen:sld_jtag_hub_inst|irsr_reg[3]~7                                                                                                                                                                                                                                                                ; 4       ;
; sld_hub:auto_hub|sld_jtag_hub:\jtag_hub_gen:sld_jtag_hub_inst|sld_shadow_jsm:shadow_jsm|state[15]                                                                                                                                                                                                                                          ; 4       ;
; sld_hub:auto_hub|sld_jtag_hub:\jtag_hub_gen:sld_jtag_hub_inst|sld_shadow_jsm:shadow_jsm|state[7]                                                                                                                                                                                                                                           ; 4       ;
; sld_hub:auto_hub|sld_jtag_hub:\jtag_hub_gen:sld_jtag_hub_inst|sld_shadow_jsm:shadow_jsm|state[5]                                                                                                                                                                                                                                           ; 4       ;
; sld_hub:auto_hub|sld_jtag_hub:\jtag_hub_gen:sld_jtag_hub_inst|sld_shadow_jsm:shadow_jsm|state[2]                                                                                                                                                                                                                                           ; 4       ;
; sld_hub:auto_hub|sld_jtag_hub:\jtag_hub_gen:sld_jtag_hub_inst|irf_reg[3][3]                                                                                                                                                                                                                                                                ; 4       ;
; sld_hub:auto_hub|sld_jtag_hub:\jtag_hub_gen:sld_jtag_hub_inst|irf_reg[3][2]                                                                                                                                                                                                                                                                ; 4       ;
; sld_hub:auto_hub|sld_jtag_hub:\jtag_hub_gen:sld_jtag_hub_inst|sld_shadow_jsm:shadow_jsm|state[1]                                                                                                                                                                                                                                           ; 4       ;
; system:Nios_system|system_nios2_qsys_0:nios2_qsys_0|D_ctrl_implicit_dst_retaddr~0                                                                                                                                                                                                                                                          ; 4       ;
; system:Nios_system|system_cmd_xbar_mux_002:cmd_xbar_mux_002|altera_merlin_arbitrator:arb|top_priority_reg[0]~1                                                                                                                                                                                                                             ; 4       ;
; system:Nios_system|system_rsp_xbar_mux_002:rsp_xbar_mux_002|src_data[31]                                                                                                                                                                                                                                                                   ; 4       ;
; system:Nios_system|system_rsp_xbar_mux_002:rsp_xbar_mux_002|src_data[30]                                                                                                                                                                                                                                                                   ; 4       ;
; system:Nios_system|system_rsp_xbar_mux_002:rsp_xbar_mux_002|src_data[26]                                                                                                                                                                                                                                                                   ; 4       ;
; system:Nios_system|system_rsp_xbar_mux_002:rsp_xbar_mux_002|src_data[29]                                                                                                                                                                                                                                                                   ; 4       ;
; system:Nios_system|system_rsp_xbar_mux_002:rsp_xbar_mux_002|src_data[28]                                                                                                                                                                                                                                                                   ; 4       ;
; system:Nios_system|system_rsp_xbar_mux_002:rsp_xbar_mux_002|src_data[25]                                                                                                                                                                                                                                                                   ; 4       ;
; system:Nios_system|system_rsp_xbar_mux_002:rsp_xbar_mux_002|src_data[24]                                                                                                                                                                                                                                                                   ; 4       ;
; system:Nios_system|system_rsp_xbar_mux_002:rsp_xbar_mux_002|src_data[27]                                                                                                                                                                                                                                                                   ; 4       ;
; system:Nios_system|system_dma_0:dma_0|control[9]                                                                                                                                                                                                                                                                                           ; 4       ;
; system:Nios_system|system_dma_0:dma_0|system_dma_0_fifo_module:the_system_dma_0_fifo_module|rdaddress_reg[3]                                                                                                                                                                                                                               ; 4       ;
; system:Nios_system|altera_merlin_traffic_limiter:limiter|suppress~0                                                                                                                                                                                                                                                                        ; 4       ;
; system:Nios_system|system_addr_router_002:addr_router_002|Equal1~1                                                                                                                                                                                                                                                                         ; 4       ;
; system:Nios_system|system_nios2_qsys_0:nios2_qsys_0|E_src1[17]                                                                                                                                                                                                                                                                             ; 4       ;
; system:Nios_system|system_nios2_qsys_0:nios2_qsys_0|E_src1[18]                                                                                                                                                                                                                                                                             ; 4       ;
; system:Nios_system|system_nios2_qsys_0:nios2_qsys_0|E_src1[19]                                                                                                                                                                                                                                                                             ; 4       ;
; system:Nios_system|system_nios2_qsys_0:nios2_qsys_0|E_src1[20]                                                                                                                                                                                                                                                                             ; 4       ;
; system:Nios_system|system_nios2_qsys_0:nios2_qsys_0|E_src1[21]                                                                                                                                                                                                                                                                             ; 4       ;
; system:Nios_system|system_nios2_qsys_0:nios2_qsys_0|E_src1[22]                                                                                                                                                                                                                                                                             ; 4       ;
; system:Nios_system|system_nios2_qsys_0:nios2_qsys_0|E_src1[23]                                                                                                                                                                                                                                                                             ; 4       ;
; system:Nios_system|system_nios2_qsys_0:nios2_qsys_0|E_src1[24]                                                                                                                                                                                                                                                                             ; 4       ;
; system:Nios_system|system_nios2_qsys_0:nios2_qsys_0|E_src1[25]                                                                                                                                                                                                                                                                             ; 4       ;
; system:Nios_system|system_nios2_qsys_0:nios2_qsys_0|E_src1[26]                                                                                                                                                                                                                                                                             ; 4       ;
; system:Nios_system|system_nios2_qsys_0:nios2_qsys_0|E_src1[27]                                                                                                                                                                                                                                                                             ; 4       ;
; system:Nios_system|system_nios2_qsys_0:nios2_qsys_0|E_src1[28]                                                                                                                                                                                                                                                                             ; 4       ;
; system:Nios_system|system_nios2_qsys_0:nios2_qsys_0|E_src1[29]                                                                                                                                                                                                                                                                             ; 4       ;
; system:Nios_system|system_nios2_qsys_0:nios2_qsys_0|E_src1[30]                                                                                                                                                                                                                                                                             ; 4       ;
; system:Nios_system|system_nios2_qsys_0:nios2_qsys_0|Equal101~5                                                                                                                                                                                                                                                                             ; 4       ;
; system:Nios_system|system_nios2_qsys_0:nios2_qsys_0|R_ctrl_br_nxt~0                                                                                                                                                                                                                                                                        ; 4       ;
; system:Nios_system|system_nios2_qsys_0:nios2_qsys_0|D_ctrl_crst~0                                                                                                                                                                                                                                                                          ; 4       ;
; system:Nios_system|system_nios2_qsys_0:nios2_qsys_0|D_iw[17]                                                                                                                                                                                                                                                                               ; 4       ;
; system:Nios_system|system_nios2_qsys_0:nios2_qsys_0|D_iw[18]                                                                                                                                                                                                                                                                               ; 4       ;
; system:Nios_system|system_nios2_qsys_0:nios2_qsys_0|D_iw[19]                                                                                                                                                                                                                                                                               ; 4       ;
; system:Nios_system|system_nios2_qsys_0:nios2_qsys_0|D_iw[20]                                                                                                                                                                                                                                                                               ; 4       ;
; system:Nios_system|system_nios2_qsys_0:nios2_qsys_0|Equal2~4                                                                                                                                                                                                                                                                               ; 4       ;
; system:Nios_system|system_nios2_qsys_0:nios2_qsys_0|Equal2~2                                                                                                                                                                                                                                                                               ; 4       ;
; system:Nios_system|system_jtag_uart_0:jtag_uart_0|fifo_rd~1                                                                                                                                                                                                                                                                                ; 4       ;
; system:Nios_system|system_cmd_xbar_mux:cmd_xbar_mux_001|update_grant~0                                                                                                                                                                                                                                                                     ; 4       ;
; system:Nios_system|system_cmd_xbar_mux_002:cmd_xbar_mux_002|altera_merlin_arbitrator:arb|altera_merlin_arb_adder:adder|full_adder.cout[3]~0                                                                                                                                                                                                ; 4       ;
; system:Nios_system|system_cmd_xbar_mux_002:cmd_xbar_mux_002|altera_merlin_arbitrator:arb|top_priority_reg[0]                                                                                                                                                                                                                               ; 4       ;
; system:Nios_system|altera_avalon_sc_fifo:onchip_memory2_1_s1_translator_avalon_universal_slave_0_agent_rsp_fifo|always0~0                                                                                                                                                                                                                  ; 4       ;
; system:Nios_system|system_cmd_xbar_mux_003:cmd_xbar_mux_003|WideOr1~1                                                                                                                                                                                                                                                                      ; 4       ;
; system:Nios_system|system_cmd_xbar_demux_003:cmd_xbar_demux_003|src1_valid~0                                                                                                                                                                                                                                                               ; 4       ;
; system:Nios_system|altera_avalon_sc_fifo:dma_0_control_port_slave_translator_avalon_universal_slave_0_agent_rsp_fifo|mem_used[0]                                                                                                                                                                                                           ; 4       ;
; system:Nios_system|system_dma_0:dma_0|system_dma_0_byteenables:the_system_dma_0_byteenables|write_byteenable[0]~1                                                                                                                                                                                                                          ; 4       ;
; system:Nios_system|system_cmd_xbar_mux:cmd_xbar_mux_001|WideOr1                                                                                                                                                                                                                                                                            ; 4       ;
; system:Nios_system|system_cmd_xbar_demux_001:cmd_xbar_demux_001|src1_valid~0                                                                                                                                                                                                                                                               ; 4       ;
; system:Nios_system|system_nios2_qsys_0:nios2_qsys_0|system_nios2_qsys_0_nios2_oci:the_system_nios2_qsys_0_nios2_oci|system_nios2_qsys_0_jtag_debug_module_wrapper:the_system_nios2_qsys_0_jtag_debug_module_wrapper|system_nios2_qsys_0_jtag_debug_module_sysclk:the_system_nios2_qsys_0_jtag_debug_module_sysclk|take_action_ocimem_a     ; 4       ;
; system:Nios_system|system_nios2_qsys_0:nios2_qsys_0|R_ctrl_wrctl_inst                                                                                                                                                                                                                                                                      ; 4       ;
; system:Nios_system|system_cmd_xbar_mux_002:cmd_xbar_mux_002|src_data[35]~26                                                                                                                                                                                                                                                                ; 4       ;
; system:Nios_system|system_dma_0:dma_0|system_dma_0_byteenables:the_system_dma_0_byteenables|write_byteenable[3]~0                                                                                                                                                                                                                          ; 4       ;
; system:Nios_system|system_cmd_xbar_mux_002:cmd_xbar_mux_002|WideOr1~1                                                                                                                                                                                                                                                                      ; 4       ;
; system:Nios_system|system_cmd_xbar_mux_002:cmd_xbar_mux_002|altera_merlin_arbitrator:arb|grant[3]~0                                                                                                                                                                                                                                        ; 4       ;
; system:Nios_system|system_cmd_xbar_demux_002:cmd_xbar_demux_002|src0_valid~1                                                                                                                                                                                                                                                               ; 4       ;
; system:Nios_system|altera_merlin_traffic_limiter:limiter|has_pending_responses                                                                                                                                                                                                                                                             ; 4       ;
; system:Nios_system|altera_avalon_sc_fifo:onchip_memory2_0_s1_translator_avalon_universal_slave_0_agent_rsp_fifo|always0~0                                                                                                                                                                                                                  ; 4       ;
; system:Nios_system|altera_avalon_sc_fifo:nios2_qsys_0_jtag_debug_module_translator_avalon_universal_slave_0_agent_rsp_fifo|mem_used[1]~1                                                                                                                                                                                                   ; 4       ;
; system:Nios_system|altera_merlin_slave_agent:nios2_qsys_0_jtag_debug_module_translator_avalon_universal_slave_0_agent|rf_source_valid~1                                                                                                                                                                                                    ; 4       ;
; system:Nios_system|system_nios2_qsys_0:nios2_qsys_0|E_src2[0]                                                                                                                                                                                                                                                                              ; 4       ;
; system:Nios_system|system_nios2_qsys_0:nios2_qsys_0|E_src2[1]                                                                                                                                                                                                                                                                              ; 4       ;
; system:Nios_system|system_nios2_qsys_0:nios2_qsys_0|E_src2[2]                                                                                                                                                                                                                                                                              ; 4       ;
; system:Nios_system|system_nios2_qsys_0:nios2_qsys_0|E_src2[3]                                                                                                                                                                                                                                                                              ; 4       ;
; system:Nios_system|system_nios2_qsys_0:nios2_qsys_0|E_src2[4]                                                                                                                                                                                                                                                                              ; 4       ;
; system:Nios_system|system_cmd_xbar_mux:cmd_xbar_mux|update_grant~1                                                                                                                                                                                                                                                                         ; 4       ;
; system:Nios_system|system_cmd_xbar_mux:cmd_xbar_mux_001|src_data[38]                                                                                                                                                                                                                                                                       ; 4       ;
; system:Nios_system|system_jtag_uart_0:jtag_uart_0|always2~1                                                                                                                                                                                                                                                                                ; 4       ;
; system:Nios_system|system_nios2_qsys_0:nios2_qsys_0|av_ld_align_cycle[0]                                                                                                                                                                                                                                                                   ; 4       ;
; system:Nios_system|altera_merlin_master_translator:nios2_qsys_0_data_master_translator|write_accepted~0                                                                                                                                                                                                                                    ; 4       ;
; system:Nios_system|system_jtag_uart_0:jtag_uart_0|av_waitrequest                                                                                                                                                                                                                                                                           ; 4       ;
; system:Nios_system|altera_merlin_slave_translator:onchip_memory2_1_s1_translator|read_latency_shift_reg~2                                                                                                                                                                                                                                  ; 4       ;
; system:Nios_system|altera_avalon_sc_fifo:dma_0_control_port_slave_translator_avalon_universal_slave_0_agent_rsp_fifo|mem_used[1]                                                                                                                                                                                                           ; 4       ;
; system:Nios_system|system_addr_router_001:addr_router_001|Equal3~1                                                                                                                                                                                                                                                                         ; 4       ;
; system:Nios_system|system_addr_router_001:addr_router_001|Equal3~0                                                                                                                                                                                                                                                                         ; 4       ;
; system:Nios_system|system_nios2_qsys_0:nios2_qsys_0|D_iw[25]~0                                                                                                                                                                                                                                                                             ; 4       ;
; system:Nios_system|system_nios2_qsys_0:nios2_qsys_0|F_pc[3]                                                                                                                                                                                                                                                                                ; 4       ;
; system:Nios_system|system_cmd_xbar_demux:cmd_xbar_demux|src0_valid~0                                                                                                                                                                                                                                                                       ; 4       ;
; system:Nios_system|system_nios2_qsys_0:nios2_qsys_0|F_pc[10]                                                                                                                                                                                                                                                                               ; 4       ;
; system:Nios_system|system_cmd_xbar_demux_001:cmd_xbar_demux_001|src0_valid~0                                                                                                                                                                                                                                                               ; 4       ;
; system:Nios_system|altera_merlin_master_translator:nios2_qsys_0_data_master_translator|read_accepted                                                                                                                                                                                                                                       ; 4       ;
; system:Nios_system|altera_reset_controller:rst_controller|r_sync_rst_dly                                                                                                                                                                                                                                                                   ; 4       ;
; system:Nios_system|system_nios2_qsys_0:nios2_qsys_0|Equal101~0                                                                                                                                                                                                                                                                             ; 4       ;
; system:Nios_system|system_jtag_uart_0:jtag_uart_0|alt_jtag_atlantic:system_jtag_uart_0_alt_jtag_atlantic|td_shift[10]                                                                                                                                                                                                                      ; 4       ;
; system:Nios_system|system_jtag_uart_0:jtag_uart_0|alt_jtag_atlantic:system_jtag_uart_0_alt_jtag_atlantic|rvalid0                                                                                                                                                                                                                           ; 4       ;
; system:Nios_system|system_nios2_qsys_0:nios2_qsys_0|system_nios2_qsys_0_nios2_oci:the_system_nios2_qsys_0_nios2_oci|system_nios2_qsys_0_nios2_ocimem:the_system_nios2_qsys_0_nios2_ocimem|Equal0~0                                                                                                                                         ; 4       ;
; system:Nios_system|system_nios2_qsys_0:nios2_qsys_0|system_nios2_qsys_0_nios2_oci:the_system_nios2_qsys_0_nios2_oci|system_nios2_qsys_0_jtag_debug_module_wrapper:the_system_nios2_qsys_0_jtag_debug_module_wrapper|system_nios2_qsys_0_jtag_debug_module_sysclk:the_system_nios2_qsys_0_jtag_debug_module_sysclk|ir[0]                    ; 4       ;
; system:Nios_system|system_nios2_qsys_0:nios2_qsys_0|system_nios2_qsys_0_nios2_oci:the_system_nios2_qsys_0_nios2_oci|system_nios2_qsys_0_jtag_debug_module_wrapper:the_system_nios2_qsys_0_jtag_debug_module_wrapper|system_nios2_qsys_0_jtag_debug_module_sysclk:the_system_nios2_qsys_0_jtag_debug_module_sysclk|enable_action_strobe     ; 4       ;
; system:Nios_system|system_nios2_qsys_0:nios2_qsys_0|system_nios2_qsys_0_nios2_oci:the_system_nios2_qsys_0_nios2_oci|system_nios2_qsys_0_jtag_debug_module_wrapper:the_system_nios2_qsys_0_jtag_debug_module_wrapper|system_nios2_qsys_0_jtag_debug_module_sysclk:the_system_nios2_qsys_0_jtag_debug_module_sysclk|ir[1]                    ; 4       ;
; system:Nios_system|system_jtag_uart_0:jtag_uart_0|alt_jtag_atlantic:system_jtag_uart_0_alt_jtag_atlantic|count[1]                                                                                                                                                                                                                          ; 4       ;
; system:Nios_system|system_jtag_uart_0:jtag_uart_0|alt_jtag_atlantic:system_jtag_uart_0_alt_jtag_atlantic|user_saw_rvalid                                                                                                                                                                                                                   ; 4       ;
; system:Nios_system|system_nios2_qsys_0:nios2_qsys_0|system_nios2_qsys_0_nios2_oci:the_system_nios2_qsys_0_nios2_oci|system_nios2_qsys_0_jtag_debug_module_wrapper:the_system_nios2_qsys_0_jtag_debug_module_wrapper|sld_virtual_jtag_basic:system_nios2_qsys_0_jtag_debug_module_phy|virtual_state_uir~0                                   ; 4       ;
; system:Nios_system|system_nios2_qsys_0:nios2_qsys_0|system_nios2_qsys_0_nios2_oci:the_system_nios2_qsys_0_nios2_oci|system_nios2_qsys_0_jtag_debug_module_wrapper:the_system_nios2_qsys_0_jtag_debug_module_wrapper|system_nios2_qsys_0_jtag_debug_module_tck:the_system_nios2_qsys_0_jtag_debug_module_tck|Mux37~0                        ; 4       ;
; system:Nios_system|system_dma_0:dma_0|system_dma_0_fifo_module:the_system_dma_0_fifo_module|wraddress[3]                                                                                                                                                                                                                                   ; 4       ;
; system:Nios_system|system_dma_0:dma_0|system_dma_0_fifo_module:the_system_dma_0_fifo_module|wraddress[0]                                                                                                                                                                                                                                   ; 4       ;
; system:Nios_system|system_dma_0:dma_0|system_dma_0_fifo_module:the_system_dma_0_fifo_module|wraddress[1]                                                                                                                                                                                                                                   ; 4       ;
; system:Nios_system|system_dma_0:dma_0|system_dma_0_fifo_module:the_system_dma_0_fifo_module|wraddress[4]                                                                                                                                                                                                                                   ; 4       ;
; system:Nios_system|system_dma_0:dma_0|system_dma_0_fifo_module:the_system_dma_0_fifo_module|wraddress[2]                                                                                                                                                                                                                                   ; 4       ;
; system:Nios_system|system_dma_0:dma_0|system_dma_0_fifo_module:the_system_dma_0_fifo_module|estimated_wraddress[2]                                                                                                                                                                                                                         ; 4       ;
; system:Nios_system|system_dma_0:dma_0|writeaddress[0]                                                                                                                                                                                                                                                                                      ; 4       ;
; system:Nios_system|system_dma_0:dma_0|writeaddress[11]                                                                                                                                                                                                                                                                                     ; 4       ;
; system:Nios_system|system_dma_0:dma_0|readaddress[11]                                                                                                                                                                                                                                                                                      ; 4       ;
; system:Nios_system|system_dma_0:dma_0|writeaddress[10]                                                                                                                                                                                                                                                                                     ; 4       ;
; system:Nios_system|system_dma_0:dma_0|readaddress[10]                                                                                                                                                                                                                                                                                      ; 4       ;
; system:Nios_system|system_dma_0:dma_0|writeaddress[9]                                                                                                                                                                                                                                                                                      ; 4       ;
; system:Nios_system|system_dma_0:dma_0|readaddress[9]                                                                                                                                                                                                                                                                                       ; 4       ;
; system:Nios_system|system_dma_0:dma_0|writeaddress[8]                                                                                                                                                                                                                                                                                      ; 4       ;
; system:Nios_system|system_dma_0:dma_0|readaddress[8]                                                                                                                                                                                                                                                                                       ; 4       ;
; system:Nios_system|system_dma_0:dma_0|writeaddress[7]                                                                                                                                                                                                                                                                                      ; 4       ;
; system:Nios_system|system_dma_0:dma_0|readaddress[7]                                                                                                                                                                                                                                                                                       ; 4       ;
; system:Nios_system|system_dma_0:dma_0|writeaddress[6]                                                                                                                                                                                                                                                                                      ; 4       ;
; system:Nios_system|system_dma_0:dma_0|readaddress[6]                                                                                                                                                                                                                                                                                       ; 4       ;
; system:Nios_system|system_dma_0:dma_0|writeaddress[5]                                                                                                                                                                                                                                                                                      ; 4       ;
; system:Nios_system|system_dma_0:dma_0|readaddress[5]                                                                                                                                                                                                                                                                                       ; 4       ;
; system:Nios_system|system_dma_0:dma_0|writeaddress[4]                                                                                                                                                                                                                                                                                      ; 4       ;
; system:Nios_system|system_dma_0:dma_0|readaddress[4]                                                                                                                                                                                                                                                                                       ; 4       ;
; system:Nios_system|system_dma_0:dma_0|writeaddress[3]                                                                                                                                                                                                                                                                                      ; 4       ;
; system:Nios_system|system_dma_0:dma_0|readaddress[3]                                                                                                                                                                                                                                                                                       ; 4       ;
; system:Nios_system|system_dma_0:dma_0|writeaddress[2]                                                                                                                                                                                                                                                                                      ; 4       ;
; system:Nios_system|system_dma_0:dma_0|readaddress[2]                                                                                                                                                                                                                                                                                       ; 4       ;
; system:Nios_system|system_dma_0:dma_0|writeaddress[14]                                                                                                                                                                                                                                                                                     ; 4       ;
; system:Nios_system|system_dma_0:dma_0|writeaddress[13]                                                                                                                                                                                                                                                                                     ; 4       ;
; system:Nios_system|system_dma_0:dma_0|writeaddress[12]                                                                                                                                                                                                                                                                                     ; 4       ;
; system:Nios_system|system_dma_0:dma_0|readaddress[14]                                                                                                                                                                                                                                                                                      ; 4       ;
; system:Nios_system|system_dma_0:dma_0|readaddress[13]                                                                                                                                                                                                                                                                                      ; 4       ;
; system:Nios_system|system_dma_0:dma_0|readaddress[12]                                                                                                                                                                                                                                                                                      ; 4       ;
; system:Nios_system|system_nios2_qsys_0:nios2_qsys_0|system_nios2_qsys_0_nios2_oci:the_system_nios2_qsys_0_nios2_oci|system_nios2_qsys_0_jtag_debug_module_wrapper:the_system_nios2_qsys_0_jtag_debug_module_wrapper|system_nios2_qsys_0_jtag_debug_module_tck:the_system_nios2_qsys_0_jtag_debug_module_tck|sr[31]                         ; 4       ;
; system:Nios_system|system_nios2_qsys_0:nios2_qsys_0|system_nios2_qsys_0_register_bank_b_module:system_nios2_qsys_0_register_bank_b|altsyncram:the_altsyncram|altsyncram_mpg1:auto_generated|q_b[1]                                                                                                                                         ; 4       ;
; system:Nios_system|system_nios2_qsys_0:nios2_qsys_0|system_nios2_qsys_0_register_bank_b_module:system_nios2_qsys_0_register_bank_b|altsyncram:the_altsyncram|altsyncram_mpg1:auto_generated|q_b[2]                                                                                                                                         ; 4       ;
; system:Nios_system|system_nios2_qsys_0:nios2_qsys_0|system_nios2_qsys_0_register_bank_b_module:system_nios2_qsys_0_register_bank_b|altsyncram:the_altsyncram|altsyncram_mpg1:auto_generated|q_b[3]                                                                                                                                         ; 4       ;
; system:Nios_system|system_nios2_qsys_0:nios2_qsys_0|system_nios2_qsys_0_register_bank_b_module:system_nios2_qsys_0_register_bank_b|altsyncram:the_altsyncram|altsyncram_mpg1:auto_generated|q_b[4]                                                                                                                                         ; 4       ;
; system:Nios_system|system_nios2_qsys_0:nios2_qsys_0|system_nios2_qsys_0_register_bank_b_module:system_nios2_qsys_0_register_bank_b|altsyncram:the_altsyncram|altsyncram_mpg1:auto_generated|q_b[5]                                                                                                                                         ; 4       ;
; system:Nios_system|system_nios2_qsys_0:nios2_qsys_0|system_nios2_qsys_0_register_bank_b_module:system_nios2_qsys_0_register_bank_b|altsyncram:the_altsyncram|altsyncram_mpg1:auto_generated|q_b[6]                                                                                                                                         ; 4       ;
; system:Nios_system|system_nios2_qsys_0:nios2_qsys_0|system_nios2_qsys_0_register_bank_b_module:system_nios2_qsys_0_register_bank_b|altsyncram:the_altsyncram|altsyncram_mpg1:auto_generated|q_b[7]                                                                                                                                         ; 4       ;
; system:Nios_system|system_nios2_qsys_0:nios2_qsys_0|system_nios2_qsys_0_register_bank_b_module:system_nios2_qsys_0_register_bank_b|altsyncram:the_altsyncram|altsyncram_mpg1:auto_generated|q_b[0]                                                                                                                                         ; 4       ;
; system:Nios_system|system_nios2_qsys_0:nios2_qsys_0|E_src1[2]                                                                                                                                                                                                                                                                              ; 4       ;
; system:Nios_system|system_nios2_qsys_0:nios2_qsys_0|E_src1[3]                                                                                                                                                                                                                                                                              ; 4       ;
; system:Nios_system|system_nios2_qsys_0:nios2_qsys_0|E_src1[4]                                                                                                                                                                                                                                                                              ; 4       ;
; system:Nios_system|system_nios2_qsys_0:nios2_qsys_0|E_src1[5]                                                                                                                                                                                                                                                                              ; 4       ;
; system:Nios_system|system_nios2_qsys_0:nios2_qsys_0|E_src1[6]                                                                                                                                                                                                                                                                              ; 4       ;
; system:Nios_system|system_nios2_qsys_0:nios2_qsys_0|E_src1[7]                                                                                                                                                                                                                                                                              ; 4       ;
; system:Nios_system|system_nios2_qsys_0:nios2_qsys_0|E_src1[8]                                                                                                                                                                                                                                                                              ; 4       ;
; system:Nios_system|system_nios2_qsys_0:nios2_qsys_0|E_src1[9]                                                                                                                                                                                                                                                                              ; 4       ;
; system:Nios_system|system_nios2_qsys_0:nios2_qsys_0|E_src1[10]                                                                                                                                                                                                                                                                             ; 4       ;
; system:Nios_system|system_nios2_qsys_0:nios2_qsys_0|E_src1[11]                                                                                                                                                                                                                                                                             ; 4       ;
; system:Nios_system|system_nios2_qsys_0:nios2_qsys_0|E_src1[12]                                                                                                                                                                                                                                                                             ; 4       ;
; system:Nios_system|system_nios2_qsys_0:nios2_qsys_0|E_src1[13]                                                                                                                                                                                                                                                                             ; 4       ;
; system:Nios_system|system_nios2_qsys_0:nios2_qsys_0|E_src1[14]                                                                                                                                                                                                                                                                             ; 4       ;
; system:Nios_system|system_nios2_qsys_0:nios2_qsys_0|E_src1[15]                                                                                                                                                                                                                                                                             ; 4       ;
; system:Nios_system|system_nios2_qsys_0:nios2_qsys_0|E_src1[16]                                                                                                                                                                                                                                                                             ; 4       ;
; system:Nios_system|system_nios2_qsys_0:nios2_qsys_0|F_pc[7]                                                                                                                                                                                                                                                                                ; 4       ;
; system:Nios_system|system_nios2_qsys_0:nios2_qsys_0|F_pc[6]                                                                                                                                                                                                                                                                                ; 4       ;
; system:Nios_system|system_nios2_qsys_0:nios2_qsys_0|F_pc[5]                                                                                                                                                                                                                                                                                ; 4       ;
; system:Nios_system|system_nios2_qsys_0:nios2_qsys_0|F_pc[4]                                                                                                                                                                                                                                                                                ; 4       ;
; system:Nios_system|system_nios2_qsys_0:nios2_qsys_0|F_pc[2]                                                                                                                                                                                                                                                                                ; 4       ;
; system:Nios_system|system_nios2_qsys_0:nios2_qsys_0|F_pc[1]                                                                                                                                                                                                                                                                                ; 4       ;
; system:Nios_system|system_nios2_qsys_0:nios2_qsys_0|F_pc[0]                                                                                                                                                                                                                                                                                ; 4       ;
; system:Nios_system|system_nios2_qsys_0:nios2_qsys_0|F_pc[8]                                                                                                                                                                                                                                                                                ; 4       ;
; system:Nios_system|system_nios2_qsys_0:nios2_qsys_0|F_pc[12]                                                                                                                                                                                                                                                                               ; 4       ;
; system:Nios_system|system_nios2_qsys_0:nios2_qsys_0|W_alu_result[14]                                                                                                                                                                                                                                                                       ; 4       ;
; system:Nios_system|system_nios2_qsys_0:nios2_qsys_0|system_nios2_qsys_0_nios2_oci:the_system_nios2_qsys_0_nios2_oci|system_nios2_qsys_0_nios2_ocimem:the_system_nios2_qsys_0_nios2_ocimem|MonARegAddrInc[8]~16                                                                                                                             ; 4       ;
; sld_signaltap:auto_signaltap_0|sld_signaltap_impl:sld_signaltap_body|sld_signaltap_implb:sld_signaltap_body|sld_ela_control:ela_control|lpm_shiftreg:\storage_transition:transition_detector_setup_bits|dffs[2]                                                                                                                            ; 3       ;
; sld_signaltap:auto_signaltap_0|sld_signaltap_impl:sld_signaltap_body|sld_signaltap_implb:sld_signaltap_body|sld_ela_control:ela_control|lpm_shiftreg:\storage_transition:transition_detector_setup_bits|dffs[3]                                                                                                                            ; 3       ;
; sld_signaltap:auto_signaltap_0|sld_signaltap_impl:sld_signaltap_body|sld_signaltap_implb:sld_signaltap_body|sld_ela_control:ela_control|lpm_shiftreg:\storage_transition:transition_detector_setup_bits|dffs[4]                                                                                                                            ; 3       ;
; sld_signaltap:auto_signaltap_0|sld_signaltap_impl:sld_signaltap_body|sld_signaltap_implb:sld_signaltap_body|sld_ela_control:ela_control|lpm_shiftreg:\storage_transition:transition_detector_setup_bits|dffs[5]                                                                                                                            ; 3       ;
; sld_signaltap:auto_signaltap_0|sld_signaltap_impl:sld_signaltap_body|sld_signaltap_implb:sld_signaltap_body|sld_ela_control:ela_control|lpm_shiftreg:\storage_transition:transition_detector_setup_bits|dffs[6]                                                                                                                            ; 3       ;
; sld_signaltap:auto_signaltap_0|sld_signaltap_impl:sld_signaltap_body|sld_signaltap_implb:sld_signaltap_body|sld_ela_control:ela_control|lpm_shiftreg:\storage_transition:transition_detector_setup_bits|dffs[7]                                                                                                                            ; 3       ;
; sld_signaltap:auto_signaltap_0|sld_signaltap_impl:sld_signaltap_body|sld_signaltap_implb:sld_signaltap_body|sld_ela_control:ela_control|lpm_shiftreg:\storage_transition:transition_detector_setup_bits|dffs[8]                                                                                                                            ; 3       ;
; sld_signaltap:auto_signaltap_0|sld_signaltap_impl:sld_signaltap_body|sld_signaltap_implb:sld_signaltap_body|sld_ela_control:ela_control|lpm_shiftreg:\storage_transition:transition_detector_setup_bits|dffs[9]                                                                                                                            ; 3       ;
; sld_signaltap:auto_signaltap_0|sld_signaltap_impl:sld_signaltap_body|sld_signaltap_implb:sld_signaltap_body|sld_ela_control:ela_control|lpm_shiftreg:\storage_transition:transition_detector_setup_bits|dffs[10]                                                                                                                           ; 3       ;
; sld_signaltap:auto_signaltap_0|sld_signaltap_impl:sld_signaltap_body|sld_signaltap_implb:sld_signaltap_body|sld_ela_control:ela_control|lpm_shiftreg:\storage_transition:transition_detector_setup_bits|dffs[11]                                                                                                                           ; 3       ;
; sld_signaltap:auto_signaltap_0|sld_signaltap_impl:sld_signaltap_body|sld_signaltap_implb:sld_signaltap_body|sld_ela_control:ela_control|lpm_shiftreg:\storage_transition:transition_detector_setup_bits|dffs[12]                                                                                                                           ; 3       ;
; sld_signaltap:auto_signaltap_0|sld_signaltap_impl:sld_signaltap_body|sld_signaltap_implb:sld_signaltap_body|sld_ela_control:ela_control|lpm_shiftreg:\storage_transition:transition_detector_setup_bits|dffs[13]                                                                                                                           ; 3       ;
; sld_signaltap:auto_signaltap_0|sld_signaltap_impl:sld_signaltap_body|sld_signaltap_implb:sld_signaltap_body|sld_ela_control:ela_control|lpm_shiftreg:\storage_transition:transition_detector_setup_bits|dffs[14]                                                                                                                           ; 3       ;
; sld_signaltap:auto_signaltap_0|sld_signaltap_impl:sld_signaltap_body|sld_signaltap_implb:sld_signaltap_body|sld_ela_control:ela_control|lpm_shiftreg:\storage_transition:transition_detector_setup_bits|dffs[15]                                                                                                                           ; 3       ;
; sld_signaltap:auto_signaltap_0|sld_signaltap_impl:sld_signaltap_body|sld_signaltap_implb:sld_signaltap_body|sld_ela_control:ela_control|lpm_shiftreg:\storage_transition:transition_detector_setup_bits|dffs[16]                                                                                                                           ; 3       ;
; sld_signaltap:auto_signaltap_0|sld_signaltap_impl:sld_signaltap_body|sld_signaltap_implb:sld_signaltap_body|sld_ela_control:ela_control|lpm_shiftreg:\storage_transition:transition_detector_setup_bits|dffs[17]                                                                                                                           ; 3       ;
; sld_signaltap:auto_signaltap_0|sld_signaltap_impl:sld_signaltap_body|sld_signaltap_implb:sld_signaltap_body|sld_ela_control:ela_control|lpm_shiftreg:\storage_transition:transition_detector_setup_bits|dffs[18]                                                                                                                           ; 3       ;
; sld_signaltap:auto_signaltap_0|sld_signaltap_impl:sld_signaltap_body|sld_signaltap_implb:sld_signaltap_body|sld_ela_control:ela_control|lpm_shiftreg:\storage_transition:transition_detector_setup_bits|dffs[19]                                                                                                                           ; 3       ;
; sld_signaltap:auto_signaltap_0|sld_signaltap_impl:sld_signaltap_body|sld_signaltap_implb:sld_signaltap_body|sld_ela_control:ela_control|lpm_shiftreg:\storage_transition:transition_detector_setup_bits|dffs[20]                                                                                                                           ; 3       ;
; sld_signaltap:auto_signaltap_0|sld_signaltap_impl:sld_signaltap_body|sld_signaltap_implb:sld_signaltap_body|sld_ela_control:ela_control|lpm_shiftreg:\storage_transition:transition_detector_setup_bits|dffs[21]                                                                                                                           ; 3       ;
; sld_signaltap:auto_signaltap_0|sld_signaltap_impl:sld_signaltap_body|sld_signaltap_implb:sld_signaltap_body|sld_ela_control:ela_control|lpm_shiftreg:\storage_transition:transition_detector_setup_bits|dffs[22]                                                                                                                           ; 3       ;
; sld_signaltap:auto_signaltap_0|sld_signaltap_impl:sld_signaltap_body|sld_signaltap_implb:sld_signaltap_body|sld_ela_control:ela_control|lpm_shiftreg:\storage_transition:transition_detector_setup_bits|dffs[23]                                                                                                                           ; 3       ;
; sld_signaltap:auto_signaltap_0|sld_signaltap_impl:sld_signaltap_body|sld_signaltap_implb:sld_signaltap_body|sld_ela_control:ela_control|lpm_shiftreg:\storage_transition:transition_detector_setup_bits|dffs[24]                                                                                                                           ; 3       ;
; sld_signaltap:auto_signaltap_0|sld_signaltap_impl:sld_signaltap_body|sld_signaltap_implb:sld_signaltap_body|sld_ela_control:ela_control|lpm_shiftreg:\storage_transition:transition_detector_setup_bits|dffs[25]                                                                                                                           ; 3       ;
; sld_signaltap:auto_signaltap_0|sld_signaltap_impl:sld_signaltap_body|sld_signaltap_implb:sld_signaltap_body|sld_ela_control:ela_control|lpm_shiftreg:\storage_transition:transition_detector_setup_bits|dffs[26]                                                                                                                           ; 3       ;
; sld_signaltap:auto_signaltap_0|sld_signaltap_impl:sld_signaltap_body|sld_signaltap_implb:sld_signaltap_body|sld_ela_control:ela_control|lpm_shiftreg:\storage_transition:transition_detector_setup_bits|dffs[27]                                                                                                                           ; 3       ;
; sld_signaltap:auto_signaltap_0|sld_signaltap_impl:sld_signaltap_body|sld_signaltap_implb:sld_signaltap_body|sld_ela_control:ela_control|lpm_shiftreg:\storage_transition:transition_detector_setup_bits|dffs[28]                                                                                                                           ; 3       ;
; sld_signaltap:auto_signaltap_0|sld_signaltap_impl:sld_signaltap_body|sld_signaltap_implb:sld_signaltap_body|sld_ela_control:ela_control|lpm_shiftreg:\storage_transition:transition_detector_setup_bits|dffs[29]                                                                                                                           ; 3       ;
; sld_signaltap:auto_signaltap_0|sld_signaltap_impl:sld_signaltap_body|sld_signaltap_implb:sld_signaltap_body|sld_ela_control:ela_control|lpm_shiftreg:\storage_transition:transition_detector_setup_bits|dffs[30]                                                                                                                           ; 3       ;
; sld_signaltap:auto_signaltap_0|sld_signaltap_impl:sld_signaltap_body|sld_signaltap_implb:sld_signaltap_body|sld_ela_control:ela_control|lpm_shiftreg:\storage_transition:transition_detector_setup_bits|dffs[31]                                                                                                                           ; 3       ;
; sld_signaltap:auto_signaltap_0|sld_signaltap_impl:sld_signaltap_body|sld_signaltap_implb:sld_signaltap_body|sld_ela_control:ela_control|lpm_shiftreg:\storage_transition:transition_detector_setup_bits|dffs[32]                                                                                                                           ; 3       ;
; sld_signaltap:auto_signaltap_0|sld_signaltap_impl:sld_signaltap_body|sld_signaltap_implb:sld_signaltap_body|sld_ela_control:ela_control|lpm_shiftreg:\storage_transition:transition_detector_setup_bits|dffs[33]                                                                                                                           ; 3       ;
; sld_signaltap:auto_signaltap_0|sld_signaltap_impl:sld_signaltap_body|sld_signaltap_implb:sld_signaltap_body|sld_ela_control:ela_control|lpm_shiftreg:\storage_transition:transition_detector_setup_bits|dffs[34]                                                                                                                           ; 3       ;
; sld_signaltap:auto_signaltap_0|sld_signaltap_impl:sld_signaltap_body|sld_signaltap_implb:sld_signaltap_body|sld_ela_control:ela_control|lpm_shiftreg:\storage_transition:transition_detector_setup_bits|dffs[35]                                                                                                                           ; 3       ;
; sld_signaltap:auto_signaltap_0|sld_signaltap_impl:sld_signaltap_body|sld_signaltap_implb:sld_signaltap_body|sld_ela_control:ela_control|lpm_shiftreg:\storage_transition:transition_detector_setup_bits|dffs[36]                                                                                                                           ; 3       ;
; sld_signaltap:auto_signaltap_0|sld_signaltap_impl:sld_signaltap_body|sld_signaltap_implb:sld_signaltap_body|sld_ela_control:ela_control|lpm_shiftreg:\storage_transition:transition_detector_setup_bits|dffs[37]                                                                                                                           ; 3       ;
; sld_signaltap:auto_signaltap_0|sld_signaltap_impl:sld_signaltap_body|sld_signaltap_implb:sld_signaltap_body|sld_ela_control:ela_control|lpm_shiftreg:\storage_transition:transition_detector_setup_bits|dffs[38]                                                                                                                           ; 3       ;
; sld_signaltap:auto_signaltap_0|sld_signaltap_impl:sld_signaltap_body|sld_signaltap_implb:sld_signaltap_body|sld_ela_control:ela_control|lpm_shiftreg:\storage_transition:transition_detector_setup_bits|dffs[39]                                                                                                                           ; 3       ;
; sld_signaltap:auto_signaltap_0|sld_signaltap_impl:sld_signaltap_body|sld_signaltap_implb:sld_signaltap_body|sld_ela_control:ela_control|lpm_shiftreg:\storage_transition:transition_detector_setup_bits|dffs[40]                                                                                                                           ; 3       ;
; sld_signaltap:auto_signaltap_0|sld_signaltap_impl:sld_signaltap_body|sld_signaltap_implb:sld_signaltap_body|sld_ela_control:ela_control|lpm_shiftreg:\storage_transition:transition_detector_setup_bits|dffs[41]                                                                                                                           ; 3       ;
; sld_signaltap:auto_signaltap_0|sld_signaltap_impl:sld_signaltap_body|sld_signaltap_implb:sld_signaltap_body|sld_ela_control:ela_control|lpm_shiftreg:\storage_transition:transition_detector_setup_bits|dffs[42]                                                                                                                           ; 3       ;
; sld_signaltap:auto_signaltap_0|sld_signaltap_impl:sld_signaltap_body|sld_signaltap_implb:sld_signaltap_body|sld_ela_control:ela_control|lpm_shiftreg:\storage_transition:transition_detector_setup_bits|dffs[43]                                                                                                                           ; 3       ;
; sld_signaltap:auto_signaltap_0|sld_signaltap_impl:sld_signaltap_body|sld_signaltap_implb:sld_signaltap_body|sld_ela_control:ela_control|lpm_shiftreg:\storage_transition:transition_detector_setup_bits|dffs[44]                                                                                                                           ; 3       ;
; sld_signaltap:auto_signaltap_0|sld_signaltap_impl:sld_signaltap_body|sld_signaltap_implb:sld_signaltap_body|sld_ela_control:ela_control|lpm_shiftreg:\storage_transition:transition_detector_setup_bits|dffs[45]                                                                                                                           ; 3       ;
; sld_signaltap:auto_signaltap_0|sld_signaltap_impl:sld_signaltap_body|sld_signaltap_implb:sld_signaltap_body|sld_ela_control:ela_control|lpm_shiftreg:\storage_transition:transition_detector_setup_bits|dffs[46]                                                                                                                           ; 3       ;
; sld_signaltap:auto_signaltap_0|sld_signaltap_impl:sld_signaltap_body|sld_signaltap_implb:sld_signaltap_body|sld_ela_control:ela_control|lpm_shiftreg:\storage_transition:transition_detector_setup_bits|dffs[47]                                                                                                                           ; 3       ;
; sld_signaltap:auto_signaltap_0|sld_signaltap_impl:sld_signaltap_body|sld_signaltap_implb:sld_signaltap_body|sld_ela_control:ela_control|lpm_shiftreg:\storage_transition:transition_detector_setup_bits|dffs[48]                                                                                                                           ; 3       ;
; sld_signaltap:auto_signaltap_0|sld_signaltap_impl:sld_signaltap_body|sld_signaltap_implb:sld_signaltap_body|sld_ela_control:ela_control|lpm_shiftreg:\storage_transition:transition_detector_setup_bits|dffs[49]                                                                                                                           ; 3       ;
; sld_signaltap:auto_signaltap_0|sld_signaltap_impl:sld_signaltap_body|sld_signaltap_implb:sld_signaltap_body|sld_ela_control:ela_control|lpm_shiftreg:\storage_transition:transition_detector_setup_bits|dffs[50]                                                                                                                           ; 3       ;
; sld_signaltap:auto_signaltap_0|sld_signaltap_impl:sld_signaltap_body|sld_signaltap_implb:sld_signaltap_body|sld_ela_control:ela_control|lpm_shiftreg:\storage_transition:transition_detector_setup_bits|dffs[51]                                                                                                                           ; 3       ;
; sld_signaltap:auto_signaltap_0|sld_signaltap_impl:sld_signaltap_body|sld_signaltap_implb:sld_signaltap_body|sld_ela_control:ela_control|lpm_shiftreg:\storage_transition:transition_detector_setup_bits|dffs[52]                                                                                                                           ; 3       ;
; sld_signaltap:auto_signaltap_0|sld_signaltap_impl:sld_signaltap_body|sld_signaltap_implb:sld_signaltap_body|sld_ela_control:ela_control|lpm_shiftreg:\storage_transition:transition_detector_setup_bits|dffs[53]                                                                                                                           ; 3       ;
; sld_signaltap:auto_signaltap_0|sld_signaltap_impl:sld_signaltap_body|sld_signaltap_implb:sld_signaltap_body|sld_ela_control:ela_control|lpm_shiftreg:\storage_transition:transition_detector_setup_bits|dffs[54]                                                                                                                           ; 3       ;
; sld_signaltap:auto_signaltap_0|sld_signaltap_impl:sld_signaltap_body|sld_signaltap_implb:sld_signaltap_body|sld_ela_control:ela_control|lpm_shiftreg:\storage_transition:transition_detector_setup_bits|dffs[55]                                                                                                                           ; 3       ;
; sld_signaltap:auto_signaltap_0|sld_signaltap_impl:sld_signaltap_body|sld_signaltap_implb:sld_signaltap_body|sld_ela_control:ela_control|lpm_shiftreg:\storage_transition:transition_detector_setup_bits|dffs[56]                                                                                                                           ; 3       ;
; sld_signaltap:auto_signaltap_0|sld_signaltap_impl:sld_signaltap_body|sld_signaltap_implb:sld_signaltap_body|sld_ela_control:ela_control|lpm_shiftreg:\storage_transition:transition_detector_setup_bits|dffs[57]                                                                                                                           ; 3       ;
; sld_signaltap:auto_signaltap_0|sld_signaltap_impl:sld_signaltap_body|sld_signaltap_implb:sld_signaltap_body|sld_ela_control:ela_control|lpm_shiftreg:\storage_transition:transition_detector_setup_bits|dffs[58]                                                                                                                           ; 3       ;
; sld_signaltap:auto_signaltap_0|sld_signaltap_impl:sld_signaltap_body|sld_signaltap_implb:sld_signaltap_body|sld_ela_control:ela_control|lpm_shiftreg:\storage_transition:transition_detector_setup_bits|dffs[59]                                                                                                                           ; 3       ;
; sld_signaltap:auto_signaltap_0|sld_signaltap_impl:sld_signaltap_body|sld_signaltap_implb:sld_signaltap_body|sld_ela_control:ela_control|lpm_shiftreg:\storage_transition:transition_detector_setup_bits|dffs[60]                                                                                                                           ; 3       ;
; sld_signaltap:auto_signaltap_0|sld_signaltap_impl:sld_signaltap_body|sld_signaltap_implb:sld_signaltap_body|sld_ela_control:ela_control|lpm_shiftreg:\storage_transition:transition_detector_setup_bits|dffs[61]                                                                                                                           ; 3       ;
; sld_signaltap:auto_signaltap_0|sld_signaltap_impl:sld_signaltap_body|sld_signaltap_implb:sld_signaltap_body|sld_ela_control:ela_control|lpm_shiftreg:\storage_transition:transition_detector_setup_bits|dffs[62]                                                                                                                           ; 3       ;
; sld_signaltap:auto_signaltap_0|sld_signaltap_impl:sld_signaltap_body|sld_signaltap_implb:sld_signaltap_body|sld_ela_control:ela_control|lpm_shiftreg:\storage_transition:transition_detector_setup_bits|dffs[63]                                                                                                                           ; 3       ;
; sld_signaltap:auto_signaltap_0|sld_signaltap_impl:sld_signaltap_body|sld_signaltap_implb:sld_signaltap_body|sld_ela_control:ela_control|lpm_shiftreg:\storage_transition:transition_detector_setup_bits|dffs[64]                                                                                                                           ; 3       ;
; sld_signaltap:auto_signaltap_0|sld_signaltap_impl:sld_signaltap_body|sld_signaltap_implb:sld_signaltap_body|sld_ela_control:ela_control|lpm_shiftreg:\storage_transition:transition_detector_setup_bits|dffs[65]                                                                                                                           ; 3       ;
; sld_signaltap:auto_signaltap_0|sld_signaltap_impl:sld_signaltap_body|sld_signaltap_implb:sld_signaltap_body|sld_ela_control:ela_control|lpm_shiftreg:\storage_transition:transition_detector_setup_bits|dffs[66]                                                                                                                           ; 3       ;
; sld_signaltap:auto_signaltap_0|sld_signaltap_impl:sld_signaltap_body|sld_signaltap_implb:sld_signaltap_body|sld_ela_control:ela_control|lpm_shiftreg:\storage_transition:transition_detector_setup_bits|dffs[67]                                                                                                                           ; 3       ;
; sld_signaltap:auto_signaltap_0|sld_signaltap_impl:sld_signaltap_body|sld_signaltap_implb:sld_signaltap_body|sld_ela_control:ela_control|lpm_shiftreg:\storage_transition:transition_detector_setup_bits|dffs[68]                                                                                                                           ; 3       ;
; sld_signaltap:auto_signaltap_0|sld_signaltap_impl:sld_signaltap_body|sld_signaltap_implb:sld_signaltap_body|sld_ela_control:ela_control|lpm_shiftreg:\storage_transition:transition_detector_setup_bits|dffs[69]                                                                                                                           ; 3       ;
; sld_signaltap:auto_signaltap_0|sld_signaltap_impl:sld_signaltap_body|sld_signaltap_implb:sld_signaltap_body|sld_ela_control:ela_control|lpm_shiftreg:\storage_transition:transition_detector_setup_bits|dffs[70]                                                                                                                           ; 3       ;
; sld_signaltap:auto_signaltap_0|sld_signaltap_impl:sld_signaltap_body|sld_signaltap_implb:sld_signaltap_body|sld_ela_control:ela_control|lpm_shiftreg:\storage_transition:transition_detector_setup_bits|dffs[71]                                                                                                                           ; 3       ;
; sld_signaltap:auto_signaltap_0|sld_signaltap_impl:sld_signaltap_body|sld_signaltap_implb:sld_signaltap_body|sld_ela_control:ela_control|lpm_shiftreg:\storage_transition:transition_detector_setup_bits|dffs[72]                                                                                                                           ; 3       ;
; sld_signaltap:auto_signaltap_0|sld_signaltap_impl:sld_signaltap_body|sld_signaltap_implb:sld_signaltap_body|sld_ela_control:ela_control|lpm_shiftreg:\storage_transition:transition_detector_setup_bits|dffs[73]                                                                                                                           ; 3       ;
; sld_signaltap:auto_signaltap_0|sld_signaltap_impl:sld_signaltap_body|sld_signaltap_implb:sld_signaltap_body|sld_ela_control:ela_control|lpm_shiftreg:\storage_transition:transition_detector_setup_bits|dffs[74]                                                                                                                           ; 3       ;
; sld_signaltap:auto_signaltap_0|sld_signaltap_impl:sld_signaltap_body|sld_signaltap_implb:sld_signaltap_body|sld_ela_control:ela_control|lpm_shiftreg:\storage_transition:transition_detector_setup_bits|dffs[75]                                                                                                                           ; 3       ;
; sld_signaltap:auto_signaltap_0|sld_signaltap_impl:sld_signaltap_body|sld_signaltap_implb:sld_signaltap_body|sld_ela_control:ela_control|lpm_shiftreg:\storage_transition:transition_detector_setup_bits|dffs[76]                                                                                                                           ; 3       ;
; sld_signaltap:auto_signaltap_0|sld_signaltap_impl:sld_signaltap_body|sld_signaltap_implb:sld_signaltap_body|sld_ela_control:ela_control|lpm_shiftreg:\storage_transition:transition_detector_setup_bits|dffs[77]                                                                                                                           ; 3       ;
; sld_signaltap:auto_signaltap_0|sld_signaltap_impl:sld_signaltap_body|sld_signaltap_implb:sld_signaltap_body|sld_ela_control:ela_control|lpm_shiftreg:\storage_transition:transition_detector_setup_bits|dffs[78]                                                                                                                           ; 3       ;
; sld_signaltap:auto_signaltap_0|sld_signaltap_impl:sld_signaltap_body|sld_signaltap_implb:sld_signaltap_body|sld_ela_control:ela_control|lpm_shiftreg:\storage_transition:transition_detector_setup_bits|dffs[79]                                                                                                                           ; 3       ;
; sld_signaltap:auto_signaltap_0|sld_signaltap_impl:sld_signaltap_body|sld_signaltap_implb:sld_signaltap_body|sld_ela_control:ela_control|lpm_shiftreg:\storage_transition:transition_detector_setup_bits|dffs[80]                                                                                                                           ; 3       ;
; sld_signaltap:auto_signaltap_0|sld_signaltap_impl:sld_signaltap_body|sld_signaltap_implb:sld_signaltap_body|sld_ela_control:ela_control|lpm_shiftreg:\storage_transition:transition_detector_setup_bits|dffs[81]                                                                                                                           ; 3       ;
; sld_signaltap:auto_signaltap_0|sld_signaltap_impl:sld_signaltap_body|sld_signaltap_implb:sld_signaltap_body|sld_ela_control:ela_control|lpm_shiftreg:\storage_transition:transition_detector_setup_bits|dffs[82]                                                                                                                           ; 3       ;
; sld_signaltap:auto_signaltap_0|sld_signaltap_impl:sld_signaltap_body|sld_signaltap_implb:sld_signaltap_body|sld_ela_control:ela_control|lpm_shiftreg:\storage_transition:transition_detector_setup_bits|dffs[83]                                                                                                                           ; 3       ;
; sld_signaltap:auto_signaltap_0|sld_signaltap_impl:sld_signaltap_body|sld_signaltap_implb:sld_signaltap_body|sld_ela_control:ela_control|lpm_shiftreg:\storage_transition:transition_detector_setup_bits|dffs[84]                                                                                                                           ; 3       ;
; sld_signaltap:auto_signaltap_0|sld_signaltap_impl:sld_signaltap_body|sld_signaltap_implb:sld_signaltap_body|sld_ela_control:ela_control|lpm_shiftreg:\storage_transition:transition_detector_setup_bits|dffs[85]                                                                                                                           ; 3       ;
; sld_signaltap:auto_signaltap_0|sld_signaltap_impl:sld_signaltap_body|sld_signaltap_implb:sld_signaltap_body|sld_ela_control:ela_control|lpm_shiftreg:\storage_transition:transition_detector_setup_bits|dffs[86]                                                                                                                           ; 3       ;
; sld_signaltap:auto_signaltap_0|sld_signaltap_impl:sld_signaltap_body|sld_signaltap_implb:sld_signaltap_body|sld_ela_control:ela_control|lpm_shiftreg:\storage_transition:transition_detector_setup_bits|dffs[87]                                                                                                                           ; 3       ;
; sld_signaltap:auto_signaltap_0|sld_signaltap_impl:sld_signaltap_body|sld_signaltap_implb:sld_signaltap_body|sld_ela_control:ela_control|lpm_shiftreg:\storage_transition:transition_detector_setup_bits|dffs[88]                                                                                                                           ; 3       ;
; sld_signaltap:auto_signaltap_0|sld_signaltap_impl:sld_signaltap_body|sld_signaltap_implb:sld_signaltap_body|sld_ela_control:ela_control|lpm_shiftreg:\storage_transition:transition_detector_setup_bits|dffs[89]                                                                                                                           ; 3       ;
; sld_signaltap:auto_signaltap_0|sld_signaltap_impl:sld_signaltap_body|sld_signaltap_implb:sld_signaltap_body|sld_ela_control:ela_control|lpm_shiftreg:\storage_transition:transition_detector_setup_bits|dffs[90]                                                                                                                           ; 3       ;
; sld_signaltap:auto_signaltap_0|sld_signaltap_impl:sld_signaltap_body|sld_signaltap_implb:sld_signaltap_body|sld_ela_control:ela_control|lpm_shiftreg:\storage_transition:transition_detector_setup_bits|dffs[91]                                                                                                                           ; 3       ;
; sld_signaltap:auto_signaltap_0|sld_signaltap_impl:sld_signaltap_body|sld_signaltap_implb:sld_signaltap_body|sld_ela_control:ela_control|lpm_shiftreg:\storage_transition:transition_detector_setup_bits|dffs[92]                                                                                                                           ; 3       ;
; sld_signaltap:auto_signaltap_0|sld_signaltap_impl:sld_signaltap_body|sld_signaltap_implb:sld_signaltap_body|sld_ela_control:ela_control|lpm_shiftreg:\storage_transition:transition_detector_setup_bits|dffs[93]                                                                                                                           ; 3       ;
; sld_signaltap:auto_signaltap_0|sld_signaltap_impl:sld_signaltap_body|sld_signaltap_implb:sld_signaltap_body|sld_ela_control:ela_control|lpm_shiftreg:\storage_transition:transition_detector_setup_bits|dffs[94]                                                                                                                           ; 3       ;
; sld_signaltap:auto_signaltap_0|sld_signaltap_impl:sld_signaltap_body|sld_signaltap_implb:sld_signaltap_body|sld_ela_control:ela_control|lpm_shiftreg:\storage_transition:transition_detector_setup_bits|dffs[95]                                                                                                                           ; 3       ;
; sld_signaltap:auto_signaltap_0|sld_signaltap_impl:sld_signaltap_body|sld_signaltap_implb:sld_signaltap_body|sld_ela_control:ela_control|lpm_shiftreg:\storage_transition:transition_detector_setup_bits|dffs[96]                                                                                                                           ; 3       ;
; sld_signaltap:auto_signaltap_0|sld_signaltap_impl:sld_signaltap_body|sld_signaltap_implb:sld_signaltap_body|sld_ela_control:ela_control|lpm_shiftreg:\storage_transition:transition_detector_setup_bits|dffs[97]                                                                                                                           ; 3       ;
; sld_signaltap:auto_signaltap_0|sld_signaltap_impl:sld_signaltap_body|sld_signaltap_implb:sld_signaltap_body|sld_ela_control:ela_control|lpm_shiftreg:\storage_transition:transition_detector_setup_bits|dffs[98]                                                                                                                           ; 3       ;
; sld_signaltap:auto_signaltap_0|sld_signaltap_impl:sld_signaltap_body|sld_signaltap_implb:sld_signaltap_body|sld_ela_control:ela_control|lpm_shiftreg:\storage_transition:transition_detector_setup_bits|dffs[99]                                                                                                                           ; 3       ;
; sld_signaltap:auto_signaltap_0|sld_signaltap_impl:sld_signaltap_body|sld_signaltap_implb:sld_signaltap_body|sld_ela_control:ela_control|lpm_shiftreg:\storage_transition:transition_detector_setup_bits|dffs[100]                                                                                                                          ; 3       ;
; sld_signaltap:auto_signaltap_0|sld_signaltap_impl:sld_signaltap_body|sld_signaltap_implb:sld_signaltap_body|sld_ela_control:ela_control|lpm_shiftreg:\storage_transition:transition_detector_setup_bits|dffs[101]                                                                                                                          ; 3       ;
; sld_signaltap:auto_signaltap_0|sld_signaltap_impl:sld_signaltap_body|sld_signaltap_implb:sld_signaltap_body|sld_ela_control:ela_control|lpm_shiftreg:\storage_transition:transition_detector_setup_bits|dffs[102]                                                                                                                          ; 3       ;
; sld_signaltap:auto_signaltap_0|sld_signaltap_impl:sld_signaltap_body|sld_signaltap_implb:sld_signaltap_body|sld_ela_control:ela_control|lpm_shiftreg:\storage_transition:transition_detector_setup_bits|dffs[103]                                                                                                                          ; 3       ;
; sld_signaltap:auto_signaltap_0|sld_signaltap_impl:sld_signaltap_body|sld_signaltap_implb:sld_signaltap_body|sld_ela_control:ela_control|lpm_shiftreg:\storage_transition:transition_detector_setup_bits|dffs[104]                                                                                                                          ; 3       ;
; sld_signaltap:auto_signaltap_0|sld_signaltap_impl:sld_signaltap_body|sld_signaltap_implb:sld_signaltap_body|sld_ela_control:ela_control|lpm_shiftreg:\storage_transition:transition_detector_setup_bits|dffs[105]                                                                                                                          ; 3       ;
; sld_signaltap:auto_signaltap_0|sld_signaltap_impl:sld_signaltap_body|sld_signaltap_implb:sld_signaltap_body|sld_ela_control:ela_control|lpm_shiftreg:\storage_transition:transition_detector_setup_bits|dffs[106]                                                                                                                          ; 3       ;
; sld_signaltap:auto_signaltap_0|sld_signaltap_impl:sld_signaltap_body|sld_signaltap_implb:sld_signaltap_body|sld_ela_control:ela_control|lpm_shiftreg:\storage_transition:transition_detector_setup_bits|dffs[1]                                                                                                                            ; 3       ;
; sld_signaltap:auto_signaltap_0|sld_signaltap_impl:sld_signaltap_body|sld_signaltap_implb:sld_signaltap_body|sld_buffer_manager:sld_buffer_manager_inst|\storage_qualifier_buffer_manager:next_address[4]                                                                                                                                   ; 3       ;
; sld_signaltap:auto_signaltap_0|sld_signaltap_impl:sld_signaltap_body|sld_signaltap_implb:sld_signaltap_body|sld_buffer_manager:sld_buffer_manager_inst|\storage_qualifier_buffer_manager:next_address[5]                                                                                                                                   ; 3       ;
; sld_signaltap:auto_signaltap_0|sld_signaltap_impl:sld_signaltap_body|sld_signaltap_implb:sld_signaltap_body|sld_buffer_manager:sld_buffer_manager_inst|\storage_qualifier_buffer_manager:next_address[6]                                                                                                                                   ; 3       ;
; sld_signaltap:auto_signaltap_0|sld_signaltap_impl:sld_signaltap_body|sld_signaltap_implb:sld_signaltap_body|sld_buffer_manager:sld_buffer_manager_inst|\storage_qualifier_buffer_manager:next_address[7]                                                                                                                                   ; 3       ;
; sld_signaltap:auto_signaltap_0|sld_signaltap_impl:sld_signaltap_body|sld_signaltap_implb:sld_signaltap_body|sld_buffer_manager:sld_buffer_manager_inst|\storage_qualifier_buffer_manager:next_address[8]                                                                                                                                   ; 3       ;
; sld_signaltap:auto_signaltap_0|sld_signaltap_impl:sld_signaltap_body|sld_signaltap_implb:sld_signaltap_body|sld_buffer_manager:sld_buffer_manager_inst|\storage_qualifier_buffer_manager:next_address[3]                                                                                                                                   ; 3       ;
; sld_signaltap:auto_signaltap_0|sld_signaltap_impl:sld_signaltap_body|sld_signaltap_implb:sld_signaltap_body|sld_buffer_manager:sld_buffer_manager_inst|\storage_qualifier_buffer_manager:next_address[2]                                                                                                                                   ; 3       ;
; sld_signaltap:auto_signaltap_0|sld_signaltap_impl:sld_signaltap_body|sld_signaltap_implb:sld_signaltap_body|sld_ela_control:ela_control|lpm_shiftreg:\storage_transition:transition_detector_setup_bits|dffs[0]                                                                                                                            ; 3       ;
; sld_signaltap:auto_signaltap_0|sld_signaltap_impl:sld_signaltap_body|sld_signaltap_implb:sld_signaltap_body|sld_buffer_manager:sld_buffer_manager_inst|\storage_qualifier_buffer_manager:next_address[1]                                                                                                                                   ; 3       ;
; sld_signaltap:auto_signaltap_0|sld_signaltap_impl:sld_signaltap_body|sld_signaltap_implb:sld_signaltap_body|sld_ela_control:ela_control|sld_ela_basic_multi_level_trigger:\basic_multi_level_mbpm_trigger_gen:multi_level_mbpm|lpm_shiftreg:trigger_condition_deserialize|dffs[2]                                                          ; 3       ;
; sld_signaltap:auto_signaltap_0|sld_signaltap_impl:sld_signaltap_body|sld_signaltap_implb:sld_signaltap_body|sld_ela_control:ela_control|sld_ela_basic_multi_level_trigger:\basic_multi_level_mbpm_trigger_gen:multi_level_mbpm|lpm_shiftreg:trigger_condition_deserialize|dffs[5]                                                          ; 3       ;
; sld_signaltap:auto_signaltap_0|sld_signaltap_impl:sld_signaltap_body|sld_signaltap_implb:sld_signaltap_body|sld_ela_control:ela_control|sld_ela_basic_multi_level_trigger:\basic_multi_level_mbpm_trigger_gen:multi_level_mbpm|lpm_shiftreg:trigger_condition_deserialize|dffs[8]                                                          ; 3       ;
; sld_signaltap:auto_signaltap_0|sld_signaltap_impl:sld_signaltap_body|sld_signaltap_implb:sld_signaltap_body|sld_ela_control:ela_control|sld_ela_basic_multi_level_trigger:\basic_multi_level_mbpm_trigger_gen:multi_level_mbpm|lpm_shiftreg:trigger_condition_deserialize|dffs[11]                                                         ; 3       ;
; sld_signaltap:auto_signaltap_0|sld_signaltap_impl:sld_signaltap_body|sld_signaltap_implb:sld_signaltap_body|sld_ela_control:ela_control|sld_ela_basic_multi_level_trigger:\basic_multi_level_mbpm_trigger_gen:multi_level_mbpm|lpm_shiftreg:trigger_condition_deserialize|dffs[14]                                                         ; 3       ;
; sld_signaltap:auto_signaltap_0|sld_signaltap_impl:sld_signaltap_body|sld_signaltap_implb:sld_signaltap_body|sld_ela_control:ela_control|sld_ela_basic_multi_level_trigger:\basic_multi_level_mbpm_trigger_gen:multi_level_mbpm|lpm_shiftreg:trigger_condition_deserialize|dffs[17]                                                         ; 3       ;
; sld_signaltap:auto_signaltap_0|sld_signaltap_impl:sld_signaltap_body|sld_signaltap_implb:sld_signaltap_body|sld_ela_control:ela_control|sld_ela_basic_multi_level_trigger:\basic_multi_level_mbpm_trigger_gen:multi_level_mbpm|lpm_shiftreg:trigger_condition_deserialize|dffs[20]                                                         ; 3       ;
; sld_signaltap:auto_signaltap_0|sld_signaltap_impl:sld_signaltap_body|sld_signaltap_implb:sld_signaltap_body|sld_ela_control:ela_control|sld_ela_basic_multi_level_trigger:\basic_multi_level_mbpm_trigger_gen:multi_level_mbpm|lpm_shiftreg:trigger_condition_deserialize|dffs[23]                                                         ; 3       ;
; sld_signaltap:auto_signaltap_0|sld_signaltap_impl:sld_signaltap_body|sld_signaltap_implb:sld_signaltap_body|sld_ela_control:ela_control|sld_ela_basic_multi_level_trigger:\basic_multi_level_mbpm_trigger_gen:multi_level_mbpm|lpm_shiftreg:trigger_condition_deserialize|dffs[26]                                                         ; 3       ;
; sld_signaltap:auto_signaltap_0|sld_signaltap_impl:sld_signaltap_body|sld_signaltap_implb:sld_signaltap_body|sld_ela_control:ela_control|sld_ela_basic_multi_level_trigger:\basic_multi_level_mbpm_trigger_gen:multi_level_mbpm|lpm_shiftreg:trigger_condition_deserialize|dffs[29]                                                         ; 3       ;
; sld_signaltap:auto_signaltap_0|sld_signaltap_impl:sld_signaltap_body|sld_signaltap_implb:sld_signaltap_body|sld_ela_control:ela_control|sld_ela_basic_multi_level_trigger:\basic_multi_level_mbpm_trigger_gen:multi_level_mbpm|lpm_shiftreg:trigger_condition_deserialize|dffs[32]                                                         ; 3       ;
; sld_signaltap:auto_signaltap_0|sld_signaltap_impl:sld_signaltap_body|sld_signaltap_implb:sld_signaltap_body|sld_ela_control:ela_control|sld_ela_basic_multi_level_trigger:\basic_multi_level_mbpm_trigger_gen:multi_level_mbpm|lpm_shiftreg:trigger_condition_deserialize|dffs[35]                                                         ; 3       ;
; sld_signaltap:auto_signaltap_0|sld_signaltap_impl:sld_signaltap_body|sld_signaltap_implb:sld_signaltap_body|sld_ela_control:ela_control|sld_ela_basic_multi_level_trigger:\basic_multi_level_mbpm_trigger_gen:multi_level_mbpm|lpm_shiftreg:trigger_condition_deserialize|dffs[38]                                                         ; 3       ;
; sld_signaltap:auto_signaltap_0|sld_signaltap_impl:sld_signaltap_body|sld_signaltap_implb:sld_signaltap_body|sld_ela_control:ela_control|sld_ela_basic_multi_level_trigger:\basic_multi_level_mbpm_trigger_gen:multi_level_mbpm|lpm_shiftreg:trigger_condition_deserialize|dffs[41]                                                         ; 3       ;
; sld_signaltap:auto_signaltap_0|sld_signaltap_impl:sld_signaltap_body|sld_signaltap_implb:sld_signaltap_body|sld_ela_control:ela_control|sld_ela_basic_multi_level_trigger:\basic_multi_level_mbpm_trigger_gen:multi_level_mbpm|lpm_shiftreg:trigger_condition_deserialize|dffs[44]                                                         ; 3       ;
; sld_signaltap:auto_signaltap_0|sld_signaltap_impl:sld_signaltap_body|sld_signaltap_implb:sld_signaltap_body|sld_ela_control:ela_control|sld_ela_basic_multi_level_trigger:\basic_multi_level_mbpm_trigger_gen:multi_level_mbpm|lpm_shiftreg:trigger_condition_deserialize|dffs[47]                                                         ; 3       ;
; sld_signaltap:auto_signaltap_0|sld_signaltap_impl:sld_signaltap_body|sld_signaltap_implb:sld_signaltap_body|sld_ela_control:ela_control|sld_ela_basic_multi_level_trigger:\basic_multi_level_mbpm_trigger_gen:multi_level_mbpm|lpm_shiftreg:trigger_condition_deserialize|dffs[50]                                                         ; 3       ;
; sld_signaltap:auto_signaltap_0|sld_signaltap_impl:sld_signaltap_body|sld_signaltap_implb:sld_signaltap_body|sld_ela_control:ela_control|sld_ela_basic_multi_level_trigger:\basic_multi_level_mbpm_trigger_gen:multi_level_mbpm|lpm_shiftreg:trigger_condition_deserialize|dffs[53]                                                         ; 3       ;
; sld_signaltap:auto_signaltap_0|sld_signaltap_impl:sld_signaltap_body|sld_signaltap_implb:sld_signaltap_body|sld_ela_control:ela_control|sld_ela_basic_multi_level_trigger:\basic_multi_level_mbpm_trigger_gen:multi_level_mbpm|lpm_shiftreg:trigger_condition_deserialize|dffs[56]                                                         ; 3       ;
; sld_signaltap:auto_signaltap_0|sld_signaltap_impl:sld_signaltap_body|sld_signaltap_implb:sld_signaltap_body|sld_ela_control:ela_control|sld_ela_basic_multi_level_trigger:\basic_multi_level_mbpm_trigger_gen:multi_level_mbpm|lpm_shiftreg:trigger_condition_deserialize|dffs[59]                                                         ; 3       ;
; sld_signaltap:auto_signaltap_0|sld_signaltap_impl:sld_signaltap_body|sld_signaltap_implb:sld_signaltap_body|sld_ela_control:ela_control|sld_ela_basic_multi_level_trigger:\basic_multi_level_mbpm_trigger_gen:multi_level_mbpm|lpm_shiftreg:trigger_condition_deserialize|dffs[62]                                                         ; 3       ;
; sld_signaltap:auto_signaltap_0|sld_signaltap_impl:sld_signaltap_body|sld_signaltap_implb:sld_signaltap_body|sld_ela_control:ela_control|sld_ela_basic_multi_level_trigger:\basic_multi_level_mbpm_trigger_gen:multi_level_mbpm|lpm_shiftreg:trigger_condition_deserialize|dffs[65]                                                         ; 3       ;
; sld_signaltap:auto_signaltap_0|sld_signaltap_impl:sld_signaltap_body|sld_signaltap_implb:sld_signaltap_body|sld_ela_control:ela_control|sld_ela_basic_multi_level_trigger:\basic_multi_level_mbpm_trigger_gen:multi_level_mbpm|lpm_shiftreg:trigger_condition_deserialize|dffs[68]                                                         ; 3       ;
; sld_signaltap:auto_signaltap_0|sld_signaltap_impl:sld_signaltap_body|sld_signaltap_implb:sld_signaltap_body|sld_ela_control:ela_control|sld_ela_basic_multi_level_trigger:\basic_multi_level_mbpm_trigger_gen:multi_level_mbpm|lpm_shiftreg:trigger_condition_deserialize|dffs[71]                                                         ; 3       ;
; sld_signaltap:auto_signaltap_0|sld_signaltap_impl:sld_signaltap_body|sld_signaltap_implb:sld_signaltap_body|sld_ela_control:ela_control|sld_ela_basic_multi_level_trigger:\basic_multi_level_mbpm_trigger_gen:multi_level_mbpm|lpm_shiftreg:trigger_condition_deserialize|dffs[74]                                                         ; 3       ;
; sld_signaltap:auto_signaltap_0|sld_signaltap_impl:sld_signaltap_body|sld_signaltap_implb:sld_signaltap_body|sld_ela_control:ela_control|sld_ela_basic_multi_level_trigger:\basic_multi_level_mbpm_trigger_gen:multi_level_mbpm|lpm_shiftreg:trigger_condition_deserialize|dffs[77]                                                         ; 3       ;
; sld_signaltap:auto_signaltap_0|sld_signaltap_impl:sld_signaltap_body|sld_signaltap_implb:sld_signaltap_body|sld_ela_control:ela_control|sld_ela_basic_multi_level_trigger:\basic_multi_level_mbpm_trigger_gen:multi_level_mbpm|lpm_shiftreg:trigger_condition_deserialize|dffs[80]                                                         ; 3       ;
; sld_signaltap:auto_signaltap_0|sld_signaltap_impl:sld_signaltap_body|sld_signaltap_implb:sld_signaltap_body|sld_ela_control:ela_control|sld_ela_basic_multi_level_trigger:\basic_multi_level_mbpm_trigger_gen:multi_level_mbpm|lpm_shiftreg:trigger_condition_deserialize|dffs[83]                                                         ; 3       ;
; sld_signaltap:auto_signaltap_0|sld_signaltap_impl:sld_signaltap_body|sld_signaltap_implb:sld_signaltap_body|sld_ela_control:ela_control|sld_ela_basic_multi_level_trigger:\basic_multi_level_mbpm_trigger_gen:multi_level_mbpm|lpm_shiftreg:trigger_condition_deserialize|dffs[86]                                                         ; 3       ;
; sld_signaltap:auto_signaltap_0|sld_signaltap_impl:sld_signaltap_body|sld_signaltap_implb:sld_signaltap_body|sld_ela_control:ela_control|sld_ela_basic_multi_level_trigger:\basic_multi_level_mbpm_trigger_gen:multi_level_mbpm|lpm_shiftreg:trigger_condition_deserialize|dffs[89]                                                         ; 3       ;
; sld_signaltap:auto_signaltap_0|sld_signaltap_impl:sld_signaltap_body|sld_signaltap_implb:sld_signaltap_body|sld_ela_control:ela_control|sld_ela_basic_multi_level_trigger:\basic_multi_level_mbpm_trigger_gen:multi_level_mbpm|lpm_shiftreg:trigger_condition_deserialize|dffs[92]                                                         ; 3       ;
; sld_signaltap:auto_signaltap_0|sld_signaltap_impl:sld_signaltap_body|sld_signaltap_implb:sld_signaltap_body|sld_ela_control:ela_control|sld_ela_basic_multi_level_trigger:\basic_multi_level_mbpm_trigger_gen:multi_level_mbpm|lpm_shiftreg:trigger_condition_deserialize|dffs[95]                                                         ; 3       ;
; sld_signaltap:auto_signaltap_0|sld_signaltap_impl:sld_signaltap_body|sld_signaltap_implb:sld_signaltap_body|sld_ela_control:ela_control|sld_ela_basic_multi_level_trigger:\basic_multi_level_mbpm_trigger_gen:multi_level_mbpm|lpm_shiftreg:trigger_condition_deserialize|dffs[98]                                                         ; 3       ;
; sld_signaltap:auto_signaltap_0|sld_signaltap_impl:sld_signaltap_body|sld_signaltap_implb:sld_signaltap_body|sld_ela_control:ela_control|sld_ela_basic_multi_level_trigger:\basic_multi_level_mbpm_trigger_gen:multi_level_mbpm|lpm_shiftreg:trigger_condition_deserialize|dffs[101]                                                        ; 3       ;
; sld_signaltap:auto_signaltap_0|sld_signaltap_impl:sld_signaltap_body|sld_signaltap_implb:sld_signaltap_body|sld_ela_control:ela_control|sld_ela_basic_multi_level_trigger:\basic_multi_level_mbpm_trigger_gen:multi_level_mbpm|lpm_shiftreg:trigger_condition_deserialize|dffs[104]                                                        ; 3       ;
; sld_signaltap:auto_signaltap_0|sld_signaltap_impl:sld_signaltap_body|sld_signaltap_implb:sld_signaltap_body|sld_ela_control:ela_control|sld_ela_basic_multi_level_trigger:\basic_multi_level_mbpm_trigger_gen:multi_level_mbpm|lpm_shiftreg:trigger_condition_deserialize|dffs[107]                                                        ; 3       ;
; sld_signaltap:auto_signaltap_0|sld_signaltap_impl:sld_signaltap_body|sld_signaltap_implb:sld_signaltap_body|sld_ela_control:ela_control|sld_ela_basic_multi_level_trigger:\basic_multi_level_mbpm_trigger_gen:multi_level_mbpm|lpm_shiftreg:trigger_condition_deserialize|dffs[110]                                                        ; 3       ;
; sld_signaltap:auto_signaltap_0|sld_signaltap_impl:sld_signaltap_body|sld_signaltap_implb:sld_signaltap_body|sld_ela_control:ela_control|sld_ela_basic_multi_level_trigger:\basic_multi_level_mbpm_trigger_gen:multi_level_mbpm|lpm_shiftreg:trigger_condition_deserialize|dffs[113]                                                        ; 3       ;
; sld_signaltap:auto_signaltap_0|sld_signaltap_impl:sld_signaltap_body|sld_signaltap_implb:sld_signaltap_body|sld_ela_control:ela_control|sld_ela_basic_multi_level_trigger:\basic_multi_level_mbpm_trigger_gen:multi_level_mbpm|lpm_shiftreg:trigger_condition_deserialize|dffs[116]                                                        ; 3       ;
; sld_signaltap:auto_signaltap_0|sld_signaltap_impl:sld_signaltap_body|sld_signaltap_implb:sld_signaltap_body|sld_ela_control:ela_control|sld_ela_basic_multi_level_trigger:\basic_multi_level_mbpm_trigger_gen:multi_level_mbpm|lpm_shiftreg:trigger_condition_deserialize|dffs[119]                                                        ; 3       ;
; sld_signaltap:auto_signaltap_0|sld_signaltap_impl:sld_signaltap_body|sld_signaltap_implb:sld_signaltap_body|sld_ela_control:ela_control|sld_ela_basic_multi_level_trigger:\basic_multi_level_mbpm_trigger_gen:multi_level_mbpm|lpm_shiftreg:trigger_condition_deserialize|dffs[122]                                                        ; 3       ;
; sld_signaltap:auto_signaltap_0|sld_signaltap_impl:sld_signaltap_body|sld_signaltap_implb:sld_signaltap_body|sld_ela_control:ela_control|sld_ela_basic_multi_level_trigger:\basic_multi_level_mbpm_trigger_gen:multi_level_mbpm|lpm_shiftreg:trigger_condition_deserialize|dffs[125]                                                        ; 3       ;
; sld_signaltap:auto_signaltap_0|sld_signaltap_impl:sld_signaltap_body|sld_signaltap_implb:sld_signaltap_body|sld_ela_control:ela_control|sld_ela_basic_multi_level_trigger:\basic_multi_level_mbpm_trigger_gen:multi_level_mbpm|lpm_shiftreg:trigger_condition_deserialize|dffs[128]                                                        ; 3       ;
; sld_signaltap:auto_signaltap_0|sld_signaltap_impl:sld_signaltap_body|sld_signaltap_implb:sld_signaltap_body|sld_ela_control:ela_control|sld_ela_basic_multi_level_trigger:\basic_multi_level_mbpm_trigger_gen:multi_level_mbpm|lpm_shiftreg:trigger_condition_deserialize|dffs[131]                                                        ; 3       ;
; sld_signaltap:auto_signaltap_0|sld_signaltap_impl:sld_signaltap_body|sld_signaltap_implb:sld_signaltap_body|sld_ela_control:ela_control|sld_ela_basic_multi_level_trigger:\basic_multi_level_mbpm_trigger_gen:multi_level_mbpm|lpm_shiftreg:trigger_condition_deserialize|dffs[134]                                                        ; 3       ;
; sld_signaltap:auto_signaltap_0|sld_signaltap_impl:sld_signaltap_body|sld_signaltap_implb:sld_signaltap_body|sld_ela_control:ela_control|sld_ela_basic_multi_level_trigger:\basic_multi_level_mbpm_trigger_gen:multi_level_mbpm|lpm_shiftreg:trigger_condition_deserialize|dffs[137]                                                        ; 3       ;
; sld_signaltap:auto_signaltap_0|sld_signaltap_impl:sld_signaltap_body|sld_signaltap_implb:sld_signaltap_body|sld_ela_control:ela_control|sld_ela_basic_multi_level_trigger:\basic_multi_level_mbpm_trigger_gen:multi_level_mbpm|lpm_shiftreg:trigger_condition_deserialize|dffs[140]                                                        ; 3       ;
; sld_signaltap:auto_signaltap_0|sld_signaltap_impl:sld_signaltap_body|sld_signaltap_implb:sld_signaltap_body|sld_ela_control:ela_control|sld_ela_basic_multi_level_trigger:\basic_multi_level_mbpm_trigger_gen:multi_level_mbpm|lpm_shiftreg:trigger_condition_deserialize|dffs[143]                                                        ; 3       ;
; sld_signaltap:auto_signaltap_0|sld_signaltap_impl:sld_signaltap_body|sld_signaltap_implb:sld_signaltap_body|sld_ela_control:ela_control|sld_ela_basic_multi_level_trigger:\basic_multi_level_mbpm_trigger_gen:multi_level_mbpm|lpm_shiftreg:trigger_condition_deserialize|dffs[146]                                                        ; 3       ;
; sld_signaltap:auto_signaltap_0|sld_signaltap_impl:sld_signaltap_body|sld_signaltap_implb:sld_signaltap_body|sld_ela_control:ela_control|sld_ela_basic_multi_level_trigger:\basic_multi_level_mbpm_trigger_gen:multi_level_mbpm|lpm_shiftreg:trigger_condition_deserialize|dffs[149]                                                        ; 3       ;
; sld_signaltap:auto_signaltap_0|sld_signaltap_impl:sld_signaltap_body|sld_signaltap_implb:sld_signaltap_body|sld_ela_control:ela_control|sld_ela_basic_multi_level_trigger:\basic_multi_level_mbpm_trigger_gen:multi_level_mbpm|lpm_shiftreg:trigger_condition_deserialize|dffs[152]                                                        ; 3       ;
; sld_signaltap:auto_signaltap_0|sld_signaltap_impl:sld_signaltap_body|sld_signaltap_implb:sld_signaltap_body|sld_ela_control:ela_control|sld_ela_basic_multi_level_trigger:\basic_multi_level_mbpm_trigger_gen:multi_level_mbpm|lpm_shiftreg:trigger_condition_deserialize|dffs[155]                                                        ; 3       ;
; sld_signaltap:auto_signaltap_0|sld_signaltap_impl:sld_signaltap_body|sld_signaltap_implb:sld_signaltap_body|sld_ela_control:ela_control|sld_ela_basic_multi_level_trigger:\basic_multi_level_mbpm_trigger_gen:multi_level_mbpm|lpm_shiftreg:trigger_condition_deserialize|dffs[158]                                                        ; 3       ;
; sld_signaltap:auto_signaltap_0|sld_signaltap_impl:sld_signaltap_body|sld_signaltap_implb:sld_signaltap_body|sld_ela_control:ela_control|sld_ela_basic_multi_level_trigger:\basic_multi_level_mbpm_trigger_gen:multi_level_mbpm|lpm_shiftreg:trigger_condition_deserialize|dffs[161]                                                        ; 3       ;
; sld_signaltap:auto_signaltap_0|sld_signaltap_impl:sld_signaltap_body|sld_signaltap_implb:sld_signaltap_body|sld_ela_control:ela_control|sld_ela_basic_multi_level_trigger:\basic_multi_level_mbpm_trigger_gen:multi_level_mbpm|lpm_shiftreg:trigger_condition_deserialize|dffs[164]                                                        ; 3       ;
; sld_signaltap:auto_signaltap_0|sld_signaltap_impl:sld_signaltap_body|sld_signaltap_implb:sld_signaltap_body|sld_ela_control:ela_control|sld_ela_basic_multi_level_trigger:\basic_multi_level_mbpm_trigger_gen:multi_level_mbpm|lpm_shiftreg:trigger_condition_deserialize|dffs[167]                                                        ; 3       ;
; sld_signaltap:auto_signaltap_0|sld_signaltap_impl:sld_signaltap_body|sld_signaltap_implb:sld_signaltap_body|sld_ela_control:ela_control|sld_ela_basic_multi_level_trigger:\basic_multi_level_mbpm_trigger_gen:multi_level_mbpm|lpm_shiftreg:trigger_condition_deserialize|dffs[170]                                                        ; 3       ;
; sld_signaltap:auto_signaltap_0|sld_signaltap_impl:sld_signaltap_body|sld_signaltap_implb:sld_signaltap_body|sld_ela_control:ela_control|sld_ela_basic_multi_level_trigger:\basic_multi_level_mbpm_trigger_gen:multi_level_mbpm|lpm_shiftreg:trigger_condition_deserialize|dffs[173]                                                        ; 3       ;
; sld_signaltap:auto_signaltap_0|sld_signaltap_impl:sld_signaltap_body|sld_signaltap_implb:sld_signaltap_body|sld_ela_control:ela_control|sld_ela_basic_multi_level_trigger:\basic_multi_level_mbpm_trigger_gen:multi_level_mbpm|lpm_shiftreg:trigger_condition_deserialize|dffs[176]                                                        ; 3       ;
; sld_signaltap:auto_signaltap_0|sld_signaltap_impl:sld_signaltap_body|sld_signaltap_implb:sld_signaltap_body|sld_ela_control:ela_control|sld_ela_basic_multi_level_trigger:\basic_multi_level_mbpm_trigger_gen:multi_level_mbpm|lpm_shiftreg:trigger_condition_deserialize|dffs[179]                                                        ; 3       ;
; sld_signaltap:auto_signaltap_0|sld_signaltap_impl:sld_signaltap_body|sld_signaltap_implb:sld_signaltap_body|sld_ela_control:ela_control|sld_ela_basic_multi_level_trigger:\basic_multi_level_mbpm_trigger_gen:multi_level_mbpm|lpm_shiftreg:trigger_condition_deserialize|dffs[182]                                                        ; 3       ;
; sld_signaltap:auto_signaltap_0|sld_signaltap_impl:sld_signaltap_body|sld_signaltap_implb:sld_signaltap_body|sld_ela_control:ela_control|sld_ela_basic_multi_level_trigger:\basic_multi_level_mbpm_trigger_gen:multi_level_mbpm|lpm_shiftreg:trigger_condition_deserialize|dffs[185]                                                        ; 3       ;
; sld_signaltap:auto_signaltap_0|sld_signaltap_impl:sld_signaltap_body|sld_signaltap_implb:sld_signaltap_body|sld_ela_control:ela_control|sld_ela_basic_multi_level_trigger:\basic_multi_level_mbpm_trigger_gen:multi_level_mbpm|lpm_shiftreg:trigger_condition_deserialize|dffs[188]                                                        ; 3       ;
; sld_signaltap:auto_signaltap_0|sld_signaltap_impl:sld_signaltap_body|sld_signaltap_implb:sld_signaltap_body|sld_ela_control:ela_control|sld_ela_basic_multi_level_trigger:\basic_multi_level_mbpm_trigger_gen:multi_level_mbpm|lpm_shiftreg:trigger_condition_deserialize|dffs[191]                                                        ; 3       ;
; sld_signaltap:auto_signaltap_0|sld_signaltap_impl:sld_signaltap_body|sld_signaltap_implb:sld_signaltap_body|sld_ela_control:ela_control|sld_ela_basic_multi_level_trigger:\basic_multi_level_mbpm_trigger_gen:multi_level_mbpm|lpm_shiftreg:trigger_condition_deserialize|dffs[194]                                                        ; 3       ;
; sld_signaltap:auto_signaltap_0|sld_signaltap_impl:sld_signaltap_body|sld_signaltap_implb:sld_signaltap_body|sld_ela_control:ela_control|sld_ela_basic_multi_level_trigger:\basic_multi_level_mbpm_trigger_gen:multi_level_mbpm|lpm_shiftreg:trigger_condition_deserialize|dffs[197]                                                        ; 3       ;
; sld_signaltap:auto_signaltap_0|sld_signaltap_impl:sld_signaltap_body|sld_signaltap_implb:sld_signaltap_body|sld_ela_control:ela_control|sld_ela_basic_multi_level_trigger:\basic_multi_level_mbpm_trigger_gen:multi_level_mbpm|lpm_shiftreg:trigger_condition_deserialize|dffs[200]                                                        ; 3       ;
; sld_signaltap:auto_signaltap_0|sld_signaltap_impl:sld_signaltap_body|sld_signaltap_implb:sld_signaltap_body|sld_ela_control:ela_control|sld_ela_basic_multi_level_trigger:\basic_multi_level_mbpm_trigger_gen:multi_level_mbpm|lpm_shiftreg:trigger_condition_deserialize|dffs[203]                                                        ; 3       ;
; sld_signaltap:auto_signaltap_0|sld_signaltap_impl:sld_signaltap_body|sld_signaltap_implb:sld_signaltap_body|sld_ela_control:ela_control|sld_ela_basic_multi_level_trigger:\basic_multi_level_mbpm_trigger_gen:multi_level_mbpm|lpm_shiftreg:trigger_condition_deserialize|dffs[206]                                                        ; 3       ;
; sld_signaltap:auto_signaltap_0|sld_signaltap_impl:sld_signaltap_body|sld_signaltap_implb:sld_signaltap_body|sld_ela_control:ela_control|sld_ela_basic_multi_level_trigger:\basic_multi_level_mbpm_trigger_gen:multi_level_mbpm|lpm_shiftreg:trigger_condition_deserialize|dffs[209]                                                        ; 3       ;
; sld_signaltap:auto_signaltap_0|sld_signaltap_impl:sld_signaltap_body|sld_signaltap_implb:sld_signaltap_body|sld_ela_control:ela_control|sld_ela_basic_multi_level_trigger:\basic_multi_level_mbpm_trigger_gen:multi_level_mbpm|lpm_shiftreg:trigger_condition_deserialize|dffs[212]                                                        ; 3       ;
; sld_signaltap:auto_signaltap_0|sld_signaltap_impl:sld_signaltap_body|sld_signaltap_implb:sld_signaltap_body|sld_ela_control:ela_control|sld_ela_basic_multi_level_trigger:\basic_multi_level_mbpm_trigger_gen:multi_level_mbpm|lpm_shiftreg:trigger_condition_deserialize|dffs[215]                                                        ; 3       ;
; sld_signaltap:auto_signaltap_0|sld_signaltap_impl:sld_signaltap_body|sld_signaltap_implb:sld_signaltap_body|sld_ela_control:ela_control|sld_ela_basic_multi_level_trigger:\basic_multi_level_mbpm_trigger_gen:multi_level_mbpm|lpm_shiftreg:trigger_condition_deserialize|dffs[218]                                                        ; 3       ;
; sld_signaltap:auto_signaltap_0|sld_signaltap_impl:sld_signaltap_body|sld_signaltap_implb:sld_signaltap_body|sld_ela_control:ela_control|sld_ela_basic_multi_level_trigger:\basic_multi_level_mbpm_trigger_gen:multi_level_mbpm|lpm_shiftreg:trigger_condition_deserialize|dffs[221]                                                        ; 3       ;
; sld_signaltap:auto_signaltap_0|sld_signaltap_impl:sld_signaltap_body|sld_signaltap_implb:sld_signaltap_body|sld_ela_control:ela_control|sld_ela_basic_multi_level_trigger:\basic_multi_level_mbpm_trigger_gen:multi_level_mbpm|lpm_shiftreg:trigger_condition_deserialize|dffs[224]                                                        ; 3       ;
; sld_signaltap:auto_signaltap_0|sld_signaltap_impl:sld_signaltap_body|sld_signaltap_implb:sld_signaltap_body|sld_ela_control:ela_control|sld_ela_basic_multi_level_trigger:\basic_multi_level_mbpm_trigger_gen:multi_level_mbpm|lpm_shiftreg:trigger_condition_deserialize|dffs[227]                                                        ; 3       ;
; sld_signaltap:auto_signaltap_0|sld_signaltap_impl:sld_signaltap_body|sld_signaltap_implb:sld_signaltap_body|sld_ela_control:ela_control|sld_ela_basic_multi_level_trigger:\basic_multi_level_mbpm_trigger_gen:multi_level_mbpm|lpm_shiftreg:trigger_condition_deserialize|dffs[230]                                                        ; 3       ;
; sld_signaltap:auto_signaltap_0|sld_signaltap_impl:sld_signaltap_body|sld_signaltap_implb:sld_signaltap_body|sld_ela_control:ela_control|sld_ela_basic_multi_level_trigger:\basic_multi_level_mbpm_trigger_gen:multi_level_mbpm|lpm_shiftreg:trigger_condition_deserialize|dffs[233]                                                        ; 3       ;
; sld_signaltap:auto_signaltap_0|sld_signaltap_impl:sld_signaltap_body|sld_signaltap_implb:sld_signaltap_body|sld_ela_control:ela_control|sld_ela_basic_multi_level_trigger:\basic_multi_level_mbpm_trigger_gen:multi_level_mbpm|lpm_shiftreg:trigger_condition_deserialize|dffs[236]                                                        ; 3       ;
; sld_signaltap:auto_signaltap_0|sld_signaltap_impl:sld_signaltap_body|sld_signaltap_implb:sld_signaltap_body|sld_ela_control:ela_control|sld_ela_basic_multi_level_trigger:\basic_multi_level_mbpm_trigger_gen:multi_level_mbpm|lpm_shiftreg:trigger_condition_deserialize|dffs[239]                                                        ; 3       ;
; sld_signaltap:auto_signaltap_0|sld_signaltap_impl:sld_signaltap_body|sld_signaltap_implb:sld_signaltap_body|sld_ela_control:ela_control|sld_ela_basic_multi_level_trigger:\basic_multi_level_mbpm_trigger_gen:multi_level_mbpm|lpm_shiftreg:trigger_condition_deserialize|dffs[242]                                                        ; 3       ;
; sld_signaltap:auto_signaltap_0|sld_signaltap_impl:sld_signaltap_body|sld_signaltap_implb:sld_signaltap_body|sld_ela_control:ela_control|sld_ela_basic_multi_level_trigger:\basic_multi_level_mbpm_trigger_gen:multi_level_mbpm|lpm_shiftreg:trigger_condition_deserialize|dffs[245]                                                        ; 3       ;
; sld_signaltap:auto_signaltap_0|sld_signaltap_impl:sld_signaltap_body|sld_signaltap_implb:sld_signaltap_body|sld_ela_control:ela_control|sld_ela_basic_multi_level_trigger:\basic_multi_level_mbpm_trigger_gen:multi_level_mbpm|lpm_shiftreg:trigger_condition_deserialize|dffs[248]                                                        ; 3       ;
; sld_signaltap:auto_signaltap_0|sld_signaltap_impl:sld_signaltap_body|sld_signaltap_implb:sld_signaltap_body|sld_ela_control:ela_control|sld_ela_basic_multi_level_trigger:\basic_multi_level_mbpm_trigger_gen:multi_level_mbpm|lpm_shiftreg:trigger_condition_deserialize|dffs[251]                                                        ; 3       ;
; sld_signaltap:auto_signaltap_0|sld_signaltap_impl:sld_signaltap_body|sld_signaltap_implb:sld_signaltap_body|sld_ela_control:ela_control|sld_ela_basic_multi_level_trigger:\basic_multi_level_mbpm_trigger_gen:multi_level_mbpm|lpm_shiftreg:trigger_condition_deserialize|dffs[254]                                                        ; 3       ;
; sld_signaltap:auto_signaltap_0|sld_signaltap_impl:sld_signaltap_body|sld_signaltap_implb:sld_signaltap_body|sld_ela_control:ela_control|sld_ela_basic_multi_level_trigger:\basic_multi_level_mbpm_trigger_gen:multi_level_mbpm|lpm_shiftreg:trigger_condition_deserialize|dffs[257]                                                        ; 3       ;
; sld_signaltap:auto_signaltap_0|sld_signaltap_impl:sld_signaltap_body|sld_signaltap_implb:sld_signaltap_body|sld_ela_control:ela_control|sld_ela_basic_multi_level_trigger:\basic_multi_level_mbpm_trigger_gen:multi_level_mbpm|lpm_shiftreg:trigger_condition_deserialize|dffs[260]                                                        ; 3       ;
; sld_signaltap:auto_signaltap_0|sld_signaltap_impl:sld_signaltap_body|sld_signaltap_implb:sld_signaltap_body|sld_ela_control:ela_control|sld_ela_basic_multi_level_trigger:\basic_multi_level_mbpm_trigger_gen:multi_level_mbpm|lpm_shiftreg:trigger_condition_deserialize|dffs[263]                                                        ; 3       ;
; sld_signaltap:auto_signaltap_0|sld_signaltap_impl:sld_signaltap_body|sld_signaltap_implb:sld_signaltap_body|sld_ela_control:ela_control|sld_ela_basic_multi_level_trigger:\basic_multi_level_mbpm_trigger_gen:multi_level_mbpm|lpm_shiftreg:trigger_condition_deserialize|dffs[266]                                                        ; 3       ;
; sld_signaltap:auto_signaltap_0|sld_signaltap_impl:sld_signaltap_body|sld_signaltap_implb:sld_signaltap_body|sld_ela_control:ela_control|sld_ela_basic_multi_level_trigger:\basic_multi_level_mbpm_trigger_gen:multi_level_mbpm|lpm_shiftreg:trigger_condition_deserialize|dffs[269]                                                        ; 3       ;
; sld_signaltap:auto_signaltap_0|sld_signaltap_impl:sld_signaltap_body|sld_signaltap_implb:sld_signaltap_body|sld_ela_control:ela_control|sld_ela_basic_multi_level_trigger:\basic_multi_level_mbpm_trigger_gen:multi_level_mbpm|lpm_shiftreg:trigger_condition_deserialize|dffs[272]                                                        ; 3       ;
; sld_signaltap:auto_signaltap_0|sld_signaltap_impl:sld_signaltap_body|sld_signaltap_implb:sld_signaltap_body|sld_ela_control:ela_control|sld_ela_basic_multi_level_trigger:\basic_multi_level_mbpm_trigger_gen:multi_level_mbpm|lpm_shiftreg:trigger_condition_deserialize|dffs[275]                                                        ; 3       ;
; sld_signaltap:auto_signaltap_0|sld_signaltap_impl:sld_signaltap_body|sld_signaltap_implb:sld_signaltap_body|sld_ela_control:ela_control|sld_ela_basic_multi_level_trigger:\basic_multi_level_mbpm_trigger_gen:multi_level_mbpm|lpm_shiftreg:trigger_condition_deserialize|dffs[278]                                                        ; 3       ;
; sld_signaltap:auto_signaltap_0|sld_signaltap_impl:sld_signaltap_body|sld_signaltap_implb:sld_signaltap_body|sld_ela_control:ela_control|sld_ela_basic_multi_level_trigger:\basic_multi_level_mbpm_trigger_gen:multi_level_mbpm|lpm_shiftreg:trigger_condition_deserialize|dffs[281]                                                        ; 3       ;
; sld_signaltap:auto_signaltap_0|sld_signaltap_impl:sld_signaltap_body|sld_signaltap_implb:sld_signaltap_body|sld_ela_control:ela_control|sld_ela_basic_multi_level_trigger:\basic_multi_level_mbpm_trigger_gen:multi_level_mbpm|lpm_shiftreg:trigger_condition_deserialize|dffs[284]                                                        ; 3       ;
; sld_signaltap:auto_signaltap_0|sld_signaltap_impl:sld_signaltap_body|sld_signaltap_implb:sld_signaltap_body|sld_ela_control:ela_control|sld_ela_basic_multi_level_trigger:\basic_multi_level_mbpm_trigger_gen:multi_level_mbpm|lpm_shiftreg:trigger_condition_deserialize|dffs[287]                                                        ; 3       ;
; sld_signaltap:auto_signaltap_0|sld_signaltap_impl:sld_signaltap_body|sld_signaltap_implb:sld_signaltap_body|sld_ela_control:ela_control|sld_ela_basic_multi_level_trigger:\basic_multi_level_mbpm_trigger_gen:multi_level_mbpm|lpm_shiftreg:trigger_condition_deserialize|dffs[290]                                                        ; 3       ;
; sld_signaltap:auto_signaltap_0|sld_signaltap_impl:sld_signaltap_body|sld_signaltap_implb:sld_signaltap_body|sld_ela_control:ela_control|sld_ela_basic_multi_level_trigger:\basic_multi_level_mbpm_trigger_gen:multi_level_mbpm|lpm_shiftreg:trigger_condition_deserialize|dffs[293]                                                        ; 3       ;
; sld_signaltap:auto_signaltap_0|sld_signaltap_impl:sld_signaltap_body|sld_signaltap_implb:sld_signaltap_body|sld_ela_control:ela_control|sld_ela_basic_multi_level_trigger:\basic_multi_level_mbpm_trigger_gen:multi_level_mbpm|lpm_shiftreg:trigger_condition_deserialize|dffs[296]                                                        ; 3       ;
; sld_signaltap:auto_signaltap_0|sld_signaltap_impl:sld_signaltap_body|sld_signaltap_implb:sld_signaltap_body|sld_ela_control:ela_control|sld_ela_basic_multi_level_trigger:\basic_multi_level_mbpm_trigger_gen:multi_level_mbpm|lpm_shiftreg:trigger_condition_deserialize|dffs[299]                                                        ; 3       ;
; sld_signaltap:auto_signaltap_0|sld_signaltap_impl:sld_signaltap_body|sld_signaltap_implb:sld_signaltap_body|sld_ela_control:ela_control|sld_ela_basic_multi_level_trigger:\basic_multi_level_mbpm_trigger_gen:multi_level_mbpm|lpm_shiftreg:trigger_condition_deserialize|dffs[302]                                                        ; 3       ;
; sld_signaltap:auto_signaltap_0|sld_signaltap_impl:sld_signaltap_body|sld_signaltap_implb:sld_signaltap_body|sld_ela_control:ela_control|sld_ela_basic_multi_level_trigger:\basic_multi_level_mbpm_trigger_gen:multi_level_mbpm|lpm_shiftreg:trigger_condition_deserialize|dffs[305]                                                        ; 3       ;
; sld_signaltap:auto_signaltap_0|sld_signaltap_impl:sld_signaltap_body|sld_signaltap_implb:sld_signaltap_body|sld_ela_control:ela_control|sld_ela_basic_multi_level_trigger:\basic_multi_level_mbpm_trigger_gen:multi_level_mbpm|lpm_shiftreg:trigger_condition_deserialize|dffs[308]                                                        ; 3       ;
; sld_signaltap:auto_signaltap_0|sld_signaltap_impl:sld_signaltap_body|sld_signaltap_implb:sld_signaltap_body|sld_ela_control:ela_control|sld_ela_basic_multi_level_trigger:\basic_multi_level_mbpm_trigger_gen:multi_level_mbpm|lpm_shiftreg:trigger_condition_deserialize|dffs[311]                                                        ; 3       ;
; sld_signaltap:auto_signaltap_0|sld_signaltap_impl:sld_signaltap_body|sld_signaltap_implb:sld_signaltap_body|sld_ela_control:ela_control|sld_ela_basic_multi_level_trigger:\basic_multi_level_mbpm_trigger_gen:multi_level_mbpm|lpm_shiftreg:trigger_condition_deserialize|dffs[314]                                                        ; 3       ;
; sld_signaltap:auto_signaltap_0|sld_signaltap_impl:sld_signaltap_body|sld_signaltap_implb:sld_signaltap_body|sld_ela_control:ela_control|sld_ela_basic_multi_level_trigger:\basic_multi_level_mbpm_trigger_gen:multi_level_mbpm|lpm_shiftreg:trigger_condition_deserialize|dffs[317]                                                        ; 3       ;
; sld_signaltap:auto_signaltap_0|sld_signaltap_impl:sld_signaltap_body|sld_signaltap_implb:sld_signaltap_body|sld_ela_control:ela_control|sld_ela_basic_multi_level_trigger:\basic_multi_level_mbpm_trigger_gen:multi_level_mbpm|lpm_shiftreg:trigger_condition_deserialize|dffs[320]                                                        ; 3       ;
; sld_signaltap:auto_signaltap_0|sld_signaltap_impl:sld_signaltap_body|sld_signaltap_implb:sld_signaltap_body|sld_buffer_manager:sld_buffer_manager_inst|\storage_qualifier_buffer_manager:next_address[0]                                                                                                                                   ; 3       ;
; sld_signaltap:auto_signaltap_0|sld_signaltap_impl:sld_signaltap_body|sld_signaltap_implb:sld_signaltap_body|current_segment_delayed[0]                                                                                                                                                                                                     ; 3       ;
; sld_signaltap:auto_signaltap_0|sld_signaltap_impl:sld_signaltap_body|sld_signaltap_implb:sld_signaltap_body|sld_ela_control:ela_control|buffer_enable_out~0                                                                                                                                                                                ; 3       ;
; sld_signaltap:auto_signaltap_0|sld_signaltap_impl:sld_signaltap_body|sld_signaltap_implb:sld_signaltap_body|sld_buffer_manager:sld_buffer_manager_inst|\storage_qualifier_buffer_manager:base_address[0]                                                                                                                                   ; 3       ;
; sld_signaltap:auto_signaltap_0|sld_signaltap_impl:sld_signaltap_body|sld_signaltap_implb:sld_signaltap_body|condition_delay_reg[3]                                                                                                                                                                                                         ; 3       ;
; sld_signaltap:auto_signaltap_0|sld_signaltap_impl:sld_signaltap_body|sld_signaltap_implb:sld_signaltap_body|sld_buffer_manager:sld_buffer_manager_inst|counter[7]                                                                                                                                                                          ; 3       ;
; sld_signaltap:auto_signaltap_0|sld_signaltap_impl:sld_signaltap_body|sld_signaltap_implb:sld_signaltap_body|sld_buffer_manager:sld_buffer_manager_inst|counter[6]                                                                                                                                                                          ; 3       ;
; sld_signaltap:auto_signaltap_0|sld_signaltap_impl:sld_signaltap_body|sld_signaltap_implb:sld_signaltap_body|sld_buffer_manager:sld_buffer_manager_inst|counter[5]                                                                                                                                                                          ; 3       ;
; sld_signaltap:auto_signaltap_0|sld_signaltap_impl:sld_signaltap_body|sld_signaltap_implb:sld_signaltap_body|sld_buffer_manager:sld_buffer_manager_inst|counter[4]                                                                                                                                                                          ; 3       ;
; sld_signaltap:auto_signaltap_0|sld_signaltap_impl:sld_signaltap_body|sld_signaltap_implb:sld_signaltap_body|sld_buffer_manager:sld_buffer_manager_inst|counter[3]                                                                                                                                                                          ; 3       ;
; sld_signaltap:auto_signaltap_0|sld_signaltap_impl:sld_signaltap_body|sld_signaltap_implb:sld_signaltap_body|sld_buffer_manager:sld_buffer_manager_inst|counter[2]                                                                                                                                                                          ; 3       ;
; sld_signaltap:auto_signaltap_0|sld_signaltap_impl:sld_signaltap_body|sld_signaltap_implb:sld_signaltap_body|sld_buffer_manager:sld_buffer_manager_inst|counter[1]                                                                                                                                                                          ; 3       ;
; sld_signaltap:auto_signaltap_0|sld_signaltap_impl:sld_signaltap_body|sld_signaltap_implb:sld_signaltap_body|sld_buffer_manager:sld_buffer_manager_inst|counter[0]                                                                                                                                                                          ; 3       ;
; sld_signaltap:auto_signaltap_0|sld_signaltap_impl:sld_signaltap_body|sld_signaltap_implb:sld_signaltap_body|sld_buffer_manager:sld_buffer_manager_inst|counter[8]                                                                                                                                                                          ; 3       ;
; sld_signaltap:auto_signaltap_0|sld_signaltap_impl:sld_signaltap_body|sld_signaltap_implb:sld_signaltap_body|sld_buffer_manager:sld_buffer_manager_inst|counter[9]                                                                                                                                                                          ; 3       ;
; sld_signaltap:auto_signaltap_0|sld_signaltap_impl:sld_signaltap_body|sld_signaltap_implb:sld_signaltap_body|sld_ela_control:ela_control|sld_ela_trigger_flow_mgr:\builtin:ela_trigger_flow_mgr_entity|lpm_shiftreg:trigger_config_deserialize|dffs[0]                                                                                      ; 3       ;
; sld_signaltap:auto_signaltap_0|sld_signaltap_impl:sld_signaltap_body|sld_signaltap_implb:sld_signaltap_body|sld_ela_control:ela_control|sld_ela_trigger_flow_mgr:\builtin:ela_trigger_flow_mgr_entity|last_level_delayed                                                                                                                   ; 3       ;
; sld_signaltap:auto_signaltap_0|sld_signaltap_impl:sld_signaltap_body|sld_signaltap_implb:sld_signaltap_body|sld_rom_sr:crc_rom_sr|WORD_SR~4                                                                                                                                                                                                ; 3       ;
; sld_signaltap:auto_signaltap_0|acq_trigger_in_reg[106]                                                                                                                                                                                                                                                                                     ; 3       ;
; sld_signaltap:auto_signaltap_0|acq_trigger_in_reg[105]                                                                                                                                                                                                                                                                                     ; 3       ;
; sld_signaltap:auto_signaltap_0|acq_trigger_in_reg[104]                                                                                                                                                                                                                                                                                     ; 3       ;
; sld_signaltap:auto_signaltap_0|acq_trigger_in_reg[103]                                                                                                                                                                                                                                                                                     ; 3       ;
; sld_signaltap:auto_signaltap_0|acq_trigger_in_reg[102]                                                                                                                                                                                                                                                                                     ; 3       ;
; sld_signaltap:auto_signaltap_0|acq_trigger_in_reg[101]                                                                                                                                                                                                                                                                                     ; 3       ;
; sld_signaltap:auto_signaltap_0|acq_trigger_in_reg[100]                                                                                                                                                                                                                                                                                     ; 3       ;
; sld_signaltap:auto_signaltap_0|acq_trigger_in_reg[99]                                                                                                                                                                                                                                                                                      ; 3       ;
; sld_signaltap:auto_signaltap_0|acq_trigger_in_reg[98]                                                                                                                                                                                                                                                                                      ; 3       ;
; sld_signaltap:auto_signaltap_0|acq_trigger_in_reg[97]                                                                                                                                                                                                                                                                                      ; 3       ;
; sld_signaltap:auto_signaltap_0|acq_trigger_in_reg[96]                                                                                                                                                                                                                                                                                      ; 3       ;
; sld_signaltap:auto_signaltap_0|acq_trigger_in_reg[95]                                                                                                                                                                                                                                                                                      ; 3       ;
; sld_signaltap:auto_signaltap_0|acq_trigger_in_reg[94]                                                                                                                                                                                                                                                                                      ; 3       ;
; sld_signaltap:auto_signaltap_0|acq_trigger_in_reg[93]                                                                                                                                                                                                                                                                                      ; 3       ;
; sld_signaltap:auto_signaltap_0|acq_trigger_in_reg[92]                                                                                                                                                                                                                                                                                      ; 3       ;
; sld_signaltap:auto_signaltap_0|acq_trigger_in_reg[91]                                                                                                                                                                                                                                                                                      ; 3       ;
; sld_signaltap:auto_signaltap_0|acq_trigger_in_reg[90]                                                                                                                                                                                                                                                                                      ; 3       ;
; sld_signaltap:auto_signaltap_0|acq_trigger_in_reg[89]                                                                                                                                                                                                                                                                                      ; 3       ;
; sld_signaltap:auto_signaltap_0|acq_trigger_in_reg[88]                                                                                                                                                                                                                                                                                      ; 3       ;
; sld_signaltap:auto_signaltap_0|acq_trigger_in_reg[87]                                                                                                                                                                                                                                                                                      ; 3       ;
; sld_signaltap:auto_signaltap_0|acq_trigger_in_reg[86]                                                                                                                                                                                                                                                                                      ; 3       ;
; sld_signaltap:auto_signaltap_0|acq_trigger_in_reg[85]                                                                                                                                                                                                                                                                                      ; 3       ;
; sld_signaltap:auto_signaltap_0|acq_trigger_in_reg[84]                                                                                                                                                                                                                                                                                      ; 3       ;
; sld_signaltap:auto_signaltap_0|acq_trigger_in_reg[83]                                                                                                                                                                                                                                                                                      ; 3       ;
; sld_signaltap:auto_signaltap_0|acq_trigger_in_reg[82]                                                                                                                                                                                                                                                                                      ; 3       ;
; sld_signaltap:auto_signaltap_0|acq_trigger_in_reg[81]                                                                                                                                                                                                                                                                                      ; 3       ;
; sld_signaltap:auto_signaltap_0|acq_trigger_in_reg[80]                                                                                                                                                                                                                                                                                      ; 3       ;
; sld_signaltap:auto_signaltap_0|acq_trigger_in_reg[79]                                                                                                                                                                                                                                                                                      ; 3       ;
; sld_signaltap:auto_signaltap_0|acq_trigger_in_reg[78]                                                                                                                                                                                                                                                                                      ; 3       ;
; sld_signaltap:auto_signaltap_0|acq_trigger_in_reg[77]                                                                                                                                                                                                                                                                                      ; 3       ;
; sld_signaltap:auto_signaltap_0|acq_trigger_in_reg[76]                                                                                                                                                                                                                                                                                      ; 3       ;
; sld_signaltap:auto_signaltap_0|acq_trigger_in_reg[75]                                                                                                                                                                                                                                                                                      ; 3       ;
; sld_signaltap:auto_signaltap_0|acq_trigger_in_reg[74]                                                                                                                                                                                                                                                                                      ; 3       ;
; sld_signaltap:auto_signaltap_0|acq_trigger_in_reg[73]                                                                                                                                                                                                                                                                                      ; 3       ;
; sld_signaltap:auto_signaltap_0|acq_trigger_in_reg[72]                                                                                                                                                                                                                                                                                      ; 3       ;
; sld_signaltap:auto_signaltap_0|acq_trigger_in_reg[71]                                                                                                                                                                                                                                                                                      ; 3       ;
; sld_signaltap:auto_signaltap_0|acq_trigger_in_reg[70]                                                                                                                                                                                                                                                                                      ; 3       ;
; sld_signaltap:auto_signaltap_0|acq_trigger_in_reg[69]                                                                                                                                                                                                                                                                                      ; 3       ;
; sld_signaltap:auto_signaltap_0|acq_trigger_in_reg[68]                                                                                                                                                                                                                                                                                      ; 3       ;
; sld_signaltap:auto_signaltap_0|acq_trigger_in_reg[67]                                                                                                                                                                                                                                                                                      ; 3       ;
; sld_signaltap:auto_signaltap_0|acq_trigger_in_reg[66]                                                                                                                                                                                                                                                                                      ; 3       ;
; sld_signaltap:auto_signaltap_0|acq_trigger_in_reg[65]                                                                                                                                                                                                                                                                                      ; 3       ;
; sld_signaltap:auto_signaltap_0|acq_trigger_in_reg[64]                                                                                                                                                                                                                                                                                      ; 3       ;
; sld_signaltap:auto_signaltap_0|acq_trigger_in_reg[63]                                                                                                                                                                                                                                                                                      ; 3       ;
; sld_signaltap:auto_signaltap_0|acq_trigger_in_reg[62]                                                                                                                                                                                                                                                                                      ; 3       ;
; sld_signaltap:auto_signaltap_0|acq_trigger_in_reg[61]                                                                                                                                                                                                                                                                                      ; 3       ;
; sld_signaltap:auto_signaltap_0|acq_trigger_in_reg[60]                                                                                                                                                                                                                                                                                      ; 3       ;
; sld_signaltap:auto_signaltap_0|acq_trigger_in_reg[59]                                                                                                                                                                                                                                                                                      ; 3       ;
; sld_signaltap:auto_signaltap_0|acq_trigger_in_reg[58]                                                                                                                                                                                                                                                                                      ; 3       ;
; sld_signaltap:auto_signaltap_0|acq_trigger_in_reg[57]                                                                                                                                                                                                                                                                                      ; 3       ;
; sld_signaltap:auto_signaltap_0|acq_trigger_in_reg[56]                                                                                                                                                                                                                                                                                      ; 3       ;
; sld_signaltap:auto_signaltap_0|acq_trigger_in_reg[55]                                                                                                                                                                                                                                                                                      ; 3       ;
; sld_signaltap:auto_signaltap_0|acq_trigger_in_reg[54]                                                                                                                                                                                                                                                                                      ; 3       ;
; sld_signaltap:auto_signaltap_0|acq_trigger_in_reg[53]                                                                                                                                                                                                                                                                                      ; 3       ;
; sld_signaltap:auto_signaltap_0|acq_trigger_in_reg[52]                                                                                                                                                                                                                                                                                      ; 3       ;
; sld_signaltap:auto_signaltap_0|acq_trigger_in_reg[51]                                                                                                                                                                                                                                                                                      ; 3       ;
; sld_signaltap:auto_signaltap_0|acq_trigger_in_reg[50]                                                                                                                                                                                                                                                                                      ; 3       ;
; sld_signaltap:auto_signaltap_0|acq_trigger_in_reg[49]                                                                                                                                                                                                                                                                                      ; 3       ;
; sld_signaltap:auto_signaltap_0|acq_trigger_in_reg[48]                                                                                                                                                                                                                                                                                      ; 3       ;
; sld_signaltap:auto_signaltap_0|acq_trigger_in_reg[47]                                                                                                                                                                                                                                                                                      ; 3       ;
; sld_signaltap:auto_signaltap_0|acq_trigger_in_reg[46]                                                                                                                                                                                                                                                                                      ; 3       ;
; sld_signaltap:auto_signaltap_0|acq_trigger_in_reg[45]                                                                                                                                                                                                                                                                                      ; 3       ;
; sld_signaltap:auto_signaltap_0|acq_trigger_in_reg[44]                                                                                                                                                                                                                                                                                      ; 3       ;
; sld_signaltap:auto_signaltap_0|acq_trigger_in_reg[43]                                                                                                                                                                                                                                                                                      ; 3       ;
; sld_signaltap:auto_signaltap_0|acq_trigger_in_reg[42]                                                                                                                                                                                                                                                                                      ; 3       ;
; sld_signaltap:auto_signaltap_0|acq_trigger_in_reg[41]                                                                                                                                                                                                                                                                                      ; 3       ;
; sld_signaltap:auto_signaltap_0|acq_trigger_in_reg[40]                                                                                                                                                                                                                                                                                      ; 3       ;
; sld_signaltap:auto_signaltap_0|acq_trigger_in_reg[39]                                                                                                                                                                                                                                                                                      ; 3       ;
; sld_signaltap:auto_signaltap_0|acq_trigger_in_reg[38]                                                                                                                                                                                                                                                                                      ; 3       ;
; sld_signaltap:auto_signaltap_0|acq_trigger_in_reg[37]                                                                                                                                                                                                                                                                                      ; 3       ;
; sld_signaltap:auto_signaltap_0|acq_trigger_in_reg[36]                                                                                                                                                                                                                                                                                      ; 3       ;
; sld_signaltap:auto_signaltap_0|acq_trigger_in_reg[35]                                                                                                                                                                                                                                                                                      ; 3       ;
; sld_signaltap:auto_signaltap_0|acq_trigger_in_reg[34]                                                                                                                                                                                                                                                                                      ; 3       ;
; sld_signaltap:auto_signaltap_0|acq_trigger_in_reg[33]                                                                                                                                                                                                                                                                                      ; 3       ;
; sld_signaltap:auto_signaltap_0|acq_trigger_in_reg[32]                                                                                                                                                                                                                                                                                      ; 3       ;
; sld_signaltap:auto_signaltap_0|acq_trigger_in_reg[31]                                                                                                                                                                                                                                                                                      ; 3       ;
; sld_signaltap:auto_signaltap_0|acq_trigger_in_reg[30]                                                                                                                                                                                                                                                                                      ; 3       ;
; sld_signaltap:auto_signaltap_0|acq_trigger_in_reg[29]                                                                                                                                                                                                                                                                                      ; 3       ;
; sld_signaltap:auto_signaltap_0|acq_trigger_in_reg[28]                                                                                                                                                                                                                                                                                      ; 3       ;
; sld_signaltap:auto_signaltap_0|acq_trigger_in_reg[27]                                                                                                                                                                                                                                                                                      ; 3       ;
; sld_signaltap:auto_signaltap_0|acq_trigger_in_reg[26]                                                                                                                                                                                                                                                                                      ; 3       ;
; sld_signaltap:auto_signaltap_0|acq_trigger_in_reg[25]                                                                                                                                                                                                                                                                                      ; 3       ;
; sld_signaltap:auto_signaltap_0|acq_trigger_in_reg[24]                                                                                                                                                                                                                                                                                      ; 3       ;
; sld_signaltap:auto_signaltap_0|acq_trigger_in_reg[23]                                                                                                                                                                                                                                                                                      ; 3       ;
; sld_signaltap:auto_signaltap_0|acq_trigger_in_reg[22]                                                                                                                                                                                                                                                                                      ; 3       ;
; sld_signaltap:auto_signaltap_0|acq_trigger_in_reg[21]                                                                                                                                                                                                                                                                                      ; 3       ;
; sld_signaltap:auto_signaltap_0|acq_trigger_in_reg[20]                                                                                                                                                                                                                                                                                      ; 3       ;
; sld_signaltap:auto_signaltap_0|acq_trigger_in_reg[19]                                                                                                                                                                                                                                                                                      ; 3       ;
; sld_signaltap:auto_signaltap_0|acq_trigger_in_reg[18]                                                                                                                                                                                                                                                                                      ; 3       ;
; sld_signaltap:auto_signaltap_0|acq_trigger_in_reg[17]                                                                                                                                                                                                                                                                                      ; 3       ;
; sld_signaltap:auto_signaltap_0|acq_trigger_in_reg[16]                                                                                                                                                                                                                                                                                      ; 3       ;
; sld_signaltap:auto_signaltap_0|acq_trigger_in_reg[15]                                                                                                                                                                                                                                                                                      ; 3       ;
; sld_signaltap:auto_signaltap_0|acq_trigger_in_reg[14]                                                                                                                                                                                                                                                                                      ; 3       ;
; sld_signaltap:auto_signaltap_0|acq_trigger_in_reg[13]                                                                                                                                                                                                                                                                                      ; 3       ;
; sld_signaltap:auto_signaltap_0|acq_trigger_in_reg[12]                                                                                                                                                                                                                                                                                      ; 3       ;
; sld_signaltap:auto_signaltap_0|acq_trigger_in_reg[11]                                                                                                                                                                                                                                                                                      ; 3       ;
; sld_signaltap:auto_signaltap_0|acq_trigger_in_reg[10]                                                                                                                                                                                                                                                                                      ; 3       ;
; sld_signaltap:auto_signaltap_0|acq_trigger_in_reg[9]                                                                                                                                                                                                                                                                                       ; 3       ;
; sld_signaltap:auto_signaltap_0|acq_trigger_in_reg[8]                                                                                                                                                                                                                                                                                       ; 3       ;
; sld_signaltap:auto_signaltap_0|acq_trigger_in_reg[7]                                                                                                                                                                                                                                                                                       ; 3       ;
; sld_signaltap:auto_signaltap_0|acq_trigger_in_reg[6]                                                                                                                                                                                                                                                                                       ; 3       ;
; sld_signaltap:auto_signaltap_0|acq_trigger_in_reg[5]                                                                                                                                                                                                                                                                                       ; 3       ;
; sld_signaltap:auto_signaltap_0|acq_trigger_in_reg[4]                                                                                                                                                                                                                                                                                       ; 3       ;
; sld_signaltap:auto_signaltap_0|acq_trigger_in_reg[3]                                                                                                                                                                                                                                                                                       ; 3       ;
; sld_signaltap:auto_signaltap_0|acq_trigger_in_reg[2]                                                                                                                                                                                                                                                                                       ; 3       ;
; sld_signaltap:auto_signaltap_0|acq_trigger_in_reg[1]                                                                                                                                                                                                                                                                                       ; 3       ;
; sld_signaltap:auto_signaltap_0|acq_trigger_in_reg[0]                                                                                                                                                                                                                                                                                       ; 3       ;
; sld_signaltap:auto_signaltap_0|sld_signaltap_impl:sld_signaltap_body|sld_signaltap_implb:sld_signaltap_body|sld_offload_buffer_mgr:\stp_non_zero_depth_offload_gen:stp_offload_buff_mgr_inst|lpm_counter:\adv_point_3_and_more:advance_pointer_counter|cntr_idi:auto_generated|safe_q[0]                                                   ; 3       ;
; sld_signaltap:auto_signaltap_0|sld_signaltap_impl:sld_signaltap_body|sld_signaltap_implb:sld_signaltap_body|sld_offload_buffer_mgr:\stp_non_zero_depth_offload_gen:stp_offload_buff_mgr_inst|lpm_counter:status_read_pointer_counter|cntr_gui:auto_generated|safe_q[0]                                                                     ; 3       ;
; sld_signaltap:auto_signaltap_0|sld_signaltap_impl:sld_signaltap_body|sld_signaltap_implb:sld_signaltap_body|sld_offload_buffer_mgr:\stp_non_zero_depth_offload_gen:stp_offload_buff_mgr_inst|lpm_counter:status_advance_pointer_counter|cntr_1ci:auto_generated|safe_q[2]                                                                  ; 3       ;
; sld_signaltap:auto_signaltap_0|sld_signaltap_impl:sld_signaltap_body|sld_signaltap_implb:sld_signaltap_body|sld_offload_buffer_mgr:\stp_non_zero_depth_offload_gen:stp_offload_buff_mgr_inst|lpm_counter:status_advance_pointer_counter|cntr_1ci:auto_generated|safe_q[3]                                                                  ; 3       ;
; sld_signaltap:auto_signaltap_0|sld_signaltap_impl:sld_signaltap_body|sld_signaltap_implb:sld_signaltap_body|sld_offload_buffer_mgr:\stp_non_zero_depth_offload_gen:stp_offload_buff_mgr_inst|lpm_counter:status_advance_pointer_counter|cntr_1ci:auto_generated|safe_q[1]                                                                  ; 3       ;
; sld_signaltap:auto_signaltap_0|sld_signaltap_impl:sld_signaltap_body|sld_signaltap_implb:sld_signaltap_body|sld_offload_buffer_mgr:\stp_non_zero_depth_offload_gen:stp_offload_buff_mgr_inst|lpm_counter:status_advance_pointer_counter|cntr_1ci:auto_generated|safe_q[4]                                                                  ; 3       ;
; sld_signaltap:auto_signaltap_0|sld_signaltap_impl:sld_signaltap_body|sld_signaltap_implb:sld_signaltap_body|sld_offload_buffer_mgr:\stp_non_zero_depth_offload_gen:stp_offload_buff_mgr_inst|lpm_counter:status_advance_pointer_counter|cntr_1ci:auto_generated|safe_q[0]                                                                  ; 3       ;
; sld_hub:auto_hub|sld_jtag_hub:\jtag_hub_gen:sld_jtag_hub_inst|sld_shadow_jsm:shadow_jsm|tms_cnt[0]                                                                                                                                                                                                                                         ; 3       ;
; sld_hub:auto_hub|sld_jtag_hub:\jtag_hub_gen:sld_jtag_hub_inst|shadow_irf_reg[1][0]~2                                                                                                                                                                                                                                                       ; 3       ;
; sld_hub:auto_hub|sld_jtag_hub:\jtag_hub_gen:sld_jtag_hub_inst|shadow_irf_reg[1][0]~1                                                                                                                                                                                                                                                       ; 3       ;
; sld_hub:auto_hub|sld_jtag_hub:\jtag_hub_gen:sld_jtag_hub_inst|design_hash_reg[0]~5                                                                                                                                                                                                                                                         ; 3       ;
; sld_hub:auto_hub|sld_jtag_hub:\jtag_hub_gen:sld_jtag_hub_inst|Equal11~0                                                                                                                                                                                                                                                                    ; 3       ;
; sld_hub:auto_hub|sld_jtag_hub:\jtag_hub_gen:sld_jtag_hub_inst|virtual_ir_dr_scan_proc~0                                                                                                                                                                                                                                                    ; 3       ;
; sld_hub:auto_hub|sld_jtag_hub:\jtag_hub_gen:sld_jtag_hub_inst|jtag_ir_reg[1]                                                                                                                                                                                                                                                               ; 3       ;
; sld_hub:auto_hub|sld_jtag_hub:\jtag_hub_gen:sld_jtag_hub_inst|node_ena~6                                                                                                                                                                                                                                                                   ; 3       ;
; sld_hub:auto_hub|sld_jtag_hub:\jtag_hub_gen:sld_jtag_hub_inst|node_ena_proc~0                                                                                                                                                                                                                                                              ; 3       ;
; sld_hub:auto_hub|sld_jtag_hub:\jtag_hub_gen:sld_jtag_hub_inst|irf_reg[1][0]~3                                                                                                                                                                                                                                                              ; 3       ;
; sld_hub:auto_hub|sld_jtag_hub:\jtag_hub_gen:sld_jtag_hub_inst|irf_reg[1][0]~1                                                                                                                                                                                                                                                              ; 3       ;
; sld_hub:auto_hub|sld_jtag_hub:\jtag_hub_gen:sld_jtag_hub_inst|sld_shadow_jsm:shadow_jsm|state[0]                                                                                                                                                                                                                                           ; 3       ;
; sld_hub:auto_hub|sld_jtag_hub:\jtag_hub_gen:sld_jtag_hub_inst|node_ena[2]~reg0                                                                                                                                                                                                                                                             ; 3       ;
; sld_hub:auto_hub|sld_jtag_hub:\jtag_hub_gen:sld_jtag_hub_inst|irf_reg[3][5]                                                                                                                                                                                                                                                                ; 3       ;
; sld_hub:auto_hub|sld_jtag_hub:\jtag_hub_gen:sld_jtag_hub_inst|irf_reg[3][0]                                                                                                                                                                                                                                                                ; 3       ;
; system:Nios_system|system_nios2_qsys_0:nios2_qsys_0|system_nios2_qsys_0_nios2_oci:the_system_nios2_qsys_0_nios2_oci|system_nios2_qsys_0_jtag_debug_module_wrapper:the_system_nios2_qsys_0_jtag_debug_module_wrapper|system_nios2_qsys_0_jtag_debug_module_sysclk:the_system_nios2_qsys_0_jtag_debug_module_sysclk|jdo[22]                  ; 3       ;
; system:Nios_system|system_nios2_qsys_0:nios2_qsys_0|d_writedata[23]                                                                                                                                                                                                                                                                        ; 3       ;
; system:Nios_system|system_nios2_qsys_0:nios2_qsys_0|d_writedata[22]                                                                                                                                                                                                                                                                        ; 3       ;
; system:Nios_system|system_nios2_qsys_0:nios2_qsys_0|d_writedata[18]                                                                                                                                                                                                                                                                        ; 3       ;
; system:Nios_system|system_nios2_qsys_0:nios2_qsys_0|system_nios2_qsys_0_nios2_oci:the_system_nios2_qsys_0_nios2_oci|system_nios2_qsys_0_jtag_debug_module_wrapper:the_system_nios2_qsys_0_jtag_debug_module_wrapper|system_nios2_qsys_0_jtag_debug_module_sysclk:the_system_nios2_qsys_0_jtag_debug_module_sysclk|jdo[23]                  ; 3       ;
; system:Nios_system|system_nios2_qsys_0:nios2_qsys_0|d_writedata[21]                                                                                                                                                                                                                                                                        ; 3       ;
; system:Nios_system|system_nios2_qsys_0:nios2_qsys_0|d_writedata[20]                                                                                                                                                                                                                                                                        ; 3       ;
; system:Nios_system|system_nios2_qsys_0:nios2_qsys_0|d_writedata[17]                                                                                                                                                                                                                                                                        ; 3       ;
; system:Nios_system|system_dma_0:dma_0|system_dma_0_fifo_module:the_system_dma_0_fifo_module|fifo_rd_data[6]~13                                                                                                                                                                                                                             ; 3       ;
; system:Nios_system|system_dma_0:dma_0|system_dma_0_fifo_module:the_system_dma_0_fifo_module|fifo_rd_data[7]~12                                                                                                                                                                                                                             ; 3       ;
; system:Nios_system|system_nios2_qsys_0:nios2_qsys_0|d_byteenable[3]                                                                                                                                                                                                                                                                        ; 3       ;
; system:Nios_system|system_nios2_qsys_0:nios2_qsys_0|d_writedata[19]                                                                                                                                                                                                                                                                        ; 3       ;
; system:Nios_system|system_dma_0:dma_0|software_reset_request                                                                                                                                                                                                                                                                               ; 3       ;
; system:Nios_system|system_cmd_xbar_mux_003:cmd_xbar_mux_003|altera_merlin_arbitrator:arb|top_priority_reg[0]~0                                                                                                                                                                                                                             ; 3       ;
; system:Nios_system|system_onchip_memory2_0:onchip_memory2_0|altsyncram:the_altsyncram|altsyncram_gsc1:auto_generated|mux_ujb:mux2|result_node[31]~31                                                                                                                                                                                       ; 3       ;
; system:Nios_system|system_rsp_xbar_mux_002:rsp_xbar_mux_002|src_data[23]                                                                                                                                                                                                                                                                   ; 3       ;
; system:Nios_system|system_onchip_memory2_0:onchip_memory2_0|altsyncram:the_altsyncram|altsyncram_gsc1:auto_generated|mux_ujb:mux2|result_node[23]~30                                                                                                                                                                                       ; 3       ;
; system:Nios_system|system_onchip_memory2_0:onchip_memory2_0|altsyncram:the_altsyncram|altsyncram_gsc1:auto_generated|mux_ujb:mux2|result_node[30]~29                                                                                                                                                                                       ; 3       ;
; system:Nios_system|system_rsp_xbar_mux_002:rsp_xbar_mux_002|src_data[22]                                                                                                                                                                                                                                                                   ; 3       ;
; system:Nios_system|system_onchip_memory2_0:onchip_memory2_0|altsyncram:the_altsyncram|altsyncram_gsc1:auto_generated|mux_ujb:mux2|result_node[22]~28                                                                                                                                                                                       ; 3       ;
; system:Nios_system|system_onchip_memory2_0:onchip_memory2_0|altsyncram:the_altsyncram|altsyncram_gsc1:auto_generated|mux_ujb:mux2|result_node[10]~27                                                                                                                                                                                       ; 3       ;
; system:Nios_system|system_onchip_memory2_0:onchip_memory2_0|altsyncram:the_altsyncram|altsyncram_gsc1:auto_generated|mux_ujb:mux2|result_node[26]~26                                                                                                                                                                                       ; 3       ;
; system:Nios_system|system_rsp_xbar_mux_002:rsp_xbar_mux_002|src_data[18]                                                                                                                                                                                                                                                                   ; 3       ;
; system:Nios_system|system_onchip_memory2_0:onchip_memory2_0|altsyncram:the_altsyncram|altsyncram_gsc1:auto_generated|mux_ujb:mux2|result_node[18]~25                                                                                                                                                                                       ; 3       ;
; system:Nios_system|system_onchip_memory2_0:onchip_memory2_0|altsyncram:the_altsyncram|altsyncram_gsc1:auto_generated|mux_ujb:mux2|result_node[29]~24                                                                                                                                                                                       ; 3       ;
; system:Nios_system|system_rsp_xbar_mux_002:rsp_xbar_mux_002|src_data[21]                                                                                                                                                                                                                                                                   ; 3       ;
; system:Nios_system|system_onchip_memory2_0:onchip_memory2_0|altsyncram:the_altsyncram|altsyncram_gsc1:auto_generated|mux_ujb:mux2|result_node[21]~23                                                                                                                                                                                       ; 3       ;
; system:Nios_system|system_onchip_memory2_0:onchip_memory2_0|altsyncram:the_altsyncram|altsyncram_gsc1:auto_generated|mux_ujb:mux2|result_node[28]~22                                                                                                                                                                                       ; 3       ;
; system:Nios_system|system_rsp_xbar_mux_002:rsp_xbar_mux_002|src_data[20]                                                                                                                                                                                                                                                                   ; 3       ;
; system:Nios_system|system_onchip_memory2_0:onchip_memory2_0|altsyncram:the_altsyncram|altsyncram_gsc1:auto_generated|mux_ujb:mux2|result_node[20]~21                                                                                                                                                                                       ; 3       ;
; system:Nios_system|system_onchip_memory2_0:onchip_memory2_0|altsyncram:the_altsyncram|altsyncram_gsc1:auto_generated|mux_ujb:mux2|result_node[9]~20                                                                                                                                                                                        ; 3       ;
; system:Nios_system|system_onchip_memory2_0:onchip_memory2_0|altsyncram:the_altsyncram|altsyncram_gsc1:auto_generated|mux_ujb:mux2|result_node[25]~19                                                                                                                                                                                       ; 3       ;
; system:Nios_system|system_rsp_xbar_mux_002:rsp_xbar_mux_002|src_data[17]                                                                                                                                                                                                                                                                   ; 3       ;
; system:Nios_system|system_onchip_memory2_0:onchip_memory2_0|altsyncram:the_altsyncram|altsyncram_gsc1:auto_generated|mux_ujb:mux2|result_node[17]~18                                                                                                                                                                                       ; 3       ;
; system:Nios_system|system_onchip_memory2_0:onchip_memory2_0|altsyncram:the_altsyncram|altsyncram_gsc1:auto_generated|mux_ujb:mux2|result_node[24]~17                                                                                                                                                                                       ; 3       ;
; system:Nios_system|system_rsp_xbar_mux_002:rsp_xbar_mux_002|src_data[16]                                                                                                                                                                                                                                                                   ; 3       ;
; system:Nios_system|system_nios2_qsys_0:nios2_qsys_0|system_nios2_qsys_0_nios2_oci:the_system_nios2_qsys_0_nios2_oci|system_nios2_qsys_0_jtag_debug_module_wrapper:the_system_nios2_qsys_0_jtag_debug_module_wrapper|system_nios2_qsys_0_jtag_debug_module_sysclk:the_system_nios2_qsys_0_jtag_debug_module_sysclk|jdo[18]                  ; 3       ;
; system:Nios_system|system_nios2_qsys_0:nios2_qsys_0|system_nios2_qsys_0_nios2_oci:the_system_nios2_qsys_0_nios2_oci|system_nios2_qsys_0_jtag_debug_module_wrapper:the_system_nios2_qsys_0_jtag_debug_module_wrapper|system_nios2_qsys_0_jtag_debug_module_sysclk:the_system_nios2_qsys_0_jtag_debug_module_sysclk|jdo[19]                  ; 3       ;
; system:Nios_system|system_onchip_memory2_0:onchip_memory2_0|altsyncram:the_altsyncram|altsyncram_gsc1:auto_generated|mux_ujb:mux2|result_node[6]~16                                                                                                                                                                                        ; 3       ;
; system:Nios_system|system_onchip_memory2_0:onchip_memory2_0|altsyncram:the_altsyncram|altsyncram_gsc1:auto_generated|mux_ujb:mux2|result_node[7]~15                                                                                                                                                                                        ; 3       ;
; system:Nios_system|system_onchip_memory2_0:onchip_memory2_0|altsyncram:the_altsyncram|altsyncram_gsc1:auto_generated|mux_ujb:mux2|result_node[8]~14                                                                                                                                                                                        ; 3       ;
; system:Nios_system|system_jtag_uart_0:jtag_uart_0|ien_AF~0                                                                                                                                                                                                                                                                                 ; 3       ;
; system:Nios_system|system_nios2_qsys_0:nios2_qsys_0|system_nios2_qsys_0_nios2_oci:the_system_nios2_qsys_0_nios2_oci|system_nios2_qsys_0_nios2_avalon_reg:the_system_nios2_qsys_0_nios2_avalon_reg|take_action_oci_intr_mask_reg~0                                                                                                          ; 3       ;
; system:Nios_system|system_dma_0:dma_0|p1_dma_ctl_readdata~0                                                                                                                                                                                                                                                                                ; 3       ;
; system:Nios_system|system_dma_0:dma_0|system_dma_0_fifo_module:the_system_dma_0_fifo_module|rdaddress[2]~4                                                                                                                                                                                                                                 ; 3       ;
; system:Nios_system|system_dma_0:dma_0|system_dma_0_fifo_module:the_system_dma_0_fifo_module|rdaddress[4]~3                                                                                                                                                                                                                                 ; 3       ;
+--------------------------------------------------------------------------------------------------------------------------------------------------------------------------------------------------------------------------------------------------------------------------------------------------------------------------------------------+---------+


+------------------------------------------------------------------------------------------------------------------------------------------------------------------------------------------------------------------------------------------------------------------------------------------------------------------------------------------------------------------------------------------------------------------------------------------------------------------------------------------------------------------------------------------------------------------------------------------------------------------------------------------------------------------------------------------------------------------------------------------------------------------------------------------------------------------------------------------------------------------------------------------------------------------------------------------------------------------------------------------------------------------------------------------------------------------------------------------------------------------------------------------------------------------------------------------------------------------------------------------------------------------------------------------------------------------------------------------------------------------------------------------------------------------------------------------------------------------------------------------------------------------------------------------------------------------------------------------------------------------------------------------------------------------------------------+
; Fitter RAM Summary                                                                                                                                                                                                                                                                                                                                                                                                                                                                                                                                                                                                                                                                                                                                                                                                                                                                                                                                                                                                                                                                                                                                                                                                                                                                                                                                                                                                                                                                                                                                                                                                                                                                 ;
+------------------------------------------------------------------------------------------------------------------------------------------------------------------------------------------------------------------------------------------------------------------------------------------------------------------------------------------+------+------------------+--------------+--------------+--------------+--------------+--------------+------------------------+-------------------------+------------------------+-------------------------+--------+-----------------------------+-----------------------------+-----------------------------+-----------------------------+---------------------+------+-------------------------------------------------+---------------------------------------------------------------------------------------------------------------------------------------------------------------------------------------------------------------------------------------------------------------------------------------------------------------------------------------------------------------------------------------------------------------------------------------------------------------------------------------------------------------------------------------------------------------------------------------------------------------------------------------------------------------------------------------------------------------------------------------------------------------------------------------------------------------------------------------------------+----------------------+-----------------+-----------------+
; Name                                                                                                                                                                                                                                                                                                                                     ; Type ; Mode             ; Clock Mode   ; Port A Depth ; Port A Width ; Port B Depth ; Port B Width ; Port A Input Registers ; Port A Output Registers ; Port B Input Registers ; Port B Output Registers ; Size   ; Implementation Port A Depth ; Implementation Port A Width ; Implementation Port B Depth ; Implementation Port B Width ; Implementation Bits ; M4Ks ; MIF                                             ; Location                                                                                                                                                                                                                                                                                                                                                                                                                                                                                                                                                                                                                                                                                                                                                                                                                                          ; Mixed Width RDW Mode ; Port A RDW Mode ; Port B RDW Mode ;
+------------------------------------------------------------------------------------------------------------------------------------------------------------------------------------------------------------------------------------------------------------------------------------------------------------------------------------------+------+------------------+--------------+--------------+--------------+--------------+--------------+------------------------+-------------------------+------------------------+-------------------------+--------+-----------------------------+-----------------------------+-----------------------------+-----------------------------+---------------------+------+-------------------------------------------------+---------------------------------------------------------------------------------------------------------------------------------------------------------------------------------------------------------------------------------------------------------------------------------------------------------------------------------------------------------------------------------------------------------------------------------------------------------------------------------------------------------------------------------------------------------------------------------------------------------------------------------------------------------------------------------------------------------------------------------------------------------------------------------------------------------------------------------------------------+----------------------+-----------------+-----------------+
; sld_signaltap:auto_signaltap_0|sld_signaltap_impl:sld_signaltap_body|sld_signaltap_implb:sld_signaltap_body|altsyncram:\stp_non_zero_ram_gen:stp_buffer_ram|altsyncram_4t14:auto_generated|altsyncram_chq1:altsyncram1|ALTSYNCRAM                                                                                                        ; AUTO ; True Dual Port   ; Dual Clocks  ; 512          ; 108          ; 512          ; 108          ; yes                    ; no                      ; yes                    ; no                      ; 55296  ; 512                         ; 108                         ; 512                         ; 108                         ; 55296               ; 12   ; None                                            ; M4K_X13_Y9, M4K_X26_Y8, M4K_X26_Y12, M4K_X13_Y8, M4K_X13_Y7, M4K_X13_Y12, M4K_X13_Y13, M4K_X13_Y11, M4K_X26_Y11, M4K_X26_Y13, M4K_X26_Y10, M4K_X26_Y9                                                                                                                                                                                                                                                                                                                                                                                                                                                                                                                                                                                                                                                                                             ; Don't care           ; Don't care      ; Don't care      ;
; system:Nios_system|system_dma_0:dma_0|system_dma_0_fifo_module:the_system_dma_0_fifo_module|system_dma_0_fifo_module_fifo_ram_module:system_dma_0_fifo_module_fifo_ram|lpm_ram_dp:lpm_ram_dp_component|altdpram:sram|altsyncram:ram_block|altsyncram_v7q1:auto_generated|ALTSYNCRAM                                                      ; AUTO ; Simple Dual Port ; Dual Clocks  ; 32           ; 32           ; 32           ; 32           ; yes                    ; no                      ; yes                    ; no                      ; 1024   ; 32                          ; 32                          ; 32                          ; 32                          ; 1024                ; 1    ; None                                            ; M4K_X26_Y22                                                                                                                                                                                                                                                                                                                                                                                                                                                                                                                                                                                                                                                                                                                                                                                                                                       ; Don't care           ; Don't care      ; Don't care      ;
; system:Nios_system|system_jtag_uart_0:jtag_uart_0|system_jtag_uart_0_scfifo_r:the_system_jtag_uart_0_scfifo_r|scfifo:rfifo|scfifo_1n21:auto_generated|a_dpfifo_8t21:dpfifo|dpram_5h21:FIFOram|altsyncram_9tl1:altsyncram2|ALTSYNCRAM                                                                                                     ; AUTO ; Simple Dual Port ; Dual Clocks  ; 64           ; 8            ; 64           ; 8            ; yes                    ; no                      ; yes                    ; no                      ; 512    ; 64                          ; 8                           ; 64                          ; 8                           ; 512                 ; 1    ; None                                            ; M4K_X52_Y20                                                                                                                                                                                                                                                                                                                                                                                                                                                                                                                                                                                                                                                                                                                                                                                                                                       ; Don't care           ; Don't care      ; Don't care      ;
; system:Nios_system|system_jtag_uart_0:jtag_uart_0|system_jtag_uart_0_scfifo_w:the_system_jtag_uart_0_scfifo_w|scfifo:wfifo|scfifo_1n21:auto_generated|a_dpfifo_8t21:dpfifo|dpram_5h21:FIFOram|altsyncram_9tl1:altsyncram2|ALTSYNCRAM                                                                                                     ; AUTO ; Simple Dual Port ; Dual Clocks  ; 64           ; 8            ; 64           ; 8            ; yes                    ; no                      ; yes                    ; no                      ; 512    ; 64                          ; 8                           ; 64                          ; 8                           ; 512                 ; 1    ; None                                            ; M4K_X52_Y21                                                                                                                                                                                                                                                                                                                                                                                                                                                                                                                                                                                                                                                                                                                                                                                                                                       ; Don't care           ; Don't care      ; Don't care      ;
; system:Nios_system|system_nios2_qsys_0:nios2_qsys_0|system_nios2_qsys_0_nios2_oci:the_system_nios2_qsys_0_nios2_oci|system_nios2_qsys_0_nios2_ocimem:the_system_nios2_qsys_0_nios2_ocimem|system_nios2_qsys_0_ociram_sp_ram_module:system_nios2_qsys_0_ociram_sp_ram|altsyncram:the_altsyncram|altsyncram_p681:auto_generated|ALTSYNCRAM ; AUTO ; Single Port      ; Single Clock ; 256          ; 32           ; --           ; --           ; yes                    ; no                      ; --                     ; --                      ; 8192   ; 256                         ; 32                          ; --                          ; --                          ; 8192                ; 2    ; system_nios2_qsys_0_ociram_default_contents.mif ; M4K_X26_Y24, M4K_X26_Y25                                                                                                                                                                                                                                                                                                                                                                                                                                                                                                                                                                                                                                                                                                                                                                                                                          ; Don't care           ; Don't care      ; Don't care      ;
; system:Nios_system|system_nios2_qsys_0:nios2_qsys_0|system_nios2_qsys_0_register_bank_a_module:system_nios2_qsys_0_register_bank_a|altsyncram:the_altsyncram|altsyncram_lpg1:auto_generated|ALTSYNCRAM                                                                                                                                   ; AUTO ; Simple Dual Port ; Single Clock ; 32           ; 32           ; 32           ; 32           ; yes                    ; no                      ; yes                    ; no                      ; 1024   ; 32                          ; 32                          ; 32                          ; 32                          ; 1024                ; 1    ; system_nios2_qsys_0_rf_ram_a.mif                ; M4K_X26_Y28                                                                                                                                                                                                                                                                                                                                                                                                                                                                                                                                                                                                                                                                                                                                                                                                                                       ; Don't care           ; Don't care      ; Don't care      ;
; system:Nios_system|system_nios2_qsys_0:nios2_qsys_0|system_nios2_qsys_0_register_bank_b_module:system_nios2_qsys_0_register_bank_b|altsyncram:the_altsyncram|altsyncram_mpg1:auto_generated|ALTSYNCRAM                                                                                                                                   ; AUTO ; Simple Dual Port ; Single Clock ; 32           ; 32           ; 32           ; 32           ; yes                    ; no                      ; yes                    ; no                      ; 1024   ; 32                          ; 32                          ; 32                          ; 32                          ; 1024                ; 1    ; system_nios2_qsys_0_rf_ram_b.mif                ; M4K_X26_Y26                                                                                                                                                                                                                                                                                                                                                                                                                                                                                                                                                                                                                                                                                                                                                                                                                                       ; Don't care           ; Don't care      ; Don't care      ;
; system:Nios_system|system_onchip_memory2_0:onchip_memory2_0|altsyncram:the_altsyncram|altsyncram_gsc1:auto_generated|ALTSYNCRAM                                                                                                                                                                                                          ; AUTO ; Single Port      ; Single Clock ; 8192         ; 32           ; --           ; --           ; yes                    ; no                      ; --                     ; --                      ; 262144 ; 8192                        ; 32                          ; --                          ; --                          ; 262144              ; 64   ; system_onchip_memory2_0.hex                     ; M4K_X13_Y25, M4K_X13_Y26, M4K_X52_Y22, M4K_X52_Y18, M4K_X26_Y14, M4K_X26_Y16, M4K_X26_Y27, M4K_X52_Y11, M4K_X52_Y28, M4K_X52_Y23, M4K_X13_Y17, M4K_X13_Y15, M4K_X13_Y28, M4K_X13_Y27, M4K_X13_Y16, M4K_X26_Y7, M4K_X13_Y20, M4K_X52_Y16, M4K_X26_Y15, M4K_X52_Y15, M4K_X13_Y6, M4K_X26_Y29, M4K_X52_Y7, M4K_X52_Y9, M4K_X52_Y14, M4K_X52_Y13, M4K_X26_Y17, M4K_X52_Y17, M4K_X13_Y4, M4K_X13_Y18, M4K_X26_Y4, M4K_X26_Y5, M4K_X26_Y3, M4K_X13_Y5, M4K_X52_Y19, M4K_X26_Y33, M4K_X52_Y25, M4K_X52_Y24, M4K_X26_Y32, M4K_X26_Y35, M4K_X52_Y29, M4K_X13_Y29, M4K_X26_Y2, M4K_X26_Y6, M4K_X13_Y32, M4K_X13_Y33, M4K_X13_Y3, M4K_X13_Y10, M4K_X13_Y30, M4K_X13_Y34, M4K_X13_Y14, M4K_X52_Y8, M4K_X26_Y31, M4K_X13_Y19, M4K_X52_Y30, M4K_X52_Y27, M4K_X13_Y24, M4K_X52_Y26, M4K_X13_Y31, M4K_X26_Y34, M4K_X52_Y10, M4K_X52_Y12, M4K_X52_Y32, M4K_X26_Y30 ; Don't care           ; Don't care      ; Don't care      ;
; system:Nios_system|system_onchip_memory2_1:onchip_memory2_1|altsyncram:the_altsyncram|altsyncram_krc1:auto_generated|ALTSYNCRAM                                                                                                                                                                                                          ; AUTO ; Single Port      ; Single Clock ; 1024         ; 32           ; --           ; --           ; yes                    ; no                      ; --                     ; --                      ; 32768  ; 1024                        ; 32                          ; --                          ; --                          ; 32768               ; 8    ; system_onchip_memory2_1.hex                     ; M4K_X26_Y21, M4K_X26_Y23, M4K_X26_Y19, M4K_X26_Y18, M4K_X13_Y22, M4K_X13_Y21, M4K_X13_Y23, M4K_X26_Y20                                                                                                                                                                                                                                                                                                                                                                                                                                                                                                                                                                                                                                                                                                                                            ; Don't care           ; Don't care      ; Don't care      ;
+------------------------------------------------------------------------------------------------------------------------------------------------------------------------------------------------------------------------------------------------------------------------------------------------------------------------------------------+------+------------------+--------------+--------------+--------------+--------------+--------------+------------------------+-------------------------+------------------------+-------------------------+--------+-----------------------------+-----------------------------+-----------------------------+-----------------------------+---------------------+------+-------------------------------------------------+---------------------------------------------------------------------------------------------------------------------------------------------------------------------------------------------------------------------------------------------------------------------------------------------------------------------------------------------------------------------------------------------------------------------------------------------------------------------------------------------------------------------------------------------------------------------------------------------------------------------------------------------------------------------------------------------------------------------------------------------------------------------------------------------------------------------------------------------------+----------------------+-----------------+-----------------+
Note: Fitter may spread logical memories into multiple blocks to improve timing. The actual required RAM blocks can be found in the Fitter Resource Usage section.


+------------------------------------------------------+
; Other Routing Usage Summary                          ;
+-----------------------------+------------------------+
; Other Routing Resource Type ; Usage                  ;
+-----------------------------+------------------------+
; Block interconnects         ; 6,035 / 94,460 ( 6 % ) ;
; C16 interconnects           ; 126 / 3,315 ( 4 % )    ;
; C4 interconnects            ; 3,230 / 60,840 ( 5 % ) ;
; Direct links                ; 808 / 94,460 ( < 1 % ) ;
; Global clocks               ; 9 / 16 ( 56 % )        ;
; Local interconnects         ; 2,738 / 33,216 ( 8 % ) ;
; R24 interconnects           ; 151 / 3,091 ( 5 % )    ;
; R4 interconnects            ; 4,168 / 81,294 ( 5 % ) ;
+-----------------------------+------------------------+


+-----------------------------------------------------------------------------+
; LAB Logic Elements                                                          ;
+---------------------------------------------+-------------------------------+
; Number of Logic Elements  (Average = 14.03) ; Number of LABs  (Total = 309) ;
+---------------------------------------------+-------------------------------+
; 1                                           ; 8                             ;
; 2                                           ; 3                             ;
; 3                                           ; 6                             ;
; 4                                           ; 2                             ;
; 5                                           ; 1                             ;
; 6                                           ; 5                             ;
; 7                                           ; 1                             ;
; 8                                           ; 2                             ;
; 9                                           ; 4                             ;
; 10                                          ; 4                             ;
; 11                                          ; 7                             ;
; 12                                          ; 7                             ;
; 13                                          ; 11                            ;
; 14                                          ; 21                            ;
; 15                                          ; 70                            ;
; 16                                          ; 157                           ;
+---------------------------------------------+-------------------------------+


+--------------------------------------------------------------------+
; LAB-wide Signals                                                   ;
+------------------------------------+-------------------------------+
; LAB-wide Signals  (Average = 2.28) ; Number of LABs  (Total = 309) ;
+------------------------------------+-------------------------------+
; 1 Async. clear                     ; 198                           ;
; 1 Clock                            ; 217                           ;
; 1 Clock enable                     ; 138                           ;
; 1 Sync. clear                      ; 5                             ;
; 1 Sync. load                       ; 31                            ;
; 2 Async. clears                    ; 16                            ;
; 2 Clock enables                    ; 20                            ;
; 2 Clocks                           ; 79                            ;
+------------------------------------+-------------------------------+


+------------------------------------------------------------------------------+
; LAB Signals Sourced                                                          ;
+----------------------------------------------+-------------------------------+
; Number of Signals Sourced  (Average = 22.43) ; Number of LABs  (Total = 309) ;
+----------------------------------------------+-------------------------------+
; 0                                            ; 1                             ;
; 1                                            ; 5                             ;
; 2                                            ; 4                             ;
; 3                                            ; 0                             ;
; 4                                            ; 3                             ;
; 5                                            ; 3                             ;
; 6                                            ; 3                             ;
; 7                                            ; 0                             ;
; 8                                            ; 0                             ;
; 9                                            ; 3                             ;
; 10                                           ; 1                             ;
; 11                                           ; 3                             ;
; 12                                           ; 4                             ;
; 13                                           ; 1                             ;
; 14                                           ; 0                             ;
; 15                                           ; 5                             ;
; 16                                           ; 12                            ;
; 17                                           ; 3                             ;
; 18                                           ; 13                            ;
; 19                                           ; 15                            ;
; 20                                           ; 17                            ;
; 21                                           ; 13                            ;
; 22                                           ; 18                            ;
; 23                                           ; 15                            ;
; 24                                           ; 22                            ;
; 25                                           ; 28                            ;
; 26                                           ; 29                            ;
; 27                                           ; 15                            ;
; 28                                           ; 20                            ;
; 29                                           ; 20                            ;
; 30                                           ; 14                            ;
; 31                                           ; 5                             ;
; 32                                           ; 14                            ;
+----------------------------------------------+-------------------------------+


+---------------------------------------------------------------------------------+
; LAB Signals Sourced Out                                                         ;
+-------------------------------------------------+-------------------------------+
; Number of Signals Sourced Out  (Average = 6.91) ; Number of LABs  (Total = 309) ;
+-------------------------------------------------+-------------------------------+
; 0                                               ; 1                             ;
; 1                                               ; 22                            ;
; 2                                               ; 30                            ;
; 3                                               ; 59                            ;
; 4                                               ; 28                            ;
; 5                                               ; 11                            ;
; 6                                               ; 13                            ;
; 7                                               ; 13                            ;
; 8                                               ; 21                            ;
; 9                                               ; 16                            ;
; 10                                              ; 22                            ;
; 11                                              ; 15                            ;
; 12                                              ; 15                            ;
; 13                                              ; 5                             ;
; 14                                              ; 9                             ;
; 15                                              ; 8                             ;
; 16                                              ; 15                            ;
; 17                                              ; 3                             ;
; 18                                              ; 2                             ;
; 19                                              ; 0                             ;
; 20                                              ; 0                             ;
; 21                                              ; 0                             ;
; 22                                              ; 0                             ;
; 23                                              ; 0                             ;
; 24                                              ; 0                             ;
; 25                                              ; 1                             ;
+-------------------------------------------------+-------------------------------+


+------------------------------------------------------------------------------+
; LAB Distinct Inputs                                                          ;
+----------------------------------------------+-------------------------------+
; Number of Distinct Inputs  (Average = 14.10) ; Number of LABs  (Total = 309) ;
+----------------------------------------------+-------------------------------+
; 0                                            ; 0                             ;
; 1                                            ; 0                             ;
; 2                                            ; 40                            ;
; 3                                            ; 5                             ;
; 4                                            ; 9                             ;
; 5                                            ; 6                             ;
; 6                                            ; 17                            ;
; 7                                            ; 23                            ;
; 8                                            ; 16                            ;
; 9                                            ; 21                            ;
; 10                                           ; 4                             ;
; 11                                           ; 7                             ;
; 12                                           ; 8                             ;
; 13                                           ; 7                             ;
; 14                                           ; 6                             ;
; 15                                           ; 6                             ;
; 16                                           ; 7                             ;
; 17                                           ; 3                             ;
; 18                                           ; 12                            ;
; 19                                           ; 7                             ;
; 20                                           ; 16                            ;
; 21                                           ; 8                             ;
; 22                                           ; 6                             ;
; 23                                           ; 10                            ;
; 24                                           ; 6                             ;
; 25                                           ; 8                             ;
; 26                                           ; 9                             ;
; 27                                           ; 5                             ;
; 28                                           ; 9                             ;
; 29                                           ; 6                             ;
; 30                                           ; 2                             ;
; 31                                           ; 3                             ;
; 32                                           ; 12                            ;
; 33                                           ; 3                             ;
+----------------------------------------------+-------------------------------+


+-------------------------------------------------------------------------+
; Fitter Device Options                                                   ;
+----------------------------------------------+--------------------------+
; Option                                       ; Setting                  ;
+----------------------------------------------+--------------------------+
; Enable user-supplied start-up clock (CLKUSR) ; Off                      ;
; Enable device-wide reset (DEV_CLRn)          ; Off                      ;
; Enable device-wide output enable (DEV_OE)    ; Off                      ;
; Enable INIT_DONE output                      ; Off                      ;
; Configuration scheme                         ; Active Serial            ;
; Error detection CRC                          ; Off                      ;
; nCEO                                         ; As output driving ground ;
; ASDO,nCSO                                    ; As input tri-stated      ;
; Reserve all unused pins                      ; As output driving ground ;
; Base pin-out file on sameframe device        ; Off                      ;
+----------------------------------------------+--------------------------+


+------------------------------------+
; Operating Settings and Conditions  ;
+---------------------------+--------+
; Setting                   ; Value  ;
+---------------------------+--------+
; Nominal Core Voltage      ; 1.20 V ;
; Low Junction Temperature  ; 0 °C   ;
; High Junction Temperature ; 85 °C  ;
+---------------------------+--------+


+-----------------+
; Fitter Messages ;
+-----------------+
Info (11104): Parallel Compilation has detected 8 hyper-threaded processors. However, the extra hyper-threaded processors will not be used by default. Parallel Compilation will use 4 of the 4 physical processors detected instead.
Info (119006): Selected device EP2C35F672C6 for design "bai8"
Info (21077): Low junction temperature is 0 degrees C
Info (21077): High junction temperature is 85 degrees C
Info (171003): Fitter is performing an Auto Fit compilation, which may decrease Fitter effort to reduce compilation time
Warning (292013): Feature LogicLock is only available with a valid subscription license. You can purchase a software subscription to gain full access to this feature.
Info (176444): Device migration not selected. If you intend to use device migration later, you may need to change the pin assignments as they may be incompatible with other devices
    Info (176445): Device EP2C50F672C6 is compatible
    Info (176445): Device EP2C70F672C6 is compatible
Info (169124): Fitter converted 3 user pins into dedicated programming pins
    Info (169125): Pin ~ASDO~ is reserved at location E3
    Info (169125): Pin ~nCSO~ is reserved at location D3
    Info (169125): Pin ~LVDS150p/nCEO~ is reserved at location AE24
Info (176045): Design uses memory blocks. Violating setup or hold times of memory block address registers for either read or write operations could cause memory contents to be corrupted. Make sure that all memory block address registers meet the setup and hold time requirements.
Info (332164): Evaluating HDL-embedded SDC commands
    Info (332165): Entity alt_jtag_atlantic
        Info (332166): set_false_path -from [get_registers {*|alt_jtag_atlantic:*|jupdate}] -to [get_registers {*|alt_jtag_atlantic:*|jupdate1*}] 
        Info (332166): set_false_path -from [get_registers {*|alt_jtag_atlantic:*|rdata[*]}] -to [get_registers {*|alt_jtag_atlantic*|td_shift[*]}]
        Info (332166): set_false_path -from [get_registers {*|alt_jtag_atlantic:*|rdata[*]}] -to [get_registers {*|alt_jtag_atlantic*|td_shift[*]}]
        Info (332166): set_false_path -from [get_registers {*|alt_jtag_atlantic:*|rdata[*]}] -to [get_registers {*|alt_jtag_atlantic*|td_shift[*]}]
        Info (332166): set_false_path -from [get_registers {*|alt_jtag_atlantic:*|rdata[*]}] -to [get_registers {*|alt_jtag_atlantic*|td_shift[*]}]
        Info (332166): set_false_path -from [get_registers {*|alt_jtag_atlantic:*|rdata[*]}] -to [get_registers {*|alt_jtag_atlantic*|td_shift[*]}]
        Info (332166): set_false_path -from [get_registers {*|alt_jtag_atlantic:*|rdata[*]}] -to [get_registers {*|alt_jtag_atlantic*|td_shift[*]}]
        Info (332166): set_false_path -from [get_registers {*|alt_jtag_atlantic:*|rdata[*]}] -to [get_registers {*|alt_jtag_atlantic*|td_shift[*]}]
        Info (332166): set_false_path -from [get_registers {*|alt_jtag_atlantic:*|rdata[*]}] -to [get_registers {*|alt_jtag_atlantic*|td_shift[*]}]
        Info (332166): set_false_path -from [get_registers {*|alt_jtag_atlantic:*|read}] -to [get_registers {*|alt_jtag_atlantic:*|read1*}] 
        Info (332166): set_false_path -from [get_registers {*|alt_jtag_atlantic:*|read_req}]
        Info (332166): set_false_path -from [get_registers {*|alt_jtag_atlantic:*|rvalid}] -to [get_registers {*|alt_jtag_atlantic*|td_shift[*]}]
        Info (332166): set_false_path -from [get_registers {*|t_dav}] -to [get_registers {*|alt_jtag_atlantic:*|tck_t_dav}]
        Info (332166): set_false_path -from [get_registers {*|alt_jtag_atlantic:*|user_saw_rvalid}] -to [get_registers {*|alt_jtag_atlantic:*|rvalid0*}]
        Info (332166): set_false_path -from [get_registers {*|alt_jtag_atlantic:*|wdata[*]}] -to [get_registers {*}]
        Info (332166): set_false_path -from [get_registers {*|alt_jtag_atlantic:*|wdata[*]}] -to [get_registers {*}]
        Info (332166): set_false_path -from [get_registers {*|alt_jtag_atlantic:*|wdata[*]}] -to [get_registers {*}]
        Info (332166): set_false_path -from [get_registers {*|alt_jtag_atlantic:*|wdata[*]}] -to [get_registers {*}]
        Info (332166): set_false_path -from [get_registers {*|alt_jtag_atlantic:*|wdata[*]}] -to [get_registers {*}]
        Info (332166): set_false_path -from [get_registers {*|alt_jtag_atlantic:*|wdata[*]}] -to [get_registers {*}]
        Info (332166): set_false_path -from [get_registers {*|alt_jtag_atlantic:*|wdata[*]}] -to [get_registers {*}]
        Info (332166): set_false_path -from [get_registers {*|alt_jtag_atlantic:*|wdata[*]}] -to [get_registers {*}]
        Info (332166): set_false_path -from [get_registers {*|alt_jtag_atlantic:*|write}] -to [get_registers {*|alt_jtag_atlantic:*|write1*}] 
        Info (332166): set_false_path -from [get_registers {*|alt_jtag_atlantic:*|write_stalled}] -to [get_registers {*|alt_jtag_atlantic:*|t_ena*}]
        Info (332166): set_false_path -from [get_registers {*|alt_jtag_atlantic:*|write_stalled}] -to [get_registers {*|alt_jtag_atlantic:*|t_pause*}]
        Info (332166): set_false_path -from [get_registers {*|alt_jtag_atlantic:*|write_valid}]
    Info (332165): Entity altera_std_synchronizer
        Info (332166): set_false_path -to [get_keepers {*altera_std_synchronizer:*|din_s1}]
    Info (332165): Entity sld_jtag_hub
        Info (332166): create_clock -name altera_reserved_tck [get_ports {altera_reserved_tck}] -period 10MHz   
        Info (332166): set_clock_groups -asynchronous -group {altera_reserved_tck}
Info (332104): Reading SDC File: 'system/synthesis/submodules/altera_reset_controller.sdc'
Info (332104): Reading SDC File: 'system/synthesis/submodules/system_nios2_qsys_0.sdc'
Warning (332060): Node: CLOCK_50 was determined to be a clock but was found without an associated clock assignment.
Info (332129): Detected timing requirements -- optimizing circuit to achieve only the specified requirements
Info (332111): Found 1 clocks
    Info (332111):   Period   Clock Name
    Info (332111): ======== ============
    Info (332111):  100.000 altera_reserved_tck
Info (176353): Automatically promoted node CLOCK_50 (placed in PIN N2 (CLK0, LVDSCLK0p, Input))
    Info (176355): Automatically promoted destinations to use location or clock signal Global Clock CLKCTRL_G2
Info (176353): Automatically promoted node altera_internal_jtag~TCKUTAP 
    Info (176355): Automatically promoted destinations to use location or clock signal Global Clock
Info (176353): Automatically promoted node sld_signaltap:auto_signaltap_0|sld_signaltap_impl:sld_signaltap_body|sld_signaltap_implb:sld_signaltap_body|reset_all 
    Info (176355): Automatically promoted destinations to use location or clock signal Global Clock
    Info (176356): Following destination nodes may be non-global or may not use global or regional clocks
        Info (176357): Destination node sld_signaltap:auto_signaltap_0|sld_signaltap_impl:sld_signaltap_body|sld_signaltap_implb:sld_signaltap_body|sld_offload_buffer_mgr:\stp_non_zero_depth_offload_gen:stp_offload_buff_mgr_inst|acq_buf_read_reset~0
        Info (176357): Destination node sld_signaltap:auto_signaltap_0|sld_signaltap_impl:sld_signaltap_body|sld_signaltap_implb:sld_signaltap_body|sld_offload_buffer_mgr:\stp_non_zero_depth_offload_gen:stp_offload_buff_mgr_inst|acq_buf_read_reset
Info (176353): Automatically promoted node system:Nios_system|altera_reset_controller:rst_controller|r_sync_rst 
    Info (176355): Automatically promoted destinations to use location or clock signal Global Clock
    Info (176356): Following destination nodes may be non-global or may not use global or regional clocks
        Info (176357): Destination node system:Nios_system|altera_reset_controller:rst_controller|WideOr0~0
        Info (176357): Destination node system:Nios_system|system_nios2_qsys_0:nios2_qsys_0|W_rf_wren
        Info (176357): Destination node system:Nios_system|system_nios2_qsys_0:nios2_qsys_0|system_nios2_qsys_0_nios2_oci:the_system_nios2_qsys_0_nios2_oci|system_nios2_qsys_0_nios2_oci_debug:the_system_nios2_qsys_0_nios2_oci_debug|altera_std_synchronizer:the_altera_std_synchronizer|din_s1~0
Info (176353): Automatically promoted node system:Nios_system|system_dma_0:dma_0|reset_n 
    Info (176355): Automatically promoted destinations to use location or clock signal Global Clock
Info (176353): Automatically promoted node sld_hub:auto_hub|sld_jtag_hub:\jtag_hub_gen:sld_jtag_hub_inst|clr_reg 
    Info (176355): Automatically promoted destinations to use location or clock signal Global Clock
    Info (176356): Following destination nodes may be non-global or may not use global or regional clocks
        Info (176357): Destination node sld_hub:auto_hub|sld_jtag_hub:\jtag_hub_gen:sld_jtag_hub_inst|clr_reg~_wirecell
        Info (176357): Destination node sld_signaltap:auto_signaltap_0|sld_signaltap_impl:sld_signaltap_body|sld_signaltap_implb:sld_signaltap_body|reset_all~0
Info (176353): Automatically promoted node system:Nios_system|altera_reset_controller:rst_controller_001|r_sync_rst 
    Info (176355): Automatically promoted destinations to use location or clock signal Global Clock
    Info (176356): Following destination nodes may be non-global or may not use global or regional clocks
        Info (176357): Destination node system:Nios_system|altera_reset_controller:rst_controller_001|WideOr0~0
Info (176353): Automatically promoted node sld_hub:auto_hub|sld_jtag_hub:\jtag_hub_gen:sld_jtag_hub_inst|sld_shadow_jsm:shadow_jsm|state[0] 
    Info (176355): Automatically promoted destinations to use location or clock signal Global Clock
    Info (176356): Following destination nodes may be non-global or may not use global or regional clocks
        Info (176357): Destination node sld_hub:auto_hub|sld_jtag_hub:\jtag_hub_gen:sld_jtag_hub_inst|sld_shadow_jsm:shadow_jsm|state~0
        Info (176357): Destination node sld_hub:auto_hub|sld_jtag_hub:\jtag_hub_gen:sld_jtag_hub_inst|sld_shadow_jsm:shadow_jsm|state~1
        Info (176357): Destination node sld_hub:auto_hub|sld_jtag_hub:\jtag_hub_gen:sld_jtag_hub_inst|sld_shadow_jsm:shadow_jsm|state[0]~_wirecell
Info (176353): Automatically promoted node system:Nios_system|altera_reset_controller:rst_controller|merged_reset~0 
    Info (176355): Automatically promoted destinations to use location or clock signal Global Clock
Info (176233): Starting register packing
Info (176235): Finished register packing
    Extra Info (176219): No registers were packed into other blocks
Warning (15705): Ignored locations or region assignments to the following nodes
    Warning (15706): Node "AUD_ADCDAT" is assigned to location or region, but does not exist in design
    Warning (15706): Node "AUD_ADCLRCK" is assigned to location or region, but does not exist in design
    Warning (15706): Node "AUD_BCLK" is assigned to location or region, but does not exist in design
    Warning (15706): Node "AUD_DACDAT" is assigned to location or region, but does not exist in design
    Warning (15706): Node "AUD_DACLRCK" is assigned to location or region, but does not exist in design
    Warning (15706): Node "AUD_XCK" is assigned to location or region, but does not exist in design
    Warning (15706): Node "CLOCK_27" is assigned to location or region, but does not exist in design
    Warning (15706): Node "DRAM_ADDR[0]" is assigned to location or region, but does not exist in design
    Warning (15706): Node "DRAM_ADDR[10]" is assigned to location or region, but does not exist in design
    Warning (15706): Node "DRAM_ADDR[11]" is assigned to location or region, but does not exist in design
    Warning (15706): Node "DRAM_ADDR[1]" is assigned to location or region, but does not exist in design
    Warning (15706): Node "DRAM_ADDR[2]" is assigned to location or region, but does not exist in design
    Warning (15706): Node "DRAM_ADDR[3]" is assigned to location or region, but does not exist in design
    Warning (15706): Node "DRAM_ADDR[4]" is assigned to location or region, but does not exist in design
    Warning (15706): Node "DRAM_ADDR[5]" is assigned to location or region, but does not exist in design
    Warning (15706): Node "DRAM_ADDR[6]" is assigned to location or region, but does not exist in design
    Warning (15706): Node "DRAM_ADDR[7]" is assigned to location or region, but does not exist in design
    Warning (15706): Node "DRAM_ADDR[8]" is assigned to location or region, but does not exist in design
    Warning (15706): Node "DRAM_ADDR[9]" is assigned to location or region, but does not exist in design
    Warning (15706): Node "DRAM_BA_0" is assigned to location or region, but does not exist in design
    Warning (15706): Node "DRAM_BA_1" is assigned to location or region, but does not exist in design
    Warning (15706): Node "DRAM_CAS_N" is assigned to location or region, but does not exist in design
    Warning (15706): Node "DRAM_CKE" is assigned to location or region, but does not exist in design
    Warning (15706): Node "DRAM_CLK" is assigned to location or region, but does not exist in design
    Warning (15706): Node "DRAM_CS_N" is assigned to location or region, but does not exist in design
    Warning (15706): Node "DRAM_DQ[0]" is assigned to location or region, but does not exist in design
    Warning (15706): Node "DRAM_DQ[10]" is assigned to location or region, but does not exist in design
    Warning (15706): Node "DRAM_DQ[11]" is assigned to location or region, but does not exist in design
    Warning (15706): Node "DRAM_DQ[12]" is assigned to location or region, but does not exist in design
    Warning (15706): Node "DRAM_DQ[13]" is assigned to location or region, but does not exist in design
    Warning (15706): Node "DRAM_DQ[14]" is assigned to location or region, but does not exist in design
    Warning (15706): Node "DRAM_DQ[15]" is assigned to location or region, but does not exist in design
    Warning (15706): Node "DRAM_DQ[1]" is assigned to location or region, but does not exist in design
    Warning (15706): Node "DRAM_DQ[2]" is assigned to location or region, but does not exist in design
    Warning (15706): Node "DRAM_DQ[3]" is assigned to location or region, but does not exist in design
    Warning (15706): Node "DRAM_DQ[4]" is assigned to location or region, but does not exist in design
    Warning (15706): Node "DRAM_DQ[5]" is assigned to location or region, but does not exist in design
    Warning (15706): Node "DRAM_DQ[6]" is assigned to location or region, but does not exist in design
    Warning (15706): Node "DRAM_DQ[7]" is assigned to location or region, but does not exist in design
    Warning (15706): Node "DRAM_DQ[8]" is assigned to location or region, but does not exist in design
    Warning (15706): Node "DRAM_DQ[9]" is assigned to location or region, but does not exist in design
    Warning (15706): Node "DRAM_LDQM" is assigned to location or region, but does not exist in design
    Warning (15706): Node "DRAM_RAS_N" is assigned to location or region, but does not exist in design
    Warning (15706): Node "DRAM_UDQM" is assigned to location or region, but does not exist in design
    Warning (15706): Node "DRAM_WE_N" is assigned to location or region, but does not exist in design
    Warning (15706): Node "ENET_CLK" is assigned to location or region, but does not exist in design
    Warning (15706): Node "ENET_CMD" is assigned to location or region, but does not exist in design
    Warning (15706): Node "ENET_CS_N" is assigned to location or region, but does not exist in design
    Warning (15706): Node "ENET_DATA[0]" is assigned to location or region, but does not exist in design
    Warning (15706): Node "ENET_DATA[10]" is assigned to location or region, but does not exist in design
    Warning (15706): Node "ENET_DATA[11]" is assigned to location or region, but does not exist in design
    Warning (15706): Node "ENET_DATA[12]" is assigned to location or region, but does not exist in design
    Warning (15706): Node "ENET_DATA[13]" is assigned to location or region, but does not exist in design
    Warning (15706): Node "ENET_DATA[14]" is assigned to location or region, but does not exist in design
    Warning (15706): Node "ENET_DATA[15]" is assigned to location or region, but does not exist in design
    Warning (15706): Node "ENET_DATA[1]" is assigned to location or region, but does not exist in design
    Warning (15706): Node "ENET_DATA[2]" is assigned to location or region, but does not exist in design
    Warning (15706): Node "ENET_DATA[3]" is assigned to location or region, but does not exist in design
    Warning (15706): Node "ENET_DATA[4]" is assigned to location or region, but does not exist in design
    Warning (15706): Node "ENET_DATA[5]" is assigned to location or region, but does not exist in design
    Warning (15706): Node "ENET_DATA[6]" is assigned to location or region, but does not exist in design
    Warning (15706): Node "ENET_DATA[7]" is assigned to location or region, but does not exist in design
    Warning (15706): Node "ENET_DATA[8]" is assigned to location or region, but does not exist in design
    Warning (15706): Node "ENET_DATA[9]" is assigned to location or region, but does not exist in design
    Warning (15706): Node "ENET_INT" is assigned to location or region, but does not exist in design
    Warning (15706): Node "ENET_RD_N" is assigned to location or region, but does not exist in design
    Warning (15706): Node "ENET_RST_N" is assigned to location or region, but does not exist in design
    Warning (15706): Node "ENET_WR_N" is assigned to location or region, but does not exist in design
    Warning (15706): Node "EXT_CLOCK" is assigned to location or region, but does not exist in design
    Warning (15706): Node "FL_ADDR[0]" is assigned to location or region, but does not exist in design
    Warning (15706): Node "FL_ADDR[10]" is assigned to location or region, but does not exist in design
    Warning (15706): Node "FL_ADDR[11]" is assigned to location or region, but does not exist in design
    Warning (15706): Node "FL_ADDR[12]" is assigned to location or region, but does not exist in design
    Warning (15706): Node "FL_ADDR[13]" is assigned to location or region, but does not exist in design
    Warning (15706): Node "FL_ADDR[14]" is assigned to location or region, but does not exist in design
    Warning (15706): Node "FL_ADDR[15]" is assigned to location or region, but does not exist in design
    Warning (15706): Node "FL_ADDR[16]" is assigned to location or region, but does not exist in design
    Warning (15706): Node "FL_ADDR[17]" is assigned to location or region, but does not exist in design
    Warning (15706): Node "FL_ADDR[18]" is assigned to location or region, but does not exist in design
    Warning (15706): Node "FL_ADDR[19]" is assigned to location or region, but does not exist in design
    Warning (15706): Node "FL_ADDR[1]" is assigned to location or region, but does not exist in design
    Warning (15706): Node "FL_ADDR[20]" is assigned to location or region, but does not exist in design
    Warning (15706): Node "FL_ADDR[21]" is assigned to location or region, but does not exist in design
    Warning (15706): Node "FL_ADDR[2]" is assigned to location or region, but does not exist in design
    Warning (15706): Node "FL_ADDR[3]" is assigned to location or region, but does not exist in design
    Warning (15706): Node "FL_ADDR[4]" is assigned to location or region, but does not exist in design
    Warning (15706): Node "FL_ADDR[5]" is assigned to location or region, but does not exist in design
    Warning (15706): Node "FL_ADDR[6]" is assigned to location or region, but does not exist in design
    Warning (15706): Node "FL_ADDR[7]" is assigned to location or region, but does not exist in design
    Warning (15706): Node "FL_ADDR[8]" is assigned to location or region, but does not exist in design
    Warning (15706): Node "FL_ADDR[9]" is assigned to location or region, but does not exist in design
    Warning (15706): Node "FL_CE_N" is assigned to location or region, but does not exist in design
    Warning (15706): Node "FL_DQ[0]" is assigned to location or region, but does not exist in design
    Warning (15706): Node "FL_DQ[1]" is assigned to location or region, but does not exist in design
    Warning (15706): Node "FL_DQ[2]" is assigned to location or region, but does not exist in design
    Warning (15706): Node "FL_DQ[3]" is assigned to location or region, but does not exist in design
    Warning (15706): Node "FL_DQ[4]" is assigned to location or region, but does not exist in design
    Warning (15706): Node "FL_DQ[5]" is assigned to location or region, but does not exist in design
    Warning (15706): Node "FL_DQ[6]" is assigned to location or region, but does not exist in design
    Warning (15706): Node "FL_DQ[7]" is assigned to location or region, but does not exist in design
    Warning (15706): Node "FL_OE_N" is assigned to location or region, but does not exist in design
    Warning (15706): Node "FL_RST_N" is assigned to location or region, but does not exist in design
    Warning (15706): Node "FL_WE_N" is assigned to location or region, but does not exist in design
    Warning (15706): Node "GPIO_0[0]" is assigned to location or region, but does not exist in design
    Warning (15706): Node "GPIO_0[10]" is assigned to location or region, but does not exist in design
    Warning (15706): Node "GPIO_0[11]" is assigned to location or region, but does not exist in design
    Warning (15706): Node "GPIO_0[12]" is assigned to location or region, but does not exist in design
    Warning (15706): Node "GPIO_0[13]" is assigned to location or region, but does not exist in design
    Warning (15706): Node "GPIO_0[14]" is assigned to location or region, but does not exist in design
    Warning (15706): Node "GPIO_0[15]" is assigned to location or region, but does not exist in design
    Warning (15706): Node "GPIO_0[16]" is assigned to location or region, but does not exist in design
    Warning (15706): Node "GPIO_0[17]" is assigned to location or region, but does not exist in design
    Warning (15706): Node "GPIO_0[18]" is assigned to location or region, but does not exist in design
    Warning (15706): Node "GPIO_0[19]" is assigned to location or region, but does not exist in design
    Warning (15706): Node "GPIO_0[1]" is assigned to location or region, but does not exist in design
    Warning (15706): Node "GPIO_0[20]" is assigned to location or region, but does not exist in design
    Warning (15706): Node "GPIO_0[21]" is assigned to location or region, but does not exist in design
    Warning (15706): Node "GPIO_0[22]" is assigned to location or region, but does not exist in design
    Warning (15706): Node "GPIO_0[23]" is assigned to location or region, but does not exist in design
    Warning (15706): Node "GPIO_0[24]" is assigned to location or region, but does not exist in design
    Warning (15706): Node "GPIO_0[25]" is assigned to location or region, but does not exist in design
    Warning (15706): Node "GPIO_0[26]" is assigned to location or region, but does not exist in design
    Warning (15706): Node "GPIO_0[27]" is assigned to location or region, but does not exist in design
    Warning (15706): Node "GPIO_0[28]" is assigned to location or region, but does not exist in design
    Warning (15706): Node "GPIO_0[29]" is assigned to location or region, but does not exist in design
    Warning (15706): Node "GPIO_0[2]" is assigned to location or region, but does not exist in design
    Warning (15706): Node "GPIO_0[30]" is assigned to location or region, but does not exist in design
    Warning (15706): Node "GPIO_0[31]" is assigned to location or region, but does not exist in design
    Warning (15706): Node "GPIO_0[32]" is assigned to location or region, but does not exist in design
    Warning (15706): Node "GPIO_0[33]" is assigned to location or region, but does not exist in design
    Warning (15706): Node "GPIO_0[34]" is assigned to location or region, but does not exist in design
    Warning (15706): Node "GPIO_0[35]" is assigned to location or region, but does not exist in design
    Warning (15706): Node "GPIO_0[3]" is assigned to location or region, but does not exist in design
    Warning (15706): Node "GPIO_0[4]" is assigned to location or region, but does not exist in design
    Warning (15706): Node "GPIO_0[5]" is assigned to location or region, but does not exist in design
    Warning (15706): Node "GPIO_0[6]" is assigned to location or region, but does not exist in design
    Warning (15706): Node "GPIO_0[7]" is assigned to location or region, but does not exist in design
    Warning (15706): Node "GPIO_0[8]" is assigned to location or region, but does not exist in design
    Warning (15706): Node "GPIO_0[9]" is assigned to location or region, but does not exist in design
    Warning (15706): Node "GPIO_1[0]" is assigned to location or region, but does not exist in design
    Warning (15706): Node "GPIO_1[10]" is assigned to location or region, but does not exist in design
    Warning (15706): Node "GPIO_1[11]" is assigned to location or region, but does not exist in design
    Warning (15706): Node "GPIO_1[12]" is assigned to location or region, but does not exist in design
    Warning (15706): Node "GPIO_1[13]" is assigned to location or region, but does not exist in design
    Warning (15706): Node "GPIO_1[14]" is assigned to location or region, but does not exist in design
    Warning (15706): Node "GPIO_1[15]" is assigned to location or region, but does not exist in design
    Warning (15706): Node "GPIO_1[16]" is assigned to location or region, but does not exist in design
    Warning (15706): Node "GPIO_1[17]" is assigned to location or region, but does not exist in design
    Warning (15706): Node "GPIO_1[18]" is assigned to location or region, but does not exist in design
    Warning (15706): Node "GPIO_1[19]" is assigned to location or region, but does not exist in design
    Warning (15706): Node "GPIO_1[1]" is assigned to location or region, but does not exist in design
    Warning (15706): Node "GPIO_1[20]" is assigned to location or region, but does not exist in design
    Warning (15706): Node "GPIO_1[21]" is assigned to location or region, but does not exist in design
    Warning (15706): Node "GPIO_1[22]" is assigned to location or region, but does not exist in design
    Warning (15706): Node "GPIO_1[23]" is assigned to location or region, but does not exist in design
    Warning (15706): Node "GPIO_1[24]" is assigned to location or region, but does not exist in design
    Warning (15706): Node "GPIO_1[25]" is assigned to location or region, but does not exist in design
    Warning (15706): Node "GPIO_1[26]" is assigned to location or region, but does not exist in design
    Warning (15706): Node "GPIO_1[27]" is assigned to location or region, but does not exist in design
    Warning (15706): Node "GPIO_1[28]" is assigned to location or region, but does not exist in design
    Warning (15706): Node "GPIO_1[29]" is assigned to location or region, but does not exist in design
    Warning (15706): Node "GPIO_1[2]" is assigned to location or region, but does not exist in design
    Warning (15706): Node "GPIO_1[30]" is assigned to location or region, but does not exist in design
    Warning (15706): Node "GPIO_1[31]" is assigned to location or region, but does not exist in design
    Warning (15706): Node "GPIO_1[32]" is assigned to location or region, but does not exist in design
    Warning (15706): Node "GPIO_1[33]" is assigned to location or region, but does not exist in design
    Warning (15706): Node "GPIO_1[34]" is assigned to location or region, but does not exist in design
    Warning (15706): Node "GPIO_1[35]" is assigned to location or region, but does not exist in design
    Warning (15706): Node "GPIO_1[3]" is assigned to location or region, but does not exist in design
    Warning (15706): Node "GPIO_1[4]" is assigned to location or region, but does not exist in design
    Warning (15706): Node "GPIO_1[5]" is assigned to location or region, but does not exist in design
    Warning (15706): Node "GPIO_1[6]" is assigned to location or region, but does not exist in design
    Warning (15706): Node "GPIO_1[7]" is assigned to location or region, but does not exist in design
    Warning (15706): Node "GPIO_1[8]" is assigned to location or region, but does not exist in design
    Warning (15706): Node "GPIO_1[9]" is assigned to location or region, but does not exist in design
    Warning (15706): Node "HEX0[0]" is assigned to location or region, but does not exist in design
    Warning (15706): Node "HEX0[1]" is assigned to location or region, but does not exist in design
    Warning (15706): Node "HEX0[2]" is assigned to location or region, but does not exist in design
    Warning (15706): Node "HEX0[3]" is assigned to location or region, but does not exist in design
    Warning (15706): Node "HEX0[4]" is assigned to location or region, but does not exist in design
    Warning (15706): Node "HEX0[5]" is assigned to location or region, but does not exist in design
    Warning (15706): Node "HEX0[6]" is assigned to location or region, but does not exist in design
    Warning (15706): Node "HEX1[0]" is assigned to location or region, but does not exist in design
    Warning (15706): Node "HEX1[1]" is assigned to location or region, but does not exist in design
    Warning (15706): Node "HEX1[2]" is assigned to location or region, but does not exist in design
    Warning (15706): Node "HEX1[3]" is assigned to location or region, but does not exist in design
    Warning (15706): Node "HEX1[4]" is assigned to location or region, but does not exist in design
    Warning (15706): Node "HEX1[5]" is assigned to location or region, but does not exist in design
    Warning (15706): Node "HEX1[6]" is assigned to location or region, but does not exist in design
    Warning (15706): Node "HEX2[0]" is assigned to location or region, but does not exist in design
    Warning (15706): Node "HEX2[1]" is assigned to location or region, but does not exist in design
    Warning (15706): Node "HEX2[2]" is assigned to location or region, but does not exist in design
    Warning (15706): Node "HEX2[3]" is assigned to location or region, but does not exist in design
    Warning (15706): Node "HEX2[4]" is assigned to location or region, but does not exist in design
    Warning (15706): Node "HEX2[5]" is assigned to location or region, but does not exist in design
    Warning (15706): Node "HEX2[6]" is assigned to location or region, but does not exist in design
    Warning (15706): Node "HEX3[0]" is assigned to location or region, but does not exist in design
    Warning (15706): Node "HEX3[1]" is assigned to location or region, but does not exist in design
    Warning (15706): Node "HEX3[2]" is assigned to location or region, but does not exist in design
    Warning (15706): Node "HEX3[3]" is assigned to location or region, but does not exist in design
    Warning (15706): Node "HEX3[4]" is assigned to location or region, but does not exist in design
    Warning (15706): Node "HEX3[5]" is assigned to location or region, but does not exist in design
    Warning (15706): Node "HEX3[6]" is assigned to location or region, but does not exist in design
    Warning (15706): Node "HEX4[0]" is assigned to location or region, but does not exist in design
    Warning (15706): Node "HEX4[1]" is assigned to location or region, but does not exist in design
    Warning (15706): Node "HEX4[2]" is assigned to location or region, but does not exist in design
    Warning (15706): Node "HEX4[3]" is assigned to location or region, but does not exist in design
    Warning (15706): Node "HEX4[4]" is assigned to location or region, but does not exist in design
    Warning (15706): Node "HEX4[5]" is assigned to location or region, but does not exist in design
    Warning (15706): Node "HEX4[6]" is assigned to location or region, but does not exist in design
    Warning (15706): Node "HEX5[0]" is assigned to location or region, but does not exist in design
    Warning (15706): Node "HEX5[1]" is assigned to location or region, but does not exist in design
    Warning (15706): Node "HEX5[2]" is assigned to location or region, but does not exist in design
    Warning (15706): Node "HEX5[3]" is assigned to location or region, but does not exist in design
    Warning (15706): Node "HEX5[4]" is assigned to location or region, but does not exist in design
    Warning (15706): Node "HEX5[5]" is assigned to location or region, but does not exist in design
    Warning (15706): Node "HEX5[6]" is assigned to location or region, but does not exist in design
    Warning (15706): Node "HEX6[0]" is assigned to location or region, but does not exist in design
    Warning (15706): Node "HEX6[1]" is assigned to location or region, but does not exist in design
    Warning (15706): Node "HEX6[2]" is assigned to location or region, but does not exist in design
    Warning (15706): Node "HEX6[3]" is assigned to location or region, but does not exist in design
    Warning (15706): Node "HEX6[4]" is assigned to location or region, but does not exist in design
    Warning (15706): Node "HEX6[5]" is assigned to location or region, but does not exist in design
    Warning (15706): Node "HEX6[6]" is assigned to location or region, but does not exist in design
    Warning (15706): Node "HEX7[0]" is assigned to location or region, but does not exist in design
    Warning (15706): Node "HEX7[1]" is assigned to location or region, but does not exist in design
    Warning (15706): Node "HEX7[2]" is assigned to location or region, but does not exist in design
    Warning (15706): Node "HEX7[3]" is assigned to location or region, but does not exist in design
    Warning (15706): Node "HEX7[4]" is assigned to location or region, but does not exist in design
    Warning (15706): Node "HEX7[5]" is assigned to location or region, but does not exist in design
    Warning (15706): Node "HEX7[6]" is assigned to location or region, but does not exist in design
    Warning (15706): Node "I2C_SCLK" is assigned to location or region, but does not exist in design
    Warning (15706): Node "I2C_SDAT" is assigned to location or region, but does not exist in design
    Warning (15706): Node "IRDA_RXD" is assigned to location or region, but does not exist in design
    Warning (15706): Node "IRDA_TXD" is assigned to location or region, but does not exist in design
    Warning (15706): Node "KEY[1]" is assigned to location or region, but does not exist in design
    Warning (15706): Node "KEY[2]" is assigned to location or region, but does not exist in design
    Warning (15706): Node "KEY[3]" is assigned to location or region, but does not exist in design
    Warning (15706): Node "LCD_BLON" is assigned to location or region, but does not exist in design
    Warning (15706): Node "LCD_DATA[0]" is assigned to location or region, but does not exist in design
    Warning (15706): Node "LCD_DATA[1]" is assigned to location or region, but does not exist in design
    Warning (15706): Node "LCD_DATA[2]" is assigned to location or region, but does not exist in design
    Warning (15706): Node "LCD_DATA[3]" is assigned to location or region, but does not exist in design
    Warning (15706): Node "LCD_DATA[4]" is assigned to location or region, but does not exist in design
    Warning (15706): Node "LCD_DATA[5]" is assigned to location or region, but does not exist in design
    Warning (15706): Node "LCD_DATA[6]" is assigned to location or region, but does not exist in design
    Warning (15706): Node "LCD_DATA[7]" is assigned to location or region, but does not exist in design
    Warning (15706): Node "LCD_EN" is assigned to location or region, but does not exist in design
    Warning (15706): Node "LCD_ON" is assigned to location or region, but does not exist in design
    Warning (15706): Node "LCD_RS" is assigned to location or region, but does not exist in design
    Warning (15706): Node "LCD_RW" is assigned to location or region, but does not exist in design
    Warning (15706): Node "LEDG[0]" is assigned to location or region, but does not exist in design
    Warning (15706): Node "LEDG[1]" is assigned to location or region, but does not exist in design
    Warning (15706): Node "LEDG[2]" is assigned to location or region, but does not exist in design
    Warning (15706): Node "LEDG[3]" is assigned to location or region, but does not exist in design
    Warning (15706): Node "LEDG[4]" is assigned to location or region, but does not exist in design
    Warning (15706): Node "LEDG[5]" is assigned to location or region, but does not exist in design
    Warning (15706): Node "LEDG[6]" is assigned to location or region, but does not exist in design
    Warning (15706): Node "LEDG[7]" is assigned to location or region, but does not exist in design
    Warning (15706): Node "LEDG[8]" is assigned to location or region, but does not exist in design
    Warning (15706): Node "LEDR[0]" is assigned to location or region, but does not exist in design
    Warning (15706): Node "LEDR[10]" is assigned to location or region, but does not exist in design
    Warning (15706): Node "LEDR[11]" is assigned to location or region, but does not exist in design
    Warning (15706): Node "LEDR[12]" is assigned to location or region, but does not exist in design
    Warning (15706): Node "LEDR[13]" is assigned to location or region, but does not exist in design
    Warning (15706): Node "LEDR[14]" is assigned to location or region, but does not exist in design
    Warning (15706): Node "LEDR[15]" is assigned to location or region, but does not exist in design
    Warning (15706): Node "LEDR[16]" is assigned to location or region, but does not exist in design
    Warning (15706): Node "LEDR[17]" is assigned to location or region, but does not exist in design
    Warning (15706): Node "LEDR[1]" is assigned to location or region, but does not exist in design
    Warning (15706): Node "LEDR[2]" is assigned to location or region, but does not exist in design
    Warning (15706): Node "LEDR[3]" is assigned to location or region, but does not exist in design
    Warning (15706): Node "LEDR[4]" is assigned to location or region, but does not exist in design
    Warning (15706): Node "LEDR[5]" is assigned to location or region, but does not exist in design
    Warning (15706): Node "LEDR[6]" is assigned to location or region, but does not exist in design
    Warning (15706): Node "LEDR[7]" is assigned to location or region, but does not exist in design
    Warning (15706): Node "LEDR[8]" is assigned to location or region, but does not exist in design
    Warning (15706): Node "LEDR[9]" is assigned to location or region, but does not exist in design
    Warning (15706): Node "OTG_ADDR[0]" is assigned to location or region, but does not exist in design
    Warning (15706): Node "OTG_ADDR[1]" is assigned to location or region, but does not exist in design
    Warning (15706): Node "OTG_CS_N" is assigned to location or region, but does not exist in design
    Warning (15706): Node "OTG_DACK0_N" is assigned to location or region, but does not exist in design
    Warning (15706): Node "OTG_DACK1_N" is assigned to location or region, but does not exist in design
    Warning (15706): Node "OTG_DATA[0]" is assigned to location or region, but does not exist in design
    Warning (15706): Node "OTG_DATA[10]" is assigned to location or region, but does not exist in design
    Warning (15706): Node "OTG_DATA[11]" is assigned to location or region, but does not exist in design
    Warning (15706): Node "OTG_DATA[12]" is assigned to location or region, but does not exist in design
    Warning (15706): Node "OTG_DATA[13]" is assigned to location or region, but does not exist in design
    Warning (15706): Node "OTG_DATA[14]" is assigned to location or region, but does not exist in design
    Warning (15706): Node "OTG_DATA[15]" is assigned to location or region, but does not exist in design
    Warning (15706): Node "OTG_DATA[1]" is assigned to location or region, but does not exist in design
    Warning (15706): Node "OTG_DATA[2]" is assigned to location or region, but does not exist in design
    Warning (15706): Node "OTG_DATA[3]" is assigned to location or region, but does not exist in design
    Warning (15706): Node "OTG_DATA[4]" is assigned to location or region, but does not exist in design
    Warning (15706): Node "OTG_DATA[5]" is assigned to location or region, but does not exist in design
    Warning (15706): Node "OTG_DATA[6]" is assigned to location or region, but does not exist in design
    Warning (15706): Node "OTG_DATA[7]" is assigned to location or region, but does not exist in design
    Warning (15706): Node "OTG_DATA[8]" is assigned to location or region, but does not exist in design
    Warning (15706): Node "OTG_DATA[9]" is assigned to location or region, but does not exist in design
    Warning (15706): Node "OTG_DREQ0" is assigned to location or region, but does not exist in design
    Warning (15706): Node "OTG_DREQ1" is assigned to location or region, but does not exist in design
    Warning (15706): Node "OTG_FSPEED" is assigned to location or region, but does not exist in design
    Warning (15706): Node "OTG_INT0" is assigned to location or region, but does not exist in design
    Warning (15706): Node "OTG_INT1" is assigned to location or region, but does not exist in design
    Warning (15706): Node "OTG_LSPEED" is assigned to location or region, but does not exist in design
    Warning (15706): Node "OTG_RD_N" is assigned to location or region, but does not exist in design
    Warning (15706): Node "OTG_RST_N" is assigned to location or region, but does not exist in design
    Warning (15706): Node "OTG_WR_N" is assigned to location or region, but does not exist in design
    Warning (15706): Node "PS2_CLK" is assigned to location or region, but does not exist in design
    Warning (15706): Node "PS2_DAT" is assigned to location or region, but does not exist in design
    Warning (15706): Node "SD_CLK" is assigned to location or region, but does not exist in design
    Warning (15706): Node "SD_CMD" is assigned to location or region, but does not exist in design
    Warning (15706): Node "SD_DAT" is assigned to location or region, but does not exist in design
    Warning (15706): Node "SD_DAT3" is assigned to location or region, but does not exist in design
    Warning (15706): Node "SRAM_ADDR[0]" is assigned to location or region, but does not exist in design
    Warning (15706): Node "SRAM_ADDR[10]" is assigned to location or region, but does not exist in design
    Warning (15706): Node "SRAM_ADDR[11]" is assigned to location or region, but does not exist in design
    Warning (15706): Node "SRAM_ADDR[12]" is assigned to location or region, but does not exist in design
    Warning (15706): Node "SRAM_ADDR[13]" is assigned to location or region, but does not exist in design
    Warning (15706): Node "SRAM_ADDR[14]" is assigned to location or region, but does not exist in design
    Warning (15706): Node "SRAM_ADDR[15]" is assigned to location or region, but does not exist in design
    Warning (15706): Node "SRAM_ADDR[16]" is assigned to location or region, but does not exist in design
    Warning (15706): Node "SRAM_ADDR[17]" is assigned to location or region, but does not exist in design
    Warning (15706): Node "SRAM_ADDR[1]" is assigned to location or region, but does not exist in design
    Warning (15706): Node "SRAM_ADDR[2]" is assigned to location or region, but does not exist in design
    Warning (15706): Node "SRAM_ADDR[3]" is assigned to location or region, but does not exist in design
    Warning (15706): Node "SRAM_ADDR[4]" is assigned to location or region, but does not exist in design
    Warning (15706): Node "SRAM_ADDR[5]" is assigned to location or region, but does not exist in design
    Warning (15706): Node "SRAM_ADDR[6]" is assigned to location or region, but does not exist in design
    Warning (15706): Node "SRAM_ADDR[7]" is assigned to location or region, but does not exist in design
    Warning (15706): Node "SRAM_ADDR[8]" is assigned to location or region, but does not exist in design
    Warning (15706): Node "SRAM_ADDR[9]" is assigned to location or region, but does not exist in design
    Warning (15706): Node "SRAM_CE_N" is assigned to location or region, but does not exist in design
    Warning (15706): Node "SRAM_DQ[0]" is assigned to location or region, but does not exist in design
    Warning (15706): Node "SRAM_DQ[10]" is assigned to location or region, but does not exist in design
    Warning (15706): Node "SRAM_DQ[11]" is assigned to location or region, but does not exist in design
    Warning (15706): Node "SRAM_DQ[12]" is assigned to location or region, but does not exist in design
    Warning (15706): Node "SRAM_DQ[13]" is assigned to location or region, but does not exist in design
    Warning (15706): Node "SRAM_DQ[14]" is assigned to location or region, but does not exist in design
    Warning (15706): Node "SRAM_DQ[15]" is assigned to location or region, but does not exist in design
    Warning (15706): Node "SRAM_DQ[1]" is assigned to location or region, but does not exist in design
    Warning (15706): Node "SRAM_DQ[2]" is assigned to location or region, but does not exist in design
    Warning (15706): Node "SRAM_DQ[3]" is assigned to location or region, but does not exist in design
    Warning (15706): Node "SRAM_DQ[4]" is assigned to location or region, but does not exist in design
    Warning (15706): Node "SRAM_DQ[5]" is assigned to location or region, but does not exist in design
    Warning (15706): Node "SRAM_DQ[6]" is assigned to location or region, but does not exist in design
    Warning (15706): Node "SRAM_DQ[7]" is assigned to location or region, but does not exist in design
    Warning (15706): Node "SRAM_DQ[8]" is assigned to location or region, but does not exist in design
    Warning (15706): Node "SRAM_DQ[9]" is assigned to location or region, but does not exist in design
    Warning (15706): Node "SRAM_LB_N" is assigned to location or region, but does not exist in design
    Warning (15706): Node "SRAM_OE_N" is assigned to location or region, but does not exist in design
    Warning (15706): Node "SRAM_UB_N" is assigned to location or region, but does not exist in design
    Warning (15706): Node "SRAM_WE_N" is assigned to location or region, but does not exist in design
    Warning (15706): Node "SW[0]" is assigned to location or region, but does not exist in design
    Warning (15706): Node "SW[10]" is assigned to location or region, but does not exist in design
    Warning (15706): Node "SW[11]" is assigned to location or region, but does not exist in design
    Warning (15706): Node "SW[12]" is assigned to location or region, but does not exist in design
    Warning (15706): Node "SW[13]" is assigned to location or region, but does not exist in design
    Warning (15706): Node "SW[14]" is assigned to location or region, but does not exist in design
    Warning (15706): Node "SW[15]" is assigned to location or region, but does not exist in design
    Warning (15706): Node "SW[16]" is assigned to location or region, but does not exist in design
    Warning (15706): Node "SW[17]" is assigned to location or region, but does not exist in design
    Warning (15706): Node "SW[1]" is assigned to location or region, but does not exist in design
    Warning (15706): Node "SW[2]" is assigned to location or region, but does not exist in design
    Warning (15706): Node "SW[3]" is assigned to location or region, but does not exist in design
    Warning (15706): Node "SW[4]" is assigned to location or region, but does not exist in design
    Warning (15706): Node "SW[5]" is assigned to location or region, but does not exist in design
    Warning (15706): Node "SW[6]" is assigned to location or region, but does not exist in design
    Warning (15706): Node "SW[7]" is assigned to location or region, but does not exist in design
    Warning (15706): Node "SW[8]" is assigned to location or region, but does not exist in design
    Warning (15706): Node "SW[9]" is assigned to location or region, but does not exist in design
    Warning (15706): Node "TCK" is assigned to location or region, but does not exist in design
    Warning (15706): Node "TCS" is assigned to location or region, but does not exist in design
    Warning (15706): Node "TDI" is assigned to location or region, but does not exist in design
    Warning (15706): Node "TDO" is assigned to location or region, but does not exist in design
    Warning (15706): Node "TD_DATA[0]" is assigned to location or region, but does not exist in design
    Warning (15706): Node "TD_DATA[1]" is assigned to location or region, but does not exist in design
    Warning (15706): Node "TD_DATA[2]" is assigned to location or region, but does not exist in design
    Warning (15706): Node "TD_DATA[3]" is assigned to location or region, but does not exist in design
    Warning (15706): Node "TD_DATA[4]" is assigned to location or region, but does not exist in design
    Warning (15706): Node "TD_DATA[5]" is assigned to location or region, but does not exist in design
    Warning (15706): Node "TD_DATA[6]" is assigned to location or region, but does not exist in design
    Warning (15706): Node "TD_DATA[7]" is assigned to location or region, but does not exist in design
    Warning (15706): Node "TD_HS" is assigned to location or region, but does not exist in design
    Warning (15706): Node "TD_RESET" is assigned to location or region, but does not exist in design
    Warning (15706): Node "TD_VS" is assigned to location or region, but does not exist in design
    Warning (15706): Node "UART_RXD" is assigned to location or region, but does not exist in design
    Warning (15706): Node "UART_TXD" is assigned to location or region, but does not exist in design
    Warning (15706): Node "VGA_BLANK" is assigned to location or region, but does not exist in design
    Warning (15706): Node "VGA_B[0]" is assigned to location or region, but does not exist in design
    Warning (15706): Node "VGA_B[1]" is assigned to location or region, but does not exist in design
    Warning (15706): Node "VGA_B[2]" is assigned to location or region, but does not exist in design
    Warning (15706): Node "VGA_B[3]" is assigned to location or region, but does not exist in design
    Warning (15706): Node "VGA_B[4]" is assigned to location or region, but does not exist in design
    Warning (15706): Node "VGA_B[5]" is assigned to location or region, but does not exist in design
    Warning (15706): Node "VGA_B[6]" is assigned to location or region, but does not exist in design
    Warning (15706): Node "VGA_B[7]" is assigned to location or region, but does not exist in design
    Warning (15706): Node "VGA_B[8]" is assigned to location or region, but does not exist in design
    Warning (15706): Node "VGA_B[9]" is assigned to location or region, but does not exist in design
    Warning (15706): Node "VGA_CLK" is assigned to location or region, but does not exist in design
    Warning (15706): Node "VGA_G[0]" is assigned to location or region, but does not exist in design
    Warning (15706): Node "VGA_G[1]" is assigned to location or region, but does not exist in design
    Warning (15706): Node "VGA_G[2]" is assigned to location or region, but does not exist in design
    Warning (15706): Node "VGA_G[3]" is assigned to location or region, but does not exist in design
    Warning (15706): Node "VGA_G[4]" is assigned to location or region, but does not exist in design
    Warning (15706): Node "VGA_G[5]" is assigned to location or region, but does not exist in design
    Warning (15706): Node "VGA_G[6]" is assigned to location or region, but does not exist in design
    Warning (15706): Node "VGA_G[7]" is assigned to location or region, but does not exist in design
    Warning (15706): Node "VGA_G[8]" is assigned to location or region, but does not exist in design
    Warning (15706): Node "VGA_G[9]" is assigned to location or region, but does not exist in design
    Warning (15706): Node "VGA_HS" is assigned to location or region, but does not exist in design
    Warning (15706): Node "VGA_R[0]" is assigned to location or region, but does not exist in design
    Warning (15706): Node "VGA_R[1]" is assigned to location or region, but does not exist in design
    Warning (15706): Node "VGA_R[2]" is assigned to location or region, but does not exist in design
    Warning (15706): Node "VGA_R[3]" is assigned to location or region, but does not exist in design
    Warning (15706): Node "VGA_R[4]" is assigned to location or region, but does not exist in design
    Warning (15706): Node "VGA_R[5]" is assigned to location or region, but does not exist in design
    Warning (15706): Node "VGA_R[6]" is assigned to location or region, but does not exist in design
    Warning (15706): Node "VGA_R[7]" is assigned to location or region, but does not exist in design
    Warning (15706): Node "VGA_R[8]" is assigned to location or region, but does not exist in design
    Warning (15706): Node "VGA_R[9]" is assigned to location or region, but does not exist in design
    Warning (15706): Node "VGA_SYNC" is assigned to location or region, but does not exist in design
    Warning (15706): Node "VGA_VS" is assigned to location or region, but does not exist in design
Info (171121): Fitter preparation operations ending: elapsed time is 00:00:03
Info (170189): Fitter placement preparation operations beginning
Info (170190): Fitter placement preparation operations ending: elapsed time is 00:00:01
Info (170191): Fitter placement operations beginning
Info (170137): Fitter placement was successful
Info (170192): Fitter placement operations ending: elapsed time is 00:00:02
Info (170193): Fitter routing operations beginning
Info (170195): Router estimated average interconnect usage is 5% of the available device resources
    Info (170196): Router estimated peak interconnect usage is 22% of the available device resources in the region that extends from location X22_Y24 to location X32_Y36
Info (170194): Fitter routing operations ending: elapsed time is 00:00:02
Info (170199): The Fitter performed an Auto Fit compilation.  Optimizations were skipped to reduce compilation time.
    Info (170201): Optimizations that may affect the design's routability were skipped
    Info (170200): Optimizations that may affect the design's timing were skipped
Info (11888): Total time spent on timing analysis during the Fitter is 0.80 seconds.
Info (306004): Started post-fitting delay annotation
Info (306005): Delay annotation completed successfully
Info (306004): Started post-fitting delay annotation
Info (306005): Delay annotation completed successfully
Info (11218): Fitter post-fit operations ending: elapsed time is 00:00:02
Info (176045): Design uses memory blocks. Violating setup or hold times of memory block address registers for either read or write operations could cause memory contents to be corrupted. Make sure that all memory block address registers meet the setup and hold time requirements.
Warning (171167): Found invalid Fitter assignments. See the Ignored Assignments panel in the Fitter Compilation Report for more information.
Warning (169174): The Reserve All Unused Pins setting has not been specified, and will default to 'As output driving ground'.
Info (144001): Generated suppressed messages file D:/HK6/SoC_Design/labs/LAB5/Bai8/output_files/bai8.fit.smsg
Info: Quartus II 64-Bit Fitter was successful. 0 errors, 428 warnings
    Info: Peak virtual memory: 5336 megabytes
    Info: Processing ended: Mon May 11 11:11:42 2026
    Info: Elapsed time: 00:00:18
    Info: Total CPU time (on all processors): 00:00:25


+----------------------------+
; Fitter Suppressed Messages ;
+----------------------------+
The suppressed messages can be found in D:/HK6/SoC_Design/labs/LAB5/Bai8/output_files/bai8.fit.smsg.


