TimeQuest Timing Analyzer report for ALU16
Fri Jan 02 16:59:49 2026
Quartus II 64-Bit Version 13.0.1 Build 232 06/12/2013 Service Pack 1 SJ Web Edition


---------------------
; Table of Contents ;
---------------------
  1. Legal Notice
  2. TimeQuest Timing Analyzer Summary
  3. Parallel Compilation
  4. Clocks
  5. Slow Model Fmax Summary
  6. Slow Model Setup Summary
  7. Slow Model Hold Summary
  8. Slow Model Recovery Summary
  9. Slow Model Removal Summary
 10. Slow Model Minimum Pulse Width Summary
 11. Propagation Delay
 12. Minimum Propagation Delay
 13. Fast Model Setup Summary
 14. Fast Model Hold Summary
 15. Fast Model Recovery Summary
 16. Fast Model Removal Summary
 17. Fast Model Minimum Pulse Width Summary
 18. Propagation Delay
 19. Minimum Propagation Delay
 20. Multicorner Timing Analysis Summary
 21. Progagation Delay
 22. Minimum Progagation Delay
 23. Clock Transfers
 24. Report TCCS
 25. Report RSKM
 26. Unconstrained Paths
 27. TimeQuest Timing Analyzer Messages



----------------
; Legal Notice ;
----------------
Copyright (C) 1991-2013 Altera Corporation
Your use of Altera Corporation's design tools, logic functions 
and other software and tools, and its AMPP partner logic 
functions, and any output files from any of the foregoing 
(including device programming or simulation files), and any 
associated documentation or information are expressly subject 
to the terms and conditions of the Altera Program License 
Subscription Agreement, Altera MegaCore Function License 
Agreement, or other applicable license agreement, including, 
without limitation, that your use is for the sole purpose of 
programming logic devices manufactured by Altera and sold by 
Altera or its authorized distributors.  Please refer to the 
applicable agreement for further details.



+----------------------------------------------------------------------------------------+
; TimeQuest Timing Analyzer Summary                                                      ;
+--------------------+-------------------------------------------------------------------+
; Quartus II Version ; Version 13.0.1 Build 232 06/12/2013 Service Pack 1 SJ Web Edition ;
; Revision Name      ; ALU16                                                             ;
; Device Family      ; Cyclone II                                                        ;
; Device Name        ; EP2C35F672C6                                                      ;
; Timing Models      ; Final                                                             ;
; Delay Model        ; Combined                                                          ;
; Rise/Fall Delays   ; Unavailable                                                       ;
+--------------------+-------------------------------------------------------------------+


Parallel compilation was disabled, but you have multiple processors available. Enable parallel compilation to reduce compilation time.
+-------------------------------------+
; Parallel Compilation                ;
+----------------------------+--------+
; Processors                 ; Number ;
+----------------------------+--------+
; Number detected on machine ; 8      ;
; Maximum allowed            ; 1      ;
+----------------------------+--------+


----------
; Clocks ;
----------
No clocks to report.


---------------------------
; Slow Model Fmax Summary ;
---------------------------
No paths to report.


----------------------------
; Slow Model Setup Summary ;
----------------------------
No paths to report.


---------------------------
; Slow Model Hold Summary ;
---------------------------
No paths to report.


-------------------------------
; Slow Model Recovery Summary ;
-------------------------------
No paths to report.


------------------------------
; Slow Model Removal Summary ;
------------------------------
No paths to report.


------------------------------------------
; Slow Model Minimum Pulse Width Summary ;
------------------------------------------
No paths to report.


+--------------------------------------------------------------+
; Propagation Delay                                            ;
+------------+-------------+--------+--------+--------+--------+
; Input Port ; Output Port ; RR     ; RF     ; FR     ; FF     ;
+------------+-------------+--------+--------+--------+--------+
; A[0]       ; Res[0]      ; 11.231 ; 11.231 ; 11.231 ; 11.231 ;
; A[0]       ; Res[1]      ; 12.365 ; 12.365 ; 12.365 ; 12.365 ;
; A[0]       ; Res[2]      ; 13.315 ; 13.315 ; 13.315 ; 13.315 ;
; A[0]       ; Res[3]      ; 14.659 ; 14.659 ; 14.659 ; 14.659 ;
; A[0]       ; Res[4]      ; 14.576 ; 14.576 ; 14.576 ; 14.576 ;
; A[0]       ; Res[5]      ; 15.578 ; 15.578 ; 15.578 ; 15.578 ;
; A[0]       ; Res[6]      ; 16.141 ; 16.141 ; 16.141 ; 16.141 ;
; A[0]       ; Res[7]      ; 17.306 ; 17.306 ; 17.306 ; 17.306 ;
; A[0]       ; Res[8]      ; 18.561 ; 18.561 ; 18.561 ; 18.561 ;
; A[0]       ; Res[9]      ; 19.123 ; 19.123 ; 19.123 ; 19.123 ;
; A[0]       ; Res[10]     ; 20.978 ; 20.978 ; 20.978 ; 20.978 ;
; A[0]       ; Res[11]     ; 21.563 ; 21.563 ; 21.563 ; 21.563 ;
; A[0]       ; Res[12]     ; 21.881 ; 21.881 ; 21.881 ; 21.881 ;
; A[0]       ; Res[13]     ; 22.937 ; 22.937 ; 22.937 ; 22.937 ;
; A[0]       ; Res[14]     ; 25.024 ; 25.024 ; 25.024 ; 25.024 ;
; A[0]       ; Res[15]     ; 23.392 ; 23.392 ; 23.392 ; 23.392 ;
; A[1]       ; Res[1]      ; 12.235 ; 12.235 ; 12.235 ; 12.235 ;
; A[1]       ; Res[2]      ; 13.185 ; 13.185 ; 13.185 ; 13.185 ;
; A[1]       ; Res[3]      ; 14.559 ; 14.559 ; 14.559 ; 14.559 ;
; A[1]       ; Res[4]      ; 14.446 ; 14.446 ; 14.446 ; 14.446 ;
; A[1]       ; Res[5]      ; 15.478 ; 15.478 ; 15.478 ; 15.478 ;
; A[1]       ; Res[6]      ; 15.882 ; 15.882 ; 15.882 ; 15.882 ;
; A[1]       ; Res[7]      ; 17.047 ; 17.047 ; 17.047 ; 17.047 ;
; A[1]       ; Res[8]      ; 18.302 ; 18.302 ; 18.302 ; 18.302 ;
; A[1]       ; Res[9]      ; 18.864 ; 18.864 ; 18.864 ; 18.864 ;
; A[1]       ; Res[10]     ; 20.878 ; 20.878 ; 20.878 ; 20.878 ;
; A[1]       ; Res[11]     ; 21.304 ; 21.304 ; 21.304 ; 21.304 ;
; A[1]       ; Res[12]     ; 21.633 ; 21.633 ; 21.633 ; 21.633 ;
; A[1]       ; Res[13]     ; 22.837 ; 22.837 ; 22.837 ; 22.837 ;
; A[1]       ; Res[14]     ; 24.893 ; 24.893 ; 24.893 ; 24.893 ;
; A[1]       ; Res[15]     ; 23.292 ; 23.292 ; 23.292 ; 23.292 ;
; A[2]       ; Res[2]      ; 11.301 ; 11.301 ; 11.301 ; 11.301 ;
; A[2]       ; Res[3]      ; 13.828 ; 13.828 ; 13.828 ; 13.828 ;
; A[2]       ; Res[4]      ; 13.461 ; 13.461 ; 13.461 ; 13.461 ;
; A[2]       ; Res[5]      ; 14.747 ; 14.747 ; 14.747 ; 14.747 ;
; A[2]       ; Res[6]      ; 14.698 ; 14.698 ; 14.698 ; 14.698 ;
; A[2]       ; Res[7]      ; 15.821 ; 15.821 ; 15.821 ; 15.821 ;
; A[2]       ; Res[8]      ; 17.010 ; 17.010 ; 17.010 ; 17.010 ;
; A[2]       ; Res[9]      ; 18.078 ; 18.078 ; 18.078 ; 18.078 ;
; A[2]       ; Res[10]     ; 20.147 ; 20.147 ; 20.147 ; 20.147 ;
; A[2]       ; Res[11]     ; 20.090 ; 20.090 ; 20.090 ; 20.090 ;
; A[2]       ; Res[12]     ; 20.902 ; 20.902 ; 20.902 ; 20.902 ;
; A[2]       ; Res[13]     ; 22.106 ; 22.106 ; 22.106 ; 22.106 ;
; A[2]       ; Res[14]     ; 23.858 ; 23.858 ; 23.858 ; 23.858 ;
; A[2]       ; Res[15]     ; 22.561 ; 22.561 ; 22.561 ; 22.561 ;
; A[3]       ; Res[3]      ; 12.702 ; 12.702 ; 12.702 ; 12.702 ;
; A[3]       ; Res[4]      ; 12.992 ; 12.992 ; 12.992 ; 12.992 ;
; A[3]       ; Res[5]      ; 13.614 ; 13.614 ; 13.614 ; 13.614 ;
; A[3]       ; Res[6]      ; 14.147 ; 14.147 ; 14.147 ; 14.147 ;
; A[3]       ; Res[7]      ; 15.312 ; 15.312 ; 15.312 ; 15.312 ;
; A[3]       ; Res[8]      ; 16.567 ; 16.567 ; 16.567 ; 16.567 ;
; A[3]       ; Res[9]      ; 17.129 ; 17.129 ; 17.129 ; 17.129 ;
; A[3]       ; Res[10]     ; 19.014 ; 19.014 ; 19.014 ; 19.014 ;
; A[3]       ; Res[11]     ; 19.569 ; 19.569 ; 19.569 ; 19.569 ;
; A[3]       ; Res[12]     ; 19.887 ; 19.887 ; 19.887 ; 19.887 ;
; A[3]       ; Res[13]     ; 20.973 ; 20.973 ; 20.973 ; 20.973 ;
; A[3]       ; Res[14]     ; 22.871 ; 22.871 ; 22.871 ; 22.871 ;
; A[3]       ; Res[15]     ; 21.428 ; 21.428 ; 21.428 ; 21.428 ;
; A[4]       ; Res[4]      ; 12.246 ; 12.246 ; 12.246 ; 12.246 ;
; A[4]       ; Res[5]      ; 12.714 ; 12.714 ; 12.714 ; 12.714 ;
; A[4]       ; Res[6]      ; 13.192 ; 13.192 ; 13.192 ; 13.192 ;
; A[4]       ; Res[7]      ; 14.266 ; 14.266 ; 14.266 ; 14.266 ;
; A[4]       ; Res[8]      ; 15.643 ; 15.643 ; 15.643 ; 15.643 ;
; A[4]       ; Res[9]      ; 16.074 ; 16.074 ; 16.074 ; 16.074 ;
; A[4]       ; Res[10]     ; 18.059 ; 18.059 ; 18.059 ; 18.059 ;
; A[4]       ; Res[11]     ; 18.062 ; 18.062 ; 18.062 ; 18.062 ;
; A[4]       ; Res[12]     ; 18.814 ; 18.814 ; 18.814 ; 18.814 ;
; A[4]       ; Res[13]     ; 20.018 ; 20.018 ; 20.018 ; 20.018 ;
; A[4]       ; Res[14]     ; 22.301 ; 22.301 ; 22.301 ; 22.301 ;
; A[4]       ; Res[15]     ; 20.545 ; 20.545 ; 20.545 ; 20.545 ;
; A[5]       ; Res[5]      ; 11.058 ; 11.058 ; 11.058 ; 11.058 ;
; A[5]       ; Res[6]      ; 11.751 ; 11.751 ; 11.751 ; 11.751 ;
; A[5]       ; Res[7]      ; 12.916 ; 12.916 ; 12.916 ; 12.916 ;
; A[5]       ; Res[8]      ; 14.171 ; 14.171 ; 14.171 ; 14.171 ;
; A[5]       ; Res[9]      ; 14.733 ; 14.733 ; 14.733 ; 14.733 ;
; A[5]       ; Res[10]     ; 16.754 ; 16.754 ; 16.754 ; 16.754 ;
; A[5]       ; Res[11]     ; 17.173 ; 17.173 ; 17.173 ; 17.173 ;
; A[5]       ; Res[12]     ; 17.509 ; 17.509 ; 17.509 ; 17.509 ;
; A[5]       ; Res[13]     ; 18.713 ; 18.713 ; 18.713 ; 18.713 ;
; A[5]       ; Res[14]     ; 20.902 ; 20.902 ; 20.902 ; 20.902 ;
; A[5]       ; Res[15]     ; 19.168 ; 19.168 ; 19.168 ; 19.168 ;
; A[6]       ; Res[6]      ; 10.982 ; 10.982 ; 10.982 ; 10.982 ;
; A[6]       ; Res[7]      ; 12.140 ; 12.140 ; 12.140 ; 12.140 ;
; A[6]       ; Res[8]      ; 13.508 ; 13.508 ; 13.508 ; 13.508 ;
; A[6]       ; Res[9]      ; 14.413 ; 14.413 ; 14.413 ; 14.413 ;
; A[6]       ; Res[10]     ; 16.114 ; 16.114 ; 16.114 ; 16.114 ;
; A[6]       ; Res[11]     ; 16.397 ; 16.397 ; 16.397 ; 16.397 ;
; A[6]       ; Res[12]     ; 16.869 ; 16.869 ; 16.869 ; 16.869 ;
; A[6]       ; Res[13]     ; 18.073 ; 18.073 ; 18.073 ; 18.073 ;
; A[6]       ; Res[14]     ; 20.640 ; 20.640 ; 20.640 ; 20.640 ;
; A[6]       ; Res[15]     ; 18.884 ; 18.884 ; 18.884 ; 18.884 ;
; A[7]       ; Res[7]      ; 11.501 ; 11.501 ; 11.501 ; 11.501 ;
; A[7]       ; Res[8]      ; 13.029 ; 13.029 ; 13.029 ; 13.029 ;
; A[7]       ; Res[9]      ; 13.593 ; 13.593 ; 13.593 ; 13.593 ;
; A[7]       ; Res[10]     ; 15.418 ; 15.418 ; 15.418 ; 15.418 ;
; A[7]       ; Res[11]     ; 15.508 ; 15.508 ; 15.508 ; 15.508 ;
; A[7]       ; Res[12]     ; 16.173 ; 16.173 ; 16.173 ; 16.173 ;
; A[7]       ; Res[13]     ; 17.377 ; 17.377 ; 17.377 ; 17.377 ;
; A[7]       ; Res[14]     ; 19.820 ; 19.820 ; 19.820 ; 19.820 ;
; A[7]       ; Res[15]     ; 18.064 ; 18.064 ; 18.064 ; 18.064 ;
; A[8]       ; Res[8]      ; 12.179 ; 12.179 ; 12.179 ; 12.179 ;
; A[8]       ; Res[9]      ; 12.981 ; 12.981 ; 12.981 ; 12.981 ;
; A[8]       ; Res[10]     ; 14.886 ; 14.886 ; 14.886 ; 14.886 ;
; A[8]       ; Res[11]     ; 14.926 ; 14.926 ; 14.926 ; 14.926 ;
; A[8]       ; Res[12]     ; 15.641 ; 15.641 ; 15.641 ; 15.641 ;
; A[8]       ; Res[13]     ; 16.845 ; 16.845 ; 16.845 ; 16.845 ;
; A[8]       ; Res[14]     ; 19.314 ; 19.314 ; 19.314 ; 19.314 ;
; A[8]       ; Res[15]     ; 17.558 ; 17.558 ; 17.558 ; 17.558 ;
; A[9]       ; Res[9]      ; 11.886 ; 11.886 ; 11.886 ; 11.886 ;
; A[9]       ; Res[10]     ; 13.727 ; 13.727 ; 13.727 ; 13.727 ;
; A[9]       ; Res[11]     ; 14.181 ; 14.181 ; 14.181 ; 14.181 ;
; A[9]       ; Res[12]     ; 14.528 ; 14.528 ; 14.528 ; 14.528 ;
; A[9]       ; Res[13]     ; 15.646 ; 15.646 ; 15.646 ; 15.646 ;
; A[9]       ; Res[14]     ; 18.264 ; 18.264 ; 18.264 ; 18.264 ;
; A[9]       ; Res[15]     ; 16.508 ; 16.508 ; 16.508 ; 16.508 ;
; A[10]      ; Res[10]     ; 12.027 ; 12.027 ; 12.027 ; 12.027 ;
; A[10]      ; Res[11]     ; 12.320 ; 12.320 ; 12.320 ; 12.320 ;
; A[10]      ; Res[12]     ; 12.834 ; 12.834 ; 12.834 ; 12.834 ;
; A[10]      ; Res[13]     ; 13.770 ; 13.770 ; 13.770 ; 13.770 ;
; A[10]      ; Res[14]     ; 16.436 ; 16.436 ; 16.436 ; 16.436 ;
; A[10]      ; Res[15]     ; 14.680 ; 14.680 ; 14.680 ; 14.680 ;
; A[11]      ; Res[11]     ; 11.440 ; 11.440 ; 11.440 ; 11.440 ;
; A[11]      ; Res[12]     ; 12.040 ; 12.040 ; 12.040 ; 12.040 ;
; A[11]      ; Res[13]     ; 13.075 ; 13.075 ; 13.075 ; 13.075 ;
; A[11]      ; Res[14]     ; 15.741 ; 15.741 ; 15.741 ; 15.741 ;
; A[11]      ; Res[15]     ; 13.985 ; 13.985 ; 13.985 ; 13.985 ;
; A[12]      ; Res[12]     ; 11.653 ; 11.653 ; 11.653 ; 11.653 ;
; A[12]      ; Res[13]     ; 11.920 ; 11.920 ; 11.920 ; 11.920 ;
; A[12]      ; Res[14]     ; 14.611 ; 14.611 ; 14.611 ; 14.611 ;
; A[12]      ; Res[15]     ; 12.855 ; 12.855 ; 12.855 ; 12.855 ;
; A[13]      ; Res[13]     ; 10.455 ; 10.455 ; 10.455 ; 10.455 ;
; A[13]      ; Res[14]     ; 13.625 ; 13.625 ; 13.625 ; 13.625 ;
; A[13]      ; Res[15]     ; 12.389 ; 12.389 ; 12.389 ; 12.389 ;
; A[14]      ; Res[14]     ; 12.305 ; 12.305 ; 12.305 ; 12.305 ;
; A[14]      ; Res[15]     ; 12.376 ; 12.376 ; 12.376 ; 12.376 ;
; A[15]      ; Res[15]     ; 8.090  ; 8.090  ; 8.090  ; 8.090  ;
; B[0]       ; Res[0]      ; 11.614 ; 11.614 ; 11.614 ; 11.614 ;
; B[0]       ; Res[1]      ; 12.755 ; 12.755 ; 12.755 ; 12.755 ;
; B[0]       ; Res[2]      ; 13.689 ; 13.689 ; 13.689 ; 13.689 ;
; B[0]       ; Res[3]      ; 15.049 ; 15.049 ; 15.049 ; 15.049 ;
; B[0]       ; Res[4]      ; 14.950 ; 14.950 ; 14.950 ; 14.950 ;
; B[0]       ; Res[5]      ; 15.968 ; 15.968 ; 15.968 ; 15.968 ;
; B[0]       ; Res[6]      ; 16.531 ; 16.531 ; 16.531 ; 16.531 ;
; B[0]       ; Res[7]      ; 17.696 ; 17.696 ; 17.696 ; 17.696 ;
; B[0]       ; Res[8]      ; 18.951 ; 18.951 ; 18.951 ; 18.951 ;
; B[0]       ; Res[9]      ; 19.513 ; 19.513 ; 19.513 ; 19.513 ;
; B[0]       ; Res[10]     ; 21.368 ; 21.368 ; 21.368 ; 21.368 ;
; B[0]       ; Res[11]     ; 21.953 ; 21.953 ; 21.953 ; 21.953 ;
; B[0]       ; Res[12]     ; 22.271 ; 22.271 ; 22.271 ; 22.271 ;
; B[0]       ; Res[13]     ; 23.327 ; 23.327 ; 23.327 ; 23.327 ;
; B[0]       ; Res[14]     ; 25.393 ; 25.393 ; 25.393 ; 25.393 ;
; B[0]       ; Res[15]     ; 23.782 ; 23.782 ; 23.782 ; 23.782 ;
; B[1]       ; Res[1]      ; 12.312 ; 12.312 ; 12.312 ; 12.312 ;
; B[1]       ; Res[2]      ; 13.277 ; 13.277 ; 13.277 ; 13.277 ;
; B[1]       ; Res[3]      ; 14.567 ; 14.567 ; 14.567 ; 14.567 ;
; B[1]       ; Res[4]      ; 14.538 ; 14.538 ; 14.538 ; 14.538 ;
; B[1]       ; Res[5]      ; 15.290 ; 15.290 ; 15.290 ; 15.290 ;
; B[1]       ; Res[6]      ; 15.700 ; 15.700 ; 15.700 ; 15.700 ;
; B[1]       ; Res[7]      ; 16.865 ; 16.865 ; 16.865 ; 16.865 ;
; B[1]       ; Res[8]      ; 18.120 ; 18.120 ; 18.120 ; 18.120 ;
; B[1]       ; Res[9]      ; 18.756 ; 18.756 ; 18.756 ; 18.756 ;
; B[1]       ; Res[10]     ; 20.690 ; 20.690 ; 20.690 ; 20.690 ;
; B[1]       ; Res[11]     ; 21.122 ; 21.122 ; 21.122 ; 21.122 ;
; B[1]       ; Res[12]     ; 21.445 ; 21.445 ; 21.445 ; 21.445 ;
; B[1]       ; Res[13]     ; 22.649 ; 22.649 ; 22.649 ; 22.649 ;
; B[1]       ; Res[14]     ; 24.983 ; 24.983 ; 24.983 ; 24.983 ;
; B[1]       ; Res[15]     ; 23.227 ; 23.227 ; 23.227 ; 23.227 ;
; B[2]       ; Res[2]      ; 11.600 ; 11.600 ; 11.600 ; 11.600 ;
; B[2]       ; Res[3]      ; 13.556 ; 13.556 ; 13.556 ; 13.556 ;
; B[2]       ; Res[4]      ; 13.531 ; 13.531 ; 13.531 ; 13.531 ;
; B[2]       ; Res[5]      ; 14.423 ; 14.423 ; 14.423 ; 14.423 ;
; B[2]       ; Res[6]      ; 14.697 ; 14.697 ; 14.697 ; 14.697 ;
; B[2]       ; Res[7]      ; 15.862 ; 15.862 ; 15.862 ; 15.862 ;
; B[2]       ; Res[8]      ; 17.117 ; 17.117 ; 17.117 ; 17.117 ;
; B[2]       ; Res[9]      ; 17.754 ; 17.754 ; 17.754 ; 17.754 ;
; B[2]       ; Res[10]     ; 19.823 ; 19.823 ; 19.823 ; 19.823 ;
; B[2]       ; Res[11]     ; 20.119 ; 20.119 ; 20.119 ; 20.119 ;
; B[2]       ; Res[12]     ; 20.578 ; 20.578 ; 20.578 ; 20.578 ;
; B[2]       ; Res[13]     ; 21.782 ; 21.782 ; 21.782 ; 21.782 ;
; B[2]       ; Res[14]     ; 23.972 ; 23.972 ; 23.972 ; 23.972 ;
; B[2]       ; Res[15]     ; 22.237 ; 22.237 ; 22.237 ; 22.237 ;
; B[3]       ; Res[3]      ; 12.789 ; 12.789 ; 12.789 ; 12.789 ;
; B[3]       ; Res[4]      ; 13.264 ; 13.264 ; 13.264 ; 13.264 ;
; B[3]       ; Res[5]      ; 13.610 ; 13.610 ; 13.610 ; 13.610 ;
; B[3]       ; Res[6]      ; 14.218 ; 14.218 ; 14.218 ; 14.218 ;
; B[3]       ; Res[7]      ; 15.316 ; 15.316 ; 15.316 ; 15.316 ;
; B[3]       ; Res[8]      ; 16.669 ; 16.669 ; 16.669 ; 16.669 ;
; B[3]       ; Res[9]      ; 17.133 ; 17.133 ; 17.133 ; 17.133 ;
; B[3]       ; Res[10]     ; 19.010 ; 19.010 ; 19.010 ; 19.010 ;
; B[3]       ; Res[11]     ; 19.573 ; 19.573 ; 19.573 ; 19.573 ;
; B[3]       ; Res[12]     ; 19.891 ; 19.891 ; 19.891 ; 19.891 ;
; B[3]       ; Res[13]     ; 20.969 ; 20.969 ; 20.969 ; 20.969 ;
; B[3]       ; Res[14]     ; 23.201 ; 23.201 ; 23.201 ; 23.201 ;
; B[3]       ; Res[15]     ; 21.445 ; 21.445 ; 21.445 ; 21.445 ;
; B[4]       ; Res[4]      ; 12.160 ; 12.160 ; 12.160 ; 12.160 ;
; B[4]       ; Res[5]      ; 12.890 ; 12.890 ; 12.890 ; 12.890 ;
; B[4]       ; Res[6]      ; 13.115 ; 13.115 ; 13.115 ; 13.115 ;
; B[4]       ; Res[7]      ; 14.189 ; 14.189 ; 14.189 ; 14.189 ;
; B[4]       ; Res[8]      ; 15.566 ; 15.566 ; 15.566 ; 15.566 ;
; B[4]       ; Res[9]      ; 16.221 ; 16.221 ; 16.221 ; 16.221 ;
; B[4]       ; Res[10]     ; 18.290 ; 18.290 ; 18.290 ; 18.290 ;
; B[4]       ; Res[11]     ; 18.436 ; 18.436 ; 18.436 ; 18.436 ;
; B[4]       ; Res[12]     ; 19.045 ; 19.045 ; 19.045 ; 19.045 ;
; B[4]       ; Res[13]     ; 20.249 ; 20.249 ; 20.249 ; 20.249 ;
; B[4]       ; Res[14]     ; 22.094 ; 22.094 ; 22.094 ; 22.094 ;
; B[4]       ; Res[15]     ; 20.704 ; 20.704 ; 20.704 ; 20.704 ;
; B[5]       ; Res[5]      ; 11.951 ; 11.951 ; 11.951 ; 11.951 ;
; B[5]       ; Res[6]      ; 12.641 ; 12.641 ; 12.641 ; 12.641 ;
; B[5]       ; Res[7]      ; 13.806 ; 13.806 ; 13.806 ; 13.806 ;
; B[5]       ; Res[8]      ; 15.061 ; 15.061 ; 15.061 ; 15.061 ;
; B[5]       ; Res[9]      ; 15.630 ; 15.630 ; 15.630 ; 15.630 ;
; B[5]       ; Res[10]     ; 17.699 ; 17.699 ; 17.699 ; 17.699 ;
; B[5]       ; Res[11]     ; 18.063 ; 18.063 ; 18.063 ; 18.063 ;
; B[5]       ; Res[12]     ; 18.454 ; 18.454 ; 18.454 ; 18.454 ;
; B[5]       ; Res[13]     ; 19.658 ; 19.658 ; 19.658 ; 19.658 ;
; B[5]       ; Res[14]     ; 21.548 ; 21.548 ; 21.548 ; 21.548 ;
; B[5]       ; Res[15]     ; 20.113 ; 20.113 ; 20.113 ; 20.113 ;
; B[6]       ; Res[6]      ; 11.245 ; 11.245 ; 11.245 ; 11.245 ;
; B[6]       ; Res[7]      ; 12.323 ; 12.323 ; 12.323 ; 12.323 ;
; B[6]       ; Res[8]      ; 13.700 ; 13.700 ; 13.700 ; 13.700 ;
; B[6]       ; Res[9]      ; 14.239 ; 14.239 ; 14.239 ; 14.239 ;
; B[6]       ; Res[10]     ; 16.308 ; 16.308 ; 16.308 ; 16.308 ;
; B[6]       ; Res[11]     ; 16.251 ; 16.251 ; 16.251 ; 16.251 ;
; B[6]       ; Res[12]     ; 17.063 ; 17.063 ; 17.063 ; 17.063 ;
; B[6]       ; Res[13]     ; 18.267 ; 18.267 ; 18.267 ; 18.267 ;
; B[6]       ; Res[14]     ; 20.248 ; 20.248 ; 20.248 ; 20.248 ;
; B[6]       ; Res[15]     ; 18.722 ; 18.722 ; 18.722 ; 18.722 ;
; B[7]       ; Res[7]      ; 11.307 ; 11.307 ; 11.307 ; 11.307 ;
; B[7]       ; Res[8]      ; 12.834 ; 12.834 ; 12.834 ; 12.834 ;
; B[7]       ; Res[9]      ; 13.394 ; 13.394 ; 13.394 ; 13.394 ;
; B[7]       ; Res[10]     ; 15.224 ; 15.224 ; 15.224 ; 15.224 ;
; B[7]       ; Res[11]     ; 15.309 ; 15.309 ; 15.309 ; 15.309 ;
; B[7]       ; Res[12]     ; 15.979 ; 15.979 ; 15.979 ; 15.979 ;
; B[7]       ; Res[13]     ; 17.183 ; 17.183 ; 17.183 ; 17.183 ;
; B[7]       ; Res[14]     ; 19.621 ; 19.621 ; 19.621 ; 19.621 ;
; B[7]       ; Res[15]     ; 17.865 ; 17.865 ; 17.865 ; 17.865 ;
; B[8]       ; Res[8]      ; 11.773 ; 11.773 ; 11.773 ; 11.773 ;
; B[8]       ; Res[9]      ; 12.220 ; 12.220 ; 12.220 ; 12.220 ;
; B[8]       ; Res[10]     ; 14.014 ; 14.014 ; 14.014 ; 14.014 ;
; B[8]       ; Res[11]     ; 14.196 ; 14.196 ; 14.196 ; 14.196 ;
; B[8]       ; Res[12]     ; 14.769 ; 14.769 ; 14.769 ; 14.769 ;
; B[8]       ; Res[13]     ; 15.973 ; 15.973 ; 15.973 ; 15.973 ;
; B[8]       ; Res[14]     ; 18.279 ; 18.279 ; 18.279 ; 18.279 ;
; B[8]       ; Res[15]     ; 16.523 ; 16.523 ; 16.523 ; 16.523 ;
; B[9]       ; Res[9]      ; 11.758 ; 11.758 ; 11.758 ; 11.758 ;
; B[9]       ; Res[10]     ; 13.598 ; 13.598 ; 13.598 ; 13.598 ;
; B[9]       ; Res[11]     ; 14.050 ; 14.050 ; 14.050 ; 14.050 ;
; B[9]       ; Res[12]     ; 14.399 ; 14.399 ; 14.399 ; 14.399 ;
; B[9]       ; Res[13]     ; 15.517 ; 15.517 ; 15.517 ; 15.517 ;
; B[9]       ; Res[14]     ; 18.130 ; 18.130 ; 18.130 ; 18.130 ;
; B[9]       ; Res[15]     ; 16.374 ; 16.374 ; 16.374 ; 16.374 ;
; B[10]      ; Res[10]     ; 12.279 ; 12.279 ; 12.279 ; 12.279 ;
; B[10]      ; Res[11]     ; 12.561 ; 12.561 ; 12.561 ; 12.561 ;
; B[10]      ; Res[12]     ; 13.047 ; 13.047 ; 13.047 ; 13.047 ;
; B[10]      ; Res[13]     ; 13.783 ; 13.783 ; 13.783 ; 13.783 ;
; B[10]      ; Res[14]     ; 16.345 ; 16.345 ; 16.345 ; 16.345 ;
; B[10]      ; Res[15]     ; 14.589 ; 14.589 ; 14.589 ; 14.589 ;
; B[11]      ; Res[11]     ; 11.355 ; 11.355 ; 11.355 ; 11.355 ;
; B[11]      ; Res[12]     ; 12.094 ; 12.094 ; 12.094 ; 12.094 ;
; B[11]      ; Res[13]     ; 13.170 ; 13.170 ; 13.170 ; 13.170 ;
; B[11]      ; Res[14]     ; 15.836 ; 15.836 ; 15.836 ; 15.836 ;
; B[11]      ; Res[15]     ; 14.080 ; 14.080 ; 14.080 ; 14.080 ;
; B[12]      ; Res[12]     ; 11.407 ; 11.407 ; 11.407 ; 11.407 ;
; B[12]      ; Res[13]     ; 11.977 ; 11.977 ; 11.977 ; 11.977 ;
; B[12]      ; Res[14]     ; 14.526 ; 14.526 ; 14.526 ; 14.526 ;
; B[12]      ; Res[15]     ; 12.770 ; 12.770 ; 12.770 ; 12.770 ;
; B[13]      ; Res[13]     ; 10.532 ; 10.532 ; 10.532 ; 10.532 ;
; B[13]      ; Res[14]     ; 13.742 ; 13.742 ; 13.742 ; 13.742 ;
; B[13]      ; Res[15]     ; 12.472 ; 12.472 ; 12.472 ; 12.472 ;
; B[14]      ; Res[14]     ; 12.407 ; 12.407 ; 12.407 ; 12.407 ;
; B[14]      ; Res[15]     ; 12.173 ; 12.173 ; 12.173 ; 12.173 ;
; B[15]      ; Res[15]     ; 12.048 ; 12.048 ; 12.048 ; 12.048 ;
; Op[0]      ; Res[0]      ; 6.582  ; 6.582  ; 6.582  ; 6.582  ;
; Op[0]      ; Res[1]      ; 6.513  ; 6.513  ; 6.513  ; 6.513  ;
; Op[0]      ; Res[2]      ; 7.703  ; 7.703  ; 7.703  ; 7.703  ;
; Op[0]      ; Res[3]      ; 7.843  ; 7.843  ; 7.843  ; 7.843  ;
; Op[0]      ; Res[4]      ; 7.289  ; 7.289  ; 7.289  ; 7.289  ;
; Op[0]      ; Res[5]      ; 7.618  ; 7.618  ; 7.618  ; 7.618  ;
; Op[0]      ; Res[6]      ; 6.967  ; 6.967  ; 6.967  ; 6.967  ;
; Op[0]      ; Res[7]      ; 6.956  ; 6.956  ; 6.956  ; 6.956  ;
; Op[0]      ; Res[8]      ; 7.010  ; 7.010  ; 7.010  ; 7.010  ;
; Op[0]      ; Res[9]      ; 7.424  ; 7.424  ; 7.424  ; 7.424  ;
; Op[0]      ; Res[10]     ; 7.937  ; 7.937  ; 7.937  ; 7.937  ;
; Op[0]      ; Res[11]     ; 7.718  ; 7.718  ; 7.718  ; 7.718  ;
; Op[0]      ; Res[12]     ; 7.143  ; 7.143  ; 7.143  ; 7.143  ;
; Op[0]      ; Res[13]     ; 7.542  ; 7.542  ; 7.542  ; 7.542  ;
; Op[0]      ; Res[14]     ; 9.073  ; 9.073  ; 9.073  ; 9.073  ;
; Op[0]      ; Res[15]     ; 6.763  ; 6.763  ; 6.763  ; 6.763  ;
; Op[1]      ; Res[0]      ; 11.331 ; 11.331 ; 11.331 ; 11.331 ;
; Op[1]      ; Res[1]      ; 12.035 ; 12.035 ; 12.035 ; 12.035 ;
; Op[1]      ; Res[2]      ; 12.686 ; 12.686 ; 12.686 ; 12.686 ;
; Op[1]      ; Res[3]      ; 12.617 ; 12.617 ; 12.617 ; 12.617 ;
; Op[1]      ; Res[4]      ; 12.909 ; 12.909 ; 12.909 ; 12.909 ;
; Op[1]      ; Res[5]      ; 11.449 ; 11.449 ; 11.449 ; 11.449 ;
; Op[1]      ; Res[6]      ; 12.128 ; 12.128 ; 12.128 ; 12.128 ;
; Op[1]      ; Res[7]      ; 10.821 ; 10.821 ; 10.821 ; 10.821 ;
; Op[1]      ; Res[8]      ; 11.807 ; 11.807 ; 11.807 ; 11.807 ;
; Op[1]      ; Res[9]      ; 10.955 ; 10.955 ; 10.955 ; 10.955 ;
; Op[1]      ; Res[10]     ; 11.743 ; 11.743 ; 11.743 ; 11.743 ;
; Op[1]      ; Res[11]     ; 10.678 ; 10.678 ; 10.678 ; 10.678 ;
; Op[1]      ; Res[12]     ; 11.326 ; 11.326 ; 11.326 ; 11.326 ;
; Op[1]      ; Res[13]     ; 10.490 ; 10.490 ; 10.490 ; 10.490 ;
; Op[1]      ; Res[14]     ; 12.787 ; 12.787 ; 12.787 ; 12.787 ;
; Op[1]      ; Res[15]     ; 10.932 ; 10.932 ; 10.932 ; 10.932 ;
; Op[2]      ; Res[0]      ; 10.646 ; 10.646 ; 10.646 ; 10.646 ;
; Op[2]      ; Res[1]      ; 11.022 ; 11.022 ; 11.022 ; 11.022 ;
; Op[2]      ; Res[2]      ; 10.464 ; 10.464 ; 10.464 ; 10.464 ;
; Op[2]      ; Res[3]      ; 9.642  ; 9.642  ; 9.642  ; 9.642  ;
; Op[2]      ; Res[4]      ; 10.250 ; 10.250 ; 10.250 ; 10.250 ;
; Op[2]      ; Res[5]      ; 10.251 ; 10.251 ; 10.251 ; 10.251 ;
; Op[2]      ; Res[6]      ; 9.961  ; 9.961  ; 9.961  ; 9.961  ;
; Op[2]      ; Res[7]      ; 9.816  ; 9.816  ; 9.816  ; 9.816  ;
; Op[2]      ; Res[8]      ; 10.081 ; 10.081 ; 10.081 ; 10.081 ;
; Op[2]      ; Res[9]      ; 10.286 ; 10.286 ; 10.286 ; 10.286 ;
; Op[2]      ; Res[10]     ; 9.912  ; 9.912  ; 9.912  ; 9.912  ;
; Op[2]      ; Res[11]     ; 9.925  ; 9.925  ; 9.925  ; 9.925  ;
; Op[2]      ; Res[12]     ; 9.553  ; 9.553  ; 9.553  ; 9.553  ;
; Op[2]      ; Res[13]     ; 9.751  ; 9.751  ; 9.751  ; 9.751  ;
; Op[2]      ; Res[14]     ; 9.640  ; 9.640  ; 9.640  ; 9.640  ;
; Op[2]      ; Res[15]     ; 9.711  ; 9.711  ; 9.711  ; 9.711  ;
; Sab        ; Res[0]      ; 11.139 ; 11.139 ; 11.139 ; 11.139 ;
; Sab        ; Res[1]      ; 12.308 ; 12.308 ; 12.308 ; 12.308 ;
; Sab        ; Res[2]      ; 13.079 ; 13.079 ; 13.079 ; 13.079 ;
; Sab        ; Res[3]      ; 14.602 ; 14.602 ; 14.602 ; 14.602 ;
; Sab        ; Res[4]      ; 14.235 ; 14.235 ; 14.235 ; 14.235 ;
; Sab        ; Res[5]      ; 15.521 ; 15.521 ; 15.521 ; 15.521 ;
; Sab        ; Res[6]      ; 16.084 ; 16.084 ; 16.084 ; 16.084 ;
; Sab        ; Res[7]      ; 17.249 ; 17.249 ; 17.249 ; 17.249 ;
; Sab        ; Res[8]      ; 18.504 ; 18.504 ; 18.504 ; 18.504 ;
; Sab        ; Res[9]      ; 19.066 ; 19.066 ; 19.066 ; 19.066 ;
; Sab        ; Res[10]     ; 20.921 ; 20.921 ; 20.921 ; 20.921 ;
; Sab        ; Res[11]     ; 21.506 ; 21.506 ; 21.506 ; 21.506 ;
; Sab        ; Res[12]     ; 21.824 ; 21.824 ; 21.824 ; 21.824 ;
; Sab        ; Res[13]     ; 22.880 ; 22.880 ; 22.880 ; 22.880 ;
; Sab        ; Res[14]     ; 24.015 ; 24.015 ; 24.015 ; 24.015 ;
; Sab        ; Res[15]     ; 23.335 ; 23.335 ; 23.335 ; 23.335 ;
+------------+-------------+--------+--------+--------+--------+


+--------------------------------------------------------------+
; Minimum Propagation Delay                                    ;
+------------+-------------+--------+--------+--------+--------+
; Input Port ; Output Port ; RR     ; RF     ; FR     ; FF     ;
+------------+-------------+--------+--------+--------+--------+
; A[0]       ; Res[0]      ; 11.198 ; 11.198 ; 11.198 ; 11.198 ;
; A[0]       ; Res[1]      ; 11.936 ; 11.936 ; 11.936 ; 11.936 ;
; A[0]       ; Res[2]      ; 12.562 ; 12.562 ; 12.562 ; 12.562 ;
; A[0]       ; Res[3]      ; 13.571 ; 13.571 ; 13.571 ; 13.571 ;
; A[0]       ; Res[4]      ; 14.182 ; 14.182 ; 14.182 ; 14.182 ;
; A[0]       ; Res[5]      ; 14.651 ; 14.651 ; 14.651 ; 14.651 ;
; A[0]       ; Res[6]      ; 14.336 ; 14.336 ; 14.336 ; 14.336 ;
; A[0]       ; Res[7]      ; 15.764 ; 15.764 ; 15.764 ; 15.764 ;
; A[0]       ; Res[8]      ; 16.845 ; 16.845 ; 16.845 ; 16.845 ;
; A[0]       ; Res[9]      ; 18.018 ; 18.018 ; 18.018 ; 18.018 ;
; A[0]       ; Res[10]     ; 19.402 ; 19.402 ; 19.402 ; 19.402 ;
; A[0]       ; Res[11]     ; 19.433 ; 19.433 ; 19.433 ; 19.433 ;
; A[0]       ; Res[12]     ; 19.976 ; 19.976 ; 19.976 ; 19.976 ;
; A[0]       ; Res[13]     ; 21.329 ; 21.329 ; 21.329 ; 21.329 ;
; A[0]       ; Res[14]     ; 23.270 ; 23.270 ; 23.270 ; 23.270 ;
; A[0]       ; Res[15]     ; 22.184 ; 22.184 ; 22.184 ; 22.184 ;
; A[1]       ; Res[1]      ; 11.519 ; 11.519 ; 11.519 ; 11.519 ;
; A[1]       ; Res[2]      ; 12.303 ; 12.303 ; 12.303 ; 12.303 ;
; A[1]       ; Res[3]      ; 13.441 ; 13.441 ; 13.441 ; 13.441 ;
; A[1]       ; Res[4]      ; 14.015 ; 14.015 ; 14.015 ; 14.015 ;
; A[1]       ; Res[5]      ; 14.521 ; 14.521 ; 14.521 ; 14.521 ;
; A[1]       ; Res[6]      ; 14.205 ; 14.205 ; 14.205 ; 14.205 ;
; A[1]       ; Res[7]      ; 15.633 ; 15.633 ; 15.633 ; 15.633 ;
; A[1]       ; Res[8]      ; 16.714 ; 16.714 ; 16.714 ; 16.714 ;
; A[1]       ; Res[9]      ; 17.887 ; 17.887 ; 17.887 ; 17.887 ;
; A[1]       ; Res[10]     ; 19.271 ; 19.271 ; 19.271 ; 19.271 ;
; A[1]       ; Res[11]     ; 19.302 ; 19.302 ; 19.302 ; 19.302 ;
; A[1]       ; Res[12]     ; 19.845 ; 19.845 ; 19.845 ; 19.845 ;
; A[1]       ; Res[13]     ; 21.198 ; 21.198 ; 21.198 ; 21.198 ;
; A[1]       ; Res[14]     ; 23.139 ; 23.139 ; 23.139 ; 23.139 ;
; A[1]       ; Res[15]     ; 22.053 ; 22.053 ; 22.053 ; 22.053 ;
; A[2]       ; Res[2]      ; 10.472 ; 10.472 ; 10.472 ; 10.472 ;
; A[2]       ; Res[3]      ; 11.792 ; 11.792 ; 11.792 ; 11.792 ;
; A[2]       ; Res[4]      ; 12.723 ; 12.723 ; 12.723 ; 12.723 ;
; A[2]       ; Res[5]      ; 13.502 ; 13.502 ; 13.502 ; 13.502 ;
; A[2]       ; Res[6]      ; 13.171 ; 13.171 ; 13.171 ; 13.171 ;
; A[2]       ; Res[7]      ; 14.599 ; 14.599 ; 14.599 ; 14.599 ;
; A[2]       ; Res[8]      ; 15.680 ; 15.680 ; 15.680 ; 15.680 ;
; A[2]       ; Res[9]      ; 16.853 ; 16.853 ; 16.853 ; 16.853 ;
; A[2]       ; Res[10]     ; 18.237 ; 18.237 ; 18.237 ; 18.237 ;
; A[2]       ; Res[11]     ; 18.268 ; 18.268 ; 18.268 ; 18.268 ;
; A[2]       ; Res[12]     ; 18.811 ; 18.811 ; 18.811 ; 18.811 ;
; A[2]       ; Res[13]     ; 20.164 ; 20.164 ; 20.164 ; 20.164 ;
; A[2]       ; Res[14]     ; 22.105 ; 22.105 ; 22.105 ; 22.105 ;
; A[2]       ; Res[15]     ; 21.019 ; 21.019 ; 21.019 ; 21.019 ;
; A[3]       ; Res[3]      ; 11.492 ; 11.492 ; 11.492 ; 11.492 ;
; A[3]       ; Res[4]      ; 12.094 ; 12.094 ; 12.094 ; 12.094 ;
; A[3]       ; Res[5]      ; 12.959 ; 12.959 ; 12.959 ; 12.959 ;
; A[3]       ; Res[6]      ; 12.500 ; 12.500 ; 12.500 ; 12.500 ;
; A[3]       ; Res[7]      ; 13.913 ; 13.913 ; 13.913 ; 13.913 ;
; A[3]       ; Res[8]      ; 14.994 ; 14.994 ; 14.994 ; 14.994 ;
; A[3]       ; Res[9]      ; 16.167 ; 16.167 ; 16.167 ; 16.167 ;
; A[3]       ; Res[10]     ; 17.551 ; 17.551 ; 17.551 ; 17.551 ;
; A[3]       ; Res[11]     ; 17.582 ; 17.582 ; 17.582 ; 17.582 ;
; A[3]       ; Res[12]     ; 18.125 ; 18.125 ; 18.125 ; 18.125 ;
; A[3]       ; Res[13]     ; 19.478 ; 19.478 ; 19.478 ; 19.478 ;
; A[3]       ; Res[14]     ; 21.419 ; 21.419 ; 21.419 ; 21.419 ;
; A[3]       ; Res[15]     ; 20.333 ; 20.333 ; 20.333 ; 20.333 ;
; A[4]       ; Res[4]      ; 10.776 ; 10.776 ; 10.776 ; 10.776 ;
; A[4]       ; Res[5]      ; 11.771 ; 11.771 ; 11.771 ; 11.771 ;
; A[4]       ; Res[6]      ; 11.859 ; 11.859 ; 11.859 ; 11.859 ;
; A[4]       ; Res[7]      ; 12.683 ; 12.683 ; 12.683 ; 12.683 ;
; A[4]       ; Res[8]      ; 13.764 ; 13.764 ; 13.764 ; 13.764 ;
; A[4]       ; Res[9]      ; 14.937 ; 14.937 ; 14.937 ; 14.937 ;
; A[4]       ; Res[10]     ; 16.321 ; 16.321 ; 16.321 ; 16.321 ;
; A[4]       ; Res[11]     ; 16.352 ; 16.352 ; 16.352 ; 16.352 ;
; A[4]       ; Res[12]     ; 16.895 ; 16.895 ; 16.895 ; 16.895 ;
; A[4]       ; Res[13]     ; 18.248 ; 18.248 ; 18.248 ; 18.248 ;
; A[4]       ; Res[14]     ; 20.189 ; 20.189 ; 20.189 ; 20.189 ;
; A[4]       ; Res[15]     ; 19.103 ; 19.103 ; 19.103 ; 19.103 ;
; A[5]       ; Res[5]      ; 10.518 ; 10.518 ; 10.518 ; 10.518 ;
; A[5]       ; Res[6]      ; 10.884 ; 10.884 ; 10.884 ; 10.884 ;
; A[5]       ; Res[7]      ; 11.795 ; 11.795 ; 11.795 ; 11.795 ;
; A[5]       ; Res[8]      ; 12.876 ; 12.876 ; 12.876 ; 12.876 ;
; A[5]       ; Res[9]      ; 14.049 ; 14.049 ; 14.049 ; 14.049 ;
; A[5]       ; Res[10]     ; 15.433 ; 15.433 ; 15.433 ; 15.433 ;
; A[5]       ; Res[11]     ; 15.464 ; 15.464 ; 15.464 ; 15.464 ;
; A[5]       ; Res[12]     ; 16.007 ; 16.007 ; 16.007 ; 16.007 ;
; A[5]       ; Res[13]     ; 17.360 ; 17.360 ; 17.360 ; 17.360 ;
; A[5]       ; Res[14]     ; 19.301 ; 19.301 ; 19.301 ; 19.301 ;
; A[5]       ; Res[15]     ; 18.215 ; 18.215 ; 18.215 ; 18.215 ;
; A[6]       ; Res[6]      ; 10.440 ; 10.440 ; 10.440 ; 10.440 ;
; A[6]       ; Res[7]      ; 11.505 ; 11.505 ; 11.505 ; 11.505 ;
; A[6]       ; Res[8]      ; 12.586 ; 12.586 ; 12.586 ; 12.586 ;
; A[6]       ; Res[9]      ; 13.759 ; 13.759 ; 13.759 ; 13.759 ;
; A[6]       ; Res[10]     ; 15.143 ; 15.143 ; 15.143 ; 15.143 ;
; A[6]       ; Res[11]     ; 15.174 ; 15.174 ; 15.174 ; 15.174 ;
; A[6]       ; Res[12]     ; 15.717 ; 15.717 ; 15.717 ; 15.717 ;
; A[6]       ; Res[13]     ; 17.056 ; 17.056 ; 17.056 ; 17.056 ;
; A[6]       ; Res[14]     ; 18.694 ; 18.694 ; 18.694 ; 18.694 ;
; A[6]       ; Res[15]     ; 17.767 ; 17.767 ; 17.767 ; 17.767 ;
; A[7]       ; Res[7]      ; 10.667 ; 10.667 ; 10.667 ; 10.667 ;
; A[7]       ; Res[8]      ; 12.175 ; 12.175 ; 12.175 ; 12.175 ;
; A[7]       ; Res[9]      ; 13.068 ; 13.068 ; 13.068 ; 13.068 ;
; A[7]       ; Res[10]     ; 14.642 ; 14.642 ; 14.642 ; 14.642 ;
; A[7]       ; Res[11]     ; 14.902 ; 14.902 ; 14.902 ; 14.902 ;
; A[7]       ; Res[12]     ; 15.445 ; 15.445 ; 15.445 ; 15.445 ;
; A[7]       ; Res[13]     ; 16.577 ; 16.577 ; 16.577 ; 16.577 ;
; A[7]       ; Res[14]     ; 17.805 ; 17.805 ; 17.805 ; 17.805 ;
; A[7]       ; Res[15]     ; 16.904 ; 16.904 ; 16.904 ; 16.904 ;
; A[8]       ; Res[8]      ; 10.979 ; 10.979 ; 10.979 ; 10.979 ;
; A[8]       ; Res[9]      ; 12.486 ; 12.486 ; 12.486 ; 12.486 ;
; A[8]       ; Res[10]     ; 14.060 ; 14.060 ; 14.060 ; 14.060 ;
; A[8]       ; Res[11]     ; 14.255 ; 14.255 ; 14.255 ; 14.255 ;
; A[8]       ; Res[12]     ; 14.798 ; 14.798 ; 14.798 ; 14.798 ;
; A[8]       ; Res[13]     ; 15.952 ; 15.952 ; 15.952 ; 15.952 ;
; A[8]       ; Res[14]     ; 17.223 ; 17.223 ; 17.223 ; 17.223 ;
; A[8]       ; Res[15]     ; 16.322 ; 16.322 ; 16.322 ; 16.322 ;
; A[9]       ; Res[9]      ; 11.178 ; 11.178 ; 11.178 ; 11.178 ;
; A[9]       ; Res[10]     ; 13.315 ; 13.315 ; 13.315 ; 13.315 ;
; A[9]       ; Res[11]     ; 13.514 ; 13.514 ; 13.514 ; 13.514 ;
; A[9]       ; Res[12]     ; 14.057 ; 14.057 ; 14.057 ; 14.057 ;
; A[9]       ; Res[13]     ; 15.225 ; 15.225 ; 15.225 ; 15.225 ;
; A[9]       ; Res[14]     ; 16.478 ; 16.478 ; 16.478 ; 16.478 ;
; A[9]       ; Res[15]     ; 15.577 ; 15.577 ; 15.577 ; 15.577 ;
; A[10]      ; Res[10]     ; 10.607 ; 10.607 ; 10.607 ; 10.607 ;
; A[10]      ; Res[11]     ; 11.535 ; 11.535 ; 11.535 ; 11.535 ;
; A[10]      ; Res[12]     ; 12.191 ; 12.191 ; 12.191 ; 12.191 ;
; A[10]      ; Res[13]     ; 13.434 ; 13.434 ; 13.434 ; 13.434 ;
; A[10]      ; Res[14]     ; 14.617 ; 14.617 ; 14.617 ; 14.617 ;
; A[10]      ; Res[15]     ; 13.716 ; 13.716 ; 13.716 ; 13.716 ;
; A[11]      ; Res[11]     ; 11.055 ; 11.055 ; 11.055 ; 11.055 ;
; A[11]      ; Res[12]     ; 11.658 ; 11.658 ; 11.658 ; 11.658 ;
; A[11]      ; Res[13]     ; 12.630 ; 12.630 ; 12.630 ; 12.630 ;
; A[11]      ; Res[14]     ; 13.813 ; 13.813 ; 13.813 ; 13.813 ;
; A[11]      ; Res[15]     ; 12.912 ; 12.912 ; 12.912 ; 12.912 ;
; A[12]      ; Res[12]     ; 10.409 ; 10.409 ; 10.409 ; 10.409 ;
; A[12]      ; Res[13]     ; 11.627 ; 11.627 ; 11.627 ; 11.627 ;
; A[12]      ; Res[14]     ; 12.810 ; 12.810 ; 12.810 ; 12.810 ;
; A[12]      ; Res[15]     ; 11.909 ; 11.909 ; 11.909 ; 11.909 ;
; A[13]      ; Res[13]     ; 10.332 ; 10.332 ; 10.332 ; 10.332 ;
; A[13]      ; Res[14]     ; 12.590 ; 12.590 ; 12.590 ; 12.590 ;
; A[13]      ; Res[15]     ; 11.638 ; 11.638 ; 11.638 ; 11.638 ;
; A[14]      ; Res[14]     ; 11.204 ; 11.204 ; 11.204 ; 11.204 ;
; A[14]      ; Res[15]     ; 11.033 ; 11.033 ; 11.033 ; 11.033 ;
; A[15]      ; Res[15]     ; 6.169  ; 6.169  ; 6.169  ; 6.169  ;
; B[0]       ; Res[0]      ; 11.404 ; 11.404 ; 11.404 ; 11.404 ;
; B[0]       ; Res[1]      ; 12.313 ; 12.313 ; 12.313 ; 12.313 ;
; B[0]       ; Res[2]      ; 12.952 ; 12.952 ; 12.952 ; 12.952 ;
; B[0]       ; Res[3]      ; 13.945 ; 13.945 ; 13.945 ; 13.945 ;
; B[0]       ; Res[4]      ; 14.551 ; 14.551 ; 14.551 ; 14.551 ;
; B[0]       ; Res[5]      ; 15.025 ; 15.025 ; 15.025 ; 15.025 ;
; B[0]       ; Res[6]      ; 14.705 ; 14.705 ; 14.705 ; 14.705 ;
; B[0]       ; Res[7]      ; 16.133 ; 16.133 ; 16.133 ; 16.133 ;
; B[0]       ; Res[8]      ; 17.214 ; 17.214 ; 17.214 ; 17.214 ;
; B[0]       ; Res[9]      ; 18.387 ; 18.387 ; 18.387 ; 18.387 ;
; B[0]       ; Res[10]     ; 19.771 ; 19.771 ; 19.771 ; 19.771 ;
; B[0]       ; Res[11]     ; 19.802 ; 19.802 ; 19.802 ; 19.802 ;
; B[0]       ; Res[12]     ; 20.345 ; 20.345 ; 20.345 ; 20.345 ;
; B[0]       ; Res[13]     ; 21.698 ; 21.698 ; 21.698 ; 21.698 ;
; B[0]       ; Res[14]     ; 23.639 ; 23.639 ; 23.639 ; 23.639 ;
; B[0]       ; Res[15]     ; 22.553 ; 22.553 ; 22.553 ; 22.553 ;
; B[1]       ; Res[1]      ; 11.516 ; 11.516 ; 11.516 ; 11.516 ;
; B[1]       ; Res[2]      ; 12.121 ; 12.121 ; 12.121 ; 12.121 ;
; B[1]       ; Res[3]      ; 13.533 ; 13.533 ; 13.533 ; 13.533 ;
; B[1]       ; Res[4]      ; 13.833 ; 13.833 ; 13.833 ; 13.833 ;
; B[1]       ; Res[5]      ; 14.613 ; 14.613 ; 14.613 ; 14.613 ;
; B[1]       ; Res[6]      ; 14.295 ; 14.295 ; 14.295 ; 14.295 ;
; B[1]       ; Res[7]      ; 15.723 ; 15.723 ; 15.723 ; 15.723 ;
; B[1]       ; Res[8]      ; 16.804 ; 16.804 ; 16.804 ; 16.804 ;
; B[1]       ; Res[9]      ; 17.977 ; 17.977 ; 17.977 ; 17.977 ;
; B[1]       ; Res[10]     ; 19.361 ; 19.361 ; 19.361 ; 19.361 ;
; B[1]       ; Res[11]     ; 19.392 ; 19.392 ; 19.392 ; 19.392 ;
; B[1]       ; Res[12]     ; 19.935 ; 19.935 ; 19.935 ; 19.935 ;
; B[1]       ; Res[13]     ; 21.288 ; 21.288 ; 21.288 ; 21.288 ;
; B[1]       ; Res[14]     ; 23.229 ; 23.229 ; 23.229 ; 23.229 ;
; B[1]       ; Res[15]     ; 22.143 ; 22.143 ; 22.143 ; 22.143 ;
; B[2]       ; Res[2]      ; 10.577 ; 10.577 ; 10.577 ; 10.577 ;
; B[2]       ; Res[3]      ; 12.081 ; 12.081 ; 12.081 ; 12.081 ;
; B[2]       ; Res[4]      ; 12.830 ; 12.830 ; 12.830 ; 12.830 ;
; B[2]       ; Res[5]      ; 13.606 ; 13.606 ; 13.606 ; 13.606 ;
; B[2]       ; Res[6]      ; 13.283 ; 13.283 ; 13.283 ; 13.283 ;
; B[2]       ; Res[7]      ; 14.711 ; 14.711 ; 14.711 ; 14.711 ;
; B[2]       ; Res[8]      ; 15.792 ; 15.792 ; 15.792 ; 15.792 ;
; B[2]       ; Res[9]      ; 16.965 ; 16.965 ; 16.965 ; 16.965 ;
; B[2]       ; Res[10]     ; 18.349 ; 18.349 ; 18.349 ; 18.349 ;
; B[2]       ; Res[11]     ; 18.380 ; 18.380 ; 18.380 ; 18.380 ;
; B[2]       ; Res[12]     ; 18.923 ; 18.923 ; 18.923 ; 18.923 ;
; B[2]       ; Res[13]     ; 20.276 ; 20.276 ; 20.276 ; 20.276 ;
; B[2]       ; Res[14]     ; 22.217 ; 22.217 ; 22.217 ; 22.217 ;
; B[2]       ; Res[15]     ; 21.131 ; 21.131 ; 21.131 ; 21.131 ;
; B[3]       ; Res[3]      ; 11.493 ; 11.493 ; 11.493 ; 11.493 ;
; B[3]       ; Res[4]      ; 12.284 ; 12.284 ; 12.284 ; 12.284 ;
; B[3]       ; Res[5]      ; 12.962 ; 12.962 ; 12.962 ; 12.962 ;
; B[3]       ; Res[6]      ; 12.503 ; 12.503 ; 12.503 ; 12.503 ;
; B[3]       ; Res[7]      ; 13.931 ; 13.931 ; 13.931 ; 13.931 ;
; B[3]       ; Res[8]      ; 15.012 ; 15.012 ; 15.012 ; 15.012 ;
; B[3]       ; Res[9]      ; 16.185 ; 16.185 ; 16.185 ; 16.185 ;
; B[3]       ; Res[10]     ; 17.569 ; 17.569 ; 17.569 ; 17.569 ;
; B[3]       ; Res[11]     ; 17.600 ; 17.600 ; 17.600 ; 17.600 ;
; B[3]       ; Res[12]     ; 18.143 ; 18.143 ; 18.143 ; 18.143 ;
; B[3]       ; Res[13]     ; 19.496 ; 19.496 ; 19.496 ; 19.496 ;
; B[3]       ; Res[14]     ; 21.437 ; 21.437 ; 21.437 ; 21.437 ;
; B[3]       ; Res[15]     ; 20.351 ; 20.351 ; 20.351 ; 20.351 ;
; B[4]       ; Res[4]      ; 10.762 ; 10.762 ; 10.762 ; 10.762 ;
; B[4]       ; Res[5]      ; 12.145 ; 12.145 ; 12.145 ; 12.145 ;
; B[4]       ; Res[6]      ; 12.084 ; 12.084 ; 12.084 ; 12.084 ;
; B[4]       ; Res[7]      ; 12.899 ; 12.899 ; 12.899 ; 12.899 ;
; B[4]       ; Res[8]      ; 13.980 ; 13.980 ; 13.980 ; 13.980 ;
; B[4]       ; Res[9]      ; 15.153 ; 15.153 ; 15.153 ; 15.153 ;
; B[4]       ; Res[10]     ; 16.537 ; 16.537 ; 16.537 ; 16.537 ;
; B[4]       ; Res[11]     ; 16.568 ; 16.568 ; 16.568 ; 16.568 ;
; B[4]       ; Res[12]     ; 17.111 ; 17.111 ; 17.111 ; 17.111 ;
; B[4]       ; Res[13]     ; 18.464 ; 18.464 ; 18.464 ; 18.464 ;
; B[4]       ; Res[14]     ; 20.405 ; 20.405 ; 20.405 ; 20.405 ;
; B[4]       ; Res[15]     ; 19.319 ; 19.319 ; 19.319 ; 19.319 ;
; B[5]       ; Res[5]      ; 11.107 ; 11.107 ; 11.107 ; 11.107 ;
; B[5]       ; Res[6]      ; 11.531 ; 11.531 ; 11.531 ; 11.531 ;
; B[5]       ; Res[7]      ; 12.689 ; 12.689 ; 12.689 ; 12.689 ;
; B[5]       ; Res[8]      ; 13.770 ; 13.770 ; 13.770 ; 13.770 ;
; B[5]       ; Res[9]      ; 14.943 ; 14.943 ; 14.943 ; 14.943 ;
; B[5]       ; Res[10]     ; 16.327 ; 16.327 ; 16.327 ; 16.327 ;
; B[5]       ; Res[11]     ; 16.358 ; 16.358 ; 16.358 ; 16.358 ;
; B[5]       ; Res[12]     ; 16.901 ; 16.901 ; 16.901 ; 16.901 ;
; B[5]       ; Res[13]     ; 18.254 ; 18.254 ; 18.254 ; 18.254 ;
; B[5]       ; Res[14]     ; 20.195 ; 20.195 ; 20.195 ; 20.195 ;
; B[5]       ; Res[15]     ; 19.069 ; 19.069 ; 19.069 ; 19.069 ;
; B[6]       ; Res[6]      ; 10.284 ; 10.284 ; 10.284 ; 10.284 ;
; B[6]       ; Res[7]      ; 11.661 ; 11.661 ; 11.661 ; 11.661 ;
; B[6]       ; Res[8]      ; 12.742 ; 12.742 ; 12.742 ; 12.742 ;
; B[6]       ; Res[9]      ; 13.800 ; 13.800 ; 13.800 ; 13.800 ;
; B[6]       ; Res[10]     ; 15.299 ; 15.299 ; 15.299 ; 15.299 ;
; B[6]       ; Res[11]     ; 15.330 ; 15.330 ; 15.330 ; 15.330 ;
; B[6]       ; Res[12]     ; 15.873 ; 15.873 ; 15.873 ; 15.873 ;
; B[6]       ; Res[13]     ; 17.226 ; 17.226 ; 17.226 ; 17.226 ;
; B[6]       ; Res[14]     ; 18.537 ; 18.537 ; 18.537 ; 18.537 ;
; B[6]       ; Res[15]     ; 17.636 ; 17.636 ; 17.636 ; 17.636 ;
; B[7]       ; Res[7]      ; 10.472 ; 10.472 ; 10.472 ; 10.472 ;
; B[7]       ; Res[8]      ; 11.981 ; 11.981 ; 11.981 ; 11.981 ;
; B[7]       ; Res[9]      ; 12.869 ; 12.869 ; 12.869 ; 12.869 ;
; B[7]       ; Res[10]     ; 14.443 ; 14.443 ; 14.443 ; 14.443 ;
; B[7]       ; Res[11]     ; 14.703 ; 14.703 ; 14.703 ; 14.703 ;
; B[7]       ; Res[12]     ; 15.246 ; 15.246 ; 15.246 ; 15.246 ;
; B[7]       ; Res[13]     ; 16.382 ; 16.382 ; 16.382 ; 16.382 ;
; B[7]       ; Res[14]     ; 17.606 ; 17.606 ; 17.606 ; 17.606 ;
; B[7]       ; Res[15]     ; 16.705 ; 16.705 ; 16.705 ; 16.705 ;
; B[8]       ; Res[8]      ; 10.573 ; 10.573 ; 10.573 ; 10.573 ;
; B[8]       ; Res[9]      ; 11.756 ; 11.756 ; 11.756 ; 11.756 ;
; B[8]       ; Res[10]     ; 13.330 ; 13.330 ; 13.330 ; 13.330 ;
; B[8]       ; Res[11]     ; 13.529 ; 13.529 ; 13.529 ; 13.529 ;
; B[8]       ; Res[12]     ; 14.072 ; 14.072 ; 14.072 ; 14.072 ;
; B[8]       ; Res[13]     ; 15.226 ; 15.226 ; 15.226 ; 15.226 ;
; B[8]       ; Res[14]     ; 16.493 ; 16.493 ; 16.493 ; 16.493 ;
; B[8]       ; Res[15]     ; 15.592 ; 15.592 ; 15.592 ; 15.592 ;
; B[9]       ; Res[9]      ; 11.050 ; 11.050 ; 11.050 ; 11.050 ;
; B[9]       ; Res[10]     ; 13.184 ; 13.184 ; 13.184 ; 13.184 ;
; B[9]       ; Res[11]     ; 13.380 ; 13.380 ; 13.380 ; 13.380 ;
; B[9]       ; Res[12]     ; 13.923 ; 13.923 ; 13.923 ; 13.923 ;
; B[9]       ; Res[13]     ; 15.096 ; 15.096 ; 15.096 ; 15.096 ;
; B[9]       ; Res[14]     ; 16.347 ; 16.347 ; 16.347 ; 16.347 ;
; B[9]       ; Res[15]     ; 15.446 ; 15.446 ; 15.446 ; 15.446 ;
; B[10]      ; Res[10]     ; 10.685 ; 10.685 ; 10.685 ; 10.685 ;
; B[10]      ; Res[11]     ; 11.721 ; 11.721 ; 11.721 ; 11.721 ;
; B[10]      ; Res[12]     ; 12.264 ; 12.264 ; 12.264 ; 12.264 ;
; B[10]      ; Res[13]     ; 13.617 ; 13.617 ; 13.617 ; 13.617 ;
; B[10]      ; Res[14]     ; 14.858 ; 14.858 ; 14.858 ; 14.858 ;
; B[10]      ; Res[15]     ; 13.957 ; 13.957 ; 13.957 ; 13.957 ;
; B[11]      ; Res[11]     ; 10.969 ; 10.969 ; 10.969 ; 10.969 ;
; B[11]      ; Res[12]     ; 11.755 ; 11.755 ; 11.755 ; 11.755 ;
; B[11]      ; Res[13]     ; 12.692 ; 12.692 ; 12.692 ; 12.692 ;
; B[11]      ; Res[14]     ; 13.875 ; 13.875 ; 13.875 ; 13.875 ;
; B[11]      ; Res[15]     ; 12.974 ; 12.974 ; 12.974 ; 12.974 ;
; B[12]      ; Res[12]     ; 10.600 ; 10.600 ; 10.600 ; 10.600 ;
; B[12]      ; Res[13]     ; 11.686 ; 11.686 ; 11.686 ; 11.686 ;
; B[12]      ; Res[14]     ; 12.869 ; 12.869 ; 12.869 ; 12.869 ;
; B[12]      ; Res[15]     ; 11.968 ; 11.968 ; 11.968 ; 11.968 ;
; B[13]      ; Res[13]     ; 10.414 ; 10.414 ; 10.414 ; 10.414 ;
; B[13]      ; Res[14]     ; 12.673 ; 12.673 ; 12.673 ; 12.673 ;
; B[13]      ; Res[15]     ; 11.724 ; 11.724 ; 11.724 ; 11.724 ;
; B[14]      ; Res[14]     ; 11.306 ; 11.306 ; 11.306 ; 11.306 ;
; B[14]      ; Res[15]     ; 11.144 ; 11.144 ; 11.144 ; 11.144 ;
; B[15]      ; Res[15]     ; 9.724  ; 9.724  ; 9.724  ; 9.724  ;
; Op[0]      ; Res[0]      ; 6.339  ; 6.339  ; 6.339  ; 6.339  ;
; Op[0]      ; Res[1]      ; 6.366  ; 6.366  ; 6.366  ; 6.366  ;
; Op[0]      ; Res[2]      ; 6.437  ; 6.437  ; 6.437  ; 6.437  ;
; Op[0]      ; Res[3]      ; 7.317  ; 7.317  ; 7.317  ; 7.317  ;
; Op[0]      ; Res[4]      ; 6.589  ; 6.589  ; 6.589  ; 6.589  ;
; Op[0]      ; Res[5]      ; 6.748  ; 6.748  ; 6.748  ; 6.748  ;
; Op[0]      ; Res[6]      ; 6.567  ; 6.567  ; 6.567  ; 6.567  ;
; Op[0]      ; Res[7]      ; 6.098  ; 6.098  ; 6.098  ; 6.098  ;
; Op[0]      ; Res[8]      ; 6.093  ; 6.093  ; 6.093  ; 6.093  ;
; Op[0]      ; Res[9]      ; 6.717  ; 6.717  ; 6.717  ; 6.717  ;
; Op[0]      ; Res[10]     ; 6.918  ; 6.918  ; 6.918  ; 6.918  ;
; Op[0]      ; Res[11]     ; 7.109  ; 7.109  ; 7.109  ; 7.109  ;
; Op[0]      ; Res[12]     ; 6.229  ; 6.229  ; 6.229  ; 6.229  ;
; Op[0]      ; Res[13]     ; 6.921  ; 6.921  ; 6.921  ; 6.921  ;
; Op[0]      ; Res[14]     ; 7.144  ; 7.144  ; 7.144  ; 7.144  ;
; Op[0]      ; Res[15]     ; 6.096  ; 6.096  ; 6.096  ; 6.096  ;
; Op[1]      ; Res[0]      ; 11.331 ; 11.331 ; 11.331 ; 11.331 ;
; Op[1]      ; Res[1]      ; 11.361 ; 11.361 ; 11.361 ; 11.361 ;
; Op[1]      ; Res[2]      ; 10.965 ; 10.965 ; 10.965 ; 10.965 ;
; Op[1]      ; Res[3]      ; 11.954 ; 11.954 ; 11.954 ; 11.954 ;
; Op[1]      ; Res[4]      ; 11.448 ; 11.448 ; 11.448 ; 11.448 ;
; Op[1]      ; Res[5]      ; 11.308 ; 11.308 ; 11.308 ; 11.308 ;
; Op[1]      ; Res[6]      ; 11.480 ; 11.480 ; 11.480 ; 11.480 ;
; Op[1]      ; Res[7]      ; 10.334 ; 10.334 ; 10.334 ; 10.334 ;
; Op[1]      ; Res[8]      ; 10.913 ; 10.913 ; 10.913 ; 10.913 ;
; Op[1]      ; Res[9]      ; 10.917 ; 10.917 ; 10.917 ; 10.917 ;
; Op[1]      ; Res[10]     ; 10.324 ; 10.324 ; 10.324 ; 10.324 ;
; Op[1]      ; Res[11]     ; 10.404 ; 10.404 ; 10.404 ; 10.404 ;
; Op[1]      ; Res[12]     ; 10.247 ; 10.247 ; 10.247 ; 10.247 ;
; Op[1]      ; Res[13]     ; 10.227 ; 10.227 ; 10.227 ; 10.227 ;
; Op[1]      ; Res[14]     ; 11.285 ; 11.285 ; 11.285 ; 11.285 ;
; Op[1]      ; Res[15]     ; 10.096 ; 10.096 ; 10.096 ; 10.096 ;
; Op[2]      ; Res[0]      ; 10.646 ; 10.646 ; 10.646 ; 10.646 ;
; Op[2]      ; Res[1]      ; 11.022 ; 11.022 ; 11.022 ; 11.022 ;
; Op[2]      ; Res[2]      ; 10.464 ; 10.464 ; 10.464 ; 10.464 ;
; Op[2]      ; Res[3]      ; 9.642  ; 9.642  ; 9.642  ; 9.642  ;
; Op[2]      ; Res[4]      ; 10.250 ; 10.250 ; 10.250 ; 10.250 ;
; Op[2]      ; Res[5]      ; 10.251 ; 10.251 ; 10.251 ; 10.251 ;
; Op[2]      ; Res[6]      ; 9.961  ; 9.961  ; 9.961  ; 9.961  ;
; Op[2]      ; Res[7]      ; 9.816  ; 9.816  ; 9.816  ; 9.816  ;
; Op[2]      ; Res[8]      ; 10.081 ; 10.081 ; 10.081 ; 10.081 ;
; Op[2]      ; Res[9]      ; 10.286 ; 10.286 ; 10.286 ; 10.286 ;
; Op[2]      ; Res[10]     ; 9.912  ; 9.912  ; 9.912  ; 9.912  ;
; Op[2]      ; Res[11]     ; 9.925  ; 9.925  ; 9.925  ; 9.925  ;
; Op[2]      ; Res[12]     ; 9.553  ; 9.553  ; 9.553  ; 9.553  ;
; Op[2]      ; Res[13]     ; 9.751  ; 9.751  ; 9.751  ; 9.751  ;
; Op[2]      ; Res[14]     ; 9.640  ; 9.640  ; 9.640  ; 9.640  ;
; Op[2]      ; Res[15]     ; 9.711  ; 9.711  ; 9.711  ; 9.711  ;
; Sab        ; Res[0]      ; 11.139 ; 11.139 ; 11.139 ; 11.139 ;
; Sab        ; Res[1]      ; 12.205 ; 12.205 ; 12.205 ; 12.205 ;
; Sab        ; Res[2]      ; 11.950 ; 11.950 ; 11.950 ; 11.950 ;
; Sab        ; Res[3]      ; 12.897 ; 12.897 ; 12.897 ; 12.897 ;
; Sab        ; Res[4]      ; 11.784 ; 11.784 ; 11.784 ; 11.784 ;
; Sab        ; Res[5]      ; 12.388 ; 12.388 ; 12.388 ; 12.388 ;
; Sab        ; Res[6]      ; 11.822 ; 11.822 ; 11.822 ; 11.822 ;
; Sab        ; Res[7]      ; 11.681 ; 11.681 ; 11.681 ; 11.681 ;
; Sab        ; Res[8]      ; 11.604 ; 11.604 ; 11.604 ; 11.604 ;
; Sab        ; Res[9]      ; 11.902 ; 11.902 ; 11.902 ; 11.902 ;
; Sab        ; Res[10]     ; 11.018 ; 11.018 ; 11.018 ; 11.018 ;
; Sab        ; Res[11]     ; 10.841 ; 10.841 ; 10.841 ; 10.841 ;
; Sab        ; Res[12]     ; 11.233 ; 11.233 ; 11.233 ; 11.233 ;
; Sab        ; Res[13]     ; 10.390 ; 10.390 ; 10.390 ; 10.390 ;
; Sab        ; Res[14]     ; 12.525 ; 12.525 ; 12.525 ; 12.525 ;
; Sab        ; Res[15]     ; 11.628 ; 11.628 ; 11.628 ; 11.628 ;
+------------+-------------+--------+--------+--------+--------+


----------------------------
; Fast Model Setup Summary ;
----------------------------
No paths to report.


---------------------------
; Fast Model Hold Summary ;
---------------------------
No paths to report.


-------------------------------
; Fast Model Recovery Summary ;
-------------------------------
No paths to report.


------------------------------
; Fast Model Removal Summary ;
------------------------------
No paths to report.


------------------------------------------
; Fast Model Minimum Pulse Width Summary ;
------------------------------------------
No paths to report.


+--------------------------------------------------------------+
; Propagation Delay                                            ;
+------------+-------------+--------+--------+--------+--------+
; Input Port ; Output Port ; RR     ; RF     ; FR     ; FF     ;
+------------+-------------+--------+--------+--------+--------+
; A[0]       ; Res[0]      ; 6.080  ; 6.080  ; 6.080  ; 6.080  ;
; A[0]       ; Res[1]      ; 6.543  ; 6.543  ; 6.543  ; 6.543  ;
; A[0]       ; Res[2]      ; 6.949  ; 6.949  ; 6.949  ; 6.949  ;
; A[0]       ; Res[3]      ; 7.543  ; 7.543  ; 7.543  ; 7.543  ;
; A[0]       ; Res[4]      ; 7.506  ; 7.506  ; 7.506  ; 7.506  ;
; A[0]       ; Res[5]      ; 7.993  ; 7.993  ; 7.993  ; 7.993  ;
; A[0]       ; Res[6]      ; 8.187  ; 8.187  ; 8.187  ; 8.187  ;
; A[0]       ; Res[7]      ; 8.705  ; 8.705  ; 8.705  ; 8.705  ;
; A[0]       ; Res[8]      ; 9.297  ; 9.297  ; 9.297  ; 9.297  ;
; A[0]       ; Res[9]      ; 9.504  ; 9.504  ; 9.504  ; 9.504  ;
; A[0]       ; Res[10]     ; 10.372 ; 10.372 ; 10.372 ; 10.372 ;
; A[0]       ; Res[11]     ; 10.543 ; 10.543 ; 10.543 ; 10.543 ;
; A[0]       ; Res[12]     ; 10.692 ; 10.692 ; 10.692 ; 10.692 ;
; A[0]       ; Res[13]     ; 11.208 ; 11.208 ; 11.208 ; 11.208 ;
; A[0]       ; Res[14]     ; 12.071 ; 12.071 ; 12.071 ; 12.071 ;
; A[0]       ; Res[15]     ; 11.384 ; 11.384 ; 11.384 ; 11.384 ;
; A[1]       ; Res[1]      ; 6.491  ; 6.491  ; 6.491  ; 6.491  ;
; A[1]       ; Res[2]      ; 6.887  ; 6.887  ; 6.887  ; 6.887  ;
; A[1]       ; Res[3]      ; 7.483  ; 7.483  ; 7.483  ; 7.483  ;
; A[1]       ; Res[4]      ; 7.444  ; 7.444  ; 7.444  ; 7.444  ;
; A[1]       ; Res[5]      ; 7.933  ; 7.933  ; 7.933  ; 7.933  ;
; A[1]       ; Res[6]      ; 8.074  ; 8.074  ; 8.074  ; 8.074  ;
; A[1]       ; Res[7]      ; 8.592  ; 8.592  ; 8.592  ; 8.592  ;
; A[1]       ; Res[8]      ; 9.184  ; 9.184  ; 9.184  ; 9.184  ;
; A[1]       ; Res[9]      ; 9.401  ; 9.401  ; 9.401  ; 9.401  ;
; A[1]       ; Res[10]     ; 10.312 ; 10.312 ; 10.312 ; 10.312 ;
; A[1]       ; Res[11]     ; 10.430 ; 10.430 ; 10.430 ; 10.430 ;
; A[1]       ; Res[12]     ; 10.632 ; 10.632 ; 10.632 ; 10.632 ;
; A[1]       ; Res[13]     ; 11.148 ; 11.148 ; 11.148 ; 11.148 ;
; A[1]       ; Res[14]     ; 12.006 ; 12.006 ; 12.006 ; 12.006 ;
; A[1]       ; Res[15]     ; 11.324 ; 11.324 ; 11.324 ; 11.324 ;
; A[2]       ; Res[2]      ; 6.069  ; 6.069  ; 6.069  ; 6.069  ;
; A[2]       ; Res[3]      ; 7.138  ; 7.138  ; 7.138  ; 7.138  ;
; A[2]       ; Res[4]      ; 7.015  ; 7.015  ; 7.015  ; 7.015  ;
; A[2]       ; Res[5]      ; 7.588  ; 7.588  ; 7.588  ; 7.588  ;
; A[2]       ; Res[6]      ; 7.548  ; 7.548  ; 7.548  ; 7.548  ;
; A[2]       ; Res[7]      ; 8.062  ; 8.062  ; 8.062  ; 8.062  ;
; A[2]       ; Res[8]      ; 8.618  ; 8.618  ; 8.618  ; 8.618  ;
; A[2]       ; Res[9]      ; 9.056  ; 9.056  ; 9.056  ; 9.056  ;
; A[2]       ; Res[10]     ; 9.967  ; 9.967  ; 9.967  ; 9.967  ;
; A[2]       ; Res[11]     ; 9.929  ; 9.929  ; 9.929  ; 9.929  ;
; A[2]       ; Res[12]     ; 10.287 ; 10.287 ; 10.287 ; 10.287 ;
; A[2]       ; Res[13]     ; 10.803 ; 10.803 ; 10.803 ; 10.803 ;
; A[2]       ; Res[14]     ; 11.549 ; 11.549 ; 11.549 ; 11.549 ;
; A[2]       ; Res[15]     ; 10.979 ; 10.979 ; 10.979 ; 10.979 ;
; A[3]       ; Res[3]      ; 6.667  ; 6.667  ; 6.667  ; 6.667  ;
; A[3]       ; Res[4]      ; 6.793  ; 6.793  ; 6.793  ; 6.793  ;
; A[3]       ; Res[5]      ; 7.090  ; 7.090  ; 7.090  ; 7.090  ;
; A[3]       ; Res[6]      ; 7.296  ; 7.296  ; 7.296  ; 7.296  ;
; A[3]       ; Res[7]      ; 7.814  ; 7.814  ; 7.814  ; 7.814  ;
; A[3]       ; Res[8]      ; 8.406  ; 8.406  ; 8.406  ; 8.406  ;
; A[3]       ; Res[9]      ; 8.613  ; 8.613  ; 8.613  ; 8.613  ;
; A[3]       ; Res[10]     ; 9.469  ; 9.469  ; 9.469  ; 9.469  ;
; A[3]       ; Res[11]     ; 9.652  ; 9.652  ; 9.652  ; 9.652  ;
; A[3]       ; Res[12]     ; 9.799  ; 9.799  ; 9.799  ; 9.799  ;
; A[3]       ; Res[13]     ; 10.305 ; 10.305 ; 10.305 ; 10.305 ;
; A[3]       ; Res[14]     ; 11.113 ; 11.113 ; 11.113 ; 11.113 ;
; A[3]       ; Res[15]     ; 10.481 ; 10.481 ; 10.481 ; 10.481 ;
; A[4]       ; Res[4]      ; 6.513  ; 6.513  ; 6.513  ; 6.513  ;
; A[4]       ; Res[5]      ; 6.760  ; 6.760  ; 6.760  ; 6.760  ;
; A[4]       ; Res[6]      ; 6.917  ; 6.917  ; 6.917  ; 6.917  ;
; A[4]       ; Res[7]      ; 7.430  ; 7.430  ; 7.430  ; 7.430  ;
; A[4]       ; Res[8]      ; 8.046  ; 8.046  ; 8.046  ; 8.046  ;
; A[4]       ; Res[9]      ; 8.224  ; 8.224  ; 8.224  ; 8.224  ;
; A[4]       ; Res[10]     ; 9.088  ; 9.088  ; 9.088  ; 9.088  ;
; A[4]       ; Res[11]     ; 9.050  ; 9.050  ; 9.050  ; 9.050  ;
; A[4]       ; Res[12]     ; 9.408  ; 9.408  ; 9.408  ; 9.408  ;
; A[4]       ; Res[13]     ; 9.924  ; 9.924  ; 9.924  ; 9.924  ;
; A[4]       ; Res[14]     ; 10.925 ; 10.925 ; 10.925 ; 10.925 ;
; A[4]       ; Res[15]     ; 10.162 ; 10.162 ; 10.162 ; 10.162 ;
; A[5]       ; Res[5]      ; 5.964  ; 5.964  ; 5.964  ; 5.964  ;
; A[5]       ; Res[6]      ; 6.260  ; 6.260  ; 6.260  ; 6.260  ;
; A[5]       ; Res[7]      ; 6.778  ; 6.778  ; 6.778  ; 6.778  ;
; A[5]       ; Res[8]      ; 7.370  ; 7.370  ; 7.370  ; 7.370  ;
; A[5]       ; Res[9]      ; 7.577  ; 7.577  ; 7.577  ; 7.577  ;
; A[5]       ; Res[10]     ; 8.472  ; 8.472  ; 8.472  ; 8.472  ;
; A[5]       ; Res[11]     ; 8.616  ; 8.616  ; 8.616  ; 8.616  ;
; A[5]       ; Res[12]     ; 8.792  ; 8.792  ; 8.792  ; 8.792  ;
; A[5]       ; Res[13]     ; 9.308  ; 9.308  ; 9.308  ; 9.308  ;
; A[5]       ; Res[14]     ; 10.246 ; 10.246 ; 10.246 ; 10.246 ;
; A[5]       ; Res[15]     ; 9.484  ; 9.484  ; 9.484  ; 9.484  ;
; A[6]       ; Res[6]      ; 5.943  ; 5.943  ; 5.943  ; 5.943  ;
; A[6]       ; Res[7]      ; 6.468  ; 6.468  ; 6.468  ; 6.468  ;
; A[6]       ; Res[8]      ; 7.084  ; 7.084  ; 7.084  ; 7.084  ;
; A[6]       ; Res[9]      ; 7.459  ; 7.459  ; 7.459  ; 7.459  ;
; A[6]       ; Res[10]     ; 8.210  ; 8.210  ; 8.210  ; 8.210  ;
; A[6]       ; Res[11]     ; 8.296  ; 8.296  ; 8.296  ; 8.296  ;
; A[6]       ; Res[12]     ; 8.530  ; 8.530  ; 8.530  ; 8.530  ;
; A[6]       ; Res[13]     ; 9.046  ; 9.046  ; 9.046  ; 9.046  ;
; A[6]       ; Res[14]     ; 10.160 ; 10.160 ; 10.160 ; 10.160 ;
; A[6]       ; Res[15]     ; 9.397  ; 9.397  ; 9.397  ; 9.397  ;
; A[7]       ; Res[7]      ; 6.191  ; 6.191  ; 6.191  ; 6.191  ;
; A[7]       ; Res[8]      ; 6.859  ; 6.859  ; 6.859  ; 6.859  ;
; A[7]       ; Res[9]      ; 7.108  ; 7.108  ; 7.108  ; 7.108  ;
; A[7]       ; Res[10]     ; 7.914  ; 7.914  ; 7.914  ; 7.914  ;
; A[7]       ; Res[11]     ; 7.913  ; 7.913  ; 7.913  ; 7.913  ;
; A[7]       ; Res[12]     ; 8.234  ; 8.234  ; 8.234  ; 8.234  ;
; A[7]       ; Res[13]     ; 8.750  ; 8.750  ; 8.750  ; 8.750  ;
; A[7]       ; Res[14]     ; 9.809  ; 9.809  ; 9.809  ; 9.809  ;
; A[7]       ; Res[15]     ; 9.046  ; 9.046  ; 9.046  ; 9.046  ;
; A[8]       ; Res[8]      ; 6.529  ; 6.529  ; 6.529  ; 6.529  ;
; A[8]       ; Res[9]      ; 6.880  ; 6.880  ; 6.880  ; 6.880  ;
; A[8]       ; Res[10]     ; 7.716  ; 7.716  ; 7.716  ; 7.716  ;
; A[8]       ; Res[11]     ; 7.695  ; 7.695  ; 7.695  ; 7.695  ;
; A[8]       ; Res[12]     ; 8.036  ; 8.036  ; 8.036  ; 8.036  ;
; A[8]       ; Res[13]     ; 8.552  ; 8.552  ; 8.552  ; 8.552  ;
; A[8]       ; Res[14]     ; 9.613  ; 9.613  ; 9.613  ; 9.613  ;
; A[8]       ; Res[15]     ; 8.850  ; 8.850  ; 8.850  ; 8.850  ;
; A[9]       ; Res[9]      ; 6.365  ; 6.365  ; 6.365  ; 6.365  ;
; A[9]       ; Res[10]     ; 7.153  ; 7.153  ; 7.153  ; 7.153  ;
; A[9]       ; Res[11]     ; 7.332  ; 7.332  ; 7.332  ; 7.332  ;
; A[9]       ; Res[12]     ; 7.491  ; 7.491  ; 7.491  ; 7.491  ;
; A[9]       ; Res[13]     ; 7.989  ; 7.989  ; 7.989  ; 7.989  ;
; A[9]       ; Res[14]     ; 9.116  ; 9.116  ; 9.116  ; 9.116  ;
; A[9]       ; Res[15]     ; 8.353  ; 8.353  ; 8.353  ; 8.353  ;
; A[10]      ; Res[10]     ; 6.413  ; 6.413  ; 6.413  ; 6.413  ;
; A[10]      ; Res[11]     ; 6.523  ; 6.523  ; 6.523  ; 6.523  ;
; A[10]      ; Res[12]     ; 6.757  ; 6.757  ; 6.757  ; 6.757  ;
; A[10]      ; Res[13]     ; 7.158  ; 7.158  ; 7.158  ; 7.158  ;
; A[10]      ; Res[14]     ; 8.304  ; 8.304  ; 8.304  ; 8.304  ;
; A[10]      ; Res[15]     ; 7.541  ; 7.541  ; 7.541  ; 7.541  ;
; A[11]      ; Res[11]     ; 6.134  ; 6.134  ; 6.134  ; 6.134  ;
; A[11]      ; Res[12]     ; 6.397  ; 6.397  ; 6.397  ; 6.397  ;
; A[11]      ; Res[13]     ; 6.836  ; 6.836  ; 6.836  ; 6.836  ;
; A[11]      ; Res[14]     ; 7.982  ; 7.982  ; 7.982  ; 7.982  ;
; A[11]      ; Res[15]     ; 7.219  ; 7.219  ; 7.219  ; 7.219  ;
; A[12]      ; Res[12]     ; 6.233  ; 6.233  ; 6.233  ; 6.233  ;
; A[12]      ; Res[13]     ; 6.355  ; 6.355  ; 6.355  ; 6.355  ;
; A[12]      ; Res[14]     ; 7.494  ; 7.494  ; 7.494  ; 7.494  ;
; A[12]      ; Res[15]     ; 6.731  ; 6.731  ; 6.731  ; 6.731  ;
; A[13]      ; Res[13]     ; 5.710  ; 5.710  ; 5.710  ; 5.710  ;
; A[13]      ; Res[14]     ; 7.057  ; 7.057  ; 7.057  ; 7.057  ;
; A[13]      ; Res[15]     ; 6.523  ; 6.523  ; 6.523  ; 6.523  ;
; A[14]      ; Res[14]     ; 6.516  ; 6.516  ; 6.516  ; 6.516  ;
; A[14]      ; Res[15]     ; 6.516  ; 6.516  ; 6.516  ; 6.516  ;
; A[15]      ; Res[15]     ; 3.936  ; 3.936  ; 3.936  ; 3.936  ;
; B[0]       ; Res[0]      ; 6.272  ; 6.272  ; 6.272  ; 6.272  ;
; B[0]       ; Res[1]      ; 6.744  ; 6.744  ; 6.744  ; 6.744  ;
; B[0]       ; Res[2]      ; 7.130  ; 7.130  ; 7.130  ; 7.130  ;
; B[0]       ; Res[3]      ; 7.744  ; 7.744  ; 7.744  ; 7.744  ;
; B[0]       ; Res[4]      ; 7.687  ; 7.687  ; 7.687  ; 7.687  ;
; B[0]       ; Res[5]      ; 8.194  ; 8.194  ; 8.194  ; 8.194  ;
; B[0]       ; Res[6]      ; 8.388  ; 8.388  ; 8.388  ; 8.388  ;
; B[0]       ; Res[7]      ; 8.906  ; 8.906  ; 8.906  ; 8.906  ;
; B[0]       ; Res[8]      ; 9.498  ; 9.498  ; 9.498  ; 9.498  ;
; B[0]       ; Res[9]      ; 9.705  ; 9.705  ; 9.705  ; 9.705  ;
; B[0]       ; Res[10]     ; 10.573 ; 10.573 ; 10.573 ; 10.573 ;
; B[0]       ; Res[11]     ; 10.744 ; 10.744 ; 10.744 ; 10.744 ;
; B[0]       ; Res[12]     ; 10.893 ; 10.893 ; 10.893 ; 10.893 ;
; B[0]       ; Res[13]     ; 11.409 ; 11.409 ; 11.409 ; 11.409 ;
; B[0]       ; Res[14]     ; 12.247 ; 12.247 ; 12.247 ; 12.247 ;
; B[0]       ; Res[15]     ; 11.585 ; 11.585 ; 11.585 ; 11.585 ;
; B[1]       ; Res[1]      ; 6.507  ; 6.507  ; 6.507  ; 6.507  ;
; B[1]       ; Res[2]      ; 6.916  ; 6.916  ; 6.916  ; 6.916  ;
; B[1]       ; Res[3]      ; 7.479  ; 7.479  ; 7.479  ; 7.479  ;
; B[1]       ; Res[4]      ; 7.473  ; 7.473  ; 7.473  ; 7.473  ;
; B[1]       ; Res[5]      ; 7.844  ; 7.844  ; 7.844  ; 7.844  ;
; B[1]       ; Res[6]      ; 7.988  ; 7.988  ; 7.988  ; 7.988  ;
; B[1]       ; Res[7]      ; 8.506  ; 8.506  ; 8.506  ; 8.506  ;
; B[1]       ; Res[8]      ; 9.098  ; 9.098  ; 9.098  ; 9.098  ;
; B[1]       ; Res[9]      ; 9.336  ; 9.336  ; 9.336  ; 9.336  ;
; B[1]       ; Res[10]     ; 10.223 ; 10.223 ; 10.223 ; 10.223 ;
; B[1]       ; Res[11]     ; 10.344 ; 10.344 ; 10.344 ; 10.344 ;
; B[1]       ; Res[12]     ; 10.543 ; 10.543 ; 10.543 ; 10.543 ;
; B[1]       ; Res[13]     ; 11.059 ; 11.059 ; 11.059 ; 11.059 ;
; B[1]       ; Res[14]     ; 12.037 ; 12.037 ; 12.037 ; 12.037 ;
; B[1]       ; Res[15]     ; 11.274 ; 11.274 ; 11.274 ; 11.274 ;
; B[2]       ; Res[2]      ; 6.219  ; 6.219  ; 6.219  ; 6.219  ;
; B[2]       ; Res[3]      ; 7.084  ; 7.084  ; 7.084  ; 7.084  ;
; B[2]       ; Res[4]      ; 7.052  ; 7.052  ; 7.052  ; 7.052  ;
; B[2]       ; Res[5]      ; 7.468  ; 7.468  ; 7.468  ; 7.468  ;
; B[2]       ; Res[6]      ; 7.571  ; 7.571  ; 7.571  ; 7.571  ;
; B[2]       ; Res[7]      ; 8.089  ; 8.089  ; 8.089  ; 8.089  ;
; B[2]       ; Res[8]      ; 8.681  ; 8.681  ; 8.681  ; 8.681  ;
; B[2]       ; Res[9]      ; 8.941  ; 8.941  ; 8.941  ; 8.941  ;
; B[2]       ; Res[10]     ; 9.847  ; 9.847  ; 9.847  ; 9.847  ;
; B[2]       ; Res[11]     ; 9.927  ; 9.927  ; 9.927  ; 9.927  ;
; B[2]       ; Res[12]     ; 10.167 ; 10.167 ; 10.167 ; 10.167 ;
; B[2]       ; Res[13]     ; 10.683 ; 10.683 ; 10.683 ; 10.683 ;
; B[2]       ; Res[14]     ; 11.642 ; 11.642 ; 11.642 ; 11.642 ;
; B[2]       ; Res[15]     ; 10.879 ; 10.879 ; 10.879 ; 10.879 ;
; B[3]       ; Res[3]      ; 6.699  ; 6.699  ; 6.699  ; 6.699  ;
; B[3]       ; Res[4]      ; 6.936  ; 6.936  ; 6.936  ; 6.936  ;
; B[3]       ; Res[5]      ; 7.104  ; 7.104  ; 7.104  ; 7.104  ;
; B[3]       ; Res[6]      ; 7.351  ; 7.351  ; 7.351  ; 7.351  ;
; B[3]       ; Res[7]      ; 7.864  ; 7.864  ; 7.864  ; 7.864  ;
; B[3]       ; Res[8]      ; 8.480  ; 8.480  ; 8.480  ; 8.480  ;
; B[3]       ; Res[9]      ; 8.633  ; 8.633  ; 8.633  ; 8.633  ;
; B[3]       ; Res[10]     ; 9.483  ; 9.483  ; 9.483  ; 9.483  ;
; B[3]       ; Res[11]     ; 9.672  ; 9.672  ; 9.672  ; 9.672  ;
; B[3]       ; Res[12]     ; 9.819  ; 9.819  ; 9.819  ; 9.819  ;
; B[3]       ; Res[13]     ; 10.319 ; 10.319 ; 10.319 ; 10.319 ;
; B[3]       ; Res[14]     ; 11.257 ; 11.257 ; 11.257 ; 11.257 ;
; B[3]       ; Res[15]     ; 10.495 ; 10.495 ; 10.495 ; 10.495 ;
; B[4]       ; Res[4]      ; 6.444  ; 6.444  ; 6.444  ; 6.444  ;
; B[4]       ; Res[5]      ; 6.795  ; 6.795  ; 6.795  ; 6.795  ;
; B[4]       ; Res[6]      ; 6.856  ; 6.856  ; 6.856  ; 6.856  ;
; B[4]       ; Res[7]      ; 7.369  ; 7.369  ; 7.369  ; 7.369  ;
; B[4]       ; Res[8]      ; 7.985  ; 7.985  ; 7.985  ; 7.985  ;
; B[4]       ; Res[9]      ; 8.263  ; 8.263  ; 8.263  ; 8.263  ;
; B[4]       ; Res[10]     ; 9.174  ; 9.174  ; 9.174  ; 9.174  ;
; B[4]       ; Res[11]     ; 9.180  ; 9.180  ; 9.180  ; 9.180  ;
; B[4]       ; Res[12]     ; 9.494  ; 9.494  ; 9.494  ; 9.494  ;
; B[4]       ; Res[13]     ; 10.010 ; 10.010 ; 10.010 ; 10.010 ;
; B[4]       ; Res[14]     ; 10.809 ; 10.809 ; 10.809 ; 10.809 ;
; B[4]       ; Res[15]     ; 10.186 ; 10.186 ; 10.186 ; 10.186 ;
; B[5]       ; Res[5]      ; 6.406  ; 6.406  ; 6.406  ; 6.406  ;
; B[5]       ; Res[6]      ; 6.703  ; 6.703  ; 6.703  ; 6.703  ;
; B[5]       ; Res[7]      ; 7.221  ; 7.221  ; 7.221  ; 7.221  ;
; B[5]       ; Res[8]      ; 7.813  ; 7.813  ; 7.813  ; 7.813  ;
; B[5]       ; Res[9]      ; 8.040  ; 8.040  ; 8.040  ; 8.040  ;
; B[5]       ; Res[10]     ; 8.951  ; 8.951  ; 8.951  ; 8.951  ;
; B[5]       ; Res[11]     ; 9.059  ; 9.059  ; 9.059  ; 9.059  ;
; B[5]       ; Res[12]     ; 9.271  ; 9.271  ; 9.271  ; 9.271  ;
; B[5]       ; Res[13]     ; 9.787  ; 9.787  ; 9.787  ; 9.787  ;
; B[5]       ; Res[14]     ; 10.590 ; 10.590 ; 10.590 ; 10.590 ;
; B[5]       ; Res[15]     ; 9.963  ; 9.963  ; 9.963  ; 9.963  ;
; B[6]       ; Res[6]      ; 6.032  ; 6.032  ; 6.032  ; 6.032  ;
; B[6]       ; Res[7]      ; 6.549  ; 6.549  ; 6.549  ; 6.549  ;
; B[6]       ; Res[8]      ; 7.165  ; 7.165  ; 7.165  ; 7.165  ;
; B[6]       ; Res[9]      ; 7.388  ; 7.388  ; 7.388  ; 7.388  ;
; B[6]       ; Res[10]     ; 8.299  ; 8.299  ; 8.299  ; 8.299  ;
; B[6]       ; Res[11]     ; 8.261  ; 8.261  ; 8.261  ; 8.261  ;
; B[6]       ; Res[12]     ; 8.619  ; 8.619  ; 8.619  ; 8.619  ;
; B[6]       ; Res[13]     ; 9.135  ; 9.135  ; 9.135  ; 9.135  ;
; B[6]       ; Res[14]     ; 10.003 ; 10.003 ; 10.003 ; 10.003 ;
; B[6]       ; Res[15]     ; 9.311  ; 9.311  ; 9.311  ; 9.311  ;
; B[7]       ; Res[7]      ; 6.104  ; 6.104  ; 6.104  ; 6.104  ;
; B[7]       ; Res[8]      ; 6.773  ; 6.773  ; 6.773  ; 6.773  ;
; B[7]       ; Res[9]      ; 7.023  ; 7.023  ; 7.023  ; 7.023  ;
; B[7]       ; Res[10]     ; 7.831  ; 7.831  ; 7.831  ; 7.831  ;
; B[7]       ; Res[11]     ; 7.826  ; 7.826  ; 7.826  ; 7.826  ;
; B[7]       ; Res[12]     ; 8.151  ; 8.151  ; 8.151  ; 8.151  ;
; B[7]       ; Res[13]     ; 8.667  ; 8.667  ; 8.667  ; 8.667  ;
; B[7]       ; Res[14]     ; 9.724  ; 9.724  ; 9.724  ; 9.724  ;
; B[7]       ; Res[15]     ; 8.961  ; 8.961  ; 8.961  ; 8.961  ;
; B[8]       ; Res[8]      ; 6.295  ; 6.295  ; 6.295  ; 6.295  ;
; B[8]       ; Res[9]      ; 6.507  ; 6.507  ; 6.507  ; 6.507  ;
; B[8]       ; Res[10]     ; 7.276  ; 7.276  ; 7.276  ; 7.276  ;
; B[8]       ; Res[11]     ; 7.316  ; 7.316  ; 7.316  ; 7.316  ;
; B[8]       ; Res[12]     ; 7.596  ; 7.596  ; 7.596  ; 7.596  ;
; B[8]       ; Res[13]     ; 8.112  ; 8.112  ; 8.112  ; 8.112  ;
; B[8]       ; Res[14]     ; 9.124  ; 9.124  ; 9.124  ; 9.124  ;
; B[8]       ; Res[15]     ; 8.361  ; 8.361  ; 8.361  ; 8.361  ;
; B[9]       ; Res[9]      ; 6.321  ; 6.321  ; 6.321  ; 6.321  ;
; B[9]       ; Res[10]     ; 7.107  ; 7.107  ; 7.107  ; 7.107  ;
; B[9]       ; Res[11]     ; 7.286  ; 7.286  ; 7.286  ; 7.286  ;
; B[9]       ; Res[12]     ; 7.446  ; 7.446  ; 7.446  ; 7.446  ;
; B[9]       ; Res[13]     ; 7.943  ; 7.943  ; 7.943  ; 7.943  ;
; B[9]       ; Res[14]     ; 9.068  ; 9.068  ; 9.068  ; 9.068  ;
; B[9]       ; Res[15]     ; 8.305  ; 8.305  ; 8.305  ; 8.305  ;
; B[10]      ; Res[10]     ; 6.507  ; 6.507  ; 6.507  ; 6.507  ;
; B[10]      ; Res[11]     ; 6.607  ; 6.607  ; 6.607  ; 6.607  ;
; B[10]      ; Res[12]     ; 6.839  ; 6.839  ; 6.839  ; 6.839  ;
; B[10]      ; Res[13]     ; 7.148  ; 7.148  ; 7.148  ; 7.148  ;
; B[10]      ; Res[14]     ; 8.264  ; 8.264  ; 8.264  ; 8.264  ;
; B[10]      ; Res[15]     ; 7.501  ; 7.501  ; 7.501  ; 7.501  ;
; B[11]      ; Res[11]     ; 6.084  ; 6.084  ; 6.084  ; 6.084  ;
; B[11]      ; Res[12]     ; 6.413  ; 6.413  ; 6.413  ; 6.413  ;
; B[11]      ; Res[13]     ; 6.871  ; 6.871  ; 6.871  ; 6.871  ;
; B[11]      ; Res[14]     ; 8.017  ; 8.017  ; 8.017  ; 8.017  ;
; B[11]      ; Res[15]     ; 7.254  ; 7.254  ; 7.254  ; 7.254  ;
; B[12]      ; Res[12]     ; 6.112  ; 6.112  ; 6.112  ; 6.112  ;
; B[12]      ; Res[13]     ; 6.388  ; 6.388  ; 6.388  ; 6.388  ;
; B[12]      ; Res[14]     ; 7.461  ; 7.461  ; 7.461  ; 7.461  ;
; B[12]      ; Res[15]     ; 6.698  ; 6.698  ; 6.698  ; 6.698  ;
; B[13]      ; Res[13]     ; 5.750  ; 5.750  ; 5.750  ; 5.750  ;
; B[13]      ; Res[14]     ; 7.110  ; 7.110  ; 7.110  ; 7.110  ;
; B[13]      ; Res[15]     ; 6.566  ; 6.566  ; 6.566  ; 6.566  ;
; B[14]      ; Res[14]     ; 6.543  ; 6.543  ; 6.543  ; 6.543  ;
; B[14]      ; Res[15]     ; 6.416  ; 6.416  ; 6.416  ; 6.416  ;
; B[15]      ; Res[15]     ; 6.376  ; 6.376  ; 6.376  ; 6.376  ;
; Op[0]      ; Res[0]      ; 3.336  ; 3.336  ; 3.336  ; 3.336  ;
; Op[0]      ; Res[1]      ; 3.291  ; 3.291  ; 3.291  ; 3.291  ;
; Op[0]      ; Res[2]      ; 3.783  ; 3.783  ; 3.783  ; 3.783  ;
; Op[0]      ; Res[3]      ; 3.858  ; 3.858  ; 3.858  ; 3.858  ;
; Op[0]      ; Res[4]      ; 3.625  ; 3.625  ; 3.625  ; 3.625  ;
; Op[0]      ; Res[5]      ; 3.778  ; 3.778  ; 3.778  ; 3.778  ;
; Op[0]      ; Res[6]      ; 3.499  ; 3.499  ; 3.499  ; 3.499  ;
; Op[0]      ; Res[7]      ; 3.502  ; 3.502  ; 3.502  ; 3.502  ;
; Op[0]      ; Res[8]      ; 3.555  ; 3.555  ; 3.555  ; 3.555  ;
; Op[0]      ; Res[9]      ; 3.713  ; 3.713  ; 3.713  ; 3.713  ;
; Op[0]      ; Res[10]     ; 3.933  ; 3.933  ; 3.933  ; 3.933  ;
; Op[0]      ; Res[11]     ; 3.809  ; 3.809  ; 3.809  ; 3.809  ;
; Op[0]      ; Res[12]     ; 3.593  ; 3.593  ; 3.593  ; 3.593  ;
; Op[0]      ; Res[13]     ; 3.772  ; 3.772  ; 3.772  ; 3.772  ;
; Op[0]      ; Res[14]     ; 4.401  ; 4.401  ; 4.401  ; 4.401  ;
; Op[0]      ; Res[15]     ; 3.387  ; 3.387  ; 3.387  ; 3.387  ;
; Op[1]      ; Res[0]      ; 6.137  ; 6.137  ; 6.137  ; 6.137  ;
; Op[1]      ; Res[1]      ; 6.423  ; 6.423  ; 6.423  ; 6.423  ;
; Op[1]      ; Res[2]      ; 6.686  ; 6.686  ; 6.686  ; 6.686  ;
; Op[1]      ; Res[3]      ; 6.697  ; 6.697  ; 6.697  ; 6.697  ;
; Op[1]      ; Res[4]      ; 6.823  ; 6.823  ; 6.823  ; 6.823  ;
; Op[1]      ; Res[5]      ; 6.206  ; 6.206  ; 6.206  ; 6.206  ;
; Op[1]      ; Res[6]      ; 6.464  ; 6.464  ; 6.464  ; 6.464  ;
; Op[1]      ; Res[7]      ; 5.906  ; 5.906  ; 5.906  ; 5.906  ;
; Op[1]      ; Res[8]      ; 6.341  ; 6.341  ; 6.341  ; 6.341  ;
; Op[1]      ; Res[9]      ; 5.978  ; 5.978  ; 5.978  ; 5.978  ;
; Op[1]      ; Res[10]     ; 6.261  ; 6.261  ; 6.261  ; 6.261  ;
; Op[1]      ; Res[11]     ; 5.798  ; 5.798  ; 5.798  ; 5.798  ;
; Op[1]      ; Res[12]     ; 6.085  ; 6.085  ; 6.085  ; 6.085  ;
; Op[1]      ; Res[13]     ; 5.730  ; 5.730  ; 5.730  ; 5.730  ;
; Op[1]      ; Res[14]     ; 6.708  ; 6.708  ; 6.708  ; 6.708  ;
; Op[1]      ; Res[15]     ; 5.903  ; 5.903  ; 5.903  ; 5.903  ;
; Op[2]      ; Res[0]      ; 5.868  ; 5.868  ; 5.868  ; 5.868  ;
; Op[2]      ; Res[1]      ; 6.026  ; 6.026  ; 6.026  ; 6.026  ;
; Op[2]      ; Res[2]      ; 5.761  ; 5.761  ; 5.761  ; 5.761  ;
; Op[2]      ; Res[3]      ; 5.364  ; 5.364  ; 5.364  ; 5.364  ;
; Op[2]      ; Res[4]      ; 5.668  ; 5.668  ; 5.668  ; 5.668  ;
; Op[2]      ; Res[5]      ; 5.668  ; 5.668  ; 5.668  ; 5.668  ;
; Op[2]      ; Res[6]      ; 5.509  ; 5.509  ; 5.509  ; 5.509  ;
; Op[2]      ; Res[7]      ; 5.486  ; 5.486  ; 5.486  ; 5.486  ;
; Op[2]      ; Res[8]      ; 5.628  ; 5.628  ; 5.628  ; 5.628  ;
; Op[2]      ; Res[9]      ; 5.705  ; 5.705  ; 5.705  ; 5.705  ;
; Op[2]      ; Res[10]     ; 5.505  ; 5.505  ; 5.505  ; 5.505  ;
; Op[2]      ; Res[11]     ; 5.470  ; 5.470  ; 5.470  ; 5.470  ;
; Op[2]      ; Res[12]     ; 5.328  ; 5.328  ; 5.328  ; 5.328  ;
; Op[2]      ; Res[13]     ; 5.413  ; 5.413  ; 5.413  ; 5.413  ;
; Op[2]      ; Res[14]     ; 5.363  ; 5.363  ; 5.363  ; 5.363  ;
; Op[2]      ; Res[15]     ; 5.383  ; 5.383  ; 5.383  ; 5.383  ;
; Sab        ; Res[0]      ; 6.081  ; 6.081  ; 6.081  ; 6.081  ;
; Sab        ; Res[1]      ; 6.555  ; 6.555  ; 6.555  ; 6.555  ;
; Sab        ; Res[2]      ; 6.883  ; 6.883  ; 6.883  ; 6.883  ;
; Sab        ; Res[3]      ; 7.555  ; 7.555  ; 7.555  ; 7.555  ;
; Sab        ; Res[4]      ; 7.432  ; 7.432  ; 7.432  ; 7.432  ;
; Sab        ; Res[5]      ; 8.005  ; 8.005  ; 8.005  ; 8.005  ;
; Sab        ; Res[6]      ; 8.199  ; 8.199  ; 8.199  ; 8.199  ;
; Sab        ; Res[7]      ; 8.717  ; 8.717  ; 8.717  ; 8.717  ;
; Sab        ; Res[8]      ; 9.309  ; 9.309  ; 9.309  ; 9.309  ;
; Sab        ; Res[9]      ; 9.516  ; 9.516  ; 9.516  ; 9.516  ;
; Sab        ; Res[10]     ; 10.384 ; 10.384 ; 10.384 ; 10.384 ;
; Sab        ; Res[11]     ; 10.555 ; 10.555 ; 10.555 ; 10.555 ;
; Sab        ; Res[12]     ; 10.704 ; 10.704 ; 10.704 ; 10.704 ;
; Sab        ; Res[13]     ; 11.220 ; 11.220 ; 11.220 ; 11.220 ;
; Sab        ; Res[14]     ; 11.705 ; 11.705 ; 11.705 ; 11.705 ;
; Sab        ; Res[15]     ; 11.396 ; 11.396 ; 11.396 ; 11.396 ;
+------------+-------------+--------+--------+--------+--------+


+--------------------------------------------------------------+
; Minimum Propagation Delay                                    ;
+------------+-------------+--------+--------+--------+--------+
; Input Port ; Output Port ; RR     ; RF     ; FR     ; FF     ;
+------------+-------------+--------+--------+--------+--------+
; A[0]       ; Res[0]      ; 6.071  ; 6.071  ; 6.071  ; 6.071  ;
; A[0]       ; Res[1]      ; 6.369  ; 6.369  ; 6.369  ; 6.369  ;
; A[0]       ; Res[2]      ; 6.627  ; 6.627  ; 6.627  ; 6.627  ;
; A[0]       ; Res[3]      ; 7.079  ; 7.079  ; 7.079  ; 7.079  ;
; A[0]       ; Res[4]      ; 7.341  ; 7.341  ; 7.341  ; 7.341  ;
; A[0]       ; Res[5]      ; 7.541  ; 7.541  ; 7.541  ; 7.541  ;
; A[0]       ; Res[6]      ; 7.418  ; 7.418  ; 7.418  ; 7.418  ;
; A[0]       ; Res[7]      ; 8.052  ; 8.052  ; 8.052  ; 8.052  ;
; A[0]       ; Res[8]      ; 8.531  ; 8.531  ; 8.531  ; 8.531  ;
; A[0]       ; Res[9]      ; 9.053  ; 9.053  ; 9.053  ; 9.053  ;
; A[0]       ; Res[10]     ; 9.642  ; 9.642  ; 9.642  ; 9.642  ;
; A[0]       ; Res[11]     ; 9.638  ; 9.638  ; 9.638  ; 9.638  ;
; A[0]       ; Res[12]     ; 9.884  ; 9.884  ; 9.884  ; 9.884  ;
; A[0]       ; Res[13]     ; 10.473 ; 10.473 ; 10.473 ; 10.473 ;
; A[0]       ; Res[14]     ; 11.265 ; 11.265 ; 11.265 ; 11.265 ;
; A[0]       ; Res[15]     ; 10.790 ; 10.790 ; 10.790 ; 10.790 ;
; A[1]       ; Res[1]      ; 6.182  ; 6.182  ; 6.182  ; 6.182  ;
; A[1]       ; Res[2]      ; 6.514  ; 6.514  ; 6.514  ; 6.514  ;
; A[1]       ; Res[3]      ; 7.017  ; 7.017  ; 7.017  ; 7.017  ;
; A[1]       ; Res[4]      ; 7.276  ; 7.276  ; 7.276  ; 7.276  ;
; A[1]       ; Res[5]      ; 7.479  ; 7.479  ; 7.479  ; 7.479  ;
; A[1]       ; Res[6]      ; 7.353  ; 7.353  ; 7.353  ; 7.353  ;
; A[1]       ; Res[7]      ; 7.987  ; 7.987  ; 7.987  ; 7.987  ;
; A[1]       ; Res[8]      ; 8.466  ; 8.466  ; 8.466  ; 8.466  ;
; A[1]       ; Res[9]      ; 8.988  ; 8.988  ; 8.988  ; 8.988  ;
; A[1]       ; Res[10]     ; 9.577  ; 9.577  ; 9.577  ; 9.577  ;
; A[1]       ; Res[11]     ; 9.573  ; 9.573  ; 9.573  ; 9.573  ;
; A[1]       ; Res[12]     ; 9.819  ; 9.819  ; 9.819  ; 9.819  ;
; A[1]       ; Res[13]     ; 10.408 ; 10.408 ; 10.408 ; 10.408 ;
; A[1]       ; Res[14]     ; 11.200 ; 11.200 ; 11.200 ; 11.200 ;
; A[1]       ; Res[15]     ; 10.725 ; 10.725 ; 10.725 ; 10.725 ;
; A[2]       ; Res[2]      ; 5.721  ; 5.721  ; 5.721  ; 5.721  ;
; A[2]       ; Res[3]      ; 6.287  ; 6.287  ; 6.287  ; 6.287  ;
; A[2]       ; Res[4]      ; 6.710  ; 6.710  ; 6.710  ; 6.710  ;
; A[2]       ; Res[5]      ; 7.030  ; 7.030  ; 7.030  ; 7.030  ;
; A[2]       ; Res[6]      ; 6.896  ; 6.896  ; 6.896  ; 6.896  ;
; A[2]       ; Res[7]      ; 7.530  ; 7.530  ; 7.530  ; 7.530  ;
; A[2]       ; Res[8]      ; 8.009  ; 8.009  ; 8.009  ; 8.009  ;
; A[2]       ; Res[9]      ; 8.531  ; 8.531  ; 8.531  ; 8.531  ;
; A[2]       ; Res[10]     ; 9.120  ; 9.120  ; 9.120  ; 9.120  ;
; A[2]       ; Res[11]     ; 9.116  ; 9.116  ; 9.116  ; 9.116  ;
; A[2]       ; Res[12]     ; 9.362  ; 9.362  ; 9.362  ; 9.362  ;
; A[2]       ; Res[13]     ; 9.951  ; 9.951  ; 9.951  ; 9.951  ;
; A[2]       ; Res[14]     ; 10.743 ; 10.743 ; 10.743 ; 10.743 ;
; A[2]       ; Res[15]     ; 10.268 ; 10.268 ; 10.268 ; 10.268 ;
; A[3]       ; Res[3]      ; 6.169  ; 6.169  ; 6.169  ; 6.169  ;
; A[3]       ; Res[4]      ; 6.419  ; 6.419  ; 6.419  ; 6.419  ;
; A[3]       ; Res[5]      ; 6.812  ; 6.812  ; 6.812  ; 6.812  ;
; A[3]       ; Res[6]      ; 6.593  ; 6.593  ; 6.593  ; 6.593  ;
; A[3]       ; Res[7]      ; 7.218  ; 7.218  ; 7.218  ; 7.218  ;
; A[3]       ; Res[8]      ; 7.696  ; 7.696  ; 7.696  ; 7.696  ;
; A[3]       ; Res[9]      ; 8.218  ; 8.218  ; 8.218  ; 8.218  ;
; A[3]       ; Res[10]     ; 8.807  ; 8.807  ; 8.807  ; 8.807  ;
; A[3]       ; Res[11]     ; 8.803  ; 8.803  ; 8.803  ; 8.803  ;
; A[3]       ; Res[12]     ; 9.049  ; 9.049  ; 9.049  ; 9.049  ;
; A[3]       ; Res[13]     ; 9.638  ; 9.638  ; 9.638  ; 9.638  ;
; A[3]       ; Res[14]     ; 10.430 ; 10.430 ; 10.430 ; 10.430 ;
; A[3]       ; Res[15]     ; 9.955  ; 9.955  ; 9.955  ; 9.955  ;
; A[4]       ; Res[4]      ; 5.886  ; 5.886  ; 5.886  ; 5.886  ;
; A[4]       ; Res[5]      ; 6.306  ; 6.306  ; 6.306  ; 6.306  ;
; A[4]       ; Res[6]      ; 6.352  ; 6.352  ; 6.352  ; 6.352  ;
; A[4]       ; Res[7]      ; 6.727  ; 6.727  ; 6.727  ; 6.727  ;
; A[4]       ; Res[8]      ; 7.205  ; 7.205  ; 7.205  ; 7.205  ;
; A[4]       ; Res[9]      ; 7.727  ; 7.727  ; 7.727  ; 7.727  ;
; A[4]       ; Res[10]     ; 8.316  ; 8.316  ; 8.316  ; 8.316  ;
; A[4]       ; Res[11]     ; 8.312  ; 8.312  ; 8.312  ; 8.312  ;
; A[4]       ; Res[12]     ; 8.558  ; 8.558  ; 8.558  ; 8.558  ;
; A[4]       ; Res[13]     ; 9.147  ; 9.147  ; 9.147  ; 9.147  ;
; A[4]       ; Res[14]     ; 9.939  ; 9.939  ; 9.939  ; 9.939  ;
; A[4]       ; Res[15]     ; 9.464  ; 9.464  ; 9.464  ; 9.464  ;
; A[5]       ; Res[5]      ; 5.739  ; 5.739  ; 5.739  ; 5.739  ;
; A[5]       ; Res[6]      ; 5.877  ; 5.877  ; 5.877  ; 5.877  ;
; A[5]       ; Res[7]      ; 6.305  ; 6.305  ; 6.305  ; 6.305  ;
; A[5]       ; Res[8]      ; 6.783  ; 6.783  ; 6.783  ; 6.783  ;
; A[5]       ; Res[9]      ; 7.305  ; 7.305  ; 7.305  ; 7.305  ;
; A[5]       ; Res[10]     ; 7.894  ; 7.894  ; 7.894  ; 7.894  ;
; A[5]       ; Res[11]     ; 7.890  ; 7.890  ; 7.890  ; 7.890  ;
; A[5]       ; Res[12]     ; 8.136  ; 8.136  ; 8.136  ; 8.136  ;
; A[5]       ; Res[13]     ; 8.725  ; 8.725  ; 8.725  ; 8.725  ;
; A[5]       ; Res[14]     ; 9.517  ; 9.517  ; 9.517  ; 9.517  ;
; A[5]       ; Res[15]     ; 9.042  ; 9.042  ; 9.042  ; 9.042  ;
; A[6]       ; Res[6]      ; 5.716  ; 5.716  ; 5.716  ; 5.716  ;
; A[6]       ; Res[7]      ; 6.186  ; 6.186  ; 6.186  ; 6.186  ;
; A[6]       ; Res[8]      ; 6.665  ; 6.665  ; 6.665  ; 6.665  ;
; A[6]       ; Res[9]      ; 7.187  ; 7.187  ; 7.187  ; 7.187  ;
; A[6]       ; Res[10]     ; 7.776  ; 7.776  ; 7.776  ; 7.776  ;
; A[6]       ; Res[11]     ; 7.772  ; 7.772  ; 7.772  ; 7.772  ;
; A[6]       ; Res[12]     ; 8.018  ; 8.018  ; 8.018  ; 8.018  ;
; A[6]       ; Res[13]     ; 8.600  ; 8.600  ; 8.600  ; 8.600  ;
; A[6]       ; Res[14]     ; 9.290  ; 9.290  ; 9.290  ; 9.290  ;
; A[6]       ; Res[15]     ; 8.889  ; 8.889  ; 8.889  ; 8.889  ;
; A[7]       ; Res[7]      ; 5.843  ; 5.843  ; 5.843  ; 5.843  ;
; A[7]       ; Res[8]      ; 6.503  ; 6.503  ; 6.503  ; 6.503  ;
; A[7]       ; Res[9]      ; 6.874  ; 6.874  ; 6.874  ; 6.874  ;
; A[7]       ; Res[10]     ; 7.558  ; 7.558  ; 7.558  ; 7.558  ;
; A[7]       ; Res[11]     ; 7.661  ; 7.661  ; 7.661  ; 7.661  ;
; A[7]       ; Res[12]     ; 7.907  ; 7.907  ; 7.907  ; 7.907  ;
; A[7]       ; Res[13]     ; 8.375  ; 8.375  ; 8.375  ; 8.375  ;
; A[7]       ; Res[14]     ; 8.907  ; 8.907  ; 8.907  ; 8.907  ;
; A[7]       ; Res[15]     ; 8.512  ; 8.512  ; 8.512  ; 8.512  ;
; A[8]       ; Res[8]      ; 6.038  ; 6.038  ; 6.038  ; 6.038  ;
; A[8]       ; Res[9]      ; 6.656  ; 6.656  ; 6.656  ; 6.656  ;
; A[8]       ; Res[10]     ; 7.340  ; 7.340  ; 7.340  ; 7.340  ;
; A[8]       ; Res[11]     ; 7.412  ; 7.412  ; 7.412  ; 7.412  ;
; A[8]       ; Res[12]     ; 7.658  ; 7.658  ; 7.658  ; 7.658  ;
; A[8]       ; Res[13]     ; 8.137  ; 8.137  ; 8.137  ; 8.137  ;
; A[8]       ; Res[14]     ; 8.689  ; 8.689  ; 8.689  ; 8.689  ;
; A[8]       ; Res[15]     ; 8.294  ; 8.294  ; 8.294  ; 8.294  ;
; A[9]       ; Res[9]      ; 6.071  ; 6.071  ; 6.071  ; 6.071  ;
; A[9]       ; Res[10]     ; 6.977  ; 6.977  ; 6.977  ; 6.977  ;
; A[9]       ; Res[11]     ; 7.052  ; 7.052  ; 7.052  ; 7.052  ;
; A[9]       ; Res[12]     ; 7.298  ; 7.298  ; 7.298  ; 7.298  ;
; A[9]       ; Res[13]     ; 7.790  ; 7.790  ; 7.790  ; 7.790  ;
; A[9]       ; Res[14]     ; 8.326  ; 8.326  ; 8.326  ; 8.326  ;
; A[9]       ; Res[15]     ; 7.931  ; 7.931  ; 7.931  ; 7.931  ;
; A[10]      ; Res[10]     ; 5.818  ; 5.818  ; 5.818  ; 5.818  ;
; A[10]      ; Res[11]     ; 6.197  ; 6.197  ; 6.197  ; 6.197  ;
; A[10]      ; Res[12]     ; 6.481  ; 6.481  ; 6.481  ; 6.481  ;
; A[10]      ; Res[13]     ; 7.010  ; 7.010  ; 7.010  ; 7.010  ;
; A[10]      ; Res[14]     ; 7.517  ; 7.517  ; 7.517  ; 7.517  ;
; A[10]      ; Res[15]     ; 7.122  ; 7.122  ; 7.122  ; 7.122  ;
; A[11]      ; Res[11]     ; 5.976  ; 5.976  ; 5.976  ; 5.976  ;
; A[11]      ; Res[12]     ; 6.234  ; 6.234  ; 6.234  ; 6.234  ;
; A[11]      ; Res[13]     ; 6.647  ; 6.647  ; 6.647  ; 6.647  ;
; A[11]      ; Res[14]     ; 7.154  ; 7.154  ; 7.154  ; 7.154  ;
; A[11]      ; Res[15]     ; 6.759  ; 6.759  ; 6.759  ; 6.759  ;
; A[12]      ; Res[12]     ; 5.718  ; 5.718  ; 5.718  ; 5.718  ;
; A[12]      ; Res[13]     ; 6.227  ; 6.227  ; 6.227  ; 6.227  ;
; A[12]      ; Res[14]     ; 6.734  ; 6.734  ; 6.734  ; 6.734  ;
; A[12]      ; Res[15]     ; 6.339  ; 6.339  ; 6.339  ; 6.339  ;
; A[13]      ; Res[13]     ; 5.663  ; 5.663  ; 5.663  ; 5.663  ;
; A[13]      ; Res[14]     ; 6.621  ; 6.621  ; 6.621  ; 6.621  ;
; A[13]      ; Res[15]     ; 6.204  ; 6.204  ; 6.204  ; 6.204  ;
; A[14]      ; Res[14]     ; 6.054  ; 6.054  ; 6.054  ; 6.054  ;
; A[14]      ; Res[15]     ; 5.960  ; 5.960  ; 5.960  ; 5.960  ;
; A[15]      ; Res[15]     ; 3.128  ; 3.128  ; 3.128  ; 3.128  ;
; B[0]       ; Res[0]      ; 6.177  ; 6.177  ; 6.177  ; 6.177  ;
; B[0]       ; Res[1]      ; 6.551  ; 6.551  ; 6.551  ; 6.551  ;
; B[0]       ; Res[2]      ; 6.828  ; 6.828  ; 6.828  ; 6.828  ;
; B[0]       ; Res[3]      ; 7.260  ; 7.260  ; 7.260  ; 7.260  ;
; B[0]       ; Res[4]      ; 7.517  ; 7.517  ; 7.517  ; 7.517  ;
; B[0]       ; Res[5]      ; 7.722  ; 7.722  ; 7.722  ; 7.722  ;
; B[0]       ; Res[6]      ; 7.594  ; 7.594  ; 7.594  ; 7.594  ;
; B[0]       ; Res[7]      ; 8.228  ; 8.228  ; 8.228  ; 8.228  ;
; B[0]       ; Res[8]      ; 8.707  ; 8.707  ; 8.707  ; 8.707  ;
; B[0]       ; Res[9]      ; 9.229  ; 9.229  ; 9.229  ; 9.229  ;
; B[0]       ; Res[10]     ; 9.818  ; 9.818  ; 9.818  ; 9.818  ;
; B[0]       ; Res[11]     ; 9.814  ; 9.814  ; 9.814  ; 9.814  ;
; B[0]       ; Res[12]     ; 10.060 ; 10.060 ; 10.060 ; 10.060 ;
; B[0]       ; Res[13]     ; 10.649 ; 10.649 ; 10.649 ; 10.649 ;
; B[0]       ; Res[14]     ; 11.441 ; 11.441 ; 11.441 ; 11.441 ;
; B[0]       ; Res[15]     ; 10.966 ; 10.966 ; 10.966 ; 10.966 ;
; B[1]       ; Res[1]      ; 6.192  ; 6.192  ; 6.192  ; 6.192  ;
; B[1]       ; Res[2]      ; 6.428  ; 6.428  ; 6.428  ; 6.428  ;
; B[1]       ; Res[3]      ; 7.046  ; 7.046  ; 7.046  ; 7.046  ;
; B[1]       ; Res[4]      ; 7.190  ; 7.190  ; 7.190  ; 7.190  ;
; B[1]       ; Res[5]      ; 7.508  ; 7.508  ; 7.508  ; 7.508  ;
; B[1]       ; Res[6]      ; 7.384  ; 7.384  ; 7.384  ; 7.384  ;
; B[1]       ; Res[7]      ; 8.018  ; 8.018  ; 8.018  ; 8.018  ;
; B[1]       ; Res[8]      ; 8.497  ; 8.497  ; 8.497  ; 8.497  ;
; B[1]       ; Res[9]      ; 9.019  ; 9.019  ; 9.019  ; 9.019  ;
; B[1]       ; Res[10]     ; 9.608  ; 9.608  ; 9.608  ; 9.608  ;
; B[1]       ; Res[11]     ; 9.604  ; 9.604  ; 9.604  ; 9.604  ;
; B[1]       ; Res[12]     ; 9.850  ; 9.850  ; 9.850  ; 9.850  ;
; B[1]       ; Res[13]     ; 10.439 ; 10.439 ; 10.439 ; 10.439 ;
; B[1]       ; Res[14]     ; 11.231 ; 11.231 ; 11.231 ; 11.231 ;
; B[1]       ; Res[15]     ; 10.756 ; 10.756 ; 10.756 ; 10.756 ;
; B[2]       ; Res[2]      ; 5.779  ; 5.779  ; 5.779  ; 5.779  ;
; B[2]       ; Res[3]      ; 6.424  ; 6.424  ; 6.424  ; 6.424  ;
; B[2]       ; Res[4]      ; 6.773  ; 6.773  ; 6.773  ; 6.773  ;
; B[2]       ; Res[5]      ; 7.087  ; 7.087  ; 7.087  ; 7.087  ;
; B[2]       ; Res[6]      ; 6.962  ; 6.962  ; 6.962  ; 6.962  ;
; B[2]       ; Res[7]      ; 7.596  ; 7.596  ; 7.596  ; 7.596  ;
; B[2]       ; Res[8]      ; 8.075  ; 8.075  ; 8.075  ; 8.075  ;
; B[2]       ; Res[9]      ; 8.597  ; 8.597  ; 8.597  ; 8.597  ;
; B[2]       ; Res[10]     ; 9.186  ; 9.186  ; 9.186  ; 9.186  ;
; B[2]       ; Res[11]     ; 9.182  ; 9.182  ; 9.182  ; 9.182  ;
; B[2]       ; Res[12]     ; 9.428  ; 9.428  ; 9.428  ; 9.428  ;
; B[2]       ; Res[13]     ; 10.017 ; 10.017 ; 10.017 ; 10.017 ;
; B[2]       ; Res[14]     ; 10.809 ; 10.809 ; 10.809 ; 10.809 ;
; B[2]       ; Res[15]     ; 10.334 ; 10.334 ; 10.334 ; 10.334 ;
; B[3]       ; Res[3]      ; 6.192  ; 6.192  ; 6.192  ; 6.192  ;
; B[3]       ; Res[4]      ; 6.518  ; 6.518  ; 6.518  ; 6.518  ;
; B[3]       ; Res[5]      ; 6.832  ; 6.832  ; 6.832  ; 6.832  ;
; B[3]       ; Res[6]      ; 6.613  ; 6.613  ; 6.613  ; 6.613  ;
; B[3]       ; Res[7]      ; 7.247  ; 7.247  ; 7.247  ; 7.247  ;
; B[3]       ; Res[8]      ; 7.726  ; 7.726  ; 7.726  ; 7.726  ;
; B[3]       ; Res[9]      ; 8.248  ; 8.248  ; 8.248  ; 8.248  ;
; B[3]       ; Res[10]     ; 8.837  ; 8.837  ; 8.837  ; 8.837  ;
; B[3]       ; Res[11]     ; 8.833  ; 8.833  ; 8.833  ; 8.833  ;
; B[3]       ; Res[12]     ; 9.079  ; 9.079  ; 9.079  ; 9.079  ;
; B[3]       ; Res[13]     ; 9.668  ; 9.668  ; 9.668  ; 9.668  ;
; B[3]       ; Res[14]     ; 10.460 ; 10.460 ; 10.460 ; 10.460 ;
; B[3]       ; Res[15]     ; 9.985  ; 9.985  ; 9.985  ; 9.985  ;
; B[4]       ; Res[4]      ; 5.871  ; 5.871  ; 5.871  ; 5.871  ;
; B[4]       ; Res[5]      ; 6.449  ; 6.449  ; 6.449  ; 6.449  ;
; B[4]       ; Res[6]      ; 6.447  ; 6.447  ; 6.447  ; 6.447  ;
; B[4]       ; Res[7]      ; 6.789  ; 6.789  ; 6.789  ; 6.789  ;
; B[4]       ; Res[8]      ; 7.267  ; 7.267  ; 7.267  ; 7.267  ;
; B[4]       ; Res[9]      ; 7.789  ; 7.789  ; 7.789  ; 7.789  ;
; B[4]       ; Res[10]     ; 8.378  ; 8.378  ; 8.378  ; 8.378  ;
; B[4]       ; Res[11]     ; 8.374  ; 8.374  ; 8.374  ; 8.374  ;
; B[4]       ; Res[12]     ; 8.620  ; 8.620  ; 8.620  ; 8.620  ;
; B[4]       ; Res[13]     ; 9.209  ; 9.209  ; 9.209  ; 9.209  ;
; B[4]       ; Res[14]     ; 10.001 ; 10.001 ; 10.001 ; 10.001 ;
; B[4]       ; Res[15]     ; 9.526  ; 9.526  ; 9.526  ; 9.526  ;
; B[5]       ; Res[5]      ; 6.054  ; 6.054  ; 6.054  ; 6.054  ;
; B[5]       ; Res[6]      ; 6.222  ; 6.222  ; 6.222  ; 6.222  ;
; B[5]       ; Res[7]      ; 6.748  ; 6.748  ; 6.748  ; 6.748  ;
; B[5]       ; Res[8]      ; 7.226  ; 7.226  ; 7.226  ; 7.226  ;
; B[5]       ; Res[9]      ; 7.748  ; 7.748  ; 7.748  ; 7.748  ;
; B[5]       ; Res[10]     ; 8.337  ; 8.337  ; 8.337  ; 8.337  ;
; B[5]       ; Res[11]     ; 8.333  ; 8.333  ; 8.333  ; 8.333  ;
; B[5]       ; Res[12]     ; 8.579  ; 8.579  ; 8.579  ; 8.579  ;
; B[5]       ; Res[13]     ; 9.168  ; 9.168  ; 9.168  ; 9.168  ;
; B[5]       ; Res[14]     ; 9.960  ; 9.960  ; 9.960  ; 9.960  ;
; B[5]       ; Res[15]     ; 9.485  ; 9.485  ; 9.485  ; 9.485  ;
; B[6]       ; Res[6]      ; 5.637  ; 5.637  ; 5.637  ; 5.637  ;
; B[6]       ; Res[7]      ; 6.269  ; 6.269  ; 6.269  ; 6.269  ;
; B[6]       ; Res[8]      ; 6.748  ; 6.748  ; 6.748  ; 6.748  ;
; B[6]       ; Res[9]      ; 7.180  ; 7.180  ; 7.180  ; 7.180  ;
; B[6]       ; Res[10]     ; 7.859  ; 7.859  ; 7.859  ; 7.859  ;
; B[6]       ; Res[11]     ; 7.855  ; 7.855  ; 7.855  ; 7.855  ;
; B[6]       ; Res[12]     ; 8.101  ; 8.101  ; 8.101  ; 8.101  ;
; B[6]       ; Res[13]     ; 8.681  ; 8.681  ; 8.681  ; 8.681  ;
; B[6]       ; Res[14]     ; 9.213  ; 9.213  ; 9.213  ; 9.213  ;
; B[6]       ; Res[15]     ; 8.818  ; 8.818  ; 8.818  ; 8.818  ;
; B[7]       ; Res[7]      ; 5.757  ; 5.757  ; 5.757  ; 5.757  ;
; B[7]       ; Res[8]      ; 6.420  ; 6.420  ; 6.420  ; 6.420  ;
; B[7]       ; Res[9]      ; 6.787  ; 6.787  ; 6.787  ; 6.787  ;
; B[7]       ; Res[10]     ; 7.471  ; 7.471  ; 7.471  ; 7.471  ;
; B[7]       ; Res[11]     ; 7.576  ; 7.576  ; 7.576  ; 7.576  ;
; B[7]       ; Res[12]     ; 7.822  ; 7.822  ; 7.822  ; 7.822  ;
; B[7]       ; Res[13]     ; 8.289  ; 8.289  ; 8.289  ; 8.289  ;
; B[7]       ; Res[14]     ; 8.820  ; 8.820  ; 8.820  ; 8.820  ;
; B[7]       ; Res[15]     ; 8.425  ; 8.425  ; 8.425  ; 8.425  ;
; B[8]       ; Res[8]      ; 5.803  ; 5.803  ; 5.803  ; 5.803  ;
; B[8]       ; Res[9]      ; 6.277  ; 6.277  ; 6.277  ; 6.277  ;
; B[8]       ; Res[10]     ; 6.961  ; 6.961  ; 6.961  ; 6.961  ;
; B[8]       ; Res[11]     ; 7.060  ; 7.060  ; 7.060  ; 7.060  ;
; B[8]       ; Res[12]     ; 7.306  ; 7.306  ; 7.306  ; 7.306  ;
; B[8]       ; Res[13]     ; 7.759  ; 7.759  ; 7.759  ; 7.759  ;
; B[8]       ; Res[14]     ; 8.310  ; 8.310  ; 8.310  ; 8.310  ;
; B[8]       ; Res[15]     ; 7.915  ; 7.915  ; 7.915  ; 7.915  ;
; B[9]       ; Res[9]      ; 6.025  ; 6.025  ; 6.025  ; 6.025  ;
; B[9]       ; Res[10]     ; 6.931  ; 6.931  ; 6.931  ; 6.931  ;
; B[9]       ; Res[11]     ; 7.004  ; 7.004  ; 7.004  ; 7.004  ;
; B[9]       ; Res[12]     ; 7.250  ; 7.250  ; 7.250  ; 7.250  ;
; B[9]       ; Res[13]     ; 7.745  ; 7.745  ; 7.745  ; 7.745  ;
; B[9]       ; Res[14]     ; 8.280  ; 8.280  ; 8.280  ; 8.280  ;
; B[9]       ; Res[15]     ; 7.885  ; 7.885  ; 7.885  ; 7.885  ;
; B[10]      ; Res[10]     ; 5.832  ; 5.832  ; 5.832  ; 5.832  ;
; B[10]      ; Res[11]     ; 6.274  ; 6.274  ; 6.274  ; 6.274  ;
; B[10]      ; Res[12]     ; 6.522  ; 6.522  ; 6.522  ; 6.522  ;
; B[10]      ; Res[13]     ; 7.094  ; 7.094  ; 7.094  ; 7.094  ;
; B[10]      ; Res[14]     ; 7.601  ; 7.601  ; 7.601  ; 7.601  ;
; B[10]      ; Res[15]     ; 7.206  ; 7.206  ; 7.206  ; 7.206  ;
; B[11]      ; Res[11]     ; 5.926  ; 5.926  ; 5.926  ; 5.926  ;
; B[11]      ; Res[12]     ; 6.268  ; 6.268  ; 6.268  ; 6.268  ;
; B[11]      ; Res[13]     ; 6.666  ; 6.666  ; 6.666  ; 6.666  ;
; B[11]      ; Res[14]     ; 7.173  ; 7.173  ; 7.173  ; 7.173  ;
; B[11]      ; Res[15]     ; 6.778  ; 6.778  ; 6.778  ; 6.778  ;
; B[12]      ; Res[12]     ; 5.776  ; 5.776  ; 5.776  ; 5.776  ;
; B[12]      ; Res[13]     ; 6.233  ; 6.233  ; 6.233  ; 6.233  ;
; B[12]      ; Res[14]     ; 6.740  ; 6.740  ; 6.740  ; 6.740  ;
; B[12]      ; Res[15]     ; 6.345  ; 6.345  ; 6.345  ; 6.345  ;
; B[13]      ; Res[13]     ; 5.702  ; 5.702  ; 5.702  ; 5.702  ;
; B[13]      ; Res[14]     ; 6.664  ; 6.664  ; 6.664  ; 6.664  ;
; B[13]      ; Res[15]     ; 6.254  ; 6.254  ; 6.254  ; 6.254  ;
; B[14]      ; Res[14]     ; 6.081  ; 6.081  ; 6.081  ; 6.081  ;
; B[14]      ; Res[15]     ; 5.992  ; 5.992  ; 5.992  ; 5.992  ;
; B[15]      ; Res[15]     ; 5.387  ; 5.387  ; 5.387  ; 5.387  ;
; Op[0]      ; Res[0]      ; 3.222  ; 3.222  ; 3.222  ; 3.222  ;
; Op[0]      ; Res[1]      ; 3.222  ; 3.222  ; 3.222  ; 3.222  ;
; Op[0]      ; Res[2]      ; 3.253  ; 3.253  ; 3.253  ; 3.253  ;
; Op[0]      ; Res[3]      ; 3.648  ; 3.648  ; 3.648  ; 3.648  ;
; Op[0]      ; Res[4]      ; 3.332  ; 3.332  ; 3.332  ; 3.332  ;
; Op[0]      ; Res[5]      ; 3.417  ; 3.417  ; 3.417  ; 3.417  ;
; Op[0]      ; Res[6]      ; 3.332  ; 3.332  ; 3.332  ; 3.332  ;
; Op[0]      ; Res[7]      ; 3.136  ; 3.136  ; 3.136  ; 3.136  ;
; Op[0]      ; Res[8]      ; 3.161  ; 3.161  ; 3.161  ; 3.161  ;
; Op[0]      ; Res[9]      ; 3.416  ; 3.416  ; 3.416  ; 3.416  ;
; Op[0]      ; Res[10]     ; 3.506  ; 3.506  ; 3.506  ; 3.506  ;
; Op[0]      ; Res[11]     ; 3.555  ; 3.555  ; 3.555  ; 3.555  ;
; Op[0]      ; Res[12]     ; 3.187  ; 3.187  ; 3.187  ; 3.187  ;
; Op[0]      ; Res[13]     ; 3.486  ; 3.486  ; 3.486  ; 3.486  ;
; Op[0]      ; Res[14]     ; 3.568  ; 3.568  ; 3.568  ; 3.568  ;
; Op[0]      ; Res[15]     ; 3.102  ; 3.102  ; 3.102  ; 3.102  ;
; Op[1]      ; Res[0]      ; 6.137  ; 6.137  ; 6.137  ; 6.137  ;
; Op[1]      ; Res[1]      ; 6.138  ; 6.138  ; 6.138  ; 6.138  ;
; Op[1]      ; Res[2]      ; 5.963  ; 5.963  ; 5.963  ; 5.963  ;
; Op[1]      ; Res[3]      ; 6.419  ; 6.419  ; 6.419  ; 6.419  ;
; Op[1]      ; Res[4]      ; 6.212  ; 6.212  ; 6.212  ; 6.212  ;
; Op[1]      ; Res[5]      ; 6.146  ; 6.146  ; 6.146  ; 6.146  ;
; Op[1]      ; Res[6]      ; 6.215  ; 6.215  ; 6.215  ; 6.215  ;
; Op[1]      ; Res[7]      ; 5.701  ; 5.701  ; 5.701  ; 5.701  ;
; Op[1]      ; Res[8]      ; 5.978  ; 5.978  ; 5.978  ; 5.978  ;
; Op[1]      ; Res[9]      ; 5.968  ; 5.968  ; 5.968  ; 5.968  ;
; Op[1]      ; Res[10]     ; 5.666  ; 5.666  ; 5.666  ; 5.666  ;
; Op[1]      ; Res[11]     ; 5.682  ; 5.682  ; 5.682  ; 5.682  ;
; Op[1]      ; Res[12]     ; 5.629  ; 5.629  ; 5.629  ; 5.629  ;
; Op[1]      ; Res[13]     ; 5.622  ; 5.622  ; 5.622  ; 5.622  ;
; Op[1]      ; Res[14]     ; 6.080  ; 6.080  ; 6.080  ; 6.080  ;
; Op[1]      ; Res[15]     ; 5.561  ; 5.561  ; 5.561  ; 5.561  ;
; Op[2]      ; Res[0]      ; 5.868  ; 5.868  ; 5.868  ; 5.868  ;
; Op[2]      ; Res[1]      ; 6.026  ; 6.026  ; 6.026  ; 6.026  ;
; Op[2]      ; Res[2]      ; 5.761  ; 5.761  ; 5.761  ; 5.761  ;
; Op[2]      ; Res[3]      ; 5.364  ; 5.364  ; 5.364  ; 5.364  ;
; Op[2]      ; Res[4]      ; 5.668  ; 5.668  ; 5.668  ; 5.668  ;
; Op[2]      ; Res[5]      ; 5.668  ; 5.668  ; 5.668  ; 5.668  ;
; Op[2]      ; Res[6]      ; 5.509  ; 5.509  ; 5.509  ; 5.509  ;
; Op[2]      ; Res[7]      ; 5.486  ; 5.486  ; 5.486  ; 5.486  ;
; Op[2]      ; Res[8]      ; 5.628  ; 5.628  ; 5.628  ; 5.628  ;
; Op[2]      ; Res[9]      ; 5.705  ; 5.705  ; 5.705  ; 5.705  ;
; Op[2]      ; Res[10]     ; 5.505  ; 5.505  ; 5.505  ; 5.505  ;
; Op[2]      ; Res[11]     ; 5.470  ; 5.470  ; 5.470  ; 5.470  ;
; Op[2]      ; Res[12]     ; 5.328  ; 5.328  ; 5.328  ; 5.328  ;
; Op[2]      ; Res[13]     ; 5.413  ; 5.413  ; 5.413  ; 5.413  ;
; Op[2]      ; Res[14]     ; 5.363  ; 5.363  ; 5.363  ; 5.363  ;
; Op[2]      ; Res[15]     ; 5.383  ; 5.383  ; 5.383  ; 5.383  ;
; Sab        ; Res[0]      ; 6.081  ; 6.081  ; 6.081  ; 6.081  ;
; Sab        ; Res[1]      ; 6.510  ; 6.510  ; 6.510  ; 6.510  ;
; Sab        ; Res[2]      ; 6.411  ; 6.411  ; 6.411  ; 6.411  ;
; Sab        ; Res[3]      ; 6.823  ; 6.823  ; 6.823  ; 6.823  ;
; Sab        ; Res[4]      ; 6.349  ; 6.349  ; 6.349  ; 6.349  ;
; Sab        ; Res[5]      ; 6.619  ; 6.619  ; 6.619  ; 6.619  ;
; Sab        ; Res[6]      ; 6.369  ; 6.369  ; 6.369  ; 6.369  ;
; Sab        ; Res[7]      ; 6.321  ; 6.321  ; 6.321  ; 6.321  ;
; Sab        ; Res[8]      ; 6.315  ; 6.315  ; 6.315  ; 6.315  ;
; Sab        ; Res[9]      ; 6.425  ; 6.425  ; 6.425  ; 6.425  ;
; Sab        ; Res[10]     ; 5.960  ; 5.960  ; 5.960  ; 5.960  ;
; Sab        ; Res[11]     ; 5.863  ; 5.863  ; 5.863  ; 5.863  ;
; Sab        ; Res[12]     ; 6.056  ; 6.056  ; 6.056  ; 6.056  ;
; Sab        ; Res[13]     ; 5.685  ; 5.685  ; 5.685  ; 5.685  ;
; Sab        ; Res[14]     ; 6.596  ; 6.596  ; 6.596  ; 6.596  ;
; Sab        ; Res[15]     ; 6.202  ; 6.202  ; 6.202  ; 6.202  ;
+------------+-------------+--------+--------+--------+--------+


+----------------------------------------------------------------------------+
; Multicorner Timing Analysis Summary                                        ;
+------------------+-------+------+----------+---------+---------------------+
; Clock            ; Setup ; Hold ; Recovery ; Removal ; Minimum Pulse Width ;
+------------------+-------+------+----------+---------+---------------------+
; Worst-case Slack ; N/A   ; N/A  ; N/A      ; N/A     ; N/A                 ;
; Design-wide TNS  ; 0.0   ; 0.0  ; 0.0      ; 0.0     ; 0.0                 ;
+------------------+-------+------+----------+---------+---------------------+


+--------------------------------------------------------------+
; Progagation Delay                                            ;
+------------+-------------+--------+--------+--------+--------+
; Input Port ; Output Port ; RR     ; RF     ; FR     ; FF     ;
+------------+-------------+--------+--------+--------+--------+
; A[0]       ; Res[0]      ; 11.231 ; 11.231 ; 11.231 ; 11.231 ;
; A[0]       ; Res[1]      ; 12.365 ; 12.365 ; 12.365 ; 12.365 ;
; A[0]       ; Res[2]      ; 13.315 ; 13.315 ; 13.315 ; 13.315 ;
; A[0]       ; Res[3]      ; 14.659 ; 14.659 ; 14.659 ; 14.659 ;
; A[0]       ; Res[4]      ; 14.576 ; 14.576 ; 14.576 ; 14.576 ;
; A[0]       ; Res[5]      ; 15.578 ; 15.578 ; 15.578 ; 15.578 ;
; A[0]       ; Res[6]      ; 16.141 ; 16.141 ; 16.141 ; 16.141 ;
; A[0]       ; Res[7]      ; 17.306 ; 17.306 ; 17.306 ; 17.306 ;
; A[0]       ; Res[8]      ; 18.561 ; 18.561 ; 18.561 ; 18.561 ;
; A[0]       ; Res[9]      ; 19.123 ; 19.123 ; 19.123 ; 19.123 ;
; A[0]       ; Res[10]     ; 20.978 ; 20.978 ; 20.978 ; 20.978 ;
; A[0]       ; Res[11]     ; 21.563 ; 21.563 ; 21.563 ; 21.563 ;
; A[0]       ; Res[12]     ; 21.881 ; 21.881 ; 21.881 ; 21.881 ;
; A[0]       ; Res[13]     ; 22.937 ; 22.937 ; 22.937 ; 22.937 ;
; A[0]       ; Res[14]     ; 25.024 ; 25.024 ; 25.024 ; 25.024 ;
; A[0]       ; Res[15]     ; 23.392 ; 23.392 ; 23.392 ; 23.392 ;
; A[1]       ; Res[1]      ; 12.235 ; 12.235 ; 12.235 ; 12.235 ;
; A[1]       ; Res[2]      ; 13.185 ; 13.185 ; 13.185 ; 13.185 ;
; A[1]       ; Res[3]      ; 14.559 ; 14.559 ; 14.559 ; 14.559 ;
; A[1]       ; Res[4]      ; 14.446 ; 14.446 ; 14.446 ; 14.446 ;
; A[1]       ; Res[5]      ; 15.478 ; 15.478 ; 15.478 ; 15.478 ;
; A[1]       ; Res[6]      ; 15.882 ; 15.882 ; 15.882 ; 15.882 ;
; A[1]       ; Res[7]      ; 17.047 ; 17.047 ; 17.047 ; 17.047 ;
; A[1]       ; Res[8]      ; 18.302 ; 18.302 ; 18.302 ; 18.302 ;
; A[1]       ; Res[9]      ; 18.864 ; 18.864 ; 18.864 ; 18.864 ;
; A[1]       ; Res[10]     ; 20.878 ; 20.878 ; 20.878 ; 20.878 ;
; A[1]       ; Res[11]     ; 21.304 ; 21.304 ; 21.304 ; 21.304 ;
; A[1]       ; Res[12]     ; 21.633 ; 21.633 ; 21.633 ; 21.633 ;
; A[1]       ; Res[13]     ; 22.837 ; 22.837 ; 22.837 ; 22.837 ;
; A[1]       ; Res[14]     ; 24.893 ; 24.893 ; 24.893 ; 24.893 ;
; A[1]       ; Res[15]     ; 23.292 ; 23.292 ; 23.292 ; 23.292 ;
; A[2]       ; Res[2]      ; 11.301 ; 11.301 ; 11.301 ; 11.301 ;
; A[2]       ; Res[3]      ; 13.828 ; 13.828 ; 13.828 ; 13.828 ;
; A[2]       ; Res[4]      ; 13.461 ; 13.461 ; 13.461 ; 13.461 ;
; A[2]       ; Res[5]      ; 14.747 ; 14.747 ; 14.747 ; 14.747 ;
; A[2]       ; Res[6]      ; 14.698 ; 14.698 ; 14.698 ; 14.698 ;
; A[2]       ; Res[7]      ; 15.821 ; 15.821 ; 15.821 ; 15.821 ;
; A[2]       ; Res[8]      ; 17.010 ; 17.010 ; 17.010 ; 17.010 ;
; A[2]       ; Res[9]      ; 18.078 ; 18.078 ; 18.078 ; 18.078 ;
; A[2]       ; Res[10]     ; 20.147 ; 20.147 ; 20.147 ; 20.147 ;
; A[2]       ; Res[11]     ; 20.090 ; 20.090 ; 20.090 ; 20.090 ;
; A[2]       ; Res[12]     ; 20.902 ; 20.902 ; 20.902 ; 20.902 ;
; A[2]       ; Res[13]     ; 22.106 ; 22.106 ; 22.106 ; 22.106 ;
; A[2]       ; Res[14]     ; 23.858 ; 23.858 ; 23.858 ; 23.858 ;
; A[2]       ; Res[15]     ; 22.561 ; 22.561 ; 22.561 ; 22.561 ;
; A[3]       ; Res[3]      ; 12.702 ; 12.702 ; 12.702 ; 12.702 ;
; A[3]       ; Res[4]      ; 12.992 ; 12.992 ; 12.992 ; 12.992 ;
; A[3]       ; Res[5]      ; 13.614 ; 13.614 ; 13.614 ; 13.614 ;
; A[3]       ; Res[6]      ; 14.147 ; 14.147 ; 14.147 ; 14.147 ;
; A[3]       ; Res[7]      ; 15.312 ; 15.312 ; 15.312 ; 15.312 ;
; A[3]       ; Res[8]      ; 16.567 ; 16.567 ; 16.567 ; 16.567 ;
; A[3]       ; Res[9]      ; 17.129 ; 17.129 ; 17.129 ; 17.129 ;
; A[3]       ; Res[10]     ; 19.014 ; 19.014 ; 19.014 ; 19.014 ;
; A[3]       ; Res[11]     ; 19.569 ; 19.569 ; 19.569 ; 19.569 ;
; A[3]       ; Res[12]     ; 19.887 ; 19.887 ; 19.887 ; 19.887 ;
; A[3]       ; Res[13]     ; 20.973 ; 20.973 ; 20.973 ; 20.973 ;
; A[3]       ; Res[14]     ; 22.871 ; 22.871 ; 22.871 ; 22.871 ;
; A[3]       ; Res[15]     ; 21.428 ; 21.428 ; 21.428 ; 21.428 ;
; A[4]       ; Res[4]      ; 12.246 ; 12.246 ; 12.246 ; 12.246 ;
; A[4]       ; Res[5]      ; 12.714 ; 12.714 ; 12.714 ; 12.714 ;
; A[4]       ; Res[6]      ; 13.192 ; 13.192 ; 13.192 ; 13.192 ;
; A[4]       ; Res[7]      ; 14.266 ; 14.266 ; 14.266 ; 14.266 ;
; A[4]       ; Res[8]      ; 15.643 ; 15.643 ; 15.643 ; 15.643 ;
; A[4]       ; Res[9]      ; 16.074 ; 16.074 ; 16.074 ; 16.074 ;
; A[4]       ; Res[10]     ; 18.059 ; 18.059 ; 18.059 ; 18.059 ;
; A[4]       ; Res[11]     ; 18.062 ; 18.062 ; 18.062 ; 18.062 ;
; A[4]       ; Res[12]     ; 18.814 ; 18.814 ; 18.814 ; 18.814 ;
; A[4]       ; Res[13]     ; 20.018 ; 20.018 ; 20.018 ; 20.018 ;
; A[4]       ; Res[14]     ; 22.301 ; 22.301 ; 22.301 ; 22.301 ;
; A[4]       ; Res[15]     ; 20.545 ; 20.545 ; 20.545 ; 20.545 ;
; A[5]       ; Res[5]      ; 11.058 ; 11.058 ; 11.058 ; 11.058 ;
; A[5]       ; Res[6]      ; 11.751 ; 11.751 ; 11.751 ; 11.751 ;
; A[5]       ; Res[7]      ; 12.916 ; 12.916 ; 12.916 ; 12.916 ;
; A[5]       ; Res[8]      ; 14.171 ; 14.171 ; 14.171 ; 14.171 ;
; A[5]       ; Res[9]      ; 14.733 ; 14.733 ; 14.733 ; 14.733 ;
; A[5]       ; Res[10]     ; 16.754 ; 16.754 ; 16.754 ; 16.754 ;
; A[5]       ; Res[11]     ; 17.173 ; 17.173 ; 17.173 ; 17.173 ;
; A[5]       ; Res[12]     ; 17.509 ; 17.509 ; 17.509 ; 17.509 ;
; A[5]       ; Res[13]     ; 18.713 ; 18.713 ; 18.713 ; 18.713 ;
; A[5]       ; Res[14]     ; 20.902 ; 20.902 ; 20.902 ; 20.902 ;
; A[5]       ; Res[15]     ; 19.168 ; 19.168 ; 19.168 ; 19.168 ;
; A[6]       ; Res[6]      ; 10.982 ; 10.982 ; 10.982 ; 10.982 ;
; A[6]       ; Res[7]      ; 12.140 ; 12.140 ; 12.140 ; 12.140 ;
; A[6]       ; Res[8]      ; 13.508 ; 13.508 ; 13.508 ; 13.508 ;
; A[6]       ; Res[9]      ; 14.413 ; 14.413 ; 14.413 ; 14.413 ;
; A[6]       ; Res[10]     ; 16.114 ; 16.114 ; 16.114 ; 16.114 ;
; A[6]       ; Res[11]     ; 16.397 ; 16.397 ; 16.397 ; 16.397 ;
; A[6]       ; Res[12]     ; 16.869 ; 16.869 ; 16.869 ; 16.869 ;
; A[6]       ; Res[13]     ; 18.073 ; 18.073 ; 18.073 ; 18.073 ;
; A[6]       ; Res[14]     ; 20.640 ; 20.640 ; 20.640 ; 20.640 ;
; A[6]       ; Res[15]     ; 18.884 ; 18.884 ; 18.884 ; 18.884 ;
; A[7]       ; Res[7]      ; 11.501 ; 11.501 ; 11.501 ; 11.501 ;
; A[7]       ; Res[8]      ; 13.029 ; 13.029 ; 13.029 ; 13.029 ;
; A[7]       ; Res[9]      ; 13.593 ; 13.593 ; 13.593 ; 13.593 ;
; A[7]       ; Res[10]     ; 15.418 ; 15.418 ; 15.418 ; 15.418 ;
; A[7]       ; Res[11]     ; 15.508 ; 15.508 ; 15.508 ; 15.508 ;
; A[7]       ; Res[12]     ; 16.173 ; 16.173 ; 16.173 ; 16.173 ;
; A[7]       ; Res[13]     ; 17.377 ; 17.377 ; 17.377 ; 17.377 ;
; A[7]       ; Res[14]     ; 19.820 ; 19.820 ; 19.820 ; 19.820 ;
; A[7]       ; Res[15]     ; 18.064 ; 18.064 ; 18.064 ; 18.064 ;
; A[8]       ; Res[8]      ; 12.179 ; 12.179 ; 12.179 ; 12.179 ;
; A[8]       ; Res[9]      ; 12.981 ; 12.981 ; 12.981 ; 12.981 ;
; A[8]       ; Res[10]     ; 14.886 ; 14.886 ; 14.886 ; 14.886 ;
; A[8]       ; Res[11]     ; 14.926 ; 14.926 ; 14.926 ; 14.926 ;
; A[8]       ; Res[12]     ; 15.641 ; 15.641 ; 15.641 ; 15.641 ;
; A[8]       ; Res[13]     ; 16.845 ; 16.845 ; 16.845 ; 16.845 ;
; A[8]       ; Res[14]     ; 19.314 ; 19.314 ; 19.314 ; 19.314 ;
; A[8]       ; Res[15]     ; 17.558 ; 17.558 ; 17.558 ; 17.558 ;
; A[9]       ; Res[9]      ; 11.886 ; 11.886 ; 11.886 ; 11.886 ;
; A[9]       ; Res[10]     ; 13.727 ; 13.727 ; 13.727 ; 13.727 ;
; A[9]       ; Res[11]     ; 14.181 ; 14.181 ; 14.181 ; 14.181 ;
; A[9]       ; Res[12]     ; 14.528 ; 14.528 ; 14.528 ; 14.528 ;
; A[9]       ; Res[13]     ; 15.646 ; 15.646 ; 15.646 ; 15.646 ;
; A[9]       ; Res[14]     ; 18.264 ; 18.264 ; 18.264 ; 18.264 ;
; A[9]       ; Res[15]     ; 16.508 ; 16.508 ; 16.508 ; 16.508 ;
; A[10]      ; Res[10]     ; 12.027 ; 12.027 ; 12.027 ; 12.027 ;
; A[10]      ; Res[11]     ; 12.320 ; 12.320 ; 12.320 ; 12.320 ;
; A[10]      ; Res[12]     ; 12.834 ; 12.834 ; 12.834 ; 12.834 ;
; A[10]      ; Res[13]     ; 13.770 ; 13.770 ; 13.770 ; 13.770 ;
; A[10]      ; Res[14]     ; 16.436 ; 16.436 ; 16.436 ; 16.436 ;
; A[10]      ; Res[15]     ; 14.680 ; 14.680 ; 14.680 ; 14.680 ;
; A[11]      ; Res[11]     ; 11.440 ; 11.440 ; 11.440 ; 11.440 ;
; A[11]      ; Res[12]     ; 12.040 ; 12.040 ; 12.040 ; 12.040 ;
; A[11]      ; Res[13]     ; 13.075 ; 13.075 ; 13.075 ; 13.075 ;
; A[11]      ; Res[14]     ; 15.741 ; 15.741 ; 15.741 ; 15.741 ;
; A[11]      ; Res[15]     ; 13.985 ; 13.985 ; 13.985 ; 13.985 ;
; A[12]      ; Res[12]     ; 11.653 ; 11.653 ; 11.653 ; 11.653 ;
; A[12]      ; Res[13]     ; 11.920 ; 11.920 ; 11.920 ; 11.920 ;
; A[12]      ; Res[14]     ; 14.611 ; 14.611 ; 14.611 ; 14.611 ;
; A[12]      ; Res[15]     ; 12.855 ; 12.855 ; 12.855 ; 12.855 ;
; A[13]      ; Res[13]     ; 10.455 ; 10.455 ; 10.455 ; 10.455 ;
; A[13]      ; Res[14]     ; 13.625 ; 13.625 ; 13.625 ; 13.625 ;
; A[13]      ; Res[15]     ; 12.389 ; 12.389 ; 12.389 ; 12.389 ;
; A[14]      ; Res[14]     ; 12.305 ; 12.305 ; 12.305 ; 12.305 ;
; A[14]      ; Res[15]     ; 12.376 ; 12.376 ; 12.376 ; 12.376 ;
; A[15]      ; Res[15]     ; 8.090  ; 8.090  ; 8.090  ; 8.090  ;
; B[0]       ; Res[0]      ; 11.614 ; 11.614 ; 11.614 ; 11.614 ;
; B[0]       ; Res[1]      ; 12.755 ; 12.755 ; 12.755 ; 12.755 ;
; B[0]       ; Res[2]      ; 13.689 ; 13.689 ; 13.689 ; 13.689 ;
; B[0]       ; Res[3]      ; 15.049 ; 15.049 ; 15.049 ; 15.049 ;
; B[0]       ; Res[4]      ; 14.950 ; 14.950 ; 14.950 ; 14.950 ;
; B[0]       ; Res[5]      ; 15.968 ; 15.968 ; 15.968 ; 15.968 ;
; B[0]       ; Res[6]      ; 16.531 ; 16.531 ; 16.531 ; 16.531 ;
; B[0]       ; Res[7]      ; 17.696 ; 17.696 ; 17.696 ; 17.696 ;
; B[0]       ; Res[8]      ; 18.951 ; 18.951 ; 18.951 ; 18.951 ;
; B[0]       ; Res[9]      ; 19.513 ; 19.513 ; 19.513 ; 19.513 ;
; B[0]       ; Res[10]     ; 21.368 ; 21.368 ; 21.368 ; 21.368 ;
; B[0]       ; Res[11]     ; 21.953 ; 21.953 ; 21.953 ; 21.953 ;
; B[0]       ; Res[12]     ; 22.271 ; 22.271 ; 22.271 ; 22.271 ;
; B[0]       ; Res[13]     ; 23.327 ; 23.327 ; 23.327 ; 23.327 ;
; B[0]       ; Res[14]     ; 25.393 ; 25.393 ; 25.393 ; 25.393 ;
; B[0]       ; Res[15]     ; 23.782 ; 23.782 ; 23.782 ; 23.782 ;
; B[1]       ; Res[1]      ; 12.312 ; 12.312 ; 12.312 ; 12.312 ;
; B[1]       ; Res[2]      ; 13.277 ; 13.277 ; 13.277 ; 13.277 ;
; B[1]       ; Res[3]      ; 14.567 ; 14.567 ; 14.567 ; 14.567 ;
; B[1]       ; Res[4]      ; 14.538 ; 14.538 ; 14.538 ; 14.538 ;
; B[1]       ; Res[5]      ; 15.290 ; 15.290 ; 15.290 ; 15.290 ;
; B[1]       ; Res[6]      ; 15.700 ; 15.700 ; 15.700 ; 15.700 ;
; B[1]       ; Res[7]      ; 16.865 ; 16.865 ; 16.865 ; 16.865 ;
; B[1]       ; Res[8]      ; 18.120 ; 18.120 ; 18.120 ; 18.120 ;
; B[1]       ; Res[9]      ; 18.756 ; 18.756 ; 18.756 ; 18.756 ;
; B[1]       ; Res[10]     ; 20.690 ; 20.690 ; 20.690 ; 20.690 ;
; B[1]       ; Res[11]     ; 21.122 ; 21.122 ; 21.122 ; 21.122 ;
; B[1]       ; Res[12]     ; 21.445 ; 21.445 ; 21.445 ; 21.445 ;
; B[1]       ; Res[13]     ; 22.649 ; 22.649 ; 22.649 ; 22.649 ;
; B[1]       ; Res[14]     ; 24.983 ; 24.983 ; 24.983 ; 24.983 ;
; B[1]       ; Res[15]     ; 23.227 ; 23.227 ; 23.227 ; 23.227 ;
; B[2]       ; Res[2]      ; 11.600 ; 11.600 ; 11.600 ; 11.600 ;
; B[2]       ; Res[3]      ; 13.556 ; 13.556 ; 13.556 ; 13.556 ;
; B[2]       ; Res[4]      ; 13.531 ; 13.531 ; 13.531 ; 13.531 ;
; B[2]       ; Res[5]      ; 14.423 ; 14.423 ; 14.423 ; 14.423 ;
; B[2]       ; Res[6]      ; 14.697 ; 14.697 ; 14.697 ; 14.697 ;
; B[2]       ; Res[7]      ; 15.862 ; 15.862 ; 15.862 ; 15.862 ;
; B[2]       ; Res[8]      ; 17.117 ; 17.117 ; 17.117 ; 17.117 ;
; B[2]       ; Res[9]      ; 17.754 ; 17.754 ; 17.754 ; 17.754 ;
; B[2]       ; Res[10]     ; 19.823 ; 19.823 ; 19.823 ; 19.823 ;
; B[2]       ; Res[11]     ; 20.119 ; 20.119 ; 20.119 ; 20.119 ;
; B[2]       ; Res[12]     ; 20.578 ; 20.578 ; 20.578 ; 20.578 ;
; B[2]       ; Res[13]     ; 21.782 ; 21.782 ; 21.782 ; 21.782 ;
; B[2]       ; Res[14]     ; 23.972 ; 23.972 ; 23.972 ; 23.972 ;
; B[2]       ; Res[15]     ; 22.237 ; 22.237 ; 22.237 ; 22.237 ;
; B[3]       ; Res[3]      ; 12.789 ; 12.789 ; 12.789 ; 12.789 ;
; B[3]       ; Res[4]      ; 13.264 ; 13.264 ; 13.264 ; 13.264 ;
; B[3]       ; Res[5]      ; 13.610 ; 13.610 ; 13.610 ; 13.610 ;
; B[3]       ; Res[6]      ; 14.218 ; 14.218 ; 14.218 ; 14.218 ;
; B[3]       ; Res[7]      ; 15.316 ; 15.316 ; 15.316 ; 15.316 ;
; B[3]       ; Res[8]      ; 16.669 ; 16.669 ; 16.669 ; 16.669 ;
; B[3]       ; Res[9]      ; 17.133 ; 17.133 ; 17.133 ; 17.133 ;
; B[3]       ; Res[10]     ; 19.010 ; 19.010 ; 19.010 ; 19.010 ;
; B[3]       ; Res[11]     ; 19.573 ; 19.573 ; 19.573 ; 19.573 ;
; B[3]       ; Res[12]     ; 19.891 ; 19.891 ; 19.891 ; 19.891 ;
; B[3]       ; Res[13]     ; 20.969 ; 20.969 ; 20.969 ; 20.969 ;
; B[3]       ; Res[14]     ; 23.201 ; 23.201 ; 23.201 ; 23.201 ;
; B[3]       ; Res[15]     ; 21.445 ; 21.445 ; 21.445 ; 21.445 ;
; B[4]       ; Res[4]      ; 12.160 ; 12.160 ; 12.160 ; 12.160 ;
; B[4]       ; Res[5]      ; 12.890 ; 12.890 ; 12.890 ; 12.890 ;
; B[4]       ; Res[6]      ; 13.115 ; 13.115 ; 13.115 ; 13.115 ;
; B[4]       ; Res[7]      ; 14.189 ; 14.189 ; 14.189 ; 14.189 ;
; B[4]       ; Res[8]      ; 15.566 ; 15.566 ; 15.566 ; 15.566 ;
; B[4]       ; Res[9]      ; 16.221 ; 16.221 ; 16.221 ; 16.221 ;
; B[4]       ; Res[10]     ; 18.290 ; 18.290 ; 18.290 ; 18.290 ;
; B[4]       ; Res[11]     ; 18.436 ; 18.436 ; 18.436 ; 18.436 ;
; B[4]       ; Res[12]     ; 19.045 ; 19.045 ; 19.045 ; 19.045 ;
; B[4]       ; Res[13]     ; 20.249 ; 20.249 ; 20.249 ; 20.249 ;
; B[4]       ; Res[14]     ; 22.094 ; 22.094 ; 22.094 ; 22.094 ;
; B[4]       ; Res[15]     ; 20.704 ; 20.704 ; 20.704 ; 20.704 ;
; B[5]       ; Res[5]      ; 11.951 ; 11.951 ; 11.951 ; 11.951 ;
; B[5]       ; Res[6]      ; 12.641 ; 12.641 ; 12.641 ; 12.641 ;
; B[5]       ; Res[7]      ; 13.806 ; 13.806 ; 13.806 ; 13.806 ;
; B[5]       ; Res[8]      ; 15.061 ; 15.061 ; 15.061 ; 15.061 ;
; B[5]       ; Res[9]      ; 15.630 ; 15.630 ; 15.630 ; 15.630 ;
; B[5]       ; Res[10]     ; 17.699 ; 17.699 ; 17.699 ; 17.699 ;
; B[5]       ; Res[11]     ; 18.063 ; 18.063 ; 18.063 ; 18.063 ;
; B[5]       ; Res[12]     ; 18.454 ; 18.454 ; 18.454 ; 18.454 ;
; B[5]       ; Res[13]     ; 19.658 ; 19.658 ; 19.658 ; 19.658 ;
; B[5]       ; Res[14]     ; 21.548 ; 21.548 ; 21.548 ; 21.548 ;
; B[5]       ; Res[15]     ; 20.113 ; 20.113 ; 20.113 ; 20.113 ;
; B[6]       ; Res[6]      ; 11.245 ; 11.245 ; 11.245 ; 11.245 ;
; B[6]       ; Res[7]      ; 12.323 ; 12.323 ; 12.323 ; 12.323 ;
; B[6]       ; Res[8]      ; 13.700 ; 13.700 ; 13.700 ; 13.700 ;
; B[6]       ; Res[9]      ; 14.239 ; 14.239 ; 14.239 ; 14.239 ;
; B[6]       ; Res[10]     ; 16.308 ; 16.308 ; 16.308 ; 16.308 ;
; B[6]       ; Res[11]     ; 16.251 ; 16.251 ; 16.251 ; 16.251 ;
; B[6]       ; Res[12]     ; 17.063 ; 17.063 ; 17.063 ; 17.063 ;
; B[6]       ; Res[13]     ; 18.267 ; 18.267 ; 18.267 ; 18.267 ;
; B[6]       ; Res[14]     ; 20.248 ; 20.248 ; 20.248 ; 20.248 ;
; B[6]       ; Res[15]     ; 18.722 ; 18.722 ; 18.722 ; 18.722 ;
; B[7]       ; Res[7]      ; 11.307 ; 11.307 ; 11.307 ; 11.307 ;
; B[7]       ; Res[8]      ; 12.834 ; 12.834 ; 12.834 ; 12.834 ;
; B[7]       ; Res[9]      ; 13.394 ; 13.394 ; 13.394 ; 13.394 ;
; B[7]       ; Res[10]     ; 15.224 ; 15.224 ; 15.224 ; 15.224 ;
; B[7]       ; Res[11]     ; 15.309 ; 15.309 ; 15.309 ; 15.309 ;
; B[7]       ; Res[12]     ; 15.979 ; 15.979 ; 15.979 ; 15.979 ;
; B[7]       ; Res[13]     ; 17.183 ; 17.183 ; 17.183 ; 17.183 ;
; B[7]       ; Res[14]     ; 19.621 ; 19.621 ; 19.621 ; 19.621 ;
; B[7]       ; Res[15]     ; 17.865 ; 17.865 ; 17.865 ; 17.865 ;
; B[8]       ; Res[8]      ; 11.773 ; 11.773 ; 11.773 ; 11.773 ;
; B[8]       ; Res[9]      ; 12.220 ; 12.220 ; 12.220 ; 12.220 ;
; B[8]       ; Res[10]     ; 14.014 ; 14.014 ; 14.014 ; 14.014 ;
; B[8]       ; Res[11]     ; 14.196 ; 14.196 ; 14.196 ; 14.196 ;
; B[8]       ; Res[12]     ; 14.769 ; 14.769 ; 14.769 ; 14.769 ;
; B[8]       ; Res[13]     ; 15.973 ; 15.973 ; 15.973 ; 15.973 ;
; B[8]       ; Res[14]     ; 18.279 ; 18.279 ; 18.279 ; 18.279 ;
; B[8]       ; Res[15]     ; 16.523 ; 16.523 ; 16.523 ; 16.523 ;
; B[9]       ; Res[9]      ; 11.758 ; 11.758 ; 11.758 ; 11.758 ;
; B[9]       ; Res[10]     ; 13.598 ; 13.598 ; 13.598 ; 13.598 ;
; B[9]       ; Res[11]     ; 14.050 ; 14.050 ; 14.050 ; 14.050 ;
; B[9]       ; Res[12]     ; 14.399 ; 14.399 ; 14.399 ; 14.399 ;
; B[9]       ; Res[13]     ; 15.517 ; 15.517 ; 15.517 ; 15.517 ;
; B[9]       ; Res[14]     ; 18.130 ; 18.130 ; 18.130 ; 18.130 ;
; B[9]       ; Res[15]     ; 16.374 ; 16.374 ; 16.374 ; 16.374 ;
; B[10]      ; Res[10]     ; 12.279 ; 12.279 ; 12.279 ; 12.279 ;
; B[10]      ; Res[11]     ; 12.561 ; 12.561 ; 12.561 ; 12.561 ;
; B[10]      ; Res[12]     ; 13.047 ; 13.047 ; 13.047 ; 13.047 ;
; B[10]      ; Res[13]     ; 13.783 ; 13.783 ; 13.783 ; 13.783 ;
; B[10]      ; Res[14]     ; 16.345 ; 16.345 ; 16.345 ; 16.345 ;
; B[10]      ; Res[15]     ; 14.589 ; 14.589 ; 14.589 ; 14.589 ;
; B[11]      ; Res[11]     ; 11.355 ; 11.355 ; 11.355 ; 11.355 ;
; B[11]      ; Res[12]     ; 12.094 ; 12.094 ; 12.094 ; 12.094 ;
; B[11]      ; Res[13]     ; 13.170 ; 13.170 ; 13.170 ; 13.170 ;
; B[11]      ; Res[14]     ; 15.836 ; 15.836 ; 15.836 ; 15.836 ;
; B[11]      ; Res[15]     ; 14.080 ; 14.080 ; 14.080 ; 14.080 ;
; B[12]      ; Res[12]     ; 11.407 ; 11.407 ; 11.407 ; 11.407 ;
; B[12]      ; Res[13]     ; 11.977 ; 11.977 ; 11.977 ; 11.977 ;
; B[12]      ; Res[14]     ; 14.526 ; 14.526 ; 14.526 ; 14.526 ;
; B[12]      ; Res[15]     ; 12.770 ; 12.770 ; 12.770 ; 12.770 ;
; B[13]      ; Res[13]     ; 10.532 ; 10.532 ; 10.532 ; 10.532 ;
; B[13]      ; Res[14]     ; 13.742 ; 13.742 ; 13.742 ; 13.742 ;
; B[13]      ; Res[15]     ; 12.472 ; 12.472 ; 12.472 ; 12.472 ;
; B[14]      ; Res[14]     ; 12.407 ; 12.407 ; 12.407 ; 12.407 ;
; B[14]      ; Res[15]     ; 12.173 ; 12.173 ; 12.173 ; 12.173 ;
; B[15]      ; Res[15]     ; 12.048 ; 12.048 ; 12.048 ; 12.048 ;
; Op[0]      ; Res[0]      ; 6.582  ; 6.582  ; 6.582  ; 6.582  ;
; Op[0]      ; Res[1]      ; 6.513  ; 6.513  ; 6.513  ; 6.513  ;
; Op[0]      ; Res[2]      ; 7.703  ; 7.703  ; 7.703  ; 7.703  ;
; Op[0]      ; Res[3]      ; 7.843  ; 7.843  ; 7.843  ; 7.843  ;
; Op[0]      ; Res[4]      ; 7.289  ; 7.289  ; 7.289  ; 7.289  ;
; Op[0]      ; Res[5]      ; 7.618  ; 7.618  ; 7.618  ; 7.618  ;
; Op[0]      ; Res[6]      ; 6.967  ; 6.967  ; 6.967  ; 6.967  ;
; Op[0]      ; Res[7]      ; 6.956  ; 6.956  ; 6.956  ; 6.956  ;
; Op[0]      ; Res[8]      ; 7.010  ; 7.010  ; 7.010  ; 7.010  ;
; Op[0]      ; Res[9]      ; 7.424  ; 7.424  ; 7.424  ; 7.424  ;
; Op[0]      ; Res[10]     ; 7.937  ; 7.937  ; 7.937  ; 7.937  ;
; Op[0]      ; Res[11]     ; 7.718  ; 7.718  ; 7.718  ; 7.718  ;
; Op[0]      ; Res[12]     ; 7.143  ; 7.143  ; 7.143  ; 7.143  ;
; Op[0]      ; Res[13]     ; 7.542  ; 7.542  ; 7.542  ; 7.542  ;
; Op[0]      ; Res[14]     ; 9.073  ; 9.073  ; 9.073  ; 9.073  ;
; Op[0]      ; Res[15]     ; 6.763  ; 6.763  ; 6.763  ; 6.763  ;
; Op[1]      ; Res[0]      ; 11.331 ; 11.331 ; 11.331 ; 11.331 ;
; Op[1]      ; Res[1]      ; 12.035 ; 12.035 ; 12.035 ; 12.035 ;
; Op[1]      ; Res[2]      ; 12.686 ; 12.686 ; 12.686 ; 12.686 ;
; Op[1]      ; Res[3]      ; 12.617 ; 12.617 ; 12.617 ; 12.617 ;
; Op[1]      ; Res[4]      ; 12.909 ; 12.909 ; 12.909 ; 12.909 ;
; Op[1]      ; Res[5]      ; 11.449 ; 11.449 ; 11.449 ; 11.449 ;
; Op[1]      ; Res[6]      ; 12.128 ; 12.128 ; 12.128 ; 12.128 ;
; Op[1]      ; Res[7]      ; 10.821 ; 10.821 ; 10.821 ; 10.821 ;
; Op[1]      ; Res[8]      ; 11.807 ; 11.807 ; 11.807 ; 11.807 ;
; Op[1]      ; Res[9]      ; 10.955 ; 10.955 ; 10.955 ; 10.955 ;
; Op[1]      ; Res[10]     ; 11.743 ; 11.743 ; 11.743 ; 11.743 ;
; Op[1]      ; Res[11]     ; 10.678 ; 10.678 ; 10.678 ; 10.678 ;
; Op[1]      ; Res[12]     ; 11.326 ; 11.326 ; 11.326 ; 11.326 ;
; Op[1]      ; Res[13]     ; 10.490 ; 10.490 ; 10.490 ; 10.490 ;
; Op[1]      ; Res[14]     ; 12.787 ; 12.787 ; 12.787 ; 12.787 ;
; Op[1]      ; Res[15]     ; 10.932 ; 10.932 ; 10.932 ; 10.932 ;
; Op[2]      ; Res[0]      ; 10.646 ; 10.646 ; 10.646 ; 10.646 ;
; Op[2]      ; Res[1]      ; 11.022 ; 11.022 ; 11.022 ; 11.022 ;
; Op[2]      ; Res[2]      ; 10.464 ; 10.464 ; 10.464 ; 10.464 ;
; Op[2]      ; Res[3]      ; 9.642  ; 9.642  ; 9.642  ; 9.642  ;
; Op[2]      ; Res[4]      ; 10.250 ; 10.250 ; 10.250 ; 10.250 ;
; Op[2]      ; Res[5]      ; 10.251 ; 10.251 ; 10.251 ; 10.251 ;
; Op[2]      ; Res[6]      ; 9.961  ; 9.961  ; 9.961  ; 9.961  ;
; Op[2]      ; Res[7]      ; 9.816  ; 9.816  ; 9.816  ; 9.816  ;
; Op[2]      ; Res[8]      ; 10.081 ; 10.081 ; 10.081 ; 10.081 ;
; Op[2]      ; Res[9]      ; 10.286 ; 10.286 ; 10.286 ; 10.286 ;
; Op[2]      ; Res[10]     ; 9.912  ; 9.912  ; 9.912  ; 9.912  ;
; Op[2]      ; Res[11]     ; 9.925  ; 9.925  ; 9.925  ; 9.925  ;
; Op[2]      ; Res[12]     ; 9.553  ; 9.553  ; 9.553  ; 9.553  ;
; Op[2]      ; Res[13]     ; 9.751  ; 9.751  ; 9.751  ; 9.751  ;
; Op[2]      ; Res[14]     ; 9.640  ; 9.640  ; 9.640  ; 9.640  ;
; Op[2]      ; Res[15]     ; 9.711  ; 9.711  ; 9.711  ; 9.711  ;
; Sab        ; Res[0]      ; 11.139 ; 11.139 ; 11.139 ; 11.139 ;
; Sab        ; Res[1]      ; 12.308 ; 12.308 ; 12.308 ; 12.308 ;
; Sab        ; Res[2]      ; 13.079 ; 13.079 ; 13.079 ; 13.079 ;
; Sab        ; Res[3]      ; 14.602 ; 14.602 ; 14.602 ; 14.602 ;
; Sab        ; Res[4]      ; 14.235 ; 14.235 ; 14.235 ; 14.235 ;
; Sab        ; Res[5]      ; 15.521 ; 15.521 ; 15.521 ; 15.521 ;
; Sab        ; Res[6]      ; 16.084 ; 16.084 ; 16.084 ; 16.084 ;
; Sab        ; Res[7]      ; 17.249 ; 17.249 ; 17.249 ; 17.249 ;
; Sab        ; Res[8]      ; 18.504 ; 18.504 ; 18.504 ; 18.504 ;
; Sab        ; Res[9]      ; 19.066 ; 19.066 ; 19.066 ; 19.066 ;
; Sab        ; Res[10]     ; 20.921 ; 20.921 ; 20.921 ; 20.921 ;
; Sab        ; Res[11]     ; 21.506 ; 21.506 ; 21.506 ; 21.506 ;
; Sab        ; Res[12]     ; 21.824 ; 21.824 ; 21.824 ; 21.824 ;
; Sab        ; Res[13]     ; 22.880 ; 22.880 ; 22.880 ; 22.880 ;
; Sab        ; Res[14]     ; 24.015 ; 24.015 ; 24.015 ; 24.015 ;
; Sab        ; Res[15]     ; 23.335 ; 23.335 ; 23.335 ; 23.335 ;
+------------+-------------+--------+--------+--------+--------+


+--------------------------------------------------------------+
; Minimum Progagation Delay                                    ;
+------------+-------------+--------+--------+--------+--------+
; Input Port ; Output Port ; RR     ; RF     ; FR     ; FF     ;
+------------+-------------+--------+--------+--------+--------+
; A[0]       ; Res[0]      ; 6.071  ; 6.071  ; 6.071  ; 6.071  ;
; A[0]       ; Res[1]      ; 6.369  ; 6.369  ; 6.369  ; 6.369  ;
; A[0]       ; Res[2]      ; 6.627  ; 6.627  ; 6.627  ; 6.627  ;
; A[0]       ; Res[3]      ; 7.079  ; 7.079  ; 7.079  ; 7.079  ;
; A[0]       ; Res[4]      ; 7.341  ; 7.341  ; 7.341  ; 7.341  ;
; A[0]       ; Res[5]      ; 7.541  ; 7.541  ; 7.541  ; 7.541  ;
; A[0]       ; Res[6]      ; 7.418  ; 7.418  ; 7.418  ; 7.418  ;
; A[0]       ; Res[7]      ; 8.052  ; 8.052  ; 8.052  ; 8.052  ;
; A[0]       ; Res[8]      ; 8.531  ; 8.531  ; 8.531  ; 8.531  ;
; A[0]       ; Res[9]      ; 9.053  ; 9.053  ; 9.053  ; 9.053  ;
; A[0]       ; Res[10]     ; 9.642  ; 9.642  ; 9.642  ; 9.642  ;
; A[0]       ; Res[11]     ; 9.638  ; 9.638  ; 9.638  ; 9.638  ;
; A[0]       ; Res[12]     ; 9.884  ; 9.884  ; 9.884  ; 9.884  ;
; A[0]       ; Res[13]     ; 10.473 ; 10.473 ; 10.473 ; 10.473 ;
; A[0]       ; Res[14]     ; 11.265 ; 11.265 ; 11.265 ; 11.265 ;
; A[0]       ; Res[15]     ; 10.790 ; 10.790 ; 10.790 ; 10.790 ;
; A[1]       ; Res[1]      ; 6.182  ; 6.182  ; 6.182  ; 6.182  ;
; A[1]       ; Res[2]      ; 6.514  ; 6.514  ; 6.514  ; 6.514  ;
; A[1]       ; Res[3]      ; 7.017  ; 7.017  ; 7.017  ; 7.017  ;
; A[1]       ; Res[4]      ; 7.276  ; 7.276  ; 7.276  ; 7.276  ;
; A[1]       ; Res[5]      ; 7.479  ; 7.479  ; 7.479  ; 7.479  ;
; A[1]       ; Res[6]      ; 7.353  ; 7.353  ; 7.353  ; 7.353  ;
; A[1]       ; Res[7]      ; 7.987  ; 7.987  ; 7.987  ; 7.987  ;
; A[1]       ; Res[8]      ; 8.466  ; 8.466  ; 8.466  ; 8.466  ;
; A[1]       ; Res[9]      ; 8.988  ; 8.988  ; 8.988  ; 8.988  ;
; A[1]       ; Res[10]     ; 9.577  ; 9.577  ; 9.577  ; 9.577  ;
; A[1]       ; Res[11]     ; 9.573  ; 9.573  ; 9.573  ; 9.573  ;
; A[1]       ; Res[12]     ; 9.819  ; 9.819  ; 9.819  ; 9.819  ;
; A[1]       ; Res[13]     ; 10.408 ; 10.408 ; 10.408 ; 10.408 ;
; A[1]       ; Res[14]     ; 11.200 ; 11.200 ; 11.200 ; 11.200 ;
; A[1]       ; Res[15]     ; 10.725 ; 10.725 ; 10.725 ; 10.725 ;
; A[2]       ; Res[2]      ; 5.721  ; 5.721  ; 5.721  ; 5.721  ;
; A[2]       ; Res[3]      ; 6.287  ; 6.287  ; 6.287  ; 6.287  ;
; A[2]       ; Res[4]      ; 6.710  ; 6.710  ; 6.710  ; 6.710  ;
; A[2]       ; Res[5]      ; 7.030  ; 7.030  ; 7.030  ; 7.030  ;
; A[2]       ; Res[6]      ; 6.896  ; 6.896  ; 6.896  ; 6.896  ;
; A[2]       ; Res[7]      ; 7.530  ; 7.530  ; 7.530  ; 7.530  ;
; A[2]       ; Res[8]      ; 8.009  ; 8.009  ; 8.009  ; 8.009  ;
; A[2]       ; Res[9]      ; 8.531  ; 8.531  ; 8.531  ; 8.531  ;
; A[2]       ; Res[10]     ; 9.120  ; 9.120  ; 9.120  ; 9.120  ;
; A[2]       ; Res[11]     ; 9.116  ; 9.116  ; 9.116  ; 9.116  ;
; A[2]       ; Res[12]     ; 9.362  ; 9.362  ; 9.362  ; 9.362  ;
; A[2]       ; Res[13]     ; 9.951  ; 9.951  ; 9.951  ; 9.951  ;
; A[2]       ; Res[14]     ; 10.743 ; 10.743 ; 10.743 ; 10.743 ;
; A[2]       ; Res[15]     ; 10.268 ; 10.268 ; 10.268 ; 10.268 ;
; A[3]       ; Res[3]      ; 6.169  ; 6.169  ; 6.169  ; 6.169  ;
; A[3]       ; Res[4]      ; 6.419  ; 6.419  ; 6.419  ; 6.419  ;
; A[3]       ; Res[5]      ; 6.812  ; 6.812  ; 6.812  ; 6.812  ;
; A[3]       ; Res[6]      ; 6.593  ; 6.593  ; 6.593  ; 6.593  ;
; A[3]       ; Res[7]      ; 7.218  ; 7.218  ; 7.218  ; 7.218  ;
; A[3]       ; Res[8]      ; 7.696  ; 7.696  ; 7.696  ; 7.696  ;
; A[3]       ; Res[9]      ; 8.218  ; 8.218  ; 8.218  ; 8.218  ;
; A[3]       ; Res[10]     ; 8.807  ; 8.807  ; 8.807  ; 8.807  ;
; A[3]       ; Res[11]     ; 8.803  ; 8.803  ; 8.803  ; 8.803  ;
; A[3]       ; Res[12]     ; 9.049  ; 9.049  ; 9.049  ; 9.049  ;
; A[3]       ; Res[13]     ; 9.638  ; 9.638  ; 9.638  ; 9.638  ;
; A[3]       ; Res[14]     ; 10.430 ; 10.430 ; 10.430 ; 10.430 ;
; A[3]       ; Res[15]     ; 9.955  ; 9.955  ; 9.955  ; 9.955  ;
; A[4]       ; Res[4]      ; 5.886  ; 5.886  ; 5.886  ; 5.886  ;
; A[4]       ; Res[5]      ; 6.306  ; 6.306  ; 6.306  ; 6.306  ;
; A[4]       ; Res[6]      ; 6.352  ; 6.352  ; 6.352  ; 6.352  ;
; A[4]       ; Res[7]      ; 6.727  ; 6.727  ; 6.727  ; 6.727  ;
; A[4]       ; Res[8]      ; 7.205  ; 7.205  ; 7.205  ; 7.205  ;
; A[4]       ; Res[9]      ; 7.727  ; 7.727  ; 7.727  ; 7.727  ;
; A[4]       ; Res[10]     ; 8.316  ; 8.316  ; 8.316  ; 8.316  ;
; A[4]       ; Res[11]     ; 8.312  ; 8.312  ; 8.312  ; 8.312  ;
; A[4]       ; Res[12]     ; 8.558  ; 8.558  ; 8.558  ; 8.558  ;
; A[4]       ; Res[13]     ; 9.147  ; 9.147  ; 9.147  ; 9.147  ;
; A[4]       ; Res[14]     ; 9.939  ; 9.939  ; 9.939  ; 9.939  ;
; A[4]       ; Res[15]     ; 9.464  ; 9.464  ; 9.464  ; 9.464  ;
; A[5]       ; Res[5]      ; 5.739  ; 5.739  ; 5.739  ; 5.739  ;
; A[5]       ; Res[6]      ; 5.877  ; 5.877  ; 5.877  ; 5.877  ;
; A[5]       ; Res[7]      ; 6.305  ; 6.305  ; 6.305  ; 6.305  ;
; A[5]       ; Res[8]      ; 6.783  ; 6.783  ; 6.783  ; 6.783  ;
; A[5]       ; Res[9]      ; 7.305  ; 7.305  ; 7.305  ; 7.305  ;
; A[5]       ; Res[10]     ; 7.894  ; 7.894  ; 7.894  ; 7.894  ;
; A[5]       ; Res[11]     ; 7.890  ; 7.890  ; 7.890  ; 7.890  ;
; A[5]       ; Res[12]     ; 8.136  ; 8.136  ; 8.136  ; 8.136  ;
; A[5]       ; Res[13]     ; 8.725  ; 8.725  ; 8.725  ; 8.725  ;
; A[5]       ; Res[14]     ; 9.517  ; 9.517  ; 9.517  ; 9.517  ;
; A[5]       ; Res[15]     ; 9.042  ; 9.042  ; 9.042  ; 9.042  ;
; A[6]       ; Res[6]      ; 5.716  ; 5.716  ; 5.716  ; 5.716  ;
; A[6]       ; Res[7]      ; 6.186  ; 6.186  ; 6.186  ; 6.186  ;
; A[6]       ; Res[8]      ; 6.665  ; 6.665  ; 6.665  ; 6.665  ;
; A[6]       ; Res[9]      ; 7.187  ; 7.187  ; 7.187  ; 7.187  ;
; A[6]       ; Res[10]     ; 7.776  ; 7.776  ; 7.776  ; 7.776  ;
; A[6]       ; Res[11]     ; 7.772  ; 7.772  ; 7.772  ; 7.772  ;
; A[6]       ; Res[12]     ; 8.018  ; 8.018  ; 8.018  ; 8.018  ;
; A[6]       ; Res[13]     ; 8.600  ; 8.600  ; 8.600  ; 8.600  ;
; A[6]       ; Res[14]     ; 9.290  ; 9.290  ; 9.290  ; 9.290  ;
; A[6]       ; Res[15]     ; 8.889  ; 8.889  ; 8.889  ; 8.889  ;
; A[7]       ; Res[7]      ; 5.843  ; 5.843  ; 5.843  ; 5.843  ;
; A[7]       ; Res[8]      ; 6.503  ; 6.503  ; 6.503  ; 6.503  ;
; A[7]       ; Res[9]      ; 6.874  ; 6.874  ; 6.874  ; 6.874  ;
; A[7]       ; Res[10]     ; 7.558  ; 7.558  ; 7.558  ; 7.558  ;
; A[7]       ; Res[11]     ; 7.661  ; 7.661  ; 7.661  ; 7.661  ;
; A[7]       ; Res[12]     ; 7.907  ; 7.907  ; 7.907  ; 7.907  ;
; A[7]       ; Res[13]     ; 8.375  ; 8.375  ; 8.375  ; 8.375  ;
; A[7]       ; Res[14]     ; 8.907  ; 8.907  ; 8.907  ; 8.907  ;
; A[7]       ; Res[15]     ; 8.512  ; 8.512  ; 8.512  ; 8.512  ;
; A[8]       ; Res[8]      ; 6.038  ; 6.038  ; 6.038  ; 6.038  ;
; A[8]       ; Res[9]      ; 6.656  ; 6.656  ; 6.656  ; 6.656  ;
; A[8]       ; Res[10]     ; 7.340  ; 7.340  ; 7.340  ; 7.340  ;
; A[8]       ; Res[11]     ; 7.412  ; 7.412  ; 7.412  ; 7.412  ;
; A[8]       ; Res[12]     ; 7.658  ; 7.658  ; 7.658  ; 7.658  ;
; A[8]       ; Res[13]     ; 8.137  ; 8.137  ; 8.137  ; 8.137  ;
; A[8]       ; Res[14]     ; 8.689  ; 8.689  ; 8.689  ; 8.689  ;
; A[8]       ; Res[15]     ; 8.294  ; 8.294  ; 8.294  ; 8.294  ;
; A[9]       ; Res[9]      ; 6.071  ; 6.071  ; 6.071  ; 6.071  ;
; A[9]       ; Res[10]     ; 6.977  ; 6.977  ; 6.977  ; 6.977  ;
; A[9]       ; Res[11]     ; 7.052  ; 7.052  ; 7.052  ; 7.052  ;
; A[9]       ; Res[12]     ; 7.298  ; 7.298  ; 7.298  ; 7.298  ;
; A[9]       ; Res[13]     ; 7.790  ; 7.790  ; 7.790  ; 7.790  ;
; A[9]       ; Res[14]     ; 8.326  ; 8.326  ; 8.326  ; 8.326  ;
; A[9]       ; Res[15]     ; 7.931  ; 7.931  ; 7.931  ; 7.931  ;
; A[10]      ; Res[10]     ; 5.818  ; 5.818  ; 5.818  ; 5.818  ;
; A[10]      ; Res[11]     ; 6.197  ; 6.197  ; 6.197  ; 6.197  ;
; A[10]      ; Res[12]     ; 6.481  ; 6.481  ; 6.481  ; 6.481  ;
; A[10]      ; Res[13]     ; 7.010  ; 7.010  ; 7.010  ; 7.010  ;
; A[10]      ; Res[14]     ; 7.517  ; 7.517  ; 7.517  ; 7.517  ;
; A[10]      ; Res[15]     ; 7.122  ; 7.122  ; 7.122  ; 7.122  ;
; A[11]      ; Res[11]     ; 5.976  ; 5.976  ; 5.976  ; 5.976  ;
; A[11]      ; Res[12]     ; 6.234  ; 6.234  ; 6.234  ; 6.234  ;
; A[11]      ; Res[13]     ; 6.647  ; 6.647  ; 6.647  ; 6.647  ;
; A[11]      ; Res[14]     ; 7.154  ; 7.154  ; 7.154  ; 7.154  ;
; A[11]      ; Res[15]     ; 6.759  ; 6.759  ; 6.759  ; 6.759  ;
; A[12]      ; Res[12]     ; 5.718  ; 5.718  ; 5.718  ; 5.718  ;
; A[12]      ; Res[13]     ; 6.227  ; 6.227  ; 6.227  ; 6.227  ;
; A[12]      ; Res[14]     ; 6.734  ; 6.734  ; 6.734  ; 6.734  ;
; A[12]      ; Res[15]     ; 6.339  ; 6.339  ; 6.339  ; 6.339  ;
; A[13]      ; Res[13]     ; 5.663  ; 5.663  ; 5.663  ; 5.663  ;
; A[13]      ; Res[14]     ; 6.621  ; 6.621  ; 6.621  ; 6.621  ;
; A[13]      ; Res[15]     ; 6.204  ; 6.204  ; 6.204  ; 6.204  ;
; A[14]      ; Res[14]     ; 6.054  ; 6.054  ; 6.054  ; 6.054  ;
; A[14]      ; Res[15]     ; 5.960  ; 5.960  ; 5.960  ; 5.960  ;
; A[15]      ; Res[15]     ; 3.128  ; 3.128  ; 3.128  ; 3.128  ;
; B[0]       ; Res[0]      ; 6.177  ; 6.177  ; 6.177  ; 6.177  ;
; B[0]       ; Res[1]      ; 6.551  ; 6.551  ; 6.551  ; 6.551  ;
; B[0]       ; Res[2]      ; 6.828  ; 6.828  ; 6.828  ; 6.828  ;
; B[0]       ; Res[3]      ; 7.260  ; 7.260  ; 7.260  ; 7.260  ;
; B[0]       ; Res[4]      ; 7.517  ; 7.517  ; 7.517  ; 7.517  ;
; B[0]       ; Res[5]      ; 7.722  ; 7.722  ; 7.722  ; 7.722  ;
; B[0]       ; Res[6]      ; 7.594  ; 7.594  ; 7.594  ; 7.594  ;
; B[0]       ; Res[7]      ; 8.228  ; 8.228  ; 8.228  ; 8.228  ;
; B[0]       ; Res[8]      ; 8.707  ; 8.707  ; 8.707  ; 8.707  ;
; B[0]       ; Res[9]      ; 9.229  ; 9.229  ; 9.229  ; 9.229  ;
; B[0]       ; Res[10]     ; 9.818  ; 9.818  ; 9.818  ; 9.818  ;
; B[0]       ; Res[11]     ; 9.814  ; 9.814  ; 9.814  ; 9.814  ;
; B[0]       ; Res[12]     ; 10.060 ; 10.060 ; 10.060 ; 10.060 ;
; B[0]       ; Res[13]     ; 10.649 ; 10.649 ; 10.649 ; 10.649 ;
; B[0]       ; Res[14]     ; 11.441 ; 11.441 ; 11.441 ; 11.441 ;
; B[0]       ; Res[15]     ; 10.966 ; 10.966 ; 10.966 ; 10.966 ;
; B[1]       ; Res[1]      ; 6.192  ; 6.192  ; 6.192  ; 6.192  ;
; B[1]       ; Res[2]      ; 6.428  ; 6.428  ; 6.428  ; 6.428  ;
; B[1]       ; Res[3]      ; 7.046  ; 7.046  ; 7.046  ; 7.046  ;
; B[1]       ; Res[4]      ; 7.190  ; 7.190  ; 7.190  ; 7.190  ;
; B[1]       ; Res[5]      ; 7.508  ; 7.508  ; 7.508  ; 7.508  ;
; B[1]       ; Res[6]      ; 7.384  ; 7.384  ; 7.384  ; 7.384  ;
; B[1]       ; Res[7]      ; 8.018  ; 8.018  ; 8.018  ; 8.018  ;
; B[1]       ; Res[8]      ; 8.497  ; 8.497  ; 8.497  ; 8.497  ;
; B[1]       ; Res[9]      ; 9.019  ; 9.019  ; 9.019  ; 9.019  ;
; B[1]       ; Res[10]     ; 9.608  ; 9.608  ; 9.608  ; 9.608  ;
; B[1]       ; Res[11]     ; 9.604  ; 9.604  ; 9.604  ; 9.604  ;
; B[1]       ; Res[12]     ; 9.850  ; 9.850  ; 9.850  ; 9.850  ;
; B[1]       ; Res[13]     ; 10.439 ; 10.439 ; 10.439 ; 10.439 ;
; B[1]       ; Res[14]     ; 11.231 ; 11.231 ; 11.231 ; 11.231 ;
; B[1]       ; Res[15]     ; 10.756 ; 10.756 ; 10.756 ; 10.756 ;
; B[2]       ; Res[2]      ; 5.779  ; 5.779  ; 5.779  ; 5.779  ;
; B[2]       ; Res[3]      ; 6.424  ; 6.424  ; 6.424  ; 6.424  ;
; B[2]       ; Res[4]      ; 6.773  ; 6.773  ; 6.773  ; 6.773  ;
; B[2]       ; Res[5]      ; 7.087  ; 7.087  ; 7.087  ; 7.087  ;
; B[2]       ; Res[6]      ; 6.962  ; 6.962  ; 6.962  ; 6.962  ;
; B[2]       ; Res[7]      ; 7.596  ; 7.596  ; 7.596  ; 7.596  ;
; B[2]       ; Res[8]      ; 8.075  ; 8.075  ; 8.075  ; 8.075  ;
; B[2]       ; Res[9]      ; 8.597  ; 8.597  ; 8.597  ; 8.597  ;
; B[2]       ; Res[10]     ; 9.186  ; 9.186  ; 9.186  ; 9.186  ;
; B[2]       ; Res[11]     ; 9.182  ; 9.182  ; 9.182  ; 9.182  ;
; B[2]       ; Res[12]     ; 9.428  ; 9.428  ; 9.428  ; 9.428  ;
; B[2]       ; Res[13]     ; 10.017 ; 10.017 ; 10.017 ; 10.017 ;
; B[2]       ; Res[14]     ; 10.809 ; 10.809 ; 10.809 ; 10.809 ;
; B[2]       ; Res[15]     ; 10.334 ; 10.334 ; 10.334 ; 10.334 ;
; B[3]       ; Res[3]      ; 6.192  ; 6.192  ; 6.192  ; 6.192  ;
; B[3]       ; Res[4]      ; 6.518  ; 6.518  ; 6.518  ; 6.518  ;
; B[3]       ; Res[5]      ; 6.832  ; 6.832  ; 6.832  ; 6.832  ;
; B[3]       ; Res[6]      ; 6.613  ; 6.613  ; 6.613  ; 6.613  ;
; B[3]       ; Res[7]      ; 7.247  ; 7.247  ; 7.247  ; 7.247  ;
; B[3]       ; Res[8]      ; 7.726  ; 7.726  ; 7.726  ; 7.726  ;
; B[3]       ; Res[9]      ; 8.248  ; 8.248  ; 8.248  ; 8.248  ;
; B[3]       ; Res[10]     ; 8.837  ; 8.837  ; 8.837  ; 8.837  ;
; B[3]       ; Res[11]     ; 8.833  ; 8.833  ; 8.833  ; 8.833  ;
; B[3]       ; Res[12]     ; 9.079  ; 9.079  ; 9.079  ; 9.079  ;
; B[3]       ; Res[13]     ; 9.668  ; 9.668  ; 9.668  ; 9.668  ;
; B[3]       ; Res[14]     ; 10.460 ; 10.460 ; 10.460 ; 10.460 ;
; B[3]       ; Res[15]     ; 9.985  ; 9.985  ; 9.985  ; 9.985  ;
; B[4]       ; Res[4]      ; 5.871  ; 5.871  ; 5.871  ; 5.871  ;
; B[4]       ; Res[5]      ; 6.449  ; 6.449  ; 6.449  ; 6.449  ;
; B[4]       ; Res[6]      ; 6.447  ; 6.447  ; 6.447  ; 6.447  ;
; B[4]       ; Res[7]      ; 6.789  ; 6.789  ; 6.789  ; 6.789  ;
; B[4]       ; Res[8]      ; 7.267  ; 7.267  ; 7.267  ; 7.267  ;
; B[4]       ; Res[9]      ; 7.789  ; 7.789  ; 7.789  ; 7.789  ;
; B[4]       ; Res[10]     ; 8.378  ; 8.378  ; 8.378  ; 8.378  ;
; B[4]       ; Res[11]     ; 8.374  ; 8.374  ; 8.374  ; 8.374  ;
; B[4]       ; Res[12]     ; 8.620  ; 8.620  ; 8.620  ; 8.620  ;
; B[4]       ; Res[13]     ; 9.209  ; 9.209  ; 9.209  ; 9.209  ;
; B[4]       ; Res[14]     ; 10.001 ; 10.001 ; 10.001 ; 10.001 ;
; B[4]       ; Res[15]     ; 9.526  ; 9.526  ; 9.526  ; 9.526  ;
; B[5]       ; Res[5]      ; 6.054  ; 6.054  ; 6.054  ; 6.054  ;
; B[5]       ; Res[6]      ; 6.222  ; 6.222  ; 6.222  ; 6.222  ;
; B[5]       ; Res[7]      ; 6.748  ; 6.748  ; 6.748  ; 6.748  ;
; B[5]       ; Res[8]      ; 7.226  ; 7.226  ; 7.226  ; 7.226  ;
; B[5]       ; Res[9]      ; 7.748  ; 7.748  ; 7.748  ; 7.748  ;
; B[5]       ; Res[10]     ; 8.337  ; 8.337  ; 8.337  ; 8.337  ;
; B[5]       ; Res[11]     ; 8.333  ; 8.333  ; 8.333  ; 8.333  ;
; B[5]       ; Res[12]     ; 8.579  ; 8.579  ; 8.579  ; 8.579  ;
; B[5]       ; Res[13]     ; 9.168  ; 9.168  ; 9.168  ; 9.168  ;
; B[5]       ; Res[14]     ; 9.960  ; 9.960  ; 9.960  ; 9.960  ;
; B[5]       ; Res[15]     ; 9.485  ; 9.485  ; 9.485  ; 9.485  ;
; B[6]       ; Res[6]      ; 5.637  ; 5.637  ; 5.637  ; 5.637  ;
; B[6]       ; Res[7]      ; 6.269  ; 6.269  ; 6.269  ; 6.269  ;
; B[6]       ; Res[8]      ; 6.748  ; 6.748  ; 6.748  ; 6.748  ;
; B[6]       ; Res[9]      ; 7.180  ; 7.180  ; 7.180  ; 7.180  ;
; B[6]       ; Res[10]     ; 7.859  ; 7.859  ; 7.859  ; 7.859  ;
; B[6]       ; Res[11]     ; 7.855  ; 7.855  ; 7.855  ; 7.855  ;
; B[6]       ; Res[12]     ; 8.101  ; 8.101  ; 8.101  ; 8.101  ;
; B[6]       ; Res[13]     ; 8.681  ; 8.681  ; 8.681  ; 8.681  ;
; B[6]       ; Res[14]     ; 9.213  ; 9.213  ; 9.213  ; 9.213  ;
; B[6]       ; Res[15]     ; 8.818  ; 8.818  ; 8.818  ; 8.818  ;
; B[7]       ; Res[7]      ; 5.757  ; 5.757  ; 5.757  ; 5.757  ;
; B[7]       ; Res[8]      ; 6.420  ; 6.420  ; 6.420  ; 6.420  ;
; B[7]       ; Res[9]      ; 6.787  ; 6.787  ; 6.787  ; 6.787  ;
; B[7]       ; Res[10]     ; 7.471  ; 7.471  ; 7.471  ; 7.471  ;
; B[7]       ; Res[11]     ; 7.576  ; 7.576  ; 7.576  ; 7.576  ;
; B[7]       ; Res[12]     ; 7.822  ; 7.822  ; 7.822  ; 7.822  ;
; B[7]       ; Res[13]     ; 8.289  ; 8.289  ; 8.289  ; 8.289  ;
; B[7]       ; Res[14]     ; 8.820  ; 8.820  ; 8.820  ; 8.820  ;
; B[7]       ; Res[15]     ; 8.425  ; 8.425  ; 8.425  ; 8.425  ;
; B[8]       ; Res[8]      ; 5.803  ; 5.803  ; 5.803  ; 5.803  ;
; B[8]       ; Res[9]      ; 6.277  ; 6.277  ; 6.277  ; 6.277  ;
; B[8]       ; Res[10]     ; 6.961  ; 6.961  ; 6.961  ; 6.961  ;
; B[8]       ; Res[11]     ; 7.060  ; 7.060  ; 7.060  ; 7.060  ;
; B[8]       ; Res[12]     ; 7.306  ; 7.306  ; 7.306  ; 7.306  ;
; B[8]       ; Res[13]     ; 7.759  ; 7.759  ; 7.759  ; 7.759  ;
; B[8]       ; Res[14]     ; 8.310  ; 8.310  ; 8.310  ; 8.310  ;
; B[8]       ; Res[15]     ; 7.915  ; 7.915  ; 7.915  ; 7.915  ;
; B[9]       ; Res[9]      ; 6.025  ; 6.025  ; 6.025  ; 6.025  ;
; B[9]       ; Res[10]     ; 6.931  ; 6.931  ; 6.931  ; 6.931  ;
; B[9]       ; Res[11]     ; 7.004  ; 7.004  ; 7.004  ; 7.004  ;
; B[9]       ; Res[12]     ; 7.250  ; 7.250  ; 7.250  ; 7.250  ;
; B[9]       ; Res[13]     ; 7.745  ; 7.745  ; 7.745  ; 7.745  ;
; B[9]       ; Res[14]     ; 8.280  ; 8.280  ; 8.280  ; 8.280  ;
; B[9]       ; Res[15]     ; 7.885  ; 7.885  ; 7.885  ; 7.885  ;
; B[10]      ; Res[10]     ; 5.832  ; 5.832  ; 5.832  ; 5.832  ;
; B[10]      ; Res[11]     ; 6.274  ; 6.274  ; 6.274  ; 6.274  ;
; B[10]      ; Res[12]     ; 6.522  ; 6.522  ; 6.522  ; 6.522  ;
; B[10]      ; Res[13]     ; 7.094  ; 7.094  ; 7.094  ; 7.094  ;
; B[10]      ; Res[14]     ; 7.601  ; 7.601  ; 7.601  ; 7.601  ;
; B[10]      ; Res[15]     ; 7.206  ; 7.206  ; 7.206  ; 7.206  ;
; B[11]      ; Res[11]     ; 5.926  ; 5.926  ; 5.926  ; 5.926  ;
; B[11]      ; Res[12]     ; 6.268  ; 6.268  ; 6.268  ; 6.268  ;
; B[11]      ; Res[13]     ; 6.666  ; 6.666  ; 6.666  ; 6.666  ;
; B[11]      ; Res[14]     ; 7.173  ; 7.173  ; 7.173  ; 7.173  ;
; B[11]      ; Res[15]     ; 6.778  ; 6.778  ; 6.778  ; 6.778  ;
; B[12]      ; Res[12]     ; 5.776  ; 5.776  ; 5.776  ; 5.776  ;
; B[12]      ; Res[13]     ; 6.233  ; 6.233  ; 6.233  ; 6.233  ;
; B[12]      ; Res[14]     ; 6.740  ; 6.740  ; 6.740  ; 6.740  ;
; B[12]      ; Res[15]     ; 6.345  ; 6.345  ; 6.345  ; 6.345  ;
; B[13]      ; Res[13]     ; 5.702  ; 5.702  ; 5.702  ; 5.702  ;
; B[13]      ; Res[14]     ; 6.664  ; 6.664  ; 6.664  ; 6.664  ;
; B[13]      ; Res[15]     ; 6.254  ; 6.254  ; 6.254  ; 6.254  ;
; B[14]      ; Res[14]     ; 6.081  ; 6.081  ; 6.081  ; 6.081  ;
; B[14]      ; Res[15]     ; 5.992  ; 5.992  ; 5.992  ; 5.992  ;
; B[15]      ; Res[15]     ; 5.387  ; 5.387  ; 5.387  ; 5.387  ;
; Op[0]      ; Res[0]      ; 3.222  ; 3.222  ; 3.222  ; 3.222  ;
; Op[0]      ; Res[1]      ; 3.222  ; 3.222  ; 3.222  ; 3.222  ;
; Op[0]      ; Res[2]      ; 3.253  ; 3.253  ; 3.253  ; 3.253  ;
; Op[0]      ; Res[3]      ; 3.648  ; 3.648  ; 3.648  ; 3.648  ;
; Op[0]      ; Res[4]      ; 3.332  ; 3.332  ; 3.332  ; 3.332  ;
; Op[0]      ; Res[5]      ; 3.417  ; 3.417  ; 3.417  ; 3.417  ;
; Op[0]      ; Res[6]      ; 3.332  ; 3.332  ; 3.332  ; 3.332  ;
; Op[0]      ; Res[7]      ; 3.136  ; 3.136  ; 3.136  ; 3.136  ;
; Op[0]      ; Res[8]      ; 3.161  ; 3.161  ; 3.161  ; 3.161  ;
; Op[0]      ; Res[9]      ; 3.416  ; 3.416  ; 3.416  ; 3.416  ;
; Op[0]      ; Res[10]     ; 3.506  ; 3.506  ; 3.506  ; 3.506  ;
; Op[0]      ; Res[11]     ; 3.555  ; 3.555  ; 3.555  ; 3.555  ;
; Op[0]      ; Res[12]     ; 3.187  ; 3.187  ; 3.187  ; 3.187  ;
; Op[0]      ; Res[13]     ; 3.486  ; 3.486  ; 3.486  ; 3.486  ;
; Op[0]      ; Res[14]     ; 3.568  ; 3.568  ; 3.568  ; 3.568  ;
; Op[0]      ; Res[15]     ; 3.102  ; 3.102  ; 3.102  ; 3.102  ;
; Op[1]      ; Res[0]      ; 6.137  ; 6.137  ; 6.137  ; 6.137  ;
; Op[1]      ; Res[1]      ; 6.138  ; 6.138  ; 6.138  ; 6.138  ;
; Op[1]      ; Res[2]      ; 5.963  ; 5.963  ; 5.963  ; 5.963  ;
; Op[1]      ; Res[3]      ; 6.419  ; 6.419  ; 6.419  ; 6.419  ;
; Op[1]      ; Res[4]      ; 6.212  ; 6.212  ; 6.212  ; 6.212  ;
; Op[1]      ; Res[5]      ; 6.146  ; 6.146  ; 6.146  ; 6.146  ;
; Op[1]      ; Res[6]      ; 6.215  ; 6.215  ; 6.215  ; 6.215  ;
; Op[1]      ; Res[7]      ; 5.701  ; 5.701  ; 5.701  ; 5.701  ;
; Op[1]      ; Res[8]      ; 5.978  ; 5.978  ; 5.978  ; 5.978  ;
; Op[1]      ; Res[9]      ; 5.968  ; 5.968  ; 5.968  ; 5.968  ;
; Op[1]      ; Res[10]     ; 5.666  ; 5.666  ; 5.666  ; 5.666  ;
; Op[1]      ; Res[11]     ; 5.682  ; 5.682  ; 5.682  ; 5.682  ;
; Op[1]      ; Res[12]     ; 5.629  ; 5.629  ; 5.629  ; 5.629  ;
; Op[1]      ; Res[13]     ; 5.622  ; 5.622  ; 5.622  ; 5.622  ;
; Op[1]      ; Res[14]     ; 6.080  ; 6.080  ; 6.080  ; 6.080  ;
; Op[1]      ; Res[15]     ; 5.561  ; 5.561  ; 5.561  ; 5.561  ;
; Op[2]      ; Res[0]      ; 5.868  ; 5.868  ; 5.868  ; 5.868  ;
; Op[2]      ; Res[1]      ; 6.026  ; 6.026  ; 6.026  ; 6.026  ;
; Op[2]      ; Res[2]      ; 5.761  ; 5.761  ; 5.761  ; 5.761  ;
; Op[2]      ; Res[3]      ; 5.364  ; 5.364  ; 5.364  ; 5.364  ;
; Op[2]      ; Res[4]      ; 5.668  ; 5.668  ; 5.668  ; 5.668  ;
; Op[2]      ; Res[5]      ; 5.668  ; 5.668  ; 5.668  ; 5.668  ;
; Op[2]      ; Res[6]      ; 5.509  ; 5.509  ; 5.509  ; 5.509  ;
; Op[2]      ; Res[7]      ; 5.486  ; 5.486  ; 5.486  ; 5.486  ;
; Op[2]      ; Res[8]      ; 5.628  ; 5.628  ; 5.628  ; 5.628  ;
; Op[2]      ; Res[9]      ; 5.705  ; 5.705  ; 5.705  ; 5.705  ;
; Op[2]      ; Res[10]     ; 5.505  ; 5.505  ; 5.505  ; 5.505  ;
; Op[2]      ; Res[11]     ; 5.470  ; 5.470  ; 5.470  ; 5.470  ;
; Op[2]      ; Res[12]     ; 5.328  ; 5.328  ; 5.328  ; 5.328  ;
; Op[2]      ; Res[13]     ; 5.413  ; 5.413  ; 5.413  ; 5.413  ;
; Op[2]      ; Res[14]     ; 5.363  ; 5.363  ; 5.363  ; 5.363  ;
; Op[2]      ; Res[15]     ; 5.383  ; 5.383  ; 5.383  ; 5.383  ;
; Sab        ; Res[0]      ; 6.081  ; 6.081  ; 6.081  ; 6.081  ;
; Sab        ; Res[1]      ; 6.510  ; 6.510  ; 6.510  ; 6.510  ;
; Sab        ; Res[2]      ; 6.411  ; 6.411  ; 6.411  ; 6.411  ;
; Sab        ; Res[3]      ; 6.823  ; 6.823  ; 6.823  ; 6.823  ;
; Sab        ; Res[4]      ; 6.349  ; 6.349  ; 6.349  ; 6.349  ;
; Sab        ; Res[5]      ; 6.619  ; 6.619  ; 6.619  ; 6.619  ;
; Sab        ; Res[6]      ; 6.369  ; 6.369  ; 6.369  ; 6.369  ;
; Sab        ; Res[7]      ; 6.321  ; 6.321  ; 6.321  ; 6.321  ;
; Sab        ; Res[8]      ; 6.315  ; 6.315  ; 6.315  ; 6.315  ;
; Sab        ; Res[9]      ; 6.425  ; 6.425  ; 6.425  ; 6.425  ;
; Sab        ; Res[10]     ; 5.960  ; 5.960  ; 5.960  ; 5.960  ;
; Sab        ; Res[11]     ; 5.863  ; 5.863  ; 5.863  ; 5.863  ;
; Sab        ; Res[12]     ; 6.056  ; 6.056  ; 6.056  ; 6.056  ;
; Sab        ; Res[13]     ; 5.685  ; 5.685  ; 5.685  ; 5.685  ;
; Sab        ; Res[14]     ; 6.596  ; 6.596  ; 6.596  ; 6.596  ;
; Sab        ; Res[15]     ; 6.202  ; 6.202  ; 6.202  ; 6.202  ;
+------------+-------------+--------+--------+--------+--------+


-------------------
; Clock Transfers ;
-------------------
Nothing to report.


---------------
; Report TCCS ;
---------------
No dedicated SERDES Transmitter circuitry present in device or used in design


---------------
; Report RSKM ;
---------------
No dedicated SERDES Receiver circuitry present in device or used in design


+------------------------------------------------+
; Unconstrained Paths                            ;
+---------------------------------+-------+------+
; Property                        ; Setup ; Hold ;
+---------------------------------+-------+------+
; Illegal Clocks                  ; 0     ; 0    ;
; Unconstrained Clocks            ; 0     ; 0    ;
; Unconstrained Input Ports       ; 36    ; 36   ;
; Unconstrained Input Port Paths  ; 336   ; 336  ;
; Unconstrained Output Ports      ; 16    ; 16   ;
; Unconstrained Output Port Paths ; 336   ; 336  ;
+---------------------------------+-------+------+


+------------------------------------+
; TimeQuest Timing Analyzer Messages ;
+------------------------------------+
Info: *******************************************************************
Info: Running Quartus II 64-Bit TimeQuest Timing Analyzer
    Info: Version 13.0.1 Build 232 06/12/2013 Service Pack 1 SJ Web Edition
    Info: Processing started: Fri Jan 02 16:59:48 2026
Info: Command: quartus_sta ALU16 -c ALU16
Info: qsta_default_script.tcl version: #1
Warning (20028): Parallel compilation is not licensed and has been disabled
Info (21077): Low junction temperature is 0 degrees C
Info (21077): High junction temperature is 85 degrees C
Critical Warning (332012): Synopsys Design Constraints File file not found: 'ALU16.sdc'. A Synopsys Design Constraints File is required by the TimeQuest Timing Analyzer to get proper timing constraints. Without it, the Compiler will not properly optimize the design.
Info (332142): No user constrained base clocks found in the design. Calling "derive_clocks -period 1.0"
Info (332096): The command derive_clocks did not find any clocks to derive.  No clocks were created or changed.
Warning (332068): No clocks defined in design.
Info: Found TIMEQUEST_REPORT_SCRIPT_INCLUDE_DEFAULT_ANALYSIS = ON
Info (332159): No clocks to report
Info: Analyzing Slow Model
Info (332140): No fmax paths to report
Info (332140): No Setup paths to report
Info (332140): No Hold paths to report
Info (332140): No Recovery paths to report
Info (332140): No Removal paths to report
Info (332140): No Minimum Pulse Width paths to report
Info (332001): The selected device family is not supported by the report_metastability command.
Info: Analyzing Fast Model
Info (332142): No user constrained base clocks found in the design. Calling "derive_clocks -period 1.0"
Info (332096): The command derive_clocks did not find any clocks to derive.  No clocks were created or changed.
Warning (332068): No clocks defined in design.
Info (332140): No Setup paths to report
Info (332140): No Hold paths to report
Info (332140): No Recovery paths to report
Info (332140): No Removal paths to report
Info (332140): No Minimum Pulse Width paths to report
Info (332001): The selected device family is not supported by the report_metastability command.
Info (332102): Design is not fully constrained for setup requirements
Info (332102): Design is not fully constrained for hold requirements
Info: Quartus II 64-Bit TimeQuest Timing Analyzer was successful. 0 errors, 4 warnings
    Info: Peak virtual memory: 4556 megabytes
    Info: Processing ended: Fri Jan 02 16:59:49 2026
    Info: Elapsed time: 00:00:01
    Info: Total CPU time (on all processors): 00:00:01


